Time,Seed,Model,Value
0,1,control,0.002234
3,1,control,0.002212
6,1,control,0.002222
9,1,control,0.002202
12,1,control,0.002213
15,1,control,0.0022205
18,1,control,0.0021875
21,1,control,0.0022305
24,1,control,0.002218
27,1,control,0.002221
30,1,control,0.0021975
33,1,control,0.0022245
36,1,control,0.002196
39,1,control,0.0022075
42,1,control,0.0021925
45,1,control,0.002203
48,1,control,0.0022105
0,10,control,0.0040345
3,10,control,0.004049
6,10,control,0.003965
9,10,control,0.004026
12,10,control,0.004015
15,10,control,0.004015
18,10,control,0.004038
21,10,control,0.0040425
24,10,control,0.004024
27,10,control,0.004009
30,10,control,0.0040475
33,10,control,0.003989
36,10,control,0.004045
39,10,control,0.0040095
42,10,control,0.00399
45,10,control,0.004033
48,10,control,0.004017
0,100,control,0.0018935
3,100,control,0.0018835
6,100,control,0.001922
9,100,control,0.00188
12,100,control,0.001919
15,100,control,0.0019075
18,100,control,0.001894
21,100,control,0.0019115
24,100,control,0.001892
27,100,control,0.001904
30,100,control,0.001878
33,100,control,0.0019055
36,100,control,0.0019165
39,100,control,0.0019145
42,100,control,0.001913
45,100,control,0.0019145
48,100,control,0.0019145
0,101,control,0.0025185
3,101,control,0.002557
6,101,control,0.0025415
9,101,control,0.00257
12,101,control,0.002585
15,101,control,0.0025315
18,101,control,0.002536
21,101,control,0.0025355
24,101,control,0.0025245
27,101,control,0.002559
30,101,control,0.002538
33,101,control,0.0025285
36,101,control,0.0025665
39,101,control,0.002566
42,101,control,0.0025025
45,101,control,0.002539
48,101,control,0.002526
0,102,control,0.0041625
3,102,control,0.0041445
6,102,control,0.004123
9,102,control,0.004138
12,102,control,0.0041665
15,102,control,0.0041115
18,102,control,0.004133
21,102,control,0.0041405
24,102,control,0.0041915
27,102,control,0.004141
30,102,control,0.004115
33,102,control,0.004134
36,102,control,0.0041195
39,102,control,0.004099
42,102,control,0.0041005
45,102,control,0.004125
48,102,control,0.0041135
0,103,control,0.00335
3,103,control,0.003376
6,103,control,0.0033455
9,103,control,0.003312
12,103,control,0.0033245
15,103,control,0.0033505
18,103,control,0.003349
21,103,control,0.003355
24,103,control,0.0033595
27,103,control,0.00335
30,103,control,0.0033695
33,103,control,0.0033605
36,103,control,0.0033335
39,103,control,0.00332
42,103,control,0.003302
45,103,control,0.003364
48,103,control,0.003353
0,104,control,0.002306
3,104,control,0.002324
6,104,control,0.0023025
9,104,control,0.0023095
12,104,control,0.002334
15,104,control,0.0023215
18,104,control,0.0023085
21,104,control,0.0023125
24,104,control,0.0023165
27,104,control,0.0022945
30,104,control,0.002327
33,104,control,0.0023055
36,104,control,0.0023335
39,104,control,0.002289
42,104,control,0.002326
45,104,control,0.0023035
48,104,control,0.002319
0,105,control,0.002503
3,105,control,0.0025115
6,105,control,0.0025015
9,105,control,0.002497
12,105,control,0.0024805
15,105,control,0.0024995
18,105,control,0.0024735
21,105,control,0.00248
24,105,control,0.0024755
27,105,control,0.0025215
30,105,control,0.002482
33,105,control,0.002501
36,105,control,0.0025195
39,105,control,0.002498
42,105,control,0.0024955
45,105,control,0.002466
48,105,control,0.002473
0,106,control,0.004293
3,106,control,0.004289
6,106,control,0.004282
9,106,control,0.0042865
12,106,control,0.004326
15,106,control,0.004279
18,106,control,0.0043115
21,106,control,0.004296
24,106,control,0.004316
27,106,control,0.0043115
30,106,control,0.0042665
33,106,control,0.004313
36,106,control,0.0043585
39,106,control,0.004272
42,106,control,0.0043085
45,106,control,0.0043255
48,106,control,0.0043255
0,107,control,0.0027095
3,107,control,0.002687
6,107,control,0.002683
9,107,control,0.002688
12,107,control,0.0027005
15,107,control,0.002701
18,107,control,0.0026715
21,107,control,0.002699
24,107,control,0.002663
27,107,control,0.0026905
30,107,control,0.002682
33,107,control,0.0026995
36,107,control,0.00271
39,107,control,0.0027105
42,107,control,0.002658
45,107,control,0.0026935
48,107,control,0.0026775
0,108,control,0.002839
3,108,control,0.0027875
6,108,control,0.002814
9,108,control,0.0028225
12,108,control,0.002821
15,108,control,0.002818
18,108,control,0.0027835
21,108,control,0.002791
24,108,control,0.0028095
27,108,control,0.0028295
30,108,control,0.0028185
33,108,control,0.002813
36,108,control,0.0028515
39,108,control,0.002808
42,108,control,0.002809
45,108,control,0.002798
48,108,control,0.002817
0,109,control,0.0036395
3,109,control,0.0036375
6,109,control,0.0036415
9,109,control,0.0036645
12,109,control,0.0036365
15,109,control,0.0036375
18,109,control,0.003634
21,109,control,0.003672
24,109,control,0.0036465
27,109,control,0.003606
30,109,control,0.003628
33,109,control,0.003695
36,109,control,0.003665
39,109,control,0.003628
42,109,control,0.0036215
45,109,control,0.003645
48,109,control,0.0036735
0,11,control,0.002017
3,11,control,0.0020545
6,11,control,0.0020065
9,11,control,0.0020345
12,11,control,0.002029
15,11,control,0.002047
18,11,control,0.0020145
21,11,control,0.002023
24,11,control,0.0020585
27,11,control,0.002032
30,11,control,0.0020395
33,11,control,0.0020555
36,11,control,0.002049
39,11,control,0.002043
42,11,control,0.0020535
45,11,control,0.002033
48,11,control,0.0020755
0,110,control,0.0018605
3,110,control,0.001888
6,110,control,0.0018345
9,110,control,0.0018515
12,110,control,0.001843
15,110,control,0.0018395
18,110,control,0.001838
21,110,control,0.001862
24,110,control,0.0018705
27,110,control,0.001839
30,110,control,0.0018595
33,110,control,0.001862
36,110,control,0.0018515
39,110,control,0.001843
42,110,control,0.0018305
45,110,control,0.001876
48,110,control,0.0018515
0,111,control,0.001701
3,111,control,0.001668
6,111,control,0.00167
9,111,control,0.0016635
12,111,control,0.0016605
15,111,control,0.001674
18,111,control,0.0016975
21,111,control,0.001695
24,111,control,0.0017025
27,111,control,0.0016885
30,111,control,0.0016905
33,111,control,0.001695
36,111,control,0.0016815
39,111,control,0.001687
42,111,control,0.00167
45,111,control,0.0017
48,111,control,0.0017045
0,112,control,0.001086
3,112,control,0.001066
6,112,control,0.0010675
9,112,control,0.0010765
12,112,control,0.0010465
15,112,control,0.001068
18,112,control,0.001052
21,112,control,0.0010575
24,112,control,0.0010755
27,112,control,0.0010595
30,112,control,0.001065
33,112,control,0.001057
36,112,control,0.001065
39,112,control,0.001065
42,112,control,0.001057
45,112,control,0.0010615
48,112,control,0.001065
0,113,control,0.003739
3,113,control,0.003689
6,113,control,0.0037555
9,113,control,0.003741
12,113,control,0.0037185
15,113,control,0.0037175
18,113,control,0.003653
21,113,control,0.003695
24,113,control,0.003719
27,113,control,0.003721
30,113,control,0.0037155
33,113,control,0.0036715
36,113,control,0.003674
39,113,control,0.0036885
42,113,control,0.0037185
45,113,control,0.00366
48,113,control,0.0036985
0,114,control,0.002924
3,114,control,0.002934
6,114,control,0.0029075
9,114,control,0.0029395
12,114,control,0.002949
15,114,control,0.0029305
18,114,control,0.002918
21,114,control,0.002965
24,114,control,0.002954
27,114,control,0.002951
30,114,control,0.0029435
33,114,control,0.0029295
36,114,control,0.0029385
39,114,control,0.0029345
42,114,control,0.0029665
45,114,control,0.00296
48,114,control,0.002946
0,115,control,0.0041955
3,115,control,0.004148
6,115,control,0.004172
9,115,control,0.0041635
12,115,control,0.004194
15,115,control,0.0041655
18,115,control,0.0042065
21,115,control,0.0041945
24,115,control,0.004199
27,115,control,0.0041735
30,115,control,0.0041515
33,115,control,0.0041755
36,115,control,0.0041865
39,115,control,0.0041785
42,115,control,0.004215
45,115,control,0.0041735
48,115,control,0.004201
0,116,control,0.0026815
3,116,control,0.0026955
6,116,control,0.002707
9,116,control,0.0026815
12,116,control,0.0027125
15,116,control,0.0026715
18,116,control,0.0027045
21,116,control,0.002732
24,116,control,0.002707
27,116,control,0.0026965
30,116,control,0.0026855
33,116,control,0.0027145
36,116,control,0.002702
39,116,control,0.0027015
42,116,control,0.0026975
45,116,control,0.0027185
48,116,control,0.002682
0,117,control,0.005186
3,117,control,0.0052165
6,117,control,0.0052215
9,117,control,0.005237
12,117,control,0.005199
15,117,control,0.0051985
18,117,control,0.0051985
21,117,control,0.0052115
24,117,control,0.00518
27,117,control,0.0052175
30,117,control,0.00522
33,117,control,0.0052475
36,117,control,0.00521
39,117,control,0.005207
42,117,control,0.0052135
45,117,control,0.005198
48,117,control,0.0052255
0,118,control,0.002638
3,118,control,0.0026465
6,118,control,0.00264
9,118,control,0.002657
12,118,control,0.0026645
15,118,control,0.0026475
18,118,control,0.00267
21,118,control,0.0026275
24,118,control,0.0026535
27,118,control,0.0026665
30,118,control,0.0026775
33,118,control,0.002694
36,118,control,0.002709
39,118,control,0.0026655
42,118,control,0.0026775
45,118,control,0.0026845
48,118,control,0.002659
0,119,control,0.003782
3,119,control,0.0037945
6,119,control,0.0037285
9,119,control,0.003777
12,119,control,0.0037785
15,119,control,0.003745
18,119,control,0.0037445
21,119,control,0.003738
24,119,control,0.003807
27,119,control,0.0037495
30,119,control,0.003755
33,119,control,0.0037345
36,119,control,0.0037495
39,119,control,0.003755
42,119,control,0.003752
45,119,control,0.0037085
48,119,control,0.003754
0,12,control,0.002938
3,12,control,0.0029245
6,12,control,0.002892
9,12,control,0.002926
12,12,control,0.0029405
15,12,control,0.002911
18,12,control,0.002894
21,12,control,0.0028865
24,12,control,0.0029225
27,12,control,0.0028905
30,12,control,0.002907
33,12,control,0.002923
36,12,control,0.0029055
39,12,control,0.002907
42,12,control,0.0029595
45,12,control,0.002964
48,12,control,0.0029205
0,120,control,0.0022105
3,120,control,0.0021895
6,120,control,0.002214
9,120,control,0.002192
12,120,control,0.0022155
15,120,control,0.0022115
18,120,control,0.0021835
21,120,control,0.0022145
24,120,control,0.002222
27,120,control,0.002224
30,120,control,0.0022175
33,120,control,0.002196
36,120,control,0.002201
39,120,control,0.0021705
42,120,control,0.0021905
45,120,control,0.002196
48,120,control,0.0021935
0,121,control,0.0028935
3,121,control,0.00291
6,121,control,0.0029025
9,121,control,0.002908
12,121,control,0.0029325
15,121,control,0.0028835
18,121,control,0.002924
21,121,control,0.002896
24,121,control,0.0029085
27,121,control,0.002879
30,121,control,0.0029025
33,121,control,0.0028945
36,121,control,0.0029125
39,121,control,0.002867
42,121,control,0.00293
45,121,control,0.002899
48,121,control,0.0029135
0,122,control,0.002814
3,122,control,0.0027965
6,122,control,0.0027815
9,122,control,0.0028385
12,122,control,0.0027885
15,122,control,0.0027945
18,122,control,0.0028355
21,122,control,0.002835
24,122,control,0.002826
27,122,control,0.002799
30,122,control,0.0028145
33,122,control,0.002823
36,122,control,0.0028145
39,122,control,0.0028195
42,122,control,0.0028165
45,122,control,0.002796
48,122,control,0.002837
0,123,control,0.0028155
3,123,control,0.0027815
6,123,control,0.002805
9,123,control,0.002799
12,123,control,0.0028155
15,123,control,0.002832
18,123,control,0.002801
21,123,control,0.0028175
24,123,control,0.0028025
27,123,control,0.002812
30,123,control,0.0028
33,123,control,0.002796
36,123,control,0.002817
39,123,control,0.0027855
42,123,control,0.0028085
45,123,control,0.0027985
48,123,control,0.002795
0,124,control,0.0042495
3,124,control,0.0042025
6,124,control,0.004237
9,124,control,0.0042105
12,124,control,0.00423
15,124,control,0.004188
18,124,control,0.004221
21,124,control,0.0041945
24,124,control,0.004206
27,124,control,0.0041965
30,124,control,0.004205
33,124,control,0.0042095
36,124,control,0.0042205
39,124,control,0.004187
42,124,control,0.0042125
45,124,control,0.0042265
48,124,control,0.0042045
0,125,control,0.002637
3,125,control,0.002621
6,125,control,0.002622
9,125,control,0.0026485
12,125,control,0.0026635
15,125,control,0.0026195
18,125,control,0.002609
21,125,control,0.002635
24,125,control,0.002659
27,125,control,0.0026135
30,125,control,0.002641
33,125,control,0.0026445
36,125,control,0.00263
39,125,control,0.0026355
42,125,control,0.002623
45,125,control,0.002612
48,125,control,0.0026625
0,126,control,0.0028645
3,126,control,0.002843
6,126,control,0.002845
9,126,control,0.0028285
12,126,control,0.0028655
15,126,control,0.002846
18,126,control,0.0028375
21,126,control,0.0028195
24,126,control,0.0028565
27,126,control,0.002807
30,126,control,0.002841
33,126,control,0.0028485
36,126,control,0.0028245
39,126,control,0.0028435
42,126,control,0.002841
45,126,control,0.0028255
48,126,control,0.002853
0,127,control,0.0033035
3,127,control,0.0032695
6,127,control,0.0033275
9,127,control,0.0033155
12,127,control,0.0033025
15,127,control,0.0033255
18,127,control,0.0032995
21,127,control,0.0032975
24,127,control,0.0032565
27,127,control,0.003303
30,127,control,0.0032975
33,127,control,0.0033015
36,127,control,0.0033155
39,127,control,0.0032875
42,127,control,0.003319
45,127,control,0.003308
48,127,control,0.003356
0,128,control,0.0015915
3,128,control,0.0015995
6,128,control,0.001606
9,128,control,0.001581
12,128,control,0.0016225
15,128,control,0.0015935
18,128,control,0.001577
21,128,control,0.001602
24,128,control,0.001623
27,128,control,0.001595
30,128,control,0.001609
33,128,control,0.001629
36,128,control,0.001613
39,128,control,0.001612
42,128,control,0.0016105
45,128,control,0.001607
48,128,control,0.001613
0,129,control,0.001744
3,129,control,0.001732
6,129,control,0.001744
9,129,control,0.0017725
12,129,control,0.001781
15,129,control,0.001713
18,129,control,0.001728
21,129,control,0.0017285
24,129,control,0.0017355
27,129,control,0.001744
30,129,control,0.001739
33,129,control,0.001715
36,129,control,0.0017445
39,129,control,0.001743
42,129,control,0.00172
45,129,control,0.0017325
48,129,control,0.0017515
0,13,control,0.0024745
3,13,control,0.002488
6,13,control,0.002492
9,13,control,0.002483
12,13,control,0.0024855
15,13,control,0.0024995
18,13,control,0.0024755
21,13,control,0.0024655
24,13,control,0.002496
27,13,control,0.0024755
30,13,control,0.0024905
33,13,control,0.002458
36,13,control,0.002485
39,13,control,0.0024685
42,13,control,0.0024675
45,13,control,0.0024795
48,13,control,0.00246
0,130,control,0.0027055
3,130,control,0.002694
6,130,control,0.0026815
9,130,control,0.0026715
12,130,control,0.0027095
15,130,control,0.002674
18,130,control,0.002704
21,130,control,0.002711
24,130,control,0.002694
27,130,control,0.0026945
30,130,control,0.0026695
33,130,control,0.002665
36,130,control,0.0026625
39,130,control,0.0026665
42,130,control,0.002676
45,130,control,0.00266
48,130,control,0.0026845
0,131,control,0.0045535
3,131,control,0.0045675
6,131,control,0.004591
9,131,control,0.004569
12,131,control,0.004601
15,131,control,0.0045715
18,131,control,0.0045775
21,131,control,0.004533
24,131,control,0.0045805
27,131,control,0.004563
30,131,control,0.004568
33,131,control,0.004617
36,131,control,0.004556
39,131,control,0.0045705
42,131,control,0.0046015
45,131,control,0.0045755
48,131,control,0.0045685
0,132,control,0.0031285
3,132,control,0.0031105
6,132,control,0.0031295
9,132,control,0.003095
12,132,control,0.0031145
15,132,control,0.003114
18,132,control,0.0030955
21,132,control,0.0030815
24,132,control,0.0030785
27,132,control,0.0031515
30,132,control,0.003093
33,132,control,0.003124
36,132,control,0.003184
39,132,control,0.003123
42,132,control,0.0031175
45,132,control,0.003105
48,132,control,0.0031335
0,133,control,0.0025255
3,133,control,0.0025245
6,133,control,0.002535
9,133,control,0.0025545
12,133,control,0.002537
15,133,control,0.0025285
18,133,control,0.0025505
21,133,control,0.0025645
24,133,control,0.002544
27,133,control,0.002515
30,133,control,0.0025405
33,133,control,0.002539
36,133,control,0.0025235
39,133,control,0.00256
42,133,control,0.0025435
45,133,control,0.002538
48,133,control,0.0025545
0,134,control,0.0023025
3,134,control,0.00226
6,134,control,0.00228
9,134,control,0.0022805
12,134,control,0.0022465
15,134,control,0.0022645
18,134,control,0.002282
21,134,control,0.0022775
24,134,control,0.002273
27,134,control,0.002254
30,134,control,0.0022675
33,134,control,0.0022835
36,134,control,0.0022845
39,134,control,0.0022935
42,134,control,0.002283
45,134,control,0.002274
48,134,control,0.002259
0,135,control,0.001748
3,135,control,0.0017235
6,135,control,0.0017025
9,135,control,0.0017215
12,135,control,0.001701
15,135,control,0.0017125
18,135,control,0.0017185
21,135,control,0.00173
24,135,control,0.0017255
27,135,control,0.00171
30,135,control,0.001709
33,135,control,0.001707
36,135,control,0.001704
39,135,control,0.0016945
42,135,control,0.001709
45,135,control,0.0016985
48,135,control,0.001722
0,136,control,0.002932
3,136,control,0.002888
6,136,control,0.0028785
9,136,control,0.0029035
12,136,control,0.0028945
15,136,control,0.002906
18,136,control,0.002934
21,136,control,0.002902
24,136,control,0.0028915
27,136,control,0.002897
30,136,control,0.002907
33,136,control,0.002885
36,136,control,0.0029
39,136,control,0.002866
42,136,control,0.0028585
45,136,control,0.0028925
48,136,control,0.0028725
0,137,control,0.002889
3,137,control,0.002892
6,137,control,0.0028665
9,137,control,0.0029065
12,137,control,0.002921
15,137,control,0.00288
18,137,control,0.00289
21,137,control,0.0029115
24,137,control,0.0028765
27,137,control,0.0029035
30,137,control,0.002883
33,137,control,0.002888
36,137,control,0.0028725
39,137,control,0.0028745
42,137,control,0.002856
45,137,control,0.002873
48,137,control,0.002896
0,138,control,0.0029685
3,138,control,0.0030065
6,138,control,0.0029615
9,138,control,0.0029925
12,138,control,0.002978
15,138,control,0.002994
18,138,control,0.0029755
21,138,control,0.002986
24,138,control,0.0029805
27,138,control,0.0030105
30,138,control,0.0029615
33,138,control,0.00297
36,138,control,0.0029565
39,138,control,0.002974
42,138,control,0.0029985
45,138,control,0.0030045
48,138,control,0.003
0,139,control,0.0031085
3,139,control,0.0031
6,139,control,0.003131
9,139,control,0.003153
12,139,control,0.003126
15,139,control,0.0031295
18,139,control,0.0031025
21,139,control,0.0030985
24,139,control,0.00311
27,139,control,0.0031415
30,139,control,0.003101
33,139,control,0.003128
36,139,control,0.003168
39,139,control,0.003109
42,139,control,0.003127
45,139,control,0.0031365
48,139,control,0.0031265
0,14,control,0.0020055
3,14,control,0.001992
6,14,control,0.002006
9,14,control,0.001985
12,14,control,0.001991
15,14,control,0.001982
18,14,control,0.00198
21,14,control,0.0019905
24,14,control,0.0019845
27,14,control,0.0019875
30,14,control,0.002001
33,14,control,0.001989
36,14,control,0.0019875
39,14,control,0.0019585
42,14,control,0.0019685
45,14,control,0.00198
48,14,control,0.001978
0,140,control,0.002065
3,140,control,0.002056
6,140,control,0.002068
9,140,control,0.0020865
12,140,control,0.0020505
15,140,control,0.0020425
18,140,control,0.0020585
21,140,control,0.0020455
24,140,control,0.0020585
27,140,control,0.0020565
30,140,control,0.0020605
33,140,control,0.0020765
36,140,control,0.0020825
39,140,control,0.002056
42,140,control,0.002054
45,140,control,0.0020595
48,140,control,0.002054
0,141,control,0.0026605
3,141,control,0.002647
6,141,control,0.0026675
9,141,control,0.0026635
12,141,control,0.0026605
15,141,control,0.002669
18,141,control,0.0026695
21,141,control,0.002649
24,141,control,0.002687
27,141,control,0.0026755
30,141,control,0.002648
33,141,control,0.002683
36,141,control,0.002682
39,141,control,0.002696
42,141,control,0.0026635
45,141,control,0.002678
48,141,control,0.002675
0,142,control,0.0019745
3,142,control,0.0019675
6,142,control,0.0019425
9,142,control,0.0019515
12,142,control,0.0019885
15,142,control,0.001986
18,142,control,0.001942
21,142,control,0.0019525
24,142,control,0.0019555
27,142,control,0.0019435
30,142,control,0.001968
33,142,control,0.0019735
36,142,control,0.0019765
39,142,control,0.001965
42,142,control,0.001965
45,142,control,0.001944
48,142,control,0.0019505
0,143,control,0.0040195
3,143,control,0.0039765
6,143,control,0.004021
9,143,control,0.0040165
12,143,control,0.00398
15,143,control,0.003989
18,143,control,0.0039895
21,143,control,0.003981
24,143,control,0.0040285
27,143,control,0.003979
30,143,control,0.003983
33,143,control,0.004013
36,143,control,0.004025
39,143,control,0.0040395
42,143,control,0.003985
45,143,control,0.004043
48,143,control,0.0040055
0,144,control,0.003571
3,144,control,0.003548
6,144,control,0.00359
9,144,control,0.0035865
12,144,control,0.003608
15,144,control,0.0035665
18,144,control,0.0035805
21,144,control,0.0035515
24,144,control,0.003609
27,144,control,0.003553
30,144,control,0.0035435
33,144,control,0.00358
36,144,control,0.00357
39,144,control,0.003548
42,144,control,0.003565
45,144,control,0.0035565
48,144,control,0.0036
0,145,control,0.003404
3,145,control,0.003413
6,145,control,0.003433
9,145,control,0.003407
12,145,control,0.0034085
15,145,control,0.0034085
18,145,control,0.003408
21,145,control,0.00338
24,145,control,0.003423
27,145,control,0.0034295
30,145,control,0.003419
33,145,control,0.0033855
36,145,control,0.003398
39,145,control,0.0034315
42,145,control,0.00344
45,145,control,0.003371
48,145,control,0.003433
0,146,control,0.002948
3,146,control,0.0029445
6,146,control,0.002931
9,146,control,0.002931
12,146,control,0.002954
15,146,control,0.0029405
18,146,control,0.0029815
21,146,control,0.002928
24,146,control,0.00295
27,146,control,0.0029465
30,146,control,0.002935
33,146,control,0.002933
36,146,control,0.0029315
39,146,control,0.002946
42,146,control,0.002938
45,146,control,0.002934
48,146,control,0.00294
0,147,control,0.00175
3,147,control,0.0017145
6,147,control,0.0017475
9,147,control,0.001732
12,147,control,0.001745
15,147,control,0.001742
18,147,control,0.001731
21,147,control,0.0017315
24,147,control,0.0017515
27,147,control,0.0017365
30,147,control,0.0017195000000000001
33,147,control,0.001747
36,147,control,0.0017265
39,147,control,0.001747
42,147,control,0.00173
45,147,control,0.001736
48,147,control,0.001737
0,148,control,0.0025795
3,148,control,0.0025615
6,148,control,0.0025325
9,148,control,0.0025345
12,148,control,0.0025415
15,148,control,0.002524
18,148,control,0.002533
21,148,control,0.0025485
24,148,control,0.0025495
27,148,control,0.002521
30,148,control,0.0024955
33,148,control,0.0025405
36,148,control,0.002525
39,148,control,0.0025205
42,148,control,0.002534
45,148,control,0.002528
48,148,control,0.0025245
0,149,control,0.0026745
3,149,control,0.002641
6,149,control,0.0026395
9,149,control,0.0026695
12,149,control,0.0026505
15,149,control,0.0026145
18,149,control,0.002661
21,149,control,0.0026735
24,149,control,0.0026485
27,149,control,0.002668
30,149,control,0.0026825
33,149,control,0.0026645
36,149,control,0.0026625
39,149,control,0.0026725
42,149,control,0.002628
45,149,control,0.00266
48,149,control,0.0026655
0,15,control,0.0018595
3,15,control,0.0018725
6,15,control,0.0018425
9,15,control,0.0018425
12,15,control,0.001841
15,15,control,0.001854
18,15,control,0.001864
21,15,control,0.001821
24,15,control,0.0018525
27,15,control,0.0018255
30,15,control,0.001816
33,15,control,0.001838
36,15,control,0.0018335
39,15,control,0.00182
42,15,control,0.001828
45,15,control,0.001848
48,15,control,0.001813
0,150,control,0.0018505
3,150,control,0.0018285
6,150,control,0.0018225
9,150,control,0.001824
12,150,control,0.0018495
15,150,control,0.0018265
18,150,control,0.001839
21,150,control,0.001816
24,150,control,0.0018585
27,150,control,0.0018635
30,150,control,0.0018135
33,150,control,0.001826
36,150,control,0.001846
39,150,control,0.001869
42,150,control,0.0018175
45,150,control,0.001846
48,150,control,0.0018365
0,151,control,0.0018165
3,151,control,0.0018155
6,151,control,0.0017985
9,151,control,0.0018185
12,151,control,0.0017955
15,151,control,0.001831
18,151,control,0.0017985
21,151,control,0.0018295
24,151,control,0.0018315
27,151,control,0.001852
30,151,control,0.0018265
33,151,control,0.0018365
36,151,control,0.001845
39,151,control,0.001808
42,151,control,0.0018085
45,151,control,0.0018425
48,151,control,0.0018245
0,152,control,0.0022305
3,152,control,0.002239
6,152,control,0.002249
9,152,control,0.002245
12,152,control,0.002283
15,152,control,0.0022285
18,152,control,0.002228
21,152,control,0.002265
24,152,control,0.0022425
27,152,control,0.002227
30,152,control,0.0022365
33,152,control,0.002248
36,152,control,0.0022455
39,152,control,0.002257
42,152,control,0.0022145
45,152,control,0.002239
48,152,control,0.0022435
0,153,control,0.00616
3,153,control,0.006199
6,153,control,0.006191
9,153,control,0.006227
12,153,control,0.00616
15,153,control,0.006199
18,153,control,0.0062355
21,153,control,0.0062215
24,153,control,0.006194
27,153,control,0.0062555
30,153,control,0.0061735
33,153,control,0.0062215
36,153,control,0.006216
39,153,control,0.0061735
42,153,control,0.0061925
45,153,control,0.006229
48,153,control,0.006271
0,154,control,0.002081
3,154,control,0.002077
6,154,control,0.002066
9,154,control,0.0020585
12,154,control,0.002073
15,154,control,0.0020655
18,154,control,0.002058
21,154,control,0.0020830000000000002
24,154,control,0.0020525
27,154,control,0.0020855
30,154,control,0.0020835
33,154,control,0.002057
36,154,control,0.002103
39,154,control,0.0020735
42,154,control,0.002092
45,154,control,0.002086
48,154,control,0.0020695
0,155,control,0.002593
3,155,control,0.002614
6,155,control,0.0026035
9,155,control,0.002608
12,155,control,0.0026205
15,155,control,0.00262
18,155,control,0.00259
21,155,control,0.002612
24,155,control,0.0026
27,155,control,0.0025795
30,155,control,0.0026265
33,155,control,0.002617
36,155,control,0.002611
39,155,control,0.0026365
42,155,control,0.002583
45,155,control,0.002581
48,155,control,0.00259
0,156,control,0.0031425
3,156,control,0.003131
6,156,control,0.0031255
9,156,control,0.003139
12,156,control,0.003145
15,156,control,0.0031475
18,156,control,0.0030895
21,156,control,0.0031295
24,156,control,0.0031515
27,156,control,0.003112
30,156,control,0.0031385
33,156,control,0.0031205
36,156,control,0.003172
39,156,control,0.0031825
42,156,control,0.0031805
45,156,control,0.0031175
48,156,control,0.003163
0,157,control,0.0029795
3,157,control,0.002962
6,157,control,0.002964
9,157,control,0.0029695
12,157,control,0.002961
15,157,control,0.0029545
18,157,control,0.0029425
21,157,control,0.0029595
24,157,control,0.0029595
27,157,control,0.002952
30,157,control,0.002967
33,157,control,0.0029745
36,157,control,0.003
39,157,control,0.0029845
42,157,control,0.0029575
45,157,control,0.0029405
48,157,control,0.00295
0,158,control,0.001837
3,158,control,0.001812
6,158,control,0.0018095
9,158,control,0.0017935
12,158,control,0.00182
15,158,control,0.001805
18,158,control,0.0017995
21,158,control,0.001814
24,158,control,0.0018095
27,158,control,0.0018255
30,158,control,0.0018105
33,158,control,0.0018315
36,158,control,0.001831
39,158,control,0.001811
42,158,control,0.001808
45,158,control,0.001818
48,158,control,0.0017985
0,159,control,0.0031615
3,159,control,0.003169
6,159,control,0.003173
9,159,control,0.003175
12,159,control,0.003165
15,159,control,0.0031485
18,159,control,0.0031355
21,159,control,0.0031395
24,159,control,0.0031705
27,159,control,0.0031475
30,159,control,0.0031525
33,159,control,0.003183
36,159,control,0.0031445
39,159,control,0.0031665
42,159,control,0.0031495
45,159,control,0.0031515
48,159,control,0.00313
0,16,control,0.002858
3,16,control,0.002879
6,16,control,0.0028685
9,16,control,0.0028545
12,16,control,0.0029025
15,16,control,0.002903
18,16,control,0.002847
21,16,control,0.0028615
24,16,control,0.002882
27,16,control,0.00289
30,16,control,0.0028465
33,16,control,0.0028435
36,16,control,0.0028835
39,16,control,0.0028625
42,16,control,0.0028925
45,16,control,0.002891
48,16,control,0.002845
0,160,control,0.002907
3,160,control,0.0028825
6,160,control,0.002903
9,160,control,0.0029235
12,160,control,0.0029135
15,160,control,0.0029425
18,160,control,0.002893
21,160,control,0.002892
24,160,control,0.002881
27,160,control,0.002912
30,160,control,0.002901
33,160,control,0.0028885
36,160,control,0.002897
39,160,control,0.002927
42,160,control,0.002916
45,160,control,0.0028835
48,160,control,0.0029035
0,161,control,0.0046355
3,161,control,0.0046495
6,161,control,0.0045905
9,161,control,0.004616
12,161,control,0.004618
15,161,control,0.004635
18,161,control,0.0046465
21,161,control,0.004642
24,161,control,0.0046315
27,161,control,0.0045935
30,161,control,0.0046
33,161,control,0.0046265
36,161,control,0.0046605
39,161,control,0.004655
42,161,control,0.004634
45,161,control,0.004634
48,161,control,0.004568
0,162,control,0.003242
3,162,control,0.003216
6,162,control,0.0032365
9,162,control,0.0032185
12,162,control,0.0032235
15,162,control,0.003262
18,162,control,0.003209
21,162,control,0.0032205
24,162,control,0.0032025
27,162,control,0.0032045
30,162,control,0.003229
33,162,control,0.003195
36,162,control,0.003233
39,162,control,0.0032475
42,162,control,0.0032345
45,162,control,0.0032595
48,162,control,0.0031905
0,163,control,0.004488
3,163,control,0.004426
6,163,control,0.004448
9,163,control,0.004474
12,163,control,0.0044445
15,163,control,0.004472
18,163,control,0.0044695
21,163,control,0.004475
24,163,control,0.0045145
27,163,control,0.004464
30,163,control,0.004515
33,163,control,0.0044785
36,163,control,0.0044825
39,163,control,0.0045005
42,163,control,0.0044775
45,163,control,0.004533
48,163,control,0.0044775
0,164,control,0.0012665
3,164,control,0.0013055
6,164,control,0.0012955
9,164,control,0.001277
12,164,control,0.0012855
15,164,control,0.001285
18,164,control,0.001292
21,164,control,0.0012635
24,164,control,0.001289
27,164,control,0.0012765
30,164,control,0.0012565
33,164,control,0.0013
36,164,control,0.001275
39,164,control,0.0012915
42,164,control,0.00128
45,164,control,0.001289
48,164,control,0.001286
0,165,control,0.002936
3,165,control,0.0029145
6,165,control,0.002921
9,165,control,0.002917
12,165,control,0.002939
15,165,control,0.0029115
18,165,control,0.00292
21,165,control,0.002911
24,165,control,0.00291
27,165,control,0.002916
30,165,control,0.0029145
33,165,control,0.0029035
36,165,control,0.002927
39,165,control,0.0029085
42,165,control,0.002866
45,165,control,0.002905
48,165,control,0.002916
0,166,control,0.004057
3,166,control,0.0040465
6,166,control,0.0040095
9,166,control,0.004014
12,166,control,0.003985
15,166,control,0.0040225
18,166,control,0.004071
21,166,control,0.0040545
24,166,control,0.0040285
27,166,control,0.0040035
30,166,control,0.0039705
33,166,control,0.0040125
36,166,control,0.004016
39,166,control,0.0040235
42,166,control,0.004034
45,166,control,0.0040215
48,166,control,0.004023
0,167,control,0.002858
3,167,control,0.0028535
6,167,control,0.002866
9,167,control,0.002869
12,167,control,0.0028769999999999998
15,167,control,0.0028695
18,167,control,0.002871
21,167,control,0.0028485
24,167,control,0.002863
27,167,control,0.0028725
30,167,control,0.002837
33,167,control,0.0028915
36,167,control,0.002845
39,167,control,0.002872
42,167,control,0.0028805
45,167,control,0.0028795
48,167,control,0.0028475
0,168,control,0.002888
3,168,control,0.0028695
6,168,control,0.0028535
9,168,control,0.002898
12,168,control,0.00294
15,168,control,0.002907
18,168,control,0.002873
21,168,control,0.0028875
24,168,control,0.0028905
27,168,control,0.0028885
30,168,control,0.002899
33,168,control,0.002901
36,168,control,0.0029305
39,168,control,0.002906
42,168,control,0.002889
45,168,control,0.0029
48,168,control,0.0028795
0,169,control,0.0020795
3,169,control,0.0020695
6,169,control,0.0020735
9,169,control,0.002073
12,169,control,0.0020725
15,169,control,0.00209
18,169,control,0.002071
21,169,control,0.0020455
24,169,control,0.0020615
27,169,control,0.002075
30,169,control,0.002066
33,169,control,0.002057
36,169,control,0.002055
39,169,control,0.002061
42,169,control,0.002076
45,169,control,0.002068
48,169,control,0.002094
0,17,control,0.002608
3,17,control,0.0026455
6,17,control,0.002608
9,17,control,0.002646
12,17,control,0.0026325
15,17,control,0.0026195
18,17,control,0.002621
21,17,control,0.002617
24,17,control,0.002624
27,17,control,0.002612
30,17,control,0.002636
33,17,control,0.0026055
36,17,control,0.0026055
39,17,control,0.002607
42,17,control,0.002652
45,17,control,0.002642
48,17,control,0.002607
0,170,control,0.0034505
3,170,control,0.003418
6,170,control,0.0034005
9,170,control,0.003468
12,170,control,0.0034415
15,170,control,0.003423
18,170,control,0.003461
21,170,control,0.003445
24,170,control,0.003459
27,170,control,0.0034495
30,170,control,0.003424
33,170,control,0.0034235
36,170,control,0.003423
39,170,control,0.003437
42,170,control,0.003418
45,170,control,0.0033995
48,170,control,0.003433
0,171,control,0.002786
3,171,control,0.002781
6,171,control,0.0028
9,171,control,0.0027615
12,171,control,0.0027755
15,171,control,0.002775
18,171,control,0.0027895
21,171,control,0.0028255
24,171,control,0.0028445
27,171,control,0.0027845
30,171,control,0.0027955
33,171,control,0.002791
36,171,control,0.002786
39,171,control,0.002772
42,171,control,0.0027735
45,171,control,0.0028105
48,171,control,0.002806
0,172,control,0.001608
3,172,control,0.001588
6,172,control,0.001602
9,172,control,0.001591
12,172,control,0.001605
15,172,control,0.0015875
18,172,control,0.001586
21,172,control,0.0016045
24,172,control,0.001613
27,172,control,0.001581
30,172,control,0.001589
33,172,control,0.001584
36,172,control,0.0015865
39,172,control,0.001586
42,172,control,0.001577
45,172,control,0.0015755
48,172,control,0.0016075
0,173,control,0.002325
3,173,control,0.002306
6,173,control,0.0023455
9,173,control,0.0023045
12,173,control,0.002331
15,173,control,0.002297
18,173,control,0.0022985
21,173,control,0.0023085
24,173,control,0.0023385
27,173,control,0.002326
30,173,control,0.002335
33,173,control,0.0023055
36,173,control,0.00232
39,173,control,0.0022855
42,173,control,0.002323
45,173,control,0.00233
48,173,control,0.0023435
0,174,control,0.002569
3,174,control,0.0025525
6,174,control,0.0025585
9,174,control,0.0025465
12,174,control,0.0025635
15,174,control,0.002525
18,174,control,0.002563
21,174,control,0.0025405
24,174,control,0.00256
27,174,control,0.0025585
30,174,control,0.002564
33,174,control,0.002543
36,174,control,0.002567
39,174,control,0.0025645
42,174,control,0.0025605
45,174,control,0.0025805
48,174,control,0.002527
0,175,control,0.0024025
3,175,control,0.002376
6,175,control,0.002406
9,175,control,0.002426
12,175,control,0.0024505
15,175,control,0.002388
18,175,control,0.0023745
21,175,control,0.0023975
24,175,control,0.0024135
27,175,control,0.0024115
30,175,control,0.0024035
33,175,control,0.00241
36,175,control,0.0023885
39,175,control,0.002372
42,175,control,0.002402
45,175,control,0.0024295
48,175,control,0.0024025
0,176,control,0.004577
3,176,control,0.004571
6,176,control,0.00454
9,176,control,0.0045555
12,176,control,0.004581
15,176,control,0.0045435
18,176,control,0.0045355
21,176,control,0.004578
24,176,control,0.004584
27,176,control,0.004572
30,176,control,0.004591
33,176,control,0.004605
36,176,control,0.004635
39,176,control,0.0045235
42,176,control,0.0046075
45,176,control,0.00459
48,176,control,0.0045845
0,177,control,0.003061
3,177,control,0.0030625
6,177,control,0.003084
9,177,control,0.003073
12,177,control,0.0030685
15,177,control,0.003079
18,177,control,0.0030175000000000002
21,177,control,0.003074
24,177,control,0.0030525
27,177,control,0.003047
30,177,control,0.0030325
33,177,control,0.0030505
36,177,control,0.003045
39,177,control,0.0030115
42,177,control,0.0030515
45,177,control,0.003048
48,177,control,0.003058
0,178,control,0.0027715
3,178,control,0.0027675
6,178,control,0.002795
9,178,control,0.0028025
12,178,control,0.002798
15,178,control,0.0027935
18,178,control,0.002799
21,178,control,0.0027985
24,178,control,0.002773
27,178,control,0.0027715
30,178,control,0.00277
33,178,control,0.0027835
36,178,control,0.0027855
39,178,control,0.002786
42,178,control,0.0027665
45,178,control,0.002795
48,178,control,0.002781
0,179,control,0.0028425
3,179,control,0.002811
6,179,control,0.002848
9,179,control,0.002859
12,179,control,0.0028605
15,179,control,0.002864
18,179,control,0.0028695
21,179,control,0.002878
24,179,control,0.0028475
27,179,control,0.0028525
30,179,control,0.0028685
33,179,control,0.0028745
36,179,control,0.0028555
39,179,control,0.002882
42,179,control,0.0028235
45,179,control,0.002869
48,179,control,0.002837
0,18,control,0.0022085
3,18,control,0.00217
6,18,control,0.002188
9,18,control,0.002174
12,18,control,0.0021465
15,18,control,0.002186
18,18,control,0.002185
21,18,control,0.0021615
24,18,control,0.00216
27,18,control,0.002159
30,18,control,0.002154
33,18,control,0.002183
36,18,control,0.0022015
39,18,control,0.002171
42,18,control,0.0021915
45,18,control,0.002195
48,18,control,0.0021845
0,180,control,0.0024725
3,180,control,0.0024615
6,180,control,0.0024685
9,180,control,0.002453
12,180,control,0.0024585
15,180,control,0.002455
18,180,control,0.002474
21,180,control,0.002481
24,180,control,0.002464
27,180,control,0.00243
30,180,control,0.0024805
33,180,control,0.002423
36,180,control,0.0024565
39,180,control,0.0024655
42,180,control,0.0024335
45,180,control,0.0024585
48,180,control,0.0024595
0,181,control,0.0043315
3,181,control,0.0043075
6,181,control,0.004273
9,181,control,0.0043255
12,181,control,0.0042945
15,181,control,0.00432
18,181,control,0.004281
21,181,control,0.0043215
24,181,control,0.0043005
27,181,control,0.0042995
30,181,control,0.0042795
33,181,control,0.00431
36,181,control,0.004273
39,181,control,0.004309
42,181,control,0.004287
45,181,control,0.004271
48,181,control,0.0042755
0,182,control,0.004309
3,182,control,0.004372
6,182,control,0.004282
9,182,control,0.0043125
12,182,control,0.004304
15,182,control,0.004266
18,182,control,0.004329
21,182,control,0.004296
24,182,control,0.0043105
27,182,control,0.004314
30,182,control,0.00432
33,182,control,0.004312
36,182,control,0.0042985
39,182,control,0.0043095
42,182,control,0.004297
45,182,control,0.004299
48,182,control,0.0043105
0,183,control,0.004236
3,183,control,0.0042525
6,183,control,0.0042405
9,183,control,0.004276
12,183,control,0.0042455
15,183,control,0.00424
18,183,control,0.004241
21,183,control,0.0042145
24,183,control,0.004279
27,183,control,0.0042605
30,183,control,0.004247
33,183,control,0.0042385
36,183,control,0.004294
39,183,control,0.0042325
42,183,control,0.0042305
45,183,control,0.0042695
48,183,control,0.004278
0,184,control,0.002411
3,184,control,0.002398
6,184,control,0.0023835
9,184,control,0.002403
12,184,control,0.002376
15,184,control,0.0023845
18,184,control,0.0023665
21,184,control,0.002391
24,184,control,0.0024255
27,184,control,0.002395
30,184,control,0.002444
33,184,control,0.0024205
36,184,control,0.0024
39,184,control,0.002412
42,184,control,0.002419
45,184,control,0.002395
48,184,control,0.002394
0,185,control,0.0027685
3,185,control,0.0027685
6,185,control,0.0027635
9,185,control,0.002791
12,185,control,0.002772
15,185,control,0.0027885
18,185,control,0.002743
21,185,control,0.002768
24,185,control,0.002792
27,185,control,0.0027775
30,185,control,0.0027765
33,185,control,0.0027495
36,185,control,0.0027915
39,185,control,0.002785
42,185,control,0.0028105
45,185,control,0.0027925
48,185,control,0.002775
0,186,control,0.0034755
3,186,control,0.0034495
6,186,control,0.0034695
9,186,control,0.003433
12,186,control,0.0034745
15,186,control,0.0034755
18,186,control,0.0034965
21,186,control,0.003472
24,186,control,0.003509
27,186,control,0.003464
30,186,control,0.0034525
33,186,control,0.0034795
36,186,control,0.0034775
39,186,control,0.003494
42,186,control,0.003406
45,186,control,0.0034905
48,186,control,0.003466
0,187,control,0.002488
3,187,control,0.002482
6,187,control,0.0024855
9,187,control,0.002478
12,187,control,0.002461
15,187,control,0.002484
18,187,control,0.002471
21,187,control,0.002494
24,187,control,0.0024875
27,187,control,0.0024825
30,187,control,0.0024675
33,187,control,0.002476
36,187,control,0.002466
39,187,control,0.0024865
42,187,control,0.002471
45,187,control,0.0024345
48,187,control,0.0024715
0,188,control,0.003177
3,188,control,0.0031615
6,188,control,0.0031575
9,188,control,0.003148
12,188,control,0.003162
15,188,control,0.0031580000000000002
18,188,control,0.0031815
21,188,control,0.0031205
24,188,control,0.0031395
27,188,control,0.0031645
30,188,control,0.0031305
33,188,control,0.0031285
36,188,control,0.003152
39,188,control,0.003116
42,188,control,0.0031415
45,188,control,0.00317
48,188,control,0.003134
0,189,control,0.001862
3,189,control,0.0018285
6,189,control,0.0018315
9,189,control,0.0018445
12,189,control,0.001862
15,189,control,0.001838
18,189,control,0.0018555
21,189,control,0.001837
24,189,control,0.0018455
27,189,control,0.0018255
30,189,control,0.001844
33,189,control,0.0018265
36,189,control,0.0018465
39,189,control,0.001848
42,189,control,0.0018465
45,189,control,0.001843
48,189,control,0.001863
0,19,control,0.002839
3,19,control,0.002829
6,19,control,0.002812
9,19,control,0.0028045
12,19,control,0.002832
15,19,control,0.0028175
18,19,control,0.0028095
21,19,control,0.0027875
24,19,control,0.0028135
27,19,control,0.0028025
30,19,control,0.0028225
33,19,control,0.002845
36,19,control,0.0027935
39,19,control,0.0028345
42,19,control,0.00279
45,19,control,0.00282
48,19,control,0.002799
0,190,control,0.0025345
3,190,control,0.002517
6,190,control,0.002522
9,190,control,0.0025675
12,190,control,0.002519
15,190,control,0.00253
18,190,control,0.0025255
21,190,control,0.002529
24,190,control,0.002534
27,190,control,0.0025275
30,190,control,0.002495
33,190,control,0.0025115
36,190,control,0.0025145
39,190,control,0.0025335
42,190,control,0.0025645
45,190,control,0.0025445
48,190,control,0.002534
0,191,control,0.0035195
3,191,control,0.003483
6,191,control,0.003462
9,191,control,0.0034795
12,191,control,0.003505
15,191,control,0.003479
18,191,control,0.0034985
21,191,control,0.0034665
24,191,control,0.0034785
27,191,control,0.003433
30,191,control,0.0034655
33,191,control,0.0034755
36,191,control,0.003497
39,191,control,0.003475
42,191,control,0.0034715
45,191,control,0.003467
48,191,control,0.00346
0,192,control,0.0039545
3,192,control,0.003955
6,192,control,0.003978
9,192,control,0.0039745
12,192,control,0.003975
15,192,control,0.0039705
18,192,control,0.003968
21,192,control,0.0039615
24,192,control,0.0040005
27,192,control,0.004005
30,192,control,0.003957
33,192,control,0.0039605
36,192,control,0.0039715
39,192,control,0.004004
42,192,control,0.0039255
45,192,control,0.0039775
48,192,control,0.0039575
0,193,control,0.0026905
3,193,control,0.002696
6,193,control,0.002692
9,193,control,0.002668
12,193,control,0.0027185
15,193,control,0.0027125
18,193,control,0.002686
21,193,control,0.0027125
24,193,control,0.0026785
27,193,control,0.002711
30,193,control,0.0026655
33,193,control,0.0026825
36,193,control,0.002715
39,193,control,0.002669
42,193,control,0.0026905
45,193,control,0.0027275
48,193,control,0.002717
0,194,control,0.003249
3,194,control,0.0032615
6,194,control,0.00322
9,194,control,0.0032405
12,194,control,0.003215
15,194,control,0.003252
18,194,control,0.0031935
21,194,control,0.003232
24,194,control,0.003231
27,194,control,0.0032565
30,194,control,0.003243
33,194,control,0.003246
36,194,control,0.0032225
39,194,control,0.003225
42,194,control,0.003233
45,194,control,0.003237
48,194,control,0.0032245
0,195,control,0.0031705
3,195,control,0.003145
6,195,control,0.0031395
9,195,control,0.00316
12,195,control,0.003165
15,195,control,0.003146
18,195,control,0.003115
21,195,control,0.003113
24,195,control,0.003133
27,195,control,0.0031325
30,195,control,0.0031555
33,195,control,0.0031735
36,195,control,0.00314
39,195,control,0.0031235
42,195,control,0.003155
45,195,control,0.0031495
48,195,control,0.0031065
0,196,control,0.0024395
3,196,control,0.002464
6,196,control,0.002452
9,196,control,0.0024765
12,196,control,0.0024445
15,196,control,0.002426
18,196,control,0.0024335
21,196,control,0.0024285
24,196,control,0.002411
27,196,control,0.0024385
30,196,control,0.0023935
33,196,control,0.0024355
36,196,control,0.002446
39,196,control,0.0024485
42,196,control,0.002443
45,196,control,0.002441
48,196,control,0.002461
0,197,control,0.0032085
3,197,control,0.0032595
6,197,control,0.0032275
9,197,control,0.003214
12,197,control,0.0032275
15,197,control,0.003259
18,197,control,0.0032325
21,197,control,0.00326
24,197,control,0.0032235
27,197,control,0.003217
30,197,control,0.003224
33,197,control,0.003244
36,197,control,0.003257
39,197,control,0.003262
42,197,control,0.003236
45,197,control,0.003264
48,197,control,0.0032315
0,198,control,0.00277
3,198,control,0.0028075
6,198,control,0.002797
9,198,control,0.002814
12,198,control,0.002825
15,198,control,0.0027945
18,198,control,0.002766
21,198,control,0.002794
24,198,control,0.0028195
27,198,control,0.002773
30,198,control,0.0027625
33,198,control,0.0027845
36,198,control,0.002787
39,198,control,0.002778
42,198,control,0.002802
45,198,control,0.0027845
48,198,control,0.002789
0,199,control,0.002192
3,199,control,0.0021545
6,199,control,0.0021805
9,199,control,0.002133
12,199,control,0.002163
15,199,control,0.002194
18,199,control,0.002151
21,199,control,0.0021845
24,199,control,0.002207
27,199,control,0.0021845
30,199,control,0.0021915
33,199,control,0.002195
36,199,control,0.0022
39,199,control,0.002182
42,199,control,0.002163
45,199,control,0.0021575
48,199,control,0.002156
0,2,control,0.002114
3,2,control,0.002122
6,2,control,0.002125
9,2,control,0.002118
12,2,control,0.002116
15,2,control,0.002119
18,2,control,0.0021335
21,2,control,0.002117
24,2,control,0.00214
27,2,control,0.0021285
30,2,control,0.002121
33,2,control,0.00212
36,2,control,0.002141
39,2,control,0.0021155
42,2,control,0.0021035
45,2,control,0.0021205
48,2,control,0.0021145
0,20,control,0.002809
3,20,control,0.0027755
6,20,control,0.0027875
9,20,control,0.0027915
12,20,control,0.002773
15,20,control,0.002798
18,20,control,0.002774
21,20,control,0.0027945
24,20,control,0.0027965
27,20,control,0.002767
30,20,control,0.0028045
33,20,control,0.0027935
36,20,control,0.002793
39,20,control,0.002781
42,20,control,0.002808
45,20,control,0.0027445
48,20,control,0.002741
0,200,control,0.0042145
3,200,control,0.0041825
6,200,control,0.0041855
9,200,control,0.0042185
12,200,control,0.0042105
15,200,control,0.0042095
18,200,control,0.0041655
21,200,control,0.0042355
24,200,control,0.004186
27,200,control,0.0041795
30,200,control,0.004201
33,200,control,0.0041805
36,200,control,0.004204
39,200,control,0.0041665
42,200,control,0.0041915
45,200,control,0.0042035
48,200,control,0.00422
0,21,control,0.0036045
3,21,control,0.003582
6,21,control,0.0035725
9,21,control,0.003593
12,21,control,0.003562
15,21,control,0.0035995
18,21,control,0.003565
21,21,control,0.003565
24,21,control,0.0036035
27,21,control,0.0035845
30,21,control,0.003614
33,21,control,0.003565
36,21,control,0.00363
39,21,control,0.0036265
42,21,control,0.0035925
45,21,control,0.0035865
48,21,control,0.003624
0,22,control,0.0019845
3,22,control,0.0019415
6,22,control,0.001952
9,22,control,0.0019605
12,22,control,0.0019425
15,22,control,0.0019465
18,22,control,0.001964
21,22,control,0.001948
24,22,control,0.0019505
27,22,control,0.0019525
30,22,control,0.001952
33,22,control,0.001956
36,22,control,0.001944
39,22,control,0.0019725
42,22,control,0.0019615
45,22,control,0.0019515
48,22,control,0.001969
0,23,control,0.0026985
3,23,control,0.0026855
6,23,control,0.0026835
9,23,control,0.0026945
12,23,control,0.0026915
15,23,control,0.002675
18,23,control,0.002705
21,23,control,0.0026995
24,23,control,0.0026965
27,23,control,0.0026915
30,23,control,0.002691
33,23,control,0.002696
36,23,control,0.0027105
39,23,control,0.002663
42,23,control,0.0027055
45,23,control,0.002697
48,23,control,0.002706
0,24,control,0.0020115
3,24,control,0.001974
6,24,control,0.0019775
9,24,control,0.001985
12,24,control,0.001989
15,24,control,0.0019935
18,24,control,0.002009
21,24,control,0.001974
24,24,control,0.001998
27,24,control,0.0020095
30,24,control,0.0020215
33,24,control,0.0019715
36,24,control,0.001987
39,24,control,0.001978
42,24,control,0.001991
45,24,control,0.0019675
48,24,control,0.0019865
0,25,control,0.0027385
3,25,control,0.0027545
6,25,control,0.0027395
9,25,control,0.002724
12,25,control,0.0027235
15,25,control,0.002708
18,25,control,0.002736
21,25,control,0.002718
24,25,control,0.002719
27,25,control,0.002725
30,25,control,0.0026805
33,25,control,0.002747
36,25,control,0.002746
39,25,control,0.002713
42,25,control,0.002714
45,25,control,0.0027035
48,25,control,0.002729
0,26,control,0.0027675
3,26,control,0.002751
6,26,control,0.002768
9,26,control,0.0027675
12,26,control,0.002741
15,26,control,0.002809
18,26,control,0.002714
21,26,control,0.00276
24,26,control,0.0027805
27,26,control,0.0027395
30,26,control,0.002747
33,26,control,0.002742
36,26,control,0.002758
39,26,control,0.002752
42,26,control,0.0027355
45,26,control,0.002792
48,26,control,0.002795
0,27,control,0.0036755
3,27,control,0.003689
6,27,control,0.00364
9,27,control,0.0036685
12,27,control,0.003666
15,27,control,0.003637
18,27,control,0.003687
21,27,control,0.0036575
24,27,control,0.0036615
27,27,control,0.0036765
30,27,control,0.003664
33,27,control,0.003653
36,27,control,0.0036605
39,27,control,0.0036505
42,27,control,0.003706
45,27,control,0.0036985
48,27,control,0.0036505
0,28,control,0.0031745
3,28,control,0.003171
6,28,control,0.0031525
9,28,control,0.003199
12,28,control,0.0031475
15,28,control,0.00318
18,28,control,0.003156
21,28,control,0.003198
24,28,control,0.0031605
27,28,control,0.003165
30,28,control,0.003156
33,28,control,0.003151
36,28,control,0.0031445
39,28,control,0.0031375
42,28,control,0.003179
45,28,control,0.003152
48,28,control,0.003168
0,29,control,0.00257
3,29,control,0.002579
6,29,control,0.0025745
9,29,control,0.0026315
12,29,control,0.0025925
15,29,control,0.002598
18,29,control,0.002561
21,29,control,0.002599
24,29,control,0.002599
27,29,control,0.002602
30,29,control,0.0025695
33,29,control,0.0025775
36,29,control,0.002601
39,29,control,0.0026135
42,29,control,0.0025985
45,29,control,0.0026105
48,29,control,0.0026075
0,3,control,0.002416
3,3,control,0.002431
6,3,control,0.002422
9,3,control,0.0024475
12,3,control,0.0024445
15,3,control,0.0024115
18,3,control,0.002463
21,3,control,0.0024645
24,3,control,0.002465
27,3,control,0.0024375
30,3,control,0.002413
33,3,control,0.0024705
36,3,control,0.0024745
39,3,control,0.002442
42,3,control,0.0024545
45,3,control,0.002457
48,3,control,0.002457
0,30,control,0.002556
3,30,control,0.0025885
6,30,control,0.00254
9,30,control,0.0025345
12,30,control,0.002566
15,30,control,0.002557
18,30,control,0.002545
21,30,control,0.002552
24,30,control,0.002568
27,30,control,0.002557
30,30,control,0.002574
33,30,control,0.0025395
36,30,control,0.0025855
39,30,control,0.00253
42,30,control,0.002558
45,30,control,0.0025795
48,30,control,0.0025675
0,31,control,0.001936
3,31,control,0.0019505
6,31,control,0.0019325
9,31,control,0.0019315
12,31,control,0.001937
15,31,control,0.001951
18,31,control,0.0019685
21,31,control,0.0019385
24,31,control,0.001926
27,31,control,0.001928
30,31,control,0.001972
33,31,control,0.001937
36,31,control,0.0019535
39,31,control,0.001925
42,31,control,0.0019435
45,31,control,0.001917
48,31,control,0.0019435
0,32,control,0.0032645
3,32,control,0.003311
6,32,control,0.003276
9,32,control,0.0033005
12,32,control,0.00328
15,32,control,0.0033185
18,32,control,0.003317
21,32,control,0.0032935
24,32,control,0.0033275
27,32,control,0.0032655
30,32,control,0.00326
33,32,control,0.003306
36,32,control,0.0032955
39,32,control,0.003275
42,32,control,0.0033055
45,32,control,0.0033295
48,32,control,0.0033295
0,33,control,0.0021215
3,33,control,0.002098
6,33,control,0.0021245
9,33,control,0.0021435
12,33,control,0.0020995
15,33,control,0.002115
18,33,control,0.0021095
21,33,control,0.002107
24,33,control,0.002125
27,33,control,0.002132
30,33,control,0.0021345
33,33,control,0.0021235
36,33,control,0.002134
39,33,control,0.002099
42,33,control,0.002082
45,33,control,0.002132
48,33,control,0.002108
0,34,control,0.002021
3,34,control,0.002006
6,34,control,0.00201
9,34,control,0.0020155
12,34,control,0.001998
15,34,control,0.0020065
18,34,control,0.0020125
21,34,control,0.0020325
24,34,control,0.0020025
27,34,control,0.002006
30,34,control,0.0020325
33,34,control,0.002034
36,34,control,0.002023
39,34,control,0.00202
42,34,control,0.0020265
45,34,control,0.0020365
48,34,control,0.002022
0,35,control,0.0018485
3,35,control,0.0018625
6,35,control,0.0018355
9,35,control,0.001861
12,35,control,0.001866
15,35,control,0.0018455
18,35,control,0.0018485
21,35,control,0.0018325
24,35,control,0.001819
27,35,control,0.0018265
30,35,control,0.001858
33,35,control,0.001855
36,35,control,0.001859
39,35,control,0.001854
42,35,control,0.0018535
45,35,control,0.001822
48,35,control,0.001858
0,36,control,0.0031065
3,36,control,0.003122
6,36,control,0.003105
9,36,control,0.003101
12,36,control,0.0031155
15,36,control,0.003089
18,36,control,0.0031045
21,36,control,0.003109
24,36,control,0.0031125
27,36,control,0.003088
30,36,control,0.00311
33,36,control,0.0031055
36,36,control,0.0030805
39,36,control,0.0030925
42,36,control,0.0030825
45,36,control,0.0031165
48,36,control,0.0031025
0,37,control,0.0034495
3,37,control,0.003395
6,37,control,0.0034125
9,37,control,0.003421
12,37,control,0.0034135
15,37,control,0.0034345
18,37,control,0.0033735
21,37,control,0.0034545
24,37,control,0.0034335
27,37,control,0.0034255
30,37,control,0.003453
33,37,control,0.0034565
36,37,control,0.003411
39,37,control,0.003391
42,37,control,0.003405
45,37,control,0.0034465
48,37,control,0.003399
0,38,control,0.002501
3,38,control,0.002488
6,38,control,0.0024825
9,38,control,0.00247
12,38,control,0.002486
15,38,control,0.0024705
18,38,control,0.0024895
21,38,control,0.002492
24,38,control,0.0025255
27,38,control,0.002467
30,38,control,0.002484
33,38,control,0.0025095
36,38,control,0.002488
39,38,control,0.0024805
42,38,control,0.0024855
45,38,control,0.0024565
48,38,control,0.0024965
0,39,control,0.0027735
3,39,control,0.002802
6,39,control,0.002804
9,39,control,0.0028055
12,39,control,0.0028075
15,39,control,0.0028015
18,39,control,0.002778
21,39,control,0.002807
24,39,control,0.0028135
27,39,control,0.0027985
30,39,control,0.002801
33,39,control,0.002834
36,39,control,0.0028165
39,39,control,0.0028015
42,39,control,0.00284
45,39,control,0.0028095
48,39,control,0.00278
0,4,control,0.002811
3,4,control,0.002789
6,4,control,0.002772
9,4,control,0.002776
12,4,control,0.0027715
15,4,control,0.002801
18,4,control,0.002782
21,4,control,0.002771
24,4,control,0.002739
27,4,control,0.00278
30,4,control,0.0027775
33,4,control,0.0027785
36,4,control,0.0028
39,4,control,0.002764
42,4,control,0.0027765
45,4,control,0.0027745
48,4,control,0.002787
0,40,control,0.003044
3,40,control,0.0030245
6,40,control,0.0030515
9,40,control,0.003012
12,40,control,0.0030135
15,40,control,0.003003
18,40,control,0.002996
21,40,control,0.0029995
24,40,control,0.0030055
27,40,control,0.003021
30,40,control,0.0030075
33,40,control,0.0030165
36,40,control,0.003018
39,40,control,0.0030275
42,40,control,0.00304
45,40,control,0.0030165
48,40,control,0.003017
0,41,control,0.002579
3,41,control,0.002547
6,41,control,0.002569
9,41,control,0.0025435
12,41,control,0.002556
15,41,control,0.0025725
18,41,control,0.0025315
21,41,control,0.0025385
24,41,control,0.0025445
27,41,control,0.0025615
30,41,control,0.002526
33,41,control,0.002545
36,41,control,0.0025805
39,41,control,0.002564
42,41,control,0.0025475
45,41,control,0.0025555
48,41,control,0.0025765
0,42,control,0.0014155
3,42,control,0.0014295
6,42,control,0.00145
9,42,control,0.001409
12,42,control,0.001434
15,42,control,0.001422
18,42,control,0.0014345
21,42,control,0.001435
24,42,control,0.001423
27,42,control,0.001454
30,42,control,0.001428
33,42,control,0.001452
36,42,control,0.001457
39,42,control,0.00146
42,42,control,0.001453
45,42,control,0.001439
48,42,control,0.00144
0,43,control,0.0025745
3,43,control,0.0025655
6,43,control,0.0025965
9,43,control,0.0025775
12,43,control,0.0025515
15,43,control,0.002575
18,43,control,0.0025705
21,43,control,0.00253
24,43,control,0.002605
27,43,control,0.0025515
30,43,control,0.0025385
33,43,control,0.002547
36,43,control,0.0025875
39,43,control,0.002575
42,43,control,0.002554
45,43,control,0.0025495
48,43,control,0.0025485
0,44,control,0.001738
3,44,control,0.0017115
6,44,control,0.0017195000000000001
9,44,control,0.0017395
12,44,control,0.0017235
15,44,control,0.0017105
18,44,control,0.001709
21,44,control,0.00172
24,44,control,0.0017285
27,44,control,0.0016975
30,44,control,0.0017045
33,44,control,0.0017205
36,44,control,0.0017325
39,44,control,0.00172
42,44,control,0.0017185
45,44,control,0.001728
48,44,control,0.001713
0,45,control,0.001891
3,45,control,0.001871
6,45,control,0.001892
9,45,control,0.0018765
12,45,control,0.0018475
15,45,control,0.0018655
18,45,control,0.001859
21,45,control,0.001871
24,45,control,0.001887
27,45,control,0.0018575
30,45,control,0.0018705
33,45,control,0.0018505
36,45,control,0.001863
39,45,control,0.0018625
42,45,control,0.001841
45,45,control,0.001863
48,45,control,0.0018485
0,46,control,0.0022325
3,46,control,0.0022375
6,46,control,0.0021995
9,46,control,0.002246
12,46,control,0.002245
15,46,control,0.0022535
18,46,control,0.0022275
21,46,control,0.002257
24,46,control,0.0022465
27,46,control,0.0022435
30,46,control,0.0022335
33,46,control,0.0022455
36,46,control,0.002265
39,46,control,0.0022655
42,46,control,0.0022445
45,46,control,0.0022445
48,46,control,0.002249
0,47,control,0.0035405
3,47,control,0.0035465
6,47,control,0.003577
9,47,control,0.003561
12,47,control,0.003532
15,47,control,0.003526
18,47,control,0.0035135
21,47,control,0.003552
24,47,control,0.003524
27,47,control,0.0035345
30,47,control,0.00352
33,47,control,0.00353
36,47,control,0.003514
39,47,control,0.0035355
42,47,control,0.003514
45,47,control,0.003525
48,47,control,0.003509
0,48,control,0.0032555
3,48,control,0.003286
6,48,control,0.0032525
9,48,control,0.0032645
12,48,control,0.0032
15,48,control,0.0032345
18,48,control,0.003271
21,48,control,0.003248
24,48,control,0.0032435
27,48,control,0.003265
30,48,control,0.003295
33,48,control,0.00324
36,48,control,0.003233
39,48,control,0.003246
42,48,control,0.0032045
45,48,control,0.0032515
48,48,control,0.003264
0,49,control,0.0030935
3,49,control,0.0030355
6,49,control,0.003089
9,49,control,0.003048
12,49,control,0.0030285
15,49,control,0.0030475
18,49,control,0.0030475
21,49,control,0.003061
24,49,control,0.00309
27,49,control,0.0030665
30,49,control,0.0030395
33,49,control,0.00308
36,49,control,0.0030515
39,49,control,0.003068
42,49,control,0.0030665
45,49,control,0.0030845
48,49,control,0.0030475
0,5,control,0.00358
3,5,control,0.0035725
6,5,control,0.0036065
9,5,control,0.0035965
12,5,control,0.0035865
15,5,control,0.0036245
18,5,control,0.0035655
21,5,control,0.003627
24,5,control,0.003605
27,5,control,0.003596
30,5,control,0.00357
33,5,control,0.003584
36,5,control,0.003558
39,5,control,0.0035745
42,5,control,0.0036175
45,5,control,0.0035895
48,5,control,0.003631
0,50,control,0.00246
3,50,control,0.0024485
6,50,control,0.0024435
9,50,control,0.002469
12,50,control,0.0024745
15,50,control,0.0024875
18,50,control,0.002453
21,50,control,0.0024845
24,50,control,0.002489
27,50,control,0.0024615
30,50,control,0.0024385
33,50,control,0.0024715
36,50,control,0.00247
39,50,control,0.0024585
42,50,control,0.002493
45,50,control,0.0024675
48,50,control,0.0024845
0,51,control,0.001757
3,51,control,0.0017655
6,51,control,0.001745
9,51,control,0.001744
12,51,control,0.0017665
15,51,control,0.0017335
18,51,control,0.0017575
21,51,control,0.001755
24,51,control,0.0017625
27,51,control,0.0017545
30,51,control,0.0017345
33,51,control,0.0017705
36,51,control,0.0017675
39,51,control,0.00175
42,51,control,0.001758
45,51,control,0.001757
48,51,control,0.001775
0,52,control,0.003386
3,52,control,0.0033635
6,52,control,0.00333
9,52,control,0.003358
12,52,control,0.0033615
15,52,control,0.0033
18,52,control,0.0033515
21,52,control,0.003366
24,52,control,0.003322
27,52,control,0.003371
30,52,control,0.003322
33,52,control,0.0033505
36,52,control,0.0034035
39,52,control,0.0033295
42,52,control,0.003377
45,52,control,0.003373
48,52,control,0.0033495
0,53,control,0.002414
3,53,control,0.002404
6,53,control,0.0024105
9,53,control,0.0024395
12,53,control,0.0024265
15,53,control,0.002389
18,53,control,0.002418
21,53,control,0.002419
24,53,control,0.002408
27,53,control,0.0023975
30,53,control,0.0023965
33,53,control,0.002397
36,53,control,0.0024165
39,53,control,0.0024015
42,53,control,0.0024125
45,53,control,0.002419
48,53,control,0.0024095
0,54,control,0.00275
3,54,control,0.002748
6,54,control,0.002729
9,54,control,0.002726
12,54,control,0.0027305
15,54,control,0.0027405
18,54,control,0.0026885
21,54,control,0.0027364999999999998
24,54,control,0.0027215
27,54,control,0.002706
30,54,control,0.0026805
33,54,control,0.002682
36,54,control,0.0026895
39,54,control,0.002697
42,54,control,0.002681
45,54,control,0.002716
48,54,control,0.002707
0,55,control,0.001647
3,55,control,0.001609
6,55,control,0.001645
9,55,control,0.0016695
12,55,control,0.001662
15,55,control,0.001614
18,55,control,0.001643
21,55,control,0.001652
24,55,control,0.0016475
27,55,control,0.001641
30,55,control,0.0016205
33,55,control,0.0016325
36,55,control,0.001629
39,55,control,0.001625
42,55,control,0.001614
45,55,control,0.0016505
48,55,control,0.0016275
0,56,control,0.003104
3,56,control,0.0031155
6,56,control,0.003114
9,56,control,0.0031285
12,56,control,0.0031155
15,56,control,0.003114
18,56,control,0.0030815
21,56,control,0.003093
24,56,control,0.003112
27,56,control,0.0031195
30,56,control,0.0031155
33,56,control,0.0031345
36,56,control,0.003101
39,56,control,0.003088
42,56,control,0.0031105
45,56,control,0.003094
48,56,control,0.003097
0,57,control,0.002591
3,57,control,0.002557
6,57,control,0.002566
9,57,control,0.0025585
12,57,control,0.002593
15,57,control,0.002588
18,57,control,0.002612
21,57,control,0.0025655
24,57,control,0.0025655
27,57,control,0.002572
30,57,control,0.0025715
33,57,control,0.0026095
36,57,control,0.002567
39,57,control,0.0025825
42,57,control,0.002594
45,57,control,0.0025905
48,57,control,0.0026045
0,58,control,0.003232
3,58,control,0.0032075
6,58,control,0.0031925
9,58,control,0.00324
12,58,control,0.0032175
15,58,control,0.0032035
18,58,control,0.003177
21,58,control,0.0031835
24,58,control,0.003235
27,58,control,0.003205
30,58,control,0.0031855
33,58,control,0.0031985
36,58,control,0.0031945
39,58,control,0.003194
42,58,control,0.0031805
45,58,control,0.0031825
48,58,control,0.0031855
0,59,control,0.004309
3,59,control,0.004278
6,59,control,0.004292
9,59,control,0.004231
12,59,control,0.004283
15,59,control,0.0042955
18,59,control,0.0042645
21,59,control,0.0042275
24,59,control,0.0042755
27,59,control,0.0042585
30,59,control,0.0042835
33,59,control,0.00432
36,59,control,0.004257
39,59,control,0.00427
42,59,control,0.004254
45,59,control,0.0042505
48,59,control,0.004316
0,6,control,0.002369
3,6,control,0.002367
6,6,control,0.0023695
9,6,control,0.00235
12,6,control,0.002384
15,6,control,0.0024235
18,6,control,0.0023305
21,6,control,0.002356
24,6,control,0.002398
27,6,control,0.002357
30,6,control,0.0023535
33,6,control,0.00236
36,6,control,0.0023285
39,6,control,0.002339
42,6,control,0.0023625
45,6,control,0.0023395
48,6,control,0.002338
0,60,control,0.0031395
3,60,control,0.0031365
6,60,control,0.0031435
9,60,control,0.003175
12,60,control,0.0031465
15,60,control,0.0031325
18,60,control,0.003076
21,60,control,0.0031475
24,60,control,0.0031425
27,60,control,0.0031615
30,60,control,0.003145
33,60,control,0.003167
36,60,control,0.0031375
39,60,control,0.0031795
42,60,control,0.003118
45,60,control,0.0031355
48,60,control,0.0031525
0,61,control,0.00233
3,61,control,0.002288
6,61,control,0.0022965
9,61,control,0.0022795
12,61,control,0.002295
15,61,control,0.0022935
18,61,control,0.002272
21,61,control,0.0023115
24,61,control,0.002282
27,61,control,0.0022905
30,61,control,0.002308
33,61,control,0.002284
36,61,control,0.0023225
39,61,control,0.002291
42,61,control,0.002314
45,61,control,0.0022755
48,61,control,0.0022865
0,62,control,0.002238
3,62,control,0.002211
6,62,control,0.002218
9,62,control,0.002228
12,62,control,0.0021805
15,62,control,0.002213
18,62,control,0.0022115
21,62,control,0.0022415
24,62,control,0.002276
27,62,control,0.002233
30,62,control,0.0022155
33,62,control,0.002234
36,62,control,0.002223
39,62,control,0.002231
42,62,control,0.002238
45,62,control,0.002229
48,62,control,0.002219
0,63,control,0.002181
3,63,control,0.002179
6,63,control,0.0022395
9,63,control,0.0021955
12,63,control,0.0021865
15,63,control,0.002194
18,63,control,0.0021895
21,63,control,0.0021925
24,63,control,0.0021895
27,63,control,0.0021895
30,63,control,0.002182
33,63,control,0.0022005
36,63,control,0.002217
39,63,control,0.002186
42,63,control,0.002197
45,63,control,0.0021965
48,63,control,0.002195
0,64,control,0.00206
3,64,control,0.0020515
6,64,control,0.002023
9,64,control,0.0020825
12,64,control,0.002049
15,64,control,0.0020525
18,64,control,0.0020605
21,64,control,0.0020665
24,64,control,0.0020815
27,64,control,0.0020545
30,64,control,0.0020645
33,64,control,0.00205
36,64,control,0.0020515
39,64,control,0.0020835
42,64,control,0.0020495
45,64,control,0.0020725
48,64,control,0.0020705
0,65,control,0.0019525
3,65,control,0.0019545
6,65,control,0.001957
9,65,control,0.0019775
12,65,control,0.001979
15,65,control,0.001947
18,65,control,0.0019675
21,65,control,0.001999
24,65,control,0.001967
27,65,control,0.001955
30,65,control,0.0019825
33,65,control,0.001971
36,65,control,0.0019625
39,65,control,0.0019555
42,65,control,0.001986
45,65,control,0.001968
48,65,control,0.001993
0,66,control,0.002305
3,66,control,0.002293
6,66,control,0.002292
9,66,control,0.002322
12,66,control,0.002291
15,66,control,0.0022995
18,66,control,0.0023005
21,66,control,0.002304
24,66,control,0.002295
27,66,control,0.0022915
30,66,control,0.0023
33,66,control,0.0022775
36,66,control,0.002245
39,66,control,0.002306
42,66,control,0.0023075
45,66,control,0.002287
48,66,control,0.0022765
0,67,control,0.001443
3,67,control,0.00142
6,67,control,0.0014105
9,67,control,0.0014155
12,67,control,0.001447
15,67,control,0.001425
18,67,control,0.001436
21,67,control,0.0014055
24,67,control,0.001437
27,67,control,0.001467
30,67,control,0.001425
33,67,control,0.001426
36,67,control,0.001425
39,67,control,0.001426
42,67,control,0.001437
45,67,control,0.0014375
48,67,control,0.001436
0,68,control,0.00321
3,68,control,0.003229
6,68,control,0.003203
9,68,control,0.0032495
12,68,control,0.00323
15,68,control,0.0032205
18,68,control,0.0032045
21,68,control,0.0032
24,68,control,0.003186
27,68,control,0.003211
30,68,control,0.0031815
33,68,control,0.003193
36,68,control,0.0031535
39,68,control,0.003235
42,68,control,0.003222
45,68,control,0.003217
48,68,control,0.003245
0,69,control,0.001976
3,69,control,0.001972
6,69,control,0.0019735
9,69,control,0.0019545
12,69,control,0.001959
15,69,control,0.0019665
18,69,control,0.0019415
21,69,control,0.001948
24,69,control,0.001949
27,69,control,0.0019645
30,69,control,0.0019815
33,69,control,0.001969
36,69,control,0.001958
39,69,control,0.001983
42,69,control,0.001972
45,69,control,0.001968
48,69,control,0.0019585
0,7,control,0.0055115
3,7,control,0.005462
6,7,control,0.005493
9,7,control,0.00549
12,7,control,0.005491
15,7,control,0.005478
18,7,control,0.0055235
21,7,control,0.005538
24,7,control,0.005526
27,7,control,0.0055255
30,7,control,0.0055315
33,7,control,0.0055145
36,7,control,0.005496
39,7,control,0.005547
42,7,control,0.005485
45,7,control,0.0055005
48,7,control,0.005544
0,70,control,0.0033155
3,70,control,0.003304
6,70,control,0.003327
9,70,control,0.0033195
12,70,control,0.003274
15,70,control,0.003291
18,70,control,0.003303
21,70,control,0.0033405
24,70,control,0.0032995
27,70,control,0.003303
30,70,control,0.0032985000000000002
33,70,control,0.0033035
36,70,control,0.003329
39,70,control,0.003299
42,70,control,0.0033545
45,70,control,0.00332
48,70,control,0.003349
0,71,control,0.0035945
3,71,control,0.003578
6,71,control,0.0035595
9,71,control,0.0036105
12,71,control,0.0035945
15,71,control,0.003585
18,71,control,0.003524
21,71,control,0.0035595
24,71,control,0.003558
27,71,control,0.003572
30,71,control,0.0035745
33,71,control,0.003561
36,71,control,0.0035895
39,71,control,0.0035565
42,71,control,0.0035705
45,71,control,0.003559
48,71,control,0.003577
0,72,control,0.002989
3,72,control,0.003055
6,72,control,0.003047
9,72,control,0.0030565
12,72,control,0.003036
15,72,control,0.0030095
18,72,control,0.0030085
21,72,control,0.0030205
24,72,control,0.0030155
27,72,control,0.0030205
30,72,control,0.0030235
33,72,control,0.003022
36,72,control,0.0030265
39,72,control,0.003014
42,72,control,0.002998
45,72,control,0.003031
48,72,control,0.002995
0,73,control,0.0031755
3,73,control,0.0031515
6,73,control,0.003219
9,73,control,0.0031805
12,73,control,0.003172
15,73,control,0.0031335
18,73,control,0.003165
21,73,control,0.003184
24,73,control,0.0031895
27,73,control,0.0031580000000000002
30,73,control,0.0031415
33,73,control,0.003159
36,73,control,0.0031345
39,73,control,0.0031625
42,73,control,0.0031580000000000002
45,73,control,0.003176
48,73,control,0.003151
0,74,control,0.002515
3,74,control,0.0025175
6,74,control,0.0025045
9,74,control,0.0024985
12,74,control,0.0024985
15,74,control,0.002507
18,74,control,0.0025095
21,74,control,0.0025435
24,74,control,0.002526
27,74,control,0.0025105
30,74,control,0.002525
33,74,control,0.002522
36,74,control,0.002476
39,74,control,0.002491
42,74,control,0.0024945
45,74,control,0.002546
48,74,control,0.002489
0,75,control,0.002129
3,75,control,0.0021275
6,75,control,0.0021545
9,75,control,0.0021095
12,75,control,0.0021165
15,75,control,0.0020685
18,75,control,0.002124
21,75,control,0.0021365
24,75,control,0.0021335
27,75,control,0.0021235
30,75,control,0.002141
33,75,control,0.0021605
36,75,control,0.0021735
39,75,control,0.0021275
42,75,control,0.002122
45,75,control,0.0021175
48,75,control,0.002162
0,76,control,0.0022405
3,76,control,0.002241
6,76,control,0.0022465
9,76,control,0.0022385
12,76,control,0.0022525
15,76,control,0.002256
18,76,control,0.002248
21,76,control,0.0022435
24,76,control,0.002278
27,76,control,0.0022555
30,76,control,0.002255
33,76,control,0.002243
36,76,control,0.002263
39,76,control,0.002241
42,76,control,0.0022435
45,76,control,0.0022585
48,76,control,0.0022325
0,77,control,0.0040895
3,77,control,0.004079
6,77,control,0.0040555
9,77,control,0.0040945
12,77,control,0.0040905
15,77,control,0.00408
18,77,control,0.004055
21,77,control,0.004085
24,77,control,0.0040605
27,77,control,0.004088
30,77,control,0.0040965
33,77,control,0.0040865
36,77,control,0.004089
39,77,control,0.0040675
42,77,control,0.004079
45,77,control,0.0040935
48,77,control,0.0040825
0,78,control,0.001763
3,78,control,0.0017865
6,78,control,0.0018075
9,78,control,0.001752
12,78,control,0.0018105
15,78,control,0.001763
18,78,control,0.001771
21,78,control,0.001782
24,78,control,0.0017945
27,78,control,0.001788
30,78,control,0.0017865
33,78,control,0.001773
36,78,control,0.0017925
39,78,control,0.0017635
42,78,control,0.00177
45,78,control,0.0017605
48,78,control,0.0017645
0,79,control,0.0024945
3,79,control,0.0024765
6,79,control,0.002494
9,79,control,0.0024935
12,79,control,0.002508
15,79,control,0.0024685
18,79,control,0.0024825
21,79,control,0.002493
24,79,control,0.0025245
27,79,control,0.002483
30,79,control,0.0024805
33,79,control,0.0025125
36,79,control,0.0025135
39,79,control,0.0024975
42,79,control,0.0024835
45,79,control,0.002514
48,79,control,0.0025215
0,8,control,0.0019565
3,8,control,0.0019575
6,8,control,0.001957
9,8,control,0.0019555
12,8,control,0.0019535
15,8,control,0.001958
18,8,control,0.0019355
21,8,control,0.0019415
24,8,control,0.0019595
27,8,control,0.001945
30,8,control,0.001946
33,8,control,0.0019285
36,8,control,0.0019665
39,8,control,0.0019695
42,8,control,0.001945
45,8,control,0.0019455
48,8,control,0.001932
0,80,control,0.0031415
3,80,control,0.003154
6,80,control,0.0031315
9,80,control,0.003141
12,80,control,0.0031155
15,80,control,0.00317
18,80,control,0.0031195
21,80,control,0.0031245
24,80,control,0.003124
27,80,control,0.0031395
30,80,control,0.003132
33,80,control,0.003149
36,80,control,0.003136
39,80,control,0.0031475
42,80,control,0.003181
45,80,control,0.003123
48,80,control,0.0031355
0,81,control,0.0020205
3,81,control,0.0020025
6,81,control,0.0020445
9,81,control,0.0020285
12,81,control,0.0020185
15,81,control,0.002022
18,81,control,0.002003
21,81,control,0.0020165
24,81,control,0.002042
27,81,control,0.0020205
30,81,control,0.0020205
33,81,control,0.0020265
36,81,control,0.0020405
39,81,control,0.002019
42,81,control,0.0020155
45,81,control,0.0020145
48,81,control,0.0020035
0,82,control,0.002375
3,82,control,0.002336
6,82,control,0.002342
9,82,control,0.0023545
12,82,control,0.0023635
15,82,control,0.002343
18,82,control,0.0023515
21,82,control,0.0023265
24,82,control,0.0023505
27,82,control,0.0023685
30,82,control,0.0023535
33,82,control,0.0023595
36,82,control,0.0023465
39,82,control,0.0023535
42,82,control,0.002361
45,82,control,0.002345
48,82,control,0.002392
0,83,control,0.002607
3,83,control,0.0026235
6,83,control,0.00261
9,83,control,0.0025855
12,83,control,0.002631
15,83,control,0.0026055
18,83,control,0.002631
21,83,control,0.0026425
24,83,control,0.002654
27,83,control,0.00262
30,83,control,0.0026205
33,83,control,0.00264
36,83,control,0.0026125
39,83,control,0.002632
42,83,control,0.0026215
45,83,control,0.0026355
48,83,control,0.002622
0,84,control,0.0021305
3,84,control,0.0021215
6,84,control,0.0021305
9,84,control,0.002096
12,84,control,0.0021035
15,84,control,0.0021205
18,84,control,0.002115
21,84,control,0.0021145
24,84,control,0.002137
27,84,control,0.002102
30,84,control,0.002117
33,84,control,0.002089
36,84,control,0.0021165
39,84,control,0.0021365
42,84,control,0.0021355
45,84,control,0.0021395
48,84,control,0.0021375
0,85,control,0.003325
3,85,control,0.0033515
6,85,control,0.003345
9,85,control,0.003359
12,85,control,0.003312
15,85,control,0.0033665
18,85,control,0.003346
21,85,control,0.0033675
24,85,control,0.003356
27,85,control,0.0033875
30,85,control,0.003338
33,85,control,0.003364
36,85,control,0.0033475
39,85,control,0.003368
42,85,control,0.0033215
45,85,control,0.003352
48,85,control,0.0033525
0,86,control,0.001968
3,86,control,0.0020035
6,86,control,0.001974
9,86,control,0.0019575
12,86,control,0.0019655
15,86,control,0.0019655
18,86,control,0.00198
21,86,control,0.0019735
24,86,control,0.001967
27,86,control,0.001985
30,86,control,0.001962
33,86,control,0.0019765
36,86,control,0.0020075
39,86,control,0.001971
42,86,control,0.001956
45,86,control,0.002019
48,86,control,0.0019965
0,87,control,0.001688
3,87,control,0.0016795
6,87,control,0.0016945
9,87,control,0.0016985
12,87,control,0.0017025
15,87,control,0.001683
18,87,control,0.0016695
21,87,control,0.001704
24,87,control,0.001711
27,87,control,0.001679
30,87,control,0.0016975
33,87,control,0.0016935
36,87,control,0.001705
39,87,control,0.0016805
42,87,control,0.001687
45,87,control,0.0016895
48,87,control,0.0016905
0,88,control,0.0019815
3,88,control,0.001976
6,88,control,0.0019855
9,88,control,0.002003
12,88,control,0.0020025
15,88,control,0.0020035
18,88,control,0.001986
21,88,control,0.0019825
24,88,control,0.001987
27,88,control,0.001958
30,88,control,0.0019885
33,88,control,0.0020055
36,88,control,0.0019935
39,88,control,0.001999
42,88,control,0.001986
45,88,control,0.001998
48,88,control,0.0019855
0,89,control,0.0032275
3,89,control,0.003242
6,89,control,0.0032375
9,89,control,0.0032265
12,89,control,0.003228
15,89,control,0.0032285
18,89,control,0.0032365
21,89,control,0.0032275
24,89,control,0.003232
27,89,control,0.0032205
30,89,control,0.003228
33,89,control,0.003245
36,89,control,0.003235
39,89,control,0.0032335
42,89,control,0.0031975
45,89,control,0.0032135
48,89,control,0.003227
0,9,control,0.001535
3,9,control,0.001516
6,9,control,0.0015415
9,9,control,0.0015295
12,9,control,0.001544
15,9,control,0.00152
18,9,control,0.0015375
21,9,control,0.001536
24,9,control,0.0015425
27,9,control,0.0015285
30,9,control,0.001495
33,9,control,0.001526
36,9,control,0.001531
39,9,control,0.001536
42,9,control,0.001527
45,9,control,0.0015405
48,9,control,0.0015465
0,90,control,0.004358
3,90,control,0.004363
6,90,control,0.0043385
9,90,control,0.004361
12,90,control,0.0043615
15,90,control,0.004376
18,90,control,0.0043765
21,90,control,0.004344
24,90,control,0.004375
27,90,control,0.0043645
30,90,control,0.0043895
33,90,control,0.0043555
36,90,control,0.00438
39,90,control,0.004383
42,90,control,0.0043595
45,90,control,0.0043915
48,90,control,0.0043525
0,91,control,0.001946
3,91,control,0.0019595
6,91,control,0.001963
9,91,control,0.0019195
12,91,control,0.0019525
15,91,control,0.001917
18,91,control,0.0019335
21,91,control,0.001982
24,91,control,0.001934
27,91,control,0.0019375
30,91,control,0.0019275
33,91,control,0.001946
36,91,control,0.001978
39,91,control,0.0019605
42,91,control,0.0019495
45,91,control,0.0019305
48,91,control,0.001926
0,92,control,0.002369
3,92,control,0.0023355
6,92,control,0.002356
9,92,control,0.0023325
12,92,control,0.002319
15,92,control,0.0023435
18,92,control,0.0022995
21,92,control,0.002362
24,92,control,0.002341
27,92,control,0.002357
30,92,control,0.0023305
33,92,control,0.0023695
36,92,control,0.0023485
39,92,control,0.002356
42,92,control,0.00234
45,92,control,0.002336
48,92,control,0.002323
0,93,control,0.003321
3,93,control,0.0032825
6,93,control,0.003302
9,93,control,0.003282
12,93,control,0.003314
15,93,control,0.0032535
18,93,control,0.003353
21,93,control,0.0032625
24,93,control,0.0033065
27,93,control,0.003317
30,93,control,0.0033165
33,93,control,0.0032615
36,93,control,0.0033155
39,93,control,0.003347
42,93,control,0.0033255
45,93,control,0.0033075
48,93,control,0.0032685
0,94,control,0.002465
3,94,control,0.0024835
6,94,control,0.0024535
9,94,control,0.00249
12,94,control,0.00245
15,94,control,0.0024575
18,94,control,0.0024615
21,94,control,0.0024595
24,94,control,0.002484
27,94,control,0.002474
30,94,control,0.0024715
33,94,control,0.0024895
36,94,control,0.0025015
39,94,control,0.002443
42,94,control,0.0024705
45,94,control,0.0024415
48,94,control,0.0024565
0,95,control,0.002051
3,95,control,0.0020065
6,95,control,0.0020465
9,95,control,0.002011
12,95,control,0.002023
15,95,control,0.001987
18,95,control,0.0020065
21,95,control,0.002023
24,95,control,0.001991
27,95,control,0.0020155
30,95,control,0.0020205
33,95,control,0.002018
36,95,control,0.0020025
39,95,control,0.0020005
42,95,control,0.002009
45,95,control,0.0020365
48,95,control,0.0020175
0,96,control,0.0024685
3,96,control,0.002449
6,96,control,0.0024575
9,96,control,0.0024245
12,96,control,0.0024655
15,96,control,0.0024225
18,96,control,0.002433
21,96,control,0.002453
24,96,control,0.00247
27,96,control,0.0024425
30,96,control,0.0024045
33,96,control,0.0024355
36,96,control,0.0024065
39,96,control,0.0024295
42,96,control,0.0024625
45,96,control,0.002448
48,96,control,0.0024135
0,97,control,0.002686
3,97,control,0.0027085
6,97,control,0.002681
9,97,control,0.002723
12,97,control,0.002694
15,97,control,0.002701
18,97,control,0.002695
21,97,control,0.002724
24,97,control,0.0026715
27,97,control,0.002704
30,97,control,0.002675
33,97,control,0.002702
36,97,control,0.002697
39,97,control,0.002684
42,97,control,0.00271
45,97,control,0.0026835
48,97,control,0.0026975
0,98,control,0.0031755
3,98,control,0.003151
6,98,control,0.00318
9,98,control,0.003171
12,98,control,0.0031505
15,98,control,0.003161
18,98,control,0.0031655
21,98,control,0.003127
24,98,control,0.0031855
27,98,control,0.003153
30,98,control,0.0031365
33,98,control,0.0031735
36,98,control,0.003167
39,98,control,0.0031035
42,98,control,0.003159
45,98,control,0.003175
48,98,control,0.0031615
0,99,control,0.002337
3,99,control,0.0023225
6,99,control,0.0023345
9,99,control,0.002337
12,99,control,0.0023615
15,99,control,0.0023215
18,99,control,0.002328
21,99,control,0.002323
24,99,control,0.002361
27,99,control,0.0023605
30,99,control,0.0023425
33,99,control,0.002361
36,99,control,0.002347
39,99,control,0.002348
42,99,control,0.002308
45,99,control,0.0023155
48,99,control,0.002316
0,1,intervention,0.0029555
3,1,intervention,0.0028965
6,1,intervention,0.0029375
9,1,intervention,0.0029715
12,1,intervention,0.0029925
15,1,intervention,0.0029795
18,1,intervention,0.0030035
21,1,intervention,0.003062
24,1,intervention,0.003073
27,1,intervention,0.00305
30,1,intervention,0.003105
33,1,intervention,0.003093
36,1,intervention,0.003097
39,1,intervention,0.0030955
42,1,intervention,0.003113
45,1,intervention,0.0031275
48,1,intervention,0.003124
0,10,intervention,0.004464
3,10,intervention,0.0044825
6,10,intervention,0.0044975
9,10,intervention,0.004518
12,10,intervention,0.0044925
15,10,intervention,0.0044805
18,10,intervention,0.00452
21,10,intervention,0.0045455
24,10,intervention,0.004582
27,10,intervention,0.004615
30,10,intervention,0.0045975
33,10,intervention,0.0046525
36,10,intervention,0.0046285
39,10,intervention,0.0046585
42,10,intervention,0.004672
45,10,intervention,0.00467
48,10,intervention,0.004703
0,100,intervention,0.0022375
3,100,intervention,0.0022585
6,100,intervention,0.002225
9,100,intervention,0.0022765
12,100,intervention,0.0022875
15,100,intervention,0.002299
18,100,intervention,0.0022995
21,100,intervention,0.002335
24,100,intervention,0.002316
27,100,intervention,0.0023365
30,100,intervention,0.0023735
33,100,intervention,0.0024025
36,100,intervention,0.0024355
39,100,intervention,0.0024145
42,100,intervention,0.002408
45,100,intervention,0.0024265
48,100,intervention,0.002415
0,101,intervention,0.0017325
3,101,intervention,0.0017465
6,101,intervention,0.0017395
9,101,intervention,0.001757
12,101,intervention,0.001812
15,101,intervention,0.001794
18,101,intervention,0.0017845
21,101,intervention,0.001803
24,101,intervention,0.0018515
27,101,intervention,0.0018395
30,101,intervention,0.0018205
33,101,intervention,0.0018855
36,101,intervention,0.001887
39,101,intervention,0.001907
42,101,intervention,0.001911
45,101,intervention,0.001871
48,101,intervention,0.001914
0,102,intervention,0.0027375
3,102,intervention,0.0027585
6,102,intervention,0.0027085
9,102,intervention,0.002777
12,102,intervention,0.002773
15,102,intervention,0.002742
18,102,intervention,0.0027745
21,102,intervention,0.0028265
24,102,intervention,0.002843
27,102,intervention,0.002825
30,102,intervention,0.002819
33,102,intervention,0.002875
36,102,intervention,0.002887
39,102,intervention,0.0028885
42,102,intervention,0.0028945
45,102,intervention,0.002912
48,102,intervention,0.002911
0,103,intervention,0.002146
3,103,intervention,0.0021705
6,103,intervention,0.0021335
9,103,intervention,0.002113
12,103,intervention,0.002184
15,103,intervention,0.0021725
18,103,intervention,0.002186
21,103,intervention,0.002216
24,103,intervention,0.0022155
27,103,intervention,0.0022345
30,103,intervention,0.00225
33,103,intervention,0.002268
36,103,intervention,0.0023005
39,103,intervention,0.002305
42,103,intervention,0.002305
45,103,intervention,0.0022985
48,103,intervention,0.002305
0,104,intervention,0.002754
3,104,intervention,0.00275
6,104,intervention,0.002742
9,104,intervention,0.0028055
12,104,intervention,0.002792
15,104,intervention,0.002793
18,104,intervention,0.002802
21,104,intervention,0.0028235
24,104,intervention,0.0028385
27,104,intervention,0.0028505
30,104,intervention,0.00285
33,104,intervention,0.002879
36,104,intervention,0.002929
39,104,intervention,0.0029005
42,104,intervention,0.002938
45,104,intervention,0.0029265
48,104,intervention,0.0029165
0,105,intervention,0.0023455
3,105,intervention,0.002322
6,105,intervention,0.002367
9,105,intervention,0.0023845
12,105,intervention,0.002412
15,105,intervention,0.002372
18,105,intervention,0.0024065
21,105,intervention,0.0024235
24,105,intervention,0.002422
27,105,intervention,0.002441
30,105,intervention,0.002455
33,105,intervention,0.0025175
36,105,intervention,0.002506
39,105,intervention,0.0025345
42,105,intervention,0.0025265
45,105,intervention,0.0025305
48,105,intervention,0.0025405
0,106,intervention,0.002358
3,106,intervention,0.002351
6,106,intervention,0.002378
9,106,intervention,0.002368
12,106,intervention,0.0023795
15,106,intervention,0.0024
18,106,intervention,0.0023915
21,106,intervention,0.002419
24,106,intervention,0.0024255
27,106,intervention,0.002426
30,106,intervention,0.0024785
33,106,intervention,0.002511
36,106,intervention,0.0024985
39,106,intervention,0.002496
42,106,intervention,0.0024995
45,106,intervention,0.002508
48,106,intervention,0.0025075
0,107,intervention,0.0028195
3,107,intervention,0.0027845
6,107,intervention,0.0027775
9,107,intervention,0.002814
12,107,intervention,0.0028245
15,107,intervention,0.0027825
18,107,intervention,0.0028235
21,107,intervention,0.0028515
24,107,intervention,0.0029075
27,107,intervention,0.0028495
30,107,intervention,0.0029125
33,107,intervention,0.0029115
36,107,intervention,0.002924
39,107,intervention,0.0029445
42,107,intervention,0.002951
45,107,intervention,0.0029745
48,107,intervention,0.0029545
0,108,intervention,0.004393
3,108,intervention,0.004372
6,108,intervention,0.00443
9,108,intervention,0.004477
12,108,intervention,0.004445
15,108,intervention,0.004468
18,108,intervention,0.0043915
21,108,intervention,0.004522
24,108,intervention,0.004524
27,108,intervention,0.0044565
30,108,intervention,0.0044785
33,108,intervention,0.0045615
36,108,intervention,0.0046115
39,108,intervention,0.004557
42,108,intervention,0.0045875
45,108,intervention,0.0045305
48,108,intervention,0.0045865
0,109,intervention,0.0020985
3,109,intervention,0.0021335
6,109,intervention,0.002122
9,109,intervention,0.0021425
12,109,intervention,0.0021365
15,109,intervention,0.0021625
18,109,intervention,0.002165
21,109,intervention,0.0022015
24,109,intervention,0.0022325
27,109,intervention,0.002237
30,109,intervention,0.0022105
33,109,intervention,0.002268
36,109,intervention,0.0022635
39,109,intervention,0.0022735
42,109,intervention,0.002256
45,109,intervention,0.002259
48,109,intervention,0.002274
0,11,intervention,0.002197
3,11,intervention,0.0021825
6,11,intervention,0.0021725
9,11,intervention,0.0022205
12,11,intervention,0.002227
15,11,intervention,0.0022145
18,11,intervention,0.002231
21,11,intervention,0.0022835
24,11,intervention,0.002318
27,11,intervention,0.002269
30,11,intervention,0.0023135
33,11,intervention,0.002323
36,11,intervention,0.00236
39,11,intervention,0.002339
42,11,intervention,0.0023545
45,11,intervention,0.0023705
48,11,intervention,0.0023245
0,110,intervention,0.001452
3,110,intervention,0.0014975
6,110,intervention,0.001459
9,110,intervention,0.001495
12,110,intervention,0.0014995
15,110,intervention,0.001479
18,110,intervention,0.001521
21,110,intervention,0.001539
24,110,intervention,0.001543
27,110,intervention,0.001533
30,110,intervention,0.0015455
33,110,intervention,0.0016035
36,110,intervention,0.001625
39,110,intervention,0.0015905
42,110,intervention,0.00159
45,110,intervention,0.001602
48,110,intervention,0.0016
0,111,intervention,0.0015345
3,111,intervention,0.001547
6,111,intervention,0.0015505
9,111,intervention,0.0015455
12,111,intervention,0.0015905
15,111,intervention,0.001577
18,111,intervention,0.001605
21,111,intervention,0.001642
24,111,intervention,0.001649
27,111,intervention,0.0016265
30,111,intervention,0.0016755
33,111,intervention,0.001687
36,111,intervention,0.001681
39,111,intervention,0.0016995
42,111,intervention,0.0016855
45,111,intervention,0.0017075
48,111,intervention,0.0017015
0,112,intervention,0.0018745
3,112,intervention,0.001855
6,112,intervention,0.0018405
9,112,intervention,0.0018905
12,112,intervention,0.001885
15,112,intervention,0.001894
18,112,intervention,0.001904
21,112,intervention,0.0019545
24,112,intervention,0.0019445
27,112,intervention,0.001971
30,112,intervention,0.0019385
33,112,intervention,0.001951
36,112,intervention,0.0019935
39,112,intervention,0.0019655
42,112,intervention,0.001962
45,112,intervention,0.0020155
48,112,intervention,0.001987
0,113,intervention,0.0025205
3,113,intervention,0.0024915
6,113,intervention,0.0025075
9,113,intervention,0.0025825
12,113,intervention,0.0025595
15,113,intervention,0.002543
18,113,intervention,0.0025225
21,113,intervention,0.002577
24,113,intervention,0.0026015
27,113,intervention,0.002594
30,113,intervention,0.00265
33,113,intervention,0.0026365
36,113,intervention,0.002704
39,113,intervention,0.002661
42,113,intervention,0.002672
45,113,intervention,0.0026815
48,113,intervention,0.0026715
0,114,intervention,0.001891
3,114,intervention,0.001878
6,114,intervention,0.0018625
9,114,intervention,0.0019015
12,114,intervention,0.0019505
15,114,intervention,0.001923
18,114,intervention,0.001941
21,114,intervention,0.0019835
24,114,intervention,0.0019665
27,114,intervention,0.002004
30,114,intervention,0.002005
33,114,intervention,0.0020395
36,114,intervention,0.002063
39,114,intervention,0.0020645
42,114,intervention,0.0020535
45,114,intervention,0.00207
48,114,intervention,0.002066
0,115,intervention,0.002421
3,115,intervention,0.0024705
6,115,intervention,0.0024655
9,115,intervention,0.002521
12,115,intervention,0.002506
15,115,intervention,0.0025115
18,115,intervention,0.002562
21,115,intervention,0.002545
24,115,intervention,0.0025755
27,115,intervention,0.002573
30,115,intervention,0.002585
33,115,intervention,0.002611
36,115,intervention,0.0026445
39,115,intervention,0.0026155
42,115,intervention,0.002617
45,115,intervention,0.0026375
48,115,intervention,0.002647
0,116,intervention,0.0026735
3,116,intervention,0.0026495
6,116,intervention,0.0026685
9,116,intervention,0.002736
12,116,intervention,0.002727
15,116,intervention,0.0026765
18,116,intervention,0.0026975
21,116,intervention,0.0027465
24,116,intervention,0.0027855
27,116,intervention,0.0027835
30,116,intervention,0.002718
33,116,intervention,0.002847
36,116,intervention,0.0028695
39,116,intervention,0.002848
42,116,intervention,0.0028445
45,116,intervention,0.0028235
48,116,intervention,0.0028625
0,117,intervention,0.002542
3,117,intervention,0.002548
6,117,intervention,0.002573
9,117,intervention,0.0026405
12,117,intervention,0.002625
15,117,intervention,0.0026125
18,117,intervention,0.002617
21,117,intervention,0.0026435
24,117,intervention,0.002671
27,117,intervention,0.0026795
30,117,intervention,0.0026865
33,117,intervention,0.0026805
36,117,intervention,0.002777
39,117,intervention,0.002734
42,117,intervention,0.002711
45,117,intervention,0.0027235
48,117,intervention,0.00272
0,118,intervention,0.002133
3,118,intervention,0.0021305
6,118,intervention,0.0021655
9,118,intervention,0.0021425
12,118,intervention,0.0021785
15,118,intervention,0.002197
18,118,intervention,0.002196
21,118,intervention,0.0022525
24,118,intervention,0.002252
27,118,intervention,0.0022395
30,118,intervention,0.002263
33,118,intervention,0.002292
36,118,intervention,0.0022855
39,118,intervention,0.0023225
42,118,intervention,0.00229
45,118,intervention,0.002314
48,118,intervention,0.002283
0,119,intervention,0.005349
3,119,intervention,0.005363
6,119,intervention,0.005431
9,119,intervention,0.005425
12,119,intervention,0.005425
15,119,intervention,0.005468
18,119,intervention,0.005446
21,119,intervention,0.005514
24,119,intervention,0.005516
27,119,intervention,0.0055285
30,119,intervention,0.0055525
33,119,intervention,0.0055825
36,119,intervention,0.0056395
39,119,intervention,0.00555
42,119,intervention,0.0055895
45,119,intervention,0.005584
48,119,intervention,0.0055705
0,12,intervention,0.002372
3,12,intervention,0.0023905
6,12,intervention,0.0023965
9,12,intervention,0.0024085
12,12,intervention,0.0024535
15,12,intervention,0.002424
18,12,intervention,0.0024375
21,12,intervention,0.0024655
24,12,intervention,0.0025055
27,12,intervention,0.002486
30,12,intervention,0.002464
33,12,intervention,0.002523
36,12,intervention,0.002566
39,12,intervention,0.002577
42,12,intervention,0.0025125
45,12,intervention,0.00252
48,12,intervention,0.0025675
0,120,intervention,0.002646
3,120,intervention,0.002639
6,120,intervention,0.002656
9,120,intervention,0.002704
12,120,intervention,0.0027115
15,120,intervention,0.0027175
18,120,intervention,0.0027215
21,120,intervention,0.0027595
24,120,intervention,0.002773
27,120,intervention,0.0027185
30,120,intervention,0.0027364999999999998
33,120,intervention,0.0027925
36,120,intervention,0.002806
39,120,intervention,0.002789
42,120,intervention,0.0028125
45,120,intervention,0.002806
48,120,intervention,0.002803
0,121,intervention,0.003336
3,121,intervention,0.003324
6,121,intervention,0.0032795
9,121,intervention,0.0033405
12,121,intervention,0.0033805
15,121,intervention,0.003352
18,121,intervention,0.0033795
21,121,intervention,0.003461
24,121,intervention,0.0034345
27,121,intervention,0.003406
30,121,intervention,0.003425
33,121,intervention,0.003463
36,121,intervention,0.003497
39,121,intervention,0.003482
42,121,intervention,0.0034765
45,121,intervention,0.003483
48,121,intervention,0.003513
0,122,intervention,0.0027755
3,122,intervention,0.0028015
6,122,intervention,0.0028555
9,122,intervention,0.002833
12,122,intervention,0.002851
15,122,intervention,0.0028625
18,122,intervention,0.0028445
21,122,intervention,0.0028945
24,122,intervention,0.002884
27,122,intervention,0.0029205
30,122,intervention,0.002907
33,122,intervention,0.002932
36,122,intervention,0.002984
39,122,intervention,0.0029445
42,122,intervention,0.00298
45,122,intervention,0.00296
48,122,intervention,0.002984
0,123,intervention,0.003137
3,123,intervention,0.00318
6,123,intervention,0.003148
9,123,intervention,0.003213
12,123,intervention,0.0032105
15,123,intervention,0.0031945
18,123,intervention,0.00321
21,123,intervention,0.003241
24,123,intervention,0.003257
27,123,intervention,0.0032515
30,123,intervention,0.003318
33,123,intervention,0.0033475
36,123,intervention,0.0033695
39,123,intervention,0.003353
42,123,intervention,0.0033075
45,123,intervention,0.0033435
48,123,intervention,0.003372
0,124,intervention,0.0019945
3,124,intervention,0.0019595
6,124,intervention,0.0019755
9,124,intervention,0.0019865
12,124,intervention,0.0020125
15,124,intervention,0.0019905
18,124,intervention,0.0019545
21,124,intervention,0.0020305
24,124,intervention,0.0020495
27,124,intervention,0.002015
30,124,intervention,0.0020885
33,124,intervention,0.002101
36,124,intervention,0.0021135
39,124,intervention,0.0020995
42,124,intervention,0.0021075
45,124,intervention,0.0021285
48,124,intervention,0.0021125
0,125,intervention,0.0015675
3,125,intervention,0.001587
6,125,intervention,0.0015905
9,125,intervention,0.00161
12,125,intervention,0.001617
15,125,intervention,0.0016375
18,125,intervention,0.001658
21,125,intervention,0.001654
24,125,intervention,0.00166
27,125,intervention,0.001674
30,125,intervention,0.0016815
33,125,intervention,0.001704
36,125,intervention,0.001717
39,125,intervention,0.0017255
42,125,intervention,0.0017035
45,125,intervention,0.0017335
48,125,intervention,0.001711
0,126,intervention,0.001748
3,126,intervention,0.0017535
6,126,intervention,0.0017595
9,126,intervention,0.0017785
12,126,intervention,0.001785
15,126,intervention,0.00178
18,126,intervention,0.001775
21,126,intervention,0.001815
24,126,intervention,0.001859
27,126,intervention,0.00185
30,126,intervention,0.001837
33,126,intervention,0.0018585
36,126,intervention,0.0018855
39,126,intervention,0.0019105
42,126,intervention,0.0018605
45,126,intervention,0.0019005
48,126,intervention,0.0018685
0,127,intervention,0.001999
3,127,intervention,0.001981
6,127,intervention,0.00201
9,127,intervention,0.002049
12,127,intervention,0.0020635
15,127,intervention,0.002054
18,127,intervention,0.0020695
21,127,intervention,0.0020935
24,127,intervention,0.002099
27,127,intervention,0.002096
30,127,intervention,0.0021235
33,127,intervention,0.0021645
36,127,intervention,0.002185
39,127,intervention,0.0021445
42,127,intervention,0.0021555
45,127,intervention,0.002162
48,127,intervention,0.002179
0,128,intervention,0.001445
3,128,intervention,0.001444
6,128,intervention,0.0014705
9,128,intervention,0.0014885
12,128,intervention,0.001496
15,128,intervention,0.001501
18,128,intervention,0.0015125
21,128,intervention,0.0015375
24,128,intervention,0.0015655
27,128,intervention,0.001537
30,128,intervention,0.0015515
33,128,intervention,0.0015815
36,128,intervention,0.0016005
39,128,intervention,0.0015805
42,128,intervention,0.0015895
45,128,intervention,0.0016085
48,128,intervention,0.0016065
0,129,intervention,0.002281
3,129,intervention,0.002268
6,129,intervention,0.002228
9,129,intervention,0.0023155
12,129,intervention,0.002323
15,129,intervention,0.0023045
18,129,intervention,0.002324
21,129,intervention,0.0023245
24,129,intervention,0.0023675
27,129,intervention,0.002348
30,129,intervention,0.0023535
33,129,intervention,0.0024215
36,129,intervention,0.002437
39,129,intervention,0.002415
42,129,intervention,0.0024375
45,129,intervention,0.0024195
48,129,intervention,0.002429
0,13,intervention,0.0018685
3,13,intervention,0.0018955
6,13,intervention,0.0019005
9,13,intervention,0.001919
12,13,intervention,0.001913
15,13,intervention,0.0019075
18,13,intervention,0.0019195
21,13,intervention,0.001927
24,13,intervention,0.0019745
27,13,intervention,0.001953
30,13,intervention,0.0019595
33,13,intervention,0.0020035
36,13,intervention,0.002035
39,13,intervention,0.002026
42,13,intervention,0.002058
45,13,intervention,0.002034
48,13,intervention,0.002042
0,130,intervention,0.0025825
3,130,intervention,0.0025755
6,130,intervention,0.0025935
9,130,intervention,0.0026095
12,130,intervention,0.0025995
15,130,intervention,0.0026325
18,130,intervention,0.0026265
21,130,intervention,0.0026485
24,130,intervention,0.0026885
27,130,intervention,0.0026765
30,130,intervention,0.0026965
33,130,intervention,0.0027215
36,130,intervention,0.002712
39,130,intervention,0.0027625
42,130,intervention,0.0027375
45,130,intervention,0.002764
48,130,intervention,0.0027615
0,131,intervention,0.004821
3,131,intervention,0.00483
6,131,intervention,0.004851
9,131,intervention,0.004802
12,131,intervention,0.004927
15,131,intervention,0.0049385
18,131,intervention,0.0048675
21,131,intervention,0.0049135
24,131,intervention,0.004967
27,131,intervention,0.0049705
30,131,intervention,0.0049555
33,131,intervention,0.0050585
36,131,intervention,0.0049975
39,131,intervention,0.0049975
42,131,intervention,0.00498
45,131,intervention,0.0049705
48,131,intervention,0.004996
0,132,intervention,0.0018695
3,132,intervention,0.001892
6,132,intervention,0.001892
9,132,intervention,0.0019205
12,132,intervention,0.0019265
15,132,intervention,0.001963
18,132,intervention,0.001925
21,132,intervention,0.0019625
24,132,intervention,0.001994
27,132,intervention,0.001983
30,132,intervention,0.00197
33,132,intervention,0.00202
36,132,intervention,0.002078
39,132,intervention,0.0020605
42,132,intervention,0.002072
45,132,intervention,0.0020385
48,132,intervention,0.002076
0,133,intervention,0.0051265
3,133,intervention,0.0050945
6,133,intervention,0.005127
9,133,intervention,0.005116
12,133,intervention,0.005154
15,133,intervention,0.0051515
18,133,intervention,0.0051815
21,133,intervention,0.00519
24,133,intervention,0.005209
27,133,intervention,0.005218
30,133,intervention,0.0052225
33,133,intervention,0.0052755
36,133,intervention,0.0052705
39,133,intervention,0.0052775
42,133,intervention,0.005257
45,133,intervention,0.005197
48,133,intervention,0.0052515
0,134,intervention,0.002426
3,134,intervention,0.0024165
6,134,intervention,0.0024275
9,134,intervention,0.0024915
12,134,intervention,0.002506
15,134,intervention,0.0024825
18,134,intervention,0.002532
21,134,intervention,0.0025645
24,134,intervention,0.0025365
27,134,intervention,0.0025585
30,134,intervention,0.002576
33,134,intervention,0.0025535
36,134,intervention,0.002611
39,134,intervention,0.0026295
42,134,intervention,0.0026105
45,134,intervention,0.002626
48,134,intervention,0.0026185
0,135,intervention,0.003009
3,135,intervention,0.0030485
6,135,intervention,0.002998
9,135,intervention,0.003054
12,135,intervention,0.0030715
15,135,intervention,0.0030385
18,135,intervention,0.003023
21,135,intervention,0.003099
24,135,intervention,0.003134
27,135,intervention,0.00312
30,135,intervention,0.0031215
33,135,intervention,0.0031295
36,135,intervention,0.003178
39,135,intervention,0.003157
42,135,intervention,0.003178
45,135,intervention,0.0032075
48,135,intervention,0.003172
0,136,intervention,0.0031325
3,136,intervention,0.003141
6,136,intervention,0.003145
9,136,intervention,0.0031435
12,136,intervention,0.0031485
15,136,intervention,0.003201
18,136,intervention,0.003172
21,136,intervention,0.00319
24,136,intervention,0.003217
27,136,intervention,0.0032525
30,136,intervention,0.00324
33,136,intervention,0.003288
36,136,intervention,0.003296
39,136,intervention,0.0033155
42,136,intervention,0.003322
45,136,intervention,0.0032955
48,136,intervention,0.0033005
0,137,intervention,0.003894
3,137,intervention,0.0039265
6,137,intervention,0.0038845
9,137,intervention,0.003953
12,137,intervention,0.0039445
15,137,intervention,0.0039455
18,137,intervention,0.0039845
21,137,intervention,0.0040185
24,137,intervention,0.004024
27,137,intervention,0.004031
30,137,intervention,0.0040425
33,137,intervention,0.004059
36,137,intervention,0.004053
39,137,intervention,0.00407
42,137,intervention,0.00406
45,137,intervention,0.004095
48,137,intervention,0.004066
0,138,intervention,0.003175
3,138,intervention,0.003205
6,138,intervention,0.0032025
9,138,intervention,0.0031935
12,138,intervention,0.0032525
15,138,intervention,0.003206
18,138,intervention,0.0032085
21,138,intervention,0.003347
24,138,intervention,0.003251
27,138,intervention,0.003279
30,138,intervention,0.0032955
33,138,intervention,0.003312
36,138,intervention,0.003349
39,138,intervention,0.0033435
42,138,intervention,0.003348
45,138,intervention,0.0033425
48,138,intervention,0.003358
0,139,intervention,0.0028805
3,139,intervention,0.0028875
6,139,intervention,0.002856
9,139,intervention,0.0028865
12,139,intervention,0.0029105
15,139,intervention,0.002887
18,139,intervention,0.002888
21,139,intervention,0.002959
24,139,intervention,0.002956
27,139,intervention,0.0029475
30,139,intervention,0.0029515
33,139,intervention,0.0030375
36,139,intervention,0.003027
39,139,intervention,0.0030255
42,139,intervention,0.0030005
45,139,intervention,0.0030055
48,139,intervention,0.003016
0,14,intervention,0.001134
3,14,intervention,0.001135
6,14,intervention,0.0011245
9,14,intervention,0.0011545
12,14,intervention,0.0011685
15,14,intervention,0.0011595
18,14,intervention,0.0011475
21,14,intervention,0.0011835
24,14,intervention,0.0012055
27,14,intervention,0.0012015
30,14,intervention,0.0012245
33,14,intervention,0.0012585
36,14,intervention,0.0012775
39,14,intervention,0.001274
42,14,intervention,0.001261
45,14,intervention,0.0012605
48,14,intervention,0.0012855
0,140,intervention,0.002232
3,140,intervention,0.0022255
6,140,intervention,0.002235
9,140,intervention,0.002259
12,140,intervention,0.00226
15,140,intervention,0.002297
18,140,intervention,0.002283
21,140,intervention,0.002308
24,140,intervention,0.002324
27,140,intervention,0.002336
30,140,intervention,0.002329
33,140,intervention,0.0024
36,140,intervention,0.0024095
39,140,intervention,0.002391
42,140,intervention,0.002384
45,140,intervention,0.002404
48,140,intervention,0.0023745
0,141,intervention,0.0032685
3,141,intervention,0.0032475
6,141,intervention,0.003263
9,141,intervention,0.0032605
12,141,intervention,0.003349
15,141,intervention,0.0032755
18,141,intervention,0.0033025
21,141,intervention,0.0033205
24,141,intervention,0.003335
27,141,intervention,0.0033635
30,141,intervention,0.0033935
33,141,intervention,0.0034135
36,141,intervention,0.0034505
39,141,intervention,0.003461
42,141,intervention,0.003452
45,141,intervention,0.0034515
48,141,intervention,0.0034135
0,142,intervention,0.002318
3,142,intervention,0.002319
6,142,intervention,0.0023615
9,142,intervention,0.0023605
12,142,intervention,0.002361
15,142,intervention,0.0023855
18,142,intervention,0.0023465
21,142,intervention,0.002416
24,142,intervention,0.0024305
27,142,intervention,0.0024475
30,142,intervention,0.002408
33,142,intervention,0.0025
36,142,intervention,0.0024855
39,142,intervention,0.002503
42,142,intervention,0.002489
45,142,intervention,0.0025335
48,142,intervention,0.002504
0,143,intervention,0.002916
3,143,intervention,0.002886
6,143,intervention,0.0028805
9,143,intervention,0.0028695
12,143,intervention,0.0029225
15,143,intervention,0.002904
18,143,intervention,0.0028985
21,143,intervention,0.002956
24,143,intervention,0.0029555
27,143,intervention,0.002965
30,143,intervention,0.002965
33,143,intervention,0.002991
36,143,intervention,0.003029
39,143,intervention,0.0030805
42,143,intervention,0.003035
45,143,intervention,0.0030335
48,143,intervention,0.003041
0,144,intervention,0.0020255
3,144,intervention,0.0020335
6,144,intervention,0.002038
9,144,intervention,0.002065
12,144,intervention,0.002042
15,144,intervention,0.0020705
18,144,intervention,0.002078
21,144,intervention,0.0020875
24,144,intervention,0.0021225
27,144,intervention,0.002108
30,144,intervention,0.002131
33,144,intervention,0.002141
36,144,intervention,0.002176
39,144,intervention,0.0021575
42,144,intervention,0.00217
45,144,intervention,0.0021765
48,144,intervention,0.002211
0,145,intervention,0.0018065
3,145,intervention,0.0018125
6,145,intervention,0.001823
9,145,intervention,0.001786
12,145,intervention,0.001833
15,145,intervention,0.0018125
18,145,intervention,0.00184
21,145,intervention,0.001817
24,145,intervention,0.001867
27,145,intervention,0.0018915
30,145,intervention,0.0018815
33,145,intervention,0.0019005
36,145,intervention,0.001932
39,145,intervention,0.001981
42,145,intervention,0.001933
45,145,intervention,0.001938
48,145,intervention,0.001946
0,146,intervention,0.0019915
3,146,intervention,0.001987
6,146,intervention,0.0019805
9,146,intervention,0.00201
12,146,intervention,0.002014
15,146,intervention,0.0020325
18,146,intervention,0.0020145
21,146,intervention,0.0020555
24,146,intervention,0.0020735
27,146,intervention,0.0020655
30,146,intervention,0.0020835
33,146,intervention,0.0020725
36,146,intervention,0.002128
39,146,intervention,0.002118
42,146,intervention,0.0021315
45,146,intervention,0.002129
48,146,intervention,0.00215
0,147,intervention,0.001915
3,147,intervention,0.0018595
6,147,intervention,0.001895
9,147,intervention,0.0019245
12,147,intervention,0.0019325
15,147,intervention,0.001898
18,147,intervention,0.0019295
21,147,intervention,0.001952
24,147,intervention,0.0019875
27,147,intervention,0.001954
30,147,intervention,0.001982
33,147,intervention,0.002019
36,147,intervention,0.00203
39,147,intervention,0.0020075
42,147,intervention,0.002022
45,147,intervention,0.00202
48,147,intervention,0.0020145
0,148,intervention,0.001777
3,148,intervention,0.0017825
6,148,intervention,0.0017805
9,148,intervention,0.001807
12,148,intervention,0.0018045
15,148,intervention,0.001822
18,148,intervention,0.0018235
21,148,intervention,0.001826
24,148,intervention,0.0019135
27,148,intervention,0.001882
30,148,intervention,0.001889
33,148,intervention,0.0019085
36,148,intervention,0.001906
39,148,intervention,0.0019155
42,148,intervention,0.0019275
45,148,intervention,0.0019355
48,148,intervention,0.001918
0,149,intervention,0.004078
3,149,intervention,0.00403
6,149,intervention,0.0040425
9,149,intervention,0.0040845
12,149,intervention,0.004076
15,149,intervention,0.004081
18,149,intervention,0.00408
21,149,intervention,0.004131
24,149,intervention,0.004162
27,149,intervention,0.004173
30,149,intervention,0.0041645
33,149,intervention,0.0042155
36,149,intervention,0.004214
39,149,intervention,0.0041975
42,149,intervention,0.0041615
45,149,intervention,0.004197
48,149,intervention,0.0041965
0,15,intervention,0.002815
3,15,intervention,0.0027825
6,15,intervention,0.0027815
9,15,intervention,0.002857
12,15,intervention,0.0028625
15,15,intervention,0.0028415
18,15,intervention,0.0028745
21,15,intervention,0.002855
24,15,intervention,0.002895
27,15,intervention,0.00291
30,15,intervention,0.0029055
33,15,intervention,0.0029705
36,15,intervention,0.002937
39,15,intervention,0.002939
42,15,intervention,0.00296
45,15,intervention,0.0029655
48,15,intervention,0.0029195
0,150,intervention,0.001804
3,150,intervention,0.0018185
6,150,intervention,0.00181
9,150,intervention,0.001863
12,150,intervention,0.0018665
15,150,intervention,0.001868
18,150,intervention,0.001853
21,150,intervention,0.001878
24,150,intervention,0.0019025
27,150,intervention,0.0018805
30,150,intervention,0.0019105
33,150,intervention,0.001922
36,150,intervention,0.001986
39,150,intervention,0.001956
42,150,intervention,0.001952
45,150,intervention,0.0019755
48,150,intervention,0.0019795
0,151,intervention,0.0026085
3,151,intervention,0.0025845
6,151,intervention,0.002561
9,151,intervention,0.002617
12,151,intervention,0.002603
15,151,intervention,0.0026225
18,151,intervention,0.002626
21,151,intervention,0.0026625
24,151,intervention,0.002681
27,151,intervention,0.0026935
30,151,intervention,0.0026715
33,151,intervention,0.0027265
36,151,intervention,0.002743
39,151,intervention,0.002731
42,151,intervention,0.0027505
45,151,intervention,0.0027345
48,151,intervention,0.0027385
0,152,intervention,0.002928
3,152,intervention,0.0029395
6,152,intervention,0.002909
9,152,intervention,0.002958
12,152,intervention,0.0029905
15,152,intervention,0.002976
18,152,intervention,0.0029755
21,152,intervention,0.0029775
24,152,intervention,0.0030345
27,152,intervention,0.003023
30,152,intervention,0.00305
33,152,intervention,0.003072
36,152,intervention,0.0031145
39,152,intervention,0.003048
42,152,intervention,0.003099
45,152,intervention,0.003112
48,152,intervention,0.003097
0,153,intervention,0.0055695
3,153,intervention,0.005571
6,153,intervention,0.0055845
9,153,intervention,0.0055915
12,153,intervention,0.005615
15,153,intervention,0.0055905
18,153,intervention,0.00557
21,153,intervention,0.0056555
24,153,intervention,0.00566
27,153,intervention,0.005708
30,153,intervention,0.005663
33,153,intervention,0.005715
36,153,intervention,0.005738
39,153,intervention,0.005747
42,153,intervention,0.00572
45,153,intervention,0.0057585
48,153,intervention,0.005748
0,154,intervention,0.002409
3,154,intervention,0.0024225
6,154,intervention,0.0024215
9,154,intervention,0.0024755
12,154,intervention,0.0024595
15,154,intervention,0.00246
18,154,intervention,0.0024685
21,154,intervention,0.0025145
24,154,intervention,0.002527
27,154,intervention,0.002525
30,154,intervention,0.002547
33,154,intervention,0.002559
36,154,intervention,0.002613
39,154,intervention,0.0025945
42,154,intervention,0.002603
45,154,intervention,0.0026045
48,154,intervention,0.002594
0,155,intervention,0.002689
3,155,intervention,0.002729
6,155,intervention,0.0027115
9,155,intervention,0.002753
12,155,intervention,0.0027615
15,155,intervention,0.0028
18,155,intervention,0.0027565
21,155,intervention,0.0028285
24,155,intervention,0.0028485
27,155,intervention,0.0028535
30,155,intervention,0.0028445
33,155,intervention,0.002899
36,155,intervention,0.002912
39,155,intervention,0.0028995
42,155,intervention,0.0028925
45,155,intervention,0.002878
48,155,intervention,0.002893
0,156,intervention,0.001778
3,156,intervention,0.0018165
6,156,intervention,0.0017815
9,156,intervention,0.0018125
12,156,intervention,0.0018125
15,156,intervention,0.0018105
18,156,intervention,0.001855
21,156,intervention,0.001868
24,156,intervention,0.0018915
27,156,intervention,0.001874
30,156,intervention,0.0018985
33,156,intervention,0.001935
36,156,intervention,0.0019365
39,156,intervention,0.0019485
42,156,intervention,0.0019225
45,156,intervention,0.0019395
48,156,intervention,0.001933
0,157,intervention,0.002264
3,157,intervention,0.002256
6,157,intervention,0.0023035
9,157,intervention,0.0022955
12,157,intervention,0.0023345
15,157,intervention,0.0023025
18,157,intervention,0.0023265
21,157,intervention,0.0023325
24,157,intervention,0.0024015
27,157,intervention,0.002338
30,157,intervention,0.002369
33,157,intervention,0.0023955
36,157,intervention,0.00246
39,157,intervention,0.0024235
42,157,intervention,0.002407
45,157,intervention,0.0024495
48,157,intervention,0.002448
0,158,intervention,0.002294
3,158,intervention,0.002284
6,158,intervention,0.0023185
9,158,intervention,0.0023235
12,158,intervention,0.002356
15,158,intervention,0.0023685
18,158,intervention,0.0023745
21,158,intervention,0.0023605
24,158,intervention,0.0023935
27,158,intervention,0.002396
30,158,intervention,0.002402
33,158,intervention,0.0023975
36,158,intervention,0.0024125
39,158,intervention,0.002462
42,158,intervention,0.0024295
45,158,intervention,0.0024725
48,158,intervention,0.002422
0,159,intervention,0.0018025
3,159,intervention,0.001778
6,159,intervention,0.0017995
9,159,intervention,0.001822
12,159,intervention,0.001828
15,159,intervention,0.001854
18,159,intervention,0.0018600000000000001
21,159,intervention,0.0018955
24,159,intervention,0.001899
27,159,intervention,0.0018985
30,159,intervention,0.001872
33,159,intervention,0.001933
36,159,intervention,0.0019495
39,159,intervention,0.0019835
42,159,intervention,0.001924
45,159,intervention,0.0019825
48,159,intervention,0.0019485
0,16,intervention,0.002033
3,16,intervention,0.00204
6,16,intervention,0.0020105
9,16,intervention,0.0020845
12,16,intervention,0.0020705
15,16,intervention,0.0020655
18,16,intervention,0.0021055
21,16,intervention,0.00212
24,16,intervention,0.002146
27,16,intervention,0.002133
30,16,intervention,0.0021595
33,16,intervention,0.0021365
36,16,intervention,0.002158
39,16,intervention,0.0021795
42,16,intervention,0.002188
45,16,intervention,0.0021695
48,16,intervention,0.002203
0,160,intervention,0.002057
3,160,intervention,0.0020655
6,160,intervention,0.002078
9,160,intervention,0.002095
12,160,intervention,0.002107
15,160,intervention,0.0021185
18,160,intervention,0.002106
21,160,intervention,0.0021825
24,160,intervention,0.002192
27,160,intervention,0.002153
30,160,intervention,0.002177
33,160,intervention,0.0022205
36,160,intervention,0.002213
39,160,intervention,0.002253
42,160,intervention,0.0022265
45,160,intervention,0.002208
48,160,intervention,0.0022165
0,161,intervention,0.0021375
3,161,intervention,0.0021535
6,161,intervention,0.0021665
9,161,intervention,0.0021765
12,161,intervention,0.002197
15,161,intervention,0.0021805
18,161,intervention,0.002212
21,161,intervention,0.0022245
24,161,intervention,0.0022555
27,161,intervention,0.002242
30,161,intervention,0.002237
33,161,intervention,0.002277
36,161,intervention,0.0023015
39,161,intervention,0.002292
42,161,intervention,0.0023225
45,161,intervention,0.002295
48,161,intervention,0.00234
0,162,intervention,0.0025695
3,162,intervention,0.0025825
6,162,intervention,0.002591
9,162,intervention,0.0026165
12,162,intervention,0.0026425
15,162,intervention,0.0025985
18,162,intervention,0.0026185
21,162,intervention,0.002664
24,162,intervention,0.002699
27,162,intervention,0.002685
30,162,intervention,0.0027095
33,162,intervention,0.0027325
36,162,intervention,0.0027595
39,162,intervention,0.002741
42,162,intervention,0.002736
45,162,intervention,0.0027075
48,162,intervention,0.002748
0,163,intervention,0.0041255
3,163,intervention,0.0040925
6,163,intervention,0.004129
9,163,intervention,0.004157
12,163,intervention,0.0041335
15,163,intervention,0.0041145
18,163,intervention,0.0041595
21,163,intervention,0.0042255
24,163,intervention,0.004205
27,163,intervention,0.0042015
30,163,intervention,0.004255
33,163,intervention,0.004244
36,163,intervention,0.0042995
39,163,intervention,0.0042475
42,163,intervention,0.004259
45,163,intervention,0.0042965
48,163,intervention,0.004255
0,164,intervention,0.0031965
3,164,intervention,0.0032
6,164,intervention,0.0031845
9,164,intervention,0.0032295
12,164,intervention,0.0032515
15,164,intervention,0.003274
18,164,intervention,0.003256
21,164,intervention,0.003302
24,164,intervention,0.003316
27,164,intervention,0.0033105
30,164,intervention,0.0033165
33,164,intervention,0.0033115
36,164,intervention,0.003345
39,164,intervention,0.0033655
42,164,intervention,0.0033785
45,164,intervention,0.0033865
48,164,intervention,0.0033505
0,165,intervention,0.0015135
3,165,intervention,0.001506
6,165,intervention,0.0015115
9,165,intervention,0.0015465
12,165,intervention,0.0015345
15,165,intervention,0.0015545
18,165,intervention,0.0015355
21,165,intervention,0.0016095
24,165,intervention,0.001608
27,165,intervention,0.0016015
30,165,intervention,0.00162
33,165,intervention,0.0016245
36,165,intervention,0.0016555
39,165,intervention,0.00167
42,165,intervention,0.001666
45,165,intervention,0.001659
48,165,intervention,0.001653
0,166,intervention,0.0019555
3,166,intervention,0.001936
6,166,intervention,0.001959
9,166,intervention,0.001978
12,166,intervention,0.0020075
15,166,intervention,0.0020345
18,166,intervention,0.00204
21,166,intervention,0.0020455
24,166,intervention,0.002064
27,166,intervention,0.002072
30,166,intervention,0.0020485
33,166,intervention,0.0020895
36,166,intervention,0.00213
39,166,intervention,0.0021215
42,166,intervention,0.002099
45,166,intervention,0.002112
48,166,intervention,0.002131
0,167,intervention,0.0041495
3,167,intervention,0.0041815
6,167,intervention,0.004171
9,167,intervention,0.0041575
12,167,intervention,0.00418
15,167,intervention,0.0041415
18,167,intervention,0.0042225
21,167,intervention,0.004229
24,167,intervention,0.0042235
27,167,intervention,0.0042185
30,167,intervention,0.0042175
33,167,intervention,0.0042995
36,167,intervention,0.0042785
39,167,intervention,0.004268
42,167,intervention,0.0042845
45,167,intervention,0.004334
48,167,intervention,0.004283
0,168,intervention,0.0016715
3,168,intervention,0.0016505
6,168,intervention,0.001663
9,168,intervention,0.001718
12,168,intervention,0.0016945
15,168,intervention,0.001709
18,168,intervention,0.0017105
21,168,intervention,0.0017305
24,168,intervention,0.001763
27,168,intervention,0.001738
30,168,intervention,0.001751
33,168,intervention,0.001793
36,168,intervention,0.0018145
39,168,intervention,0.001789
42,168,intervention,0.0018325
45,168,intervention,0.001835
48,168,intervention,0.001813
0,169,intervention,0.0026975
3,169,intervention,0.00271
6,169,intervention,0.002743
9,169,intervention,0.002747
12,169,intervention,0.0027675
15,169,intervention,0.002772
18,169,intervention,0.0027935
21,169,intervention,0.0027725
24,169,intervention,0.0028475
27,169,intervention,0.002801
30,169,intervention,0.002781
33,169,intervention,0.0028335
36,169,intervention,0.002866
39,169,intervention,0.0028415
42,169,intervention,0.002869
45,169,intervention,0.002891
48,169,intervention,0.0028595
0,17,intervention,0.002459
3,17,intervention,0.0024305
6,17,intervention,0.0024345
9,17,intervention,0.0025245
12,17,intervention,0.0025145
15,17,intervention,0.002496
18,17,intervention,0.0024975
21,17,intervention,0.002524
24,17,intervention,0.0025825
27,17,intervention,0.002569
30,17,intervention,0.0025635
33,17,intervention,0.002594
36,17,intervention,0.002646
39,17,intervention,0.002639
42,17,intervention,0.0026015
45,17,intervention,0.002625
48,17,intervention,0.002631
0,170,intervention,0.003233
3,170,intervention,0.003255
6,170,intervention,0.0032595
9,170,intervention,0.0032765
12,170,intervention,0.0033245
15,170,intervention,0.003299
18,170,intervention,0.003292
21,170,intervention,0.0033335
24,170,intervention,0.0033985
27,170,intervention,0.0033505
30,170,intervention,0.0033865
33,170,intervention,0.003417
36,170,intervention,0.003431
39,170,intervention,0.0033985
42,170,intervention,0.0034035
45,170,intervention,0.0034245
48,170,intervention,0.0034005
0,171,intervention,0.001452
3,171,intervention,0.001394
6,171,intervention,0.001412
9,171,intervention,0.001427
12,171,intervention,0.00147
15,171,intervention,0.0014235
18,171,intervention,0.001467
21,171,intervention,0.001474
24,171,intervention,0.001497
27,171,intervention,0.0014845
30,171,intervention,0.001483
33,171,intervention,0.001513
36,171,intervention,0.001543
39,171,intervention,0.0015535
42,171,intervention,0.00156
45,171,intervention,0.001564
48,171,intervention,0.001528
0,172,intervention,0.0027425
3,172,intervention,0.002702
6,172,intervention,0.0027425
9,172,intervention,0.0027745
12,172,intervention,0.002821
15,172,intervention,0.002803
18,172,intervention,0.0027785
21,172,intervention,0.002838
24,172,intervention,0.0028585
27,172,intervention,0.002814
30,172,intervention,0.0028665
33,172,intervention,0.002866
36,172,intervention,0.0029265
39,172,intervention,0.0029115
42,172,intervention,0.002884
45,172,intervention,0.0029005
48,172,intervention,0.0029295
0,173,intervention,0.0027005
3,173,intervention,0.0027
6,173,intervention,0.0027405
9,173,intervention,0.002784
12,173,intervention,0.002774
15,173,intervention,0.002744
18,173,intervention,0.0027935
21,173,intervention,0.002793
24,173,intervention,0.0028685
27,173,intervention,0.002853
30,173,intervention,0.0028895
33,173,intervention,0.0028805
36,173,intervention,0.0028875
39,173,intervention,0.002891
42,173,intervention,0.0028645
45,173,intervention,0.002878
48,173,intervention,0.002896
0,174,intervention,0.0026385
3,174,intervention,0.0026205
6,174,intervention,0.0026135
9,174,intervention,0.0025965
12,174,intervention,0.0026665
15,174,intervention,0.002656
18,174,intervention,0.00266
21,174,intervention,0.0027265
24,174,intervention,0.002766
27,174,intervention,0.002735
30,174,intervention,0.002738
33,174,intervention,0.0027415
36,174,intervention,0.002795
39,174,intervention,0.002789
42,174,intervention,0.0027935
45,174,intervention,0.0027685
48,174,intervention,0.00276
0,175,intervention,0.0027364999999999998
3,175,intervention,0.0027325
6,175,intervention,0.002733
9,175,intervention,0.0027465
12,175,intervention,0.002765
15,175,intervention,0.002791
18,175,intervention,0.0027935
21,175,intervention,0.0028595
24,175,intervention,0.002839
27,175,intervention,0.0028705
30,175,intervention,0.0028455
33,175,intervention,0.0028635
36,175,intervention,0.002933
39,175,intervention,0.0029005
42,175,intervention,0.002889
45,175,intervention,0.002928
48,175,intervention,0.0029075
0,176,intervention,0.0019815
3,176,intervention,0.0020085
6,176,intervention,0.001988
9,176,intervention,0.0020285
12,176,intervention,0.002039
15,176,intervention,0.0020715
18,176,intervention,0.002061
21,176,intervention,0.0020805
24,176,intervention,0.002092
27,176,intervention,0.002088
30,176,intervention,0.002088
33,176,intervention,0.002126
36,176,intervention,0.002184
39,176,intervention,0.0021605
42,176,intervention,0.0021725
45,176,intervention,0.002159
48,176,intervention,0.002138
0,177,intervention,0.002784
3,177,intervention,0.0027935
6,177,intervention,0.0027915
9,177,intervention,0.00281
12,177,intervention,0.0028295
15,177,intervention,0.0028525
18,177,intervention,0.002824
21,177,intervention,0.002857
24,177,intervention,0.0028985
27,177,intervention,0.0028485
30,177,intervention,0.002898
33,177,intervention,0.002913
36,177,intervention,0.0029395
39,177,intervention,0.00295
42,177,intervention,0.0029355
45,177,intervention,0.0029415
48,177,intervention,0.002932
0,178,intervention,0.0030115
3,178,intervention,0.00303
6,178,intervention,0.0030175000000000002
9,178,intervention,0.003037
12,178,intervention,0.003105
15,178,intervention,0.0030835
18,178,intervention,0.00311
21,178,intervention,0.0030865
24,178,intervention,0.0031175
27,178,intervention,0.003115
30,178,intervention,0.003135
33,178,intervention,0.0031705
36,178,intervention,0.0031455
39,178,intervention,0.003194
42,178,intervention,0.003196
45,178,intervention,0.00322
48,178,intervention,0.003197
0,179,intervention,0.00265
3,179,intervention,0.0026655
6,179,intervention,0.002636
9,179,intervention,0.002656
12,179,intervention,0.002704
15,179,intervention,0.0026965
18,179,intervention,0.002678
21,179,intervention,0.002722
24,179,intervention,0.0027215
27,179,intervention,0.0027375
30,179,intervention,0.002763
33,179,intervention,0.002798
36,179,intervention,0.0028185
39,179,intervention,0.002808
42,179,intervention,0.0028035
45,179,intervention,0.0027505
48,179,intervention,0.0027985
0,18,intervention,0.0016565
3,18,intervention,0.001644
6,18,intervention,0.001628
9,18,intervention,0.001661
12,18,intervention,0.0016935
15,18,intervention,0.0016885
18,18,intervention,0.0016975
21,18,intervention,0.001735
24,18,intervention,0.0017245
27,18,intervention,0.0017085
30,18,intervention,0.0017465
33,18,intervention,0.001786
36,18,intervention,0.0018135
39,18,intervention,0.0018045
42,18,intervention,0.0018015
45,18,intervention,0.0018155
48,18,intervention,0.0018165
0,180,intervention,0.0014435
3,180,intervention,0.001442
6,180,intervention,0.001435
9,180,intervention,0.0014605
12,180,intervention,0.0014675
15,180,intervention,0.0014675
18,180,intervention,0.0014615
21,180,intervention,0.0015005
24,180,intervention,0.0015335
27,180,intervention,0.001504
30,180,intervention,0.001542
33,180,intervention,0.001519
36,180,intervention,0.0015625
39,180,intervention,0.001567
42,180,intervention,0.0015735
45,180,intervention,0.0015755
48,180,intervention,0.001585
0,181,intervention,0.002343
3,181,intervention,0.0023625
6,181,intervention,0.0023515
9,181,intervention,0.0023655
12,181,intervention,0.002356
15,181,intervention,0.0023885
18,181,intervention,0.0023585
21,181,intervention,0.0024375
24,181,intervention,0.0024675
27,181,intervention,0.002428
30,181,intervention,0.0024605
33,181,intervention,0.0024835
36,181,intervention,0.002506
39,181,intervention,0.0025025
42,181,intervention,0.002499
45,181,intervention,0.0024995
48,181,intervention,0.0025195
0,182,intervention,0.0018385
3,182,intervention,0.0018365
6,182,intervention,0.0018405
9,182,intervention,0.0018515
12,182,intervention,0.0018455
15,182,intervention,0.0018685
18,182,intervention,0.001876
21,182,intervention,0.001869
24,182,intervention,0.00194
27,182,intervention,0.0018885
30,182,intervention,0.001923
33,182,intervention,0.0019185
36,182,intervention,0.001976
39,182,intervention,0.0019415
42,182,intervention,0.0019855
45,182,intervention,0.001972
48,182,intervention,0.00196
0,183,intervention,0.0018435
3,183,intervention,0.0018325
6,183,intervention,0.0018375
9,183,intervention,0.0018815
12,183,intervention,0.0019135
15,183,intervention,0.001874
18,183,intervention,0.0018815
21,183,intervention,0.001957
24,183,intervention,0.001931
27,183,intervention,0.001952
30,183,intervention,0.001926
33,183,intervention,0.0019685
36,183,intervention,0.0019795
39,183,intervention,0.0019815
42,183,intervention,0.0019885
45,183,intervention,0.0020295
48,183,intervention,0.0020085
0,184,intervention,0.0019295
3,184,intervention,0.001959
6,184,intervention,0.001931
9,184,intervention,0.0019785
12,184,intervention,0.0019945
15,184,intervention,0.0019685
18,184,intervention,0.001998
21,184,intervention,0.001999
24,184,intervention,0.002043
27,184,intervention,0.002038
30,184,intervention,0.002007
33,184,intervention,0.0020445
36,184,intervention,0.0021005
39,184,intervention,0.0020865
42,184,intervention,0.0021035
45,184,intervention,0.002104
48,184,intervention,0.0020995
0,185,intervention,0.003577
3,185,intervention,0.00359
6,185,intervention,0.003561
9,185,intervention,0.003624
12,185,intervention,0.003574
15,185,intervention,0.00361
18,185,intervention,0.0036305
21,185,intervention,0.0036585
24,185,intervention,0.003672
27,185,intervention,0.0036755
30,185,intervention,0.003668
33,185,intervention,0.003718
36,185,intervention,0.0036755
39,185,intervention,0.003724
42,185,intervention,0.0037175
45,185,intervention,0.003745
48,185,intervention,0.003765
0,186,intervention,0.0031235
3,186,intervention,0.003126
6,186,intervention,0.003135
9,186,intervention,0.0031765
12,186,intervention,0.0031615
15,186,intervention,0.0031385
18,186,intervention,0.0031915
21,186,intervention,0.003178
24,186,intervention,0.0032125
27,186,intervention,0.0032475
30,186,intervention,0.003233
33,186,intervention,0.003266
36,186,intervention,0.0033085
39,186,intervention,0.003263
42,186,intervention,0.0033205
45,186,intervention,0.0032975
48,186,intervention,0.003304
0,187,intervention,0.0030605
3,187,intervention,0.0030285
6,187,intervention,0.0030345
9,187,intervention,0.0031005
12,187,intervention,0.0031185
15,187,intervention,0.0030715
18,187,intervention,0.0031
21,187,intervention,0.0031505
24,187,intervention,0.003152
27,187,intervention,0.003155
30,187,intervention,0.0031665
33,187,intervention,0.0032095
36,187,intervention,0.00323
39,187,intervention,0.0031685
42,187,intervention,0.003185
45,187,intervention,0.003177
48,187,intervention,0.0032025
0,188,intervention,0.003793
3,188,intervention,0.0037945
6,188,intervention,0.003791
9,188,intervention,0.0038615
12,188,intervention,0.0038845
15,188,intervention,0.003832
18,188,intervention,0.003882
21,188,intervention,0.0039135
24,188,intervention,0.0039325
27,188,intervention,0.0039655
30,188,intervention,0.003935
33,188,intervention,0.0039875
36,188,intervention,0.00397
39,188,intervention,0.003949
42,188,intervention,0.0039895
45,188,intervention,0.003934
48,188,intervention,0.003959
0,189,intervention,0.0028835
3,189,intervention,0.002924
6,189,intervention,0.002909
9,189,intervention,0.002918
12,189,intervention,0.00294
15,189,intervention,0.002938
18,189,intervention,0.0029405
21,189,intervention,0.002996
24,189,intervention,0.003013
27,189,intervention,0.002981
30,189,intervention,0.0030115
33,189,intervention,0.0030845
36,189,intervention,0.00304
39,189,intervention,0.003042
42,189,intervention,0.003036
45,189,intervention,0.003092
48,189,intervention,0.0030975
0,19,intervention,0.004339
3,19,intervention,0.0043395
6,19,intervention,0.0043795
9,19,intervention,0.004385
12,19,intervention,0.0043935
15,19,intervention,0.004425
18,19,intervention,0.0044435
21,19,intervention,0.0044785
24,19,intervention,0.004484
27,19,intervention,0.004529
30,19,intervention,0.0044945
33,19,intervention,0.004535
36,19,intervention,0.004579
39,19,intervention,0.004543
42,19,intervention,0.004527
45,19,intervention,0.0045435
48,19,intervention,0.004501
0,190,intervention,0.003432
3,190,intervention,0.003485
6,190,intervention,0.003447
9,190,intervention,0.003495
12,190,intervention,0.0035125
15,190,intervention,0.0035505
18,190,intervention,0.003539
21,190,intervention,0.003575
24,190,intervention,0.003609
27,190,intervention,0.003608
30,190,intervention,0.003578
33,190,intervention,0.0036755
36,190,intervention,0.003685
39,190,intervention,0.0037015
42,190,intervention,0.003642
45,190,intervention,0.003599
48,190,intervention,0.0036465
0,191,intervention,0.002106
3,191,intervention,0.0021125
6,191,intervention,0.0021645
9,191,intervention,0.002151
12,191,intervention,0.0021495
15,191,intervention,0.002129
18,191,intervention,0.002163
21,191,intervention,0.00219
24,191,intervention,0.002234
27,191,intervention,0.002189
30,191,intervention,0.0022105
33,191,intervention,0.0022585
36,191,intervention,0.002304
39,191,intervention,0.0023015
42,191,intervention,0.0022795
45,191,intervention,0.002304
48,191,intervention,0.002314
0,192,intervention,0.002583
3,192,intervention,0.0025705
6,192,intervention,0.002598
9,192,intervention,0.002651
12,192,intervention,0.0026135
15,192,intervention,0.002623
18,192,intervention,0.0026385
21,192,intervention,0.0026695
24,192,intervention,0.0026895
27,192,intervention,0.0026685
30,192,intervention,0.0027
33,192,intervention,0.002773
36,192,intervention,0.00278
39,192,intervention,0.002744
42,192,intervention,0.002787
45,192,intervention,0.0027405
48,192,intervention,0.0027275
0,193,intervention,0.003452
3,193,intervention,0.003388
6,193,intervention,0.0034475
9,193,intervention,0.0034755
12,193,intervention,0.003523
15,193,intervention,0.0035255
18,193,intervention,0.0035215
21,193,intervention,0.0035475
24,193,intervention,0.0035515
27,193,intervention,0.003581
30,193,intervention,0.0036015
33,193,intervention,0.0036085
36,193,intervention,0.003613
39,193,intervention,0.003593
42,193,intervention,0.0036555
45,193,intervention,0.003644
48,193,intervention,0.0036435
0,194,intervention,0.00292
3,194,intervention,0.002919
6,194,intervention,0.002932
9,194,intervention,0.0029875
12,194,intervention,0.002985
15,194,intervention,0.002985
18,194,intervention,0.002996
21,194,intervention,0.003008
24,194,intervention,0.0030485
27,194,intervention,0.003019
30,194,intervention,0.003034
33,194,intervention,0.0031065
36,194,intervention,0.0031295
39,194,intervention,0.0030945
42,194,intervention,0.0031075
45,194,intervention,0.003135
48,194,intervention,0.0031105
0,195,intervention,0.0031325
3,195,intervention,0.0030875
6,195,intervention,0.003133
9,195,intervention,0.0030925
12,195,intervention,0.0031815
15,195,intervention,0.003198
18,195,intervention,0.0031755
21,195,intervention,0.00321
24,195,intervention,0.0032165
27,195,intervention,0.0032015
30,195,intervention,0.0031735
33,195,intervention,0.003263
36,195,intervention,0.003268
39,195,intervention,0.0033075
42,195,intervention,0.00329
45,195,intervention,0.003268
48,195,intervention,0.003264
0,196,intervention,0.0025345
3,196,intervention,0.0025295
6,196,intervention,0.0025695
9,196,intervention,0.002574
12,196,intervention,0.0025935
15,196,intervention,0.0025865
18,196,intervention,0.00258
21,196,intervention,0.00265
24,196,intervention,0.0026465
27,196,intervention,0.0026505
30,196,intervention,0.002685
33,196,intervention,0.0027085
36,196,intervention,0.002734
39,196,intervention,0.002753
42,196,intervention,0.0027345
45,196,intervention,0.0027425
48,196,intervention,0.002732
0,197,intervention,0.0042995
3,197,intervention,0.004314
6,197,intervention,0.0043195
9,197,intervention,0.0043485
12,197,intervention,0.0043965
15,197,intervention,0.0043845
18,197,intervention,0.0044005
21,197,intervention,0.0043795
24,197,intervention,0.004432
27,197,intervention,0.004436
30,197,intervention,0.004394
33,197,intervention,0.0044485
36,197,intervention,0.004476
39,197,intervention,0.004431
42,197,intervention,0.004476
45,197,intervention,0.0044955
48,197,intervention,0.004488
0,198,intervention,0.001746
3,198,intervention,0.001763
6,198,intervention,0.001777
9,198,intervention,0.001773
12,198,intervention,0.001809
15,198,intervention,0.00177
18,198,intervention,0.0018195
21,198,intervention,0.0018215
24,198,intervention,0.0018265
27,198,intervention,0.0018235
30,198,intervention,0.001858
33,198,intervention,0.0018875
36,198,intervention,0.0018945
39,198,intervention,0.0018685
42,198,intervention,0.001883
45,198,intervention,0.0018955
48,198,intervention,0.001883
0,199,intervention,0.0016865
3,199,intervention,0.0016835
6,199,intervention,0.0017005
9,199,intervention,0.001748
12,199,intervention,0.0017435
15,199,intervention,0.0017505
18,199,intervention,0.0017265
21,199,intervention,0.001769
24,199,intervention,0.00176
27,199,intervention,0.0017835
30,199,intervention,0.001779
33,199,intervention,0.0018225
36,199,intervention,0.001858
39,199,intervention,0.0018645
42,199,intervention,0.0018355
45,199,intervention,0.0018675
48,199,intervention,0.0018775
0,2,intervention,0.002585
3,2,intervention,0.0025845
6,2,intervention,0.002581
9,2,intervention,0.0025895
12,2,intervention,0.002646
15,2,intervention,0.0026615
18,2,intervention,0.0026135
21,2,intervention,0.002685
24,2,intervention,0.00268
27,2,intervention,0.002714
30,2,intervention,0.0026955
33,2,intervention,0.002771
36,2,intervention,0.002769
39,2,intervention,0.0027665
42,2,intervention,0.0027585
45,2,intervention,0.002767
48,2,intervention,0.0027865
0,20,intervention,0.002093
3,20,intervention,0.002126
6,20,intervention,0.002087
9,20,intervention,0.002169
12,20,intervention,0.00219
15,20,intervention,0.002163
18,20,intervention,0.0021455
21,20,intervention,0.0022235000000000002
24,20,intervention,0.0022325
27,20,intervention,0.0022225
30,20,intervention,0.0022055
33,20,intervention,0.002273
36,20,intervention,0.0022735
39,20,intervention,0.0022835
42,20,intervention,0.0022805
45,20,intervention,0.0022955
48,20,intervention,0.0022895
0,200,intervention,0.0030635
3,200,intervention,0.0030525
6,200,intervention,0.003068
9,200,intervention,0.003102
12,200,intervention,0.003174
15,200,intervention,0.0031155
18,200,intervention,0.003113
21,200,intervention,0.0031565
24,200,intervention,0.003157
27,200,intervention,0.0031795
30,200,intervention,0.003181
33,200,intervention,0.0031975
36,200,intervention,0.003236
39,200,intervention,0.003238
42,200,intervention,0.003231
45,200,intervention,0.003221
48,200,intervention,0.003236
0,21,intervention,0.0029975
3,21,intervention,0.0030135
6,21,intervention,0.003031
9,21,intervention,0.003073
12,21,intervention,0.0030715
15,21,intervention,0.003037
18,21,intervention,0.0030775
21,21,intervention,0.0031085
24,21,intervention,0.003109
27,21,intervention,0.0030975
30,21,intervention,0.003099
33,21,intervention,0.003172
36,21,intervention,0.003165
39,21,intervention,0.0031745
42,21,intervention,0.003168
45,21,intervention,0.0031725
48,21,intervention,0.0031935
0,22,intervention,0.0026175
3,22,intervention,0.002626
6,22,intervention,0.002612
9,22,intervention,0.002642
12,22,intervention,0.002679
15,22,intervention,0.0026915
18,22,intervention,0.002665
21,22,intervention,0.002725
24,22,intervention,0.002733
27,22,intervention,0.002687
30,22,intervention,0.002709
33,22,intervention,0.0027595
36,22,intervention,0.0028045
39,22,intervention,0.002777
42,22,intervention,0.0028125
45,22,intervention,0.0028015
48,22,intervention,0.002792
0,23,intervention,0.0022905
3,23,intervention,0.0022915
6,23,intervention,0.0023085
9,23,intervention,0.0023095
12,23,intervention,0.002331
15,23,intervention,0.002334
18,23,intervention,0.0023675
21,23,intervention,0.0023765
24,23,intervention,0.0023795
27,23,intervention,0.0023765
30,23,intervention,0.0024255
33,23,intervention,0.0024405
36,23,intervention,0.0025045
39,23,intervention,0.0024535
42,23,intervention,0.0024665
45,23,intervention,0.0024265
48,23,intervention,0.002454
0,24,intervention,0.0025135
3,24,intervention,0.0024885
6,24,intervention,0.002526
9,24,intervention,0.0025485
12,24,intervention,0.0025755
15,24,intervention,0.002563
18,24,intervention,0.00259
21,24,intervention,0.002583
24,24,intervention,0.0026245
27,24,intervention,0.0026105
30,24,intervention,0.0026505
33,24,intervention,0.0026775
36,24,intervention,0.0026945
39,24,intervention,0.002687
42,24,intervention,0.0026825
45,24,intervention,0.0027065
48,24,intervention,0.0026745
0,25,intervention,0.0019625
3,25,intervention,0.0019365
6,25,intervention,0.001941
9,25,intervention,0.0019985
12,25,intervention,0.0020205
15,25,intervention,0.0019905
18,25,intervention,0.001989
21,25,intervention,0.0020345
24,25,intervention,0.002092
27,25,intervention,0.002067
30,25,intervention,0.0020945
33,25,intervention,0.002117
36,25,intervention,0.002151
39,25,intervention,0.002095
42,25,intervention,0.0021605
45,25,intervention,0.002129
48,25,intervention,0.002166
0,26,intervention,0.0039635
3,26,intervention,0.0039885
6,26,intervention,0.00397
9,26,intervention,0.003943
12,26,intervention,0.004004
15,26,intervention,0.003997
18,26,intervention,0.0040135
21,26,intervention,0.0040565
24,26,intervention,0.0040965
27,26,intervention,0.0040705
30,26,intervention,0.004083
33,26,intervention,0.0041685
36,26,intervention,0.004132
39,26,intervention,0.004197
42,26,intervention,0.0041345
45,26,intervention,0.004197
48,26,intervention,0.004187
0,27,intervention,0.003475
3,27,intervention,0.0034655
6,27,intervention,0.0033995
9,27,intervention,0.0034475
12,27,intervention,0.0034415
15,27,intervention,0.0034795
18,27,intervention,0.003483
21,27,intervention,0.0035185
24,27,intervention,0.003513
27,27,intervention,0.0035365
30,27,intervention,0.0035005
33,27,intervention,0.00355
36,27,intervention,0.0035885
39,27,intervention,0.00358
42,27,intervention,0.0036035
45,27,intervention,0.0035935
48,27,intervention,0.003568
0,28,intervention,0.002033
3,28,intervention,0.0020285
6,28,intervention,0.0020215
9,28,intervention,0.0020595
12,28,intervention,0.0020865
15,28,intervention,0.002082
18,28,intervention,0.002099
21,28,intervention,0.0020965
24,28,intervention,0.002117
27,28,intervention,0.002099
30,28,intervention,0.0021265
33,28,intervention,0.00215
36,28,intervention,0.0021615
39,28,intervention,0.0021485
42,28,intervention,0.002165
45,28,intervention,0.002179
48,28,intervention,0.002189
0,29,intervention,0.00208
3,29,intervention,0.0020545
6,29,intervention,0.002104
9,29,intervention,0.0020995
12,29,intervention,0.002144
15,29,intervention,0.0021245
18,29,intervention,0.0021435
21,29,intervention,0.0021575
24,29,intervention,0.0021495
27,29,intervention,0.002165
30,29,intervention,0.0021815
33,29,intervention,0.002202
36,29,intervention,0.0022335
39,29,intervention,0.0022065
42,29,intervention,0.0022355
45,29,intervention,0.00224
48,29,intervention,0.0022325
0,3,intervention,0.0031275
3,3,intervention,0.003124
6,3,intervention,0.003148
9,3,intervention,0.003199
12,3,intervention,0.0031865
15,3,intervention,0.003177
18,3,intervention,0.0031765
21,3,intervention,0.0031725
24,3,intervention,0.0032455
27,3,intervention,0.003289
30,3,intervention,0.003267
33,3,intervention,0.0032685
36,3,intervention,0.003331
39,3,intervention,0.0032865
42,3,intervention,0.0033135
45,3,intervention,0.0032595
48,3,intervention,0.003288
0,30,intervention,0.0028225
3,30,intervention,0.002789
6,30,intervention,0.002812
9,30,intervention,0.002843
12,30,intervention,0.0028825
15,30,intervention,0.002861
18,30,intervention,0.002844
21,30,intervention,0.002883
24,30,intervention,0.002911
27,30,intervention,0.0029125
30,30,intervention,0.002925
33,30,intervention,0.0029545
36,30,intervention,0.0029595
39,30,intervention,0.0029475
42,30,intervention,0.0029545
45,30,intervention,0.0029955
48,30,intervention,0.002962
0,31,intervention,0.0026205
3,31,intervention,0.0026025
6,31,intervention,0.0025925
9,31,intervention,0.002648
12,31,intervention,0.002674
15,31,intervention,0.002645
18,31,intervention,0.002641
21,31,intervention,0.002682
24,31,intervention,0.0027235
27,31,intervention,0.002744
30,31,intervention,0.0027645
33,31,intervention,0.0027915
36,31,intervention,0.002805
39,31,intervention,0.00282
42,31,intervention,0.002764
45,31,intervention,0.0027765
48,31,intervention,0.0027945
0,32,intervention,0.004036
3,32,intervention,0.00401
6,32,intervention,0.004056
9,32,intervention,0.0041095
12,32,intervention,0.00407
15,32,intervention,0.0040905
18,32,intervention,0.004062
21,32,intervention,0.004104
24,32,intervention,0.004133
27,32,intervention,0.0041055
30,32,intervention,0.0041825
33,32,intervention,0.004198
36,32,intervention,0.0041905
39,32,intervention,0.00417
42,32,intervention,0.0041895
45,32,intervention,0.004191
48,32,intervention,0.004196
0,33,intervention,0.002357
3,33,intervention,0.0023245
6,33,intervention,0.0023345
9,33,intervention,0.0023625
12,33,intervention,0.002392
15,33,intervention,0.002371
18,33,intervention,0.0023825
21,33,intervention,0.002444
24,33,intervention,0.0024495
27,33,intervention,0.0024455
30,33,intervention,0.0024435
33,33,intervention,0.002529
36,33,intervention,0.002503
39,33,intervention,0.0024625
42,33,intervention,0.0024975
45,33,intervention,0.002495
48,33,intervention,0.0025095
0,34,intervention,0.0026735
3,34,intervention,0.002698
6,34,intervention,0.002725
9,34,intervention,0.002722
12,34,intervention,0.002734
15,34,intervention,0.002738
18,34,intervention,0.002751
21,34,intervention,0.002772
24,34,intervention,0.002831
27,34,intervention,0.0028065
30,34,intervention,0.0028085
33,34,intervention,0.0028445
36,34,intervention,0.0028785
39,34,intervention,0.0028595
42,34,intervention,0.0028315
45,34,intervention,0.002873
48,34,intervention,0.002869
0,35,intervention,0.002136
3,35,intervention,0.0021175
6,35,intervention,0.002095
9,35,intervention,0.002171
12,35,intervention,0.0021815
15,35,intervention,0.002174
18,35,intervention,0.002184
21,35,intervention,0.0022075
24,35,intervention,0.00223
27,35,intervention,0.002234
30,35,intervention,0.002208
33,35,intervention,0.0022745
36,35,intervention,0.002298
39,35,intervention,0.0023235
42,35,intervention,0.002297
45,35,intervention,0.002287
48,35,intervention,0.002272
0,36,intervention,0.002713
3,36,intervention,0.002678
6,36,intervention,0.0026845
9,36,intervention,0.002724
12,36,intervention,0.0027225
15,36,intervention,0.0027435
18,36,intervention,0.002716
21,36,intervention,0.0027615
24,36,intervention,0.0027925
27,36,intervention,0.0027685
30,36,intervention,0.002789
33,36,intervention,0.0028395
36,36,intervention,0.002845
39,36,intervention,0.002856
42,36,intervention,0.0028725
45,36,intervention,0.002834
48,36,intervention,0.0028235
0,37,intervention,0.002058
3,37,intervention,0.0020195
6,37,intervention,0.002037
9,37,intervention,0.002056
12,37,intervention,0.0020845
15,37,intervention,0.0020875
18,37,intervention,0.0020945
21,37,intervention,0.002097
24,37,intervention,0.0021275
27,37,intervention,0.002112
30,37,intervention,0.0021675
33,37,intervention,0.002186
36,37,intervention,0.00221
39,37,intervention,0.002214
42,37,intervention,0.0021925
45,37,intervention,0.002223
48,37,intervention,0.0022465
0,38,intervention,0.0029675
3,38,intervention,0.0029585
6,38,intervention,0.0029355
9,38,intervention,0.002956
12,38,intervention,0.002984
15,38,intervention,0.0029945
18,38,intervention,0.0029795
21,38,intervention,0.0029915
24,38,intervention,0.0030685
27,38,intervention,0.0030405
30,38,intervention,0.0030435
33,38,intervention,0.0030865
36,38,intervention,0.003115
39,38,intervention,0.0031385
42,38,intervention,0.0031335
45,38,intervention,0.00308
48,38,intervention,0.003138
0,39,intervention,0.002078
3,39,intervention,0.0020795
6,39,intervention,0.002089
9,39,intervention,0.0020985
12,39,intervention,0.002099
15,39,intervention,0.0021075
18,39,intervention,0.0021575
21,39,intervention,0.0021455
24,39,intervention,0.0021935
27,39,intervention,0.0021545
30,39,intervention,0.002112
33,39,intervention,0.00223
36,39,intervention,0.002222
39,39,intervention,0.002212
42,39,intervention,0.002211
45,39,intervention,0.0022415
48,39,intervention,0.0022215
0,4,intervention,0.0022715
3,4,intervention,0.0022515
6,4,intervention,0.0022775
9,4,intervention,0.002328
12,4,intervention,0.0023055
15,4,intervention,0.00233
18,4,intervention,0.0022775
21,4,intervention,0.002373
24,4,intervention,0.002372
27,4,intervention,0.0023825
30,4,intervention,0.002392
33,4,intervention,0.002404
36,4,intervention,0.002458
39,4,intervention,0.002429
42,4,intervention,0.00244
45,4,intervention,0.0024335
48,4,intervention,0.0024375
0,40,intervention,0.0015
3,40,intervention,0.0014815
6,40,intervention,0.0014945
9,40,intervention,0.0015005
12,40,intervention,0.0015435
15,40,intervention,0.0015145
18,40,intervention,0.001552
21,40,intervention,0.0015385
24,40,intervention,0.001568
27,40,intervention,0.001584
30,40,intervention,0.0015645
33,40,intervention,0.001608
36,40,intervention,0.001642
39,40,intervention,0.0016135
42,40,intervention,0.00161
45,40,intervention,0.0016235
48,40,intervention,0.001621
0,41,intervention,0.0018845
3,41,intervention,0.001879
6,41,intervention,0.0018745
9,41,intervention,0.001907
12,41,intervention,0.0019155
15,41,intervention,0.0019225
18,41,intervention,0.0019005
21,41,intervention,0.0019355
24,41,intervention,0.001988
27,41,intervention,0.0019675
30,41,intervention,0.0019455
33,41,intervention,0.0019995
36,41,intervention,0.002025
39,41,intervention,0.0020145
42,41,intervention,0.002012
45,41,intervention,0.00203
48,41,intervention,0.0020455
0,42,intervention,0.003614
3,42,intervention,0.0035605
6,42,intervention,0.0035795000000000002
9,42,intervention,0.0036035
12,42,intervention,0.003657
15,42,intervention,0.0036785
18,42,intervention,0.003665
21,42,intervention,0.003704
24,42,intervention,0.0037495
27,42,intervention,0.003711
30,42,intervention,0.003707
33,42,intervention,0.0038075
36,42,intervention,0.003788
39,42,intervention,0.003776
42,42,intervention,0.0037605
45,42,intervention,0.0037905
48,42,intervention,0.003791
0,43,intervention,0.0019785
3,43,intervention,0.001976
6,43,intervention,0.001968
9,43,intervention,0.0019895
12,43,intervention,0.0020065
15,43,intervention,0.001991
18,43,intervention,0.002036
21,43,intervention,0.0020345
24,43,intervention,0.0020495
27,43,intervention,0.0020705
30,43,intervention,0.002047
33,43,intervention,0.002101
36,43,intervention,0.002122
39,43,intervention,0.0021165
42,43,intervention,0.002104
45,43,intervention,0.002114
48,43,intervention,0.002111
0,44,intervention,0.0024165
3,44,intervention,0.0024035
6,44,intervention,0.002443
9,44,intervention,0.0024675
12,44,intervention,0.002456
15,44,intervention,0.002489
18,44,intervention,0.002446
21,44,intervention,0.002517
24,44,intervention,0.0025345
27,44,intervention,0.0025145
30,44,intervention,0.0025085
33,44,intervention,0.00254
36,44,intervention,0.0025545
39,44,intervention,0.0025825
42,44,intervention,0.0025835
45,44,intervention,0.0025895
48,44,intervention,0.002554
0,45,intervention,0.0028545
3,45,intervention,0.0028855
6,45,intervention,0.0028815
9,45,intervention,0.002925
12,45,intervention,0.002934
15,45,intervention,0.0029215
18,45,intervention,0.002903
21,45,intervention,0.0029545
24,45,intervention,0.002973
27,45,intervention,0.002963
30,45,intervention,0.0029935
33,45,intervention,0.002971
36,45,intervention,0.003069
39,45,intervention,0.0030445
42,45,intervention,0.0030315
45,45,intervention,0.0030405
48,45,intervention,0.0030355
0,46,intervention,0.001851
3,46,intervention,0.0018715
6,46,intervention,0.001848
9,46,intervention,0.00191
12,46,intervention,0.001908
15,46,intervention,0.001887
18,46,intervention,0.001912
21,46,intervention,0.001921
24,46,intervention,0.0019365
27,46,intervention,0.0019385
30,46,intervention,0.001968
33,46,intervention,0.0020045
36,46,intervention,0.00201
39,46,intervention,0.002011
42,46,intervention,0.0020225
45,46,intervention,0.0020035
48,46,intervention,0.0020265
0,47,intervention,0.0032115
3,47,intervention,0.003198
6,47,intervention,0.003224
9,47,intervention,0.0032735
12,47,intervention,0.0032595
15,47,intervention,0.003279
18,47,intervention,0.003265
21,47,intervention,0.0033055
24,47,intervention,0.0033385
27,47,intervention,0.003343
30,47,intervention,0.003341
33,47,intervention,0.003383
36,47,intervention,0.003431
39,47,intervention,0.0033775
42,47,intervention,0.0033935
45,47,intervention,0.0033705
48,47,intervention,0.003397
0,48,intervention,0.002468
3,48,intervention,0.002474
6,48,intervention,0.0024605
9,48,intervention,0.00252
12,48,intervention,0.0025565
15,48,intervention,0.0025185
18,48,intervention,0.002528
21,48,intervention,0.0025765
24,48,intervention,0.002568
27,48,intervention,0.002569
30,48,intervention,0.002556
33,48,intervention,0.0026305
36,48,intervention,0.0026415
39,48,intervention,0.0026395
42,48,intervention,0.0026025
45,48,intervention,0.0026515
48,48,intervention,0.0026725
0,49,intervention,0.0015485
3,49,intervention,0.001552
6,49,intervention,0.00153
9,49,intervention,0.0015455
12,49,intervention,0.001571
15,49,intervention,0.001549
18,49,intervention,0.001565
21,49,intervention,0.001608
24,49,intervention,0.0016185
27,49,intervention,0.0016195
30,49,intervention,0.0016415
33,49,intervention,0.0016715
36,49,intervention,0.0016935
39,49,intervention,0.001697
42,49,intervention,0.001685
45,49,intervention,0.0016835
48,49,intervention,0.001693
0,5,intervention,0.002437
3,5,intervention,0.002401
6,5,intervention,0.002462
9,5,intervention,0.0024535
12,5,intervention,0.002448
15,5,intervention,0.0024745
18,5,intervention,0.002499
21,5,intervention,0.0025195
24,5,intervention,0.002551
27,5,intervention,0.002568
30,5,intervention,0.0025415
33,5,intervention,0.0025915
36,5,intervention,0.002569
39,5,intervention,0.0026195
42,5,intervention,0.0026185
45,5,intervention,0.002611
48,5,intervention,0.0026305
0,50,intervention,0.0033695
3,50,intervention,0.003378
6,50,intervention,0.0034395
9,50,intervention,0.0034225
12,50,intervention,0.003411
15,50,intervention,0.003406
18,50,intervention,0.0034405
21,50,intervention,0.0034625
24,50,intervention,0.0035015
27,50,intervention,0.0035115
30,50,intervention,0.0034585
33,50,intervention,0.0035495
36,50,intervention,0.00355
39,50,intervention,0.003535
42,50,intervention,0.0035495
45,50,intervention,0.0035125
48,50,intervention,0.0035215
0,51,intervention,0.003831
3,51,intervention,0.003839
6,51,intervention,0.003901
9,51,intervention,0.003875
12,51,intervention,0.0039375
15,51,intervention,0.0038945
18,51,intervention,0.0039005
21,51,intervention,0.0039235
24,51,intervention,0.00396
27,51,intervention,0.0039545
30,51,intervention,0.00396
33,51,intervention,0.0040035
36,51,intervention,0.004015
39,51,intervention,0.0040365
42,51,intervention,0.00405
45,51,intervention,0.004051
48,51,intervention,0.004038
0,52,intervention,0.0031775
3,52,intervention,0.003177
6,52,intervention,0.0031745
9,52,intervention,0.003215
12,52,intervention,0.0032265
15,52,intervention,0.0032185
18,52,intervention,0.003233
21,52,intervention,0.00326
24,52,intervention,0.003309
27,52,intervention,0.0032855
30,52,intervention,0.0032875
33,52,intervention,0.003378
36,52,intervention,0.003343
39,52,intervention,0.003349
42,52,intervention,0.003314
45,52,intervention,0.0033705
48,52,intervention,0.0033705
0,53,intervention,0.001323
3,53,intervention,0.0013415
6,53,intervention,0.0013305
9,53,intervention,0.001371
12,53,intervention,0.00137
15,53,intervention,0.0013605
18,53,intervention,0.0013435
21,53,intervention,0.0013895
24,53,intervention,0.001404
27,53,intervention,0.0014045
30,53,intervention,0.001406
33,53,intervention,0.0014785
36,53,intervention,0.0014795
39,53,intervention,0.001461
42,53,intervention,0.001465
45,53,intervention,0.0014685
48,53,intervention,0.0014875
0,54,intervention,0.002741
3,54,intervention,0.0027465
6,54,intervention,0.002748
9,54,intervention,0.002794
12,54,intervention,0.0027925
15,54,intervention,0.0028005
18,54,intervention,0.002827
21,54,intervention,0.002856
24,54,intervention,0.002894
27,54,intervention,0.002817
30,54,intervention,0.0028545
33,54,intervention,0.002885
36,54,intervention,0.002904
39,54,intervention,0.0028475
42,54,intervention,0.002895
45,54,intervention,0.0028925
48,54,intervention,0.002854
0,55,intervention,0.002126
3,55,intervention,0.0021085
6,55,intervention,0.0021305
9,55,intervention,0.0021365
12,55,intervention,0.002188
15,55,intervention,0.002164
18,55,intervention,0.002174
21,55,intervention,0.0021795
24,55,intervention,0.0021975
27,55,intervention,0.002232
30,55,intervention,0.002222
33,55,intervention,0.002249
36,55,intervention,0.0022925
39,55,intervention,0.0022505
42,55,intervention,0.002273
45,55,intervention,0.0022695
48,55,intervention,0.002286
0,56,intervention,0.001157
3,56,intervention,0.001176
6,56,intervention,0.001175
9,56,intervention,0.001208
12,56,intervention,0.0012205
15,56,intervention,0.00122
18,56,intervention,0.0012135
21,56,intervention,0.001226
24,56,intervention,0.0012515
27,56,intervention,0.0012885
30,56,intervention,0.001309
33,56,intervention,0.001303
36,56,intervention,0.00133
39,56,intervention,0.001332
42,56,intervention,0.0012945
45,56,intervention,0.0013245
48,56,intervention,0.0013335
0,57,intervention,0.0041660000000000004
3,57,intervention,0.004179
6,57,intervention,0.0042
9,57,intervention,0.004262
12,57,intervention,0.004246
15,57,intervention,0.0042245
18,57,intervention,0.0042535
21,57,intervention,0.004274
24,57,intervention,0.0043
27,57,intervention,0.004305
30,57,intervention,0.004299
33,57,intervention,0.0043
36,57,intervention,0.004389
39,57,intervention,0.0044215
42,57,intervention,0.004347
45,57,intervention,0.0043315
48,57,intervention,0.0043505
0,58,intervention,0.0013265
3,58,intervention,0.0013165
6,58,intervention,0.001331
9,58,intervention,0.001361
12,58,intervention,0.001379
15,58,intervention,0.0013755
18,58,intervention,0.0013715
21,58,intervention,0.001409
24,58,intervention,0.0014285
27,58,intervention,0.0014135
30,58,intervention,0.0014525
33,58,intervention,0.001472
36,58,intervention,0.0014825
39,58,intervention,0.001458
42,58,intervention,0.0014935
45,58,intervention,0.0014815
48,58,intervention,0.0014905
0,59,intervention,0.0029455
3,59,intervention,0.002961
6,59,intervention,0.002935
9,59,intervention,0.0029835
12,59,intervention,0.0030115
15,59,intervention,0.0030045
18,59,intervention,0.002978
21,59,intervention,0.002995
24,59,intervention,0.0030255
27,59,intervention,0.0030105
30,59,intervention,0.0030335
33,59,intervention,0.0030385
36,59,intervention,0.0030815
39,59,intervention,0.0030655
42,59,intervention,0.0030875
45,59,intervention,0.0030495
48,59,intervention,0.0030765
0,6,intervention,0.0024205
3,6,intervention,0.0024555
6,6,intervention,0.0023975
9,6,intervention,0.0024515
12,6,intervention,0.0024835
15,6,intervention,0.0024825
18,6,intervention,0.002533
21,6,intervention,0.002507
24,6,intervention,0.0025295
27,6,intervention,0.002513
30,6,intervention,0.0025035
33,6,intervention,0.0026095
36,6,intervention,0.0025695
39,6,intervention,0.002624
42,6,intervention,0.0025865
45,6,intervention,0.0026145
48,6,intervention,0.0026045
0,60,intervention,0.0016365
3,60,intervention,0.001626
6,60,intervention,0.001619
9,60,intervention,0.001636
12,60,intervention,0.001642
15,60,intervention,0.0016365
18,60,intervention,0.0016405
21,60,intervention,0.0016715
24,60,intervention,0.0017005
27,60,intervention,0.001708
30,60,intervention,0.0017225
33,60,intervention,0.0017235
36,60,intervention,0.001751
39,60,intervention,0.0017535
42,60,intervention,0.0017605
45,60,intervention,0.0017805
48,60,intervention,0.001734
0,61,intervention,0.00354
3,61,intervention,0.0035725
6,61,intervention,0.0035535
9,61,intervention,0.003611
12,61,intervention,0.003645
15,61,intervention,0.0036135
18,61,intervention,0.0036505
21,61,intervention,0.0036965
24,61,intervention,0.0036435
27,61,intervention,0.0036615
30,61,intervention,0.0036675
33,61,intervention,0.0037325
36,61,intervention,0.003782
39,61,intervention,0.003765
42,61,intervention,0.003739
45,61,intervention,0.0037735
48,61,intervention,0.003741
0,62,intervention,0.002435
3,62,intervention,0.00245
6,62,intervention,0.0024135
9,62,intervention,0.002465
12,62,intervention,0.0024775
15,62,intervention,0.0024775
18,62,intervention,0.0024455
21,62,intervention,0.002502
24,62,intervention,0.002518
27,62,intervention,0.002536
30,62,intervention,0.002522
33,62,intervention,0.00255
36,62,intervention,0.00258
39,62,intervention,0.0025715
42,62,intervention,0.002577
45,62,intervention,0.0025805
48,62,intervention,0.0026075
0,63,intervention,0.001725
3,63,intervention,0.0016865
6,63,intervention,0.0017
9,63,intervention,0.001751
12,63,intervention,0.0017645
15,63,intervention,0.001743
18,63,intervention,0.001765
21,63,intervention,0.001781
24,63,intervention,0.0017715
27,63,intervention,0.001824
30,63,intervention,0.0018135
33,63,intervention,0.0018365
36,63,intervention,0.0018825
39,63,intervention,0.0018600000000000001
42,63,intervention,0.0018605
45,63,intervention,0.001869
48,63,intervention,0.001874
0,64,intervention,0.002652
3,64,intervention,0.002583
6,64,intervention,0.002627
9,64,intervention,0.0026365
12,64,intervention,0.0026595
15,64,intervention,0.002686
18,64,intervention,0.00268
21,64,intervention,0.0026615
24,64,intervention,0.0026975
27,64,intervention,0.0027465
30,64,intervention,0.002717
33,64,intervention,0.0027585
36,64,intervention,0.002807
39,64,intervention,0.002779
42,64,intervention,0.002799
45,64,intervention,0.0027735
48,64,intervention,0.002799
0,65,intervention,0.0019295
3,65,intervention,0.001963
6,65,intervention,0.0019455
9,65,intervention,0.002008
12,65,intervention,0.002012
15,65,intervention,0.0019815
18,65,intervention,0.0019915
21,65,intervention,0.002019
24,65,intervention,0.002065
27,65,intervention,0.0020355
30,65,intervention,0.002054
33,65,intervention,0.0020745
36,65,intervention,0.002112
39,65,intervention,0.0021235
42,65,intervention,0.002087
45,65,intervention,0.0021135
48,65,intervention,0.0021345
0,66,intervention,0.002638
3,66,intervention,0.002626
6,66,intervention,0.002673
9,66,intervention,0.002698
12,66,intervention,0.002716
15,66,intervention,0.0027145
18,66,intervention,0.002693
21,66,intervention,0.002715
24,66,intervention,0.0027485
27,66,intervention,0.002766
30,66,intervention,0.002791
33,66,intervention,0.0028235
36,66,intervention,0.0028475
39,66,intervention,0.002826
42,66,intervention,0.002844
45,66,intervention,0.002831
48,66,intervention,0.002828
0,67,intervention,0.004041
3,67,intervention,0.0040145
6,67,intervention,0.0040685
9,67,intervention,0.004077
12,67,intervention,0.004131
15,67,intervention,0.0041155
18,67,intervention,0.0041135
21,67,intervention,0.0041015
24,67,intervention,0.0041345
27,67,intervention,0.004133
30,67,intervention,0.004216
33,67,intervention,0.004186
36,67,intervention,0.004226
39,67,intervention,0.00419
42,67,intervention,0.004195
45,67,intervention,0.004183
48,67,intervention,0.004222
0,68,intervention,0.0035215
3,68,intervention,0.0035065
6,68,intervention,0.0034945
9,68,intervention,0.003536
12,68,intervention,0.003569
15,68,intervention,0.0035545
18,68,intervention,0.003511
21,68,intervention,0.0035725
24,68,intervention,0.003596
27,68,intervention,0.0036415
30,68,intervention,0.003598
33,68,intervention,0.003649
36,68,intervention,0.0036765
39,68,intervention,0.003656
42,68,intervention,0.0036465
45,68,intervention,0.0036915
48,68,intervention,0.0037
0,69,intervention,0.0024255
3,69,intervention,0.002416
6,69,intervention,0.002425
9,69,intervention,0.002402
12,69,intervention,0.002447
15,69,intervention,0.0024295
18,69,intervention,0.002427
21,69,intervention,0.002466
24,69,intervention,0.0025065
27,69,intervention,0.0025085
30,69,intervention,0.0025145
33,69,intervention,0.002526
36,69,intervention,0.0025395
39,69,intervention,0.002556
42,69,intervention,0.0025395
45,69,intervention,0.002535
48,69,intervention,0.002562
0,7,intervention,0.0014585
3,7,intervention,0.001449
6,7,intervention,0.001439
9,7,intervention,0.001473
12,7,intervention,0.001503
15,7,intervention,0.0014955
18,7,intervention,0.001503
21,7,intervention,0.001531
24,7,intervention,0.0015405
27,7,intervention,0.001555
30,7,intervention,0.0015515
33,7,intervention,0.001595
36,7,intervention,0.0016165
39,7,intervention,0.0015925
42,7,intervention,0.0016085
45,7,intervention,0.0016035
48,7,intervention,0.0015895
0,70,intervention,0.002478
3,70,intervention,0.002443
6,70,intervention,0.002453
9,70,intervention,0.0025035
12,70,intervention,0.002485
15,70,intervention,0.002529
18,70,intervention,0.0025495
21,70,intervention,0.0025865
24,70,intervention,0.00258
27,70,intervention,0.002574
30,70,intervention,0.002556
33,70,intervention,0.0026265
36,70,intervention,0.002648
39,70,intervention,0.002661
42,70,intervention,0.002639
45,70,intervention,0.0026545
48,70,intervention,0.002648
0,71,intervention,0.0026745
3,71,intervention,0.002688
6,71,intervention,0.0026825
9,71,intervention,0.0027345
12,71,intervention,0.002723
15,71,intervention,0.00274
18,71,intervention,0.002711
21,71,intervention,0.002762
24,71,intervention,0.0027815
27,71,intervention,0.002773
30,71,intervention,0.002797
33,71,intervention,0.002791
36,71,intervention,0.002832
39,71,intervention,0.002823
42,71,intervention,0.0028545
45,71,intervention,0.0028425
48,71,intervention,0.0028485
0,72,intervention,0.00209
3,72,intervention,0.0021025
6,72,intervention,0.0021035
9,72,intervention,0.0021565
12,72,intervention,0.0021605
15,72,intervention,0.002189
18,72,intervention,0.0021725
21,72,intervention,0.0021485
24,72,intervention,0.0021855
27,72,intervention,0.002176
30,72,intervention,0.002219
33,72,intervention,0.002243
36,72,intervention,0.0023
39,72,intervention,0.0022615
42,72,intervention,0.002268
45,72,intervention,0.002272
48,72,intervention,0.002254
0,73,intervention,0.0017155
3,73,intervention,0.0016935
6,73,intervention,0.001727
9,73,intervention,0.001731
12,73,intervention,0.0017625
15,73,intervention,0.0017515
18,73,intervention,0.001742
21,73,intervention,0.001788
24,73,intervention,0.001775
27,73,intervention,0.0017855
30,73,intervention,0.0017855
33,73,intervention,0.0018235
36,73,intervention,0.001856
39,73,intervention,0.0018345
42,73,intervention,0.001835
45,73,intervention,0.0018345
48,73,intervention,0.001857
0,74,intervention,0.001289
3,74,intervention,0.001283
6,74,intervention,0.0013015
9,74,intervention,0.0013315
12,74,intervention,0.001349
15,74,intervention,0.001333
18,74,intervention,0.001338
21,74,intervention,0.0013705
24,74,intervention,0.00138
27,74,intervention,0.0013815
30,74,intervention,0.001403
33,74,intervention,0.0014165
36,74,intervention,0.001444
39,74,intervention,0.0014485
42,74,intervention,0.0014415
45,74,intervention,0.0014635
48,74,intervention,0.001449
0,75,intervention,0.002777
3,75,intervention,0.0027695
6,75,intervention,0.00273
9,75,intervention,0.0027595
12,75,intervention,0.002783
15,75,intervention,0.002779
18,75,intervention,0.0028025
21,75,intervention,0.0028165
24,75,intervention,0.002844
27,75,intervention,0.002856
30,75,intervention,0.002838
33,75,intervention,0.0028675
36,75,intervention,0.002931
39,75,intervention,0.002947
42,75,intervention,0.0029205
45,75,intervention,0.0029105
48,75,intervention,0.002923
0,76,intervention,0.0022865
3,76,intervention,0.0022905
6,76,intervention,0.0023075
9,76,intervention,0.0023185
12,76,intervention,0.0023525
15,76,intervention,0.0023615
18,76,intervention,0.002329
21,76,intervention,0.002421
24,76,intervention,0.002427
27,76,intervention,0.00243
30,76,intervention,0.0024365
33,76,intervention,0.0024525
36,76,intervention,0.002471
39,76,intervention,0.0024365
42,76,intervention,0.002425
45,76,intervention,0.0025075
48,76,intervention,0.0024655
0,77,intervention,0.0026825
3,77,intervention,0.0026335
6,77,intervention,0.0026875
9,77,intervention,0.002721
12,77,intervention,0.002736
15,77,intervention,0.0027455
18,77,intervention,0.0027275
21,77,intervention,0.0027715
24,77,intervention,0.0028015
27,77,intervention,0.002766
30,77,intervention,0.0027785
33,77,intervention,0.002871
36,77,intervention,0.002843
39,77,intervention,0.002872
42,77,intervention,0.0028455
45,77,intervention,0.0028525
48,77,intervention,0.002867
0,78,intervention,0.003061
3,78,intervention,0.0030505
6,78,intervention,0.0030485
9,78,intervention,0.0030705
12,78,intervention,0.0030825
15,78,intervention,0.0031075
18,78,intervention,0.003057
21,78,intervention,0.003107
24,78,intervention,0.0031635
27,78,intervention,0.003159
30,78,intervention,0.0031705
33,78,intervention,0.0031875
36,78,intervention,0.003219
39,78,intervention,0.0031885
42,78,intervention,0.0032085
45,78,intervention,0.0032045
48,78,intervention,0.0032235
0,79,intervention,0.0026165
3,79,intervention,0.002609
6,79,intervention,0.0025755
9,79,intervention,0.0026355
12,79,intervention,0.002646
15,79,intervention,0.0026535
18,79,intervention,0.0026445
21,79,intervention,0.0027115
24,79,intervention,0.002711
27,79,intervention,0.00271
30,79,intervention,0.0027255
33,79,intervention,0.0027225
36,79,intervention,0.002774
39,79,intervention,0.002772
42,79,intervention,0.0027945
45,79,intervention,0.0027605
48,79,intervention,0.0027605
0,8,intervention,0.006677
3,8,intervention,0.006641
6,8,intervention,0.006649
9,8,intervention,0.006631
12,8,intervention,0.006699
15,8,intervention,0.006644
18,8,intervention,0.0067245
21,8,intervention,0.006766
24,8,intervention,0.006797
27,8,intervention,0.006768
30,8,intervention,0.0067435
33,8,intervention,0.0067525
36,8,intervention,0.0068235
39,8,intervention,0.006855
42,8,intervention,0.006836
45,8,intervention,0.0068415
48,8,intervention,0.00684
0,80,intervention,0.002454
3,80,intervention,0.002486
6,80,intervention,0.0024935
9,80,intervention,0.0024915
12,80,intervention,0.002547
15,80,intervention,0.002562
18,80,intervention,0.002528
21,80,intervention,0.0025805
24,80,intervention,0.0025555
27,80,intervention,0.0025625
30,80,intervention,0.002603
33,80,intervention,0.002595
36,80,intervention,0.002628
39,80,intervention,0.002629
42,80,intervention,0.002664
45,80,intervention,0.0026545
48,80,intervention,0.002634
0,81,intervention,0.003478
3,81,intervention,0.0034635
6,81,intervention,0.0034975
9,81,intervention,0.003511
12,81,intervention,0.0035155
15,81,intervention,0.0035115
18,81,intervention,0.003485
21,81,intervention,0.003568
24,81,intervention,0.0035975
27,81,intervention,0.003583
30,81,intervention,0.003632
33,81,intervention,0.003636
36,81,intervention,0.003626
39,81,intervention,0.003646
42,81,intervention,0.0036545
45,81,intervention,0.003616
48,81,intervention,0.003625
0,82,intervention,0.0013565
3,82,intervention,0.0013615
6,82,intervention,0.001385
9,82,intervention,0.0013915
12,82,intervention,0.0014215
15,82,intervention,0.0014165
18,82,intervention,0.001402
21,82,intervention,0.001421
24,82,intervention,0.001449
27,82,intervention,0.001448
30,82,intervention,0.001425
33,82,intervention,0.00146
36,82,intervention,0.001477
39,82,intervention,0.001483
42,82,intervention,0.0014805
45,82,intervention,0.0014905
48,82,intervention,0.001483
0,83,intervention,0.0026245
3,83,intervention,0.0026015
6,83,intervention,0.002585
9,83,intervention,0.0026355
12,83,intervention,0.0026515
15,83,intervention,0.0026315
18,83,intervention,0.002685
21,83,intervention,0.002671
24,83,intervention,0.002696
27,83,intervention,0.0026925
30,83,intervention,0.0027285
33,83,intervention,0.002719
36,83,intervention,0.0027475
39,83,intervention,0.0027575
42,83,intervention,0.002737
45,83,intervention,0.002754
48,83,intervention,0.0027495
0,84,intervention,0.003793
3,84,intervention,0.0038495
6,84,intervention,0.003829
9,84,intervention,0.0038885
12,84,intervention,0.0039095
15,84,intervention,0.003868
18,84,intervention,0.003896
21,84,intervention,0.003893
24,84,intervention,0.00393
27,84,intervention,0.0038925
30,84,intervention,0.003888
33,84,intervention,0.004011
36,84,intervention,0.0039855
39,84,intervention,0.003969
42,84,intervention,0.003987
45,84,intervention,0.0040005
48,84,intervention,0.0040075
0,85,intervention,0.0019495
3,85,intervention,0.0019175
6,85,intervention,0.0019575
9,85,intervention,0.001984
12,85,intervention,0.002009
15,85,intervention,0.001984
18,85,intervention,0.0019785
21,85,intervention,0.002037
24,85,intervention,0.00203
27,85,intervention,0.002036
30,85,intervention,0.0020485
33,85,intervention,0.0020675
36,85,intervention,0.002084
39,85,intervention,0.0020705
42,85,intervention,0.0020805
45,85,intervention,0.00212
48,85,intervention,0.0021145
0,86,intervention,0.003783
3,86,intervention,0.0037625
6,86,intervention,0.0038215
9,86,intervention,0.003855
12,86,intervention,0.003848
15,86,intervention,0.003812
18,86,intervention,0.003878
21,86,intervention,0.0038665
24,86,intervention,0.0039745
27,86,intervention,0.003922
30,86,intervention,0.00386
33,86,intervention,0.0039635
36,86,intervention,0.003964
39,86,intervention,0.0039795
42,86,intervention,0.0039755
45,86,intervention,0.00399
48,86,intervention,0.003931
0,87,intervention,0.002257
3,87,intervention,0.0022205
6,87,intervention,0.002218
9,87,intervention,0.002267
12,87,intervention,0.002296
15,87,intervention,0.002293
18,87,intervention,0.002292
21,87,intervention,0.0023375
24,87,intervention,0.002363
27,87,intervention,0.0023785
30,87,intervention,0.002354
33,87,intervention,0.0023885
36,87,intervention,0.0024175
39,87,intervention,0.002397
42,87,intervention,0.0023935
45,87,intervention,0.002395
48,87,intervention,0.002413
0,88,intervention,0.002056
3,88,intervention,0.002053
6,88,intervention,0.002061
9,88,intervention,0.0020415
12,88,intervention,0.002064
15,88,intervention,0.0020635
18,88,intervention,0.0020985
21,88,intervention,0.002147
24,88,intervention,0.0021355
27,88,intervention,0.0021515
30,88,intervention,0.002126
33,88,intervention,0.0021495
36,88,intervention,0.0021915
39,88,intervention,0.00217
42,88,intervention,0.0022025
45,88,intervention,0.002208
48,88,intervention,0.0021965
0,89,intervention,0.0025395
3,89,intervention,0.0025675
6,89,intervention,0.002553
9,89,intervention,0.0025665
12,89,intervention,0.002571
15,89,intervention,0.0026125
18,89,intervention,0.002585
21,89,intervention,0.0026075
24,89,intervention,0.0026825
27,89,intervention,0.0026455
30,89,intervention,0.0026585
33,89,intervention,0.0026785
36,89,intervention,0.002713
39,89,intervention,0.0027205
42,89,intervention,0.0027225
45,89,intervention,0.0027385
48,89,intervention,0.002735
0,9,intervention,0.0027915
3,9,intervention,0.002799
6,9,intervention,0.0028445
9,9,intervention,0.0028585
12,9,intervention,0.002879
15,9,intervention,0.002841
18,9,intervention,0.002875
21,9,intervention,0.00291
24,9,intervention,0.0029095
27,9,intervention,0.0029445
30,9,intervention,0.0029365
33,9,intervention,0.002979
36,9,intervention,0.0029875
39,9,intervention,0.0030195
42,9,intervention,0.002976
45,9,intervention,0.0029985
48,9,intervention,0.00303
0,90,intervention,0.002018
3,90,intervention,0.0020225
6,90,intervention,0.0019675
9,90,intervention,0.00201
12,90,intervention,0.002005
15,90,intervention,0.0020465
18,90,intervention,0.0020425
21,90,intervention,0.002067
24,90,intervention,0.0021175
27,90,intervention,0.002105
30,90,intervention,0.002118
33,90,intervention,0.002123
36,90,intervention,0.00217
39,90,intervention,0.002148
42,90,intervention,0.0021525
45,90,intervention,0.0021815
48,90,intervention,0.0021725
0,91,intervention,0.0037495
3,91,intervention,0.003705
6,91,intervention,0.003718
9,91,intervention,0.003804
12,91,intervention,0.003767
15,91,intervention,0.003753
18,91,intervention,0.003808
21,91,intervention,0.003798
24,91,intervention,0.003848
27,91,intervention,0.0038535
30,91,intervention,0.0038375
33,91,intervention,0.003886
36,91,intervention,0.00386
39,91,intervention,0.0039165
42,91,intervention,0.003925
45,91,intervention,0.0038575
48,91,intervention,0.0038945
0,92,intervention,0.0018645
3,92,intervention,0.001844
6,92,intervention,0.001887
9,92,intervention,0.0018745
12,92,intervention,0.001912
15,92,intervention,0.0019425
18,92,intervention,0.0019365
21,92,intervention,0.0019475
24,92,intervention,0.0019735
27,92,intervention,0.001941
30,92,intervention,0.0019945
33,92,intervention,0.00201
36,92,intervention,0.0020185
39,92,intervention,0.00203
42,92,intervention,0.001987
45,92,intervention,0.0020025
48,92,intervention,0.0020275
0,93,intervention,0.0033285
3,93,intervention,0.0033135
6,93,intervention,0.003367
9,93,intervention,0.0033595
12,93,intervention,0.003397
15,93,intervention,0.0033755
18,93,intervention,0.003357
21,93,intervention,0.0034305
24,93,intervention,0.0034655
27,93,intervention,0.0034455
30,93,intervention,0.003472
33,93,intervention,0.003475
36,93,intervention,0.003494
39,93,intervention,0.003488
42,93,intervention,0.003502
45,93,intervention,0.0035215
48,93,intervention,0.003509
0,94,intervention,0.001843
3,94,intervention,0.0018255
6,94,intervention,0.001811
9,94,intervention,0.0018725
12,94,intervention,0.0018495
15,94,intervention,0.001874
18,94,intervention,0.0018795
21,94,intervention,0.0019155
24,94,intervention,0.00192
27,94,intervention,0.0019185
30,94,intervention,0.0019295
33,94,intervention,0.001935
36,94,intervention,0.0019615
39,94,intervention,0.001964
42,94,intervention,0.001958
45,94,intervention,0.001983
48,94,intervention,0.0019835
0,95,intervention,0.003767
3,95,intervention,0.003761
6,95,intervention,0.0037825
9,95,intervention,0.003798
12,95,intervention,0.003825
15,95,intervention,0.0037775
18,95,intervention,0.003882
21,95,intervention,0.0038765
24,95,intervention,0.003845
27,95,intervention,0.0038275
30,95,intervention,0.0038115
33,95,intervention,0.00391
36,95,intervention,0.003892
39,95,intervention,0.003901
42,95,intervention,0.0039185
45,95,intervention,0.003942
48,95,intervention,0.0039175
0,96,intervention,0.00159
3,96,intervention,0.001576
6,96,intervention,0.001551
9,96,intervention,0.0015915
12,96,intervention,0.001607
15,96,intervention,0.001595
18,96,intervention,0.0016075
21,96,intervention,0.001628
24,96,intervention,0.0016645
27,96,intervention,0.0016505
30,96,intervention,0.00167
33,96,intervention,0.0017095
36,96,intervention,0.001736
39,96,intervention,0.001684
42,96,intervention,0.0017065
45,96,intervention,0.0017
48,96,intervention,0.0017115
0,97,intervention,0.002862
3,97,intervention,0.002878
6,97,intervention,0.002865
9,97,intervention,0.002879
12,97,intervention,0.0029295
15,97,intervention,0.0029395
18,97,intervention,0.002919
21,97,intervention,0.0029695
24,97,intervention,0.002976
27,97,intervention,0.0030055
30,97,intervention,0.0029875
33,97,intervention,0.0030075
36,97,intervention,0.0030505
39,97,intervention,0.0030355
42,97,intervention,0.0030555
45,97,intervention,0.0030225
48,97,intervention,0.003051
0,98,intervention,0.0034865
3,98,intervention,0.003445
6,98,intervention,0.0034275
9,98,intervention,0.003463
12,98,intervention,0.0034835
15,98,intervention,0.0035135
18,98,intervention,0.0034805
21,98,intervention,0.0035435
24,98,intervention,0.00354
27,98,intervention,0.003537
30,98,intervention,0.003549
33,98,intervention,0.0036275
36,98,intervention,0.0036015
39,98,intervention,0.0036015
42,98,intervention,0.0035885
45,98,intervention,0.003608
48,98,intervention,0.0036035
0,99,intervention,0.002809
3,99,intervention,0.002855
6,99,intervention,0.002817
9,99,intervention,0.002866
12,99,intervention,0.0029085
15,99,intervention,0.002873
18,99,intervention,0.00289
21,99,intervention,0.002891
24,99,intervention,0.0029405
27,99,intervention,0.002896
30,99,intervention,0.002915
33,99,intervention,0.0030055
36,99,intervention,0.002979
39,99,intervention,0.002987
42,99,intervention,0.002991
45,99,intervention,0.0029835
48,99,intervention,0.003017
