Time,Seed,Model,Value
0,1,control,0.00326092252525317
3,1,control,0.00325816171717233
6,1,control,0.00325664717171777
9,1,control,0.00326277323232387
12,1,control,0.00326168272727334
15,1,control,0.00325743222222283
18,1,control,0.00326290525252584
21,1,control,0.00325603848484909
24,1,control,0.00326122000000067
27,1,control,0.00326200949495013
30,1,control,0.00326266353535418
33,1,control,0.00326708282828348
36,1,control,0.0032608472727279
39,1,control,0.00326780131313195
42,1,control,0.00326345010101072
45,1,control,0.00326360151515214
48,1,control,0.00326799818181884
0,10,control,0.00381337777777876
3,10,control,0.0038059031313141
6,10,control,0.00380160656565756
9,10,control,0.00381306676767777
12,10,control,0.00381287292929393
15,10,control,0.0038093922222232
18,10,control,0.00381119424242526
21,10,control,0.0038074739393949
24,10,control,0.00381043606060704
27,10,control,0.0038133414141424
30,10,control,0.00381569898989997
33,10,control,0.00380624616161714
36,10,control,0.00381112060606156
39,10,control,0.00382316000000102
42,10,control,0.00381040242424339
45,10,control,0.00381851838383937
48,10,control,0.00381049393939489
0,100,control,0.00346353515151595
3,100,control,0.00346522575757655
6,100,control,0.00346796535353617
9,100,control,0.00346240666666743
12,100,control,0.0034637350505058
15,100,control,0.00345734272727349
18,100,control,0.00346367565656641
21,100,control,0.00347147131313209
24,100,control,0.00346288707070785
27,100,control,0.00345415919191997
30,100,control,0.0034631958585866
33,100,control,0.00345906898989977
36,100,control,0.0034636223232331
39,100,control,0.00346189070707152
42,100,control,0.00345569646464724
45,100,control,0.00345838545454619
48,100,control,0.00346141000000083
0,101,control,0.00170909141414132
3,101,control,0.00170277464646456
6,101,control,0.00169919151515142
9,101,control,0.00170028262626254
12,101,control,0.00170726353535344
15,101,control,0.00169882767676758
18,101,control,0.00170816151515143
21,101,control,0.00170341090909082
24,101,control,0.00170591565656557
27,101,control,0.0017066309090908
30,101,control,0.00170652171717163
33,101,control,0.00170149323232315
36,101,control,0.00170243535353526
39,101,control,0.00170227232323223
42,101,control,0.00170769464646455
45,101,control,0.00170627151515143
48,101,control,0.00170484303030294
0,102,control,0.00216687959595954
3,102,control,0.00216708272727267
6,102,control,0.0021660245454545
9,102,control,0.00217157141414138
12,102,control,0.00216869838383834
15,102,control,0.00217508646464644
18,102,control,0.0021693342424242
21,102,control,0.00217091191919186
24,102,control,0.00216204797979792
27,102,control,0.00216749454545448
30,102,control,0.00216723050505045
33,102,control,0.0021652755555555
36,102,control,0.00216739686868682
39,102,control,0.00217047494949491
42,102,control,0.00217005969696964
45,102,control,0.00216961272727267
48,102,control,0.00217391999999996
0,103,control,0.00260019989899015
3,103,control,0.00259390242424267
6,103,control,0.00259780858585883
9,103,control,0.00259776404040429
12,103,control,0.00259481858585882
15,103,control,0.0026003961616164
18,103,control,0.00259959959595983
21,103,control,0.00260382141414166
24,103,control,0.00260310000000022
27,103,control,0.00259993898989924
30,103,control,0.00259707080808103
33,103,control,0.00260083454545478
36,103,control,0.00260364585858611
39,103,control,0.00260709272727294
42,103,control,0.00260421121212144
45,103,control,0.00260141939393964
48,103,control,0.00259685444444468
0,104,control,0.00307327070707125
3,104,control,0.00308329686868741
6,104,control,0.00308780777777831
9,104,control,0.00309217282828338
12,104,control,0.00309243989899041
15,104,control,0.00308963222222273
18,104,control,0.00308762121212174
21,104,control,0.00308452606060661
24,104,control,0.00308344161616216
27,104,control,0.00308764040404094
30,104,control,0.00308682555555608
33,104,control,0.00308382404040456
36,104,control,0.00308092424242481
39,104,control,0.00307814282828338
42,104,control,0.00308621787878845
45,104,control,0.00308118787878844
48,104,control,0.00308818484848537
0,105,control,0.00209013313131305
3,105,control,0.00208960585858576
6,105,control,0.00208584565656556
9,105,control,0.00209447393939385
12,105,control,0.00208448131313121
15,105,control,0.00208800151515142
18,105,control,0.00209828131313122
21,105,control,0.00209431323232314
24,105,control,0.00209330545454538
27,105,control,0.00208767777777769
30,105,control,0.00208850666666657
33,105,control,0.00208973565656558
36,105,control,0.0020862198989898
39,105,control,0.00209237222222213
42,105,control,0.00209527131313122
45,105,control,0.00209322717171708
48,105,control,0.00208886565656556
0,106,control,0.00452807919192031
3,106,control,0.00452337696969804
6,106,control,0.00452606848484955
9,106,control,0.00451972717171826
12,106,control,0.00453250040404147
15,106,control,0.00452608535353639
18,106,control,0.0045252428282839
21,106,control,0.00452677626262735
24,106,control,0.00452939757575866
27,106,control,0.00452908878787985
30,106,control,0.00452457080808189
33,106,control,0.00451652363636478
36,106,control,0.00452014707070816
39,106,control,0.00452196494949608
42,106,control,0.00452712656565764
45,106,control,0.00452105868686978
48,106,control,0.00452542969697078
0,107,control,0.00428977262626384
3,107,control,0.00429925000000113
6,107,control,0.00428915323232436
9,107,control,0.00429152373737488
12,107,control,0.00428796111111222
15,107,control,0.00428913141414258
18,107,control,0.00428894343434455
21,107,control,0.00429204606060723
24,107,control,0.00430087707070817
27,107,control,0.00429618797979913
30,107,control,0.00428790353535469
33,107,control,0.00428832080808197
36,107,control,0.00429982141414258
39,107,control,0.0042934046464658
42,107,control,0.00429264878787988
45,107,control,0.00429229010101126
48,107,control,0.00428555767676876
0,108,control,0.00215635929292925
3,108,control,0.00216185050505045
6,108,control,0.00215518909090904
9,108,control,0.00215408303030298
12,108,control,0.00215577606060601
15,108,control,0.00215259959595954
18,108,control,0.00215967959595954
21,108,control,0.00215118303030297
24,108,control,0.00215620828282824
27,108,control,0.0021556345454545
30,108,control,0.00215644020202016
33,108,control,0.00215801040404037
36,108,control,0.00215449101010095
39,108,control,0.00215400242424237
42,108,control,0.00216209464646459
45,108,control,0.0021589746464646
48,108,control,0.00216031666666663
0,109,control,0.00368420060606144
3,109,control,0.00368639505050593
6,109,control,0.00368240818181903
9,109,control,0.00368666010101095
12,109,control,0.00367554222222312
15,109,control,0.00368603898989985
18,109,control,0.00369053686868775
21,109,control,0.00368471838383926
24,109,control,0.00369043010101102
27,109,control,0.00368140474747565
30,109,control,0.00368500181818272
33,109,control,0.00368914111111195
36,109,control,0.00368253373737462
39,109,control,0.003685151111112
42,109,control,0.00368621141414226
45,109,control,0.00369093797979886
48,109,control,0.00368343898989988
0,11,control,0.00263774505050527
3,11,control,0.00264047545454569
6,11,control,0.00264101292929319
9,11,control,0.00263672333333358
12,11,control,0.00263513646464671
15,11,control,0.00264116000000023
18,11,control,0.00263697888888911
21,11,control,0.00264217828282853
24,11,control,0.00263870474747499
27,11,control,0.00264792505050528
30,11,control,0.00264215595959622
33,11,control,0.00263454505050529
36,11,control,0.00263935292929318
39,11,control,0.00263866959595983
42,11,control,0.00263717898989923
45,11,control,0.00264226060606086
48,11,control,0.0026423961616164
0,110,control,0.00318606242424304
3,110,control,0.00318828646464704
6,110,control,0.00318859727272788
9,110,control,0.00318737090909151
12,110,control,0.00319713676767737
15,110,control,0.00318881595959661
18,110,control,0.003186048383839
21,110,control,0.00318602232323291
24,110,control,0.00318066868686929
27,110,control,0.00318419858585918
30,110,control,0.00318792323232383
33,110,control,0.00318561292929356
36,110,control,0.00318364545454606
39,110,control,0.00319423939394002
42,110,control,0.003181870404041
45,110,control,0.00319127323232385
48,110,control,0.00319864030303092
0,111,control,0.00401519737373853
3,111,control,0.00402218828282942
6,111,control,0.00401028242424354
9,111,control,0.00400651383838492
12,111,control,0.00400923969697075
15,111,control,0.0040054597979809
18,111,control,0.00401666606060714
21,111,control,0.00401439969697077
24,111,control,0.00401231060606171
27,111,control,0.00400668888888998
30,111,control,0.00400777767676878
33,111,control,0.00401528818181929
36,111,control,0.00400606474747585
39,111,control,0.00401617686868798
42,111,control,0.00401441060606175
45,111,control,0.00400894323232434
48,111,control,0.00401315242424353
0,112,control,0.00241054787878798
3,112,control,0.00240997949494959
6,112,control,0.00240568070707083
9,112,control,0.00240966707070716
12,112,control,0.00240640989898998
15,112,control,0.00240809161616169
18,112,control,0.00240814464646474
21,112,control,0.00240844313131323
24,112,control,0.00240213282828292
27,112,control,0.00240760696969706
30,112,control,0.00240829050505058
33,112,control,0.00240851464646473
36,112,control,0.00240910484848492
39,112,control,0.00241027838383847
42,112,control,0.00241103747474758
45,112,control,0.00241931535353545
48,112,control,0.00241049424242433
0,113,control,0.00282882777777816
3,113,control,0.00281606737373772
6,113,control,0.0028226910101014
9,113,control,0.0028180105050509
12,113,control,0.00281777000000036
15,113,control,0.00282577020202062
18,113,control,0.00281709828282866
21,113,control,0.00281977111111154
24,113,control,0.00282307101010143
27,113,control,0.0028210810101014
30,113,control,0.00282453484848522
33,113,control,0.00281621353535392
36,113,control,0.00282326454545494
39,113,control,0.00281538929292967
42,113,control,0.00282273101010138
45,113,control,0.0028267534343438
48,113,control,0.00282103414141451
0,114,control,0.00403602595959709
3,114,control,0.00403485727272842
6,114,control,0.00403646939394056
9,114,control,0.0040317664646476
12,114,control,0.00403629696969812
15,114,control,0.00403949313131424
18,114,control,0.00405135616161732
21,114,control,0.00405076616161731
24,114,control,0.00404378141414258
27,114,control,0.00403585707070822
30,114,control,0.00404648313131434
33,114,control,0.00403797888889003
36,114,control,0.00403460808080921
39,114,control,0.0040392152525264
42,114,control,0.00403943525252641
45,114,control,0.00403382424242536
48,114,control,0.0040366215151527
0,115,control,0.00183829626262615
3,115,control,0.00184041838383828
6,115,control,0.0018424206060605
9,115,control,0.00184625808080797
12,115,control,0.00184479828282817
15,115,control,0.00184295252525242
18,115,control,0.00184281646464636
21,115,control,0.00183976323232312
24,115,control,0.00184287010101001
27,115,control,0.00184966686868675
30,115,control,0.00184007323232313
33,115,control,0.00184342717171707
36,115,control,0.0018415493939393
39,115,control,0.00184121616161607
42,115,control,0.00183568737373728
45,115,control,0.00183960646464636
48,115,control,0.00184221363636352
0,116,control,0.00195296030303018
3,116,control,0.00195664111111099
6,116,control,0.00195926424242411
9,116,control,0.00195652282828271
12,116,control,0.00195827494949482
15,116,control,0.00195939838383826
18,116,control,0.00195912626262615
21,116,control,0.00195696717171704
24,116,control,0.00195722141414129
27,116,control,0.00196338050505038
30,116,control,0.00196123939393927
33,116,control,0.00195463272727259
36,116,control,0.00195966797979786
39,116,control,0.00195477333333321
42,116,control,0.0019576928282827
45,116,control,0.00195045929292918
48,116,control,0.00196081222222209
0,117,control,0.00264988000000026
3,117,control,0.00265318767676793
6,117,control,0.0026520242424245
9,117,control,0.00264918969696995
12,117,control,0.00265382858585888
15,117,control,0.00265326343434368
18,117,control,0.00265182434343462
21,117,control,0.00265471818181845
24,117,control,0.00265057000000024
27,117,control,0.00265264414141443
30,117,control,0.00264852343434371
33,117,control,0.00265563060606089
36,117,control,0.00265318555555581
39,117,control,0.00265987292929319
42,117,control,0.00265121565656592
45,117,control,0.00265478848484874
48,117,control,0.00265890404040431
0,118,control,0.00312686989899045
3,118,control,0.00311754222222278
6,118,control,0.00312352878787932
9,118,control,0.00311855272727329
12,118,control,0.00311895313131367
15,118,control,0.00312446060606116
18,118,control,0.00312928101010159
21,118,control,0.00312025050505104
24,118,control,0.00311587515151569
27,118,control,0.00312193030303086
30,118,control,0.0031147258585864
33,118,control,0.00311984888888944
36,118,control,0.00311658191919249
39,118,control,0.00311770797979851
42,118,control,0.00312701131313189
45,118,control,0.00312034141414196
48,118,control,0.00312494101010154
0,119,control,0.00216363868686864
3,119,control,0.00216212626262621
6,119,control,0.00216110383838379
9,119,control,0.00216912171717168
12,119,control,0.00215847919191913
15,119,control,0.00216203747474745
18,119,control,0.00216619202020197
21,119,control,0.00216779303030299
24,119,control,0.00216433222222218
27,119,control,0.00216254909090902
30,119,control,0.0021688153535353
33,119,control,0.00216774080808079
36,119,control,0.0021660043434343
39,119,control,0.00216715666666662
42,119,control,0.00216934202020199
45,119,control,0.00215968444444439
48,119,control,0.00216346656565653
0,12,control,0.0033177184848492
3,12,control,0.00332132202020274
6,12,control,0.00332368767676837
9,12,control,0.00332130525252593
12,12,control,0.00331553333333399
15,12,control,0.00332145454545525
18,12,control,0.00332721929292997
21,12,control,0.0033140026262633
24,12,control,0.00332092393939462
27,12,control,0.00331889484848556
30,12,control,0.00331753191919262
33,12,control,0.0033247421212128
36,12,control,0.00331385484848552
39,12,control,0.00331670070707139
42,12,control,0.00331502898989972
45,12,control,0.0033162427272734
48,12,control,0.00331974020202093
0,120,control,0.00183120383838374
3,120,control,0.00183186424242415
6,120,control,0.00183908212121203
9,120,control,0.00184086858585848
12,120,control,0.00183141313131303
15,120,control,0.00183587313131304
18,120,control,0.00183522727272718
21,120,control,0.00183584151515143
24,120,control,0.00183748242424233
27,120,control,0.00183208999999991
30,120,control,0.00183624383838374
33,120,control,0.00183424434343425
36,120,control,0.00183514212121202
39,120,control,0.00183377070707061
42,120,control,0.00183302444444434
45,120,control,0.00183932030303021
48,120,control,0.0018333912121211
0,121,control,0.00289844222222264
3,121,control,0.00290599242424286
6,121,control,0.00290832070707112
9,121,control,0.00289677454545498
12,121,control,0.00290255565656608
15,121,control,0.00290064383838425
18,121,control,0.00290048262626306
21,121,control,0.00290201787878832
24,121,control,0.00290250515151558
27,121,control,0.00289112060606104
30,121,control,0.00289969444444488
33,121,control,0.00289926161616206
36,121,control,0.00290058020202065
39,121,control,0.00290599202020245
42,121,control,0.00289974838383882
45,121,control,0.00290344000000045
48,121,control,0.00290506474747516
0,122,control,0.00246864292929306
3,122,control,0.00247813838383854
6,122,control,0.0024834054545456
9,122,control,0.00247824262626277
12,122,control,0.00247389787878803
15,122,control,0.00247529373737389
18,122,control,0.00247346131313145
21,122,control,0.00248579949494966
24,122,control,0.00247180757575773
27,122,control,0.00247643424242441
30,122,control,0.00248090010101026
33,122,control,0.0024698432323234
36,122,control,0.00247396838383854
39,122,control,0.00247500151515167
42,122,control,0.00247488747474766
45,122,control,0.00247891323232337
48,122,control,0.00247488131313145
0,123,control,0.00199947959595948
3,123,control,0.00199510777777766
6,123,control,0.0019984925252524
9,123,control,0.00199814989898978
12,123,control,0.00199835272727262
15,123,control,0.00199735919191908
18,123,control,0.00200054858585847
21,123,control,0.00199591858585847
24,123,control,0.00199699383838373
27,123,control,0.00200277676767665
30,123,control,0.00200431919191907
33,123,control,0.00199249616161604
36,123,control,0.00200738909090897
39,123,control,0.00199679111111098
42,123,control,0.00199707222222211
45,123,control,0.00200188444444435
48,123,control,0.00200106080808069
0,124,control,0.00249298686868703
3,124,control,0.00248680303030317
6,124,control,0.00249265161616177
9,124,control,0.00249033111111126
12,124,control,0.00249045313131328
15,124,control,0.00249432414141429
18,124,control,0.00249689989899004
21,124,control,0.00248482070707086
24,124,control,0.00249323020202036
27,124,control,0.002493104848485
30,124,control,0.00249354949494966
33,124,control,0.00249070808080823
36,124,control,0.00248326202020217
39,124,control,0.00248982171717186
42,124,control,0.00248673171717185
45,124,control,0.00249283060606075
48,124,control,0.00249191808080824
0,125,control,0.00270008404040435
3,125,control,0.00269435525252558
6,125,control,0.00270166585858616
9,125,control,0.00269862282828313
12,125,control,0.00269724121212153
15,125,control,0.00270248262626292
18,125,control,0.00269734878787911
21,125,control,0.00269873919191951
24,125,control,0.00270305575757606
27,125,control,0.00269951919191951
30,125,control,0.00269990808080838
33,125,control,0.002705416666667
36,125,control,0.00269988292929327
39,125,control,0.00270433888888919
42,125,control,0.00270392767676801
45,125,control,0.00269289494949525
48,125,control,0.0026957993939397
0,126,control,0.00248983747474765
3,126,control,0.00249613525252541
6,126,control,0.00249372787878803
9,126,control,0.00249235424242441
12,126,control,0.00248838424242439
15,126,control,0.00248980181818196
18,126,control,0.00248644161616176
21,126,control,0.00248492636363652
24,126,control,0.00249304656565672
27,126,control,0.0024846730303032
30,126,control,0.00249801191919206
33,126,control,0.0024924153535355
36,126,control,0.00249220979797996
39,126,control,0.00249537818181832
42,126,control,0.0024971326262628
45,126,control,0.00249728939393958
48,126,control,0.00249271373737388
0,127,control,0.00265670696969723
3,127,control,0.00265219474747501
6,127,control,0.00265024808080833
9,127,control,0.00265925545454573
12,127,control,0.00265445686868713
15,127,control,0.00265209040404065
18,127,control,0.00264819585858612
21,127,control,0.00264805343434368
24,127,control,0.00264799343434369
27,127,control,0.00265156111111138
30,127,control,0.00265241949494973
33,127,control,0.0026434439393942
36,127,control,0.00265094222222248
39,127,control,0.00265520424242449
42,127,control,0.00265269898989925
45,127,control,0.00265503242424266
48,127,control,0.0026511236363639
0,128,control,0.00328265090909154
3,128,control,0.00327557676767742
6,128,control,0.00327494141414204
9,128,control,0.00327972989899054
12,128,control,0.0032728452525259
15,128,control,0.00327718585858648
18,128,control,0.00327920474747541
21,128,control,0.00327737595959658
24,128,control,0.00327801282828353
27,128,control,0.0032827745454552
30,128,control,0.00327466060606129
33,128,control,0.00327511656565721
36,128,control,0.00326923303030372
39,128,control,0.00327969252525322
42,128,control,0.00327733080808146
45,128,control,0.00327533313131375
48,128,control,0.00327439101010166
0,129,control,0.00210017606060595
3,129,control,0.00210645363636355
6,129,control,0.00210322656565647
9,129,control,0.00210756838383828
12,129,control,0.0021064192929292
15,129,control,0.0021049911111110102
18,129,control,0.00210325737373729
21,129,control,0.00210445484848475
24,129,control,0.00210191292929283
27,129,control,0.00210445787878777
30,129,control,0.00210853828282818
33,129,control,0.00210400868686859
36,129,control,0.00210505929292922
39,129,control,0.00210568484848474
42,129,control,0.00209918767676758
45,129,control,0.00210556545454536
48,129,control,0.00210401121212112
0,13,control,0.00534421141414227
3,13,control,0.00533033444444541
6,13,control,0.00533882898989985
9,13,control,0.00532897656565746
12,13,control,0.00533358959596047
15,13,control,0.00533855767676857
18,13,control,0.00533777000000089
21,13,control,0.00533274949495039
24,13,control,0.00532297616161713
27,13,control,0.00533761252525337
30,13,control,0.0053334300000009
33,13,control,0.00534062161616246
36,13,control,0.00533464707070805
39,13,control,0.00533075393939491
42,13,control,0.0053351463636373
45,13,control,0.00533594181818274
48,13,control,0.00533291636363737
0,130,control,0.00219809353535348
3,130,control,0.0021887447474747
6,130,control,0.00219473787878783
9,130,control,0.00219929050505047
12,130,control,0.00218980787878785
15,130,control,0.00219552414141409
18,130,control,0.00219823757575754
21,130,control,0.00219654141414137
24,130,control,0.00219848686868684
27,130,control,0.00219403696969693
30,130,control,0.002195083030303
33,130,control,0.00219686646464642
36,130,control,0.00219662686868682
39,130,control,0.00219132080808076
42,130,control,0.00219304909090905
45,130,control,0.00219353989898987
48,130,control,0.0021892247474747
0,131,control,0.00196211848484837
3,131,control,0.00196089949494937
6,131,control,0.00195478757575748
9,131,control,0.00195772131313119
12,131,control,0.00195577676767665
15,131,control,0.00195459636363625
18,131,control,0.00195684050505038
21,131,control,0.00196076636363624
24,131,control,0.00195919949494938
27,131,control,0.00195636656565645
30,131,control,0.00195488393939382
33,131,control,0.00195877919191906
36,131,control,0.00196116474747463
39,131,control,0.00196078696969685
42,131,control,0.00195660626262614
45,131,control,0.00196033797979786
48,131,control,0.00196139383838372
0,132,control,0.00184349888888877
3,132,control,0.00184940878787868
6,132,control,0.00184935636363626
9,132,control,0.00184547909090899
12,132,control,0.00184666969696958
15,132,control,0.00184821323232312
18,132,control,0.00185103262626253
21,132,control,0.0018523904040403
24,132,control,0.00185217676767666
27,132,control,0.00184822949494938
30,132,control,0.00185411717171707
33,132,control,0.00184195343434332
36,132,control,0.0018453216161615
39,132,control,0.00184984212121201
42,132,control,0.00184815747474736
45,132,control,0.00185116444444432
48,132,control,0.00185066707070696
0,133,control,0.00234736696969703
3,133,control,0.00233921888888896
6,133,control,0.00234279272727279
9,133,control,0.00234819464646472
12,133,control,0.00234509515151522
15,133,control,0.00234380080808086
18,133,control,0.00234802919191927
21,133,control,0.00235160111111118
24,133,control,0.00233998737373745
27,133,control,0.00234676323232332
30,133,control,0.00234322333333341
33,133,control,0.0023445440404041
36,133,control,0.00234390909090915
39,133,control,0.00235128686868694
42,133,control,0.00234467969696978
45,133,control,0.0023451037373738
48,133,control,0.00234432888888896
0,134,control,0.00259791949494972
3,134,control,0.00260191050505075
6,134,control,0.00259777676767699
9,134,control,0.00258786767676789
12,134,control,0.0025958162626265
15,134,control,0.00260196030303055
18,134,control,0.00260334474747499
21,134,control,0.0025990746464649
24,134,control,0.00259591565656588
27,134,control,0.00260735464646489
30,134,control,0.00259700060606084
33,134,control,0.00259449797979822
36,134,control,0.0025968265656568
39,134,control,0.00259815313131337
42,134,control,0.00259978474747497
45,134,control,0.00259435050505073
48,134,control,0.00260389363636386
0,135,control,0.00261453777777801
3,135,control,0.00261159505050529
6,135,control,0.00261371555555579
9,135,control,0.00260898979798001
12,135,control,0.0026050081818184
15,135,control,0.00260612393939417
18,135,control,0.00261141434343456
21,135,control,0.00260855717171742
24,135,control,0.00261128898989926
27,135,control,0.00260850212121234
30,135,control,0.00261252858585882
33,135,control,0.00260304767676789
36,135,control,0.00260326383838409
39,135,control,0.00261311444444469
42,135,control,0.00261304818181842
45,135,control,0.00261889232323256
48,135,control,0.00260099949494973
0,136,control,0.00334613797979867
3,136,control,0.00334281737373804
6,136,control,0.00334920111111177
9,136,control,0.003348711313132
12,136,control,0.00335550000000066
15,136,control,0.00334306101010167
18,136,control,0.00334726323232392
21,136,control,0.00334341595959661
24,136,control,0.00335654424242489
27,136,control,0.00334375686868756
30,136,control,0.00335829505050575
33,136,control,0.00334863717171786
36,136,control,0.00334709979798046
39,136,control,0.00335281565656632
42,136,control,0.00335160696969767
45,136,control,0.00334478868686935
48,136,control,0.00334657505050575
0,137,control,0.00241395585858597
3,137,control,0.00240639585858597
6,137,control,0.00240872161616174
9,137,control,0.00240913161616172
12,137,control,0.00240723686868699
15,137,control,0.00240944989899002
18,137,control,0.00240711434343445
21,137,control,0.00240892292929305
24,137,control,0.00240862111111121
27,137,control,0.00240862090909103
30,137,control,0.00240816363636376
33,137,control,0.00240826272727287
36,137,control,0.00241007818181829
39,137,control,0.0024050770707072
42,137,control,0.00241008717171728
45,137,control,0.00241072343434355
48,137,control,0.00240467525252535
0,138,control,0.0018027905050504
3,138,control,0.00180258010101
6,138,control,0.0018048991919191
9,138,control,0.00180709565656556
12,138,control,0.00180228545454535
15,138,control,0.00179940272727263
18,138,control,0.00180121717171708
21,138,control,0.00180638555555547
24,138,control,0.00180037666666658
27,138,control,0.00179503505050496
30,138,control,0.00179866535353526
33,138,control,0.00180093151515142
36,138,control,0.00180266555555545
39,138,control,0.00180052565656556
42,138,control,0.00180206121212111
45,138,control,0.00179822555555546
48,138,control,0.0017969106060605
0,139,control,0.0026619664646467
3,139,control,0.00266559686868713
6,139,control,0.0026614829292932
9,139,control,0.00266263838383866
12,139,control,0.00266540252525277
15,139,control,0.00266638555555581
18,139,control,0.002662813737374
21,139,control,0.00266110191919216
24,139,control,0.00266272676767703
27,139,control,0.00266525060606088
30,139,control,0.00266432858585886
33,139,control,0.0026706430303033
36,139,control,0.00266401717171742
39,139,control,0.00266461121212148
42,139,control,0.00266529393939421
45,139,control,0.00266621606060632
48,139,control,0.00266517656565685
0,14,control,0.00313639272727329
3,14,control,0.0031248459595965
6,14,control,0.00313037545454602
9,14,control,0.00312805818181873
12,14,control,0.00312437898989956
15,14,control,0.00312871282828337
18,14,control,0.00313002828282882
21,14,control,0.00312424050505107
24,14,control,0.00312447292929348
27,14,control,0.00313037737373793
30,14,control,0.00313013888888944
33,14,control,0.00312832595959651
36,14,control,0.00312468707070761
39,14,control,0.00313015898989954
42,14,control,0.00312503141414199
45,14,control,0.00312942888888943
48,14,control,0.00313323101010159
0,140,control,0.00149555747474741
3,140,control,0.00149682030303025
6,140,control,0.00149553999999993
9,140,control,0.00149754373737367
12,140,control,0.00149402212121205
15,140,control,0.00149865202020195
18,140,control,0.0014973968686868
21,140,control,0.00149567525252519
24,140,control,0.00149638242424237
27,140,control,0.00149690060606054
30,140,control,0.00150298727272721
33,140,control,0.00149973060606054
36,140,control,0.00149513999999993
39,140,control,0.00149517818181812
42,140,control,0.00149411686868679
45,140,control,0.00149516131313125
48,140,control,0.00149305555555549
0,141,control,0.00524698747474847
3,141,control,0.0052484194949504
6,141,control,0.00525043121212213
9,141,control,0.00525219888888981
12,141,control,0.00524292404040503
15,141,control,0.00524476878787973
18,141,control,0.00524323484848577
21,141,control,0.00525178000000093
24,141,control,0.0052535046464656
27,141,control,0.00524789121212216
30,141,control,0.00524725010101103
33,141,control,0.00524778696969794
36,141,control,0.0052447991919202
39,141,control,0.00524750070707163
42,141,control,0.00523901686868786
45,141,control,0.00524724515151614
48,141,control,0.00523710090909188
0,142,control,0.00213171060606052
3,142,control,0.00212897747474742
6,142,control,0.00212968838383832
9,142,control,0.00213060484848479
12,142,control,0.00212394181818176
15,142,control,0.00213322202020197
18,142,control,0.00212907505050499
21,142,control,0.00212378616161608
24,142,control,0.00212963696969691
27,142,control,0.00213512313131308
30,142,control,0.00213055656565651
33,142,control,0.00212936848484841
36,142,control,0.00213291959595953
39,142,control,0.00212583606060599
42,142,control,0.00213113444444436
45,142,control,0.00212982373737367
48,142,control,0.00212302929292922
0,143,control,0.00241416686868699
3,143,control,0.00241639181818192
6,143,control,0.00241430282828298
9,143,control,0.00241362898989911
12,143,control,0.00241438989899005
15,143,control,0.00241767939393953
18,143,control,0.00242359646464659
21,143,control,0.00241810323232334
24,143,control,0.00241860848484862
27,143,control,0.00241324333333343
30,143,control,0.00241005151515163
33,143,control,0.00240480060606072
36,143,control,0.00241364525252536
39,143,control,0.0024177966666668
42,143,control,0.00241296555555569
45,143,control,0.00241326404040416
48,143,control,0.00241317727272736
0,144,control,0.004766455959597
3,144,control,0.00476212141414242
6,144,control,0.00476996707070811
9,144,control,0.00476491131313235
12,144,control,0.00476351515151614
15,144,control,0.00476741080808179
18,144,control,0.00477352262626361
21,144,control,0.00476413909091012
24,144,control,0.00476331545454649
27,144,control,0.00477063898990001
30,144,control,0.00477145888888987
33,144,control,0.00476378848484943
36,144,control,0.00476134656565754
39,144,control,0.00476418303030397
42,144,control,0.00476746747474849
45,144,control,0.00477383060606158
48,144,control,0.00476167151515245
0,145,control,0.00200310898989887
3,145,control,0.00200186777777766
6,145,control,0.0020049222222221
9,145,control,0.00200966090909079
12,145,control,0.00199719313131301
15,145,control,0.00200467494949483
18,145,control,0.00200115939393928
21,145,control,0.00199701101010089
24,145,control,0.00200290414141403
27,145,control,0.00200148777777766
30,145,control,0.00200285737373724
33,145,control,0.00200267040404029
36,145,control,0.00200532606060593
39,145,control,0.00200769212121201
42,145,control,0.00200049353535342
45,145,control,0.0020034914141413
48,145,control,0.00200437686868675
0,146,control,0.00361222858585947
3,146,control,0.00361720585858668
6,146,control,0.0036111577777787
9,146,control,0.00360484505050592
12,146,control,0.00360397404040486
15,146,control,0.00360488909090996
18,146,control,0.00361816656565743
21,146,control,0.00361074646464734
24,146,control,0.00360513080808167
27,146,control,0.00361045989899075
30,146,control,0.00361136434343522
33,146,control,0.00360879828282915
36,146,control,0.00360584171717259
39,146,control,0.00360633737373824
42,146,control,0.00361048090909178
45,146,control,0.00360263626262711
48,146,control,0.0036106144444453
0,147,control,0.00267591434343463
3,147,control,0.0026836125252528
6,147,control,0.00268203000000029
9,147,control,0.00267893818181847
12,147,control,0.002673231717172
15,147,control,0.00267928494949524
18,147,control,0.0026821425252528
21,147,control,0.00267116070707099
24,147,control,0.00267962303030332
27,147,control,0.00267696515151543
30,147,control,0.00267817979798006
33,147,control,0.00267759848484873
36,147,control,0.00267286151515179
39,147,control,0.00267733000000027
42,147,control,0.00268269181818211
45,147,control,0.00268186242424267
48,147,control,0.00267961626262652
0,148,control,0.00170920020202011
3,148,control,0.00170879808080799
6,148,control,0.00170995232323223
9,148,control,0.00170475515151506
12,148,control,0.00170779434343425
15,148,control,0.00171056090909082
18,148,control,0.00170733585858577
21,148,control,0.00171062606060598
24,148,control,0.00170736333333325
27,148,control,0.00170326050505041
30,148,control,0.00170487656565649
33,148,control,0.00171074868686861
36,148,control,0.00170783070707061
39,148,control,0.00171505575757568
42,148,control,0.0017130041414140601
45,148,control,0.00171062252525244
48,148,control,0.00170638040404032
0,149,control,0.00434485040404152
3,149,control,0.00434697555555668
6,149,control,0.00434524272727383
9,149,control,0.00435535272727384
12,149,control,0.0043461451515163
15,149,control,0.0043394072727284
18,149,control,0.00435236101010211
21,149,control,0.00434892626262735
24,149,control,0.0043507897979809
27,149,control,0.00434941737373849
30,149,control,0.00435072545454654
33,149,control,0.0043521581818193
36,149,control,0.00433910535353642
39,149,control,0.00434815717171826
42,149,control,0.00435200353535466
45,149,control,0.00434399646464757
48,149,control,0.00435646949495061
0,15,control,0.00254681727272744
3,15,control,0.00254431282828303
6,15,control,0.00254222010101029
9,15,control,0.00254968282828301
12,15,control,0.00254327868686886
15,15,control,0.00253476989899009
18,15,control,0.00254939303030321
21,15,control,0.0025425921212123
24,15,control,0.0025475739393941298
27,15,control,0.00253673595959614
30,15,control,0.00254370727272745
33,15,control,0.00253547696969715
36,15,control,0.00253791434343453
39,15,control,0.00254543232323251
42,15,control,0.00254543060606081
45,15,control,0.00254668535353553
48,15,control,0.00254524282828302
0,150,control,0.00594003444444527
3,150,control,0.00593998747474837
6,150,control,0.00593117919192001
9,150,control,0.00594173939394024
12,150,control,0.00594390404040481
15,150,control,0.00592466070707157
18,150,control,0.00594000525252617
21,150,control,0.00594832080808162
24,150,control,0.00594383000000075
27,150,control,0.00594328868686958
30,150,control,0.00592849565656649
33,150,control,0.00593121666666749
36,150,control,0.00593524353535433
39,150,control,0.00592983939394024
42,150,control,0.00593559575757658
45,150,control,0.00593705292929377
48,150,control,0.00593731616161696
0,151,control,0.00383330161616262
3,151,control,0.00383396707070806
6,151,control,0.00382707050505152
9,151,control,0.00384138282828379
12,151,control,0.00382928060606165
15,151,control,0.00383075979798079
18,151,control,0.00384293666666767
21,151,control,0.003835310000001
24,151,control,0.00383824737373835
27,151,control,0.00384056161616262
30,151,control,0.0038318185858596
33,151,control,0.00383179737373837
36,151,control,0.00383552191919288
39,151,control,0.0038384772727283
42,151,control,0.00383045505050606
45,151,control,0.00383359898989997
48,151,control,0.00383489464646563
0,152,control,0.00374589878787977
3,152,control,0.00373660242424341
6,152,control,0.00374154525252623
9,152,control,0.00374742404040502
12,152,control,0.00374349989899087
15,152,control,0.00373859838383935
18,152,control,0.00374424383838484
21,152,control,0.00374056737373833
24,152,control,0.00374715767676865
27,152,control,0.0037404391919202
30,152,control,0.00373490606060707
33,152,control,0.00374490929293028
36,152,control,0.00374561373737471
39,152,control,0.0037471511111121
42,152,control,0.00374051343434439
45,152,control,0.00373794494949593
48,152,control,0.00374268797979893
0,153,control,0.0015914569696969
3,153,control,0.00158801040404033
6,153,control,0.00158848828282822
9,153,control,0.00158628545454538
12,153,control,0.00159008818181811
15,153,control,0.00158693181818174
18,153,control,0.00158929646464639
21,153,control,0.00158426575757568
24,153,control,0.00159135383838376
27,153,control,0.00158815404040397
30,153,control,0.00158627494949488
33,153,control,0.00158561959595952
36,153,control,0.00158405575757568
39,153,control,0.00159230838383831
42,153,control,0.00158975606060599
45,153,control,0.00158334202020195
48,153,control,0.00158506707070699
0,154,control,0.00297426292929339
3,154,control,0.00296231131313175
6,154,control,0.002978591515152
9,154,control,0.00297188656565705
12,154,control,0.00297280858585904
15,154,control,0.00296951606060652
18,154,control,0.00297123838383884
21,154,control,0.00296933010101057
24,154,control,0.00297440070707118
27,154,control,0.00297531717171765
30,154,control,0.00297390939393985
33,154,control,0.00297114747474793
36,154,control,0.00296662404040448
39,154,control,0.00297238595959642
42,154,control,0.00297249202020249
45,154,control,0.00297072020202067
48,154,control,0.0029717549494954
0,155,control,0.003778364040405
3,155,control,0.0037829519191929
6,155,control,0.00378105383838481
9,155,control,0.00378310959596053
12,155,control,0.00378660050505147
15,155,control,0.00377894060606157
18,155,control,0.00377773737373836
21,155,control,0.00377726555555652
24,155,control,0.00378000808080908
27,155,control,0.00378608050505148
30,155,control,0.00378693292929386
33,155,control,0.0037822585858596
36,155,control,0.00379279525252625
39,155,control,0.00378503636363732
42,155,control,0.00379049141414239
45,155,control,0.0037797686868696
48,155,control,0.00378112757575856
0,156,control,0.00441030656565764
3,156,control,0.00439953747474856
6,156,control,0.00440792464646569
9,156,control,0.00440467535353641
12,156,control,0.00440314606060713
15,156,control,0.00440728898990007
18,156,control,0.00440637424242528
21,156,control,0.00440962191919301
24,156,control,0.00441773252525362
27,156,control,0.00441663121212227
30,156,control,0.00439898858585957
33,156,control,0.00440430494949603
36,156,control,0.00441606353535465
39,156,control,0.00440463595959705
42,156,control,0.00440408797979908
45,156,control,0.00441094717171827
48,156,control,0.00440833656565764
0,157,control,0.00540275696969781
3,157,control,0.00541387575757666
6,157,control,0.0053924233333342
9,157,control,0.00539939040404133
12,157,control,0.00540014878787969
15,157,control,0.0054078548484857
18,157,control,0.00540686202020283
21,157,control,0.00540512878787968
24,157,control,0.00539514646464734
27,157,control,0.0054062547474756
30,157,control,0.00539347333333423
33,157,control,0.00540704545454635
36,157,control,0.00540340717171804
39,157,control,0.0053964422222231
42,157,control,0.00540250565656648
45,157,control,0.00540465797979882
48,157,control,0.00540442323232409
0,158,control,0.00376598626262724
3,158,control,0.0037649943434353
6,158,control,0.00376570191919288
9,158,control,0.00377038666666764
12,158,control,0.00376166343434442
15,158,control,0.00376582484848583
18,158,control,0.00376739161616257
21,158,control,0.00376692414141509
24,158,control,0.00376621686868782
27,158,control,0.00377505161616259
30,158,control,0.00376308424242521
33,158,control,0.00377451808080905
36,158,control,0.00376961656565753
39,158,control,0.00377504292929391
42,158,control,0.00376424393939489
45,158,control,0.00377036050505142
48,158,control,0.00377021595959696
0,159,control,0.00316813272727334
3,159,control,0.00316360707070769
6,159,control,0.00317246323232383
9,159,control,0.00316701343434401
12,159,control,0.00317442808080867
15,159,control,0.00317066555555615
18,159,control,0.00317301161616221
21,159,control,0.00317357939393999
24,159,control,0.00317309848484904
27,159,control,0.00316234353535413
30,159,control,0.00317689797979858
33,159,control,0.00316037313131375
36,159,control,0.00316602191919246
39,159,control,0.00317383979798037
42,159,control,0.00316733333333391
45,159,control,0.00317301272727333
48,159,control,0.00316629909090969
0,16,control,0.00337895171717239
3,16,control,0.00337360747474816
6,16,control,0.00337459545454614
9,16,control,0.00337516262626334
12,16,control,0.00338315757575828
15,16,control,0.00337148696969771
18,16,control,0.00337677747474818
21,16,control,0.00337718444444514
24,16,control,0.00337487101010171
27,16,control,0.00337819727272798
30,16,control,0.0033793173737381
33,16,control,0.00337711464646535
36,16,control,0.00338017979798049
39,16,control,0.00336984868686939
42,16,control,0.00337514454545525
45,16,control,0.00337923555555627
48,16,control,0.00337778484848557
0,160,control,0.0045918262626274
3,160,control,0.00457790010101121
6,160,control,0.00458134595959706
9,160,control,0.00458753373737485
12,160,control,0.00458606727272838
15,160,control,0.00457792101010215
18,160,control,0.00457630424242536
21,160,control,0.00458319404040515
24,160,control,0.00457704363636471
27,160,control,0.00458223313131424
30,160,control,0.00458779020202131
33,160,control,0.00458275777777881
36,160,control,0.00457112838383952
39,160,control,0.00458086474747594
42,160,control,0.00458111474747592
45,160,control,0.00459148010101118
48,160,control,0.00458077272727388
0,161,control,0.00256761555555576
3,161,control,0.00256479717171736
6,161,control,0.00256901545454566
9,161,control,0.0025710510101012
12,161,control,0.00256392686868707
15,161,control,0.00256630161616182
18,161,control,0.0025658876767679
21,161,control,0.00255858727272747
24,161,control,0.00257104303030321
27,161,control,0.00256670262626281
30,161,control,0.00256889010101032
33,161,control,0.00257217000000021
36,161,control,0.00257160494949515
39,161,control,0.00256595545454564
42,161,control,0.00256626707070729
45,161,control,0.00257179969696991
48,161,control,0.00256264272727292
0,162,control,0.00363953898989989
3,162,control,0.00363304242424332
6,162,control,0.00362996525252612
9,162,control,0.0036333172727281
12,162,control,0.00363655272727355
15,162,control,0.00364468030303112
18,162,control,0.00363704060606144
21,162,control,0.00363294747474833
24,162,control,0.00363682858585946
27,162,control,0.00363632606060694
30,162,control,0.00364526101010189
33,162,control,0.00363051414141504
36,162,control,0.0036363009090918
39,162,control,0.00363302575757659
42,162,control,0.00363167191919277
45,162,control,0.00363609505050592
48,162,control,0.00363892939394025
0,163,control,0.0018841209090908
3,163,control,0.00188639959595948
6,163,control,0.00188666909090899
9,163,control,0.00188909313131303
12,163,control,0.0018913103030302
15,163,control,0.00188726151515141
18,163,control,0.00188156262626251
21,163,control,0.00189206707070696
24,163,control,0.00188875575757567
27,163,control,0.00189034272727262
30,163,control,0.00188969323232313
33,163,control,0.00188586353535342
36,163,control,0.00189353474747464
39,163,control,0.00189043939393929
42,163,control,0.00188261686868676
45,163,control,0.00188135818181808
48,163,control,0.00188032383838374
0,164,control,0.00345461515151591
3,164,control,0.00344913121212196
6,164,control,0.00345420262626339
9,164,control,0.00344479010101086
12,164,control,0.00345665575757651
15,164,control,0.00344992878787957
18,164,control,0.00343990454545531
21,164,control,0.00345298808080884
24,164,control,0.00345457000000078
27,164,control,0.00344971252525332
30,164,control,0.00345001272727346
33,164,control,0.00345091060606139
36,164,control,0.00344998212121288
39,164,control,0.00345755181818261
42,164,control,0.00345374494949571
45,164,control,0.00345678282828362
48,164,control,0.00345121535353612
0,165,control,0.00436976787878901
3,165,control,0.00436594898990016
6,165,control,0.00436387292929401
9,165,control,0.00436477616161728
12,165,control,0.00437492888888994
15,165,control,0.00436620919192031
18,165,control,0.00436919656565766
21,165,control,0.00437462818181928
24,165,control,0.00437022232323344
27,165,control,0.00436654949495065
30,165,control,0.00436547050505158
33,165,control,0.00437770080808195
36,165,control,0.00436348989899106
39,165,control,0.00436134181818298
42,165,control,0.00437261272727389
45,165,control,0.00436400696969808
48,165,control,0.0043592201010112
0,166,control,0.0028152154545458
3,166,control,0.0028150551515155
6,166,control,0.00281997616161653
9,166,control,0.00281661525252561
12,166,control,0.00282164929292965
15,166,control,0.00281725797979834
18,166,control,0.00281629838383875
21,166,control,0.00281834242424275
24,166,control,0.00282067979798017
27,166,control,0.00282490838383875
30,166,control,0.00282311292929333
33,166,control,0.00282360000000037
36,166,control,0.00282138494949533
39,166,control,0.00282306646464683
42,166,control,0.00282139494949531
45,166,control,0.0028195208080812
48,166,control,0.00281875282828318
0,167,control,0.00231092212121215
3,167,control,0.00231177090909095
6,167,control,0.00231528535353537
9,167,control,0.00231749353535359
12,167,control,0.0023051076767677
15,167,control,0.00231413373737379
18,167,control,0.00230529313131315
21,167,control,0.00230659979797982
24,167,control,0.0023076250505051
27,167,control,0.00230419363636367
30,167,control,0.00231031060606063
33,167,control,0.00230864525252527
36,167,control,0.00231152303030307
39,167,control,0.00231450151515156
42,167,control,0.00231197424242429
45,167,control,0.00231003929292934
48,167,control,0.00231187717171722
0,168,control,0.00222835414141413
3,168,control,0.00222589626262626
6,168,control,0.00222044828282827
9,168,control,0.00222876090909092
12,168,control,0.00222450444444442
15,168,control,0.00222591767676769
18,168,control,0.00222233424242424
21,168,control,0.00222714282828281
24,168,control,0.00222315818181817
27,168,control,0.00222816949494948
30,168,control,0.0022196222222222
33,168,control,0.00222770909090909
36,168,control,0.00222836696969696
39,168,control,0.00222668212121213
42,168,control,0.002223661010101
45,168,control,0.00222748676767676
48,168,control,0.0022285312121212
0,169,control,0.00200687828282816
3,169,control,0.0020043627272726
6,169,control,0.00201169060606048
9,169,control,0.0020075407070706
12,169,control,0.00200508393939381
15,169,control,0.00200382898989888
18,169,control,0.00200752727272716
21,169,control,0.00200808444444433
24,169,control,0.00200766616161605
27,169,control,0.00201287868686856
30,169,control,0.00200343989898977
33,169,control,0.00200797020202009
36,169,control,0.00201313242424231
39,169,control,0.0020103530303029
42,169,control,0.0020106516161615
45,169,control,0.00201271040404029
48,169,control,0.0020091518181817
0,17,control,0.0036173495959605
3,17,control,0.00362067919192011
6,17,control,0.00360740828282917
9,17,control,0.00361066181818268
12,17,control,0.00361856070707162
15,17,control,0.00362017727272816
18,17,control,0.00361182878787967
21,17,control,0.00361703646464737
24,17,control,0.00361732161616253
27,17,control,0.00361271434343523
30,17,control,0.00361328939394034
33,17,control,0.00361794696969787
36,17,control,0.00362011484848574
39,17,control,0.00361138030303118
42,17,control,0.00361363444444531
45,17,control,0.00360813242424329
48,17,control,0.00361603484848574
0,170,control,0.00498603131313232
3,170,control,0.00498971181818286
6,170,control,0.00499139292929393
9,170,control,0.00499853080808181
12,170,control,0.00499524535353636
15,170,control,0.00498401373737473
18,170,control,0.00498783666666773
21,170,control,0.00498929929293033
24,170,control,0.00498876000000098
27,170,control,0.00499290747474851
30,170,control,0.00498246101010198
33,170,control,0.004996407979799
36,170,control,0.00499688686868781
39,170,control,0.00499466757575854
42,170,control,0.00498473595959695
45,170,control,0.00498992888888989
48,170,control,0.00498951444444549
0,171,control,0.00229236696969701
3,171,control,0.00229166696969702
6,171,control,0.00228915525252529
9,171,control,0.00228308898989903
12,171,control,0.00229182242424245
15,171,control,0.00228533787878791
18,171,control,0.00228937575757581
21,171,control,0.00229745858585863
24,171,control,0.00228431070707075
27,171,control,0.00229050636363641
30,171,control,0.00229493797979802
33,171,control,0.00229210707070712
36,171,control,0.00228736222222226
39,171,control,0.00228597464646468
42,171,control,0.0022843864646465
45,171,control,0.00229592353535359
48,171,control,0.00229024717171722
0,172,control,0.00184021414141404
3,172,control,0.00183322181818171
6,172,control,0.00183823151515142
9,172,control,0.00183739242424232
12,172,control,0.00184338404040394
15,172,control,0.00183823939393929
18,172,control,0.0018416312121211
21,172,control,0.00183850888888878
24,172,control,0.00183761363636352
27,172,control,0.00184253484848475
30,172,control,0.00184103181818171
33,172,control,0.00184493787878779
36,172,control,0.00184277858585849
39,172,control,0.00184277333333324
42,172,control,0.00184162595959584
45,172,control,0.00184041141414131
48,172,control,0.00183587999999991
0,173,control,0.00141730858585852
3,173,control,0.00142489343434338
6,173,control,0.00142315444444438
9,173,control,0.00142440959595954
12,173,control,0.00142229050505045
15,173,control,0.00142339242424236
18,173,control,0.00142614313131308
21,173,control,0.00142577696969691
24,173,control,0.0014225147474747
27,173,control,0.00142360888888882
30,173,control,0.00142556515151509
33,173,control,0.00142646646464641
36,173,control,0.00142416373737367
39,173,control,0.00142318797979792
42,173,control,0.00142403333333327
45,173,control,0.00142465141414136
48,173,control,0.00142306787878782
0,174,control,0.00264702919191944
3,174,control,0.00264739292929319
6,174,control,0.00264954656565681
9,174,control,0.00264681646464671
12,174,control,0.00264122242424267
15,174,control,0.00264742272727298
18,174,control,0.00265232010101036
21,174,control,0.00264494555555577
24,174,control,0.00264900585858612
27,174,control,0.00264673717171741
30,174,control,0.00264827070707095
33,174,control,0.00264696868686892
36,174,control,0.00264642373737397
39,174,control,0.00265941797979822
42,174,control,0.00264374454545477
45,174,control,0.0026423821212124
48,174,control,0.00264592919191945
0,175,control,0.00570253646464736
3,175,control,0.0057070144444453
6,175,control,0.00569660909090999
9,175,control,0.00569917868686958
12,175,control,0.00569707727272816
15,175,control,0.00570290565656654
18,175,control,0.00569294808080896
21,175,control,0.00570194515151601
24,175,control,0.00570133797979881
27,175,control,0.00570392222222309
30,175,control,0.00570110707070793
33,175,control,0.00570277030303118
36,175,control,0.00570085616161705
39,175,control,0.00570455909090999
42,175,control,0.00570442232323317
45,175,control,0.00568286292929383
48,175,control,0.00569636848484941
0,176,control,0.00327228464646532
3,176,control,0.00326961636363705
6,176,control,0.00327559757575827
9,176,control,0.00326859767676839
12,176,control,0.00327265989899059
15,176,control,0.00327713424242491
18,176,control,0.00327161464646533
21,176,control,0.00327482080808148
24,176,control,0.00325887949495016
27,176,control,0.0032742085858593
30,176,control,0.00326991646464715
33,176,control,0.00327677434343501
36,176,control,0.00327000444444511
39,176,control,0.0032703691919199
42,176,control,0.00327441070707138
45,176,control,0.00326524565656631
48,176,control,0.00327031545454612
0,177,control,0.00348859282828358
3,177,control,0.00348740262626342
6,177,control,0.00350115080808164
9,177,control,0.00348750505050583
12,177,control,0.00349895767676846
15,177,control,0.0034964008080816
18,177,control,0.00348977868686947
21,177,control,0.00348310898989976
24,177,control,0.00348446252525331
27,177,control,0.00349094424242503
30,177,control,0.00348779484848566
33,177,control,0.00349796171717251
36,177,control,0.00349029171717251
39,177,control,0.00349281505050584
42,177,control,0.00349455939394019
45,177,control,0.00349763626262707
48,177,control,0.00349212040404119
0,178,control,0.00216674909090903
3,178,control,0.00217274050505045
6,178,control,0.00217171353535348
9,178,control,0.00216872131313126
12,178,control,0.00216579090909084
15,178,control,0.00217129878787873
18,178,control,0.00216843454545449
21,178,control,0.00216996979797974
24,178,control,0.00217206404040399
27,178,control,0.00217089646464641
30,178,control,0.00216566383838377
33,178,control,0.002167626060606
36,178,control,0.00217052282828277
39,178,control,0.00217046131313125
42,178,control,0.0021684249494949
45,178,control,0.00216541636363631
48,178,control,0.00216914222222215
0,179,control,0.00461216595959705
3,179,control,0.00460567030303132
6,179,control,0.00460976262626376
9,179,control,0.00461266373737481
12,179,control,0.00461228757575862
15,179,control,0.00461296535353644
18,179,control,0.00460905333333441
21,179,control,0.00461511454545563
24,179,control,0.00461117545454647
27,179,control,0.00461395696969809
30,179,control,0.00461103434343547
33,179,control,0.00461474585858692
36,179,control,0.00460352313131421
39,179,control,0.00459376060606173
42,179,control,0.00461369181818295
45,179,control,0.0046030210101021
48,179,control,0.00460600878787993
0,18,control,0.00345677292929369
3,18,control,0.00345905464646541
6,18,control,0.00346174767676848
9,18,control,0.00345176222222298
12,18,control,0.00346121707070781
15,18,control,0.00345543313131391
18,18,control,0.00345579777777857
21,18,control,0.00346121545454622
24,18,control,0.00346122666666748
27,18,control,0.00346065202020284
30,18,control,0.0034539617171725
33,18,control,0.00346124373737447
36,18,control,0.00346502989899069
39,18,control,0.00345816777777855
42,18,control,0.00346141878787953
45,18,control,0.00345906080808157
48,18,control,0.00346384949495025
0,180,control,0.003296053333334
3,180,control,0.00328672959596023
6,180,control,0.00328541414141482
9,180,control,0.00329085505050569
12,180,control,0.00328598333333398
15,180,control,0.00328654969697034
18,180,control,0.00328745808080874
21,180,control,0.00328429242424309
24,180,control,0.00328369383838446
27,180,control,0.00328790040404103
30,180,control,0.00328383272727339
33,180,control,0.00329111181818248
36,180,control,0.0032947365656572
39,180,control,0.003291335353536
42,180,control,0.003294456363637
45,180,control,0.00329003828282891
48,180,control,0.0032849662626269
0,181,control,0.00352844555555636
3,181,control,0.00352959949495032
6,181,control,0.00353265858585941
9,181,control,0.00352404212121293
12,181,control,0.00352837101010183
15,181,control,0.00352633030303115
18,181,control,0.00352571080808162
21,181,control,0.00352978777777855
24,181,control,0.00352905535353618
27,181,control,0.00352797424242506
30,181,control,0.00352010848484934
33,181,control,0.00352590747474829
36,181,control,0.00352262666666748
39,181,control,0.00352576737373822
42,181,control,0.00353044373737453
45,181,control,0.00352142090909174
48,181,control,0.00352641030303111
0,182,control,0.00233609020202025
3,182,control,0.00234380505050513
6,182,control,0.00234398292929299
9,182,control,0.00234258575757582
12,182,control,0.00233563878787884
15,182,control,0.00234079181818187
18,182,control,0.00234202101010105
21,182,control,0.00234199070707077
24,182,control,0.00233960343434348
27,182,control,0.00234927303030307
30,182,control,0.00234523979797987
33,182,control,0.002335463939394
36,182,control,0.00234060939393944
39,182,control,0.00233826555555562
42,182,control,0.00234460010101015
45,182,control,0.00234238909090915
48,182,control,0.00233221777777783
0,183,control,0.00288984373737412
3,183,control,0.00289844454545496
6,183,control,0.00289353111111151
9,183,control,0.00288807191919229
12,183,control,0.00288730747474788
15,183,control,0.00288166525252562
18,183,control,0.00288066282828322
21,183,control,0.00288141606060648
24,183,control,0.00288497252525291
27,183,control,0.00288416353535391
30,183,control,0.00288679141414181
33,183,control,0.00288259727272768
36,183,control,0.00288359494949535
39,183,control,0.0028898576767681
42,183,control,0.00289468898989937
45,183,control,0.00288774717171758
48,183,control,0.002887007575758
0,184,control,0.00219329919191919
3,184,control,0.00218556363636361
6,184,control,0.0021863543434343
9,184,control,0.00218265838383837
12,184,control,0.00218965191919188
15,184,control,0.00219006767676765
18,184,control,0.00218927989898987
21,184,control,0.00218799060606059
24,184,control,0.00219403474747474
27,184,control,0.0021949826262626
30,184,control,0.00219415818181816
33,184,control,0.00219555272727271
36,184,control,0.00219099969696968
39,184,control,0.00218965545454542
42,184,control,0.00219092888888887
45,184,control,0.0021933717171717
48,184,control,0.002187333030303
0,185,control,0.00301076373737421
3,185,control,0.00300359797979842
6,185,control,0.00301960484848533
9,185,control,0.00300826898989944
12,185,control,0.00301282737373783
15,185,control,0.0030103168686874
18,185,control,0.00301342141414194
21,185,control,0.00301014515151562
24,185,control,0.00300679393939441
27,185,control,0.00300931434343482
30,185,control,0.00301034373737423
33,185,control,0.00301119656565704
36,185,control,0.00300672888888933
39,185,control,0.00300708454545502
42,185,control,0.0030083103030308
45,185,control,0.00301128343434392
48,185,control,0.00301230747474794
0,186,control,0.00213814181818175
3,186,control,0.0021429862626262
6,186,control,0.00214014303030295
9,186,control,0.00213842999999995
12,186,control,0.00213758323232318
15,186,control,0.00214267333333327
18,186,control,0.00213983979797974
21,186,control,0.00214494797979792
24,186,control,0.00214297838383832
27,186,control,0.00213751303030297
30,186,control,0.00213633151515145
33,186,control,0.00214061595959591
36,186,control,0.00214103262626256
39,186,control,0.00214124656565651
42,186,control,0.00213908484848479
45,186,control,0.00213993474747469
48,186,control,0.00214053959595953
0,187,control,0.00186610878787867
3,187,control,0.00186656060606051
6,187,control,0.00187404484848473
9,187,control,0.00186615353535344
12,187,control,0.00186500606060595
15,187,control,0.0018733422222221201
18,187,control,0.00186912888888879
21,187,control,0.00187646252525242
24,187,control,0.00187078232323223
27,187,control,0.00187221979797969
30,187,control,0.00187094646464636
33,187,control,0.00186845181818171
36,187,control,0.00186856717171705
39,187,control,0.00187763595959584
42,187,control,0.00187505666666656
45,187,control,0.00186734878787868
48,187,control,0.00186327717171706
0,188,control,0.00380978111111209
3,188,control,0.00382251343434445
6,188,control,0.00381555686868784
9,188,control,0.00381168080808181
12,188,control,0.00381080898989995
15,188,control,0.00381413010101108
18,188,control,0.00382326666666764
21,188,control,0.00380752222222318
24,188,control,0.00381999535353631
27,188,control,0.00381244727272828
30,188,control,0.00381411272727369
33,188,control,0.00381781505050601
36,188,control,0.00381917646464747
39,188,control,0.00381449575757674
42,188,control,0.00380544090909193
45,188,control,0.0038124253535363
48,188,control,0.00381691929293025
0,189,control,0.004158574848486
3,189,control,0.004158514848486
6,189,control,0.0041590403030315
9,189,control,0.00415987161616276
12,189,control,0.00416079101010215
15,189,control,0.00414490898990018
18,189,control,0.00415424424242539
21,189,control,0.00416754979798095
24,189,control,0.00416000212121328
27,189,control,0.00415085181818299
30,189,control,0.00415852707070826
33,189,control,0.0041620069696981
36,189,control,0.00417132060606175
39,189,control,0.00416165404040517
42,189,control,0.00415520747474864
45,189,control,0.00416058282828402
48,189,control,0.00416429131313251
0,19,control,0.00240823212121222
3,19,control,0.00240488181818192
6,19,control,0.00240887555555564
9,19,control,0.00241047595959608
12,19,control,0.0024098583838385
15,19,control,0.00240762595959606
18,19,control,0.00240632656565668
21,19,control,0.00241090717171729
24,19,control,0.00241233252525263
27,19,control,0.00241009171717182
30,19,control,0.00240543848484856
33,19,control,0.00240493929292939
36,19,control,0.0024028090909092
39,19,control,0.00240448565656575
42,19,control,0.00240623353535365
45,19,control,0.0024094096969698
48,19,control,0.00240867797979808
0,190,control,0.00213167616161609
3,190,control,0.00213318484848479
6,190,control,0.00213131343434337
9,190,control,0.00213135989898983
12,190,control,0.00213973333333328
15,190,control,0.00213295181818175
18,190,control,0.00213043999999994
21,190,control,0.0021329775757575
24,190,control,0.00212845101010094
27,190,control,0.00213395272727268
30,190,control,0.00213658575757568
33,190,control,0.00213099989898983
36,190,control,0.00213661999999991
39,190,control,0.00213250181818176
42,190,control,0.00213192030303024
45,190,control,0.00214000444444438
48,190,control,0.00214173303030297
0,191,control,0.00215159060606055
3,191,control,0.00215133141414136
6,191,control,0.00215110424242419
9,191,control,0.00215161838383833
12,191,control,0.00214806090909088
15,191,control,0.00215269060606056
18,191,control,0.00215179545454541
21,191,control,0.00214695181818176
24,191,control,0.00215352242424237
27,191,control,0.0021543258585858
30,191,control,0.00215293949494944
33,191,control,0.00215190252525249
36,191,control,0.00215117606060601
39,191,control,0.00215205868686862
42,191,control,0.00214814787878782
45,191,control,0.00214530545454541
48,191,control,0.00214479505050499
0,192,control,0.00233009141414148
3,192,control,0.00233532777777784
6,192,control,0.00233556585858594
9,192,control,0.00232265414141421
12,192,control,0.00232944424242431
15,192,control,0.00233145020202027
18,192,control,0.00232796818181825
21,192,control,0.00233780181818187
24,192,control,0.00233026181818188
27,192,control,0.00233668030303037
30,192,control,0.00233392030303037
33,192,control,0.00233615727272735
36,192,control,0.00233242767676775
39,192,control,0.00233137878787884
42,192,control,0.00233392080808088
45,192,control,0.00233595050505057
48,192,control,0.00232899030303038
0,193,control,0.00244699010101024
3,193,control,0.00245164333333346
6,193,control,0.00244188050505063
9,193,control,0.00244992474747488
12,193,control,0.00244909282828294
15,193,control,0.00244269424242436
18,193,control,0.00244400050505064
21,193,control,0.00244155828282842
24,193,control,0.00244858353535366
27,193,control,0.00244864313131326
30,193,control,0.00244464252525264
33,193,control,0.00244571848484862
36,193,control,0.00244518676767688
39,193,control,0.00244559171717187
42,193,control,0.00244245747474762
45,193,control,0.00244587404040417
48,193,control,0.0024418183838385
0,194,control,0.00225692525252527
3,194,control,0.00225177808080809
6,194,control,0.00225686
9,194,control,0.00226061737373737
12,194,control,0.00225779656565657
15,194,control,0.00225494434343433
18,194,control,0.00226196070707072
21,194,control,0.0022550097979798
24,194,control,0.00225512484848483
27,194,control,0.00225700070707071
30,194,control,0.00225495070707072
33,194,control,0.00225858585858586
36,194,control,0.00225456494949495
39,194,control,0.00225421989898988
42,194,control,0.00225184202020201
45,194,control,0.00225727828282827
48,194,control,0.00225458565656566
0,195,control,0.00152219080808073
3,195,control,0.00152082242424236
6,195,control,0.00151715484848478
9,195,control,0.00152392040404033
12,195,control,0.00151639616161609
15,195,control,0.00151903626262619
18,195,control,0.00151954171717164
21,195,control,0.00152072838383831
24,195,control,0.00152257888888882
27,195,control,0.00151891383838377
30,195,control,0.00152243252525246
33,195,control,0.00152274373737366
36,195,control,0.00152158262626255
39,195,control,0.00152488656565649
42,195,control,0.00152696181818175
45,195,control,0.00151743434343428
48,195,control,0.0015202562626262
0,196,control,0.00276195919191952
3,196,control,0.00276736646464679
6,196,control,0.00276562949494981
9,196,control,0.00276839303030339
12,196,control,0.00276535444444476
15,196,control,0.00275908838383874
18,196,control,0.00276885959595991
21,196,control,0.00276859444444476
24,196,control,0.00277091919191951
27,196,control,0.00276732646464678
30,196,control,0.00276569969697003
33,196,control,0.00276234595959629
36,196,control,0.00276462636363667
39,196,control,0.00276744424242457
42,196,control,0.00276394040404074
45,196,control,0.00276328505050539
48,196,control,0.00276627101010133
0,197,control,0.00294044878787922
3,197,control,0.0029364359595964
6,197,control,0.00292817777777818
9,197,control,0.00293504626262667
12,197,control,0.00293492535353578
15,197,control,0.00292964272727315
18,197,control,0.00293792414141458
21,197,control,0.00293847939393978
24,197,control,0.0029342672727277
27,197,control,0.00294220929292973
30,197,control,0.00294449797979839
33,197,control,0.00294137787878832
36,197,control,0.00294257404040447
39,197,control,0.00293655282828323
42,197,control,0.0029398381818186
45,197,control,0.00294178090909135
48,197,control,0.00293993040404084
0,198,control,0.00225585393939394
3,198,control,0.00225586282828283
6,198,control,0.00225360414141415
9,198,control,0.00225571141414139
12,198,control,0.0022560219191919
15,198,control,0.00225474818181818
18,198,control,0.00225579373737374
21,198,control,0.00225309020202019
24,198,control,0.0022553803030303
27,198,control,0.00226004171717171
30,198,control,0.00225759898989899
33,198,control,0.00225519353535353
36,198,control,0.00225288212121211
39,198,control,0.00225442191919194
42,198,control,0.00225864252525252
45,198,control,0.00226220222222221
48,198,control,0.00225274828282827
0,199,control,0.00165567545454538
3,199,control,0.00164876656565649
6,199,control,0.00165718050505042
9,199,control,0.00166314878787871
12,199,control,0.00165564777777769
15,199,control,0.00165256222222213
18,199,control,0.00165883828282819
21,199,control,0.00165817090909083
24,199,control,0.00165639191919183
27,199,control,0.00165590050505042
30,199,control,0.00165816111111103
33,199,control,0.00166034434343426
36,199,control,0.00165579252525243
39,199,control,0.00165547393939385
42,199,control,0.00165480979797971
45,199,control,0.00165411747474739
48,199,control,0.00165726090909082
0,2,control,0.00252554202020217
3,2,control,0.00251978222222239
6,2,control,0.00251685757575772
9,2,control,0.00252476646464664
12,2,control,0.00252537777777795
15,2,control,0.00251918070707087
18,2,control,0.00252232565656581
21,2,control,0.00251867909090926
24,2,control,0.00252113333333351
27,2,control,0.00252198686868705
30,2,control,0.00251817808080824
33,2,control,0.00252164242424261
36,2,control,0.00252033171717187
39,2,control,0.00251963323232342
42,2,control,0.00252061212121229
45,2,control,0.00252262292929309
48,2,control,0.00252111303030319
0,20,control,0.00395125464646574
3,20,control,0.00394863636363742
6,20,control,0.00394662757575866
9,20,control,0.00395127505050614
12,20,control,0.00395294707070815
15,20,control,0.00395148737373843
18,20,control,0.00395023636363743
21,20,control,0.00395432323232429
24,20,control,0.00394565565656674
27,20,control,0.00394574707070815
30,20,control,0.00395309101010209
33,20,control,0.0039499886868697796
36,20,control,0.00394357343434452
39,20,control,0.0039491477777789
42,20,control,0.0039454407070718
45,20,control,0.00395733666666772
48,20,control,0.00395416656565766
0,200,control,0.00186980020202011
3,200,control,0.0018724196969696
6,200,control,0.00186525686868676
9,200,control,0.00186340292929282
12,200,control,0.00186159242424233
15,200,control,0.00186568414141404
18,200,control,0.00186706505050495
21,200,control,0.0018635105050504
24,200,control,0.00187129272727263
27,200,control,0.00186460939393929
30,200,control,0.00186558535353525
33,200,control,0.00186968616161606
36,200,control,0.00186863434343424
39,200,control,0.00187136232323222
42,200,control,0.00186760333333324
45,200,control,0.00186381606060596
48,200,control,0.00186262666666656
0,21,control,0.00351060575757657
3,21,control,0.00351495303030382
6,21,control,0.00351274828282906
9,21,control,0.00350508222222301
12,21,control,0.00350392525252606
15,21,control,0.00351094272727349
18,21,control,0.00351070666666744
21,21,control,0.00350771404040481
24,21,control,0.0035113065656573
27,21,control,0.0035054836363644
30,21,control,0.00351405777777856
33,21,control,0.00350933757575836
36,21,control,0.0035067731313139
39,21,control,0.00351408929293009
42,21,control,0.00351544171717249
45,21,control,0.0035038088888897
48,21,control,0.00351589000000077
0,22,control,0.00282849808080846
3,22,control,0.00282778353535389
6,22,control,0.00283049010101041
9,22,control,0.00283266919191956
12,22,control,0.00283176212121247
15,22,control,0.00283105444444483
18,22,control,0.00282919131313169
21,22,control,0.00282736585858621
24,22,control,0.00282828050505086
27,22,control,0.00282703939393973
30,22,control,0.002830272626263
33,22,control,0.00283393858585895
36,22,control,0.00283670656565693
39,22,control,0.00283573575757612
42,22,control,0.00282272505050544
45,22,control,0.00282318242424279
48,22,control,0.00282376010101047
0,23,control,0.00202259787878775
3,23,control,0.00202208828282816
6,23,control,0.00202325525252512
9,23,control,0.00202240363636353
12,23,control,0.00202613292929281
15,23,control,0.00202403282828271
18,23,control,0.0020285922222221
21,23,control,0.00202494989898977
24,23,control,0.00202073696969685
27,23,control,0.00202264555555545
30,23,control,0.00202378444444432
33,23,control,0.00202099272727261
36,23,control,0.00201289404040391
39,23,control,0.00202450939393929
42,23,control,0.00202530888888876
45,23,control,0.00201993191919179
48,23,control,0.00202334454545442
0,24,control,0.00340707050505124
3,24,control,0.00340944262626333
6,24,control,0.00341020818181888
9,24,control,0.0034067997979805
12,24,control,0.00341054262626334
15,24,control,0.00341710626262696
18,24,control,0.00341543787878861
21,24,control,0.00341651181818253
24,24,control,0.0034034325252532
27,24,control,0.00341218878787952
30,24,control,0.00341857656565731
33,24,control,0.00340979333333404
36,24,control,0.00340866393939465
39,24,control,0.00341064010101082
42,24,control,0.00340868888888962
45,24,control,0.00340959292929368
48,24,control,0.00340661747474816
0,25,control,0.00202459727272716
3,25,control,0.00202483454545444
6,25,control,0.00202792575757565
9,25,control,0.00202279262626252
12,25,control,0.0020243716161615
15,25,control,0.00202075303030292
18,25,control,0.00203436909090898
21,25,control,0.0020281320202019
24,25,control,0.00202343161616149
27,25,control,0.00202539757575745
30,25,control,0.00202671989898977
33,25,control,0.00202793242424231
36,25,control,0.00202551404040392
39,25,control,0.00202265959595947
42,25,control,0.00202741606060593
45,25,control,0.00202066787878777
48,25,control,0.00202437393939382
0,26,control,0.00536994696969793
3,26,control,0.00538828080808169
6,26,control,0.00537642898989988
9,26,control,0.0053757431313141
12,26,control,0.00537491515151606
15,26,control,0.00536684242424348
18,26,control,0.00537793707070796
21,26,control,0.00536919272727364
24,26,control,0.00537566404040496
27,26,control,0.00536620252525345
30,26,control,0.00537354525252623
33,26,control,0.0053762868686878
36,26,control,0.00537671777777876
39,26,control,0.00537600696969788
42,26,control,0.00537024666666768
45,26,control,0.00537457010101096
48,26,control,0.00536224636363733
0,27,control,0.00293717323232369
3,27,control,0.0029346556565661
6,27,control,0.00294109626262669
9,27,control,0.00293268787878831
12,27,control,0.00293309121212169
15,27,control,0.00293184505050553
18,27,control,0.00293424818181864
21,27,control,0.00293899838383886
24,27,control,0.00293259242424288
27,27,control,0.00293293080808125
30,27,control,0.00294336858585901
33,27,control,0.00294060383838428
36,27,control,0.00293446353535401
39,27,control,0.00293508050505091
42,27,control,0.00293841282828329
45,27,control,0.00293057878787926
48,27,control,0.0029350364646468902
0,28,control,0.00377734444444539
3,28,control,0.00378487969697065
6,28,control,0.00377755242424345
9,28,control,0.00378079686868785
12,28,control,0.00378038888888984
15,28,control,0.00378202121212216
18,28,control,0.00377570717171811
21,28,control,0.00377296020202117
24,28,control,0.00377479060606155
27,28,control,0.00377930515151617
30,28,control,0.00378123404040501
33,28,control,0.00376911212121308
36,28,control,0.0037826802020211
39,28,control,0.00378174929293025
42,28,control,0.00377244858585955
45,28,control,0.00376602717171816
48,28,control,0.00377218101010196
0,29,control,0.00198681797979787
3,29,control,0.0019898518181817
6,29,control,0.00199062838383827
9,29,control,0.00198567808080797
12,29,control,0.00198859202020191
15,29,control,0.00198620585858574
18,29,control,0.00199150313131301
21,29,control,0.00198810393939383
24,29,control,0.00198612434343424
27,29,control,0.00198357393939384
30,29,control,0.00199300151515139
33,29,control,0.00199197272727261
36,29,control,0.00198911404040392
39,29,control,0.00198523606060594
42,29,control,0.00198977777777766
45,29,control,0.00198691070707059
48,29,control,0.00198982505050494
0,3,control,0.00256189414141436
3,3,control,0.0025590881818184
6,3,control,0.00256718111111133
9,3,control,0.00256311494949518
12,3,control,0.00255836464646485
15,3,control,0.00256357565656588
18,3,control,0.00255928181818204
21,3,control,0.00255159545454566
24,3,control,0.00255634535353556
27,3,control,0.00256200717171738
30,3,control,0.00255857000000022
33,3,control,0.00256121171717193
36,3,control,0.00256297868686891
39,3,control,0.00256158535353557
42,3,control,0.00256218303030325
45,3,control,0.00255729777777801
48,3,control,0.00255454949494971
0,30,control,0.00234412383838391
3,30,control,0.00233898121212128
6,30,control,0.00233840828282835
9,30,control,0.00234135818181826
12,30,control,0.00233283939393947
15,30,control,0.00233950434343442
18,30,control,0.00233699525252533
21,30,control,0.0023320724242425
24,30,control,0.00233711919191927
27,30,control,0.00233503949494956
30,30,control,0.00233685949494957
33,30,control,0.00234232626262635
36,30,control,0.00233922323232333
39,30,control,0.00234848464646471
42,30,control,0.00234152575757584
45,30,control,0.00233871585858593
48,30,control,0.0023359440404041
0,31,control,0.0023379320202021
3,31,control,0.00232745161616168
6,31,control,0.00233227838383843
9,31,control,0.00233692959595969
12,31,control,0.00233475121212128
15,31,control,0.00233430565656574
18,31,control,0.00234071616161623
21,31,control,0.00233353535353541
24,31,control,0.00233429020202027
27,31,control,0.00233697777777786
30,31,control,0.00234020565656574
33,31,control,0.00233554030303037
36,31,control,0.00233249979797985
39,31,control,0.0023387000000001
42,31,control,0.00233767888888896
45,31,control,0.0023435218181819
48,31,control,0.00233560515151522
0,32,control,0.00349423737373815
3,32,control,0.00349307969697051
6,32,control,0.00349093878787957
9,32,control,0.00348744525252609
12,32,control,0.00348825909090989
15,32,control,0.00349694989899073
18,32,control,0.00349075141414218
21,32,control,0.003497267171718
24,32,control,0.00348820070707156
27,32,control,0.00349125343434424
30,32,control,0.00348936727272808
33,32,control,0.00349519383838465
36,32,control,0.00348605373737453
39,32,control,0.00348693525252605
42,32,control,0.00349505585858668
45,32,control,0.00349449777777857
48,32,control,0.00349333363636445
0,33,control,0.0054082168686878
3,33,control,0.00540962393939491
6,33,control,0.00540914696969792
9,33,control,0.00539802949495042
12,33,control,0.00540509373737463
15,33,control,0.0054066094949504
18,33,control,0.00540807010101101
21,33,control,0.00541444747474835
24,33,control,0.0054085367676777
27,33,control,0.00540542666666759
30,33,control,0.00540565939394033
33,33,control,0.00540697232323319
36,33,control,0.00541506545454638
39,33,control,0.00541589252525344
42,33,control,0.00541475636363732
45,33,control,0.00540767878787974
48,33,control,0.00540621626262723
0,34,control,0.00373254222222317
3,34,control,0.00373373949495044
6,34,control,0.00372681080808173
9,34,control,0.00373190272727365
12,34,control,0.00373098353535448
15,34,control,0.00372807090909184
18,34,control,0.00373555676767772
21,34,control,0.00373219080808173
24,34,control,0.00372912161616251
27,34,control,0.00373170131313223
30,34,control,0.00373071767676864
33,34,control,0.0037368143434353
36,34,control,0.00372473606060701
39,34,control,0.00372451545454637
42,34,control,0.00373015737373831
45,34,control,0.00373413212121308
48,34,control,0.00374546898989993
0,35,control,0.00269393626262653
3,35,control,0.00270384030303058
6,35,control,0.00270665464646492
9,35,control,0.00270070595959624
12,35,control,0.00269921929292961
15,35,control,0.00270005555555586
18,35,control,0.00270795343434373
21,35,control,0.00269963919191949
24,35,control,0.00270178555555585
27,35,control,0.00270271777777807
30,35,control,0.00270129434343464
33,35,control,0.00269724565656595
36,35,control,0.0026969412121215
39,35,control,0.00270212424242454
42,35,control,0.00270725919191948
45,35,control,0.00269867848484879
48,35,control,0.00270030464646493
0,36,control,0.00441389656565776
3,36,control,0.0044085294949506
6,36,control,0.00440345373737492
9,36,control,0.00441273171717282
12,36,control,0.00441355717171832
15,36,control,0.00441842171717283
18,36,control,0.00439624808080916
21,36,control,0.00440690242424349
24,36,control,0.00440311979798087
27,36,control,0.00441416626262737
30,36,control,0.00440942292929402
33,36,control,0.0044048413131324
36,36,control,0.00440972555555663
39,36,control,0.00441503353535463
42,36,control,0.00441304717171826
45,36,control,0.00440493898990006
48,36,control,0.00440929868686978
0,37,control,0.00290805393939434
3,37,control,0.00291894121212165
6,37,control,0.0029114351515156
9,37,control,0.00291639929292971
12,37,control,0.00291279070707112
15,37,control,0.00291844909090952
18,37,control,0.00291055484848527
21,37,control,0.00291281686868729
24,37,control,0.00290787222222264
27,37,control,0.00291581727272767
30,37,control,0.00291895989899035
33,37,control,0.00291467707070751
36,37,control,0.00291463505050546
39,37,control,0.00290771212121249
42,37,control,0.00292177303030346
45,37,control,0.00292074343434384
48,37,control,0.00291430333333376
0,38,control,0.00232421333333339
3,38,control,0.00231925202020206
6,38,control,0.00232702595959602
9,38,control,0.00232690949494956
12,38,control,0.00232321272727279
15,38,control,0.00232335444444449
18,38,control,0.00232751868686875
21,38,control,0.0023328256565657
24,38,control,0.00232977121212127
27,38,control,0.00232157565656571
30,38,control,0.00232573797979802
33,38,control,0.00233265222222227
36,38,control,0.00232847080808086
39,38,control,0.00233265424242431
42,38,control,0.00232133666666674
45,38,control,0.00232798545454551
48,38,control,0.0023284240404041
0,39,control,0.00296757919191963
3,39,control,0.00296811161616207
6,39,control,0.00296473626262671
9,39,control,0.00297290939393987
12,39,control,0.00296662555555602
15,39,control,0.00296822757575803
18,39,control,0.00296360292929339
21,39,control,0.00296670909090956
24,39,control,0.00296631474747521
27,39,control,0.00296514131313178
30,39,control,0.00296501757575803
33,39,control,0.00296732353535401
36,39,control,0.00296056030303074
39,39,control,0.00296792585858628
42,39,control,0.00296966919191963
45,39,control,0.00296298818181862
48,39,control,0.00297004646464691
0,4,control,0.00292724303030348
3,4,control,0.00292654393939438
6,4,control,0.00292993292929339
9,4,control,0.00293325151515197
12,4,control,0.00293235333333374
15,4,control,0.00292969969697016
18,4,control,0.0029307248484853
21,4,control,0.00292814525252571
24,4,control,0.00292715777777823
27,4,control,0.00292763919191964
30,4,control,0.00292696161616205
33,4,control,0.0029304172727277
36,4,control,0.0029367577777782
39,4,control,0.00293031020202066
42,4,control,0.00293366525252568
45,4,control,0.00292136222222265
48,4,control,0.00292867858585903
0,40,control,0.00200577121212109
3,40,control,0.00199651696969685
6,40,control,0.00200685363636351
9,40,control,0.00200126797979786
12,40,control,0.0020048819191918
15,40,control,0.0019995815151514
18,40,control,0.00200059969696958
21,40,control,0.00200325838383827
24,40,control,0.00200194121212109
27,40,control,0.00200350979797968
30,40,control,0.00200494303030291
33,40,control,0.00200087979797967
36,40,control,0.00200405666666654
39,40,control,0.00200200888888876
42,40,control,0.00200279878787866
45,40,control,0.0019997222222221
48,40,control,0.00199965767676756
0,41,control,0.00370768242424337
3,41,control,0.00371181646464737
6,41,control,0.00371801555555651
9,41,control,0.00370383313131408
12,41,control,0.00370666838383932
15,41,control,0.00370678777777873
18,41,control,0.00370767121212214
21,41,control,0.00370375292929387
24,41,control,0.00370722939394034
27,41,control,0.00371065040404133
30,41,control,0.00370772424242514
33,41,control,0.00370959111111206
36,41,control,0.00370495515151613
39,41,control,0.00370931525252623
42,41,control,0.00371530616161711
45,41,control,0.00371071898989993
48,41,control,0.00371229949495036
0,42,control,0.00273021595959627
3,42,control,0.00272484616161646
6,42,control,0.00272640282828313
9,42,control,0.00273002979798013
12,42,control,0.00272400404040435
15,42,control,0.00273122868686902
18,42,control,0.0027308281818185
21,42,control,0.00272981404040438
24,42,control,0.00271990202020232
27,42,control,0.00273306898989928
30,42,control,0.00272256404040434
33,42,control,0.00272109515151545
36,42,control,0.00273406888888918
39,42,control,0.00273628252525284
42,42,control,0.00272793666666696
45,42,control,0.00273071969697
48,42,control,0.00272510747474778
0,43,control,0.00237749595959602
3,43,control,0.00238373090909098
6,43,control,0.0023797604040405
9,43,control,0.00238544949494958
12,43,control,0.00238062676767685
15,43,control,0.00237730232323244
18,43,control,0.00238260393939402
21,43,control,0.00238244575757585
24,43,control,0.00237859717171725
27,43,control,0.00238394747474754
30,43,control,0.00238049959595967
33,43,control,0.00238224656565662
36,43,control,0.00238504222222231
39,43,control,0.00238217090909099
42,43,control,0.00238243414141424
45,43,control,0.00238125040404048
48,43,control,0.00237530626262635
0,44,control,0.0054340716161625
3,44,control,0.00543476848484943
6,44,control,0.00544332383838475
9,44,control,0.00544601444444538
12,44,control,0.00544239040404131
15,44,control,0.00543449666666754
18,44,control,0.00542949181818267
21,44,control,0.00543077232323322
24,44,control,0.00543794313131402
27,44,control,0.00544490585858673
30,44,control,0.0054318333333342
33,44,control,0.00544298434343521
36,44,control,0.00543971444444536
39,44,control,0.00544348323232411
42,44,control,0.0054252355555565
45,44,control,0.00544675262626353
48,44,control,0.0054484286868696
0,45,control,0.00287765686868726
3,45,control,0.00288893272727313
6,45,control,0.00288502585858626
9,45,control,0.00287755616161654
12,45,control,0.00288114202020243
15,45,control,0.00288075858585896
18,45,control,0.00288731707070749
21,45,control,0.00288801939393979
24,45,control,0.0028782111111115
27,45,control,0.0028749223232327
30,45,control,0.0028873809090913
33,45,control,0.00287810707070743
36,45,control,0.00288163171717209
39,45,control,0.00288381858585896
42,45,control,0.00287927747474787
45,45,control,0.00288769202020242
48,45,control,0.00288185252525294
0,46,control,0.00388854101010204
3,46,control,0.0038973640404051
6,46,control,0.00389510313131416
9,46,control,0.00389362040404145
12,46,control,0.00389525232323338
15,46,control,0.00389321555555659
18,46,control,0.00389775595959704
21,46,control,0.00389203474747576
24,46,control,0.003900094949496
27,46,control,0.00389161060606162
30,46,control,0.00389044666666775
33,46,control,0.00389044959596067
36,46,control,0.00389910767676874
39,46,control,0.00389634949495051
42,46,control,0.0038949461616172
45,46,control,0.00390348575757682
48,46,control,0.00389404656565767
0,47,control,0.00322518464646527
3,47,control,0.00321088454545516
6,47,control,0.00322024040404104
9,47,control,0.00321499101010161
12,47,control,0.00321044696969756
15,47,control,0.00321602606060667
18,47,control,0.00321953333333394
21,47,control,0.00321868858585918
24,47,control,0.00321152000000065
27,47,control,0.0032199782828289
30,47,control,0.00321884949495013
33,47,control,0.00322271626262691
36,47,control,0.00321708404040465
39,47,control,0.00321461373737434
42,47,control,0.00320842606060665
45,47,control,0.00322225565656631
48,47,control,0.00321519787878851
0,48,control,0.00216348919191913
3,48,control,0.00217353020202016
6,48,control,0.00216528222222216
9,48,control,0.00216650989898984
12,48,control,0.0021668662626262
15,48,control,0.002167666060606
18,48,control,0.00217017060606055
21,48,control,0.0021742066666666
24,48,control,0.00216741404040398
27,48,control,0.00216748484848479
30,48,control,0.00216778959595956
33,48,control,0.00216738353535348
36,48,control,0.00217296787878783
39,48,control,0.00216941111111104
42,48,control,0.00217270131313127
45,48,control,0.00216736929292924
48,48,control,0.00217327454545449
0,49,control,0.00242989858585869
3,49,control,0.00243905868686878
6,49,control,0.00243762121212131
9,49,control,0.00243264151515161
12,49,control,0.00243367595959607
15,49,control,0.00243217373737384
18,49,control,0.00243568343434351
21,49,control,0.00244379242424253
24,49,control,0.00243971525252533
27,49,control,0.00243750272727282
30,49,control,0.00243327191919201
33,49,control,0.00243441898989907
36,49,control,0.00243947878787889
39,49,control,0.00242834828282838
42,49,control,0.00244021616161625
45,49,control,0.0024328008080809
48,49,control,0.00242748444444454
0,5,control,0.00457580000000102
3,5,control,0.00457805777777878
6,5,control,0.00458125151515261
9,5,control,0.00458825606060713
12,5,control,0.00458784808080912
15,5,control,0.00458977656565762
18,5,control,0.00459068090909194
21,5,control,0.00457592555555661
24,5,control,0.00457967373737481
27,5,control,0.00458100585858697
30,5,control,0.00458167131313239
33,5,control,0.00458702151515258
36,5,control,0.00457851414141524
39,5,control,0.00459183303030402
42,5,control,0.00457908262626365
45,5,control,0.00458597666666771
48,5,control,0.00457678444444547
0,50,control,0.00347765212121291
3,50,control,0.00347804919192
6,50,control,0.00347881666666748
9,50,control,0.00348489323232405
12,50,control,0.00348638101010182
15,50,control,0.00347220444444527
18,50,control,0.00348039525252608
21,50,control,0.00348293474747562
24,50,control,0.0034781600000008
27,50,control,0.00347171202020285
30,50,control,0.00348310949495031
33,50,control,0.00347741787878869
36,50,control,0.00348024121212202
39,50,control,0.00348501585858665
42,50,control,0.00348110727272811
45,50,control,0.00348659141414224
48,50,control,0.00348391797979881
0,51,control,0.00236172686868696
3,51,control,0.00234684272727279
6,51,control,0.00235521616161624
9,51,control,0.00234414767676773
12,51,control,0.00234507727272731
15,51,control,0.00235460464646472
18,51,control,0.00236086151515158
21,51,control,0.00236064111111118
24,51,control,0.00235340727272734
27,51,control,0.00234957717171724
30,51,control,0.00235147929292934
33,51,control,0.00235803555555562
36,51,control,0.00235748020202025
39,51,control,0.002352954949495
42,51,control,0.00234979929292936
45,51,control,0.002352094949495
48,51,control,0.00235571818181825
0,52,control,0.0025257995959598
3,52,control,0.00252996282828301
6,52,control,0.0025246043434345
9,52,control,0.00253049090909107
12,52,control,0.0025263040404042
15,52,control,0.00252210696969716
18,52,control,0.00251913363636383
21,52,control,0.0025185312121214
24,52,control,0.00252851969696987
27,52,control,0.00252752424242442
30,52,control,0.00252691777777796
33,52,control,0.00252936636363655
36,52,control,0.00252760454545472
39,52,control,0.00252402656565673
42,52,control,0.00252717525252543
45,52,control,0.00252980161616179
48,52,control,0.00252749929292946
0,53,control,0.00248157585858602
3,53,control,0.00247536434343452
6,53,control,0.00247785242424258
9,53,control,0.00247713101010116
12,53,control,0.00248809080808096
15,53,control,0.00248300909090925
18,53,control,0.00248799222222238
21,53,control,0.00248452888888903
24,53,control,0.00248055808080826
27,53,control,0.00248151727272743
30,53,control,0.00248602202020219
33,53,control,0.0024847950505052
36,53,control,0.00247888333333351
39,53,control,0.00248338818181834
42,53,control,0.00247962151515166
45,53,control,0.00248418686868704
48,53,control,0.00248169959595974
0,54,control,0.00233501010101015
3,54,control,0.0023325852525253
6,54,control,0.00233537959595965
9,54,control,0.00232949828282833
12,54,control,0.0023297045454546
15,54,control,0.00233548313131321
18,54,control,0.00233797090909097
21,54,control,0.00233311282828288
24,54,control,0.00233410010101016
27,54,control,0.00233753818181822
30,54,control,0.00233109363636369
33,54,control,0.0023354956565657
36,54,control,0.00233230010101016
39,54,control,0.00233644656565662
42,54,control,0.00233037979797985
45,54,control,0.00232721626262631
48,54,control,0.00233035050505055
0,55,control,0.00297297262626311
3,55,control,0.00297341171717219
6,55,control,0.00296607020202066
9,55,control,0.00296309000000047
12,55,control,0.00296231474747521
15,55,control,0.00296433969697016
18,55,control,0.00296789414141461
21,55,control,0.00297025525252572
24,55,control,0.00297114979798027
27,55,control,0.00296800848484896
30,55,control,0.00296321141414187
33,55,control,0.00297363000000051
36,55,control,0.00297655929292972
39,55,control,0.00296929020202069
42,55,control,0.002966502525253
45,55,control,0.00296998060606105
48,55,control,0.00297043656565704
0,56,control,0.00198428404040392
3,56,control,0.00197346424242413
6,56,control,0.00198330050505039
9,56,control,0.00197375979797968
12,56,control,0.00198243717171705
15,56,control,0.00197911717171706
18,56,control,0.00197840121212109
21,56,control,0.00197169757575746
24,56,control,0.0019813629292928
27,56,control,0.00197731505050492
30,56,control,0.00197425474747462
33,56,control,0.00198094676767664
36,56,control,0.00197810818181806
39,56,control,0.0019723916161615
42,56,control,0.00196472030303019
45,56,control,0.00197707030303018
48,56,control,0.00197588151515139
0,57,control,0.00238666737373745
3,57,control,0.00237900727272734
6,57,control,0.00238192727272735
9,57,control,0.002394052929293
12,57,control,0.00237964131313142
15,57,control,0.00237754020202028
18,57,control,0.00237941565656575
21,57,control,0.00238345010101018
24,57,control,0.0023891136363637
27,57,control,0.00238901949494959
30,57,control,0.00238569929292938
33,57,control,0.00238545212121218
36,57,control,0.00238495707070717
39,57,control,0.00238447454545462
42,57,control,0.00237896757575766
45,57,control,0.002386990909091
48,57,control,0.00237775050505059
0,58,control,0.00300090787878839
3,58,control,0.00299903818181865
6,58,control,0.00299214262626312
9,58,control,0.00299948616161666
12,58,control,0.00299898545454592
15,58,control,0.00300114777777827
18,58,control,0.00300624616161665
21,58,control,0.00299947717171768
24,58,control,0.00299985515151565
27,58,control,0.00299765313131364
30,58,control,0.00299380909090959
33,58,control,0.00299269060606108
36,58,control,0.00300141000000049
39,58,control,0.00299115323232368
42,58,control,0.00299817494949544
45,58,control,0.0029914616161621
48,58,control,0.00299511464646511
0,59,control,0.00289649727272769
3,59,control,0.0028946801010105
6,59,control,0.00289926121212162
9,59,control,0.00290791313131355
12,59,control,0.00290625626262668
15,59,control,0.00290314242424282
18,59,control,0.00290372434343473
21,59,control,0.00291015898989939
24,59,control,0.00290575535353579
27,59,control,0.00290437616161655
30,59,control,0.00290174050505092
33,59,control,0.00291122545454588
36,59,control,0.00290083242424284
39,59,control,0.00290557565656605
42,59,control,0.00290869515151558
45,59,control,0.00290368393939434
48,59,control,0.00290724686868729
0,6,control,0.00334630696969766
3,6,control,0.00334456161616231
6,6,control,0.00334069666666738
9,6,control,0.00334300313131382
12,6,control,0.00335006656565726
15,6,control,0.00334789121212194
18,6,control,0.00333775121212189
21,6,control,0.00334035333333405
24,6,control,0.00334150303030372
27,6,control,0.00334071575757646
30,6,control,0.00334855636363704
33,6,control,0.00334445222222292
36,6,control,0.00334578111111182
39,6,control,0.00334692717171784
42,6,control,0.00335338111111181
45,6,control,0.00334162333333402
48,6,control,0.00334404656565723
0,60,control,0.002177185050505
3,60,control,0.00218062696969694
6,60,control,0.00218224999999996
9,60,control,0.00218077515151511
12,60,control,0.00217689383838379
15,60,control,0.00217983727272723
18,60,control,0.00217883505050502
21,60,control,0.00218445575757573
24,60,control,0.00218422333333329
27,60,control,0.00217253777777774
30,60,control,0.0021784543434343
33,60,control,0.00217979101010097
36,60,control,0.00217689515151511
39,60,control,0.00217849646464642
42,60,control,0.00217927171717168
45,60,control,0.00217873888888883
48,60,control,0.00218239222222217
0,61,control,0.00315635171717231
3,61,control,0.00316056131313192
6,61,control,0.00315693919191978
9,61,control,0.00315074989899048
12,61,control,0.00315857525252582
15,61,control,0.00315586949495011
18,61,control,0.00316402444444504
21,61,control,0.0031543532323238
24,61,control,0.00315983747474806
27,61,control,0.00316218050505112
30,61,control,0.00315362292929352
33,61,control,0.00316230636363697
36,61,control,0.00315809282828339
39,61,control,0.0031535226262632
42,61,control,0.00315848969697027
45,61,control,0.00315326898989957
48,61,control,0.00316441242424301
0,62,control,0.00458249919192023
3,62,control,0.00458062242424346
6,62,control,0.00458729595959708
9,62,control,0.00458497646464755
12,62,control,0.00457821383838493
15,62,control,0.00457983868686974
18,62,control,0.00457349161616271
21,62,control,0.00457552808080921
24,62,control,0.00458060000000109
27,62,control,0.00458380131313234
30,62,control,0.00458243575757684
33,62,control,0.00458333313131418
36,62,control,0.00458376343434454
39,62,control,0.00458227989899096
42,62,control,0.00458500787878894
45,62,control,0.00458947121212228
48,62,control,0.00457592303030402
0,63,control,0.00498919090909193
3,63,control,0.0049871172727282
6,63,control,0.00498950797979898
9,63,control,0.00499840656565755
12,63,control,0.00499581888888987
15,63,control,0.00499707424242522
18,63,control,0.00500125939394039
21,63,control,0.00499716979798082
24,63,control,0.00499988454545549
27,63,control,0.00500078797979898
30,63,control,0.00499633303030404
33,63,control,0.00499187626262728
36,63,control,0.00500121888888992
39,63,control,0.00499789313131418
42,63,control,0.00499922959596059
45,63,control,0.00499405949495052
48,63,control,0.00500218414141516
0,64,control,0.00235576575757585
3,64,control,0.00234931545454555
6,64,control,0.00234470868686875
9,64,control,0.00234613979797986
12,64,control,0.00234955101010109
15,64,control,0.00234986707070716
18,64,control,0.00234957131313139
21,64,control,0.00234050767676774
24,64,control,0.00234810454545462
27,64,control,0.00235209676767685
30,64,control,0.00234698959595969
33,64,control,0.00235422333333342
36,64,control,0.00234810040404047
39,64,control,0.00234993393939401
42,64,control,0.00235001333333341
45,64,control,0.00234933363636373
48,64,control,0.00235284929292937
0,65,control,0.00375060989899081
3,65,control,0.00374541727272824
6,65,control,0.00375339020202112
9,65,control,0.00375393494949591
12,65,control,0.00375154353535447
15,65,control,0.00374829434343526
18,65,control,0.0037446341414151
21,65,control,0.00375110414141507
24,65,control,0.00375156434343528
27,65,control,0.00375172848484937
30,65,control,0.00374064575757667
33,65,control,0.00375269060606154
36,65,control,0.00374557818181907
39,65,control,0.00375351878787972
42,65,control,0.00374433383838473
45,65,control,0.00375120686868786
48,65,control,0.00375016181818273
0,66,control,0.00223419272727273
3,66,control,0.00222961414141413
6,66,control,0.00223138030303031
9,66,control,0.00223153626262625
12,66,control,0.00223845262626262
15,66,control,0.00223472333333333
18,66,control,0.0022290293939393902
21,66,control,0.00223231202020202
24,66,control,0.0022357103030303
27,66,control,0.00222707888888887
30,66,control,0.00222896292929292
33,66,control,0.00222655434343434
36,66,control,0.00223495808080807
39,66,control,0.00223778030303029
42,66,control,0.00223080929292929
45,66,control,0.00223322272727272
48,66,control,0.002229271010101
0,67,control,0.00300203090909138
3,67,control,0.00300722636363684
6,67,control,0.00300309818181865
9,67,control,0.00300111060606109
12,67,control,0.00300003444444496
15,67,control,0.00300690878787926
18,67,control,0.00300730121212171
21,67,control,0.00300384636363683
24,67,control,0.00300467949494999
27,67,control,0.00300152939393987
30,67,control,0.00299776636363686
33,67,control,0.00299979333333383
36,67,control,0.00300684373737424
39,67,control,0.00300367272727319
42,67,control,0.00301162787878838
45,67,control,0.00300331242424292
48,67,control,0.00300158424242473
0,68,control,0.00222464080808081
3,68,control,0.0022269985858586
6,68,control,0.00223360646464646
9,68,control,0.0022257713131313
12,68,control,0.00222358747474747
15,68,control,0.00222648272727273
18,68,control,0.00222626373737374
21,68,control,0.00221947454545453
24,68,control,0.00223082282828283
27,68,control,0.00223039606060607
30,68,control,0.00222667202020202
33,68,control,0.00222258373737373
36,68,control,0.00222386585858584
39,68,control,0.0022250390909091
42,68,control,0.00223086464646464
45,68,control,0.00222163909090908
48,68,control,0.00222031464646463
0,69,control,0.00401198222222334
3,69,control,0.00400924383838492
6,69,control,0.0040122904040415
9,69,control,0.00400619454545565
12,69,control,0.0040122782828294
15,69,control,0.00401858353535463
18,69,control,0.00401788181818292
21,69,control,0.00401253202020312
24,69,control,0.00402152383838494
27,69,control,0.00400728616161725
30,69,control,0.00400960808080915
33,69,control,0.00402353313131421
36,69,control,0.00400928868686977
39,69,control,0.00401550414141524
42,69,control,0.00401588848484956
45,69,control,0.00401348686868797
48,69,control,0.00400879606060713
0,7,control,0.00307826505050561
3,7,control,0.0030780023232329
6,7,control,0.00308021202020262
9,7,control,0.00307695606060662
12,7,control,0.00307634535353591
15,7,control,0.00308161080808137
18,7,control,0.00307818848484902
21,7,control,0.00308603858585914
24,7,control,0.00308103050505104
27,7,control,0.00307605565656623
30,7,control,0.00307826080808133
33,7,control,0.00307448858585917
36,7,control,0.00308554454545511
39,7,control,0.00307568959596014
42,7,control,0.00307641868686925
45,7,control,0.00308481777777836
48,7,control,0.00307276909090966
0,70,control,0.00408016060606174
3,70,control,0.00409006363636483
6,70,control,0.00408682777777891
9,70,control,0.0040880666666678
12,70,control,0.00408338898990012
15,70,control,0.0040968160606072
18,70,control,0.00408179040404156
21,70,control,0.00408472626262738
24,70,control,0.0040794557575769
27,70,control,0.00408345878787993
30,70,control,0.00408647171717284
33,70,control,0.00409029969697084
36,70,control,0.0040767494949506
39,70,control,0.0040881997979809
42,70,control,0.00408615454545564
45,70,control,0.00408231353535465
48,70,control,0.00407632686868802
0,71,control,0.00692672181818243
3,71,control,0.00691420000000067
6,71,control,0.00692279141414212
9,71,control,0.00690870505050576
12,71,control,0.00692430535353602
15,71,control,0.00692483434343498
18,71,control,0.00692079818181891
21,71,control,0.00691934585858655
24,71,control,0.00692304242424294
27,71,control,0.00692160727272796
30,71,control,0.00691731606060663
33,71,control,0.00693164606060672
36,71,control,0.00692033666666735
39,71,control,0.00691535757575831
42,71,control,0.00693064727272788
45,71,control,0.00691906191919255
48,71,control,0.00690925717171775
0,72,control,0.00336571979798048
3,72,control,0.00337013343434415
6,72,control,0.00337491989899065
9,72,control,0.00337126777777847
12,72,control,0.00337166090909161
15,72,control,0.00336524181818252
18,72,control,0.00336650191919266
21,72,control,0.00336685808080875
24,72,control,0.00336620797979868
27,72,control,0.00337104929292997
30,72,control,0.00336938909090981
33,72,control,0.00337439070707144
36,72,control,0.00337895101010171
39,72,control,0.00337415414141487
42,72,control,0.00336641191919262
45,72,control,0.00336466444444518
48,72,control,0.00336362828282899
0,73,control,0.00274115292929325
3,73,control,0.00274648111111142
6,73,control,0.00274798343434377
9,73,control,0.00274229808080839
12,73,control,0.00274410232323266
15,73,control,0.00275025121212157
18,73,control,0.00274296565656599
21,73,control,0.00274361363636398
24,73,control,0.00274680888888921
27,73,control,0.00274399404040434
30,73,control,0.00274292303030335
33,73,control,0.00274363484848518
36,73,control,0.00274762676767711
39,73,control,0.00274916343434376
42,73,control,0.002745967676768
45,73,control,0.0027369171717175
48,73,control,0.00274646646464678
0,74,control,0.00287013222222265
3,74,control,0.00287095212121253
6,74,control,0.00287643313131355
9,74,control,0.00286870272727314
12,74,control,0.00287024656565697
15,74,control,0.00286149101010144
18,74,control,0.00286960121212162
21,74,control,0.0028673567676772
24,74,control,0.00287467929292971
27,74,control,0.00286196353535395
30,74,control,0.00286217898989943
33,74,control,0.00287232434343474
36,74,control,0.00286878363636404
39,74,control,0.0028618724242428302
42,74,control,0.00285776353535396
45,74,control,0.00286911575757619
48,74,control,0.00286232323232366
0,75,control,0.00317015434343491
3,75,control,0.00316855919191977
6,75,control,0.00316446616161675
9,75,control,0.00316555646464705
12,75,control,0.0031683546464652
15,75,control,0.00316893404040464
18,75,control,0.00316885252525312
21,75,control,0.00315912686868742
24,75,control,0.00316872030303089
27,75,control,0.00316821888888946
30,75,control,0.00316438070707126
33,75,control,0.00316266656565714
36,75,control,0.00316351202020259
39,75,control,0.00316780080808139
42,75,control,0.00317120080808138
45,75,control,0.00315727616161671
48,75,control,0.00317194474747534
0,76,control,0.00488338696969805
3,76,control,0.00488519222222324
6,76,control,0.00488325434343543
9,76,control,0.0048814763636374
12,76,control,0.00487929121212229
15,76,control,0.00488945797979906
18,76,control,0.00488233686868793
21,76,control,0.00488893464646572
24,76,control,0.00486593121212224
27,76,control,0.00488254686868787
30,76,control,0.00488039010101118
33,76,control,0.00487425141414248
36,76,control,0.00488783808080914
39,76,control,0.00487769838383949
42,76,control,0.00488296656565756
45,76,control,0.00487958696969802
48,76,control,0.00487872040404141
0,77,control,0.00232486777777784
3,77,control,0.00233087484848489
6,77,control,0.00232658989898996
9,77,control,0.0023309846464647
12,77,control,0.00232940929292935
15,77,control,0.00232574888888894
18,77,control,0.00233538404040411
21,77,control,0.00232657262626267
24,77,control,0.00233091828282833
27,77,control,0.00233509656565661
30,77,control,0.00232718222222227
33,77,control,0.00232898666666671
36,77,control,0.00232396404040409
39,77,control,0.00232889949494956
42,77,control,0.00233121383838388
45,77,control,0.00233014020202025
48,77,control,0.00233058303030309
0,78,control,0.00341400979798056
3,78,control,0.0034114467676775
6,78,control,0.00341303040404111
9,78,control,0.00341194595959669
12,78,control,0.00341243111111184
15,78,control,0.00341846646464721
18,78,control,0.00341596373737448
21,78,control,0.00341770555555628
24,78,control,0.00341881222222293
27,78,control,0.00341684909090979
30,78,control,0.00341844818181895
33,78,control,0.0034129844444452
36,78,control,0.00340058363636431
39,78,control,0.00341103747474822
42,78,control,0.00341996656565729
45,78,control,0.0034047857575765
48,78,control,0.00341248666666738
0,79,control,0.00181646828282817
3,79,control,0.00181094191919181
6,79,control,0.00180901090909081
9,79,control,0.00181121696969687
12,79,control,0.00181366333333323
15,79,control,0.0018155202020201
18,79,control,0.00180878202020193
21,79,control,0.00181027444444434
24,79,control,0.00180865323232313
27,79,control,0.00180777212121202
30,79,control,0.00180755040404031
33,79,control,0.00181398606060597
36,79,control,0.00180893424242414
39,79,control,0.00181524434343425
42,79,control,0.00180847141414132
45,79,control,0.00181108363636355
48,79,control,0.00181292757575748
0,8,control,0.00353881212121297
3,8,control,0.00353725363636449
6,8,control,0.00353771555555644
9,8,control,0.00354010535353619
12,8,control,0.00353241272727357
15,8,control,0.00353552666666752
18,8,control,0.00354322767676855
21,8,control,0.00354207272727358
24,8,control,0.00354487101010187
27,8,control,0.00353662686868771
30,8,control,0.00353873353535436
33,8,control,0.00353551090909172
36,8,control,0.00353981767676851
39,8,control,0.00353032222222307
42,8,control,0.00354222797979881
45,8,control,0.00354339494949578
48,8,control,0.00353712626262708
0,80,control,0.00396708414141523
3,80,control,0.00396480000000113
6,80,control,0.0039558985858597
9,80,control,0.00396460101010214
12,80,control,0.00396013939394043
15,80,control,0.00397264424242536
18,80,control,0.003966672929294
21,80,control,0.00396080030303134
24,80,control,0.00396693646464757
27,80,control,0.00396641787878897
30,80,control,0.00396543343434449
33,80,control,0.00395992040404153
36,80,control,0.00396479616161724
39,80,control,0.00397017949495059
42,80,control,0.0039633712121223
45,80,control,0.00397222757575867
48,80,control,0.00396977434343544
0,81,control,0.00289829020202061
3,81,control,0.00289655585858626
6,81,control,0.00289260121212162
9,81,control,0.00289272313131355
12,81,control,0.00289222454545494
15,81,control,0.00289867101010144
18,81,control,0.00290100878787918
21,81,control,0.00289520515151559
24,81,control,0.00289561494949537
27,81,control,0.00289912474747516
30,81,control,0.00289775565656607
33,81,control,0.00289944878787921
36,81,control,0.00290121181818225
39,81,control,0.00289326161616205
42,81,control,0.0028927186868691
45,81,control,0.00290134101010143
48,81,control,0.0028941174747479
0,82,control,0.00299435151515202
3,82,control,0.00299800727272777
6,82,control,0.00298531878787926
9,82,control,0.00298428060606108
12,82,control,0.00299470151515199
15,82,control,0.00299514525252575
18,82,control,0.00299110727272778
21,82,control,0.00298800131313181
24,82,control,0.00298808555555603
27,82,control,0.00298697949494998
30,82,control,0.00298718484848535
33,82,control,0.0029940486868692
36,82,control,0.00298672797979843
39,82,control,0.00298863707070756
42,82,control,0.00298820494949543
45,82,control,0.00298368585858636
48,82,control,0.00299164949495001
0,83,control,0.00366075707070795
3,83,control,0.00365992888888977
6,83,control,0.00366528575757666
9,83,control,0.00366441080808173
12,83,control,0.00366380949495039
15,83,control,0.00366292282828372
18,83,control,0.00366512868686956
21,83,control,0.0036625322222230898
24,83,control,0.00365878585858676
27,83,control,0.00366312858585949
30,83,control,0.00365658838383928
33,83,control,0.00366217424242514
36,83,control,0.00366609393939484
39,83,control,0.00366513111111199
42,83,control,0.00367157292929384
45,83,control,0.00366022747474833
48,83,control,0.00365983545454637
0,84,control,0.00221937535353534
3,84,control,0.00221582888888887
6,84,control,0.00222189909090908
9,84,control,0.00222998646464644
12,84,control,0.00221721707070706
15,84,control,0.00221743848484846
18,84,control,0.00222368494949494
21,84,control,0.00222162909090908
24,84,control,0.00221864828282828
27,84,control,0.0022192019191919
30,84,control,0.00221990929292927
33,84,control,0.0022187624242424
36,84,control,0.00222231848484847
39,84,control,0.00221603666666665
42,84,control,0.00222202373737373
45,84,control,0.00222008444444445
48,84,control,0.00221840777777776
0,85,control,0.00355365707070791
3,85,control,0.00355085202020287
6,85,control,0.00356233464646548
9,85,control,0.00355402737373814
12,85,control,0.00354589686868771
15,85,control,0.00355425878787964
18,85,control,0.00355256838383919
21,85,control,0.00355747838383918
24,85,control,0.00355255000000083
27,85,control,0.00355518787878873
30,85,control,0.0035531285858594
33,85,control,0.00355818686868765
36,85,control,0.00355284565656652
39,85,control,0.00355535858585943
42,85,control,0.00354628333333416
45,85,control,0.00356107505050588
48,85,control,0.0035501677777786
0,86,control,0.00169837686868678
3,86,control,0.00169936454545446
6,86,control,0.00170406838383829
9,86,control,0.00169797343434335
12,86,control,0.00169992101010092
15,86,control,0.00169834161616152
18,86,control,0.00170445737373728
21,86,control,0.0016964491919191
24,86,control,0.0016938795959595
27,86,control,0.0016993091919191
30,86,control,0.00170120010101001
33,86,control,0.00169789070707061
36,86,control,0.00170019161616153
39,86,control,0.00169743222222212
42,86,control,0.00169251101010092
45,86,control,0.0016962288888888
48,86,control,0.00169723606060597
0,87,control,0.00205682787878777
3,87,control,0.00206294979797969
6,87,control,0.00205794555555545
9,87,control,0.00205816929292917
12,87,control,0.00206058838383826
15,87,control,0.00205856919191909
18,87,control,0.00205607646464635
21,87,control,0.00205485919191908
24,87,control,0.00205412040404029
27,87,control,0.0020577513131312
30,87,control,0.00206220424242412
33,87,control,0.00205175515151502
36,87,control,0.00205843474747464
39,87,control,0.00205959575757565
42,87,control,0.00205481858585846
45,87,control,0.00205870575757564
48,87,control,0.00205436909090897
0,88,control,0.00282174696969734
3,88,control,0.00283387181818219
6,88,control,0.00282253989899026
9,88,control,0.00282501949494985
12,88,control,0.00282035353535389
15,88,control,0.00282309666666702
18,88,control,0.00282228262626301
21,88,control,0.00282693656565692
24,88,control,0.0028241717171721
27,88,control,0.00281633767676804
30,88,control,0.00282467696969736
33,88,control,0.00282204505050538
36,88,control,0.00282997303030339
39,88,control,0.00282591424242461
42,88,control,0.00282532565656602
45,88,control,0.00281996656565692
48,88,control,0.0028179032323236
0,89,control,0.00296334343434389
3,89,control,0.00296026585858627
6,89,control,0.0029665472727277
9,89,control,0.00296767090909135
12,89,control,0.00296055727272775
15,89,control,0.00296467858585903
18,89,control,0.00296191626262669
21,89,control,0.0029601731313136
24,89,control,0.00296261868686911
27,89,control,0.00296736828282874
30,89,control,0.00296355343434385
33,89,control,0.00296972757575803
36,89,control,0.00295406121212164
39,89,control,0.00296053070707115
42,89,control,0.00296209151515195
45,89,control,0.00297192010101052
48,89,control,0.00296750111111158
0,9,control,0.00224463020202021
3,9,control,0.00224365191919192
6,9,control,0.00224067171717171
9,9,control,0.00225314292929294
12,9,control,0.0022471374747475
15,9,control,0.00224496414141414
18,9,control,0.00224885555555556
21,9,control,0.00224976474747477
24,9,control,0.00224194787878788
27,9,control,0.00224372272727273
30,9,control,0.00224654454545455
33,9,control,0.00223966727272728
36,9,control,0.00224662727272726
39,9,control,0.0022395886868687
42,9,control,0.00224353808080808
45,9,control,0.00224423020202022
48,9,control,0.00224551323232324
0,90,control,0.00579232666666756
3,90,control,0.00577780989899077
6,90,control,0.00578909858585946
9,90,control,0.00579871767676855
12,90,control,0.00579729444444532
15,90,control,0.00579800676767765
18,90,control,0.00579700646464734
21,90,control,0.00578851575757665
24,90,control,0.00579967626262711
27,90,control,0.00579383474747559
30,90,control,0.00579256717171801
33,90,control,0.00579525020202106
36,90,control,0.00579696444444532
39,90,control,0.00578891555555649
42,90,control,0.00580658222222311
45,90,control,0.00579325161616245
48,90,control,0.00579496515151599
0,91,control,0.0019662618181817
3,91,control,0.00196100909090898
6,91,control,0.00196428545454534
9,91,control,0.00196693272727262
12,91,control,0.00196872464646452
15,91,control,0.00196345404040393
18,91,control,0.00196076353535341
21,91,control,0.00196289353535342
24,91,control,0.00196123494949483
27,91,control,0.001966941111111
30,91,control,0.00195997666666656
33,91,control,0.00196034878787868
36,91,control,0.00196034535353525
39,91,control,0.0019585722222221
42,91,control,0.00196632303030293
45,91,control,0.00196989383838374
48,91,control,0.00195856020202009
0,92,control,0.00265502585858612
3,92,control,0.00265985454545481
6,92,control,0.00266241414141442
9,92,control,0.00265993414141441
12,92,control,0.00265722848484876
15,92,control,0.00265606343434369
18,92,control,0.00266279868686896
21,92,control,0.00265552363636392
24,92,control,0.00265711555555583
27,92,control,0.00265866585858614
30,92,control,0.00265357202020228
33,92,control,0.0026646644444447
36,92,control,0.00266153282828311
39,92,control,0.0026567429292932
42,92,control,0.00265570969696998
45,92,control,0.0026604824242427
48,92,control,0.00265649525252551
0,93,control,0.00350694222222304
3,93,control,0.00350807313131393
6,93,control,0.00349918505050582
9,93,control,0.00350177454545532
12,93,control,0.00350914242424321
15,93,control,0.00349774191919272
18,93,control,0.00350670979798057
21,93,control,0.00351181414141492
24,93,control,0.00351141494949571
27,93,control,0.00351110202020276
30,93,control,0.00350444505050585
33,93,control,0.00350673242424319
36,93,control,0.00351218484848565
39,93,control,0.00350518000000078
42,93,control,0.00350518797979878
45,93,control,0.00350711252525331
48,93,control,0.00350053333333413
0,94,control,0.00394792878787991
3,94,control,0.00394998616161726
6,94,control,0.00395183767676877
9,94,control,0.00394898777777889
12,94,control,0.0039526281818193
15,94,control,0.00396085333333445
18,94,control,0.00395264818181926
21,94,control,0.00394647505050613
24,94,control,0.00394992909091019
27,94,control,0.00395356323232429
30,94,control,0.00394294454545566
33,94,control,0.00394761404040516
36,94,control,0.00395264777777891
39,94,control,0.00394069676767787
42,94,control,0.00394693191919302
45,94,control,0.00394637616161727
48,94,control,0.00394856919192027
0,95,control,0.00215933565656559
3,95,control,0.00216005212121208
6,95,control,0.00215184444444436
9,95,control,0.00215623717171711
12,95,control,0.00214789898989893
15,95,control,0.00215842383838376
18,95,control,0.00215783858585854
21,95,control,0.00215027404040397
24,95,control,0.00215967303030297
27,95,control,0.00215612454545449
30,95,control,0.0021476071717171
33,95,control,0.00214932363636356
36,95,control,0.00215610393939388
39,95,control,0.00215120808080801
42,95,control,0.0021522964646464
45,95,control,0.00215086616161611
48,95,control,0.00215607070707065
0,96,control,0.00260496525252549
3,96,control,0.00260671151515176
6,96,control,0.00260388434343456
9,96,control,0.00260223555555577
12,96,control,0.00260661000000022
15,96,control,0.00259869141414164
18,96,control,0.00260169909090931
21,96,control,0.00260371656565681
24,96,control,0.00260217666666691
27,96,control,0.00260749707070731
30,96,control,0.00260093010101035
33,96,control,0.00260221494949519
36,96,control,0.00260263676767703
39,96,control,0.00260786606060632
42,96,control,0.00259771898989922
45,96,control,0.00259914616161641
48,96,control,0.00260637444444468
0,97,control,0.00275579666666699
3,97,control,0.00275379898989931
6,97,control,0.00276563636363666
9,97,control,0.00275836242424274
12,97,control,0.00275638222222256
15,97,control,0.00275209585858618
18,97,control,0.00276266010101041
21,97,control,0.00276335252525286
24,97,control,0.00276183858585893
27,97,control,0.00276178898989931
30,97,control,0.00277019393939426
33,97,control,0.00276010585858616
36,97,control,0.00276584090909123
39,97,control,0.00276776989899022
42,97,control,0.00276367393939427
45,97,control,0.00276392454545485
48,97,control,0.00275947292929322
0,98,control,0.00546668303030394
3,98,control,0.00547333929293021
6,98,control,0.00546086656565751
9,98,control,0.00547623626262721
12,98,control,0.00546453070707166
15,98,control,0.00546316040404136
18,98,control,0.00546907424242516
21,98,control,0.00546693868686964
24,98,control,0.00546809878787974
27,98,control,0.00547774070707168
30,98,control,0.00546757666666757
33,98,control,0.00546398595959687
36,98,control,0.00546373515151608
39,98,control,0.00546963474747568
42,98,control,0.00547219010101102
45,98,control,0.00547770424242524
48,98,control,0.00547918808080899
0,99,control,0.00287243535353576
3,99,control,0.00287558656565696
6,99,control,0.00287808383838422
9,99,control,0.00288144828282867
12,99,control,0.00287144313131352
15,99,control,0.0028817969696974
18,99,control,0.00287566909090947
21,99,control,0.002879081616162
24,99,control,0.00287816000000039
27,99,control,0.00287498636363672
30,99,control,0.00287646767676809
33,99,control,0.00287617292929332
36,99,control,0.0028738398989902802
39,99,control,0.00288378242424284
42,99,control,0.0028753402020206
45,99,control,0.00287876565656604
48,99,control,0.00287032828282866
0,1,intervention,0.00400237737373775
3,1,intervention,0.00401367797979839
6,1,intervention,0.00401021010101061
9,1,intervention,0.00403622272727324
12,1,intervention,0.0040440471717178
15,1,intervention,0.00405783919191975
18,1,intervention,0.00405314353535422
21,1,intervention,0.00408239919191992
24,1,intervention,0.00407905141414224
27,1,intervention,0.00410762272727359
30,1,intervention,0.00411743030303119
33,1,intervention,0.00415326040404146
36,1,intervention,0.00415322535353647
39,1,intervention,0.00415184202020314
42,1,intervention,0.0041494939393951
45,1,intervention,0.00414869858585968
48,1,intervention,0.00416081414141526
0,10,intervention,0.0020875333333333
3,10,intervention,0.00212320676767674
6,10,intervention,0.00214223343434341
9,10,intervention,0.00215958353535351
12,10,intervention,0.00217273545454542
15,10,intervention,0.00218006878787875
18,10,intervention,0.002197342020202
21,10,intervention,0.00221626626262625
24,10,intervention,0.00222124080808079
27,10,intervention,0.0022448716161616
30,10,intervention,0.00225551696969695
33,10,intervention,0.0022731623232323
36,10,intervention,0.0022824396969697
39,10,intervention,0.00228009494949496
42,10,intervention,0.00227837797979801
45,10,intervention,0.00227978606060609
48,10,intervention,0.00227884101010103
0,100,intervention,0.00214716888888889
3,100,intervention,0.00215915323232321
6,100,intervention,0.00218807535353534
9,100,intervention,0.00217308969696968
12,100,intervention,0.00219775202020204
15,100,intervention,0.00221097595959596
18,100,intervention,0.00222109787878788
21,100,intervention,0.002236502020202
24,100,intervention,0.0022344304040404
27,100,intervention,0.00226394595959595
30,100,intervention,0.00228059828282828
33,100,intervention,0.00229390474747478
36,100,intervention,0.00229515525252528
39,100,intervention,0.00230596404040406
42,100,intervention,0.00230478303030303
45,100,intervention,0.00230624969696972
48,100,intervention,0.00230189757575759
0,101,intervention,0.00255843595959598
3,101,intervention,0.00258526686868689
6,101,intervention,0.0026155840404041
9,101,intervention,0.00261732151515158
12,101,intervention,0.00264063575757583
15,101,intervention,0.00264647898989906
18,101,intervention,0.00265162949494962
21,101,intervention,0.00267873262626274
24,101,intervention,0.00269527191919206
27,101,intervention,0.00270403000000012
30,101,intervention,0.00273929292929316
33,101,intervention,0.00274796747474773
36,101,intervention,0.00274548090909122
39,101,intervention,0.00275117848484881
42,101,intervention,0.00275135919191951
45,101,intervention,0.00274593151515181
48,101,intervention,0.00274870838383869
0,102,intervention,0.00391472020202062
3,102,intervention,0.00393588414141457
6,102,intervention,0.00396654151515205
9,102,intervention,0.00395882959596017
12,102,intervention,0.00397085515151573
15,102,intervention,0.00398579252525317
18,102,intervention,0.00398549464646535
21,102,intervention,0.00400445363636429
24,102,intervention,0.00401811969697046
27,102,intervention,0.0040389054545463
30,102,intervention,0.00404413757575851
33,102,intervention,0.00405697313131421
36,102,intervention,0.00408015515151632
39,102,intervention,0.00408229656565776
42,102,intervention,0.00407922848484969
45,102,intervention,0.00407980989899103
48,102,intervention,0.00407783585858702
0,103,intervention,0.00307320888888906
3,103,intervention,0.0030939823232325
6,103,intervention,0.00310408353535375
9,103,intervention,0.00310311626262647
12,103,intervention,0.00314146616161638
15,103,intervention,0.00313310919191947
18,103,intervention,0.00317223646464678
21,103,intervention,0.00318490292929324
24,103,intervention,0.00319855292929327
27,103,intervention,0.00323231919191962
30,103,intervention,0.00323721606060654
33,103,intervention,0.00325202919191978
36,103,intervention,0.0032580130303037
39,103,intervention,0.00326942989899056
42,103,intervention,0.00326455696969764
45,103,intervention,0.00325894030303095
48,103,intervention,0.00325648727272792
0,104,intervention,0.00245415696969699
3,104,intervention,0.00246719737373744
6,104,intervention,0.0024967555555556
9,104,intervention,0.00250088030303037
12,104,intervention,0.00248812727272733
15,104,intervention,0.00251469979797985
18,104,intervention,0.00252248717171723
21,104,intervention,0.00254444808080817
24,104,intervention,0.00255559090909101
27,104,intervention,0.00257237545454559
30,104,intervention,0.00257557878787895
33,104,intervention,0.0025928285858588
36,104,intervention,0.0026079861616164
39,104,intervention,0.00261181757575781
42,104,intervention,0.00260812202020224
45,104,intervention,0.00260965040404066
48,104,intervention,0.0026060376767679
0,105,intervention,0.00204333535353531
3,105,intervention,0.00205638434343433
6,105,intervention,0.00205524181818177
9,105,intervention,0.00207709959595958
12,105,intervention,0.00210690989898985
15,105,intervention,0.00211383999999993
18,105,intervention,0.00213835323232318
21,105,intervention,0.00214343898989896
24,105,intervention,0.00217559484848481
27,105,intervention,0.00218927535353531
30,105,intervention,0.00219926151515148
33,105,intervention,0.00222094313131312
36,105,intervention,0.00223148414141412
39,105,intervention,0.00223539585858585
42,105,intervention,0.00223424474747474
45,105,intervention,0.00223583626262625
48,105,intervention,0.00222776191919189
0,106,intervention,0.00317002303030321
3,106,intervention,0.00317186434343457
6,106,intervention,0.00319559474747498
9,106,intervention,0.0031993021212124
12,106,intervention,0.00322962414141443
15,106,intervention,0.00320924454545486
18,106,intervention,0.00325010898989932
21,106,intervention,0.00326876757575794
24,106,intervention,0.00327198828282871
27,106,intervention,0.0033019613131318
30,106,intervention,0.00331935101010156
33,106,intervention,0.00332259787878851
36,106,intervention,0.00333561797979866
39,106,intervention,0.00333306101010169
42,106,intervention,0.00333134464646535
45,106,intervention,0.00332895121212187
48,106,intervention,0.00333201626262695
0,107,intervention,0.00310595040404057
3,107,intervention,0.00312293181818197
6,107,intervention,0.0031305874747477
9,107,intervention,0.00314859161616191
12,107,intervention,0.00314729171717201
15,107,intervention,0.00316891090909118
18,107,intervention,0.00317071181818216
21,107,intervention,0.00319464222222257
24,107,intervention,0.0031989052525257
27,107,intervention,0.00322305333333375
30,107,intervention,0.00324250050505104
33,107,intervention,0.00325283464646522
36,107,intervention,0.00325676181818246
39,107,intervention,0.00325804444444506
42,107,intervention,0.00325975000000061
45,107,intervention,0.0032568662626269
48,107,intervention,0.00325362000000063
0,108,intervention,0.00317661070707096
3,108,intervention,0.00319105909090941
6,108,intervention,0.00319022020202044
9,108,intervention,0.00321784858585888
12,108,intervention,0.00322439020202049
15,108,intervention,0.00323877707070734
18,108,intervention,0.00324372797979837
21,108,intervention,0.00327266444444486
24,108,intervention,0.00327718010101053
27,108,intervention,0.0032991913131318
30,108,intervention,0.00330667070707126
33,108,intervention,0.0033209703030309
36,108,intervention,0.00332395656565726
39,108,intervention,0.00332833424242492
42,108,intervention,0.0033305451515159
45,108,intervention,0.00333269484848555
48,108,intervention,0.00332844909090979
0,109,intervention,0.00293452939393956
3,109,intervention,0.00295489000000014
6,109,intervention,0.0029655017171719
9,109,intervention,0.00295368616161634
12,109,intervention,0.00299795343434362
15,109,intervention,0.00302249747474769
18,109,intervention,0.00302599323232347
21,109,intervention,0.00305293262626295
24,109,intervention,0.00304218979798009
27,109,intervention,0.00306985090909126
30,109,intervention,0.0030789876767681
33,109,intervention,0.00309618959596011
36,109,intervention,0.00310066202020259
39,109,intervention,0.0031048841414147
42,109,intervention,0.00311030050505107
45,109,intervention,0.00310331181818235
48,109,intervention,0.00310228060606114
0,11,intervention,0.00307151656565678
3,11,intervention,0.00310147686868709
6,11,intervention,0.00309604646464668
9,11,intervention,0.00311226141414162
12,11,intervention,0.00312401838383867
15,11,intervention,0.00314194424242456
18,11,intervention,0.00316031757575787
21,11,intervention,0.00318015000000038
24,11,intervention,0.00319345131313165
27,11,intervention,0.0031924118181822
30,11,intervention,0.00319590919191963
33,11,intervention,0.00322198454545509
36,11,intervention,0.00323140626262688
39,11,intervention,0.00323447404040467
42,11,intervention,0.00323855484848546
45,11,intervention,0.00322754505050566
48,11,intervention,0.00323718242424302
0,110,intervention,0.00256352989898998
3,110,intervention,0.00257312717171722
6,110,intervention,0.00257323121212128
9,110,intervention,0.00260415090909101
12,110,intervention,0.00260483030303042
15,110,intervention,0.00263103484848499
18,110,intervention,0.00263669838383853
21,110,intervention,0.00266962595959609
24,110,intervention,0.00267322979797997
27,110,intervention,0.00268585959595977
30,110,intervention,0.00271796454545475
33,110,intervention,0.00273228626262656
36,110,intervention,0.00275162070707104
39,110,intervention,0.0027412490909094
42,110,intervention,0.00274523383838416
45,110,intervention,0.00274092656565692
48,110,intervention,0.00274235606060639
0,111,intervention,0.0026261794949496
3,111,intervention,0.00263865858585869
6,111,intervention,0.00265655909090923
9,111,intervention,0.00267141262626271
12,111,intervention,0.00267891404040416
15,111,intervention,0.00269368010101026
18,111,intervention,0.00271324707070721
21,111,intervention,0.0027271863636365
24,111,intervention,0.00273980484848502
27,111,intervention,0.00275442383838405
30,111,intervention,0.00275863202020227
33,111,intervention,0.00276782414141441
36,111,intervention,0.00278173040404074
39,111,intervention,0.00277859444444476
42,111,intervention,0.00278407343434378
45,111,intervention,0.00277391838383873
48,111,intervention,0.00279088464646501
0,112,intervention,0.00435676898989936
3,112,intervention,0.00438802898989931
6,112,intervention,0.00440187888888919
9,112,intervention,0.00440409060606109
12,112,intervention,0.00441193929292973
15,112,intervention,0.00442921424242464
18,112,intervention,0.00443585070707117
21,112,intervention,0.00445250060606126
24,112,intervention,0.00444956050505121
27,112,intervention,0.00448135707070783
30,112,intervention,0.00448265818181899
33,112,intervention,0.00450385575757674
36,112,intervention,0.00451591676767786
39,112,intervention,0.00451997767676878
42,112,intervention,0.00451838101010209
45,112,intervention,0.00451650888888993
48,112,intervention,0.00451333393939496
0,113,intervention,0.00305870303030318
3,113,intervention,0.00306359181818202
6,113,intervention,0.00308773696969716
9,113,intervention,0.00309549060606083
12,113,intervention,0.00311700808080831
15,113,intervention,0.00311903606060633
18,113,intervention,0.0031331509090912
21,113,intervention,0.00314462777777811
24,113,intervention,0.00315715929292964
27,113,intervention,0.00316974141414183
30,113,intervention,0.00318720868686917
33,113,intervention,0.00319335474747527
36,113,intervention,0.00319781797979859
39,113,intervention,0.00320928111111169
42,113,intervention,0.00320362838383896
45,113,intervention,0.0032034123232329
48,113,intervention,0.0032060998989905
0,114,intervention,0.00274417282828293
3,114,intervention,0.00274449393939403
6,114,intervention,0.00276038242424252
9,114,intervention,0.00278305313131326
12,114,intervention,0.00278347656565668
15,114,intervention,0.0027915614141416
18,114,intervention,0.00280969484848503
21,114,intervention,0.00283637383838406
24,114,intervention,0.00283566454545476
27,114,intervention,0.00286148777777806
30,114,intervention,0.00287193252525282
33,114,intervention,0.0028932787878792
36,114,intervention,0.00290468373737416
39,114,intervention,0.00289497222222266
42,114,intervention,0.00289482636363679
45,114,intervention,0.00289981080808122
48,114,intervention,0.00288563434343477
0,115,intervention,0.00246009919191924
3,115,intervention,0.00246866888888894
6,115,intervention,0.00247798929292936
9,115,intervention,0.00250974030303041
12,115,intervention,0.00250596979797987
15,115,intervention,0.00251825797979806
18,115,intervention,0.00252225575757584
21,115,intervention,0.00256725535353549
24,115,intervention,0.00255874888888904
27,115,intervention,0.00257881010101023
30,115,intervention,0.00260586707070724
33,115,intervention,0.00261422292929315
36,115,intervention,0.0026280671717174
39,115,intervention,0.00262449040404067
42,115,intervention,0.00261985101010126
45,115,intervention,0.00262475959595985
48,115,intervention,0.00262575343434371
0,116,intervention,0.00174053858585858
3,116,intervention,0.00175393030303028
6,116,intervention,0.00175701030303028
9,116,intervention,0.00178343909090906
12,116,intervention,0.00179011060606058
15,116,intervention,0.00180771070707067
18,116,intervention,0.00181871535353535
21,116,intervention,0.00182656252525247
24,116,intervention,0.00185929808080803
27,116,intervention,0.00188002898989892
30,116,intervention,0.00189723222222211
33,116,intervention,0.00190864717171706
36,116,intervention,0.00191397696969686
39,116,intervention,0.00192196787878777
42,116,intervention,0.0019211411111109901
45,116,intervention,0.00191597696969686
48,116,intervention,0.00191788323232311
0,117,intervention,0.00211811131313131
3,117,intervention,0.00214339242424241
6,117,intervention,0.00214558999999999
9,117,intervention,0.00217848111111109
12,117,intervention,0.00219880535353534
15,117,intervention,0.00220609676767674
18,117,intervention,0.00222174909090907
21,117,intervention,0.00221197818181816
24,117,intervention,0.0022402829292929
27,117,intervention,0.00225714717171717
30,117,intervention,0.00227048393939396
33,117,intervention,0.00228596000000004
36,117,intervention,0.0022878713131313402
39,117,intervention,0.00228525858585862
42,117,intervention,0.0022836282828283
45,117,intervention,0.00228085202020204
48,117,intervention,0.00228857262626266
0,118,intervention,0.00164505545454546
3,118,intervention,0.00165394030303029
6,118,intervention,0.00164389222222222
9,118,intervention,0.00167336262626261
12,118,intervention,0.00168612909090907
15,118,intervention,0.0016801632323232
18,118,intervention,0.00169889989898988
21,118,intervention,0.00170334464646462
24,118,intervention,0.00171268838383834
27,118,intervention,0.00174241747474741
30,118,intervention,0.00174901646464639
33,118,intervention,0.00176796010101001
36,118,intervention,0.00177540656565647
39,118,intervention,0.00178155505050496
42,118,intervention,0.00178252494949486
45,118,intervention,0.00177653444444435
48,118,intervention,0.00177857717171708
0,119,intervention,0.00324606323232347
3,119,intervention,0.00325926080808103
6,119,intervention,0.00328268101010129
9,119,intervention,0.00328804020202047
12,119,intervention,0.00330303494949528
15,119,intervention,0.00331391171717212
18,119,intervention,0.00333043424242461
21,119,intervention,0.00335441303030344
24,119,intervention,0.0033513656565661
27,119,intervention,0.00337518232323286
30,119,intervention,0.00339859797979857
33,119,intervention,0.00341462737373803
36,119,intervention,0.00341945404040481
39,119,intervention,0.00342567070707144
42,119,intervention,0.00342269333333408
45,119,intervention,0.00342131353535427
48,119,intervention,0.00342204373737448
0,12,intervention,0.00302872262626275
3,12,intervention,0.00303387818181836
6,12,intervention,0.00303553030303046
9,12,intervention,0.00305388161616179
12,12,intervention,0.00305941606060629
15,12,intervention,0.0030797131313134
18,12,intervention,0.00309680000000026
21,12,intervention,0.00309916676767706
24,12,intervention,0.00313613747474783
27,12,intervention,0.00314254919191956
30,12,intervention,0.00315648555555606
33,12,intervention,0.00318471090909147
36,12,intervention,0.00317685585858646
39,12,intervention,0.0031810556565663
42,12,intervention,0.00317650676767735
45,12,intervention,0.00317094777777836
48,12,intervention,0.00318807292929352
0,120,intervention,0.00143774252525251
3,120,intervention,0.00145013424242423
6,120,intervention,0.00146401828282827
9,120,intervention,0.00147943898989897
12,120,intervention,0.0015059605050505
15,120,intervention,0.00151465272727271
18,120,intervention,0.00153360020202017
21,120,intervention,0.00153708242424239
24,120,intervention,0.00154897252525251
27,120,intervention,0.00156053101010097
30,120,intervention,0.00157263565656559
33,120,intervention,0.00159531575757569
36,120,intervention,0.00159679929292922
39,120,intervention,0.00159896919191912
42,120,intervention,0.00160076757575749
45,120,intervention,0.00159667101010094
48,120,intervention,0.00160125404040397
0,121,intervention,0.00349780030303062
3,121,intervention,0.00350314292929326
6,121,intervention,0.00349983767676797
9,121,intervention,0.00350972353535381
12,121,intervention,0.00355403939393979
15,121,intervention,0.00356383939393983
18,121,intervention,0.00358097101010142
21,121,intervention,0.00358749979798031
24,121,intervention,0.00361137292929352
27,121,intervention,0.00362485434343497
30,121,intervention,0.00363609565656635
33,121,intervention,0.00366475424242508
36,121,intervention,0.00366970060606149
39,121,intervention,0.00365875242424334
42,121,intervention,0.00366613939394032
45,121,intervention,0.0036614702020211
48,121,intervention,0.00367484212121305
0,122,intervention,0.00309225484848505
3,122,intervention,0.00311460020202038
6,122,intervention,0.00312905616161643
9,122,intervention,0.00314052424242446
12,122,intervention,0.00315916939393964
15,122,intervention,0.00315435757575784
18,122,intervention,0.00316164171717201
21,122,intervention,0.00318625535353571
24,122,intervention,0.0032038923232327
27,122,intervention,0.00322788717171764
30,122,intervention,0.00323252808080853
33,122,intervention,0.00324608323232384
36,122,intervention,0.00325630191919258
39,122,intervention,0.00326036020202085
42,122,intervention,0.0032645649494956
45,122,intervention,0.00326044707070771
48,122,intervention,0.00326335464646528
0,123,intervention,0.0041896459595964
3,123,intervention,0.00419381050505093
6,123,intervention,0.00422756414141456
9,123,intervention,0.0042448541414147
12,123,intervention,0.00424251434343487
15,123,intervention,0.00427696373737435
18,123,intervention,0.00429605444444504
21,123,intervention,0.00430848878787952
24,123,intervention,0.00432833030303105
27,123,intervention,0.00433431878787949
30,123,intervention,0.00434519232323317
33,123,intervention,0.004364375959597
36,123,intervention,0.0043750608080819
39,123,intervention,0.0043689259595971
42,123,intervention,0.00437662868686982
45,123,intervention,0.00437589818181936
48,123,intervention,0.00437614373737484
0,124,intervention,0.00211485808080806
3,124,intervention,0.00214171313131312
6,124,intervention,0.00215309313131313
9,124,intervention,0.00217368454545452
12,124,intervention,0.00218032535353533
15,124,intervention,0.0021887628282828
18,124,intervention,0.00220892262626261
21,124,intervention,0.00222692727272729
24,124,intervention,0.00223504272727275
27,124,intervention,0.0022581796969697
30,124,intervention,0.00226850090909089
33,124,intervention,0.00228960868686871
36,124,intervention,0.00229251919191922
39,124,intervention,0.00229438939393942
42,124,intervention,0.00229376373737378
45,124,intervention,0.00228859979797984
48,124,intervention,0.00229398111111113
0,125,intervention,0.00560609818181812
3,125,intervention,0.00565501595959603
6,125,intervention,0.00566357686868685
9,125,intervention,0.00564800050505066
12,125,intervention,0.00567267626262634
15,125,intervention,0.00569191010101015
18,125,intervention,0.00569763060606079
21,125,intervention,0.00571678404040433
24,125,intervention,0.00572682303030343
27,125,intervention,0.00572691737373774
30,125,intervention,0.00573380010101075
33,125,intervention,0.00576806161616229
36,125,intervention,0.00576619666666754
39,125,intervention,0.00576879858585936
42,125,intervention,0.00577034252525341
45,125,intervention,0.00577222686868767
48,125,intervention,0.00576757575757658
0,126,intervention,0.00237457505050506
3,126,intervention,0.00239269363636367
6,126,intervention,0.00242058484848487
9,126,intervention,0.0024337253535354
12,126,intervention,0.00244030010101013
15,126,intervention,0.00248032242424249
18,126,intervention,0.00250902757575765
21,126,intervention,0.00251797494949503
24,126,intervention,0.00253547575757586
27,126,intervention,0.00254659989899001
30,126,intervention,0.00256642454545471
33,126,intervention,0.00258947242424261
36,126,intervention,0.00260393313131338
39,126,intervention,0.00259617505050529
42,126,intervention,0.00260077434343458
45,126,intervention,0.00259721232323258
48,126,intervention,0.00259979858585881
0,127,intervention,0.00279670343434357
3,127,intervention,0.00280548464646467
6,127,intervention,0.00284388979797994
9,127,intervention,0.00283073616161629
12,127,intervention,0.00285091323232338
15,127,intervention,0.00287123464646482
18,127,intervention,0.00288618050505071
21,127,intervention,0.00289384828282853
24,127,intervention,0.00291271353535378
27,127,intervention,0.00292872434343465
30,127,intervention,0.00296106848484884
33,127,intervention,0.00297792424242461
36,127,intervention,0.00298547414141458
39,127,intervention,0.00298132909090955
42,127,intervention,0.00298587010101055
45,127,intervention,0.00298213050505096
48,127,intervention,0.00298085000000043
0,128,intervention,0.00195297737373735
3,128,intervention,0.00197622151515148
6,128,intervention,0.00199854757575754
9,128,intervention,0.00200560555555551
12,128,intervention,0.00202005575757571
15,128,intervention,0.00200641575757571
18,128,intervention,0.00204803343434338
21,128,intervention,0.00206265454545447
24,128,intervention,0.00207561939393932
27,128,intervention,0.00208887646464638
30,128,intervention,0.00211131767676762
33,128,intervention,0.00212602484848477
36,128,intervention,0.00213782767676761
39,128,intervention,0.00213917696969689
42,128,intervention,0.00214053727272721
45,128,intervention,0.00213651919191914
48,128,intervention,0.00213863444444437
0,129,intervention,0.00267458858585869
3,129,intervention,0.0027074587878789
6,129,intervention,0.0027034945454546
9,129,intervention,0.00271683686868695
12,129,intervention,0.00273920252525266
15,129,intervention,0.00274091505050518
18,129,intervention,0.00274620343434356
21,129,intervention,0.00275628696969712
24,129,intervention,0.00276976505050522
27,129,intervention,0.00278591323232345
30,129,intervention,0.00279708848484874
33,129,intervention,0.00280764939393969
36,129,intervention,0.00282044070707106
39,129,intervention,0.0028217741414145
42,129,intervention,0.00281388222222261
45,129,intervention,0.00281215232323268
48,129,intervention,0.00281746525252561
0,13,intervention,0.00278743606060618
3,13,intervention,0.00280813464646475
6,13,intervention,0.00279582383838395
9,13,intervention,0.00280773434343445
12,13,intervention,0.0028020241414143
15,13,intervention,0.00283090898989916
18,13,intervention,0.00285700040404056
21,13,intervention,0.00287431555555579
24,13,intervention,0.00287109474747504
27,13,intervention,0.00289278494949519
30,13,intervention,0.00290802373737406
33,13,intervention,0.00293405050505088
36,13,intervention,0.00294831090909135
39,13,intervention,0.00294721727272775
42,13,intervention,0.00294352424242472
45,13,intervention,0.00293589232323275
48,13,intervention,0.00293707444444488
0,130,intervention,0.00199744757575757
3,130,intervention,0.00202506808080806
6,130,intervention,0.00204381212121207
9,130,intervention,0.0020564454545454
12,130,intervention,0.00208228747474745
15,130,intervention,0.00208676444444439
18,130,intervention,0.00210080555555552
21,130,intervention,0.00211629343434337
24,130,intervention,0.00213430595959592
27,130,intervention,0.00214581898989895
30,130,intervention,0.00215451393939389
33,130,intervention,0.0021710952525252
36,130,intervention,0.00217952818181816
39,130,intervention,0.00218254313131309
42,130,intervention,0.00218513232323228
45,130,intervention,0.00218577434343428
48,130,intervention,0.00217953616161612
0,131,intervention,0.00287903606060622
3,131,intervention,0.002888851818182
6,131,intervention,0.00289707242424255
9,131,intervention,0.00291526272727292
12,131,intervention,0.00291867535353556
15,131,intervention,0.00293536636363658
18,131,intervention,0.0029502451515154
21,131,intervention,0.00295821676767702
24,131,intervention,0.0029620100000003
27,131,intervention,0.00298792707070741
30,131,intervention,0.00300178080808123
33,131,intervention,0.00301793616161662
36,131,intervention,0.0030252276767682
39,131,intervention,0.00302817050505101
42,131,intervention,0.00303144525252575
45,131,intervention,0.00301802585858639
48,131,intervention,0.00302361393939446
0,132,intervention,0.00297015595959611
3,132,intervention,0.00298335626262639
6,132,intervention,0.00299470474747489
9,132,intervention,0.00301318666666687
12,132,intervention,0.00301251646464668
15,132,intervention,0.00301638505050526
18,132,intervention,0.00304906323232347
21,132,intervention,0.00306327959595989
24,132,intervention,0.00307794959595993
27,132,intervention,0.00309526919191961
30,132,intervention,0.00312930747474789
33,132,intervention,0.00314453343434399
36,132,intervention,0.00315008454545514
39,132,intervention,0.00314866303030358
42,132,intervention,0.00314944797979854
45,132,intervention,0.00314457909090967
48,132,intervention,0.00315132464646524
0,133,intervention,0.00307799121212137
3,133,intervention,0.00307868434343453
6,133,intervention,0.0031014634343436
9,133,intervention,0.00310368848484866
12,133,intervention,0.00312762818181839
15,133,intervention,0.00314947252525283
18,133,intervention,0.00315658949494976
21,133,intervention,0.00317619191919221
24,133,intervention,0.00319812929292961
27,133,intervention,0.00321844838383883
30,133,intervention,0.00323201181818234
33,133,intervention,0.00324113393939449
36,133,intervention,0.00324839101010163
39,133,intervention,0.00324906979798041
42,133,intervention,0.00324609818181882
45,133,intervention,0.00324398696969758
48,133,intervention,0.00325007797979862
0,134,intervention,0.00233086414141414
3,134,intervention,0.00235510444444446
6,134,intervention,0.00236211565656571
9,134,intervention,0.00236901555555557
12,134,intervention,0.00239039323232327
15,134,intervention,0.00239195777777782
18,134,intervention,0.00240206989898994
21,134,intervention,0.00243361131313135
24,134,intervention,0.00243952858585862
27,134,intervention,0.00244972717171725
30,134,intervention,0.00246513262626269
33,134,intervention,0.00247754161616173
36,134,intervention,0.00248991181818198
39,134,intervention,0.00248297191919206
42,134,intervention,0.00248998282828297
45,134,intervention,0.00248395434343446
48,134,intervention,0.00248301262626274
0,135,intervention,0.00219505434343434
3,135,intervention,0.00221215111111111
6,135,intervention,0.00223862505050506
9,135,intervention,0.00225396494949496
12,135,intervention,0.00227876151515151
15,135,intervention,0.00228738616161619
18,135,intervention,0.00231692464646464
21,135,intervention,0.00232227161616164
24,135,intervention,0.00232311404040405
27,135,intervention,0.00235031474747473
30,135,intervention,0.00236700858585863
33,135,intervention,0.00237893545454549
36,135,intervention,0.00238743636363644
39,135,intervention,0.00239042181818188
42,135,intervention,0.00238953636363646
45,135,intervention,0.00238970505050512
48,135,intervention,0.00239049555555563
0,136,intervention,0.00257825020202026
3,136,intervention,0.00257998575757588
6,136,intervention,0.0026049485858587
9,136,intervention,0.00260441474747487
12,136,intervention,0.00261556606060618
15,136,intervention,0.00264766515151526
18,136,intervention,0.00265686858585873
21,136,intervention,0.00265016000000012
24,136,intervention,0.00268313898989915
27,136,intervention,0.00269553767676788
30,136,intervention,0.00271243989899013
33,136,intervention,0.00271084121212149
36,136,intervention,0.00272323323232355
39,136,intervention,0.00272681111111147
42,136,intervention,0.00272227666666701
45,136,intervention,0.00272716585858618
48,136,intervention,0.00272339181818212
0,137,intervention,0.00192705818181818
3,137,intervention,0.00193679919191917
6,137,intervention,0.00193287707070705
9,137,intervention,0.00195048545454542
12,137,intervention,0.00197185050505046
15,137,intervention,0.00198525676767672
18,137,intervention,0.00199383292929287
21,137,intervention,0.00200076696969691
24,137,intervention,0.00202222484848477
27,137,intervention,0.00203459898989889
30,137,intervention,0.00204168363636354
33,137,intervention,0.00206607737373726
36,137,intervention,0.0020717215151514
39,137,intervention,0.00206883272727261
42,137,intervention,0.00207470575757564
45,137,intervention,0.0020705819191918
48,137,intervention,0.00206953727272715
0,138,intervention,0.00335107818181852
3,138,intervention,0.00337701454545481
6,138,intervention,0.00338967737373769
9,138,intervention,0.00339952494949528
12,138,intervention,0.00341657303030336
15,138,intervention,0.00343388282828318
18,138,intervention,0.00343332707070748
21,138,intervention,0.003448703535354
24,138,intervention,0.00348154828282881
27,138,intervention,0.00348109868686925
30,138,intervention,0.0035049191919198
33,138,intervention,0.00352286232323307
36,138,intervention,0.00352755060606146
39,138,intervention,0.00353026696969779
42,138,intervention,0.00352904161616244
45,138,intervention,0.00352405878787963
48,138,intervention,0.00352698515151597
0,139,intervention,0.00271580949494963
3,139,intervention,0.00275131919191929
6,139,intervention,0.00276764222222226
9,139,intervention,0.00279074777777793
12,139,intervention,0.00278365393939406
15,139,intervention,0.00280846262626277
18,139,intervention,0.00282117010101027
21,139,intervention,0.00282784303030327
24,139,intervention,0.00284751585858604
27,139,intervention,0.00287358686868713
30,139,intervention,0.00287843737373762
33,139,intervention,0.0029099832323236
36,139,intervention,0.00291789656565699
39,139,intervention,0.00291947666666708
42,139,intervention,0.0029279898989903
45,139,intervention,0.00292093727272768
48,139,intervention,0.00292801393939437
0,14,intervention,0.00148985404040404
3,14,intervention,0.00150614404040404
6,14,intervention,0.00152471353535354
9,14,intervention,0.00153374262626262
12,14,intervention,0.00154171444444444
15,14,intervention,0.00154747898989896
18,14,intervention,0.00154883838383837
21,14,intervention,0.00156838454545451
24,14,intervention,0.00158506979797976
27,14,intervention,0.00159371363636359
30,14,intervention,0.00160949090909084
33,14,intervention,0.00161918303030296
36,14,intervention,0.00164041070707063
39,14,intervention,0.00163677969696962
42,14,intervention,0.00164417363636356
45,14,intervention,0.0016415381818181
48,14,intervention,0.00164100626262618
0,140,intervention,0.00180453848484848
3,140,intervention,0.00182771696969693
6,140,intervention,0.00181329626262623
9,140,intervention,0.00184586919191918
12,140,intervention,0.00187264292929289
15,140,intervention,0.00187372999999995
18,140,intervention,0.00190256888888885
21,140,intervention,0.00190536565656562
24,140,intervention,0.00191627969696964
27,140,intervention,0.00194417808080801
30,140,intervention,0.00194938111111103
33,140,intervention,0.00196637454545443
36,140,intervention,0.00197041757575746
39,140,intervention,0.00197283373737361
42,140,intervention,0.00197125848484836
45,140,intervention,0.00197175616161604
48,140,intervention,0.00197206464646453
0,141,intervention,0.00497458121212142
3,141,intervention,0.00498404696969726
6,141,intervention,0.00499092424242452
9,141,intervention,0.00501340828282859
12,141,intervention,0.00503407404040427
15,141,intervention,0.00502727535353573
18,141,intervention,0.00506682666666706
21,141,intervention,0.00508343929292978
24,141,intervention,0.00509296060606129
27,141,intervention,0.00511526262626337
30,141,intervention,0.00511236363636434
33,141,intervention,0.00515194333333425
36,141,intervention,0.00515007454545556
39,141,intervention,0.0051503407070717
42,141,intervention,0.00514705393939498
45,141,intervention,0.00514331323232418
48,141,intervention,0.00513929636363732
0,142,intervention,0.0027614657575759
3,142,intervention,0.00278312303030312
6,142,intervention,0.00280333969696983
9,142,intervention,0.00279832010101022
12,142,intervention,0.00280583161616175
15,142,intervention,0.00283985989899006
18,142,intervention,0.00283855060606076
21,142,intervention,0.00286872494949515
24,142,intervention,0.00286444797979825
27,142,intervention,0.00288486404040428
30,142,intervention,0.00289795151515184
33,142,intervention,0.00291378040404077
36,142,intervention,0.00292457717171757
39,142,intervention,0.0029239688888893
42,142,intervention,0.00292778707070752
45,142,intervention,0.00292071868686912
48,142,intervention,0.00292035090909133
0,143,intervention,0.00365486282828316
3,143,intervention,0.00368882898989941
6,143,intervention,0.00369220898989935
9,143,intervention,0.00370646464646507
12,143,intervention,0.00374053818181864
15,143,intervention,0.00373378424242469
18,143,intervention,0.00375570525252581
21,143,intervention,0.00376559151515211
24,143,intervention,0.00379119525252583
27,143,intervention,0.00380830212121279
30,143,intervention,0.00381730787878872
33,143,intervention,0.00383985040404134
36,143,intervention,0.00384805979798082
39,143,intervention,0.00384398898989998
42,143,intervention,0.00384318535353638
45,143,intervention,0.00385070262626363
48,143,intervention,0.00384561525252626
0,144,intervention,0.00100829141414141
3,144,intervention,0.00102831454545455
6,144,intervention,0.00105583171717172
9,144,intervention,0.00106627272727272
12,144,intervention,0.00107580282828282
15,144,intervention,0.00109076363636364
18,144,intervention,0.0011084604040404
21,144,intervention,0.00112436545454545
24,144,intervention,0.00113776363636363
27,144,intervention,0.00114321939393938
30,144,intervention,0.00116034666666665
33,144,intervention,0.00118464545454543
36,144,intervention,0.00118984545454542
39,144,intervention,0.00119468121212117
42,144,intervention,0.00119197919191916
45,144,intervention,0.00118824434343431
48,144,intervention,0.00119359545454542
0,145,intervention,0.0019196784848485
3,145,intervention,0.00194982646464644
6,145,intervention,0.00196445676767671
9,145,intervention,0.00197991737373734
12,145,intervention,0.00200563838383835
15,145,intervention,0.00200913232323227
18,145,intervention,0.00203488494949491
21,145,intervention,0.0020450267676767
24,145,intervention,0.00205300494949487
27,145,intervention,0.00207767454545447
30,145,intervention,0.00209502373737366
33,145,intervention,0.0021023374747474
36,145,intervention,0.00211897484848476
39,145,intervention,0.00211789242424234
42,145,intervention,0.00211352777777768
45,145,intervention,0.00211610161616153
48,145,intervention,0.00211847494949486
0,146,intervention,0.00343491212121234
3,146,intervention,0.00342466848484876
6,146,intervention,0.00342810171717204
9,146,intervention,0.00344832707070738
12,146,intervention,0.00347159545454585
15,146,intervention,0.00348587222222263
18,146,intervention,0.0035309180808085
21,146,intervention,0.00354774979798031
24,146,intervention,0.00354711090909144
27,146,intervention,0.00356620656565718
30,146,intervention,0.00356878252525314
33,146,intervention,0.00358012161616235
36,146,intervention,0.00359338979798065
39,146,intervention,0.00359176747474833
42,146,intervention,0.00358803757575842
45,146,intervention,0.00359226858585945
48,146,intervention,0.0035925333333342
0,147,intervention,0.00247656848484851
3,147,intervention,0.00248174353535356
6,147,intervention,0.00250099949494956
9,147,intervention,0.00250518464646469
12,147,intervention,0.00251303606060613
15,147,intervention,0.0025180347474748
18,147,intervention,0.00253052838383847
21,147,intervention,0.00253803464646471
24,147,intervention,0.00255815929292937
27,147,intervention,0.00258057898989908
30,147,intervention,0.00257455808080823
33,147,intervention,0.00260812929292952
36,147,intervention,0.00261515393939418
39,147,intervention,0.00261711818181841
42,147,intervention,0.00261035282828303
45,147,intervention,0.00261628313131338
48,147,intervention,0.00261394353535376
0,148,intervention,0.00224889282828284
3,148,intervention,0.00225084919191922
6,148,intervention,0.00228042000000003
9,148,intervention,0.00229488747474751
12,148,intervention,0.00231804787878791
15,148,intervention,0.00232375474747475
18,148,intervention,0.00233238292929294
21,148,intervention,0.00235137747474749
24,148,intervention,0.0023695976767677
27,148,intervention,0.00238774171717172
30,148,intervention,0.0023933763636364
33,148,intervention,0.0024111318181819
36,148,intervention,0.00241592646464657
39,148,intervention,0.00241594121212131
42,148,intervention,0.0024226983838385
45,148,intervention,0.00240690060606069
48,148,intervention,0.00241870959595971
0,149,intervention,0.00348840717171748
3,149,intervention,0.00351544494949533
6,149,intervention,0.0035222450505054
9,149,intervention,0.00355110060606098
12,149,intervention,0.00356631020202065
15,149,intervention,0.00356261707070752
18,149,intervention,0.0035934729292934
21,149,intervention,0.00359538232323288
24,149,intervention,0.00360554959596017
27,149,intervention,0.00362748787878858
30,149,intervention,0.00364205070707137
33,149,intervention,0.0036538898989907
36,149,intervention,0.0036710724242433
39,149,intervention,0.00366551555555645
42,149,intervention,0.00366909444444532
45,149,intervention,0.00367817323232413
48,149,intervention,0.00366279030303118
0,15,intervention,0.0024614548484849
3,15,intervention,0.00244459969696979
6,15,intervention,0.00245424060606069
9,15,intervention,0.00247746313131322
12,15,intervention,0.00250287707070714
15,15,intervention,0.00251263555555561
18,15,intervention,0.00253104717171725
21,15,intervention,0.00254421565656574
24,15,intervention,0.00254904828282835
27,15,intervention,0.00257011323232338
30,15,intervention,0.00258347767676784
33,15,intervention,0.00260437313131332
36,15,intervention,0.00261891868686894
39,15,intervention,0.00261629454545479
42,15,intervention,0.00261557969696993
45,15,intervention,0.00261900020202045
48,15,intervention,0.00261904393939418
0,150,intervention,0.00251088969696976
3,150,intervention,0.00254845484848487
6,150,intervention,0.00254081040404046
9,150,intervention,0.00256698777777787
12,150,intervention,0.00260113272727282
15,150,intervention,0.00260691030303041
18,150,intervention,0.00259273060606074
21,150,intervention,0.00261930949494962
24,150,intervention,0.00264233141414158
27,150,intervention,0.00265927818181841
30,150,intervention,0.00267294696969716
33,150,intervention,0.00268288454545482
36,150,intervention,0.00269795474747509
39,150,intervention,0.00269133575757606
42,150,intervention,0.00268986181818214
45,150,intervention,0.00268683272727305
48,150,intervention,0.00269291202020233
0,151,intervention,0.00169278717171716
3,151,intervention,0.00172151696969696
6,151,intervention,0.0017183318181818
9,151,intervention,0.00172741888888888
12,151,intervention,0.001742611010101
15,151,intervention,0.00177844070707068
18,151,intervention,0.00176980888888885
21,151,intervention,0.00178304646464642
24,151,intervention,0.00180952323232318
27,151,intervention,0.00181665979797973
30,151,intervention,0.00183702020202013
33,151,intervention,0.00184789727272717
36,151,intervention,0.00185847343434333
39,151,intervention,0.00186396686868676
42,151,intervention,0.0018624205050504
45,151,intervention,0.00185961696969688
48,151,intervention,0.00186014010100999
0,152,intervention,0.00178803393939394
3,152,intervention,0.00176753565656563
6,152,intervention,0.0018038821212121
9,152,intervention,0.00182334828282828
12,152,intervention,0.00185356212121209
15,152,intervention,0.00186682929292927
18,152,intervention,0.00187262525252519
21,152,intervention,0.00190294212121206
24,152,intervention,0.00190855939393934
27,152,intervention,0.001922517070707
30,152,intervention,0.00193884464646455
33,152,intervention,0.00195998040404031
36,152,intervention,0.00196570191919181
39,152,intervention,0.00196232575757565
42,152,intervention,0.00196711202020192
45,152,intervention,0.00197062040404029
48,152,intervention,0.00196640151515139
0,153,intervention,0.00194263414141411
3,153,intervention,0.00194714595959592
6,153,intervention,0.00195005797979794
9,153,intervention,0.00198219050505049
12,153,intervention,0.00198390020202016
15,153,intervention,0.0020168235353535
18,153,intervention,0.00202600949494943
21,153,intervention,0.00204010747474741
24,153,intervention,0.00205916030303023
27,153,intervention,0.00208074525252518
30,153,intervention,0.00209293545454538
33,153,intervention,0.00211132414141407
36,153,intervention,0.00212352242424236
39,153,intervention,0.00212784262626258
42,153,intervention,0.00212537353535348
45,153,intervention,0.00212964585858579
48,153,intervention,0.00211988393939386
0,154,intervention,0.00402814969697014
3,154,intervention,0.00406940787878836
6,154,intervention,0.0040573774747481
9,154,intervention,0.00409490212121272
12,154,intervention,0.00408982939393992
15,154,intervention,0.00411842858585922
18,154,intervention,0.00413123484848545
21,154,intervention,0.00413460565656632
24,154,intervention,0.00416760404040484
27,154,intervention,0.00417397616161706
30,154,intervention,0.00418306888888985
33,154,intervention,0.00419962848484959
36,154,intervention,0.00419423393939511
39,154,intervention,0.00420693484848602
42,154,intervention,0.00421179545454661
45,154,intervention,0.0042149895959608
48,154,intervention,0.00421356727272846
0,155,intervention,0.00173679474747474
3,155,intervention,0.00174920919191916
6,155,intervention,0.00174943787878785
9,155,intervention,0.00178374090909088
12,155,intervention,0.00179449646464644
15,155,intervention,0.00177927020202016
18,155,intervention,0.00181169181818176
21,155,intervention,0.00182197656565651
24,155,intervention,0.00184458737373731
27,155,intervention,0.00186176333333326
30,155,intervention,0.00188132737373729
33,155,intervention,0.0018906286868686
36,155,intervention,0.00190402141414131
39,155,intervention,0.00190143494949484
42,155,intervention,0.00190452515151504
45,155,intervention,0.00190718131313121
48,155,intervention,0.00190218747474737
0,156,intervention,0.00249271737373743
3,156,intervention,0.00247138727272733
6,156,intervention,0.00247575272727278
9,156,intervention,0.0025069938383839
12,156,intervention,0.00252508515151523
15,156,intervention,0.00252919656565661
18,156,intervention,0.0025557410101011
21,156,intervention,0.00254689070707081
24,156,intervention,0.00259569424242434
27,156,intervention,0.00262085919191931
30,156,intervention,0.00263084424242443
33,156,intervention,0.00264924525252546
36,156,intervention,0.00266092464646491
39,156,intervention,0.00265732535353562
42,156,intervention,0.00266022939393966
45,156,intervention,0.0026610222222225
48,156,intervention,0.00265769949494976
0,157,intervention,0.00290359131313145
3,157,intervention,0.00292596686868707
6,157,intervention,0.00294333343434365
9,157,intervention,0.0029644107070709
12,157,intervention,0.00298971333333351
15,157,intervention,0.00300533868686892
18,157,intervention,0.00302751909090937
21,157,intervention,0.00304222787878812
24,157,intervention,0.00304601454545483
27,157,intervention,0.00305667454545491
30,157,intervention,0.00307436686868725
33,157,intervention,0.00307487161616209
36,157,intervention,0.00309395202020257
39,157,intervention,0.00308981141414196
42,157,intervention,0.00309206858585914
45,157,intervention,0.00309641909090964
48,157,intervention,0.0030985585858591
0,158,intervention,0.00253915747474751
3,158,intervention,0.00254420505050512
6,158,intervention,0.00256616747474755
9,158,intervention,0.00257917686868693
12,158,intervention,0.00259410595959606
15,158,intervention,0.00260654646464652
18,158,intervention,0.00260590797979808
21,158,intervention,0.00260915414141425
24,158,intervention,0.00263514323232336
27,158,intervention,0.00264797292929304
30,158,intervention,0.00266518292929307
33,158,intervention,0.00267840525252548
36,158,intervention,0.00269588515151544
39,158,intervention,0.00269618828282857
42,158,intervention,0.00269203464646493
45,158,intervention,0.00269478020202047
48,158,intervention,0.00269035040404067
0,159,intervention,0.00195882888888886
3,159,intervention,0.00196548585858584
6,159,intervention,0.00197014060606058
9,159,intervention,0.00199999454545453
12,159,intervention,0.00201457414141408
15,159,intervention,0.00203093242424235
18,159,intervention,0.0020502657575757
21,159,intervention,0.00205414989898983
24,159,intervention,0.00205779373737368
27,159,intervention,0.00207524555555548
30,159,intervention,0.00208593777777771
33,159,intervention,0.00210694606060598
36,159,intervention,0.00210902606060598
39,159,intervention,0.00211669222222214
42,159,intervention,0.00211446525252517
45,159,intervention,0.00211217272727265
48,159,intervention,0.00211097424242415
0,16,intervention,0.00129610393939393
3,16,intervention,0.00131874868686868
6,16,intervention,0.00134067050505049
9,16,intervention,0.00138177070707071
12,16,intervention,0.00136497898989897
15,16,intervention,0.00138577757575756
18,16,intervention,0.00140519555555553
21,16,intervention,0.00141561525252523
24,16,intervention,0.00143575060606058
27,16,intervention,0.00144823474747471
30,16,intervention,0.00146537141414136
33,16,intervention,0.00146700141414136
36,16,intervention,0.00147543757575752
39,16,intervention,0.00148019464646458
42,16,intervention,0.00148048222222216
45,16,intervention,0.00147905363636357
48,16,intervention,0.00147784595959589
0,160,intervention,0.00295989343434357
3,160,intervention,0.00298219272727289
6,160,intervention,0.00299348090909104
9,160,intervention,0.00300925070707091
12,160,intervention,0.00301576888888909
15,160,intervention,0.00301664161616181
18,160,intervention,0.00304466747474769
21,160,intervention,0.00305462727272752
24,160,intervention,0.0030724610101013
27,160,intervention,0.00308541080808117
30,160,intervention,0.00309888111111154
33,160,intervention,0.00311492979798032
36,160,intervention,0.00312690232323291
39,160,intervention,0.00312912545454601
42,160,intervention,0.00312364060606119
45,160,intervention,0.00312298707070762
48,160,intervention,0.00312027717171778
0,161,intervention,0.00247982505050512
3,161,intervention,0.00249605121212126
6,161,intervention,0.00250452767676775
9,161,intervention,0.0025330594949496
12,161,intervention,0.00255519777777788
15,161,intervention,0.00258131949494958
18,161,intervention,0.00260207242424256
21,161,intervention,0.00261711525252534
24,161,intervention,0.00262872323232341
27,161,intervention,0.00264179919191935
30,161,intervention,0.00265301686868704
33,161,intervention,0.00267138090909115
36,161,intervention,0.00267953535353564
39,161,intervention,0.00268281282828311
42,161,intervention,0.00267783565656595
45,161,intervention,0.00267351686868715
48,161,intervention,0.0026808553535356402
0,162,intervention,0.00322063030303048
3,162,intervention,0.00324342686868712
6,162,intervention,0.00326979969696997
9,162,intervention,0.00326784090909117
12,162,intervention,0.00327045101010134
15,162,intervention,0.00329757575757612
18,162,intervention,0.00332260777777814
21,162,intervention,0.00333864363636404
24,162,intervention,0.0033496676767681
27,162,intervention,0.00335666090909139
30,162,intervention,0.00337213343434397
33,162,intervention,0.00338364242424308
36,162,intervention,0.00339810656565731
39,162,intervention,0.0034020167676775
42,162,intervention,0.00339546888888963
45,162,intervention,0.00340009121212194
48,162,intervention,0.00339275333333408
0,163,intervention,0.00244032434343437
3,163,intervention,0.00247423222222225
6,163,intervention,0.00246451262626267
9,163,intervention,0.00248182939393945
12,163,intervention,0.0024881261616162
15,163,intervention,0.00249584616161622
18,163,intervention,0.00250616797979803
21,163,intervention,0.00250555959595966
24,163,intervention,0.00253573868686877
27,163,intervention,0.00253850121212131
30,163,intervention,0.00255465202020218
33,163,intervention,0.00256728808080825
36,163,intervention,0.00257002868686891
39,163,intervention,0.00258040323232342
42,163,intervention,0.0025774893939396
45,163,intervention,0.00257646878787897
48,163,intervention,0.00257953666666688
0,164,intervention,0.00321303808080829
3,164,intervention,0.00323259424242452
6,164,intervention,0.00320593383838404
9,164,intervention,0.00323518787878819
12,164,intervention,0.00324122434343461
15,164,intervention,0.00327553242424269
18,164,intervention,0.00328677797979835
21,164,intervention,0.00329996060606102
24,164,intervention,0.0033267791919196
27,164,intervention,0.00332955626262682
30,164,intervention,0.00334456656565712
33,164,intervention,0.00336156383838449
36,164,intervention,0.00336923636363707
39,164,intervention,0.0033765784848492
42,164,intervention,0.00337354959596033
45,164,intervention,0.0033709663636371
48,164,intervention,0.00337957242424311
0,165,intervention,0.00131182505050505
3,165,intervention,0.00131129444444443
6,165,intervention,0.00134102333333331
9,165,intervention,0.00136593535353534
12,165,intervention,0.00137522414141412
15,165,intervention,0.00139447282828281
18,165,intervention,0.00140417070707068
21,165,intervention,0.0014300424242424
24,165,intervention,0.00144224242424238
27,165,intervention,0.00146962929292926
30,165,intervention,0.00148102767676763
33,165,intervention,0.00149319030303024
36,165,intervention,0.00150440171717165
39,165,intervention,0.00150942060606053
42,165,intervention,0.00150380848484841
45,165,intervention,0.00151108414141407
48,165,intervention,0.00151076939393932
0,166,intervention,0.00331806545454571
3,166,intervention,0.00332400737373766
6,166,intervention,0.00333054010101038
9,166,intervention,0.00334070808080839
12,166,intervention,0.0033802998989902
15,166,intervention,0.00337889363636396
18,166,intervention,0.00340595171717205
21,166,intervention,0.00342030767676808
24,166,intervention,0.00343053313131359
27,166,intervention,0.00346072232323282
30,166,intervention,0.00347591676767737
33,166,intervention,0.00348828575757643
36,166,intervention,0.00349855111111189
39,166,intervention,0.00349871898989971
42,166,intervention,0.00350784595959673
45,166,intervention,0.00349742828282904
48,166,intervention,0.00350058464646542
0,167,intervention,0.00535652717171734
3,167,intervention,0.00535171868686873
6,167,intervention,0.00536967545454571
9,167,intervention,0.00537460121212154
12,167,intervention,0.00538718686868711
15,167,intervention,0.00540783565656587
18,167,intervention,0.0054247157575759
21,167,intervention,0.00542710878787907
24,167,intervention,0.00543568393939448
27,167,intervention,0.00546642838383888
30,167,intervention,0.00547068282828344
33,167,intervention,0.00548437363636435
36,167,intervention,0.0054947518181827
39,167,intervention,0.00550873656565738
42,167,intervention,0.00549441939394031
45,167,intervention,0.00550389525252616
48,167,intervention,0.00550046393939485
0,168,intervention,0.00254663838383847
3,168,intervention,0.00252477898989906
6,168,intervention,0.0025434961616162
9,168,intervention,0.0025677833333334
12,168,intervention,0.0025994131313132
15,168,intervention,0.00261132333333341
18,168,intervention,0.00262725959595975
21,168,intervention,0.00263023484848497
24,168,intervention,0.00266834757575774
27,168,intervention,0.00267367272727295
30,168,intervention,0.00268360646464671
33,168,intervention,0.0027101546464649
36,168,intervention,0.00270813131313163
39,168,intervention,0.00272138282828314
42,168,intervention,0.00271322646464676
45,168,intervention,0.00271292545454578
48,168,intervention,0.00271120212121244
0,169,intervention,0.00122568656565657
3,169,intervention,0.00124030111111111
6,169,intervention,0.0012390306060606
9,169,intervention,0.00125466505050504
12,169,intervention,0.00126907444444443
15,169,intervention,0.00128182181818182
18,169,intervention,0.00131237616161615
21,169,intervention,0.00131704525252524
24,169,intervention,0.00133442848484847
27,169,intervention,0.00134203575757573
30,169,intervention,0.00135349474747472
33,169,intervention,0.00137642595959591
36,169,intervention,0.00138905373737368
39,169,intervention,0.00138921656565651
42,169,intervention,0.00139272323232318
45,169,intervention,0.0013878459595959
48,169,intervention,0.00138736737373732
0,17,intervention,0.00297094949494966
3,17,intervention,0.0029784604040406
6,17,intervention,0.00301585323232342
9,17,intervention,0.00301389777777795
12,17,intervention,0.00302033505050529
15,17,intervention,0.00304577464646486
18,17,intervention,0.00307455484848508
21,17,intervention,0.00309160757575785
24,17,intervention,0.00310898313131347
27,17,intervention,0.00312584191919232
30,17,intervention,0.00314083010101055
33,17,intervention,0.0031736395959601
36,17,intervention,0.00317708000000058
39,17,intervention,0.00317456979798036
42,17,intervention,0.00317586484848543
45,17,intervention,0.00318117474747532
48,17,intervention,0.00317462242424299
0,170,intervention,0.00353067070707099
3,170,intervention,0.00352348949494982
6,170,intervention,0.00353215757575791
9,170,intervention,0.00355572060606095
12,170,intervention,0.00356586828282868
15,170,intervention,0.0035821207070711
18,170,intervention,0.0035942061616166
21,170,intervention,0.00361808000000054
24,170,intervention,0.00361909030303083
27,170,intervention,0.0036399158585865
30,170,intervention,0.00364423161616238
33,170,intervention,0.00367677757575843
36,170,intervention,0.00367400929293018
39,170,intervention,0.00367545707070797
42,170,intervention,0.0036813023232332
45,170,intervention,0.00368005898989986
48,170,intervention,0.00367839333333425
0,171,intervention,0.00201264303030302
3,171,intervention,0.00200788575757575
6,171,intervention,0.0020238612121212
9,171,intervention,0.00204152979797976
12,171,intervention,0.00204983474747467
15,171,intervention,0.0020630443434343
18,171,intervention,0.0020751774747474
21,171,intervention,0.00209335818181813
24,171,intervention,0.00211171404040398
27,171,intervention,0.00211682838383833
30,171,intervention,0.00214122303030298
33,171,intervention,0.00214574383838378
36,171,intervention,0.00215993242424238
39,171,intervention,0.00215489919191914
42,171,intervention,0.00216262272727269
45,171,intervention,0.002160245050505
48,171,intervention,0.00215443666666661
0,172,intervention,0.0020251325252525
3,172,intervention,0.00202026090909088
6,172,intervention,0.00203521404040403
9,172,intervention,0.00205994030303027
12,172,intervention,0.00208464696969693
15,172,intervention,0.0020796339393939
18,172,intervention,0.00207567676767673
21,172,intervention,0.00209607171717168
24,172,intervention,0.00211664727272722
27,172,intervention,0.00211435636363631
30,172,intervention,0.00213821808080803
33,172,intervention,0.00215265474747469
36,172,intervention,0.00215623666666662
39,172,intervention,0.00216045080808076
42,172,intervention,0.00216094282828278
45,172,intervention,0.00216242424242419
48,172,intervention,0.00216320919191915
0,173,intervention,0.00401505050505092
3,173,intervention,0.00403583040404083
6,173,intervention,0.00404257949495003
9,173,intervention,0.00405779060606107
12,173,intervention,0.00408224272727328
15,173,intervention,0.0040906228282834
18,173,intervention,0.00409600464646525
21,173,intervention,0.00410075050505116
24,173,intervention,0.00412853565656637
27,173,intervention,0.00414263414141499
30,173,intervention,0.0041436554545463
33,173,intervention,0.00417074000000101
36,173,intervention,0.00419095494949604
39,173,intervention,0.00418350040404148
42,173,intervention,0.00418297858585972
45,173,intervention,0.00418485494949606
48,173,intervention,0.00418177636363747
0,174,intervention,0.00340331595959625
3,174,intervention,0.00342155505050531
6,174,intervention,0.00343817474747503
9,174,intervention,0.00344094454545486
12,174,intervention,0.00343970727272759
15,174,intervention,0.00347349888888928
18,174,intervention,0.0034968068686873
21,174,intervention,0.00348673858585906
24,174,intervention,0.00353269929292983
27,174,intervention,0.00352672939393989
30,174,intervention,0.00353748494949553
33,174,intervention,0.00355755232323302
36,174,intervention,0.00356205434343513
39,174,intervention,0.00356123727272809
42,174,intervention,0.00356239555555631
45,174,intervention,0.00356305585858665
48,174,intervention,0.00355704010101094
0,175,intervention,0.00460593161616185
3,175,intervention,0.00463290141414174
6,175,intervention,0.00462829727272774
9,175,intervention,0.00465093808080851
12,175,intervention,0.00469510343434381
15,175,intervention,0.00468405888888934
18,175,intervention,0.00470793888888935
21,175,intervention,0.00472685171717231
24,175,intervention,0.00473781505050565
27,175,intervention,0.00474408333333406
30,175,intervention,0.00476582121212193
33,175,intervention,0.00477877929293023
36,175,intervention,0.00479096252525354
39,175,intervention,0.0047901843434353
42,175,intervention,0.00478202969697071
45,175,intervention,0.00479289373737477
48,175,intervention,0.00478411636363742
0,176,intervention,0.00194179151515147
3,176,intervention,0.00193672737373737
6,176,intervention,0.00194905888888885
9,176,intervention,0.00195393454545451
12,176,intervention,0.00198165676767674
15,176,intervention,0.00198965202020196
18,176,intervention,0.00200444494949489
21,176,intervention,0.00202996141414134
24,176,intervention,0.00205302383838376
27,176,intervention,0.00205708222222216
30,176,intervention,0.00207143252525243
33,176,intervention,0.00208944060606051
36,176,intervention,0.00209723272727262
39,176,intervention,0.00210061505050496
42,176,intervention,0.00209479787878778
45,176,intervention,0.00209368757575748
48,176,intervention,0.00209618181818172
0,177,intervention,0.00265195171717181
3,177,intervention,0.00264541353535364
6,177,intervention,0.00265743222222233
9,177,intervention,0.00269128868686883
12,177,intervention,0.00270129818181832
15,177,intervention,0.0027132944444446
18,177,intervention,0.00272034525252537
21,177,intervention,0.00274231929292945
24,177,intervention,0.00276666131313148
27,177,intervention,0.00277324727272748
30,177,intervention,0.00278530333333358
33,177,intervention,0.00279632656565689
36,177,intervention,0.00280981707070743
39,177,intervention,0.0028124541414145
42,177,intervention,0.0028036082828286
45,177,intervention,0.00280385484848519
48,177,intervention,0.00281000656565691
0,178,intervention,0.0038256602020206
3,178,intervention,0.00385141474747517
6,178,intervention,0.0038630371717176
9,178,intervention,0.00387412484848531
12,178,intervention,0.00388559434343482
15,178,intervention,0.00388887282828337
18,178,intervention,0.00391402464646532
21,178,intervention,0.00392632525252589
24,178,intervention,0.00394567929293001
27,178,intervention,0.00396632444444523
30,178,intervention,0.00398661444444533
33,178,intervention,0.00399147090909186
36,178,intervention,0.00400702636363744
39,178,intervention,0.00401362696969804
42,178,intervention,0.00399738919192025
45,178,intervention,0.00400939282828394
48,178,intervention,0.00400698252525359
0,179,intervention,0.00256010252525259
3,179,intervention,0.00257246262626269
6,179,intervention,0.00258488212121219
9,179,intervention,0.00259765868686875
12,179,intervention,0.00259267252525261
15,179,intervention,0.00262544666666676
18,179,intervention,0.00264337090909101
21,179,intervention,0.00265286262626273
24,179,intervention,0.00266579575757589
27,179,intervention,0.00267931777777792
30,179,intervention,0.00269547404040425
33,179,intervention,0.00271473707070733
36,179,intervention,0.00272261202020234
39,179,intervention,0.00271742737373764
42,179,intervention,0.00271796000000028
45,179,intervention,0.00271780464646492
48,179,intervention,0.00272399676767706
0,18,intervention,0.00201992343434341
3,18,intervention,0.00203395272727269
6,18,intervention,0.00204403060606056
9,18,intervention,0.00205833777777774
12,18,intervention,0.00208072494949493
15,18,intervention,0.00210096868686867
18,18,intervention,0.00212378080808076
21,18,intervention,0.00212833484848482
24,18,intervention,0.00212715494949491
27,18,intervention,0.00214207373737369
30,18,intervention,0.00215607101010093
33,18,intervention,0.00216792797979793
36,18,intervention,0.00217608666666662
39,18,intervention,0.00218310636363632
42,18,intervention,0.00217949353535349
45,18,intervention,0.00218088939393935
48,18,intervention,0.00218037191919187
0,180,intervention,0.00392512717171758
3,180,intervention,0.00393030404040444
6,180,intervention,0.00395243414141457
9,180,intervention,0.00395432000000045
12,180,intervention,0.00397987595959653
15,180,intervention,0.00400710505050567
18,180,intervention,0.00402028020202085
21,180,intervention,0.00402916020202095
24,180,intervention,0.00403635888888965
27,180,intervention,0.00404442292929377
30,180,intervention,0.00404581060606151
33,180,intervention,0.00406884292929404
36,180,intervention,0.00408081626262741
39,180,intervention,0.00409607525252643
42,180,intervention,0.00409259484848602
45,180,intervention,0.00408147696969815
48,180,intervention,0.00408957737373857
0,181,intervention,0.00386862393939433
3,181,intervention,0.00389353626262671
6,181,intervention,0.00391630282828324
9,181,intervention,0.00390408747474796
12,181,intervention,0.00393173444444487
15,181,intervention,0.00393273333333387
18,181,intervention,0.00395930171717231
21,181,intervention,0.0039660661616168
24,181,intervention,0.00398529828282894
27,181,intervention,0.00400152868686947
30,181,intervention,0.0040047507070716
33,181,intervention,0.00401574515151614
36,181,intervention,0.00403123737373848
39,181,intervention,0.00402526202020313
42,181,intervention,0.00403301929293041
45,181,intervention,0.00403518262626374
48,181,intervention,0.00402872525252635
0,182,intervention,0.00183548606060604
3,182,intervention,0.00185627373737371
6,182,intervention,0.00188085555555554
9,182,intervention,0.001888542020202
12,182,intervention,0.0018982696969696599
15,182,intervention,0.0018969843434343
18,182,intervention,0.00191565454545449
21,182,intervention,0.00192710666666662
24,182,intervention,0.00193219999999994
27,182,intervention,0.00195904040404033
30,182,intervention,0.00195783353535345
33,182,intervention,0.00198490939393928
36,182,intervention,0.001992791111111
39,182,intervention,0.00198283444444432
42,182,intervention,0.00198439323232311
45,182,intervention,0.00198613999999988
48,182,intervention,0.00198323272727262
0,183,intervention,0.00283202939393949
3,183,intervention,0.00283980444444457
6,183,intervention,0.00286421585858599
9,183,intervention,0.00286743090909106
12,183,intervention,0.00287306595959613
15,183,intervention,0.00288235595959614
18,183,intervention,0.00290604232323245
21,183,intervention,0.00291982555555579
24,183,intervention,0.0029303530303033
27,183,intervention,0.00293839757575785
30,183,intervention,0.00295934969697004
33,183,intervention,0.00296431414141453
36,183,intervention,0.00297318808080854
39,183,intervention,0.00297346696969745
42,183,intervention,0.00296773757575803
45,183,intervention,0.00297834777777823
48,183,intervention,0.00296865898989946
0,184,intervention,0.0026199117171718
3,184,intervention,0.00262570151515158
6,184,intervention,0.00263838686868699
9,184,intervention,0.0026569481818183
12,184,intervention,0.00265730353535361
15,184,intervention,0.00265296212121222
18,184,intervention,0.00268201969696979
21,184,intervention,0.0026805767676769
24,184,intervention,0.00271179181818199
27,184,intervention,0.00272027202020219
30,184,intervention,0.00274608040404068
33,184,intervention,0.00275156575757608
36,184,intervention,0.00276809313131346
39,184,intervention,0.00276547060606093
42,184,intervention,0.00277125363636396
45,184,intervention,0.00276716090909125
48,184,intervention,0.0027805334343438
0,185,intervention,0.00143526191919192
3,185,intervention,0.00143121454545453
6,185,intervention,0.00144587484848483
9,185,intervention,0.00145833939393938
12,185,intervention,0.00147564343434342
15,185,intervention,0.00146023909090908
18,185,intervention,0.00148442626262623
21,185,intervention,0.00152396525252522
24,185,intervention,0.00153653171717168
27,185,intervention,0.00155248252525248
30,185,intervention,0.00156295848484843
33,185,intervention,0.00157776070707063
36,185,intervention,0.00158733959595952
39,185,intervention,0.00157603353535346
42,185,intervention,0.00157891161616154
45,185,intervention,0.00158764888888881
48,185,intervention,0.00158438090909083
0,186,intervention,0.00361005565656603
3,186,intervention,0.00364482080808115
6,186,intervention,0.00365159616161657
9,186,intervention,0.00366574191919231
12,186,intervention,0.00367013040404085
15,186,intervention,0.00368382191919242
18,186,intervention,0.00369066838383888
21,186,intervention,0.00369909767676823
24,186,intervention,0.00370920060606122
27,186,intervention,0.00373153585858659
30,186,intervention,0.00373883010101083
33,186,intervention,0.00376140757575839
36,186,intervention,0.00376432929293019
39,186,intervention,0.0037687857575767
42,186,intervention,0.00377058484848577
45,186,intervention,0.00377129161616257
48,186,intervention,0.0037684277777787
0,187,intervention,0.00378572151515187
3,187,intervention,0.00378377626262666
6,187,intervention,0.00379770181818224
9,187,intervention,0.00382494858585902
12,187,intervention,0.00384324545454594
15,187,intervention,0.00382429646464699
18,187,intervention,0.00384473979798042
21,187,intervention,0.00384568727272794
24,187,intervention,0.00386106626262693
27,187,intervention,0.00387969909090985
30,187,intervention,0.00390497454545541
33,187,intervention,0.00391366353535452
36,187,intervention,0.0039224120202031
39,187,intervention,0.00391815686868792
42,187,intervention,0.0039140142424253
45,187,intervention,0.00392328767676871
48,187,intervention,0.00391827373737482
0,188,intervention,0.00294419515151531
3,188,intervention,0.0029519289898992
6,188,intervention,0.00294775777777793
9,188,intervention,0.00295611050505065
12,188,intervention,0.00298717212121231
15,188,intervention,0.00299854010101034
18,188,intervention,0.0030158892929295
21,188,intervention,0.00302366313131342
24,188,intervention,0.00303776747474772
27,188,intervention,0.00305073535353571
30,188,intervention,0.00307049858585902
33,188,intervention,0.00307264070707119
36,188,intervention,0.00308171757575807
39,188,intervention,0.00308632878787932
42,188,intervention,0.00308070717171769
45,188,intervention,0.00308784171717227
48,188,intervention,0.00308901454545508
0,189,intervention,0.00299126747474763
3,189,intervention,0.00302086424242443
6,189,intervention,0.00303402323232341
9,189,intervention,0.00305471787878806
12,189,intervention,0.00306562383838407
15,189,intervention,0.00306525040404058
18,189,intervention,0.00310167424242445
21,189,intervention,0.00311870434343464
24,189,intervention,0.0031307772727276
27,189,intervention,0.00315249060606092
30,189,intervention,0.00316706525252569
33,189,intervention,0.0031738967676773
36,189,intervention,0.00318491696969755
39,189,intervention,0.0031894536363642
42,189,intervention,0.00317708353535414
45,189,intervention,0.00318471727272791
48,189,intervention,0.00318589343434404
0,19,intervention,0.00380193070707103
3,19,intervention,0.00385751222222262
6,19,intervention,0.00386202313131354
9,19,intervention,0.00387977111111157
12,19,intervention,0.00389853535353583
15,19,intervention,0.00390793252525308
18,19,intervention,0.00391510646464709
21,19,intervention,0.0039348390909098
24,19,intervention,0.00396373272727354
27,19,intervention,0.0039686769696978
30,19,intervention,0.00397723525252617
33,19,intervention,0.0039952134343445404
36,19,intervention,0.00401557020202135
39,19,intervention,0.00400307444444551
42,19,intervention,0.00401125222222331
45,19,intervention,0.0040225491919203
48,19,intervention,0.00400572373737486
0,190,intervention,0.00294915393939409
3,190,intervention,0.00296594030303044
6,190,intervention,0.00297723686868698
9,190,intervention,0.00297658555555572
12,190,intervention,0.00298640373737396
15,190,intervention,0.0029863969696972
18,190,intervention,0.00300090989899012
21,190,intervention,0.003017980707071
24,190,intervention,0.00303517828282858
27,190,intervention,0.00306039555555591
30,190,intervention,0.00307333757575799
33,190,intervention,0.00309681969697019
36,190,intervention,0.00310045888888943
39,190,intervention,0.00309674161616215
42,190,intervention,0.00309612949495006
45,190,intervention,0.00310142222222278
48,190,intervention,0.00309360969697023
0,191,intervention,0.00175786656565655
3,191,intervention,0.00175600636363634
6,191,intervention,0.00177917777777775
9,191,intervention,0.00179626595959594
12,191,intervention,0.0018133222222222
15,191,intervention,0.00182548262626259
18,191,intervention,0.00184968949494944
21,191,intervention,0.00186073666666662
24,191,intervention,0.00186173171717165
27,191,intervention,0.00188572494949488
30,191,intervention,0.00189364060606053
33,191,intervention,0.00190661666666656
36,191,intervention,0.00191648565656554
39,191,intervention,0.00191576464646454
42,191,intervention,0.00191972909090898
45,191,intervention,0.00191605787878778
48,191,intervention,0.00192138343434332
0,192,intervention,0.00279704141414152
3,192,intervention,0.00279633101010113
6,192,intervention,0.00283031696969711
9,192,intervention,0.00283711434343448
12,192,intervention,0.0028527516161618
15,192,intervention,0.00286451525252543
18,192,intervention,0.00288114616161631
21,192,intervention,0.00289799454545473
24,192,intervention,0.00291421848484872
27,192,intervention,0.00292426707070733
30,192,intervention,0.00294457838383873
33,192,intervention,0.0029578996969701
36,192,intervention,0.00296593717171763
39,192,intervention,0.0029741038383843
42,192,intervention,0.00296651171717219
45,192,intervention,0.00295820616161662
48,192,intervention,0.0029630801010106
0,193,intervention,0.00322783020202042
3,193,intervention,0.00322639080808107
6,193,intervention,0.0032551870707073
9,193,intervention,0.003259935757576
12,193,intervention,0.00326427808080842
15,193,intervention,0.00327956484848518
18,193,intervention,0.00329505595959629
21,193,intervention,0.00332295303030339
24,193,intervention,0.00330607333333375
27,193,intervention,0.00334024121212173
30,193,intervention,0.00334772222222276
33,193,intervention,0.00335844434343497
36,193,intervention,0.00337290292929365
39,193,intervention,0.0033691980808088
42,193,intervention,0.00337586040404113
45,193,intervention,0.00337102656565727
48,193,intervention,0.00337274535353605
0,194,intervention,0.00286066696969706
3,194,intervention,0.00288333606060622
6,194,intervention,0.00288683070707088
9,194,intervention,0.00289346868686884
12,194,intervention,0.00292936363636383
15,194,intervention,0.00293657484848503
18,194,intervention,0.00294263030303049
21,194,intervention,0.00294586898989919
24,194,intervention,0.00296499080808104
27,194,intervention,0.00298096484848511
30,194,intervention,0.00298357444444478
33,194,intervention,0.00300374444444487
36,194,intervention,0.0030159587878793
39,194,intervention,0.00301076212121261
42,194,intervention,0.00301829252525301
45,194,intervention,0.00301938333333385
48,194,intervention,0.00301294727272776
0,195,intervention,0.00226436343434342
3,195,intervention,0.00227062656565656
6,195,intervention,0.00227498424242422
9,195,intervention,0.00230646434343432
12,195,intervention,0.00232305262626263
15,195,intervention,0.00233802929292933
18,195,intervention,0.00236810575757576
21,195,intervention,0.00238308343434347
24,195,intervention,0.00238596393939398
27,195,intervention,0.00240196252525256
30,195,intervention,0.00241369777777785
33,195,intervention,0.0024288820202021
36,195,intervention,0.00243455646464658
39,195,intervention,0.00243556030303043
42,195,intervention,0.00243832191919202
45,195,intervention,0.00243951171717184
48,195,intervention,0.00243761020202032
0,196,intervention,0.00192720535353532
3,196,intervention,0.001922403030303
6,196,intervention,0.00195581474747472
9,196,intervention,0.00195898747474746
12,196,intervention,0.00197349585858581
15,196,intervention,0.00200268868686865
18,196,intervention,0.00199232090909086
21,196,intervention,0.00200717404040397
24,196,intervention,0.00202155383838376
27,196,intervention,0.0020373778787878
30,196,intervention,0.00204816141414131
33,196,intervention,0.00207463060606051
36,196,intervention,0.00207468888888878
39,196,intervention,0.00207620919191909
42,196,intervention,0.00208310343434333
45,196,intervention,0.00207308797979786
48,196,intervention,0.00207844626262616
0,197,intervention,0.00336327484848514
3,197,intervention,0.00337895777777804
6,197,intervention,0.00340215121212153
9,197,intervention,0.00340304575757609
12,197,intervention,0.00341795707070741
15,197,intervention,0.00341046797979832
18,197,intervention,0.0034548541414146
21,197,intervention,0.00346995535353584
24,197,intervention,0.00346839585858638
27,197,intervention,0.00348873707070764
30,197,intervention,0.00350293474747543
33,197,intervention,0.00350430232323306
36,197,intervention,0.00352612191919274
39,197,intervention,0.00352389242424324
42,197,intervention,0.00352963181818268
45,197,intervention,0.00352264898989986
48,197,intervention,0.0035170834343442
0,198,intervention,0.00155056252525253
3,198,intervention,0.00157132535353534
6,198,intervention,0.00159585969696968
9,198,intervention,0.00160034999999999
12,198,intervention,0.00161827191919191
15,198,intervention,0.00162647929292926
18,198,intervention,0.00163707121212117
21,198,intervention,0.00166013727272723
24,198,intervention,0.0016913643434343
27,198,intervention,0.00169052787878783
30,198,intervention,0.00171477373737367
33,198,intervention,0.00173313090909082
36,198,intervention,0.00173119464646455
39,198,intervention,0.00173469454545446
42,198,intervention,0.00173449838383829
45,198,intervention,0.0017328493939393
48,198,intervention,0.00173642020202011
0,199,intervention,0.00527927505050515
3,199,intervention,0.00529430030303045
6,199,intervention,0.00529894070707084
9,199,intervention,0.00532225141414163
12,199,intervention,0.00531582959595991
15,199,intervention,0.00534180707070736
18,199,intervention,0.00535188111111137
21,199,intervention,0.00536612444444486
24,199,intervention,0.00538331323232378
27,199,intervention,0.00540877767676832
30,199,intervention,0.00540822242424313
33,199,intervention,0.00544787303030389
36,199,intervention,0.00544851151515247
39,199,intervention,0.00544279080808176
42,199,intervention,0.00544911888888982
45,199,intervention,0.0054497781818191
48,199,intervention,0.00544706565656662
0,2,intervention,0.00272181393939405
3,2,intervention,0.00274101131313145
6,2,intervention,0.00277342979797992
9,2,intervention,0.00276830959595969
12,2,intervention,0.00279154828282843
15,2,intervention,0.00279177191919199
18,2,intervention,0.00282756858585876
21,2,intervention,0.00285503737373754
24,2,intervention,0.00286708242424264
27,2,intervention,0.00288496020202044
30,2,intervention,0.00289670272727305
33,2,intervention,0.00290974343434381
36,2,intervention,0.00291913010101053
39,2,intervention,0.00291144272727315
42,2,intervention,0.00291031717171759
45,2,intervention,0.00291696808080853
48,2,intervention,0.00290826050505095
0,20,intervention,0.00207144727272725
3,20,intervention,0.00209781222222221
6,20,intervention,0.00211615101010098
9,20,intervention,0.00211283777777777
12,20,intervention,0.00213437737373735
15,20,intervention,0.00213971656565654
18,20,intervention,0.00215666747474745
21,20,intervention,0.00218750363636361
24,20,intervention,0.0021838231313131
27,20,intervention,0.00219495151515147
30,20,intervention,0.00221120131313129
33,20,intervention,0.00222796757575755
36,20,intervention,0.00223047494949495
39,20,intervention,0.00222462444444443
42,20,intervention,0.0022323807070707
45,20,intervention,0.0022361598989899
48,20,intervention,0.00222818121212121
0,200,intervention,0.00350274151515182
3,200,intervention,0.00351801565656595
6,200,intervention,0.00353916949494979
9,200,intervention,0.00354867282828315
12,200,intervention,0.0035519105050509
15,200,intervention,0.0035669724242428
18,200,intervention,0.00358755202020244
21,200,intervention,0.00360006888888934
24,200,intervention,0.00361831191919254
27,200,intervention,0.00362534606060667
30,200,intervention,0.00365214828282903
33,200,intervention,0.00366003858585941
36,200,intervention,0.00366854444444532
39,200,intervention,0.00367334515151607
42,200,intervention,0.00366987646464738
45,200,intervention,0.00367017424242518
48,200,intervention,0.00366983434343529
0,21,intervention,0.00269078090909101
3,21,intervention,0.00271045626262636
6,21,intervention,0.00275272606060619
9,21,intervention,0.00274308070707082
12,21,intervention,0.002756650909091
15,21,intervention,0.00278411717171729
18,21,intervention,0.00279172181818199
21,21,intervention,0.00283272030303052
24,21,intervention,0.00283201848484865
27,21,intervention,0.00285644848484871
30,21,intervention,0.00286235383838407
33,21,intervention,0.0028917475757578902
36,21,intervention,0.0028988084848489
39,21,intervention,0.00289794707070749
42,21,intervention,0.00288917414141454
45,21,intervention,0.00289467989899031
48,21,intervention,0.00289915949494991
0,22,intervention,0.00239861626262627
3,22,intervention,0.00240234101010102
6,22,intervention,0.00241180232323237
9,22,intervention,0.00241851787878792
12,22,intervention,0.00243732272727275
15,22,intervention,0.00244801040404046
18,22,intervention,0.00247632898989906
21,22,intervention,0.0024730144444445102
24,22,intervention,0.00249182474747484
27,22,intervention,0.00251098676767685
30,22,intervention,0.00251770242424253
33,22,intervention,0.0025345635353537
36,22,intervention,0.00254934515151534
39,22,intervention,0.00254614444444464
42,22,intervention,0.00255335101010119
45,22,intervention,0.00254313363636381
48,22,intervention,0.00254011141414161
0,23,intervention,0.00275071505050517
3,23,intervention,0.00277370828282839
6,23,intervention,0.00279783727272745
9,23,intervention,0.00281315040404057
12,23,intervention,0.00282232858585871
15,23,intervention,0.00284546060606074
18,23,intervention,0.00285144070707089
21,23,intervention,0.00286767363636385
24,23,intervention,0.00287307787878812
27,23,intervention,0.00289973676767703
30,23,intervention,0.00290923101010132
33,23,intervention,0.00292182595959635
36,23,intervention,0.00292706191919235
39,23,intervention,0.00291996949494994
42,23,intervention,0.00292544808080857
45,23,intervention,0.00292778838383881
48,23,intervention,0.00293209656565705
0,24,intervention,0.00382403222222259
3,24,intervention,0.00384941555555594
6,24,intervention,0.00386990151515194
9,24,intervention,0.00387215505050547
12,24,intervention,0.00389697282828333
15,24,intervention,0.00391494181818238
18,24,intervention,0.00390309969697031
21,24,intervention,0.00392944636363704
24,24,intervention,0.0039405760606068
27,24,intervention,0.00395653404040485
30,24,intervention,0.00396747494949586
33,24,intervention,0.00398079606060702
36,24,intervention,0.00399122797979911
39,24,intervention,0.00398885939394051
42,24,intervention,0.0039872625252536
45,24,intervention,0.00398987494949604
48,24,intervention,0.0039845997979809
0,25,intervention,0.00276576121212134
3,25,intervention,0.0027822770707072
6,25,intervention,0.00277582404040418
9,25,intervention,0.00279945888888906
12,25,intervention,0.00282295050505066
15,25,intervention,0.00282417363636381
18,25,intervention,0.00283352272727289
21,25,intervention,0.0028387210101012
24,25,intervention,0.00286972565656587
27,25,intervention,0.00288306686868713
30,25,intervention,0.0029004958585862
33,25,intervention,0.0029100815151519
36,25,intervention,0.00292400040404086
39,25,intervention,0.00293628131313176
42,25,intervention,0.00293180666666713
45,25,intervention,0.00291141434343482
48,25,intervention,0.00291913282828327
0,26,intervention,0.00346300818181848
3,26,intervention,0.00347714030303065
6,26,intervention,0.00350727343434376
9,26,intervention,0.0035250374747478
12,26,intervention,0.00353598010101047
15,26,intervention,0.0035450270707075
18,26,intervention,0.00356874696969736
21,26,intervention,0.00357674838383882
24,26,intervention,0.00358656707070762
27,26,intervention,0.00361670191919257
30,26,intervention,0.0036267164646472
33,26,intervention,0.00364526646464722
36,26,intervention,0.00365551101010191
39,26,intervention,0.00366309626262716
42,26,intervention,0.00365335090909182
45,26,intervention,0.00366521292929383
48,26,intervention,0.0036625413131322
0,27,intervention,0.00226271545454546
3,27,intervention,0.00227473030303031
6,27,intervention,0.00229367545454547
9,27,intervention,0.00229292383838385
12,27,intervention,0.00231938020202023
15,27,intervention,0.00232499161616162
18,27,intervention,0.002331175959596
21,27,intervention,0.00234762454545458
24,27,intervention,0.00236833636363638
27,27,intervention,0.00237518525252532
30,27,intervention,0.00240172212121219
33,27,intervention,0.00241129656565664
36,27,intervention,0.00242583272727286
39,27,intervention,0.00242428363636375
42,27,intervention,0.00242912171717184
45,27,intervention,0.00243082353535366
48,27,intervention,0.00242499939393951
0,28,intervention,0.00241530515151519
3,28,intervention,0.00244428454545455
6,28,intervention,0.00246075757575756
9,28,intervention,0.00246120090909098
12,28,intervention,0.00249551595959599
15,28,intervention,0.00249598101010106
18,28,intervention,0.00251559646464653
21,28,intervention,0.00252570424242432
24,28,intervention,0.00254382888888898
27,28,intervention,0.00255625808080818
30,28,intervention,0.00256420262626275
33,28,intervention,0.00258621000000016
36,28,intervention,0.00259371949494971
39,28,intervention,0.00259782383838407
42,28,intervention,0.00259153919191937
45,28,intervention,0.00260065949494974
48,28,intervention,0.0025989911111113
0,29,intervention,0.00450219696969726
3,29,intervention,0.00451084363636397
6,29,intervention,0.00453256626262673
9,29,intervention,0.00453724111111157
12,29,intervention,0.00456404444444498
15,29,intervention,0.00456481575757627
18,29,intervention,0.00460138757575821
21,29,intervention,0.00460074626262687
24,29,intervention,0.00461430010101081
27,29,intervention,0.00463703929293011
30,29,intervention,0.00464196040404131
33,29,intervention,0.00465424606060708
36,29,intervention,0.0046660735353546
39,29,intervention,0.00467429676767781
42,29,intervention,0.00465806858585965
45,29,intervention,0.00465734383838491
48,29,intervention,0.00466789878787993
0,3,intervention,0.00203474242424241
3,3,intervention,0.002035011010101
6,3,intervention,0.00204821676767675
9,3,intervention,0.00206377232323229
12,3,intervention,0.00206324898989894
15,3,intervention,0.00209313424242419
18,3,intervention,0.00210235898989894
21,3,intervention,0.0021206755555555
24,3,intervention,0.00213302141414138
27,3,intervention,0.00212974282828279
30,3,intervention,0.00215178242424236
33,3,intervention,0.00217233393939388
36,3,intervention,0.00218242575757573
39,3,intervention,0.00217915090909088
42,3,intervention,0.00218097060606057
45,3,intervention,0.00217935515151512
48,3,intervention,0.0021799321212121
0,30,intervention,0.0015158314141414
3,30,intervention,0.00151054252525251
6,30,intervention,0.00152198666666665
9,30,intervention,0.00156405070707069
12,30,intervention,0.00156676606060605
15,30,intervention,0.0015859602020202
18,30,intervention,0.0015713029292929
21,30,intervention,0.00159701656565653
24,30,intervention,0.00159337747474745
27,30,intervention,0.00161268151515148
30,30,intervention,0.0016234154545454
33,30,intervention,0.00163630454545448
36,30,intervention,0.00164561434343427
39,30,intervention,0.00163889242424235
42,30,intervention,0.00164089050505043
45,30,intervention,0.00164068373737366
48,30,intervention,0.00163965313131304
0,31,intervention,0.00421291252525292
3,31,intervention,0.0042521240404044
6,31,intervention,0.00425261747474796
9,31,intervention,0.00426131868686922
12,31,intervention,0.00427763050505101
15,31,intervention,0.00430148454545512
18,31,intervention,0.0043090032323239
21,31,intervention,0.0043168300000007
24,31,intervention,0.00432781868686951
27,31,intervention,0.00434692050505135
30,31,intervention,0.00435165191919288
33,31,intervention,0.00436558929293029
36,31,intervention,0.00437648515151625
39,31,intervention,0.00437994797979909
42,31,intervention,0.0043743590909102
45,31,intervention,0.0043816497979809
48,31,intervention,0.00437640717171832
0,32,intervention,0.00219187444444444
3,32,intervention,0.00218187898989899
6,32,intervention,0.00220384535353538
9,32,intervention,0.0022277393939394
12,32,intervention,0.00224246838383836
15,32,intervention,0.00224250929292929
18,32,intervention,0.00225977020202021
21,32,intervention,0.00226910848484848
24,32,intervention,0.00230429696969698
27,32,intervention,0.0023043597979798
30,32,intervention,0.00231686313131316
33,32,intervention,0.0023439040404041
36,32,intervention,0.00234242212121218
39,32,intervention,0.00235306252525261
42,32,intervention,0.00234637323232329
45,32,intervention,0.00234885757575765
48,32,intervention,0.00235199383838391
0,33,intervention,0.00299323080808098
3,33,intervention,0.00301124707070722
6,33,intervention,0.00302060969696984
9,33,intervention,0.0030476211111113
12,33,intervention,0.00304102717171741
15,33,intervention,0.00303343050505074
18,33,intervention,0.00308214696969725
21,33,intervention,0.00309894757575787
24,33,intervention,0.00310176969697003
27,33,intervention,0.0031189839393943
30,33,intervention,0.00313410595959639
33,33,intervention,0.00315465373737424
36,33,intervention,0.00316335363636422
39,33,intervention,0.00316581979798037
42,33,intervention,0.003165401414142
45,33,intervention,0.00315847979798037
48,33,intervention,0.00315848414141473
0,34,intervention,0.00272788515151527
3,34,intervention,0.00272712696969708
6,34,intervention,0.00276391565656576
9,34,intervention,0.00275407393939402
12,34,intervention,0.00278636666666679
15,34,intervention,0.00279429060606074
18,34,intervention,0.00281612666666678
21,34,intervention,0.00281383868686887
24,34,intervention,0.00285069505050529
27,34,intervention,0.002849695757576
30,34,intervention,0.00287043383838411
33,34,intervention,0.00288187777777813
36,34,intervention,0.00289208474747517
39,34,intervention,0.00288533868686911
42,34,intervention,0.00288797797979838
45,34,intervention,0.00289188666666706
48,34,intervention,0.0028852701010105
0,35,intervention,0.00222773959595959
3,35,intervention,0.00221639575757575
6,35,intervention,0.00222312474747475
9,35,intervention,0.00224263444444444
12,35,intervention,0.00226471636363635
15,35,intervention,0.00227325888888889
18,35,intervention,0.00229382000000001
21,35,intervention,0.00231206585858585
24,35,intervention,0.00231255202020203
27,35,intervention,0.00232210252525256
30,35,intervention,0.00234427050505054
33,35,intervention,0.00235879060606066
36,35,intervention,0.00237066464646473
39,35,intervention,0.00236106757575765
42,35,intervention,0.0023674607070708
45,35,intervention,0.00237047747474756
48,35,intervention,0.00237288030303038
0,36,intervention,0.00193270414141412
3,36,intervention,0.00192466303030301
6,36,intervention,0.00193450313131309
9,36,intervention,0.00197168565656564
12,36,intervention,0.00198667494949492
15,36,intervention,0.00198688919191914
18,36,intervention,0.00200531626262621
21,36,intervention,0.00199793060606052
24,36,intervention,0.00203175191919184
27,36,intervention,0.00204353292929284
30,36,intervention,0.00205453737373727
33,36,intervention,0.00206075888888877
36,36,intervention,0.00207479404040393
39,36,intervention,0.00207226858585846
42,36,intervention,0.00206999343434332
45,36,intervention,0.00207082828282816
48,36,intervention,0.00207740818181806
0,37,intervention,0.00464479858585891
3,37,intervention,0.00467349494949532
6,37,intervention,0.00467663191919225
9,37,intervention,0.00468969969697011
12,37,intervention,0.00471009515151559
15,37,intervention,0.00472142909090953
18,37,intervention,0.00471956444444492
21,37,intervention,0.00473479808080864
24,37,intervention,0.00472692595959658
27,37,intervention,0.0047629827272735
30,37,intervention,0.00476755909090993
33,37,intervention,0.00478829484848578
36,37,intervention,0.00480325313131421
39,37,intervention,0.00479977363636472
42,37,intervention,0.0048013822222233
45,37,intervention,0.00479811373737484
48,37,intervention,0.004795062929294
0,38,intervention,0.00157838737373737
3,38,intervention,0.00157151555555555
6,38,intervention,0.00158825454545454
9,38,intervention,0.00159083969696966
12,38,intervention,0.00159903131313128
15,38,intervention,0.00161903252525251
18,38,intervention,0.0016196034343434
21,38,intervention,0.00163477424242421
24,38,intervention,0.00163117727272723
27,38,intervention,0.00166019878787873
30,38,intervention,0.00167428868686862
33,38,intervention,0.00168471585858579
36,38,intervention,0.00168941070707062
39,38,intervention,0.00169779626262616
42,38,intervention,0.00169340515151506
45,38,intervention,0.00169419686868677
48,38,intervention,0.0017008306060605
0,39,intervention,0.00211327909090908
3,39,intervention,0.00211258888888886
6,39,intervention,0.00213362282828278
9,39,intervention,0.0021293209090909
12,39,intervention,0.00214455242424239
15,39,intervention,0.00216407646464644
18,39,intervention,0.00218963020202017
21,39,intervention,0.00220017717171716
24,39,intervention,0.00221736181818179
27,39,intervention,0.00221706464646463
30,39,intervention,0.0022350029292929
33,39,intervention,0.00226056777777778
36,39,intervention,0.00226884404040405
39,39,intervention,0.00225931969696971
42,39,intervention,0.00226710191919194
45,39,intervention,0.00225794696969699
48,39,intervention,0.0022608121212121402
0,4,intervention,0.00393198474747514
3,4,intervention,0.00396247898989948
6,4,intervention,0.00396463151515194
9,4,intervention,0.00399451595959648
12,4,intervention,0.00400852434343494
15,4,intervention,0.00401126575757641
18,4,intervention,0.00403592292929363
21,4,intervention,0.00405647191919265
24,4,intervention,0.00405938949495028
27,4,intervention,0.00407330161616249
30,4,intervention,0.00409808747474839
33,4,intervention,0.00411211424242534
36,4,intervention,0.00412207757575876
39,4,intervention,0.00411970424242541
42,4,intervention,0.00412085606060724
45,4,intervention,0.00412484070707185
48,4,intervention,0.00411900333333448
0,40,intervention,0.0028716587878788802
3,40,intervention,0.00287456000000009
6,40,intervention,0.00289730616161629
9,40,intervention,0.00292954868686884
12,40,intervention,0.00291900383838398
15,40,intervention,0.00293178151515167
18,40,intervention,0.00294861131313147
21,40,intervention,0.0029609670707073
24,40,intervention,0.00297737969696994
27,40,intervention,0.0029986769696973
30,40,intervention,0.00302542161616198
33,40,intervention,0.00302696000000044
36,40,intervention,0.00304600424242475
39,40,intervention,0.00303959414141465
42,40,intervention,0.00304048909090957
45,40,intervention,0.00303449363636414
48,40,intervention,0.00304155707070758
0,41,intervention,0.00256855666666673
3,41,intervention,0.00258874353535361
6,41,intervention,0.00260237303030309
9,41,intervention,0.00261647313131323
12,41,intervention,0.00261962181818191
15,41,intervention,0.00262531242424249
18,41,intervention,0.00265677848484862
21,41,intervention,0.00266180606060619
24,41,intervention,0.00267711141414155
27,41,intervention,0.00268697919191934
30,41,intervention,0.00269671818181837
33,41,intervention,0.00271130868686894
36,41,intervention,0.00272853424242456
39,41,intervention,0.00272491606060639
42,41,intervention,0.00272964898989931
45,41,intervention,0.00272618919191951
48,41,intervention,0.00272709505050535
0,42,intervention,0.00197342747474746
3,42,intervention,0.00196835282828279
6,42,intervention,0.00198687090909087
9,42,intervention,0.00200398959595955
12,42,intervention,0.00200410090909086
15,42,intervention,0.00201739161616157
18,42,intervention,0.00202647353535348
21,42,intervention,0.00204031131313123
24,42,intervention,0.00205157050505043
27,42,intervention,0.00206691222222215
30,42,intervention,0.00208280515151506
33,42,intervention,0.00209762303030294
36,42,intervention,0.00210022717171708
39,42,intervention,0.0021002945454544502
42,42,intervention,0.0021005476767676
45,42,intervention,0.00210538565656557
48,42,intervention,0.00210133313131304
0,43,intervention,0.00363605515151549
3,43,intervention,0.00365356686868723
6,43,intervention,0.00364229333333375
9,43,intervention,0.00366310808080853
12,43,intervention,0.0036918982828288
15,43,intervention,0.00366605050505101
18,43,intervention,0.00370230030303084
21,43,intervention,0.00373385787878853
24,43,intervention,0.00375142636363711
27,43,intervention,0.00376043212121278
30,43,intervention,0.00378111424242501
33,43,intervention,0.00378467646464736
36,43,intervention,0.00379973070707173
39,43,intervention,0.00379792616161716
42,43,intervention,0.0038058062626273
45,43,intervention,0.00379480353535455
48,43,intervention,0.00379810616161716
0,44,intervention,0.00176842030303029
3,44,intervention,0.00178755747474747
6,44,intervention,0.00178753919191919
9,44,intervention,0.00177806515151514
12,44,intervention,0.00181134535353533
15,44,intervention,0.0018503818181818
18,44,intervention,0.00187968020202015
21,44,intervention,0.00189695939393935
24,44,intervention,0.0019076767676767
27,44,intervention,0.00191544444444437
30,44,intervention,0.00193465131313122
33,44,intervention,0.00195505656565645
36,44,intervention,0.00195924323232312
39,44,intervention,0.00196686313131301
42,44,intervention,0.00196244767676756
45,44,intervention,0.00196263606060595
48,44,intervention,0.00196161696969685
0,45,intervention,0.00321304464646484
3,45,intervention,0.00322387555555582
6,45,intervention,0.0032407950505053
9,45,intervention,0.00324504757575785
12,45,intervention,0.00323992232323257
15,45,intervention,0.00326138131313165
18,45,intervention,0.00328247707070735
21,45,intervention,0.00331303878787913
24,45,intervention,0.00331943545454588
27,45,intervention,0.00334328080808134
30,45,intervention,0.00334985080808136
33,45,intervention,0.003362125353536
36,45,intervention,0.00337318989899061
39,45,intervention,0.00337181737373806
42,45,intervention,0.00337763363636435
45,45,intervention,0.00337665454545524
48,45,intervention,0.00337326464646535
0,46,intervention,0.00282982898989912
3,46,intervention,0.00286299525252538
6,46,intervention,0.00285618111111127
9,46,intervention,0.00286335595959609
12,46,intervention,0.00288079898989919
15,46,intervention,0.00288592414141435
18,46,intervention,0.00289647878787901
21,46,intervention,0.00292247060606089
24,46,intervention,0.00293591181818208
27,46,intervention,0.00294740030303059
30,46,intervention,0.00295585626262658
33,46,intervention,0.00297036333333374
36,46,intervention,0.00298406282828328
39,46,intervention,0.00297778646464692
42,46,intervention,0.00298014818181867
45,46,intervention,0.00298210080808128
48,46,intervention,0.00297084767676819
0,47,intervention,0.00354825131313167
3,47,intervention,0.00355132151515186
6,47,intervention,0.00357950707070739
9,47,intervention,0.00359096595959633
12,47,intervention,0.00360932626262669
15,47,intervention,0.00361118040404083
18,47,intervention,0.00362763030303078
21,47,intervention,0.00364966808080858
24,47,intervention,0.00366266090909142
27,47,intervention,0.00367246939394002
30,47,intervention,0.00369123767676838
33,47,intervention,0.00369901898989983
36,47,intervention,0.00370645252525342
39,47,intervention,0.00371567030303121
42,47,intervention,0.00369298707070796
45,47,intervention,0.00370992303030394
48,47,intervention,0.00370385676767765
0,48,intervention,0.00148679999999997
3,48,intervention,0.00149515545454545
6,48,intervention,0.00154324222222222
9,48,intervention,0.00154272202020201
12,48,intervention,0.00155055595959594
15,48,intervention,0.00155700080808077
18,48,intervention,0.00158438747474745
21,48,intervention,0.00159482202020198
24,48,intervention,0.00161506020202016
27,48,intervention,0.00162704080808076
30,48,intervention,0.0016406274747474
33,48,intervention,0.00165367474747468
36,48,intervention,0.00166524727272718
39,48,intervention,0.00166216686868679
42,48,intervention,0.00166124717171708
45,48,intervention,0.00166582727272719
48,48,intervention,0.00166061343434335
0,49,intervention,0.00399439949494985
3,49,intervention,0.00400202858585914
6,49,intervention,0.00403020383838432
9,49,intervention,0.00403333898989961
12,49,intervention,0.00405130080808141
15,49,intervention,0.00405017444444511
18,49,intervention,0.00407257050505123
21,49,intervention,0.00408067020202083
24,49,intervention,0.00411468151515228
27,49,intervention,0.00413976727272816
30,49,intervention,0.00414618555555651
33,49,intervention,0.00416550686868798
36,49,intervention,0.00417364696969814
39,49,intervention,0.00416755575757689
42,49,intervention,0.00417317101010224
45,49,intervention,0.00416819171717286
48,49,intervention,0.00417530535353649
0,5,intervention,0.00297641090909106
3,5,intervention,0.00298267757575776
6,5,intervention,0.00299983414141432
9,5,intervention,0.00301522171717191
12,5,intervention,0.00303179454545474
15,5,intervention,0.00303360161616186
18,5,intervention,0.00305123090909116
21,5,intervention,0.00305701676767705
24,5,intervention,0.00307201484848512
27,5,intervention,0.00307748282828317
30,5,intervention,0.00309553444444483
33,5,intervention,0.00311036333333382
36,5,intervention,0.00312822242424296
39,5,intervention,0.00312098676767731
42,5,intervention,0.0031169465656571
45,5,intervention,0.00312858171717227
48,5,intervention,0.00312785010101065
0,50,intervention,0.00301297777777791
3,50,intervention,0.0030150355555557
6,50,intervention,0.00303564717171734
9,50,intervention,0.00304369676767695
12,50,intervention,0.00305628535353556
15,50,intervention,0.00307843494949521
18,50,intervention,0.00305924565656591
21,50,intervention,0.00309344282828316
24,50,intervention,0.00308739666666696
27,50,intervention,0.00311368616161652
30,50,intervention,0.00312123898989939
33,50,intervention,0.00312921070707123
36,50,intervention,0.00314398747474802
39,50,intervention,0.00314185656565715
42,50,intervention,0.00314951474747529
45,50,intervention,0.00314315151515211
48,50,intervention,0.00314168797979853
0,51,intervention,0.00255113515151519
3,51,intervention,0.00256647585858592
6,51,intervention,0.00259017535353538
9,51,intervention,0.00261202303030306
12,51,intervention,0.0026359373737374
15,51,intervention,0.00263103838383848
18,51,intervention,0.00265641191919204
21,51,intervention,0.00267154505050517
24,51,intervention,0.00270511969696984
27,51,intervention,0.00271477494949514
30,51,intervention,0.00272612424242443
33,51,intervention,0.0027274855555558
36,51,intervention,0.00274867888888916
39,51,intervention,0.00274195676767707
42,51,intervention,0.00274809646464675
45,51,intervention,0.00274580494949525
48,51,intervention,0.00275043494949525
0,52,intervention,0.00281836565656576
3,52,intervention,0.00283254292929307
6,52,intervention,0.00283571171717179
9,52,intervention,0.00284959626262636
12,52,intervention,0.00287290767676786
15,52,intervention,0.00288719575757592
18,52,intervention,0.00291765484848509
21,52,intervention,0.00292500353535379
24,52,intervention,0.00293772191919221
27,52,intervention,0.00295263989899023
30,52,intervention,0.00295650525252561
33,52,intervention,0.0029868457575762
36,52,intervention,0.0029898629292934302
39,52,intervention,0.00299198545454591
42,52,intervention,0.00298630707070757
45,52,intervention,0.0029800850505055
48,52,intervention,0.00299019575757627
0,53,intervention,0.00264869454545469
3,53,intervention,0.00268906595959607
6,53,intervention,0.00270443969696981
9,53,intervention,0.00272476707070718
12,53,intervention,0.0027426077777779
15,53,intervention,0.0027509064646466
18,53,intervention,0.00276950444444456
21,53,intervention,0.00277236343434366
24,53,intervention,0.00279395464646485
27,53,intervention,0.00280424191919217
30,53,intervention,0.00282171303030329
33,53,intervention,0.00283570333333365
36,53,intervention,0.0028504911111115
39,53,intervention,0.00283821575757614
42,53,intervention,0.00284885656565695
45,53,intervention,0.0028449437373741
48,53,intervention,0.00284930343434381
0,54,intervention,0.00406239686868742
3,54,intervention,0.00406701666666722
6,54,intervention,0.00405887939393995
9,54,intervention,0.00409226070707133
12,54,intervention,0.00408947585858652
15,54,intervention,0.00411699555555616
18,54,intervention,0.00413137777777842
21,54,intervention,0.0041342683838392
24,54,intervention,0.00412691515151583
27,54,intervention,0.00415832404040489
30,54,intervention,0.00417044969697069
33,54,intervention,0.00419224414141522
36,54,intervention,0.00419848515151629
39,54,intervention,0.00419369848484963
42,54,intervention,0.00419744343434461
45,54,intervention,0.00419404545454657
48,54,intervention,0.00419614575757687
0,55,intervention,0.00251121777777782
3,55,intervention,0.00252357737373743
6,55,intervention,0.00253463383838389
9,55,intervention,0.00254204494949503
12,55,intervention,0.00258589606060614
15,55,intervention,0.00259168323232334
18,55,intervention,0.00260781545454556
21,55,intervention,0.0026247186868688
24,55,intervention,0.00263540898989914
27,55,intervention,0.00264431494949511
30,55,intervention,0.0026538319191921
33,55,intervention,0.00267352414141439
36,55,intervention,0.00267184101010127
39,55,intervention,0.0026732515151518
42,55,intervention,0.00267617171717199
45,55,intervention,0.00267988717171746
48,55,intervention,0.00267720010101038
0,56,intervention,0.00421924757575803
3,56,intervention,0.00425001575757618
6,56,intervention,0.00425325434343486
9,56,intervention,0.00427756696969751
12,56,intervention,0.00428719232323281
15,56,intervention,0.00430398818181874
18,56,intervention,0.00430821686868753
21,56,intervention,0.00434352202020269
24,56,intervention,0.00434838060606138
27,56,intervention,0.00435275727272806
30,56,intervention,0.00437667333333426
33,56,intervention,0.00440325747474854
36,56,intervention,0.00440142808080924
39,56,intervention,0.00439934555555674
42,56,intervention,0.00440712141414257
45,56,intervention,0.00440273878787992
48,56,intervention,0.00440566636363748
0,57,intervention,0.00187656010101008
3,57,intervention,0.00193842696969693
6,57,intervention,0.0019580639393939
9,57,intervention,0.00198030787878784
12,57,intervention,0.0019823344444444
15,57,intervention,0.00200420686868683
18,57,intervention,0.00202278484848479
21,57,intervention,0.00202371666666659
24,57,intervention,0.0020580465656565
27,57,intervention,0.0020689088888888
30,57,intervention,0.00207738898989889
33,57,intervention,0.00208254949494939
36,57,intervention,0.00209166828282818
39,57,intervention,0.002095128080808
42,57,intervention,0.00210329202020193
45,57,intervention,0.00209699656565647
48,57,intervention,0.00209229535353525
0,58,intervention,0.00249468959595967
3,58,intervention,0.00252936868686872
6,58,intervention,0.00249585868686872
9,58,intervention,0.00254335525252531
12,58,intervention,0.00254554282828289
15,58,intervention,0.00257627535353542
18,58,intervention,0.00259366353535364
21,58,intervention,0.00260383545454559
24,58,intervention,0.00262744515151529
27,58,intervention,0.00265019656565672
30,58,intervention,0.00266099676767692
33,58,intervention,0.00267601727272748
36,58,intervention,0.0026816106060609
39,58,intervention,0.00268911565656592
42,58,intervention,0.00268463090909119
45,58,intervention,0.00268038030303056
48,58,intervention,0.00267792767676796
0,59,intervention,0.00460507989899015
3,59,intervention,0.00461971686868717
6,59,intervention,0.00464754282828311
9,59,intervention,0.00464918666666698
12,59,intervention,0.00468844767676809
15,59,intervention,0.00469077333333392
18,59,intervention,0.00470967101010161
21,59,intervention,0.00473044676767736
24,59,intervention,0.0047403391919198
27,59,intervention,0.00475637414141473
30,59,intervention,0.00477741141414228
33,59,intervention,0.004806937070708
36,59,intervention,0.00480288414141521
39,59,intervention,0.00480123282828384
42,59,intervention,0.00480669262626366
45,59,intervention,0.00481134303030398
48,59,intervention,0.00481048202020311
0,6,intervention,0.00250834585858592
3,6,intervention,0.00252994909090916
6,6,intervention,0.0025343140404041
9,6,intervention,0.00255297353535361
12,6,intervention,0.00254514080808085
15,6,intervention,0.00257197505050513
18,6,intervention,0.00259143242424249
21,6,intervention,0.00261233686868696
24,6,intervention,0.00262199363636376
27,6,intervention,0.00263909252525268
30,6,intervention,0.00264755484848508
33,6,intervention,0.00265537929292954
36,6,intervention,0.00266888151515178
39,6,intervention,0.0026675520202023
42,6,intervention,0.00267409505050533
45,6,intervention,0.00266861111111139
48,6,intervention,0.00267689010101036
0,60,intervention,0.00400892424242464
3,60,intervention,0.00402780666666708
6,60,intervention,0.00406098131313187
9,60,intervention,0.00406254292929357
12,60,intervention,0.00408250989899047
15,60,intervention,0.00409644949495019
18,60,intervention,0.00410781010101068
21,60,intervention,0.00412091919191995
24,60,intervention,0.00414416393939473
27,60,intervention,0.00416079262626349
30,60,intervention,0.00417635969697066
33,60,intervention,0.0041832448484859
36,60,intervention,0.00418595232323349
39,60,intervention,0.00419616929293046
42,60,intervention,0.00418267151515261
45,60,intervention,0.00418929333333451
48,60,intervention,0.00418704787878904
0,61,intervention,0.00151966757575755
3,61,intervention,0.00152092282828282
6,61,intervention,0.0015267808080808
9,61,intervention,0.00155271515151513
12,61,intervention,0.00156872090909088
15,61,intervention,0.00157935535353531
18,61,intervention,0.00159451393939391
21,61,intervention,0.00161248434343429
24,61,intervention,0.00162235434343432
27,61,intervention,0.00162880585858581
30,61,intervention,0.00165203111111106
33,61,intervention,0.00166631909090901
36,61,intervention,0.00168193232323224
39,61,intervention,0.00168738444444437
42,61,intervention,0.00168178808080799
45,61,intervention,0.00167875737373729
48,61,intervention,0.00168079686868679
0,62,intervention,0.00164585404040403
3,62,intervention,0.0016794407070707
6,62,intervention,0.00169685434343434
9,62,intervention,0.00171958818181816
12,62,intervention,0.00170420333333332
15,62,intervention,0.00174297313131311
18,62,intervention,0.00176201959595957
21,62,intervention,0.00176170505050501
24,62,intervention,0.00179587939393932
27,62,intervention,0.00180200606060599
30,62,intervention,0.00182680979797972
33,62,intervention,0.00183882434343427
36,62,intervention,0.00184360333333322
39,62,intervention,0.00185364171717162
42,62,intervention,0.0018482309090908
45,62,intervention,0.00184571828282818
48,62,intervention,0.00184928757575746
0,63,intervention,0.00229190999999999
3,63,intervention,0.00227656787878791
6,63,intervention,0.00229944767676769
9,63,intervention,0.00230084717171717
12,63,intervention,0.00232426969696971
15,63,intervention,0.00235018060606063
18,63,intervention,0.00235728555555561
21,63,intervention,0.00236775757575761
24,63,intervention,0.00237679909090909
27,63,intervention,0.00240292252525256
30,63,intervention,0.0023962436363637
33,63,intervention,0.00243016919191929
36,63,intervention,0.00244535424242436
39,63,intervention,0.00244719898989914
42,63,intervention,0.00244792646464658
45,63,intervention,0.00244979434343446
48,63,intervention,0.00243820505050516
0,64,intervention,0.00211053828282826
3,64,intervention,0.00212402545454542
6,64,intervention,0.00214399616161614
9,64,intervention,0.00214939121212117
12,64,intervention,0.00218020303030301
15,64,intervention,0.00218985030303029
18,64,intervention,0.00217934151515148
21,64,intervention,0.00221354070707069
24,64,intervention,0.00221375353535351
27,64,intervention,0.00223053040404038
30,64,intervention,0.00225183151515147
33,64,intervention,0.00226179494949494
36,64,intervention,0.00226577949494951
39,64,intervention,0.00226342626262627
42,64,intervention,0.00227223484848486
45,64,intervention,0.00226363606060608
48,64,intervention,0.00226036222222221
0,65,intervention,0.00255498383838387
3,65,intervention,0.00256417020202027
6,65,intervention,0.00258983525252528
9,65,intervention,0.00261032323232328
12,65,intervention,0.00262354424242435
15,65,intervention,0.00264671393939403
18,65,intervention,0.00265536757575769
21,65,intervention,0.00267790252525262
24,65,intervention,0.00269037494949509
27,65,intervention,0.00269577060606077
30,65,intervention,0.00271551555555577
33,65,intervention,0.0027327141414144
36,65,intervention,0.00273828080808116
39,65,intervention,0.0027385675757579
42,65,intervention,0.00274402030303064
45,65,intervention,0.00274497616161651
48,65,intervention,0.00274134232323265
0,66,intervention,0.00193556676767673
3,66,intervention,0.00194231909090906
6,66,intervention,0.00196261656565654
9,66,intervention,0.00196348020202016
12,66,intervention,0.00199093181818178
15,66,intervention,0.00198747939393935
18,66,intervention,0.00201324393939389
21,66,intervention,0.00201539888888882
24,66,intervention,0.00203525232323223
27,66,intervention,0.00205448454545446
30,66,intervention,0.00206241202020193
33,66,intervention,0.00208281171717163
36,66,intervention,0.0020858589898989
39,66,intervention,0.00208279555555544
42,66,intervention,0.00208488595959587
45,66,intervention,0.0020838217171716
48,66,intervention,0.00208269040404031
0,67,intervention,0.00495236111111131
3,67,intervention,0.00495177606060627
6,67,intervention,0.00496234111111136
9,67,intervention,0.00498236757575786
12,67,intervention,0.00499799131313168
15,67,intervention,0.00499479959595997
18,67,intervention,0.00503049585858631
21,67,intervention,0.0050379427272733
24,67,intervention,0.00504707929292992
27,67,intervention,0.00505497101010161
30,67,intervention,0.00508773646464723
33,67,intervention,0.00509926252525344
36,67,intervention,0.00511400656565752
39,67,intervention,0.00511615585858685
42,67,intervention,0.00510850818181915
45,67,intervention,0.0051077537373748
48,67,intervention,0.00511233232323334
0,68,intervention,0.00314809656565671
3,68,intervention,0.003170832727273
6,68,intervention,0.00318670898989924
9,68,intervention,0.00319838222222246
12,68,intervention,0.00319813333333363
15,68,intervention,0.00322817646464676
18,68,intervention,0.00323319626262662
21,68,intervention,0.00325634626262659
24,68,intervention,0.0032614489898994
27,68,intervention,0.00327166757575798
30,68,intervention,0.00330509757575812
33,68,intervention,0.00331950434343497
36,68,intervention,0.00333192565656634
39,68,intervention,0.00332026828282896
42,68,intervention,0.00332327070707136
45,68,intervention,0.00333102525252593
48,68,intervention,0.00331521323232391
0,69,intervention,0.00358788101010134
3,69,intervention,0.00360403020202054
6,69,intervention,0.00361816808080847
9,69,intervention,0.0036159567676772
12,69,intervention,0.00365759292929339
15,69,intervention,0.00363425484848534
18,69,intervention,0.00367992373737422
21,69,intervention,0.00369134828282882
24,69,intervention,0.00369189848484904
27,69,intervention,0.00371533959596024
30,69,intervention,0.00373290808080882
33,69,intervention,0.00374196909090991
36,69,intervention,0.00376417858585953
39,69,intervention,0.00375525828282919
42,69,intervention,0.00375731454545554
45,69,intervention,0.00376237858585952
48,69,intervention,0.00376587646464742
0,7,intervention,0.00290869797979816
3,7,intervention,0.00291500171717188
6,7,intervention,0.00294757030303045
9,7,intervention,0.00296925565656591
12,7,intervention,0.00298263464646483
15,7,intervention,0.00299922353535376
18,7,intervention,0.00301024939393961
21,7,intervention,0.00301705969696994
24,7,intervention,0.00302601585858615
27,7,intervention,0.0030399947474751
30,7,intervention,0.00306284080808125
33,7,intervention,0.00307004202020251
36,7,intervention,0.0030823352525258
39,7,intervention,0.00308034050505104
42,7,intervention,0.00308754737373788
45,7,intervention,0.00308517383838432
48,7,intervention,0.00308055333333386
0,70,intervention,0.00201496989898989
3,70,intervention,0.00202494767676765
6,70,intervention,0.00204364808080803
9,70,intervention,0.00207820787878785
12,70,intervention,0.00207274545454541
15,70,intervention,0.00208901505050501
18,70,intervention,0.00211439858585855
21,70,intervention,0.00212033797979794
24,70,intervention,0.00213642111111107
27,70,intervention,0.00215026575757571
30,70,intervention,0.00216076151515145
33,70,intervention,0.00219095737373734
36,70,intervention,0.00219126828282827
39,70,intervention,0.00218664676767673
42,70,intervention,0.0021886424242424
45,70,intervention,0.00218478343434342
48,70,intervention,0.00219192161616159
0,71,intervention,0.00224864606060608
3,71,intervention,0.00227783343434343
6,71,intervention,0.00229426030303031
9,71,intervention,0.0023092592929293
12,71,intervention,0.00231975626262628
15,71,intervention,0.00234475676767678
18,71,intervention,0.00234251010101012
21,71,intervention,0.0023475906060606
24,71,intervention,0.00236110929292933
27,71,intervention,0.00238405404040407
30,71,intervention,0.00239602909090916
33,71,intervention,0.00240851979797989
36,71,intervention,0.00242648939393951
39,71,intervention,0.00241756303030313
42,71,intervention,0.00241463868686879
45,71,intervention,0.00241823979797989
48,71,intervention,0.00241846949494961
0,72,intervention,0.00184746747474745
3,72,intervention,0.00186182717171717
6,72,intervention,0.00187342202020199
9,72,intervention,0.00189453515151513
12,72,intervention,0.00189793404040402
15,72,intervention,0.00191899606060602
18,72,intervention,0.00192423010101007
21,72,intervention,0.00195242303030299
24,72,intervention,0.0019648046464646
27,72,intervention,0.00198949898989892
30,72,intervention,0.0019929899999999302
33,72,intervention,0.0020156110101009
36,72,intervention,0.00202448767676755
39,72,intervention,0.0020230522222221
42,72,intervention,0.00201559484848472
45,72,intervention,0.00202113636363624
48,72,intervention,0.00202263202020189
0,73,intervention,0.00378395020202056
3,73,intervention,0.00377799949494989
6,73,intervention,0.00379024636363677
9,73,intervention,0.00381344272727319
12,73,intervention,0.00380576454545501
15,73,intervention,0.00384675565656618
18,73,intervention,0.00384973666666726
21,73,intervention,0.00386757848484916
24,73,intervention,0.00387133929292995
27,73,intervention,0.00389849707070785
30,73,intervention,0.0038958494949503
33,73,intervention,0.00392008505050599
36,73,intervention,0.00392800898990006
39,73,intervention,0.00393654505050615
42,73,intervention,0.00393047868686976
45,73,intervention,0.00393048484848599
48,73,intervention,0.00393081525252632
0,74,intervention,0.00135522434343433
3,74,intervention,0.00136441626262625
6,74,intervention,0.0013857303030303
9,74,intervention,0.00139338313131312
12,74,intervention,0.00139303595959594
15,74,intervention,0.00141804353535352
18,74,intervention,0.00143874282828281
21,74,intervention,0.00144240969696968
24,74,intervention,0.00145166707070702
27,74,intervention,0.0014626034343434
30,74,intervention,0.00148457818181814
33,74,intervention,0.00150163969696963
36,74,intervention,0.0015109579797979
39,74,intervention,0.00150938212121205
42,74,intervention,0.00151313696969691
45,74,intervention,0.00151345797979791
48,74,intervention,0.00151119525252518
0,75,intervention,0.00193928373737373
3,75,intervention,0.00194007454545451
6,75,intervention,0.00195520232323229
9,75,intervention,0.0019710423232323
12,75,intervention,0.00198029222222219
15,75,intervention,0.00199441171717167
18,75,intervention,0.00200349303030299
21,75,intervention,0.00202025292929287
24,75,intervention,0.00202627121212114
27,75,intervention,0.00205964585858577
30,75,intervention,0.00206314262626254
33,75,intervention,0.00208741707070697
36,75,intervention,0.00209027595959587
39,75,intervention,0.00208944898989889
42,75,intervention,0.00208884454545445
45,75,intervention,0.00208954262626254
48,75,intervention,0.00208801494949486
0,76,intervention,0.00355310090909121
3,76,intervention,0.00359560868686895
6,76,intervention,0.00359928656565693
9,76,intervention,0.00361530505050543
12,76,intervention,0.00363775575757618
15,76,intervention,0.00364389323232368
18,76,intervention,0.00365860858585906
21,76,intervention,0.00366506333333391
24,76,intervention,0.00367916626262688
27,76,intervention,0.00369049868686936
30,76,intervention,0.00370537101010175
33,76,intervention,0.00371709808080898
36,76,intervention,0.00372616363636456
39,76,intervention,0.00373015545454643
42,76,intervention,0.00373623323232421
45,76,intervention,0.00373436919192016
48,76,intervention,0.00372024606060704
0,77,intervention,0.00194653161616159
3,77,intervention,0.00195809343434342
6,77,intervention,0.00196343505050503
9,77,intervention,0.00198940151515148
12,77,intervention,0.0019992037373737
15,77,intervention,0.00201828727272723
18,77,intervention,0.00202615121212115
21,77,intervention,0.0020359159595959
24,77,intervention,0.00204418424242416
27,77,intervention,0.00204682494949488
30,77,intervention,0.00206733111111103
33,77,intervention,0.00208894595959587
36,77,intervention,0.00209934464646457
39,77,intervention,0.00209461525252517
42,77,intervention,0.00209554151515143
45,77,intervention,0.00209384565656556
48,77,intervention,0.00209126232323223
0,78,intervention,0.00464682848484883
3,78,intervention,0.00465241393939429
6,78,intervention,0.00464880747474785
9,78,intervention,0.00466880535353586
12,78,intervention,0.00467719868686915
15,78,intervention,0.00470156454545509
18,78,intervention,0.00469785919191976
21,78,intervention,0.00473391616161686
24,78,intervention,0.0047399454545461
27,78,intervention,0.00476643525252608
30,78,intervention,0.00478925303030397
33,78,intervention,0.00479497363636462
36,78,intervention,0.00480224777777889
39,78,intervention,0.00479428636363747
42,78,intervention,0.00480497030303133
45,78,intervention,0.00480273686868794
48,78,intervention,0.00480588757575868
0,79,intervention,0.00304578232323248
3,79,intervention,0.00306421464646483
6,79,intervention,0.00306872111111132
9,79,intervention,0.0030759324242426
12,79,intervention,0.00306861272727296
15,79,intervention,0.00310370494949519
18,79,intervention,0.00312502434343461
21,79,intervention,0.0031289002020205
24,79,intervention,0.00313845818181851
27,79,intervention,0.00315378333333372
30,79,intervention,0.00317808101010149
33,79,intervention,0.00318075464646518
36,79,intervention,0.00319294939393996
39,79,intervention,0.00319389080808139
42,79,intervention,0.00318432868686931
45,79,intervention,0.00318895292929355
48,79,intervention,0.00319451151515212
0,8,intervention,0.00385902636363673
3,8,intervention,0.00389247505050541
6,8,intervention,0.00390237282828329
9,8,intervention,0.00391091575757619
12,8,intervention,0.00392201868686926
15,8,intervention,0.00393634373737426
18,8,intervention,0.00395204303030364
21,8,intervention,0.00397372727272798
24,8,intervention,0.00399243202020282
27,8,intervention,0.00400137636363719
30,8,intervention,0.00402402313131401
33,8,intervention,0.00404109141414243
36,8,intervention,0.00404552676767792
39,8,intervention,0.00404302070707181
42,8,intervention,0.00404296272727386
45,8,intervention,0.00403769151515266
48,8,intervention,0.00404123909091019
0,80,intervention,0.00274782252525261
3,80,intervention,0.00278062020202027
6,80,intervention,0.00276910292929305
9,80,intervention,0.00277630303030315
12,80,intervention,0.00279610282828296
15,80,intervention,0.00283368171717188
18,80,intervention,0.0028537733333335
21,80,intervention,0.00285751181818204
24,80,intervention,0.00287523676767703
27,80,intervention,0.00289574040404067
30,80,intervention,0.00291343969697002
33,80,intervention,0.00293161141414184
36,80,intervention,0.00293630464646507
39,80,intervention,0.00293872666666713
42,80,intervention,0.00293826555555599
45,80,intervention,0.00293838888888932
48,80,intervention,0.00294215808080855
0,81,intervention,0.00241825959595964
3,81,intervention,0.00242354878787884
6,81,intervention,0.00244121424242429
9,81,intervention,0.00243579424242429
12,81,intervention,0.00246262575757579
15,81,intervention,0.00248465383838388
18,81,intervention,0.00248104020202024
21,81,intervention,0.00250534656565665
24,81,intervention,0.00252086434343442
27,81,intervention,0.00253978969696981
30,81,intervention,0.00254422151515165
33,81,intervention,0.0025692530303032
36,81,intervention,0.00257942676767698
39,81,intervention,0.00257860676767695
42,81,intervention,0.00257740767676791
45,81,intervention,0.00257873464646484
48,81,intervention,0.00258149656565679
0,82,intervention,0.00306408505050521
3,82,intervention,0.00307777979798001
6,82,intervention,0.00308352202020224
9,82,intervention,0.00310433545454567
12,82,intervention,0.00309534212121239
15,82,intervention,0.00312323555555584
18,82,intervention,0.00312489828282855
21,82,intervention,0.00313510090909118
24,82,intervention,0.00315413676767711
27,82,intervention,0.00316372707070748
30,82,intervention,0.00317701494949538
33,82,intervention,0.00320151616161674
36,82,intervention,0.00320190646464709
39,82,intervention,0.00320336090909152
42,82,intervention,0.00320096333333392
45,82,intervention,0.00320666797979859
48,82,intervention,0.00320414646464703
0,83,intervention,0.00197406808080807
3,83,intervention,0.00200575888888887
6,83,intervention,0.00202042151515147
9,83,intervention,0.00203172333333329
12,83,intervention,0.00204715303030299
15,83,intervention,0.00205604848484842
18,83,intervention,0.00207422626262623
21,83,intervention,0.00206710919191913
24,83,intervention,0.00209881444444437
27,83,intervention,0.00210957202020195
30,83,intervention,0.00213113636363628
33,83,intervention,0.00214375959595954
36,83,intervention,0.00215259202020194
39,83,intervention,0.00214315757575751
42,83,intervention,0.00215394050505046
45,83,intervention,0.00215084141414134
48,83,intervention,0.0021509349494949
0,84,intervention,0.00379812434343475
3,84,intervention,0.00381209909090947
6,84,intervention,0.00383998777777817
9,84,intervention,0.00384862333333376
12,84,intervention,0.00385573202020246
15,84,intervention,0.0038978550505056
18,84,intervention,0.00388389606060664
21,84,intervention,0.00390616626262686
24,84,intervention,0.0039304627272735
27,84,intervention,0.00394208636363716
30,84,intervention,0.00395638262626346
33,84,intervention,0.0039733108080818
36,84,intervention,0.00398653676767788
39,84,intervention,0.0039832614141425
42,84,intervention,0.0039875416161627
45,84,intervention,0.00397836595959705
48,84,intervention,0.00397886434343548
0,85,intervention,0.00354110414141445
3,85,intervention,0.0035543209090912
6,85,intervention,0.00356970282828318
9,85,intervention,0.00357870787878828
12,85,intervention,0.0035832281818185
15,85,intervention,0.00360072515151555
18,85,intervention,0.00357975151515193
21,85,intervention,0.00360910535353588
24,85,intervention,0.00364369757575818
27,85,intervention,0.00364275282828343
30,85,intervention,0.00366182727272799
33,85,intervention,0.00367406676767756
36,85,intervention,0.0036995640404049
39,85,intervention,0.0036868197979807
42,85,intervention,0.00368686575757665
45,85,intervention,0.00369332868686961
48,85,intervention,0.00368838444444533
0,86,intervention,0.00224570747474746
3,86,intervention,0.00223524757575758
6,86,intervention,0.00227757313131315
9,86,intervention,0.00227523383838385
12,86,intervention,0.00230141060606061
15,86,intervention,0.00230390303030304
18,86,intervention,0.00233094454545459
21,86,intervention,0.00232655393939398
24,86,intervention,0.00235644020202024
27,86,intervention,0.00236474212121215
30,86,intervention,0.00236793939393945
33,86,intervention,0.00239449525252533
36,86,intervention,0.00239526474747483
39,86,intervention,0.00239561393939406
42,86,intervention,0.00240005474747487
45,86,intervention,0.0023931784848486002
48,86,intervention,0.00239950232323241
0,87,intervention,0.00279003191919199
3,87,intervention,0.00279963747474756
6,87,intervention,0.00281112323232336
9,87,intervention,0.00283362676767694
12,87,intervention,0.00284712272727288
15,87,intervention,0.00286198474747491
18,87,intervention,0.00288772303030323
21,87,intervention,0.00288945919191938
24,87,intervention,0.00290839202020228
27,87,intervention,0.00290743646464671
30,87,intervention,0.00291976646464672
33,87,intervention,0.0029476538383842
36,87,intervention,0.00295309252525295
39,87,intervention,0.00295168080808122
42,87,intervention,0.0029531270707075
45,87,intervention,0.00295208565656611
48,87,intervention,0.00294819232323274
0,88,intervention,0.00307368101010116
3,88,intervention,0.00309310737373761
6,88,intervention,0.00310082727272744
9,88,intervention,0.00311290252525273
12,88,intervention,0.00313941393939417
15,88,intervention,0.00315559676767707
18,88,intervention,0.0031634388888892
21,88,intervention,0.0031802265656569
24,88,intervention,0.0032007549494952898
27,88,intervention,0.00320051676767718
30,88,intervention,0.0032279185858591
33,88,intervention,0.00324030505050566
36,88,intervention,0.00324957777777839
39,88,intervention,0.00325269585858648
42,88,intervention,0.003247158383839
45,88,intervention,0.00324904555555618
48,88,intervention,0.0032498477777784
0,89,intervention,0.00312208606060618
3,89,intervention,0.00313156313131337
6,89,intervention,0.00315599818181836
9,89,intervention,0.00315282010101032
12,89,intervention,0.00318182767676795
15,89,intervention,0.00319881666666696
18,89,intervention,0.00321046717171744
21,89,intervention,0.00320798515151548
24,89,intervention,0.00323320959595994
27,89,intervention,0.0032535790909095
30,89,intervention,0.00328229646464696
33,89,intervention,0.00329517636363701
36,89,intervention,0.00329978010101077
39,89,intervention,0.00330645828282894
42,89,intervention,0.00329877000000066
45,89,intervention,0.00329728494949562
48,89,intervention,0.0033020231313138
0,9,intervention,0.00413671070707117
3,9,intervention,0.00415398222222272
6,9,intervention,0.00416361838383885
9,9,intervention,0.00415573616161668
12,9,intervention,0.00415087101010152
15,9,intervention,0.00417540858585922
18,9,intervention,0.00419126090909155
21,9,intervention,0.00420966313131385
24,9,intervention,0.00422234545454625
27,9,intervention,0.00424819303030383
30,9,intervention,0.00425294696969792
33,9,intervention,0.00426630555555665
36,9,intervention,0.00428094868686974
39,9,intervention,0.0042812950505062
42,9,intervention,0.00428332070707187
45,9,intervention,0.0042739791919203
48,9,intervention,0.0042819577777789
0,90,intervention,0.00386365656565697
3,90,intervention,0.00386470979798013
6,90,intervention,0.0038841896969701
9,90,intervention,0.00391179141414186
12,90,intervention,0.00391715282828331
15,90,intervention,0.00393897979798029
18,90,intervention,0.00395599424242485
21,90,intervention,0.0039829633333339
24,90,intervention,0.00398635808080875
27,90,intervention,0.00399392242424321
30,90,intervention,0.00401255333333423
33,90,intervention,0.00403116545454651
36,90,intervention,0.00402414030303143
39,90,intervention,0.00402131343434452
42,90,intervention,0.00403383202020316
45,90,intervention,0.00402704404040515
48,90,intervention,0.00403463646464757
0,91,intervention,0.00299661838383851
3,91,intervention,0.00299490757575774
6,91,intervention,0.00303761888888905
9,91,intervention,0.00303572141414158
12,91,intervention,0.00302352929292953
15,91,intervention,0.00303613616161635
18,91,intervention,0.00306582494949527
21,91,intervention,0.00308166141414169
24,91,intervention,0.00310026959595996
27,91,intervention,0.00309356434343469
30,91,intervention,0.00312349323232365
33,91,intervention,0.00312022212121258
36,91,intervention,0.00313493686868741
39,91,intervention,0.00314116161616218
42,91,intervention,0.0031380048484854
45,91,intervention,0.00314042373737429
48,91,intervention,0.00313435232323283
0,92,intervention,0.00154481656565656
3,92,intervention,0.00157150171717172
6,92,intervention,0.00158740282828281
9,92,intervention,0.00160253606060605
12,92,intervention,0.00163016363636361
15,92,intervention,0.00162539878787875
18,92,intervention,0.00161708999999997
21,92,intervention,0.00164083676767673
24,92,intervention,0.00167768181818176
27,92,intervention,0.00169297616161612
30,92,intervention,0.00169902010101004
33,92,intervention,0.00171187242424235
36,92,intervention,0.00172265616161607
39,92,intervention,0.00171510030303021
42,92,intervention,0.00172363757575749
45,92,intervention,0.0017172588888888
48,92,intervention,0.00172580454545446
0,93,intervention,0.00332964676767703
3,93,intervention,0.00335525040404074
6,93,intervention,0.00339136040404073
9,93,intervention,0.00338531535353567
12,93,intervention,0.0033870912121216
15,93,intervention,0.00341089646464685
18,93,intervention,0.00343550838383879
21,93,intervention,0.00344671353535399
24,93,intervention,0.00344713878787927
27,93,intervention,0.0034676637373743
30,93,intervention,0.00348017656565717
33,93,intervention,0.00348600616161687
36,93,intervention,0.00350172020202098
39,93,intervention,0.00349931393939476
42,93,intervention,0.00350904717171796
45,93,intervention,0.00350132898989978
48,93,intervention,0.00350551444444521
0,94,intervention,0.00267758787878795
3,94,intervention,0.00270121666666675
6,94,intervention,0.00272026838383846
9,94,intervention,0.00271956505050509
12,94,intervention,0.00273880282828295
15,94,intervention,0.0027607907070708302
18,94,intervention,0.00277919343434361
21,94,intervention,0.0027895345454547198
24,94,intervention,0.00278897171717188
27,94,intervention,0.00282495484848515
30,94,intervention,0.00282685535353557
33,94,intervention,0.0028475762626266
36,94,intervention,0.00285784959595999
39,94,intervention,0.00286009606060645
42,94,intervention,0.00286113909090947
45,94,intervention,0.00285151838383879
48,94,intervention,0.00285775686868724
0,95,intervention,0.00241541909090912
3,95,intervention,0.00243167050505055
6,95,intervention,0.00242479020202022
9,95,intervention,0.00243941121212123
12,95,intervention,0.00246952131313137
15,95,intervention,0.00246990333333341
18,95,intervention,0.00248835434343441
21,95,intervention,0.00248881404040411
24,95,intervention,0.00251383515151524
27,95,intervention,0.00252828232323243
30,95,intervention,0.00253893474747488
33,95,intervention,0.00255681717171736
36,95,intervention,0.00258116343434368
39,95,intervention,0.00257694505050528
42,95,intervention,0.00257194060606082
45,95,intervention,0.00258212989899009
48,95,intervention,0.00257153717171737
0,96,intervention,0.00385893232323269
3,96,intervention,0.00386295333333372
6,96,intervention,0.00388519505050549
9,96,intervention,0.00390099181818224
12,96,intervention,0.0039061276767682
15,96,intervention,0.00392119787878849
18,96,intervention,0.00393130737373803
21,96,intervention,0.00394128545454608
24,96,intervention,0.00396640010101086
27,96,intervention,0.00396558787878869
30,96,intervention,0.00398821777777865
33,96,intervention,0.00400174818181919
36,96,intervention,0.00400657616161729
39,96,intervention,0.00400813060606169
42,96,intervention,0.00400885898990009
45,96,intervention,0.00401698797979906
48,96,intervention,0.00400408707070816
0,97,intervention,0.00320951676767699
3,97,intervention,0.00323282272727298
6,97,intervention,0.00324430282828312
9,97,intervention,0.00325088313131339
12,97,intervention,0.00328420222222252
15,97,intervention,0.00328513858585888
18,97,intervention,0.00330832373737409
21,97,intervention,0.00331835959595987
24,97,intervention,0.003328673636364
27,97,intervention,0.00333975404040449
30,97,intervention,0.00336260616161671
33,97,intervention,0.00336486727272792
36,97,intervention,0.00338036303030372
39,97,intervention,0.0033782727272734
42,97,intervention,0.00338789414141481
45,97,intervention,0.00338351808080877
48,97,intervention,0.00337639989899061
0,98,intervention,0.00346687727272754
3,98,intervention,0.00347705363636391
6,98,intervention,0.00348522606060634
9,98,intervention,0.0034949423232326
12,98,intervention,0.00350670929292965
15,98,intervention,0.00353227020202066
18,98,intervention,0.00355746909090952
21,98,intervention,0.00356758636363682
24,98,intervention,0.00357529989899039
27,98,intervention,0.00359870060606118
30,98,intervention,0.00362562606060669
33,98,intervention,0.00363574686868764
36,98,intervention,0.00364346909090998
39,98,intervention,0.00365295898989984
42,98,intervention,0.00364514424242513
45,98,intervention,0.00365189606060694
48,98,intervention,0.00364961666666758
0,99,intervention,0.00257870959595965
3,99,intervention,0.00260433272727281
6,99,intervention,0.00262913878787888
9,99,intervention,0.00263726434343445
12,99,intervention,0.00263991545454557
15,99,intervention,0.00266556838383849
18,99,intervention,0.00268084303030313
21,99,intervention,0.00269142515151527
24,99,intervention,0.00270368787878801
27,99,intervention,0.00272801434343456
30,99,intervention,0.00273757989899009
33,99,intervention,0.0027415641414144
36,99,intervention,0.00275693595959628
39,99,intervention,0.00275156535353568
42,99,intervention,0.00275564101010134
45,99,intervention,0.00275617474747506
48,99,intervention,0.00275483171717203
