Time,Seed,Model,Value
0,1,control,250296
3,1,control,249736
6,1,control,249550
9,1,control,250324
12,1,control,250244
15,1,control,250841
18,1,control,250110
21,1,control,248278
24,1,control,250771
27,1,control,250481
30,1,control,250040
33,1,control,249185
36,1,control,249415
39,1,control,250880
42,1,control,250284
45,1,control,249301
48,1,control,250240
0,10,control,195863
3,10,control,196435
6,10,control,195800
9,10,control,196360
12,10,control,196083
15,10,control,196559
18,10,control,195854
21,10,control,196143
24,10,control,196023
27,10,control,195746
30,10,control,196115
33,10,control,196987
36,10,control,196156
39,10,control,197151
42,10,control,196076
45,10,control,196249
48,10,control,196370
0,100,control,182031
3,100,control,180827
6,100,control,180862
9,100,control,181948
12,100,control,181158
15,100,control,181225
18,100,control,180978
21,100,control,181815
24,100,control,181643
27,100,control,181534
30,100,control,181169
33,100,control,182017
36,100,control,182138
39,100,control,180768
42,100,control,181902
45,100,control,181924
48,100,control,181646
0,101,control,139769
3,101,control,139593
6,101,control,140041
9,101,control,139827
12,101,control,138816
15,101,control,139322
18,101,control,139715
21,101,control,140041
24,101,control,139206
27,101,control,139353
30,101,control,138389
33,101,control,140002
36,101,control,139553
39,101,control,139794
42,101,control,139348
45,101,control,139364
48,101,control,139376
0,102,control,183610
3,102,control,183686
6,102,control,184878
9,102,control,183987
12,102,control,182886
15,102,control,184481
18,102,control,183368
21,102,control,183838
24,102,control,183879
27,102,control,183502
30,102,control,183424
33,102,control,183469
36,102,control,183610
39,102,control,184035
42,102,control,183892
45,102,control,183673
48,102,control,184195
0,103,control,196952
3,103,control,196430
6,103,control,198241
9,103,control,196474
12,103,control,197200
15,103,control,196359
18,103,control,196068
21,103,control,197257
24,103,control,196313
27,103,control,195135
30,103,control,196334
33,103,control,196149
36,103,control,197049
39,103,control,196328
42,103,control,196242
45,103,control,197475
48,103,control,198506
0,104,control,285803
3,104,control,286167
6,104,control,287580
9,104,control,286687
12,104,control,286962
15,104,control,287890
18,104,control,285979
21,104,control,286485
24,104,control,287131
27,104,control,285758
30,104,control,286647
33,104,control,287321
36,104,control,286890
39,104,control,286253
42,104,control,287521
45,104,control,286447
48,104,control,285834
0,105,control,225054
3,105,control,225410
6,105,control,225579
9,105,control,226489
12,105,control,225694
15,105,control,225023
18,105,control,226026
21,105,control,226282
24,105,control,226087
27,105,control,225589
30,105,control,225872
33,105,control,225950
36,105,control,225723
39,105,control,225448
42,105,control,225907
45,105,control,226461
48,105,control,226120
0,106,control,268358
3,106,control,267828
6,106,control,268475
9,106,control,267837
12,106,control,268554
15,106,control,268832
18,106,control,267868
21,106,control,268007
24,106,control,267875
27,106,control,268193
30,106,control,268191
33,106,control,267516
36,106,control,267845
39,106,control,267386
42,106,control,267196
45,106,control,267066
48,106,control,268155
0,107,control,333053
3,107,control,333785
6,107,control,332243
9,107,control,332102
12,107,control,332841
15,107,control,331852
18,107,control,332487
21,107,control,332713
24,107,control,332407
27,107,control,332271
30,107,control,332187
33,107,control,332200
36,107,control,331654
39,107,control,331738
42,107,control,332598
45,107,control,332085
48,107,control,333102
0,108,control,243307
3,108,control,242460
6,108,control,243515
9,108,control,242511
12,108,control,244198
15,108,control,243185
18,108,control,243354
21,108,control,243342
24,108,control,242508
27,108,control,243958
30,108,control,244729
33,108,control,242876
36,108,control,242457
39,108,control,243817
42,108,control,243941
45,108,control,243472
48,108,control,241384
0,109,control,224371
3,109,control,225496
6,109,control,224230
9,109,control,224329
12,109,control,224943
15,109,control,225097
18,109,control,224992
21,109,control,224709
24,109,control,224687
27,109,control,225473
30,109,control,224989
33,109,control,226087
36,109,control,224307
39,109,control,224243
42,109,control,224018
45,109,control,224530
48,109,control,224970
0,11,control,148791
3,11,control,148576
6,11,control,147790
9,11,control,148279
12,11,control,148309
15,11,control,148853
18,11,control,147984
21,11,control,147588
24,11,control,148916
27,11,control,148766
30,11,control,148498
33,11,control,149098
36,11,control,148535
39,11,control,148611
42,11,control,148868
45,11,control,148672
48,11,control,148919
0,110,control,311709
3,110,control,311733
6,110,control,310970
9,110,control,312687
12,110,control,311420
15,110,control,310719
18,110,control,312838
21,110,control,311098
24,110,control,311327
27,110,control,310066
30,110,control,311244
33,110,control,310610
36,110,control,310143
39,110,control,310651
42,110,control,310734
45,110,control,311644
48,110,control,310624
0,111,control,221600
3,111,control,221328
6,111,control,220839
9,111,control,221548
12,111,control,222430
15,111,control,221268
18,111,control,221280
21,111,control,221682
24,111,control,221115
27,111,control,221463
30,111,control,220572
33,111,control,220845
36,111,control,221285
39,111,control,221652
42,111,control,221310
45,111,control,221382
48,111,control,220618
0,112,control,163059
3,112,control,162310
6,112,control,163858
9,112,control,163617
12,112,control,163178
15,112,control,163483
18,112,control,163706
21,112,control,162857
24,112,control,163333
27,112,control,163378
30,112,control,162888
33,112,control,164299
36,112,control,163601
39,112,control,163531
42,112,control,163584
45,112,control,163820
48,112,control,164535
0,113,control,244874
3,113,control,247326
6,113,control,246181
9,113,control,246046
12,113,control,246521
15,113,control,246331
18,113,control,245067
21,113,control,246198
24,113,control,245779
27,113,control,245699
30,113,control,245135
33,113,control,245835
36,113,control,245726
39,113,control,245569
42,113,control,246276
45,113,control,246831
48,113,control,245668
0,114,control,273139
3,114,control,273984
6,114,control,273028
9,114,control,273870
12,114,control,272142
15,114,control,273213
18,114,control,274411
21,114,control,273463
24,114,control,273425
27,114,control,274303
30,114,control,274303
33,114,control,274063
36,114,control,274286
39,114,control,274316
42,114,control,274251
45,114,control,273957
48,114,control,274523
0,115,control,274296
3,115,control,274042
6,115,control,273880
9,115,control,275919
12,115,control,273831
15,115,control,275718
18,115,control,274124
21,115,control,273608
24,115,control,273840
27,115,control,274609
30,115,control,273240
33,115,control,273511
36,115,control,275163
39,115,control,273928
42,115,control,274473
45,115,control,274027
48,115,control,274203
0,116,control,153167
3,116,control,153261
6,116,control,153004
9,116,control,152338
12,116,control,152782
15,116,control,151924
18,116,control,152526
21,116,control,151695
24,116,control,152177
27,116,control,152996
30,116,control,152757
33,116,control,152137
36,116,control,152621
39,116,control,152377
42,116,control,152614
45,116,control,152826
48,116,control,152425
0,117,control,267740
3,117,control,268036
6,117,control,267341
9,117,control,267461
12,117,control,267426
15,117,control,267751
18,117,control,266808
21,117,control,268228
24,117,control,265434
27,117,control,268315
30,117,control,268035
33,117,control,267610
36,117,control,267216
39,117,control,268275
42,117,control,268364
45,117,control,267670
48,117,control,268793
0,118,control,255037
3,118,control,254683
6,118,control,255962
9,118,control,255386
12,118,control,255052
15,118,control,256198
18,118,control,256006
21,118,control,255397
24,118,control,255586
27,118,control,255505
30,118,control,254924
33,118,control,255056
36,118,control,255675
39,118,control,255050
42,118,control,254267
45,118,control,255514
48,118,control,254328
0,119,control,178263
3,119,control,178157
6,119,control,178645
9,119,control,178073
12,119,control,177908
15,119,control,178252
18,119,control,178838
21,119,control,178791
24,119,control,177655
27,119,control,178330
30,119,control,178483
33,119,control,178460
36,119,control,178395
39,119,control,178441
42,119,control,177242
45,119,control,177716
48,119,control,178668
0,12,control,162374
3,12,control,162327
6,12,control,161455
9,12,control,161846
12,12,control,161636
15,12,control,162276
18,12,control,161935
21,12,control,162262
24,12,control,161381
27,12,control,161908
30,12,control,162968
33,12,control,162324
36,12,control,161464
39,12,control,161378
42,12,control,161486
45,12,control,161234
48,12,control,160875
0,120,control,201048
3,120,control,200426
6,120,control,201440
9,120,control,202245
12,120,control,201021
15,120,control,201799
18,120,control,201708
21,120,control,202406
24,120,control,201206
27,120,control,201704
30,120,control,201537
33,120,control,201192
36,120,control,202283
39,120,control,201761
42,120,control,201569
45,120,control,200731
48,120,control,200564
0,121,control,207707
3,121,control,207314
6,121,control,207929
9,121,control,208517
12,121,control,207809
15,121,control,208025
18,121,control,208429
21,121,control,208353
24,121,control,208923
27,121,control,208908
30,121,control,207591
33,121,control,206664
36,121,control,208054
39,121,control,208890
42,121,control,207863
45,121,control,208141
48,121,control,208485
0,122,control,189043
3,122,control,189297
6,122,control,188541
9,122,control,189599
12,122,control,188820
15,122,control,189741
18,122,control,189637
21,122,control,189037
24,122,control,188436
27,122,control,189145
30,122,control,189509
33,122,control,188441
36,122,control,189022
39,122,control,189146
42,122,control,188892
45,122,control,189327
48,122,control,187766
0,123,control,224137
3,123,control,224166
6,123,control,223110
9,123,control,221811
12,123,control,223761
15,123,control,222921
18,123,control,222883
21,123,control,224114
24,123,control,222752
27,123,control,222877
30,123,control,222308
33,123,control,224016
36,123,control,222309
39,123,control,223436
42,123,control,223197
45,123,control,223636
48,123,control,224404
0,124,control,143907
3,124,control,144058
6,124,control,144284
9,124,control,143789
12,124,control,143960
15,124,control,144468
18,124,control,143890
21,124,control,144022
24,124,control,144399
27,124,control,144530
30,124,control,144549
33,124,control,143679
36,124,control,144297
39,124,control,142947
42,124,control,144066
45,124,control,144294
48,124,control,144760
0,125,control,227140
3,125,control,226021
6,125,control,225678
9,125,control,225750
12,125,control,225583
15,125,control,225194
18,125,control,226972
21,125,control,225461
24,125,control,225936
27,125,control,226005
30,125,control,225875
33,125,control,226017
36,125,control,225606
39,125,control,226618
42,125,control,225702
45,125,control,225757
48,125,control,226080
0,126,control,183539
3,126,control,184506
6,126,control,183741
9,126,control,183771
12,126,control,183534
15,126,control,183651
18,126,control,183640
21,126,control,183570
24,126,control,184196
27,126,control,182914
30,126,control,183394
33,126,control,183319
36,126,control,182917
39,126,control,183948
42,126,control,183519
45,126,control,183275
48,126,control,184037
0,127,control,180305
3,127,control,180190
6,127,control,180485
9,127,control,179294
12,127,control,180451
15,127,control,180908
18,127,control,181280
21,127,control,180029
24,127,control,180263
27,127,control,181745
30,127,control,179819
33,127,control,179903
36,127,control,180137
39,127,control,180433
42,127,control,180863
45,127,control,180523
48,127,control,180173
0,128,control,406769
3,128,control,407432
6,128,control,407884
9,128,control,406244
12,128,control,407314
15,128,control,406731
18,128,control,406902
21,128,control,406742
24,128,control,407095
27,128,control,407138
30,128,control,407745
33,128,control,404440
36,128,control,407099
39,128,control,406956
42,128,control,406358
45,128,control,407656
48,128,control,406384
0,129,control,425050
3,129,control,423820
6,129,control,424292
9,129,control,423560
12,129,control,423834
15,129,control,423028
18,129,control,424334
21,129,control,424961
24,129,control,424537
27,129,control,426096
30,129,control,426070
33,129,control,425126
36,129,control,425616
39,129,control,425540
42,129,control,425011
45,129,control,425144
48,129,control,424991
0,13,control,267239
3,13,control,267775
6,13,control,266496
9,13,control,266483
12,13,control,268057
15,13,control,267393
18,13,control,266773
21,13,control,267189
24,13,control,267991
27,13,control,267494
30,13,control,265870
33,13,control,267494
36,13,control,266541
39,13,control,267773
42,13,control,266742
45,13,control,265973
48,13,control,266073
0,130,control,242563
3,130,control,241123
6,130,control,241610
9,130,control,242971
12,130,control,241625
15,130,control,241572
18,130,control,242710
21,130,control,241891
24,130,control,242178
27,130,control,241160
30,130,control,241529
33,130,control,241680
36,130,control,242131
39,130,control,242569
42,130,control,241158
45,130,control,241983
48,130,control,242168
0,131,control,170490
3,131,control,170151
6,131,control,170854
9,131,control,169980
12,131,control,170073
15,131,control,170501
18,131,control,170233
21,131,control,170471
24,131,control,171093
27,131,control,170672
30,131,control,169561
33,131,control,169959
36,131,control,170253
39,131,control,170228
42,131,control,170377
45,131,control,170536
48,131,control,170068
0,132,control,346002
3,132,control,346958
6,132,control,347213
9,132,control,347423
12,132,control,346074
15,132,control,345649
18,132,control,345734
21,132,control,346886
24,132,control,345697
27,132,control,348469
30,132,control,347788
33,132,control,347154
36,132,control,346836
39,132,control,346705
42,132,control,346572
45,132,control,347278
48,132,control,346317
0,133,control,219401
3,133,control,219032
6,133,control,219793
9,133,control,220125
12,133,control,218567
15,133,control,220244
18,133,control,219482
21,133,control,219858
24,133,control,219639
27,133,control,218853
30,133,control,219490
33,133,control,220098
36,133,control,219349
39,133,control,220174
42,133,control,220087
45,133,control,219093
48,133,control,219224
0,134,control,189935
3,134,control,190594
6,134,control,190584
9,134,control,190203
12,134,control,190488
15,134,control,189887
18,134,control,190148
21,134,control,189875
24,134,control,190586
27,134,control,189594
30,134,control,190154
33,134,control,190862
36,134,control,189865
39,134,control,189814
42,134,control,190052
45,134,control,190477
48,134,control,190025
0,135,control,266355
3,135,control,265480
6,135,control,266485
9,135,control,265232
12,135,control,266254
15,135,control,265245
18,135,control,266316
21,135,control,266329
24,135,control,266152
27,135,control,264625
30,135,control,266978
33,135,control,266893
36,135,control,264974
39,135,control,265926
42,135,control,266141
45,135,control,266402
48,135,control,265574
0,136,control,275005
3,136,control,274494
6,136,control,275527
9,136,control,274611
12,136,control,275696
15,136,control,275210
18,136,control,275899
21,136,control,274566
24,136,control,275597
27,136,control,275127
30,136,control,274475
33,136,control,275912
36,136,control,275935
39,136,control,274567
42,136,control,275043
45,136,control,276484
48,136,control,276287
0,137,control,288237
3,137,control,288771
6,137,control,288046
9,137,control,288023
12,137,control,288197
15,137,control,288997
18,137,control,288462
21,137,control,289221
24,137,control,288038
27,137,control,288552
30,137,control,288650
33,137,control,288510
36,137,control,288168
39,137,control,289319
42,137,control,289530
45,137,control,289102
48,137,control,288758
0,138,control,214381
3,138,control,214650
6,138,control,213684
9,138,control,213469
12,138,control,212830
15,138,control,213717
18,138,control,213757
21,138,control,212959
24,138,control,213736
27,138,control,213520
30,138,control,212785
33,138,control,213989
36,138,control,213532
39,138,control,213831
42,138,control,212757
45,138,control,212764
48,138,control,213121
0,139,control,296342
3,139,control,296318
6,139,control,296964
9,139,control,296647
12,139,control,297247
15,139,control,297900
18,139,control,296795
21,139,control,297867
24,139,control,298711
27,139,control,296516
30,139,control,297210
33,139,control,298571
36,139,control,297063
39,139,control,297185
42,139,control,298163
45,139,control,297033
48,139,control,296124
0,14,control,188356
3,14,control,188748
6,14,control,188288
9,14,control,188221
12,14,control,187746
15,14,control,189666
18,14,control,188770
21,14,control,188801
24,14,control,189144
27,14,control,188493
30,14,control,188471
33,14,control,189337
36,14,control,188022
39,14,control,188365
42,14,control,188140
45,14,control,188396
48,14,control,188191
0,140,control,145519
3,140,control,144812
6,140,control,144802
9,140,control,144375
12,140,control,144659
15,140,control,144928
18,140,control,144774
21,140,control,145211
24,140,control,144741
27,140,control,144625
30,140,control,144841
33,140,control,145159
36,140,control,144696
39,140,control,144978
42,140,control,145320
45,140,control,145915
48,140,control,144646
0,141,control,350750
3,141,control,348296
6,141,control,350240
9,141,control,351249
12,141,control,349286
15,141,control,349028
18,141,control,349693
21,141,control,349998
24,141,control,349822
27,141,control,350030
30,141,control,349850
33,141,control,349074
36,141,control,349121
39,141,control,349882
42,141,control,349352
45,141,control,348762
48,141,control,349658
0,142,control,287936
3,142,control,287597
6,142,control,287024
9,142,control,287851
12,142,control,288214
15,142,control,287501
18,142,control,287280
21,142,control,287672
24,142,control,288585
27,142,control,288860
30,142,control,287353
33,142,control,286875
36,142,control,288162
39,142,control,286912
42,142,control,288025
45,142,control,287649
48,142,control,288549
0,143,control,268606
3,143,control,267571
6,143,control,268291
9,143,control,268595
12,143,control,268528
15,143,control,269939
18,143,control,268500
21,143,control,268393
24,143,control,267834
27,143,control,268912
30,143,control,268710
33,143,control,267944
36,143,control,268573
39,143,control,267463
42,143,control,268031
45,143,control,268818
48,143,control,268699
0,144,control,172066
3,144,control,171744
6,144,control,172451
9,144,control,172409
12,144,control,172187
15,144,control,172024
18,144,control,171851
21,144,control,172543
24,144,control,172088
27,144,control,171316
30,144,control,172366
33,144,control,172527
36,144,control,171610
39,144,control,172220
42,144,control,172424
45,144,control,172059
48,144,control,172364
0,145,control,183869
3,145,control,184059
6,145,control,183747
9,145,control,183428
12,145,control,183471
15,145,control,184250
18,145,control,183468
21,145,control,183909
24,145,control,183789
27,145,control,184837
30,145,control,184359
33,145,control,184740
36,145,control,184136
39,145,control,184591
42,145,control,185001
45,145,control,184008
48,145,control,184033
0,146,control,208870
3,146,control,209342
6,146,control,209465
9,146,control,209040
12,146,control,208932
15,146,control,210061
18,146,control,208977
21,146,control,210750
24,146,control,209954
27,146,control,209489
30,146,control,210650
33,146,control,209989
36,146,control,209728
39,146,control,209200
42,146,control,209220
45,146,control,209528
48,146,control,209060
0,147,control,185971
3,147,control,185651
6,147,control,186242
9,147,control,186129
12,147,control,185864
15,147,control,186837
18,147,control,186491
21,147,control,185949
24,147,control,185528
27,147,control,186315
30,147,control,185924
33,147,control,185894
36,147,control,186285
39,147,control,186873
42,147,control,185800
45,147,control,185916
48,147,control,187088
0,148,control,358046
3,148,control,358272
6,148,control,358440
9,148,control,357663
12,148,control,357438
15,148,control,357878
18,148,control,358629
21,148,control,356970
24,148,control,357586
27,148,control,356610
30,148,control,358390
33,148,control,358032
36,148,control,357914
39,148,control,357451
42,148,control,357379
45,148,control,356934
48,148,control,356705
0,149,control,314621
3,149,control,314803
6,149,control,315426
9,149,control,314600
12,149,control,313800
15,149,control,314830
18,149,control,315343
21,149,control,313861
24,149,control,313872
27,149,control,314269
30,149,control,315461
33,149,control,314958
36,149,control,314450
39,149,control,313900
42,149,control,315002
45,149,control,314478
48,149,control,314040
0,15,control,199895
3,15,control,200605
6,15,control,199652
9,15,control,199860
12,15,control,199712
15,15,control,199772
18,15,control,200132
21,15,control,199174
24,15,control,200370
27,15,control,199663
30,15,control,199483
33,15,control,200092
36,15,control,199987
39,15,control,198995
42,15,control,199897
45,15,control,201090
48,15,control,199221
0,150,control,197189
3,150,control,196161
6,150,control,196087
9,150,control,196880
12,150,control,195880
15,150,control,197051
18,150,control,196439
21,150,control,196981
24,150,control,195938
27,150,control,195712
30,150,control,196121
33,150,control,197081
36,150,control,196940
39,150,control,196333
42,150,control,196827
45,150,control,196781
48,150,control,197176
0,151,control,152372
3,151,control,152318
6,151,control,152127
9,151,control,152243
12,151,control,152270
15,151,control,152220
18,151,control,151505
21,151,control,152566
24,151,control,152224
27,151,control,152019
30,151,control,152859
33,151,control,151145
36,151,control,153595
39,151,control,151448
42,151,control,152816
45,151,control,151788
48,151,control,152454
0,152,control,147756
3,152,control,148445
6,152,control,147966
9,152,control,147928
12,152,control,147597
15,152,control,148305
18,152,control,148376
21,152,control,148067
24,152,control,147980
27,152,control,147800
30,152,control,147853
33,152,control,147932
36,152,control,148015
39,152,control,146882
42,152,control,148265
45,152,control,148678
48,152,control,147531
0,153,control,288708
3,153,control,288407
6,153,control,289230
9,153,control,289418
12,153,control,288624
15,153,control,288034
18,153,control,288790
21,153,control,288753
24,153,control,289962
27,153,control,287162
30,153,control,289799
33,153,control,288459
36,153,control,289437
39,153,control,288419
42,153,control,289083
45,153,control,289128
48,153,control,288453
0,154,control,301210
3,154,control,299634
6,154,control,300567
9,154,control,300415
12,154,control,299735
15,154,control,299533
18,154,control,300524
21,154,control,301648
24,154,control,300486
27,154,control,300571
30,154,control,300425
33,154,control,299986
36,154,control,301281
39,154,control,300369
42,154,control,299974
45,154,control,299847
48,154,control,299978
0,155,control,167189
3,155,control,165995
6,155,control,167076
9,155,control,166201
12,155,control,166526
15,155,control,165368
18,155,control,166254
21,155,control,166952
24,155,control,165990
27,155,control,166072
30,155,control,165940
33,155,control,166218
36,155,control,166832
39,155,control,167086
42,155,control,166527
45,155,control,166888
48,155,control,167028
0,156,control,378164
3,156,control,377659
6,156,control,377966
9,156,control,377698
12,156,control,375824
15,156,control,377465
18,156,control,377028
21,156,control,377063
24,156,control,377861
27,156,control,378280
30,156,control,376296
33,156,control,378746
36,156,control,377031
39,156,control,376887
42,156,control,377247
45,156,control,378264
48,156,control,377106
0,157,control,180584
3,157,control,181124
6,157,control,180540
9,157,control,182133
12,157,control,182077
15,157,control,182173
18,157,control,181530
21,157,control,181083
24,157,control,181419
27,157,control,181474
30,157,control,180342
33,157,control,180853
36,157,control,180885
39,157,control,181361
42,157,control,181792
45,157,control,180925
48,157,control,181566
0,158,control,235713
3,158,control,236514
6,158,control,236591
9,158,control,236019
12,158,control,237571
15,158,control,235866
18,158,control,235947
21,158,control,236750
24,158,control,236117
27,158,control,236564
30,158,control,237421
33,158,control,235997
36,158,control,236409
39,158,control,237451
42,158,control,235916
45,158,control,236120
48,158,control,235887
0,159,control,314987
3,159,control,316478
6,159,control,314783
9,159,control,316253
12,159,control,315520
15,159,control,316495
18,159,control,316724
21,159,control,315956
24,159,control,315677
27,159,control,316735
30,159,control,315309
33,159,control,316747
36,159,control,315609
39,159,control,315299
42,159,control,315143
45,159,control,316224
48,159,control,315102
0,16,control,203686
3,16,control,202825
6,16,control,204937
9,16,control,203665
12,16,control,203867
15,16,control,204460
18,16,control,203682
21,16,control,203154
24,16,control,204893
27,16,control,203704
30,16,control,204169
33,16,control,204041
36,16,control,203645
39,16,control,204222
42,16,control,204429
45,16,control,203857
48,16,control,205168
0,160,control,347901
3,160,control,347200
6,160,control,346434
9,160,control,348673
12,160,control,347478
15,160,control,347676
18,160,control,346923
21,160,control,348351
24,160,control,347914
27,160,control,347650
30,160,control,348144
33,160,control,347901
36,160,control,346332
39,160,control,346309
42,160,control,346405
45,160,control,348728
48,160,control,347508
0,161,control,224019
3,161,control,224048
6,161,control,224380
9,161,control,223916
12,161,control,223265
15,161,control,223536
18,161,control,224391
21,161,control,224191
24,161,control,224359
27,161,control,224136
30,161,control,224392
33,161,control,223836
36,161,control,223499
39,161,control,222602
42,161,control,223230
45,161,control,223765
48,161,control,223563
0,162,control,259749
3,162,control,260439
6,162,control,260264
9,162,control,261737
12,162,control,260756
15,162,control,261087
18,162,control,259827
21,162,control,260592
24,162,control,260096
27,162,control,259801
30,162,control,260617
33,162,control,259769
36,162,control,261678
39,162,control,260284
42,162,control,259660
45,162,control,259992
48,162,control,260361
0,163,control,250196
3,163,control,249557
6,163,control,249976
9,163,control,251168
12,163,control,250127
15,163,control,250929
18,163,control,249909
21,163,control,250647
24,163,control,251410
27,163,control,249895
30,163,control,250271
33,163,control,250664
36,163,control,250024
39,163,control,250406
42,163,control,250172
45,163,control,249880
48,163,control,250126
0,164,control,266642
3,164,control,265574
6,164,control,266629
9,164,control,266961
12,164,control,267869
15,164,control,266701
18,164,control,267122
21,164,control,267002
24,164,control,266903
27,164,control,266965
30,164,control,266499
33,164,control,266723
36,164,control,266964
39,164,control,267498
42,164,control,267739
45,164,control,267352
48,164,control,266439
0,165,control,257480
3,165,control,258831
6,165,control,258186
9,165,control,258551
12,165,control,258520
15,165,control,258915
18,165,control,258210
21,165,control,259572
24,165,control,259380
27,165,control,259889
30,165,control,260011
33,165,control,259465
36,165,control,258812
39,165,control,258388
42,165,control,258282
45,165,control,258058
48,165,control,258933
0,166,control,224063
3,166,control,224168
6,166,control,224260
9,166,control,223872
12,166,control,224441
15,166,control,224615
18,166,control,224104
21,166,control,224055
24,166,control,225233
27,166,control,224008
30,166,control,223725
33,166,control,223819
36,166,control,224180
39,166,control,225281
42,166,control,224736
45,166,control,223930
48,166,control,223855
0,167,control,200826
3,167,control,201650
6,167,control,200749
9,167,control,201377
12,167,control,201191
15,167,control,201658
18,167,control,200798
21,167,control,200600
24,167,control,201273
27,167,control,200806
30,167,control,201032
33,167,control,201055
36,167,control,201115
39,167,control,200313
42,167,control,201440
45,167,control,201597
48,167,control,200728
0,168,control,353744
3,168,control,351172
6,168,control,353012
9,168,control,352924
12,168,control,352108
15,168,control,352687
18,168,control,353404
21,168,control,354153
24,168,control,352106
27,168,control,353505
30,168,control,351752
33,168,control,353103
36,168,control,354341
39,168,control,353381
42,168,control,352816
45,168,control,352650
48,168,control,351815
0,169,control,277024
3,169,control,277145
6,169,control,277275
9,169,control,276270
12,169,control,276743
15,169,control,277238
18,169,control,277620
21,169,control,277480
24,169,control,276322
27,169,control,277374
30,169,control,276564
33,169,control,277394
36,169,control,277404
39,169,control,276604
42,169,control,276677
45,169,control,276408
48,169,control,276659
0,17,control,121865
3,17,control,122680
6,17,control,121122
9,17,control,120731
12,17,control,122271
15,17,control,122233
18,17,control,121619
21,17,control,121571
24,17,control,121481
27,17,control,122538
30,17,control,122239
33,17,control,121612
36,17,control,121800
39,17,control,122602
42,17,control,121624
45,17,control,121883
48,17,control,121684
0,170,control,221074
3,170,control,220799
6,170,control,220236
9,170,control,221422
12,170,control,220655
15,170,control,220969
18,170,control,221032
21,170,control,220839
24,170,control,220938
27,170,control,221105
30,170,control,220330
33,170,control,220820
36,170,control,220952
39,170,control,220747
42,170,control,221582
45,170,control,221532
48,170,control,221350
0,171,control,297134
3,171,control,297055
6,171,control,296908
9,171,control,297171
12,171,control,295857
15,171,control,297270
18,171,control,296712
21,171,control,297771
24,171,control,298556
27,171,control,297016
30,171,control,297238
33,171,control,296347
36,171,control,296178
39,171,control,296454
42,171,control,296898
45,171,control,296063
48,171,control,297139
0,172,control,245208
3,172,control,246109
6,172,control,245880
9,172,control,246473
12,172,control,245510
15,172,control,245630
18,172,control,246185
21,172,control,246084
24,172,control,246655
27,172,control,246682
30,172,control,245819
33,172,control,245584
36,172,control,245598
39,172,control,245461
42,172,control,245628
45,172,control,246805
48,172,control,245986
0,173,control,335928
3,173,control,336883
6,173,control,335817
9,173,control,336609
12,173,control,336072
15,173,control,336864
18,173,control,335759
21,173,control,336413
24,173,control,335462
27,173,control,336648
30,173,control,336170
33,173,control,336212
36,173,control,336132
39,173,control,335481
42,173,control,336425
45,173,control,336977
48,173,control,336890
0,174,control,293143
3,174,control,293217
6,174,control,292480
9,174,control,293034
12,174,control,292773
15,174,control,293735
18,174,control,293118
21,174,control,292672
24,174,control,291963
27,174,control,292726
30,174,control,292462
33,174,control,291298
36,174,control,292573
39,174,control,292884
42,174,control,292643
45,174,control,291741
48,174,control,293376
0,175,control,234735
3,175,control,233227
6,175,control,233735
9,175,control,234113
12,175,control,233789
15,175,control,233512
18,175,control,233159
21,175,control,234107
24,175,control,233569
27,175,control,233486
30,175,control,232991
33,175,control,233602
36,175,control,233826
39,175,control,233262
42,175,control,233371
45,175,control,233638
48,175,control,234615
0,176,control,199385
3,176,control,199512
6,176,control,200075
9,176,control,199737
12,176,control,199938
15,176,control,199003
18,176,control,199601
21,176,control,199451
24,176,control,199017
27,176,control,199180
30,176,control,198843
33,176,control,199541
36,176,control,199212
39,176,control,200064
42,176,control,198493
45,176,control,200412
48,176,control,199616
0,177,control,238033
3,177,control,237469
6,177,control,239061
9,177,control,237652
12,177,control,238780
15,177,control,237619
18,177,control,238959
21,177,control,238529
24,177,control,237938
27,177,control,239437
30,177,control,238312
33,177,control,238327
36,177,control,237983
39,177,control,239310
42,177,control,238957
45,177,control,238921
48,177,control,238577
0,178,control,249743
3,178,control,249334
6,178,control,250402
9,178,control,248484
12,178,control,249461
15,178,control,249827
18,178,control,249038
21,178,control,249038
24,178,control,249177
27,178,control,248362
30,178,control,249736
33,178,control,248790
36,178,control,248974
39,178,control,250343
42,178,control,249177
45,178,control,248489
48,178,control,248689
0,179,control,250369
3,179,control,250461
6,179,control,249855
9,179,control,250684
12,179,control,250596
15,179,control,249208
18,179,control,249214
21,179,control,249624
24,179,control,249215
27,179,control,250175
30,179,control,249731
33,179,control,249655
36,179,control,249371
39,179,control,248860
42,179,control,249644
45,179,control,249677
48,179,control,250220
0,18,control,220338
3,18,control,221097
6,18,control,219523
9,18,control,220320
12,18,control,220011
15,18,control,219724
18,18,control,220975
21,18,control,220124
24,18,control,220218
27,18,control,220285
30,18,control,219884
33,18,control,220120
36,18,control,220509
39,18,control,219971
42,18,control,220611
45,18,control,220934
48,18,control,220340
0,180,control,369129
3,180,control,368797
6,180,control,369311
9,180,control,369750
12,180,control,369699
15,180,control,369289
18,180,control,369601
21,180,control,369867
24,180,control,368153
27,180,control,369576
30,180,control,369062
33,180,control,369233
36,180,control,368117
39,180,control,369045
42,180,control,368805
45,180,control,369968
48,180,control,368074
0,181,control,274561
3,181,control,275087
6,181,control,273836
9,181,control,274241
12,181,control,273200
15,181,control,274210
18,181,control,274413
21,181,control,273138
24,181,control,274177
27,181,control,273076
30,181,control,273790
33,181,control,273149
36,181,control,275695
39,181,control,273397
42,181,control,273853
45,181,control,273765
48,181,control,274623
0,182,control,232531
3,182,control,232630
6,182,control,232019
9,182,control,232333
12,182,control,232389
15,182,control,232543
18,182,control,232794
21,182,control,232384
24,182,control,232998
27,182,control,231587
30,182,control,232621
33,182,control,233110
36,182,control,232925
39,182,control,231270
42,182,control,232978
45,182,control,232264
48,182,control,232369
0,183,control,229540
3,183,control,229099
6,183,control,229730
9,183,control,229070
12,183,control,227691
15,183,control,229202
18,183,control,228622
21,183,control,228651
24,183,control,229053
27,183,control,229454
30,183,control,229039
33,183,control,230047
36,183,control,228823
39,183,control,230063
42,183,control,229820
45,183,control,228867
48,183,control,229535
0,184,control,231496
3,184,control,231438
6,184,control,232175
9,184,control,232733
12,184,control,232050
15,184,control,232359
18,184,control,232005
21,184,control,232299
24,184,control,231686
27,184,control,232197
30,184,control,231055
33,184,control,232771
36,184,control,231402
39,184,control,232653
42,184,control,232213
45,184,control,232864
48,184,control,231777
0,185,control,171680
3,185,control,171577
6,185,control,171962
9,185,control,172058
12,185,control,171920
15,185,control,171559
18,185,control,171848
21,185,control,172374
24,185,control,171461
27,185,control,171730
30,185,control,171541
33,185,control,171875
36,185,control,171813
39,185,control,171432
42,185,control,170876
45,185,control,171385
48,185,control,171871
0,186,control,182773
3,186,control,183174
6,186,control,183707
9,186,control,183411
12,186,control,182749
15,186,control,183508
18,186,control,183166
21,186,control,182798
24,186,control,182114
27,186,control,183299
30,186,control,183279
33,186,control,182848
36,186,control,183088
39,186,control,183465
42,186,control,183096
45,186,control,183546
48,186,control,183225
0,187,control,283295
3,187,control,284581
6,187,control,284463
9,187,control,285162
12,187,control,284796
15,187,control,284238
18,187,control,283963
21,187,control,284407
24,187,control,284601
27,187,control,284067
30,187,control,283527
33,187,control,284948
36,187,control,284097
39,187,control,284371
42,187,control,284430
45,187,control,284736
48,187,control,284641
0,188,control,268059
3,188,control,267369
6,188,control,268182
9,188,control,269222
12,188,control,267950
15,188,control,268287
18,188,control,268201
21,188,control,268716
24,188,control,267693
27,188,control,267686
30,188,control,268243
33,188,control,268454
36,188,control,268859
39,188,control,268854
42,188,control,267904
45,188,control,269340
48,188,control,269081
0,189,control,300044
3,189,control,301022
6,189,control,300914
9,189,control,301348
12,189,control,301581
15,189,control,299712
18,189,control,300822
21,189,control,301382
24,189,control,301761
27,189,control,301521
30,189,control,301087
33,189,control,301660
36,189,control,301263
39,189,control,300672
42,189,control,301609
45,189,control,301079
48,189,control,300394
0,19,control,168334
3,19,control,168690
6,19,control,168413
9,19,control,168196
12,19,control,168507
15,19,control,168814
18,19,control,168260
21,19,control,167983
24,19,control,168700
27,19,control,168892
30,19,control,168671
33,19,control,168622
36,19,control,169219
39,19,control,168250
42,19,control,168910
45,19,control,168269
48,19,control,168386
0,190,control,172964
3,190,control,172407
6,190,control,171799
9,190,control,173074
12,190,control,172284
15,190,control,172337
18,190,control,172222
21,190,control,172375
24,190,control,171474
27,190,control,172114
30,190,control,172437
33,190,control,172363
36,190,control,171693
39,190,control,171868
42,190,control,172756
45,190,control,172012
48,190,control,172443
0,191,control,184333
3,191,control,182821
6,191,control,183902
9,191,control,183402
12,191,control,183496
15,191,control,183848
18,191,control,183713
21,191,control,184167
24,191,control,183737
27,191,control,184242
30,191,control,183239
33,191,control,183778
36,191,control,184023
39,191,control,183341
42,191,control,183901
45,191,control,183726
48,191,control,183481
0,192,control,315362
3,192,control,315982
6,192,control,316070
9,192,control,316616
12,192,control,316708
15,192,control,315154
18,192,control,315429
21,192,control,316158
24,192,control,316080
27,192,control,317294
30,192,control,316529
33,192,control,316127
36,192,control,316215
39,192,control,315915
42,192,control,313822
45,192,control,316127
48,192,control,316629
0,193,control,230620
3,193,control,231299
6,193,control,231260
9,193,control,231066
12,193,control,232480
15,193,control,231864
18,193,control,232035
21,193,control,232045
24,193,control,231343
27,193,control,232317
30,193,control,231459
33,193,control,231932
36,193,control,231489
39,193,control,230682
42,193,control,231495
45,193,control,232287
48,193,control,231133
0,194,control,207997
3,194,control,208360
6,194,control,207993
9,194,control,208626
12,194,control,207946
15,194,control,207246
18,194,control,208099
21,194,control,208378
24,194,control,208239
27,194,control,207869
30,194,control,208181
33,194,control,208436
36,194,control,207660
39,194,control,207960
42,194,control,207668
45,194,control,207604
48,194,control,208851
0,195,control,176118
3,195,control,177283
6,195,control,176118
9,195,control,176307
12,195,control,175916
15,195,control,175847
18,195,control,176255
21,195,control,175667
24,195,control,175674
27,195,control,176514
30,195,control,176229
33,195,control,175585
36,195,control,176336
39,195,control,176447
42,195,control,176653
45,195,control,175076
48,195,control,175910
0,196,control,405242
3,196,control,404187
6,196,control,403894
9,196,control,404110
12,196,control,404175
15,196,control,403781
18,196,control,404715
21,196,control,404406
24,196,control,404954
27,196,control,405149
30,196,control,403979
33,196,control,405130
36,196,control,404946
39,196,control,404250
42,196,control,405400
45,196,control,404922
48,196,control,405026
0,197,control,257027
3,197,control,257151
6,197,control,257137
9,197,control,257607
12,197,control,256366
15,197,control,257762
18,197,control,256675
21,197,control,258012
24,197,control,257533
27,197,control,256538
30,197,control,258122
33,197,control,257871
36,197,control,256858
39,197,control,257001
42,197,control,256401
45,197,control,257074
48,197,control,256911
0,198,control,289480
3,198,control,288619
6,198,control,287383
9,198,control,288117
12,198,control,288677
15,198,control,287186
18,198,control,288670
21,198,control,288142
24,198,control,287171
27,198,control,288926
30,198,control,287990
33,198,control,288415
36,198,control,287224
39,198,control,289020
42,198,control,288755
45,198,control,288157
48,198,control,288367
0,199,control,160024
3,199,control,160002
6,199,control,160710
9,199,control,159509
12,199,control,159900
15,199,control,160380
18,199,control,159435
21,199,control,160171
24,199,control,160995
27,199,control,160257
30,199,control,159751
33,199,control,159474
36,199,control,160248
39,199,control,160410
42,199,control,161202
45,199,control,160034
48,199,control,160283
0,2,control,185887
3,2,control,186312
6,2,control,186049
9,2,control,185567
12,2,control,186526
15,2,control,185023
18,2,control,185560
21,2,control,185985
24,2,control,186418
27,2,control,185787
30,2,control,185330
33,2,control,185017
36,2,control,186000
39,2,control,186780
42,2,control,185303
45,2,control,185445
48,2,control,185324
0,20,control,412325
3,20,control,412833
6,20,control,412744
9,20,control,411967
12,20,control,412367
15,20,control,413434
18,20,control,413079
21,20,control,412351
24,20,control,413281
27,20,control,412566
30,20,control,411212
33,20,control,412938
36,20,control,413348
39,20,control,411934
42,20,control,412716
45,20,control,411722
48,20,control,412446
0,200,control,246805
3,200,control,245524
6,200,control,246474
9,200,control,245692
12,200,control,246526
15,200,control,246530
18,200,control,246439
21,200,control,245777
24,200,control,246618
27,200,control,245814
30,200,control,245186
33,200,control,246751
36,200,control,245415
39,200,control,245689
42,200,control,245576
45,200,control,246329
48,200,control,245447
0,21,control,270309
3,21,control,270423
6,21,control,269959
9,21,control,269979
12,21,control,270522
15,21,control,270491
18,21,control,270520
21,21,control,270565
24,21,control,269658
27,21,control,270791
30,21,control,271160
33,21,control,270493
36,21,control,269715
39,21,control,270250
42,21,control,269929
45,21,control,269966
48,21,control,269747
0,22,control,255160
3,22,control,255974
6,22,control,254562
9,22,control,255718
12,22,control,254550
15,22,control,255347
18,22,control,255534
21,22,control,254652
24,22,control,254885
27,22,control,255251
30,22,control,255290
33,22,control,255013
36,22,control,255040
39,22,control,255615
42,22,control,255128
45,22,control,255127
48,22,control,256730
0,23,control,125306
3,23,control,125840
6,23,control,126367
9,23,control,125183
12,23,control,124907
15,23,control,125778
18,23,control,124911
21,23,control,125465
24,23,control,126143
27,23,control,125146
30,23,control,125002
33,23,control,125196
36,23,control,125621
39,23,control,125056
42,23,control,126489
45,23,control,125744
48,23,control,125375
0,24,control,210095
3,24,control,209782
6,24,control,210450
9,24,control,209886
12,24,control,209436
15,24,control,209904
18,24,control,210398
21,24,control,210438
24,24,control,209651
27,24,control,209732
30,24,control,209703
33,24,control,210495
36,24,control,209344
39,24,control,209377
42,24,control,210229
45,24,control,210219
48,24,control,209833
0,25,control,204513
3,25,control,205447
6,25,control,205548
9,25,control,205566
12,25,control,205161
15,25,control,205315
18,25,control,206552
21,25,control,205967
24,25,control,205423
27,25,control,205201
30,25,control,205804
33,25,control,206147
36,25,control,205300
39,25,control,204917
42,25,control,205829
45,25,control,205244
48,25,control,204906
0,26,control,214490
3,26,control,215275
6,26,control,213904
9,26,control,214515
12,26,control,214558
15,26,control,214454
18,26,control,214347
21,26,control,213561
24,26,control,214087
27,26,control,214381
30,26,control,213910
33,26,control,214171
36,26,control,214112
39,26,control,212487
42,26,control,213603
45,26,control,213774
48,26,control,213425
0,27,control,395777
3,27,control,395136
6,27,control,394235
9,27,control,396592
12,27,control,395141
15,27,control,396285
18,27,control,395249
21,27,control,396086
24,27,control,396997
27,27,control,394700
30,27,control,394800
33,27,control,396211
36,27,control,395718
39,27,control,394695
42,27,control,395064
45,27,control,396965
48,27,control,396023
0,28,control,288046
3,28,control,288578
6,28,control,289329
9,28,control,288232
12,28,control,287326
15,28,control,287963
18,28,control,288737
21,28,control,288683
24,28,control,287664
27,28,control,288659
30,28,control,287503
33,28,control,288658
36,28,control,286999
39,28,control,287641
42,28,control,287479
45,28,control,286785
48,28,control,287679
0,29,control,245391
3,29,control,246380
6,29,control,246253
9,29,control,245577
12,29,control,245643
15,29,control,245979
18,29,control,245388
21,29,control,245949
24,29,control,245795
27,29,control,246018
30,29,control,245903
33,29,control,245931
36,29,control,246319
39,29,control,244450
42,29,control,246564
45,29,control,246240
48,29,control,245676
0,3,control,248306
3,3,control,248840
6,3,control,248522
9,3,control,247373
12,3,control,247938
15,3,control,248915
18,3,control,247786
21,3,control,247848
24,3,control,248324
27,3,control,248218
30,3,control,249285
33,3,control,247323
36,3,control,248631
39,3,control,248472
42,3,control,248934
45,3,control,247890
48,3,control,248172
0,30,control,170175
3,30,control,169937
6,30,control,170338
9,30,control,170816
12,30,control,170056
15,30,control,170584
18,30,control,169681
21,30,control,170925
24,30,control,171162
27,30,control,170614
30,30,control,171196
33,30,control,170110
36,30,control,170297
39,30,control,170114
42,30,control,170479
45,30,control,170857
48,30,control,170800
0,31,control,322389
3,31,control,321719
6,31,control,322384
9,31,control,321651
12,31,control,322991
15,31,control,322419
18,31,control,322677
21,31,control,320629
24,31,control,322834
27,31,control,322284
30,31,control,322351
33,31,control,322062
36,31,control,322315
39,31,control,321610
42,31,control,322099
45,31,control,321385
48,31,control,321522
0,32,control,308092
3,32,control,306863
6,32,control,306574
9,32,control,308001
12,32,control,306275
15,32,control,307699
18,32,control,306343
21,32,control,307501
24,32,control,306283
27,32,control,306923
30,32,control,306279
33,32,control,305892
36,32,control,307209
39,32,control,306622
42,32,control,306333
45,32,control,307492
48,32,control,306951
0,33,control,308213
3,33,control,308726
6,33,control,308963
9,33,control,307918
12,33,control,308362
15,33,control,308043
18,33,control,308598
21,33,control,308914
24,33,control,308610
27,33,control,309506
30,33,control,309299
33,33,control,309630
36,33,control,308767
39,33,control,309985
42,33,control,309928
45,33,control,308819
48,33,control,309706
0,34,control,241307
3,34,control,242826
6,34,control,242412
9,34,control,240904
12,34,control,241984
15,34,control,242050
18,34,control,241896
21,34,control,241344
24,34,control,241706
27,34,control,242214
30,34,control,241406
33,34,control,241812
36,34,control,241046
39,34,control,241687
42,34,control,242311
45,34,control,243337
48,34,control,240956
0,35,control,360751
3,35,control,361422
6,35,control,360863
9,35,control,362630
12,35,control,361479
15,35,control,361857
18,35,control,362184
21,35,control,361726
24,35,control,362095
27,35,control,362529
30,35,control,362581
33,35,control,362393
36,35,control,362598
39,35,control,362517
42,35,control,361490
45,35,control,361340
48,35,control,360248
0,36,control,224747
3,36,control,225267
6,36,control,225807
9,36,control,224188
12,36,control,225049
15,36,control,223875
18,36,control,225470
21,36,control,225035
24,36,control,224381
27,36,control,225526
30,36,control,225710
33,36,control,224630
36,36,control,224592
39,36,control,224916
42,36,control,224753
45,36,control,225187
48,36,control,225633
0,37,control,294324
3,37,control,294073
6,37,control,292987
9,37,control,293517
12,37,control,294592
15,37,control,292789
18,37,control,293854
21,37,control,292991
24,37,control,294103
27,37,control,293727
30,37,control,295099
33,37,control,294678
36,37,control,295686
39,37,control,294350
42,37,control,293295
45,37,control,294185
48,37,control,294364
0,38,control,134389
3,38,control,134134
6,38,control,134531
9,38,control,134550
12,38,control,134510
15,38,control,135086
18,38,control,134248
21,38,control,134425
24,38,control,135026
27,38,control,134466
30,38,control,133779
33,38,control,133952
36,38,control,134493
39,38,control,134124
42,38,control,134304
45,38,control,134424
48,38,control,135099
0,39,control,176191
3,39,control,177036
6,39,control,177123
9,39,control,176448
12,39,control,176001
15,39,control,175598
18,39,control,175742
21,39,control,175890
24,39,control,176851
27,39,control,176625
30,39,control,176120
33,39,control,175923
36,39,control,175943
39,39,control,175844
42,39,control,176429
45,39,control,175673
48,39,control,176303
0,4,control,282698
3,4,control,282241
6,4,control,283418
9,4,control,282701
12,4,control,282785
15,4,control,282857
18,4,control,282108
21,4,control,282770
24,4,control,282628
27,4,control,282593
30,4,control,282310
33,4,control,281428
36,4,control,282148
39,4,control,282671
42,4,control,281850
45,4,control,281653
48,4,control,281926
0,40,control,166736
3,40,control,167077
6,40,control,167417
9,40,control,167148
12,40,control,166634
15,40,control,167013
18,40,control,167050
21,40,control,166860
24,40,control,166838
27,40,control,167505
30,40,control,166714
33,40,control,167187
36,40,control,166371
39,40,control,167029
42,40,control,167959
45,40,control,167047
48,40,control,166644
0,41,control,190824
3,41,control,190312
6,41,control,190147
9,41,control,190931
12,41,control,189300
15,41,control,189573
18,41,control,190755
21,41,control,189595
24,41,control,189817
27,41,control,190919
30,41,control,190673
33,41,control,189898
36,41,control,191013
39,41,control,189270
42,41,control,190362
45,41,control,190200
48,41,control,190210
0,42,control,321048
3,42,control,321608
6,42,control,321058
9,42,control,320841
12,42,control,321727
15,42,control,321930
18,42,control,321389
21,42,control,320253
24,42,control,321120
27,42,control,321133
30,42,control,320904
33,42,control,321013
36,42,control,321955
39,42,control,321297
42,42,control,322004
45,42,control,321522
48,42,control,321199
0,43,control,226838
3,43,control,226723
6,43,control,227061
9,43,control,227447
12,43,control,227285
15,43,control,226995
18,43,control,228093
21,43,control,227956
24,43,control,227620
27,43,control,228639
30,43,control,226848
33,43,control,227855
36,43,control,227234
39,43,control,226526
42,43,control,227651
45,43,control,226842
48,43,control,227504
0,44,control,220895
3,44,control,221058
6,44,control,220977
9,44,control,220275
12,44,control,221600
15,44,control,221132
18,44,control,220797
21,44,control,220738
24,44,control,220888
27,44,control,220839
30,44,control,220812
33,44,control,220673
36,44,control,220452
39,44,control,220724
42,44,control,220800
45,44,control,222297
48,44,control,220451
0,45,control,237326
3,45,control,236351
6,45,control,236970
9,45,control,237237
12,45,control,237971
15,45,control,237235
18,45,control,237823
21,45,control,236507
24,45,control,237395
27,45,control,237029
30,45,control,237346
33,45,control,237038
36,45,control,237820
39,45,control,237722
42,45,control,237922
45,45,control,237159
48,45,control,237643
0,46,control,240388
3,46,control,240837
6,46,control,241262
9,46,control,240179
12,46,control,240698
15,46,control,241160
18,46,control,241167
21,46,control,241605
24,46,control,241025
27,46,control,240663
30,46,control,242146
33,46,control,240750
36,46,control,240821
39,46,control,241510
42,46,control,240897
45,46,control,241349
48,46,control,240851
0,47,control,228931
3,47,control,227281
6,47,control,228984
9,47,control,227280
12,47,control,228765
15,47,control,228952
18,47,control,228881
21,47,control,228285
24,47,control,228477
27,47,control,228083
30,47,control,228170
33,47,control,226919
36,47,control,227602
39,47,control,228370
42,47,control,228177
45,47,control,227248
48,47,control,228223
0,48,control,277697
3,48,control,277577
6,48,control,278615
9,48,control,277438
12,48,control,278269
15,48,control,278339
18,48,control,277672
21,48,control,277193
24,48,control,277754
27,48,control,277904
30,48,control,278539
33,48,control,278172
36,48,control,277580
39,48,control,277152
42,48,control,276807
45,48,control,277450
48,48,control,278265
0,49,control,265918
3,49,control,265251
6,49,control,265494
9,49,control,265451
12,49,control,266127
15,49,control,265489
18,49,control,265756
21,49,control,265096
24,49,control,265014
27,49,control,265902
30,49,control,265920
33,49,control,266606
36,49,control,265590
39,49,control,265499
42,49,control,265744
45,49,control,266125
48,49,control,265968
0,5,control,183964
3,5,control,183452
6,5,control,184831
9,5,control,185413
12,5,control,184231
15,5,control,184460
18,5,control,184681
21,5,control,184139
24,5,control,184412
27,5,control,183883
30,5,control,183530
33,5,control,183961
36,5,control,184268
39,5,control,184196
42,5,control,184334
45,5,control,184556
48,5,control,184089
0,50,control,299751
3,50,control,298750
6,50,control,299311
9,50,control,299154
12,50,control,299588
15,50,control,300212
18,50,control,298765
21,50,control,299206
24,50,control,299175
27,50,control,299458
30,50,control,300086
33,50,control,300402
36,50,control,300293
39,50,control,298822
42,50,control,298180
45,50,control,300562
48,50,control,300094
0,51,control,309859
3,51,control,309072
6,51,control,309690
9,51,control,309994
12,51,control,309487
15,51,control,311287
18,51,control,309847
21,51,control,310408
24,51,control,310542
27,51,control,309943
30,51,control,309470
33,51,control,310266
36,51,control,310136
39,51,control,309730
42,51,control,310232
45,51,control,309667
48,51,control,308818
0,52,control,302693
3,52,control,302424
6,52,control,302995
9,52,control,301052
12,52,control,302992
15,52,control,301275
18,52,control,302254
21,52,control,302423
24,52,control,300978
27,52,control,302354
30,52,control,302310
33,52,control,301703
36,52,control,301166
39,52,control,302346
42,52,control,300280
45,52,control,301756
48,52,control,302040
0,53,control,181880
3,53,control,181959
6,53,control,181571
9,53,control,181430
12,53,control,182361
15,53,control,182016
18,53,control,181042
21,53,control,181427
24,53,control,181603
27,53,control,181130
30,53,control,180746
33,53,control,181586
36,53,control,180971
39,53,control,181894
42,53,control,181694
45,53,control,180980
48,53,control,180553
0,54,control,277096
3,54,control,276767
6,54,control,277738
9,54,control,277318
12,54,control,277090
15,54,control,276785
18,54,control,276747
21,54,control,276953
24,54,control,277917
27,54,control,278488
30,54,control,277154
33,54,control,277206
36,54,control,277379
39,54,control,276932
42,54,control,277307
45,54,control,277651
48,54,control,276893
0,55,control,348713
3,55,control,349196
6,55,control,348281
9,55,control,348742
12,55,control,349379
15,55,control,349766
18,55,control,348509
21,55,control,349255
24,55,control,349186
27,55,control,349080
30,55,control,350234
33,55,control,350418
36,55,control,348664
39,55,control,348858
42,55,control,348668
45,55,control,349665
48,55,control,349742
0,56,control,177507
3,56,control,177856
6,56,control,177937
9,56,control,177193
12,56,control,178382
15,56,control,177697
18,56,control,176800
21,56,control,178100
24,56,control,178416
27,56,control,178780
30,56,control,177248
33,56,control,178041
36,56,control,177053
39,56,control,177447
42,56,control,177537
45,56,control,177545
48,56,control,178251
0,57,control,182144
3,57,control,182751
6,57,control,182844
9,57,control,182580
12,57,control,182626
15,57,control,182540
18,57,control,182904
21,57,control,182031
24,57,control,181722
27,57,control,182779
30,57,control,182194
33,57,control,182259
36,57,control,182623
39,57,control,182694
42,57,control,182836
45,57,control,183167
48,57,control,182814
0,58,control,192576
3,58,control,191995
6,58,control,192237
9,58,control,192403
12,58,control,192178
15,58,control,191366
18,58,control,191984
21,58,control,191607
24,58,control,191597
27,58,control,192465
30,58,control,192380
33,58,control,192415
36,58,control,192296
39,58,control,192369
42,58,control,192517
45,58,control,191788
48,58,control,192176
0,59,control,322262
3,59,control,323397
6,59,control,323133
9,59,control,322955
12,59,control,323342
15,59,control,323439
18,59,control,323183
21,59,control,323415
24,59,control,323092
27,59,control,323186
30,59,control,322313
33,59,control,322504
36,59,control,323793
39,59,control,323077
42,59,control,323004
45,59,control,322239
48,59,control,323718
0,6,control,192355
3,6,control,190971
6,6,control,192046
9,6,control,192060
12,6,control,191816
15,6,control,193021
18,6,control,192601
21,6,control,191222
24,6,control,192189
27,6,control,192403
30,6,control,192617
33,6,control,192347
36,6,control,193239
39,6,control,192162
42,6,control,192384
45,6,control,193050
48,6,control,191884
0,60,control,177724
3,60,control,177832
6,60,control,177517
9,60,control,177771
12,60,control,176231
15,60,control,176386
18,60,control,178291
21,60,control,177237
24,60,control,177954
27,60,control,177344
30,60,control,177281
33,60,control,177784
36,60,control,177689
39,60,control,178287
42,60,control,177201
45,60,control,177722
48,60,control,177653
0,61,control,188663
3,61,control,188260
6,61,control,189101
9,61,control,188467
12,61,control,188611
15,61,control,187875
18,61,control,188635
21,61,control,189082
24,61,control,188731
27,61,control,188787
30,61,control,188421
33,61,control,188666
36,61,control,189225
39,61,control,188146
42,61,control,187889
45,61,control,188563
48,61,control,189018
0,62,control,263793
3,62,control,262921
6,62,control,264483
9,62,control,263601
12,62,control,263094
15,62,control,263533
18,62,control,262757
21,62,control,264524
24,62,control,262840
27,62,control,264148
30,62,control,264182
33,62,control,263459
36,62,control,263540
39,62,control,262828
42,62,control,264234
45,62,control,263054
48,62,control,263511
0,63,control,251744
3,63,control,253578
6,63,control,252824
9,63,control,252566
12,63,control,252853
15,63,control,253132
18,63,control,252055
21,63,control,253899
24,63,control,251637
27,63,control,251926
30,63,control,251335
33,63,control,253223
36,63,control,251574
39,63,control,254677
42,63,control,252643
45,63,control,252453
48,63,control,252822
0,64,control,197253
3,64,control,197330
6,64,control,195685
9,64,control,197598
12,64,control,197177
15,64,control,195998
18,64,control,197883
21,64,control,195997
24,64,control,196594
27,64,control,197120
30,64,control,196352
33,64,control,197413
36,64,control,197272
39,64,control,196272
42,64,control,196635
45,64,control,195866
48,64,control,197354
0,65,control,217047
3,65,control,217979
6,65,control,216783
9,65,control,216952
12,65,control,216844
15,65,control,215541
18,65,control,218321
21,65,control,215909
24,65,control,217466
27,65,control,218281
30,65,control,218138
33,65,control,218125
36,65,control,217657
39,65,control,216582
42,65,control,217797
45,65,control,218553
48,65,control,217270
0,66,control,164105
3,66,control,164096
6,66,control,164101
9,66,control,163559
12,66,control,163906
15,66,control,164068
18,66,control,163813
21,66,control,164294
24,66,control,163085
27,66,control,163791
30,66,control,163494
33,66,control,163687
36,66,control,164173
39,66,control,163808
42,66,control,164164
45,66,control,164471
48,66,control,163891
0,67,control,143717
3,67,control,143906
6,67,control,143322
9,67,control,143580
12,67,control,143473
15,67,control,143986
18,67,control,142859
21,67,control,143872
24,67,control,143412
27,67,control,143471
30,67,control,143688
33,67,control,144361
36,67,control,143837
39,67,control,143392
42,67,control,143604
45,67,control,143028
48,67,control,143936
0,68,control,189023
3,68,control,187642
6,68,control,188541
9,68,control,189040
12,68,control,189445
15,68,control,187990
18,68,control,187936
21,68,control,188539
24,68,control,188362
27,68,control,188826
30,68,control,189047
33,68,control,188936
36,68,control,189676
39,68,control,188409
42,68,control,188000
45,68,control,188520
48,68,control,188261
0,69,control,307207
3,69,control,306653
6,69,control,306570
9,69,control,305195
12,69,control,305875
15,69,control,305705
18,69,control,306356
21,69,control,306083
24,69,control,306424
27,69,control,305335
30,69,control,306500
33,69,control,305990
36,69,control,305970
39,69,control,306653
42,69,control,307187
45,69,control,306104
48,69,control,306476
0,7,control,281801
3,7,control,281136
6,7,control,281423
9,7,control,281801
12,7,control,281926
15,7,control,281083
18,7,control,282204
21,7,control,281405
24,7,control,282351
27,7,control,281625
30,7,control,281341
33,7,control,282105
36,7,control,281192
39,7,control,281408
42,7,control,282037
45,7,control,280595
48,7,control,282195
0,70,control,266142
3,70,control,266698
6,70,control,267454
9,70,control,266398
12,70,control,266556
15,70,control,266246
18,70,control,267675
21,70,control,267063
24,70,control,266025
27,70,control,267612
30,70,control,265894
33,70,control,266180
36,70,control,266652
39,70,control,267338
42,70,control,267672
45,70,control,266673
48,70,control,267090
0,71,control,241835
3,71,control,241075
6,71,control,239870
9,71,control,240712
12,71,control,240837
15,71,control,240795
18,71,control,240990
21,71,control,241143
24,71,control,240822
27,71,control,240358
30,71,control,241597
33,71,control,241295
36,71,control,240964
39,71,control,241062
42,71,control,241460
45,71,control,242414
48,71,control,240755
0,72,control,351597
3,72,control,351868
6,72,control,353116
9,72,control,350743
12,72,control,351886
15,72,control,351641
18,72,control,350216
21,72,control,350732
24,72,control,351189
27,72,control,350686
30,72,control,352932
33,72,control,350917
36,72,control,351277
39,72,control,352561
42,72,control,351116
45,72,control,351148
48,72,control,350629
0,73,control,237871
3,73,control,236978
6,73,control,236527
9,73,control,237115
12,73,control,237036
15,73,control,236629
18,73,control,237087
21,73,control,237548
24,73,control,237413
27,73,control,237642
30,73,control,237300
33,73,control,237927
36,73,control,237121
39,73,control,236391
42,73,control,237104
45,73,control,237767
48,73,control,236869
0,74,control,250302
3,74,control,250266
6,74,control,250362
9,74,control,250814
12,74,control,251083
15,74,control,250949
18,74,control,250717
21,74,control,250653
24,74,control,250040
27,74,control,250970
30,74,control,251414
33,74,control,251541
36,74,control,251127
39,74,control,250212
42,74,control,251265
45,74,control,251247
48,74,control,250571
0,75,control,233491
3,75,control,233935
6,75,control,233423
9,75,control,234230
12,75,control,233539
15,75,control,232643
18,75,control,233931
21,75,control,233874
24,75,control,233240
27,75,control,232739
30,75,control,233870
33,75,control,233865
36,75,control,233063
39,75,control,232909
42,75,control,233933
45,75,control,232989
48,75,control,233834
0,76,control,267439
3,76,control,266996
6,76,control,268678
9,76,control,268229
12,76,control,267735
15,76,control,267651
18,76,control,267952
21,76,control,266832
24,76,control,268174
27,76,control,267196
30,76,control,268357
33,76,control,268851
36,76,control,267037
39,76,control,267644
42,76,control,266567
45,76,control,267694
48,76,control,266818
0,77,control,167346
3,77,control,166613
6,77,control,167804
9,77,control,167052
12,77,control,167362
15,77,control,167576
18,77,control,167560
21,77,control,167176
24,77,control,166807
27,77,control,166787
30,77,control,166886
33,77,control,166705
36,77,control,167681
39,77,control,167741
42,77,control,165788
45,77,control,166922
48,77,control,167214
0,78,control,231385
3,78,control,232278
6,78,control,231620
9,78,control,232325
12,78,control,232685
15,78,control,232709
18,78,control,232429
21,78,control,231560
24,78,control,232805
27,78,control,232422
30,78,control,232706
33,78,control,233059
36,78,control,232765
39,78,control,231479
42,78,control,232787
45,78,control,231171
48,78,control,232071
0,79,control,190388
3,79,control,192027
6,79,control,191934
9,79,control,192049
12,79,control,192396
15,79,control,191031
18,79,control,191843
21,79,control,192123
24,79,control,193038
27,79,control,191370
30,79,control,191581
33,79,control,192084
36,79,control,191277
39,79,control,192368
42,79,control,192721
45,79,control,190740
48,79,control,192589
0,8,control,227881
3,8,control,226856
6,8,control,228414
9,8,control,228382
12,8,control,228031
15,8,control,228667
18,8,control,228780
21,8,control,228642
24,8,control,227991
27,8,control,227504
30,8,control,228223
33,8,control,229510
36,8,control,227851
39,8,control,228689
42,8,control,228340
45,8,control,228842
48,8,control,228727
0,80,control,309967
3,80,control,310602
6,80,control,309538
9,80,control,309810
12,80,control,310638
15,80,control,310562
18,80,control,310070
21,80,control,309436
24,80,control,310726
27,80,control,311079
30,80,control,310082
33,80,control,310709
36,80,control,310954
39,80,control,309863
42,80,control,308866
45,80,control,310429
48,80,control,310171
0,81,control,245567
3,81,control,245846
6,81,control,244942
9,81,control,246124
12,81,control,244476
15,81,control,244797
18,81,control,245257
21,81,control,245421
24,81,control,244788
27,81,control,245491
30,81,control,245191
33,81,control,244335
36,81,control,245353
39,81,control,244706
42,81,control,244573
45,81,control,244685
48,81,control,246250
0,82,control,231452
3,82,control,232461
6,82,control,232317
9,82,control,231748
12,82,control,232860
15,82,control,232690
18,82,control,231924
21,82,control,232140
24,82,control,231505
27,82,control,231311
30,82,control,232677
33,82,control,231930
36,82,control,232276
39,82,control,232220
42,82,control,232340
45,82,control,232418
48,82,control,232175
0,83,control,356310
3,83,control,355182
6,83,control,356853
9,83,control,356036
12,83,control,355818
15,83,control,355470
18,83,control,356440
21,83,control,354847
24,83,control,356119
27,83,control,355698
30,83,control,355165
33,83,control,355239
36,83,control,354792
39,83,control,355884
42,83,control,355027
45,83,control,356267
48,83,control,355616
0,84,control,208776
3,84,control,207662
6,84,control,208597
9,84,control,207831
12,84,control,208022
15,84,control,208737
18,84,control,207738
21,84,control,208466
24,84,control,209009
27,84,control,209182
30,84,control,208738
33,84,control,208178
36,84,control,207866
39,84,control,208292
42,84,control,208757
45,84,control,208309
48,84,control,208420
0,85,control,171855
3,85,control,170815
6,85,control,171471
9,85,control,172210
12,85,control,170689
15,85,control,171108
18,85,control,171734
21,85,control,171738
24,85,control,170551
27,85,control,171626
30,85,control,170612
33,85,control,171749
36,85,control,170938
39,85,control,171536
42,85,control,170963
45,85,control,171180
48,85,control,171478
0,86,control,279094
3,86,control,279531
6,86,control,279364
9,86,control,280137
12,86,control,279470
15,86,control,279929
18,86,control,280506
21,86,control,279897
24,86,control,278584
27,86,control,280033
30,86,control,279389
33,86,control,279296
36,86,control,280072
39,86,control,280108
42,86,control,279555
45,86,control,278608
48,86,control,280222
0,87,control,120286
3,87,control,120219
6,87,control,120235
9,87,control,120711
12,87,control,119990
15,87,control,120103
18,87,control,120342
21,87,control,120829
24,87,control,120879
27,87,control,120658
30,87,control,120502
33,87,control,120761
36,87,control,120235
39,87,control,120580
42,87,control,121038
45,87,control,119684
48,87,control,120555
0,88,control,265822
3,88,control,265861
6,88,control,264916
9,88,control,265632
12,88,control,265904
15,88,control,266149
18,88,control,265102
21,88,control,265430
24,88,control,265343
27,88,control,265319
30,88,control,264406
33,88,control,265458
36,88,control,265683
39,88,control,264536
42,88,control,264428
45,88,control,265404
48,88,control,264634
0,89,control,255386
3,89,control,256268
6,89,control,255836
9,89,control,254697
12,89,control,254950
15,89,control,254887
18,89,control,255318
21,89,control,255386
24,89,control,254279
27,89,control,255462
30,89,control,255180
33,89,control,255184
36,89,control,255109
39,89,control,254850
42,89,control,254856
45,89,control,254558
48,89,control,255125
0,9,control,274157
3,9,control,274326
6,9,control,275586
9,9,control,275045
12,9,control,275567
15,9,control,274981
18,9,control,274830
21,9,control,275251
24,9,control,275845
27,9,control,276132
30,9,control,275383
33,9,control,275251
36,9,control,274446
39,9,control,275091
42,9,control,276029
45,9,control,275589
48,9,control,275311
0,90,control,244961
3,90,control,245238
6,90,control,246011
9,90,control,244870
12,90,control,244595
15,90,control,245877
18,90,control,245042
21,90,control,245152
24,90,control,245092
27,90,control,245293
30,90,control,245045
33,90,control,245883
36,90,control,245167
39,90,control,244828
42,90,control,244912
45,90,control,244779
48,90,control,245465
0,91,control,200923
3,91,control,201140
6,91,control,200529
9,91,control,200348
12,91,control,201096
15,91,control,200630
18,91,control,201523
21,91,control,200614
24,91,control,201466
27,91,control,201405
30,91,control,201052
33,91,control,201422
36,91,control,200832
39,91,control,201699
42,91,control,201110
45,91,control,201319
48,91,control,201442
0,92,control,193887
3,92,control,194062
6,92,control,195169
9,92,control,194781
12,92,control,195095
15,92,control,194652
18,92,control,194630
21,92,control,194170
24,92,control,194300
27,92,control,195259
30,92,control,194440
33,92,control,194948
36,92,control,193932
39,92,control,194141
42,92,control,195042
45,92,control,195187
48,92,control,194759
0,93,control,357361
3,93,control,357740
6,93,control,358234
9,93,control,357212
12,93,control,356864
15,93,control,357249
18,93,control,358597
21,93,control,358408
24,93,control,355876
27,93,control,358449
30,93,control,358943
33,93,control,358247
36,93,control,358791
39,93,control,359192
42,93,control,357832
45,93,control,359417
48,93,control,357954
0,94,control,244017
3,94,control,244124
6,94,control,244017
9,94,control,244113
12,94,control,243934
15,94,control,244153
18,94,control,244833
21,94,control,244254
24,94,control,244046
27,94,control,244231
30,94,control,244270
33,94,control,244307
36,94,control,244360
39,94,control,243731
42,94,control,243891
45,94,control,244840
48,94,control,244065
0,95,control,143971
3,95,control,142609
6,95,control,141962
9,95,control,142577
12,95,control,142420
15,95,control,143372
18,95,control,142259
21,95,control,143316
24,95,control,142501
27,95,control,143687
30,95,control,143067
33,95,control,143339
36,95,control,143626
39,95,control,142395
42,95,control,143545
45,95,control,142710
48,95,control,142433
0,96,control,229470
3,96,control,229085
6,96,control,228580
9,96,control,229735
12,96,control,229596
15,96,control,228576
18,96,control,229856
21,96,control,229595
24,96,control,229549
27,96,control,230218
30,96,control,230176
33,96,control,229808
36,96,control,229742
39,96,control,229410
42,96,control,229475
45,96,control,229246
48,96,control,229882
0,97,control,221075
3,97,control,221599
6,97,control,221302
9,97,control,220710
12,97,control,220401
15,97,control,221686
18,97,control,219660
21,97,control,221008
24,97,control,220987
27,97,control,221475
30,97,control,221131
33,97,control,220752
36,97,control,221603
39,97,control,221199
42,97,control,220692
45,97,control,220819
48,97,control,221053
0,98,control,185631
3,98,control,184932
6,98,control,185252
9,98,control,185495
12,98,control,184638
15,98,control,186570
18,98,control,185372
21,98,control,184275
24,98,control,185597
27,98,control,185903
30,98,control,184821
33,98,control,185284
36,98,control,185201
39,98,control,185629
42,98,control,185338
45,98,control,185339
48,98,control,185084
0,99,control,426341
3,99,control,426222
6,99,control,425159
9,99,control,427199
12,99,control,427378
15,99,control,425400
18,99,control,425545
21,99,control,426717
24,99,control,425399
27,99,control,425134
30,99,control,426888
33,99,control,425611
36,99,control,426295
39,99,control,425316
42,99,control,425923
45,99,control,425582
48,99,control,424598
0,1,intervention,222172
3,1,intervention,232458
6,1,intervention,233683
9,1,intervention,236901
12,1,intervention,241286
15,1,intervention,246106
18,1,intervention,250039
21,1,intervention,259931
24,1,intervention,272320
27,1,intervention,275664
30,1,intervention,286004
33,1,intervention,295541
36,1,intervention,300568
39,1,intervention,301497
42,1,intervention,301363
45,1,intervention,301123
48,1,intervention,301386
0,10,intervention,236516
3,10,intervention,242466
6,10,intervention,246719
9,10,intervention,250891
12,10,intervention,250912
15,10,intervention,261080
18,10,intervention,266850
21,10,intervention,270394
24,10,intervention,279570
27,10,intervention,285798
30,10,intervention,296208
33,10,intervention,303915
36,10,intervention,312209
39,10,intervention,312751
42,10,intervention,311798
45,10,intervention,311381
48,10,intervention,313306
0,100,intervention,122545
3,100,intervention,125159
6,100,intervention,129350
9,100,intervention,133193
12,100,intervention,133136
15,100,intervention,137305
18,100,intervention,142485
21,100,intervention,149190
24,100,intervention,157264
27,100,intervention,162249
30,100,intervention,170169
33,100,intervention,175896
36,100,intervention,186721
39,100,intervention,185844
42,100,intervention,185123
45,100,intervention,184731
48,100,intervention,185775
0,101,intervention,111514
3,101,intervention,114849
6,101,intervention,117316
9,101,intervention,120258
12,101,intervention,123427
15,101,intervention,126344
18,101,intervention,132458
21,101,intervention,138524
24,101,intervention,140786
27,101,intervention,149423
30,101,intervention,156530
33,101,intervention,166151
36,101,intervention,175979
39,101,intervention,175344
42,101,intervention,175797
45,101,intervention,175401
48,101,intervention,176277
0,102,intervention,225938
3,102,intervention,232024
6,102,intervention,237011
9,102,intervention,241611
12,102,intervention,247439
15,102,intervention,254224
18,102,intervention,254037
21,102,intervention,260233
24,102,intervention,270739
27,102,intervention,276766
30,102,intervention,282542
33,102,intervention,293787
36,102,intervention,301741
39,102,intervention,300789
42,102,intervention,302456
45,102,intervention,302356
48,102,intervention,301689
0,103,intervention,346251
3,103,intervention,352325
6,103,intervention,357454
9,103,intervention,363431
12,103,intervention,367631
15,103,intervention,372789
18,103,intervention,381304
21,103,intervention,385260
24,103,intervention,392233
27,103,intervention,400236
30,103,intervention,412922
33,103,intervention,422936
36,103,intervention,427144
39,103,intervention,428760
42,103,intervention,426495
45,103,intervention,428519
48,103,intervention,427953
0,104,intervention,224860
3,104,intervention,227667
6,104,intervention,233828
9,104,intervention,241305
12,104,intervention,244363
15,104,intervention,251229
18,104,intervention,254832
21,104,intervention,260073
24,104,intervention,269025
27,104,intervention,277546
30,104,intervention,288553
33,104,intervention,297568
36,104,intervention,303539
39,104,intervention,302897
42,104,intervention,302898
45,104,intervention,303797
48,104,intervention,305015
0,105,intervention,147496
3,105,intervention,148135
6,105,intervention,152256
9,105,intervention,156145
12,105,intervention,160240
15,105,intervention,163299
18,105,intervention,168725
21,105,intervention,173699
24,105,intervention,181060
27,105,intervention,189473
30,105,intervention,194078
33,105,intervention,207162
36,105,intervention,214246
39,105,intervention,213567
42,105,intervention,214406
45,105,intervention,214761
48,105,intervention,213793
0,106,intervention,126016
3,106,intervention,130872
6,106,intervention,130696
9,106,intervention,135700
12,106,intervention,136403
15,106,intervention,140376
18,106,intervention,148700
21,106,intervention,152837
24,106,intervention,158455
27,106,intervention,163285
30,106,intervention,171274
33,106,intervention,183889
36,106,intervention,192357
39,106,intervention,193000
42,106,intervention,192585
45,106,intervention,192013
48,106,intervention,192168
0,107,intervention,101259
3,107,intervention,102994
6,107,intervention,107502
9,107,intervention,109651
12,107,intervention,111142
15,107,intervention,113172
18,107,intervention,117155
21,107,intervention,120554
24,107,intervention,128648
27,107,intervention,134295
30,107,intervention,141685
33,107,intervention,154357
36,107,intervention,160078
39,107,intervention,160757
42,107,intervention,160661
45,107,intervention,160871
48,107,intervention,160778
0,108,intervention,178991
3,108,intervention,178899
6,108,intervention,183894
9,108,intervention,189547
12,108,intervention,193227
15,108,intervention,194254
18,108,intervention,202913
21,108,intervention,204940
24,108,intervention,214790
27,108,intervention,219165
30,108,intervention,232417
33,108,intervention,238683
36,108,intervention,248160
39,108,intervention,247015
42,108,intervention,248841
45,108,intervention,248930
48,108,intervention,248762
0,109,intervention,381896
3,109,intervention,384010
6,109,intervention,393553
9,109,intervention,397611
12,109,intervention,403292
15,109,intervention,405715
18,109,intervention,411304
21,109,intervention,420554
24,109,intervention,432616
27,109,intervention,437800
30,109,intervention,447813
33,109,intervention,450475
36,109,intervention,463744
39,109,intervention,464495
42,109,intervention,462980
45,109,intervention,463806
48,109,intervention,463585
0,11,intervention,88356
3,11,intervention,92602
6,11,intervention,94347
9,11,intervention,95882
12,11,intervention,98052
15,11,intervention,100714
18,11,intervention,107741
21,11,intervention,109794
24,11,intervention,113616
27,11,intervention,122017
30,11,intervention,126303
33,11,intervention,138323
36,11,intervention,145283
39,11,intervention,145352
42,11,intervention,144961
45,11,intervention,144921
48,11,intervention,145303
0,110,intervention,300488
3,110,intervention,304111
6,110,intervention,307637
9,110,intervention,312431
12,110,intervention,313273
15,110,intervention,323349
18,110,intervention,326434
21,110,intervention,333406
24,110,intervention,342219
27,110,intervention,351436
30,110,intervention,360924
33,110,intervention,368025
36,110,intervention,376918
39,110,intervention,375999
42,110,intervention,376114
45,110,intervention,375889
48,110,intervention,376127
0,111,intervention,221367
3,111,intervention,225545
6,111,intervention,231529
9,111,intervention,234513
12,111,intervention,241372
15,111,intervention,243960
18,111,intervention,248307
21,111,intervention,260241
24,111,intervention,259940
27,111,intervention,275124
30,111,intervention,280802
33,111,intervention,289592
36,111,intervention,299729
39,111,intervention,299956
42,111,intervention,298809
45,111,intervention,298613
48,111,intervention,298691
0,112,intervention,272974
3,112,intervention,277538
6,112,intervention,284923
9,112,intervention,289597
12,112,intervention,296534
15,112,intervention,302471
18,112,intervention,304869
21,112,intervention,311425
24,112,intervention,319206
27,112,intervention,324693
30,112,intervention,335840
33,112,intervention,345385
36,112,intervention,352775
39,112,intervention,353027
42,112,intervention,352610
45,112,intervention,353212
48,112,intervention,352863
0,113,intervention,306571
3,113,intervention,317866
6,113,intervention,320074
9,113,intervention,325397
12,113,intervention,332464
15,113,intervention,335423
18,113,intervention,340502
21,113,intervention,353341
24,113,intervention,357941
27,113,intervention,365679
30,113,intervention,375210
33,113,intervention,384362
36,113,intervention,393158
39,113,intervention,391369
42,113,intervention,393304
45,113,intervention,391753
48,113,intervention,393920
0,114,intervention,349810
3,114,intervention,349006
6,114,intervention,359875
9,114,intervention,363243
12,114,intervention,367339
15,114,intervention,373214
18,114,intervention,383755
21,114,intervention,394393
24,114,intervention,396633
27,114,intervention,404567
30,114,intervention,417969
33,114,intervention,425737
36,114,intervention,433509
39,114,intervention,433037
42,114,intervention,433140
45,114,intervention,433340
48,114,intervention,431646
0,115,intervention,242053
3,115,intervention,246602
6,115,intervention,247114
9,115,intervention,259928
12,115,intervention,262663
15,115,intervention,266741
18,115,intervention,275392
21,115,intervention,278936
24,115,intervention,287802
27,115,intervention,296176
30,115,intervention,301842
33,115,intervention,310335
36,115,intervention,321706
39,115,intervention,320612
42,115,intervention,320411
45,115,intervention,320470
48,115,intervention,321488
0,116,intervention,125849
3,116,intervention,128872
6,116,intervention,131423
9,116,intervention,133782
12,116,intervention,137238
15,116,intervention,142416
18,116,intervention,141449
21,116,intervention,148228
24,116,intervention,152544
27,116,intervention,159035
30,116,intervention,165512
33,116,intervention,176230
36,116,intervention,185836
39,116,intervention,186579
42,116,intervention,186004
45,116,intervention,186803
48,116,intervention,185708
0,117,intervention,289769
3,117,intervention,297301
6,117,intervention,295974
9,117,intervention,302106
12,117,intervention,312461
15,117,intervention,317421
18,117,intervention,325114
21,117,intervention,329767
24,117,intervention,336409
27,117,intervention,342719
30,117,intervention,357130
33,117,intervention,361581
36,117,intervention,370980
39,117,intervention,368988
42,117,intervention,371644
45,117,intervention,369854
48,117,intervention,371899
0,118,intervention,199693
3,118,intervention,202804
6,118,intervention,204223
9,118,intervention,207905
12,118,intervention,215280
15,118,intervention,220509
18,118,intervention,227894
21,118,intervention,230254
24,118,intervention,239170
27,118,intervention,245157
30,118,intervention,252310
33,118,intervention,263660
36,118,intervention,272702
39,118,intervention,273063
42,118,intervention,273297
45,118,intervention,272110
48,118,intervention,272910
0,119,intervention,175208
3,119,intervention,178137
6,119,intervention,181713
9,119,intervention,186399
12,119,intervention,195031
15,119,intervention,197337
18,119,intervention,202839
21,119,intervention,204843
24,119,intervention,210761
27,119,intervention,222303
30,119,intervention,225831
33,119,intervention,237616
36,119,intervention,246553
39,119,intervention,245428
42,119,intervention,245735
45,119,intervention,246753
48,119,intervention,246640
0,12,intervention,164997
3,12,intervention,167487
6,12,intervention,170679
9,12,intervention,172284
12,12,intervention,178668
15,12,intervention,182678
18,12,intervention,189708
21,12,intervention,193629
24,12,intervention,200031
27,12,intervention,207251
30,12,intervention,213635
33,12,intervention,224477
36,12,intervention,231914
39,12,intervention,231304
42,12,intervention,231603
45,12,intervention,232400
48,12,intervention,232160
0,120,intervention,318888
3,120,intervention,327448
6,120,intervention,328748
9,120,intervention,330524
12,120,intervention,338599
15,120,intervention,345301
18,120,intervention,353990
21,120,intervention,360971
24,120,intervention,368304
27,120,intervention,371975
30,120,intervention,379235
33,120,intervention,392918
36,120,intervention,400862
39,120,intervention,398493
42,120,intervention,400083
45,120,intervention,400238
48,120,intervention,400330
0,121,intervention,154291
3,121,intervention,155785
6,121,intervention,160372
9,121,intervention,163245
12,121,intervention,167484
15,121,intervention,171228
18,121,intervention,175180
21,121,intervention,184543
24,121,intervention,185598
27,121,intervention,198026
30,121,intervention,206193
33,121,intervention,217961
36,121,intervention,222331
39,121,intervention,222062
42,121,intervention,223080
45,121,intervention,222781
48,121,intervention,223023
0,122,intervention,402416
3,122,intervention,407852
6,122,intervention,411487
9,122,intervention,417051
12,122,intervention,422892
15,122,intervention,428141
18,122,intervention,433313
21,122,intervention,439012
24,122,intervention,450706
27,122,intervention,458505
30,122,intervention,464864
33,122,intervention,478823
36,122,intervention,484262
39,122,intervention,484631
42,122,intervention,483894
45,122,intervention,484951
48,122,intervention,484362
0,123,intervention,189340
3,123,intervention,193342
6,123,intervention,192117
9,123,intervention,199442
12,123,intervention,202222
15,123,intervention,204135
18,123,intervention,210852
21,123,intervention,217442
24,123,intervention,220266
27,123,intervention,231937
30,123,intervention,241684
33,123,intervention,248667
36,123,intervention,257092
39,123,intervention,258084
42,123,intervention,257656
45,123,intervention,257571
48,123,intervention,257279
0,124,intervention,300819
3,124,intervention,309007
6,124,intervention,312780
9,124,intervention,320038
12,124,intervention,322499
15,124,intervention,330878
18,124,intervention,334184
21,124,intervention,346644
24,124,intervention,348334
27,124,intervention,354177
30,124,intervention,369088
33,124,intervention,375624
36,124,intervention,385359
39,124,intervention,384281
42,124,intervention,385048
45,124,intervention,385180
48,124,intervention,384416
0,125,intervention,113589
3,125,intervention,116975
6,125,intervention,118764
9,125,intervention,123376
12,125,intervention,124688
15,125,intervention,131245
18,125,intervention,137180
21,125,intervention,141935
24,125,intervention,147106
27,125,intervention,155951
30,125,intervention,161568
33,125,intervention,169182
36,125,intervention,178198
39,125,intervention,177832
42,125,intervention,178296
45,125,intervention,177614
48,125,intervention,178320
0,126,intervention,134705
3,126,intervention,138863
6,126,intervention,139679
9,126,intervention,143032
12,126,intervention,146485
15,126,intervention,151141
18,126,intervention,155883
21,126,intervention,161888
24,126,intervention,169624
27,126,intervention,174270
30,126,intervention,184085
33,126,intervention,193058
36,126,intervention,201334
39,126,intervention,200893
42,126,intervention,200738
45,126,intervention,200797
48,126,intervention,200494
0,127,intervention,154704
3,127,intervention,157192
6,127,intervention,161558
9,127,intervention,164032
12,127,intervention,171895
15,127,intervention,175638
18,127,intervention,180072
21,127,intervention,185349
24,127,intervention,194018
27,127,intervention,199690
30,127,intervention,203889
33,127,intervention,217973
36,127,intervention,225692
39,127,intervention,226514
42,127,intervention,226597
45,127,intervention,225768
48,127,intervention,225014
0,128,intervention,261351
3,128,intervention,263042
6,128,intervention,268292
9,128,intervention,274073
12,128,intervention,279338
15,128,intervention,285137
18,128,intervention,287962
21,128,intervention,294193
24,128,intervention,303361
27,128,intervention,312857
30,128,intervention,319328
33,128,intervention,332962
36,128,intervention,342290
39,128,intervention,343071
42,128,intervention,342423
45,128,intervention,341816
48,128,intervention,341782
0,129,intervention,60295
3,129,intervention,64135
6,129,intervention,65366
9,129,intervention,67399
12,129,intervention,71021
15,129,intervention,74503
18,129,intervention,78927
21,129,intervention,83397
24,129,intervention,89581
27,129,intervention,92836
30,129,intervention,96895
33,129,intervention,105517
36,129,intervention,114068
39,129,intervention,113815
42,129,intervention,113509
45,129,intervention,113318
48,129,intervention,113963
0,13,intervention,164251
3,13,intervention,168170
6,13,intervention,169017
9,13,intervention,174218
12,13,intervention,177701
15,13,intervention,180165
18,13,intervention,186888
21,13,intervention,192122
24,13,intervention,202407
27,13,intervention,204503
30,13,intervention,215870
33,13,intervention,222566
36,13,intervention,235273
39,13,intervention,234184
42,13,intervention,233462
45,13,intervention,233846
48,13,intervention,234137
0,130,intervention,188931
3,130,intervention,191603
6,130,intervention,193662
9,130,intervention,198415
12,130,intervention,204501
15,130,intervention,207706
18,130,intervention,214397
21,130,intervention,219971
24,130,intervention,227923
27,130,intervention,236552
30,130,intervention,241747
33,130,intervention,255629
36,130,intervention,261158
39,130,intervention,261780
42,130,intervention,260909
45,130,intervention,261321
48,130,intervention,261679
0,131,intervention,250395
3,131,intervention,256340
6,131,intervention,260007
9,131,intervention,263851
12,131,intervention,267666
15,131,intervention,273807
18,131,intervention,278608
21,131,intervention,282217
24,131,intervention,292620
27,131,intervention,296428
30,131,intervention,307134
33,131,intervention,318775
36,131,intervention,325979
39,131,intervention,326475
42,131,intervention,327071
45,131,intervention,325955
48,131,intervention,325914
0,132,intervention,278748
3,132,intervention,281469
6,132,intervention,289789
9,132,intervention,297191
12,132,intervention,300296
15,132,intervention,302819
18,132,intervention,306837
21,132,intervention,318228
24,132,intervention,323367
27,132,intervention,330974
30,132,intervention,343703
33,132,intervention,350096
36,132,intervention,361377
39,132,intervention,362417
42,132,intervention,361918
45,132,intervention,361474
48,132,intervention,362754
0,133,intervention,155885
3,133,intervention,159537
6,133,intervention,161868
9,133,intervention,164694
12,133,intervention,168271
15,133,intervention,176271
18,133,intervention,178555
21,133,intervention,186245
24,133,intervention,192310
27,133,intervention,196002
30,133,intervention,208922
33,133,intervention,216639
36,133,intervention,225306
39,133,intervention,224163
42,133,intervention,225284
45,133,intervention,224756
48,133,intervention,225225
0,134,intervention,96665
3,134,intervention,99161
6,134,intervention,103205
9,134,intervention,103937
12,134,intervention,108394
15,134,intervention,111515
18,134,intervention,115644
21,134,intervention,118398
24,134,intervention,124186
27,134,intervention,130194
30,134,intervention,140710
33,134,intervention,149134
36,134,intervention,157116
39,134,intervention,157197
42,134,intervention,157559
45,134,intervention,156408
48,134,intervention,157104
0,135,intervention,342963
3,135,intervention,349430
6,135,intervention,355276
9,135,intervention,360052
12,135,intervention,366023
15,135,intervention,372615
18,135,intervention,379773
21,135,intervention,383439
24,135,intervention,394101
27,135,intervention,401741
30,135,intervention,406488
33,135,intervention,418912
36,135,intervention,427566
39,135,intervention,427024
42,135,intervention,427197
45,135,intervention,427221
48,135,intervention,426739
0,136,intervention,159422
3,136,intervention,163497
6,136,intervention,164800
9,136,intervention,171279
12,136,intervention,175182
15,136,intervention,178314
18,136,intervention,183237
21,136,intervention,187715
24,136,intervention,197299
27,136,intervention,205149
30,136,intervention,210323
33,136,intervention,220346
36,136,intervention,228313
39,136,intervention,229297
42,136,intervention,230123
45,136,intervention,230157
48,136,intervention,229376
0,137,intervention,240454
3,137,intervention,240680
6,137,intervention,246556
9,137,intervention,252184
12,137,intervention,257194
15,137,intervention,263614
18,137,intervention,264864
21,137,intervention,272258
24,137,intervention,282836
27,137,intervention,288431
30,137,intervention,298983
33,137,intervention,308814
36,137,intervention,315601
39,137,intervention,317711
42,137,intervention,316973
45,137,intervention,316602
48,137,intervention,316760
0,138,intervention,222111
3,138,intervention,223669
6,138,intervention,226657
9,138,intervention,230016
12,138,intervention,238300
15,138,intervention,243393
18,138,intervention,247772
21,138,intervention,256956
24,138,intervention,263119
27,138,intervention,269361
30,138,intervention,278586
33,138,intervention,291423
36,138,intervention,299236
39,138,intervention,298352
42,138,intervention,299940
45,138,intervention,299676
48,138,intervention,300413
0,139,intervention,135894
3,139,intervention,137184
6,139,intervention,141078
9,139,intervention,145903
12,139,intervention,150317
15,139,intervention,151706
18,139,intervention,156879
21,139,intervention,162793
24,139,intervention,163647
27,139,intervention,172839
30,139,intervention,180712
33,139,intervention,188888
36,139,intervention,199533
39,139,intervention,200239
42,139,intervention,199060
45,139,intervention,198363
48,139,intervention,198884
0,14,intervention,129759
3,14,intervention,130645
6,14,intervention,132901
9,14,intervention,137540
12,14,intervention,141189
15,14,intervention,146800
18,14,intervention,152193
21,14,intervention,157021
24,14,intervention,160465
27,14,intervention,167973
30,14,intervention,174290
33,14,intervention,185415
36,14,intervention,194190
39,14,intervention,193417
42,14,intervention,193224
45,14,intervention,193646
48,14,intervention,193690
0,140,intervention,84793
3,140,intervention,88912
6,140,intervention,90337
9,140,intervention,93993
12,140,intervention,96156
15,140,intervention,98221
18,140,intervention,102883
21,140,intervention,107641
24,140,intervention,108764
27,140,intervention,119371
30,140,intervention,124174
33,140,intervention,133498
36,140,intervention,142563
39,140,intervention,142491
42,140,intervention,142552
45,140,intervention,142074
48,140,intervention,142327
0,141,intervention,123986
3,141,intervention,126127
6,141,intervention,128132
9,141,intervention,134115
12,141,intervention,137672
15,141,intervention,140208
18,141,intervention,142994
21,141,intervention,148689
24,141,intervention,154625
27,141,intervention,161592
30,141,intervention,169233
33,141,intervention,178970
36,141,intervention,189003
39,141,intervention,188722
42,141,intervention,188824
45,141,intervention,188735
48,141,intervention,187127
0,142,intervention,227622
3,142,intervention,233867
6,142,intervention,234377
9,142,intervention,241642
12,142,intervention,246539
15,142,intervention,250060
18,142,intervention,257738
21,142,intervention,258880
24,142,intervention,271033
27,142,intervention,280460
30,142,intervention,283967
33,142,intervention,296872
36,142,intervention,306529
39,142,intervention,306074
42,142,intervention,305065
45,142,intervention,305844
48,142,intervention,305879
0,143,intervention,212195
3,143,intervention,215870
6,143,intervention,219702
9,143,intervention,223207
12,143,intervention,223173
15,143,intervention,230362
18,143,intervention,237246
21,143,intervention,244286
24,143,intervention,252539
27,143,intervention,260777
30,143,intervention,265671
33,143,intervention,277895
36,143,intervention,286161
39,143,intervention,287101
42,143,intervention,284700
45,143,intervention,286113
48,143,intervention,286203
0,144,intervention,183851
3,144,intervention,190340
6,144,intervention,191902
9,144,intervention,194717
12,144,intervention,202462
15,144,intervention,206509
18,144,intervention,210563
21,144,intervention,216225
24,144,intervention,218662
27,144,intervention,230351
30,144,intervention,238742
33,144,intervention,245943
36,144,intervention,255234
39,144,intervention,255017
42,144,intervention,254869
45,144,intervention,254782
48,144,intervention,254717
0,145,intervention,162986
3,145,intervention,167114
6,145,intervention,167797
9,145,intervention,173444
12,145,intervention,177331
15,145,intervention,183156
18,145,intervention,183902
21,145,intervention,188068
24,145,intervention,197003
27,145,intervention,200827
30,145,intervention,212219
33,145,intervention,223925
36,145,intervention,229891
39,145,intervention,230007
42,145,intervention,229344
45,145,intervention,229487
48,145,intervention,229435
0,146,intervention,214461
3,146,intervention,216863
6,146,intervention,220117
9,146,intervention,225842
12,146,intervention,230288
15,146,intervention,236715
18,146,intervention,242020
21,146,intervention,244474
24,146,intervention,250255
27,146,intervention,257398
30,146,intervention,268185
33,146,intervention,275355
36,146,intervention,286588
39,146,intervention,285109
42,146,intervention,285184
45,146,intervention,285463
48,146,intervention,286108
0,147,intervention,100805
3,147,intervention,103653
6,147,intervention,107241
9,147,intervention,105684
12,147,intervention,111612
15,147,intervention,115185
18,147,intervention,120045
21,147,intervention,121267
24,147,intervention,127031
27,147,intervention,135892
30,147,intervention,144888
33,147,intervention,151490
36,147,intervention,160071
39,147,intervention,159708
42,147,intervention,158716
45,147,intervention,160249
48,147,intervention,159886
0,148,intervention,202011
3,148,intervention,206150
6,148,intervention,208963
9,148,intervention,214201
12,148,intervention,222453
15,148,intervention,224658
18,148,intervention,231957
21,148,intervention,238536
24,148,intervention,241574
27,148,intervention,249803
30,148,intervention,262917
33,148,intervention,274913
36,148,intervention,280223
39,148,intervention,281619
42,148,intervention,279746
45,148,intervention,280162
48,148,intervention,280400
0,149,intervention,163728
3,149,intervention,168721
6,149,intervention,170570
9,149,intervention,179180
12,149,intervention,181293
15,149,intervention,183841
18,149,intervention,189503
21,149,intervention,194797
24,149,intervention,199162
27,149,intervention,205180
30,149,intervention,215617
33,149,intervention,227102
36,149,intervention,234309
39,149,intervention,233636
42,149,intervention,233963
45,149,intervention,233325
48,149,intervention,234396
0,15,intervention,198903
3,15,intervention,200143
6,15,intervention,205900
9,15,intervention,208588
12,15,intervention,214191
15,15,intervention,218622
18,15,intervention,226094
21,15,intervention,227075
24,15,intervention,234478
27,15,intervention,237943
30,15,intervention,246760
33,15,intervention,261759
36,15,intervention,269577
39,15,intervention,269083
42,15,intervention,266651
45,15,intervention,268425
48,15,intervention,268135
0,150,intervention,205446
3,150,intervention,209624
6,150,intervention,211651
9,150,intervention,217353
12,150,intervention,216583
15,150,intervention,221890
18,150,intervention,231333
21,150,intervention,238717
24,150,intervention,238831
27,150,intervention,250145
30,150,intervention,260247
33,150,intervention,269456
36,150,intervention,277342
39,150,intervention,278032
42,150,intervention,277056
45,150,intervention,277265
48,150,intervention,277261
0,151,intervention,260770
3,151,intervention,262306
6,151,intervention,268461
9,151,intervention,274246
12,151,intervention,278030
15,151,intervention,281311
18,151,intervention,289658
21,151,intervention,293792
24,151,intervention,306461
27,151,intervention,311928
30,151,intervention,319934
33,151,intervention,326577
36,151,intervention,337605
39,151,intervention,337919
42,151,intervention,338200
45,151,intervention,336731
48,151,intervention,337179
0,152,intervention,179254
3,152,intervention,183818
6,152,intervention,187122
9,152,intervention,192342
12,152,intervention,193123
15,152,intervention,198619
18,152,intervention,206707
21,152,intervention,207870
24,152,intervention,212689
27,152,intervention,217978
30,152,intervention,229114
33,152,intervention,238046
36,152,intervention,246389
39,152,intervention,247280
42,152,intervention,245929
45,152,intervention,246835
48,152,intervention,245092
0,153,intervention,193521
3,153,intervention,194978
6,153,intervention,199858
9,153,intervention,201686
12,153,intervention,209763
15,153,intervention,211551
18,153,intervention,219248
21,153,intervention,220239
24,153,intervention,226670
27,153,intervention,233071
30,153,intervention,247626
33,153,intervention,254957
36,153,intervention,262165
39,153,intervention,262440
42,153,intervention,262463
45,153,intervention,262232
48,153,intervention,262021
0,154,intervention,219210
3,154,intervention,224646
6,154,intervention,229030
9,154,intervention,233035
12,154,intervention,238681
15,154,intervention,244855
18,154,intervention,252460
21,154,intervention,257560
24,154,intervention,262870
27,154,intervention,268585
30,154,intervention,278639
33,154,intervention,289806
36,154,intervention,296924
39,154,intervention,296488
42,154,intervention,296452
45,154,intervention,296564
48,154,intervention,295934
0,155,intervention,136904
3,155,intervention,139022
6,155,intervention,142271
9,155,intervention,145593
12,155,intervention,149778
15,155,intervention,154300
18,155,intervention,156991
21,155,intervention,160155
24,155,intervention,168340
27,155,intervention,174002
30,155,intervention,180026
33,155,intervention,193314
36,155,intervention,200722
39,155,intervention,199733
42,155,intervention,200164
45,155,intervention,201334
48,155,intervention,200605
0,156,intervention,197319
3,156,intervention,203772
6,156,intervention,206812
9,156,intervention,210523
12,156,intervention,219099
15,156,intervention,223488
18,156,intervention,229979
21,156,intervention,236397
24,156,intervention,241257
27,156,intervention,250884
30,156,intervention,255753
33,156,intervention,265093
36,156,intervention,275325
39,156,intervention,276149
42,156,intervention,275602
45,156,intervention,274480
48,156,intervention,274327
0,157,intervention,244121
3,157,intervention,248784
6,157,intervention,253800
9,157,intervention,255476
12,157,intervention,261709
15,157,intervention,269469
18,157,intervention,273813
21,157,intervention,280500
24,157,intervention,289559
27,157,intervention,295984
30,157,intervention,301966
33,157,intervention,311848
36,157,intervention,321625
39,157,intervention,320658
42,157,intervention,320486
45,157,intervention,319959
48,157,intervention,320336
0,158,intervention,142565
3,158,intervention,144187
6,158,intervention,147280
9,158,intervention,149990
12,158,intervention,154281
15,158,intervention,158481
18,158,intervention,166620
21,158,intervention,170289
24,158,intervention,178138
27,158,intervention,184316
30,158,intervention,193849
33,158,intervention,205363
36,158,intervention,211003
39,158,intervention,211284
42,158,intervention,211051
45,158,intervention,211124
48,158,intervention,211725
0,159,intervention,126086
3,159,intervention,127524
6,159,intervention,130685
9,159,intervention,134527
12,159,intervention,137074
15,159,intervention,141594
18,159,intervention,141578
21,159,intervention,147863
24,159,intervention,153536
27,159,intervention,162502
30,159,intervention,172225
33,159,intervention,179492
36,159,intervention,188469
39,159,intervention,189171
42,159,intervention,189678
45,159,intervention,189639
48,159,intervention,189711
0,16,intervention,264728
3,16,intervention,266835
6,16,intervention,271538
9,16,intervention,275557
12,16,intervention,285024
15,16,intervention,289980
18,16,intervention,297498
21,16,intervention,300732
24,16,intervention,306967
27,16,intervention,314337
30,16,intervention,325170
33,16,intervention,340678
36,16,intervention,344948
39,16,intervention,345641
42,16,intervention,345894
45,16,intervention,344898
48,16,intervention,346032
0,160,intervention,190904
3,160,intervention,195820
6,160,intervention,196551
9,160,intervention,201830
12,160,intervention,206312
15,160,intervention,212378
18,160,intervention,213078
21,160,intervention,220712
24,160,intervention,226709
27,160,intervention,235948
30,160,intervention,246624
33,160,intervention,255358
36,160,intervention,262928
39,160,intervention,264517
42,160,intervention,263501
45,160,intervention,263208
48,160,intervention,263419
0,161,intervention,134668
3,161,intervention,137712
6,161,intervention,142499
9,161,intervention,146792
12,161,intervention,148804
15,161,intervention,154470
18,161,intervention,159400
21,161,intervention,167937
24,161,intervention,174203
27,161,intervention,179394
30,161,intervention,190322
33,161,intervention,199441
36,161,intervention,206308
39,161,intervention,205629
42,161,intervention,206560
45,161,intervention,205491
48,161,intervention,206215
0,162,intervention,180100
3,162,intervention,180448
6,162,intervention,183369
9,162,intervention,185526
12,162,intervention,188953
15,162,intervention,194033
18,162,intervention,195408
21,162,intervention,200224
24,162,intervention,210170
27,162,intervention,219656
30,162,intervention,229490
33,162,intervention,239957
36,162,intervention,246372
39,162,intervention,246520
42,162,intervention,246526
45,162,intervention,246667
48,162,intervention,245082
0,163,intervention,214346
3,163,intervention,217743
6,163,intervention,221230
9,163,intervention,221899
12,163,intervention,231021
15,163,intervention,232303
18,163,intervention,240287
21,163,intervention,247783
24,163,intervention,257849
27,163,intervention,260875
30,163,intervention,271005
33,163,intervention,279396
36,163,intervention,288712
39,163,intervention,288662
42,163,intervention,288443
45,163,intervention,287915
48,163,intervention,288754
0,164,intervention,314325
3,164,intervention,316460
6,164,intervention,322405
9,164,intervention,327797
12,164,intervention,330051
15,164,intervention,336393
18,164,intervention,347475
21,164,intervention,349534
24,164,intervention,362448
27,164,intervention,365781
30,164,intervention,373141
33,164,intervention,387572
36,164,intervention,393568
39,164,intervention,394978
42,164,intervention,395392
45,164,intervention,395993
48,164,intervention,395286
0,165,intervention,202334
3,165,intervention,209995
6,165,intervention,217299
9,165,intervention,221457
12,165,intervention,226937
15,165,intervention,228784
18,165,intervention,232232
21,165,intervention,240623
24,165,intervention,251352
27,165,intervention,258031
30,165,intervention,270166
33,165,intervention,273784
36,165,intervention,282323
39,165,intervention,284150
42,165,intervention,282874
45,165,intervention,284204
48,165,intervention,283180
0,166,intervention,100407
3,166,intervention,105271
6,166,intervention,106909
9,166,intervention,111241
12,166,intervention,112191
15,166,intervention,119541
18,166,intervention,120753
21,166,intervention,123767
24,166,intervention,130790
27,166,intervention,136536
30,166,intervention,144905
33,166,intervention,153995
36,166,intervention,161950
39,166,intervention,161708
42,166,intervention,161430
45,166,intervention,162635
48,166,intervention,161223
0,167,intervention,126936
3,167,intervention,129379
6,167,intervention,134084
9,167,intervention,134670
12,167,intervention,141362
15,167,intervention,143264
18,167,intervention,148091
21,167,intervention,153676
24,167,intervention,159524
27,167,intervention,166749
30,167,intervention,171829
33,167,intervention,181289
36,167,intervention,192842
39,167,intervention,190945
42,167,intervention,191709
45,167,intervention,191542
48,167,intervention,191236
0,168,intervention,102158
3,168,intervention,106009
6,168,intervention,107060
9,168,intervention,111002
12,168,intervention,113438
15,168,intervention,117219
18,168,intervention,119724
21,168,intervention,126846
24,168,intervention,131613
27,168,intervention,138185
30,168,intervention,145651
33,168,intervention,157350
36,168,intervention,164234
39,168,intervention,163820
42,168,intervention,164976
45,168,intervention,163852
48,168,intervention,164457
0,169,intervention,187784
3,169,intervention,192244
6,169,intervention,198694
9,169,intervention,199354
12,169,intervention,201807
15,169,intervention,206877
18,169,intervention,215922
21,169,intervention,218607
24,169,intervention,228783
27,169,intervention,235946
30,169,intervention,243109
33,169,intervention,256544
36,169,intervention,263794
39,169,intervention,263374
42,169,intervention,262641
45,169,intervention,263668
48,169,intervention,263393
0,17,intervention,181392
3,17,intervention,184240
6,17,intervention,189416
9,17,intervention,192105
12,17,intervention,198364
15,17,intervention,205578
18,17,intervention,213296
21,17,intervention,218355
24,17,intervention,221404
27,17,intervention,230010
30,17,intervention,240398
33,17,intervention,246026
36,17,intervention,258770
39,17,intervention,258547
42,17,intervention,257945
45,17,intervention,259072
48,17,intervention,257228
0,170,intervention,177531
3,170,intervention,179680
6,170,intervention,186752
9,170,intervention,190388
12,170,intervention,194185
15,170,intervention,199016
18,170,intervention,206437
21,170,intervention,209580
24,170,intervention,217029
27,170,intervention,225623
30,170,intervention,230618
33,170,intervention,243861
36,170,intervention,251935
39,170,intervention,250641
42,170,intervention,251717
45,170,intervention,252074
48,170,intervention,250941
0,171,intervention,246181
3,171,intervention,250503
6,171,intervention,256395
9,171,intervention,260533
12,171,intervention,260417
15,171,intervention,268567
18,171,intervention,274017
21,171,intervention,276291
24,171,intervention,288245
27,171,intervention,294860
30,171,intervention,306229
33,171,intervention,315856
36,171,intervention,321063
39,171,intervention,322366
42,171,intervention,321166
45,171,intervention,321256
48,171,intervention,321416
0,172,intervention,211251
3,172,intervention,218438
6,172,intervention,219058
9,172,intervention,223157
12,172,intervention,228158
15,172,intervention,233521
18,172,intervention,239958
21,172,intervention,242423
24,172,intervention,249125
27,172,intervention,258744
30,172,intervention,268813
33,172,intervention,280405
36,172,intervention,287519
39,172,intervention,287430
42,172,intervention,287170
45,172,intervention,286410
48,172,intervention,287162
0,173,intervention,109347
3,173,intervention,112629
6,173,intervention,117729
9,173,intervention,119374
12,173,intervention,123424
15,173,intervention,127624
18,173,intervention,130044
21,173,intervention,136537
24,173,intervention,144091
27,173,intervention,148257
30,173,intervention,156007
33,173,intervention,165329
36,173,intervention,171280
39,173,intervention,171210
42,173,intervention,171240
45,173,intervention,171916
48,173,intervention,171189
0,174,intervention,134814
3,174,intervention,137393
6,174,intervention,139889
9,174,intervention,143742
12,174,intervention,145414
15,174,intervention,151661
18,174,intervention,157329
21,174,intervention,160910
24,174,intervention,166676
27,174,intervention,169433
30,174,intervention,177749
33,174,intervention,189401
36,174,intervention,197110
39,174,intervention,195599
42,174,intervention,196543
45,174,intervention,196123
48,174,intervention,196667
0,175,intervention,185242
3,175,intervention,189034
6,175,intervention,193480
9,175,intervention,200704
12,175,intervention,200117
15,175,intervention,207328
18,175,intervention,210112
21,175,intervention,221293
24,175,intervention,224929
27,175,intervention,231783
30,175,intervention,242411
33,175,intervention,249851
36,175,intervention,261173
39,175,intervention,260940
42,175,intervention,262279
45,175,intervention,259818
48,175,intervention,260460
0,176,intervention,122327
3,176,intervention,126529
6,176,intervention,130002
9,176,intervention,133912
12,176,intervention,140088
15,176,intervention,142801
18,176,intervention,147107
21,176,intervention,151998
24,176,intervention,158150
27,176,intervention,165167
30,176,intervention,171740
33,176,intervention,182700
36,176,intervention,192957
39,176,intervention,192309
42,176,intervention,191970
45,176,intervention,192470
48,176,intervention,192795
0,177,intervention,111785
3,177,intervention,114146
6,177,intervention,115964
9,177,intervention,120058
12,177,intervention,121985
15,177,intervention,126616
18,177,intervention,131076
21,177,intervention,135356
24,177,intervention,143439
27,177,intervention,148546
30,177,intervention,156071
33,177,intervention,166502
36,177,intervention,173664
39,177,intervention,172770
42,177,intervention,172494
45,177,intervention,173436
48,177,intervention,173168
0,178,intervention,178538
3,178,intervention,180728
6,178,intervention,184572
9,178,intervention,190061
12,178,intervention,192018
15,178,intervention,194246
18,178,intervention,200058
21,178,intervention,207777
24,178,intervention,210046
27,178,intervention,223702
30,178,intervention,233121
33,178,intervention,242312
36,178,intervention,251588
39,178,intervention,251285
42,178,intervention,250942
45,178,intervention,252177
48,178,intervention,251609
0,179,intervention,172291
3,179,intervention,173079
6,179,intervention,178499
9,179,intervention,183289
12,179,intervention,188740
15,179,intervention,193542
18,179,intervention,197408
21,179,intervention,204398
24,179,intervention,209029
27,179,intervention,217040
30,179,intervention,222353
33,179,intervention,236513
36,179,intervention,244269
39,179,intervention,243622
42,179,intervention,243660
45,179,intervention,244281
48,179,intervention,243477
0,18,intervention,160737
3,18,intervention,161299
6,18,intervention,167403
9,18,intervention,170398
12,18,intervention,173764
15,18,intervention,178603
18,18,intervention,179325
21,18,intervention,184174
24,18,intervention,193009
27,18,intervention,198365
30,18,intervention,207376
33,18,intervention,217947
36,18,intervention,224863
39,18,intervention,224969
42,18,intervention,224804
45,18,intervention,225660
48,18,intervention,225570
0,180,intervention,268637
3,180,intervention,271772
6,180,intervention,275611
9,180,intervention,281097
12,180,intervention,283989
15,180,intervention,291272
18,180,intervention,296869
21,180,intervention,305191
24,180,intervention,311489
27,180,intervention,319327
30,180,intervention,324541
33,180,intervention,335511
36,180,intervention,341759
39,180,intervention,342353
42,180,intervention,343371
45,180,intervention,342286
48,180,intervention,342576
0,181,intervention,132638
3,181,intervention,137029
6,181,intervention,136605
9,181,intervention,144202
12,181,intervention,147548
15,181,intervention,152996
18,181,intervention,156872
21,181,intervention,162750
24,181,intervention,171413
27,181,intervention,173742
30,181,intervention,184078
33,181,intervention,195309
36,181,intervention,203218
39,181,intervention,203818
42,181,intervention,202831
45,181,intervention,202776
48,181,intervention,203323
0,182,intervention,227586
3,182,intervention,227059
6,182,intervention,232892
9,182,intervention,241440
12,182,intervention,245490
15,182,intervention,250689
18,182,intervention,254269
21,182,intervention,260206
24,182,intervention,267435
27,182,intervention,277407
30,182,intervention,286101
33,182,intervention,298066
36,182,intervention,305530
39,182,intervention,304707
42,182,intervention,305190
45,182,intervention,305196
48,182,intervention,303569
0,183,intervention,168517
3,183,intervention,169242
6,183,intervention,172231
9,183,intervention,178116
12,183,intervention,182187
15,183,intervention,185751
18,183,intervention,190983
21,183,intervention,196368
24,183,intervention,203454
27,183,intervention,207795
30,183,intervention,218925
33,183,intervention,228285
36,183,intervention,235425
39,183,intervention,235826
42,183,intervention,236830
45,183,intervention,237031
48,183,intervention,235484
0,184,intervention,164849
3,184,intervention,169558
6,184,intervention,174006
9,184,intervention,176054
12,184,intervention,182664
15,184,intervention,182199
18,184,intervention,190843
21,184,intervention,194168
24,184,intervention,200267
27,184,intervention,208945
30,184,intervention,218413
33,184,intervention,225511
36,184,intervention,235306
39,184,intervention,235877
42,184,intervention,235631
45,184,intervention,234524
48,184,intervention,236360
0,185,intervention,92919
3,185,intervention,93815
6,185,intervention,97085
9,185,intervention,100551
12,185,intervention,101308
15,185,intervention,104485
18,185,intervention,107467
21,185,intervention,113322
24,185,intervention,118974
27,185,intervention,124167
30,185,intervention,132849
33,185,intervention,140733
36,185,intervention,149096
39,185,intervention,150084
42,185,intervention,149067
45,185,intervention,149277
48,185,intervention,149054
0,186,intervention,217362
3,186,intervention,220160
6,186,intervention,222716
9,186,intervention,234106
12,186,intervention,240933
15,186,intervention,243120
18,186,intervention,251727
21,186,intervention,256368
24,186,intervention,261990
27,186,intervention,270249
30,186,intervention,278185
33,186,intervention,289795
36,186,intervention,296196
39,186,intervention,296635
42,186,intervention,295461
45,186,intervention,297188
48,186,intervention,296987
0,187,intervention,196453
3,187,intervention,200216
6,187,intervention,203991
9,187,intervention,208425
12,187,intervention,205097
15,187,intervention,216825
18,187,intervention,223316
21,187,intervention,230122
24,187,intervention,236665
27,187,intervention,243783
30,187,intervention,252500
33,187,intervention,260895
36,187,intervention,270560
39,187,intervention,270648
42,187,intervention,269904
45,187,intervention,271185
48,187,intervention,269256
0,188,intervention,142383
3,188,intervention,148569
6,188,intervention,151490
9,188,intervention,156108
12,188,intervention,156069
15,188,intervention,160191
18,188,intervention,164269
21,188,intervention,169619
24,188,intervention,176918
27,188,intervention,183646
30,188,intervention,191263
33,188,intervention,201991
36,188,intervention,208872
39,188,intervention,209243
42,188,intervention,209227
45,188,intervention,209192
48,188,intervention,208983
0,189,intervention,111267
3,189,intervention,113275
6,189,intervention,113428
9,189,intervention,118943
12,189,intervention,121561
15,189,intervention,123466
18,189,intervention,128509
21,189,intervention,135691
24,189,intervention,140631
27,189,intervention,146750
30,189,intervention,156436
33,189,intervention,163708
36,189,intervention,172370
39,189,intervention,171888
42,189,intervention,172566
45,189,intervention,172023
48,189,intervention,172086
0,19,intervention,291105
3,19,intervention,293367
6,19,intervention,297091
9,19,intervention,305395
12,19,intervention,308353
15,19,intervention,317743
18,19,intervention,323739
21,19,intervention,324600
24,19,intervention,332580
27,19,intervention,339442
30,19,intervention,347836
33,19,intervention,361536
36,19,intervention,370709
39,19,intervention,369614
42,19,intervention,370503
45,19,intervention,370894
48,19,intervention,370918
0,190,intervention,127250
3,190,intervention,127324
6,190,intervention,131547
9,190,intervention,135593
12,190,intervention,140808
15,190,intervention,144673
18,190,intervention,147927
21,190,intervention,155542
24,190,intervention,162172
27,190,intervention,165235
30,190,intervention,168801
33,190,intervention,180517
36,190,intervention,190326
39,190,intervention,189401
42,190,intervention,190220
45,190,intervention,189777
48,190,intervention,190104
0,191,intervention,195969
3,191,intervention,198604
6,191,intervention,200214
9,191,intervention,206891
12,191,intervention,214550
15,191,intervention,215282
18,191,intervention,228512
21,191,intervention,228536
24,191,intervention,238729
27,191,intervention,250032
30,191,intervention,257856
33,191,intervention,267433
36,191,intervention,274000
39,191,intervention,274782
42,191,intervention,274469
45,191,intervention,272898
48,191,intervention,273759
0,192,intervention,174650
3,192,intervention,173105
6,192,intervention,180647
9,192,intervention,186498
12,192,intervention,186786
15,192,intervention,191211
18,192,intervention,197029
21,192,intervention,206381
24,192,intervention,211997
27,192,intervention,213217
30,192,intervention,228816
33,192,intervention,238374
36,192,intervention,243532
39,192,intervention,245454
42,192,intervention,244003
45,192,intervention,245557
48,192,intervention,244585
0,193,intervention,264978
3,193,intervention,266187
6,193,intervention,271783
9,193,intervention,279137
12,193,intervention,283960
15,193,intervention,287484
18,193,intervention,291125
21,193,intervention,303173
24,193,intervention,307764
27,193,intervention,314580
30,193,intervention,325475
33,193,intervention,336227
36,193,intervention,343561
39,193,intervention,343489
42,193,intervention,343341
45,193,intervention,343823
48,193,intervention,342860
0,194,intervention,127319
3,194,intervention,128697
6,194,intervention,130571
9,194,intervention,135561
12,194,intervention,138957
15,194,intervention,142208
18,194,intervention,146663
21,194,intervention,151790
24,194,intervention,157638
27,194,intervention,163723
30,194,intervention,176905
33,194,intervention,185646
36,194,intervention,193504
39,194,intervention,192356
42,194,intervention,193944
45,194,intervention,193315
48,194,intervention,193587
0,195,intervention,197659
3,195,intervention,197588
6,195,intervention,203062
9,195,intervention,207741
12,195,intervention,214260
15,195,intervention,216461
18,195,intervention,225996
21,195,intervention,228969
24,195,intervention,232284
27,195,intervention,240496
30,195,intervention,252043
33,195,intervention,260500
36,195,intervention,268679
39,195,intervention,268999
42,195,intervention,267729
45,195,intervention,268897
48,195,intervention,268196
0,196,intervention,222490
3,196,intervention,229887
6,196,intervention,226253
9,196,intervention,232474
12,196,intervention,238177
15,196,intervention,244935
18,196,intervention,247581
21,196,intervention,257755
24,196,intervention,261476
27,196,intervention,268119
30,196,intervention,283154
33,196,intervention,284085
36,196,intervention,296015
39,196,intervention,297554
42,196,intervention,295613
45,196,intervention,296528
48,196,intervention,296309
0,197,intervention,134853
3,197,intervention,138738
6,197,intervention,142929
9,197,intervention,147417
12,197,intervention,149579
15,197,intervention,152932
18,197,intervention,155673
21,197,intervention,163778
24,197,intervention,170002
27,197,intervention,175780
30,197,intervention,183346
33,197,intervention,193688
36,197,intervention,202409
39,197,intervention,203288
42,197,intervention,202469
45,197,intervention,202368
48,197,intervention,202479
0,198,intervention,194108
3,198,intervention,197515
6,198,intervention,204623
9,198,intervention,204120
12,198,intervention,210587
15,198,intervention,214352
18,198,intervention,220982
21,198,intervention,226620
24,198,intervention,232910
27,198,intervention,242056
30,198,intervention,245537
33,198,intervention,260339
36,198,intervention,267762
39,198,intervention,267288
42,198,intervention,268417
45,198,intervention,267398
48,198,intervention,267581
0,199,intervention,224701
3,199,intervention,227541
6,199,intervention,232436
9,199,intervention,236004
12,199,intervention,240747
15,199,intervention,246799
18,199,intervention,254299
21,199,intervention,262331
24,199,intervention,267746
27,199,intervention,279409
30,199,intervention,284154
33,199,intervention,296265
36,199,intervention,306361
39,199,intervention,306058
42,199,intervention,304339
45,199,intervention,303943
48,199,intervention,304912
0,2,intervention,150881
3,2,intervention,151943
6,2,intervention,156015
9,2,intervention,159753
12,2,intervention,163328
15,2,intervention,167229
18,2,intervention,172625
21,2,intervention,178146
24,2,intervention,184206
27,2,intervention,192081
30,2,intervention,200873
33,2,intervention,214299
36,2,intervention,220482
39,2,intervention,219746
42,2,intervention,220281
45,2,intervention,220616
48,2,intervention,220483
0,20,intervention,125285
3,20,intervention,126434
6,20,intervention,130892
9,20,intervention,133270
12,20,intervention,136137
15,20,intervention,137823
18,20,intervention,146273
21,20,intervention,148165
24,20,intervention,155803
27,20,intervention,162699
30,20,intervention,170506
33,20,intervention,180082
36,20,intervention,188545
39,20,intervention,189142
42,20,intervention,189493
45,20,intervention,188931
48,20,intervention,188593
0,200,intervention,172342
3,200,intervention,172603
6,200,intervention,176540
9,200,intervention,182770
12,200,intervention,181944
15,200,intervention,189489
18,200,intervention,193957
21,200,intervention,200757
24,200,intervention,204795
27,200,intervention,212566
30,200,intervention,219891
33,200,intervention,233069
36,200,intervention,239213
39,200,intervention,238537
42,200,intervention,239341
45,200,intervention,240019
48,200,intervention,238036
0,21,intervention,173303
3,21,intervention,172818
6,21,intervention,181547
9,21,intervention,185732
12,21,intervention,190360
15,21,intervention,194689
18,21,intervention,202638
21,21,intervention,210250
24,21,intervention,216842
27,21,intervention,220144
30,21,intervention,231782
33,21,intervention,243901
36,21,intervention,251111
39,21,intervention,251907
42,21,intervention,250971
45,21,intervention,251147
48,21,intervention,250978
0,22,intervention,138096
3,22,intervention,141430
6,22,intervention,146336
9,22,intervention,149913
12,22,intervention,155161
15,22,intervention,155696
18,22,intervention,165322
21,22,intervention,166050
24,22,intervention,175733
27,22,intervention,182752
30,22,intervention,189486
33,22,intervention,199731
36,22,intervention,206914
39,22,intervention,207173
42,22,intervention,206558
45,22,intervention,207592
48,22,intervention,207993
0,23,intervention,200340
3,23,intervention,203762
6,23,intervention,207297
9,23,intervention,213841
12,23,intervention,215474
15,23,intervention,222690
18,23,intervention,230513
21,23,intervention,235399
24,23,intervention,239387
27,23,intervention,249639
30,23,intervention,257058
33,23,intervention,264637
36,23,intervention,276865
39,23,intervention,276030
42,23,intervention,276868
45,23,intervention,275461
48,23,intervention,276933
0,24,intervention,185419
3,24,intervention,190838
6,24,intervention,186975
9,24,intervention,192969
12,24,intervention,196325
15,24,intervention,202074
18,24,intervention,207735
21,24,intervention,218885
24,24,intervention,222008
27,24,intervention,231550
30,24,intervention,237462
33,24,intervention,248016
36,24,intervention,255251
39,24,intervention,256151
42,24,intervention,255855
45,24,intervention,255668
48,24,intervention,256669
0,25,intervention,122583
3,25,intervention,124182
6,25,intervention,126166
9,25,intervention,131091
12,25,intervention,132244
15,25,intervention,138365
18,25,intervention,139117
21,25,intervention,147684
24,25,intervention,151487
27,25,intervention,159011
30,25,intervention,162161
33,25,intervention,174333
36,25,intervention,182222
39,25,intervention,182422
42,25,intervention,182024
45,25,intervention,182755
48,25,intervention,182246
0,26,intervention,168058
3,26,intervention,173904
6,26,intervention,176781
9,26,intervention,178401
12,26,intervention,182915
15,26,intervention,189833
18,26,intervention,192234
21,26,intervention,196677
24,26,intervention,203678
27,26,intervention,214296
30,26,intervention,222683
33,26,intervention,228732
36,26,intervention,236935
39,26,intervention,238041
42,26,intervention,238623
45,26,intervention,238407
48,26,intervention,238528
0,27,intervention,241571
3,27,intervention,243474
6,27,intervention,246577
9,27,intervention,251035
12,27,intervention,255017
15,27,intervention,262533
18,27,intervention,266379
21,27,intervention,275019
24,27,intervention,281720
27,27,intervention,287558
30,27,intervention,296423
33,27,intervention,309292
36,27,intervention,314390
39,27,intervention,313808
42,27,intervention,313539
45,27,intervention,315407
48,27,intervention,314510
0,28,intervention,235813
3,28,intervention,238652
6,28,intervention,242297
9,28,intervention,245119
12,28,intervention,246964
15,28,intervention,256741
18,28,intervention,260255
21,28,intervention,264674
24,28,intervention,272724
27,28,intervention,281968
30,28,intervention,290638
33,28,intervention,302730
36,28,intervention,309094
39,28,intervention,308167
42,28,intervention,307285
45,28,intervention,307849
48,28,intervention,309048
0,29,intervention,108802
3,29,intervention,112594
6,29,intervention,113767
9,29,intervention,120737
12,29,intervention,125742
15,29,intervention,125423
18,29,intervention,131815
21,29,intervention,131647
24,29,intervention,137764
27,29,intervention,145195
30,29,intervention,155003
33,29,intervention,162351
36,29,intervention,174177
39,29,intervention,172912
42,29,intervention,174222
45,29,intervention,173718
48,29,intervention,172935
0,3,intervention,299687
3,3,intervention,302189
6,3,intervention,310095
9,3,intervention,314472
12,3,intervention,321507
15,3,intervention,325688
18,3,intervention,332568
21,3,intervention,339163
24,3,intervention,350022
27,3,intervention,359142
30,3,intervention,367819
33,3,intervention,376931
36,3,intervention,385980
39,3,intervention,384779
42,3,intervention,385545
45,3,intervention,384578
48,3,intervention,384728
0,30,intervention,339555
3,30,intervention,347793
6,30,intervention,353762
9,30,intervention,358110
12,30,intervention,356778
15,30,intervention,365912
18,30,intervention,373573
21,30,intervention,385136
24,30,intervention,391115
27,30,intervention,398093
30,30,intervention,409325
33,30,intervention,419038
36,30,intervention,424046
39,30,intervention,423612
42,30,intervention,423764
45,30,intervention,423102
48,30,intervention,424091
0,31,intervention,166106
3,31,intervention,168299
6,31,intervention,171433
9,31,intervention,174495
12,31,intervention,179401
15,31,intervention,183246
18,31,intervention,186765
21,31,intervention,194659
24,31,intervention,202417
27,31,intervention,207305
30,31,intervention,218422
33,31,intervention,226550
36,31,intervention,234901
39,31,intervention,235685
42,31,intervention,235355
45,31,intervention,235263
48,31,intervention,234891
0,32,intervention,159204
3,32,intervention,164222
6,32,intervention,166459
9,32,intervention,170379
12,32,intervention,175834
15,32,intervention,181976
18,32,intervention,181860
21,32,intervention,189039
24,32,intervention,192924
27,32,intervention,206140
30,32,intervention,210681
33,32,intervention,221521
36,32,intervention,228781
39,32,intervention,230111
42,32,intervention,229990
45,32,intervention,229211
48,32,intervention,228510
0,33,intervention,247136
3,33,intervention,250940
6,33,intervention,258072
9,33,intervention,262156
12,33,intervention,263444
15,33,intervention,268762
18,33,intervention,282590
21,33,intervention,285579
24,33,intervention,294789
27,33,intervention,300331
30,33,intervention,304378
33,33,intervention,319510
36,33,intervention,325948
39,33,intervention,327268
42,33,intervention,326775
45,33,intervention,326739
48,33,intervention,325856
0,34,intervention,138171
3,34,intervention,140183
6,34,intervention,142493
9,34,intervention,142488
12,34,intervention,147043
15,34,intervention,152232
18,34,intervention,155540
21,34,intervention,158030
24,34,intervention,166194
27,34,intervention,173506
30,34,intervention,181094
33,34,intervention,189417
36,34,intervention,197800
39,34,intervention,198761
42,34,intervention,199019
45,34,intervention,198977
48,34,intervention,197605
0,35,intervention,269773
3,35,intervention,273167
6,35,intervention,281698
9,35,intervention,287313
12,35,intervention,292472
15,35,intervention,300206
18,35,intervention,301729
21,35,intervention,312783
24,35,intervention,320806
27,35,intervention,326250
30,35,intervention,338680
33,35,intervention,345433
36,35,intervention,353773
39,35,intervention,354618
42,35,intervention,354826
45,35,intervention,353794
48,35,intervention,354863
0,36,intervention,134676
3,36,intervention,140321
6,36,intervention,142730
9,36,intervention,145667
12,36,intervention,148444
15,36,intervention,151931
18,36,intervention,156647
21,36,intervention,161010
24,36,intervention,164081
27,36,intervention,177834
30,36,intervention,185677
33,36,intervention,191558
36,36,intervention,200455
39,36,intervention,200467
42,36,intervention,200107
45,36,intervention,201684
48,36,intervention,200526
0,37,intervention,97666
3,37,intervention,101712
6,37,intervention,102817
9,37,intervention,107297
12,37,intervention,110676
15,37,intervention,114164
18,37,intervention,119888
21,37,intervention,125029
24,37,intervention,127985
27,37,intervention,135890
30,37,intervention,141285
33,37,intervention,151983
36,37,intervention,159897
39,37,intervention,158193
42,37,intervention,159130
45,37,intervention,159633
48,37,intervention,159098
0,38,intervention,223180
3,38,intervention,228667
6,38,intervention,230098
9,38,intervention,235565
12,38,intervention,240985
15,38,intervention,244767
18,38,intervention,248033
21,38,intervention,253754
24,38,intervention,262181
27,38,intervention,270494
30,38,intervention,275424
33,38,intervention,288917
36,38,intervention,295401
39,38,intervention,297380
42,38,intervention,297145
45,38,intervention,295168
48,38,intervention,297170
0,39,intervention,117130
3,39,intervention,116860
6,39,intervention,119085
9,39,intervention,122092
12,39,intervention,127432
15,39,intervention,131990
18,39,intervention,134896
21,39,intervention,140599
24,39,intervention,145779
27,39,intervention,152326
30,39,intervention,163302
33,39,intervention,171542
36,39,intervention,178825
39,39,intervention,179017
42,39,intervention,178891
45,39,intervention,178913
48,39,intervention,179242
0,4,intervention,260598
3,4,intervention,262723
6,4,intervention,266653
9,4,intervention,272902
12,4,intervention,275534
15,4,intervention,284439
18,4,intervention,284473
21,4,intervention,296171
24,4,intervention,304059
27,4,intervention,313800
30,4,intervention,320898
33,4,intervention,329227
36,4,intervention,340094
39,4,intervention,340047
42,4,intervention,339998
45,4,intervention,339621
48,4,intervention,339103
0,40,intervention,145826
3,40,intervention,149064
6,40,intervention,149650
9,40,intervention,155710
12,40,intervention,159531
15,40,intervention,162954
18,40,intervention,167334
21,40,intervention,172533
24,40,intervention,179590
27,40,intervention,181597
30,40,intervention,193168
33,40,intervention,201860
36,40,intervention,211905
39,40,intervention,212235
42,40,intervention,212442
45,40,intervention,211380
48,40,intervention,211650
0,41,intervention,245925
3,41,intervention,249437
6,41,intervention,253158
9,41,intervention,259285
12,41,intervention,262210
15,41,intervention,270259
18,41,intervention,278234
21,41,intervention,286965
24,41,intervention,289925
27,41,intervention,300486
30,41,intervention,309295
33,41,intervention,317551
36,41,intervention,326251
39,41,intervention,325158
42,41,intervention,325688
45,41,intervention,326080
48,41,intervention,325492
0,42,intervention,133089
3,42,intervention,135170
6,42,intervention,136946
9,42,intervention,143767
12,42,intervention,146632
15,42,intervention,151287
18,42,intervention,154775
21,42,intervention,160097
24,42,intervention,166189
27,42,intervention,174533
30,42,intervention,184881
33,42,intervention,194809
36,42,intervention,201188
39,42,intervention,200042
42,42,intervention,201136
45,42,intervention,201081
48,42,intervention,201445
0,43,intervention,134142
3,43,intervention,140289
6,43,intervention,139395
9,43,intervention,144163
12,43,intervention,146936
15,43,intervention,150796
18,43,intervention,158502
21,43,intervention,163764
24,43,intervention,169912
27,43,intervention,175445
30,43,intervention,183532
33,43,intervention,192952
36,43,intervention,201764
39,43,intervention,201255
42,43,intervention,201525
45,43,intervention,201696
48,43,intervention,201480
0,44,intervention,62606
3,44,intervention,64068
6,44,intervention,64649
9,44,intervention,67923
12,44,intervention,69965
15,44,intervention,72085
18,44,intervention,75747
21,44,intervention,80170
24,44,intervention,83352
27,44,intervention,87771
30,44,intervention,94024
33,44,intervention,101260
36,44,intervention,109609
39,44,intervention,109622
42,44,intervention,109510
45,44,intervention,109815
48,44,intervention,109826
0,45,intervention,141549
3,45,intervention,145254
6,45,intervention,151397
9,45,intervention,152418
12,45,intervention,158225
15,45,intervention,160274
18,45,intervention,166616
21,45,intervention,172470
24,45,intervention,175446
27,45,intervention,188237
30,45,intervention,192820
33,45,intervention,204741
36,45,intervention,213759
39,45,intervention,214078
42,45,intervention,213495
45,45,intervention,213248
48,45,intervention,213386
0,46,intervention,193325
3,46,intervention,198107
6,46,intervention,202496
9,46,intervention,204177
12,46,intervention,209819
15,46,intervention,218318
18,46,intervention,221093
21,46,intervention,224667
24,46,intervention,229981
27,46,intervention,245618
30,46,intervention,250411
33,46,intervention,262130
36,46,intervention,267151
39,46,intervention,267691
42,46,intervention,267139
45,46,intervention,267890
48,46,intervention,268047
0,47,intervention,141770
3,47,intervention,145094
6,47,intervention,148273
9,47,intervention,151632
12,47,intervention,154830
15,47,intervention,160492
18,47,intervention,165131
21,47,intervention,168779
24,47,intervention,171731
27,47,intervention,181173
30,47,intervention,189733
33,47,intervention,196765
36,47,intervention,207935
39,47,intervention,207438
42,47,intervention,208184
45,47,intervention,207637
48,47,intervention,207989
0,48,intervention,89444
3,48,intervention,92417
6,48,intervention,93125
9,48,intervention,100233
12,48,intervention,101974
15,48,intervention,103175
18,48,intervention,107285
21,48,intervention,112388
24,48,intervention,117051
27,48,intervention,123042
30,48,intervention,132229
33,48,intervention,139794
36,48,intervention,148783
39,48,intervention,148138
42,48,intervention,148861
45,48,intervention,147913
48,48,intervention,148824
0,49,intervention,218769
3,49,intervention,219339
6,49,intervention,223482
9,49,intervention,228643
12,49,intervention,232863
15,49,intervention,238215
18,49,intervention,243855
21,49,intervention,250593
24,49,intervention,258690
27,49,intervention,266131
30,49,intervention,277414
33,49,intervention,285152
36,49,intervention,293357
39,49,intervention,292455
42,49,intervention,293486
45,49,intervention,292743
48,49,intervention,293104
0,5,intervention,287764
3,5,intervention,293273
6,5,intervention,295962
9,5,intervention,298243
12,5,intervention,310682
15,5,intervention,311925
18,5,intervention,318264
21,5,intervention,329035
24,5,intervention,334229
27,5,intervention,344426
30,5,intervention,352127
33,5,intervention,359231
36,5,intervention,369473
39,5,intervention,368140
42,5,intervention,367903
45,5,intervention,370041
48,5,intervention,368453
0,50,intervention,161892
3,50,intervention,164088
6,50,intervention,170957
9,50,intervention,172877
12,50,intervention,177923
15,50,intervention,181479
18,50,intervention,189256
21,50,intervention,194070
24,50,intervention,205165
27,50,intervention,205836
30,50,intervention,215968
33,50,intervention,227681
36,50,intervention,234523
39,50,intervention,234968
42,50,intervention,235074
45,50,intervention,235106
48,50,intervention,236017
0,51,intervention,191094
3,51,intervention,194040
6,51,intervention,197232
9,51,intervention,203029
12,51,intervention,209400
15,51,intervention,209389
18,51,intervention,213068
21,51,intervention,218923
24,51,intervention,229640
27,51,intervention,237680
30,51,intervention,245827
33,51,intervention,255383
36,51,intervention,265725
39,51,intervention,265758
42,51,intervention,266350
45,51,intervention,264932
48,51,intervention,266788
0,52,intervention,107481
3,52,intervention,113044
6,52,intervention,116114
9,52,intervention,120011
12,52,intervention,123390
15,52,intervention,125572
18,52,intervention,132000
21,52,intervention,136661
24,52,intervention,138354
27,52,intervention,145861
30,52,intervention,152427
33,52,intervention,162720
36,52,intervention,172257
39,52,intervention,172270
42,52,intervention,173030
45,52,intervention,171673
48,52,intervention,172550
0,53,intervention,104183
3,53,intervention,105714
6,53,intervention,107315
9,53,intervention,110646
12,53,intervention,115666
15,53,intervention,118226
18,53,intervention,123096
21,53,intervention,126950
24,53,intervention,130769
27,53,intervention,138358
30,53,intervention,147779
33,53,intervention,154115
36,53,intervention,163669
39,53,intervention,163193
42,53,intervention,163266
45,53,intervention,163415
48,53,intervention,163556
0,54,intervention,156518
3,54,intervention,159480
6,54,intervention,162486
9,54,intervention,167488
12,54,intervention,174098
15,54,intervention,177489
18,54,intervention,182323
21,54,intervention,191381
24,54,intervention,190402
27,54,intervention,200715
30,54,intervention,211059
33,54,intervention,218739
36,54,intervention,229551
39,54,intervention,228664
42,54,intervention,229506
45,54,intervention,228325
48,54,intervention,228929
0,55,intervention,186992
3,55,intervention,192972
6,55,intervention,195937
9,55,intervention,202446
12,55,intervention,202331
15,55,intervention,210614
18,55,intervention,214436
21,55,intervention,221741
24,55,intervention,224401
27,55,intervention,232277
30,55,intervention,240398
33,55,intervention,249172
36,55,intervention,260225
39,55,intervention,260655
42,55,intervention,258722
45,55,intervention,259711
48,55,intervention,260046
0,56,intervention,220479
3,56,intervention,227561
6,56,intervention,231659
9,56,intervention,231878
12,56,intervention,237215
15,56,intervention,244346
18,56,intervention,247878
21,56,intervention,255109
24,56,intervention,258362
27,56,intervention,267734
30,56,intervention,279376
33,56,intervention,288086
36,56,intervention,297776
39,56,intervention,296616
42,56,intervention,297962
45,56,intervention,297698
48,56,intervention,297326
0,57,intervention,141041
3,57,intervention,143927
6,57,intervention,150447
9,57,intervention,149307
12,57,intervention,155056
15,57,intervention,161745
18,57,intervention,165896
21,57,intervention,171320
24,57,intervention,178908
27,57,intervention,187399
30,57,intervention,192663
33,57,intervention,201967
36,57,intervention,211499
39,57,intervention,212496
42,57,intervention,210453
45,57,intervention,211032
48,57,intervention,211799
0,58,intervention,162604
3,58,intervention,163831
6,58,intervention,166714
9,58,intervention,170123
12,58,intervention,173373
15,58,intervention,180011
18,58,intervention,186994
21,58,intervention,192125
24,58,intervention,196476
27,58,intervention,202456
30,58,intervention,212079
33,58,intervention,221138
36,58,intervention,229730
39,58,intervention,230099
42,58,intervention,230212
45,58,intervention,230787
48,58,intervention,229694
0,59,intervention,165846
3,59,intervention,168301
6,59,intervention,171084
9,59,intervention,172233
12,59,intervention,180429
15,59,intervention,183642
18,59,intervention,189776
21,59,intervention,194938
24,59,intervention,200535
27,59,intervention,209273
30,59,intervention,219650
33,59,intervention,230413
36,59,intervention,237582
39,59,intervention,236661
42,59,intervention,236215
45,59,intervention,237602
48,59,intervention,236538
0,6,intervention,166630
3,6,intervention,173276
6,6,intervention,180406
9,6,intervention,176158
12,6,intervention,185329
15,6,intervention,188094
18,6,intervention,190748
21,6,intervention,200855
24,6,intervention,204562
27,6,intervention,212213
30,6,intervention,220400
33,6,intervention,228529
36,6,intervention,240189
39,6,intervention,238944
42,6,intervention,239248
45,6,intervention,238578
48,6,intervention,239035
0,60,intervention,171056
3,60,intervention,174481
6,60,intervention,177889
9,60,intervention,182328
12,60,intervention,188532
15,60,intervention,191157
18,60,intervention,199207
21,60,intervention,204323
24,60,intervention,209834
27,60,intervention,219199
30,60,intervention,224713
33,60,intervention,233164
36,60,intervention,242790
39,60,intervention,242599
42,60,intervention,242901
45,60,intervention,241943
48,60,intervention,242202
0,61,intervention,274023
3,61,intervention,284712
6,61,intervention,287506
9,61,intervention,291913
12,61,intervention,302113
15,61,intervention,306184
18,61,intervention,309155
21,61,intervention,316765
24,61,intervention,321074
27,61,intervention,332067
30,61,intervention,336864
33,61,intervention,351523
36,61,intervention,360811
39,61,intervention,359159
42,61,intervention,358917
45,61,intervention,360444
48,61,intervention,360372
0,62,intervention,165146
3,62,intervention,169321
6,62,intervention,168550
9,62,intervention,174264
12,62,intervention,177793
15,62,intervention,183764
18,62,intervention,185585
21,62,intervention,189789
24,62,intervention,194451
27,62,intervention,208765
30,62,intervention,213471
33,62,intervention,223154
36,62,intervention,232192
39,62,intervention,232630
42,62,intervention,233572
45,62,intervention,232293
48,62,intervention,232466
0,63,intervention,236189
3,63,intervention,243488
6,63,intervention,243619
9,63,intervention,247828
12,63,intervention,252962
15,63,intervention,258124
18,63,intervention,263864
21,63,intervention,265884
24,63,intervention,278400
27,63,intervention,281724
30,63,intervention,296578
33,63,intervention,305022
36,63,intervention,312475
39,63,intervention,311541
42,63,intervention,312750
45,63,intervention,313130
48,63,intervention,313589
0,64,intervention,245466
3,64,intervention,249815
6,64,intervention,254636
9,64,intervention,256698
12,64,intervention,259042
15,64,intervention,264921
18,64,intervention,274826
21,64,intervention,282321
24,64,intervention,289456
27,64,intervention,293890
30,64,intervention,306363
33,64,intervention,314372
36,64,intervention,323217
39,64,intervention,321625
42,64,intervention,322994
45,64,intervention,322941
48,64,intervention,322935
0,65,intervention,180751
3,65,intervention,182660
6,65,intervention,189139
9,65,intervention,192519
12,65,intervention,192976
15,65,intervention,201772
18,65,intervention,207907
21,65,intervention,211245
24,65,intervention,218319
27,65,intervention,224027
30,65,intervention,231333
33,65,intervention,241790
36,65,intervention,250503
39,65,intervention,250762
42,65,intervention,251962
45,65,intervention,250919
48,65,intervention,250115
0,66,intervention,158961
3,66,intervention,160977
6,66,intervention,164354
9,66,intervention,168931
12,66,intervention,171337
15,66,intervention,177645
18,66,intervention,178532
21,66,intervention,187198
24,66,intervention,190794
27,66,intervention,202070
30,66,intervention,209842
33,66,intervention,221039
36,66,intervention,227724
39,66,intervention,227818
42,66,intervention,227648
45,66,intervention,228338
48,66,intervention,228277
0,67,intervention,131439
3,67,intervention,133160
6,67,intervention,135139
9,67,intervention,139354
12,67,intervention,142594
15,67,intervention,148128
18,67,intervention,152645
21,67,intervention,156885
24,67,intervention,163458
27,67,intervention,170836
30,67,intervention,175496
33,67,intervention,187153
36,67,intervention,194429
39,67,intervention,194025
42,67,intervention,194306
45,67,intervention,194158
48,67,intervention,194581
0,68,intervention,173024
3,68,intervention,179366
6,68,intervention,186087
9,68,intervention,188493
12,68,intervention,192063
15,68,intervention,200793
18,68,intervention,201302
21,68,intervention,205288
24,68,intervention,215642
27,68,intervention,220694
30,68,intervention,232324
33,68,intervention,239793
36,68,intervention,247986
39,68,intervention,247775
42,68,intervention,248435
45,68,intervention,248298
48,68,intervention,248266
0,69,intervention,74523
3,69,intervention,77182
6,69,intervention,79925
9,69,intervention,82026
12,69,intervention,83383
15,69,intervention,87914
18,69,intervention,91437
21,69,intervention,96830
24,69,intervention,99616
27,69,intervention,104655
30,69,intervention,108429
33,69,intervention,121169
36,69,intervention,128261
39,69,intervention,128397
42,69,intervention,128339
45,69,intervention,128582
48,69,intervention,127827
0,7,intervention,93467
3,7,intervention,97659
6,7,intervention,100156
9,7,intervention,102680
12,7,intervention,105025
15,7,intervention,105893
18,7,intervention,111741
21,7,intervention,117105
24,7,intervention,120509
27,7,intervention,126601
30,7,intervention,135366
33,7,intervention,145428
36,7,intervention,153152
39,7,intervention,152673
42,7,intervention,152758
45,7,intervention,153320
48,7,intervention,153057
0,70,intervention,242532
3,70,intervention,245475
6,70,intervention,248689
9,70,intervention,257267
12,70,intervention,259508
15,70,intervention,266568
18,70,intervention,267919
21,70,intervention,276577
24,70,intervention,281290
27,70,intervention,291722
30,70,intervention,294853
33,70,intervention,309891
36,70,intervention,315063
39,70,intervention,315582
42,70,intervention,316841
45,70,intervention,315192
48,70,intervention,315176
0,71,intervention,91064
3,71,intervention,93365
6,71,intervention,96924
9,71,intervention,98079
12,71,intervention,103328
15,71,intervention,103838
18,71,intervention,109012
21,71,intervention,112150
24,71,intervention,114945
27,71,intervention,122296
30,71,intervention,132124
33,71,intervention,139669
36,71,intervention,146458
39,71,intervention,147745
42,71,intervention,147421
45,71,intervention,146846
48,71,intervention,147055
0,72,intervention,152016
3,72,intervention,153063
6,72,intervention,155911
9,72,intervention,155852
12,72,intervention,162450
15,72,intervention,168055
18,72,intervention,171515
21,72,intervention,177575
24,72,intervention,186757
27,72,intervention,190725
30,72,intervention,199303
33,72,intervention,209418
36,72,intervention,215571
39,72,intervention,215191
42,72,intervention,215067
45,72,intervention,215463
48,72,intervention,214882
0,73,intervention,177792
3,73,intervention,181486
6,73,intervention,186061
9,73,intervention,189671
12,73,intervention,192897
15,73,intervention,202495
18,73,intervention,208564
21,73,intervention,212618
24,73,intervention,220090
27,73,intervention,232370
30,73,intervention,240376
33,73,intervention,252819
36,73,intervention,257730
39,73,intervention,258811
42,73,intervention,258710
45,73,intervention,258235
48,73,intervention,258224
0,74,intervention,244961
3,74,intervention,246478
6,74,intervention,254099
9,74,intervention,260531
12,74,intervention,264134
15,74,intervention,264950
18,74,intervention,275741
21,74,intervention,279117
24,74,intervention,283681
27,74,intervention,290466
30,74,intervention,304375
33,74,intervention,310391
36,74,intervention,319958
39,74,intervention,320056
42,74,intervention,319373
45,74,intervention,320823
48,74,intervention,320896
0,75,intervention,144618
3,75,intervention,146883
6,75,intervention,149547
9,75,intervention,153027
12,75,intervention,158131
15,75,intervention,163453
18,75,intervention,168768
21,75,intervention,174518
24,75,intervention,177047
27,75,intervention,184383
30,75,intervention,194581
33,75,intervention,202576
36,75,intervention,210143
39,75,intervention,210523
42,75,intervention,209903
45,75,intervention,210714
48,75,intervention,210500
0,76,intervention,125234
3,76,intervention,130296
6,76,intervention,133705
9,76,intervention,132708
12,76,intervention,139905
15,76,intervention,142393
18,76,intervention,147187
21,76,intervention,149692
24,76,intervention,157514
27,76,intervention,166342
30,76,intervention,170920
33,76,intervention,179678
36,76,intervention,190555
39,76,intervention,189578
42,76,intervention,190439
45,76,intervention,190252
48,76,intervention,190950
0,77,intervention,134894
3,77,intervention,139676
6,77,intervention,142296
9,77,intervention,147491
12,77,intervention,148908
15,77,intervention,153611
18,77,intervention,157891
21,77,intervention,163412
24,77,intervention,169877
27,77,intervention,175253
30,77,intervention,184652
33,77,intervention,193376
36,77,intervention,201103
39,77,intervention,201227
42,77,intervention,200621
45,77,intervention,200189
48,77,intervention,201161
0,78,intervention,159711
3,78,intervention,163133
6,78,intervention,170287
9,78,intervention,174445
12,78,intervention,181286
15,78,intervention,183042
18,78,intervention,189567
21,78,intervention,196332
24,78,intervention,200300
27,78,intervention,208662
30,78,intervention,217225
33,78,intervention,227874
36,78,intervention,235357
39,78,intervention,235814
42,78,intervention,235082
45,78,intervention,235743
48,78,intervention,235277
0,79,intervention,190833
3,79,intervention,192937
6,79,intervention,194516
9,79,intervention,198911
12,79,intervention,205138
15,79,intervention,207631
18,79,intervention,213842
21,79,intervention,221435
24,79,intervention,228310
27,79,intervention,233785
30,79,intervention,243216
33,79,intervention,249532
36,79,intervention,259295
39,79,intervention,258389
42,79,intervention,257471
45,79,intervention,258197
48,79,intervention,258181
0,8,intervention,143071
3,8,intervention,146454
6,8,intervention,147555
9,8,intervention,152389
12,8,intervention,155876
15,8,intervention,161059
18,8,intervention,168470
21,8,intervention,169875
24,8,intervention,179590
27,8,intervention,183607
30,8,intervention,190969
33,8,intervention,200641
36,8,intervention,210403
39,8,intervention,210506
42,8,intervention,209512
45,8,intervention,209726
48,8,intervention,209909
0,80,intervention,199910
3,80,intervention,202549
6,80,intervention,205137
9,80,intervention,208564
12,80,intervention,212304
15,80,intervention,218261
18,80,intervention,222039
21,80,intervention,229054
24,80,intervention,235035
27,80,intervention,247650
30,80,intervention,254002
33,80,intervention,263015
36,80,intervention,271875
39,80,intervention,272613
42,80,intervention,271778
45,80,intervention,272638
48,80,intervention,272862
0,81,intervention,270643
3,81,intervention,270623
6,81,intervention,276700
9,81,intervention,285384
12,81,intervention,288639
15,81,intervention,295660
18,81,intervention,299139
21,81,intervention,309562
24,81,intervention,315052
27,81,intervention,321908
30,81,intervention,331455
33,81,intervention,343816
36,81,intervention,350023
39,81,intervention,348913
42,81,intervention,351132
45,81,intervention,349256
48,81,intervention,350556
0,82,intervention,250812
3,82,intervention,250940
6,82,intervention,260141
9,82,intervention,263365
12,82,intervention,273567
15,82,intervention,278614
18,82,intervention,282452
21,82,intervention,287163
24,82,intervention,295929
27,82,intervention,305403
30,82,intervention,314909
33,82,intervention,319930
36,82,intervention,332009
39,82,intervention,330274
42,82,intervention,330883
45,82,intervention,331208
48,82,intervention,330135
0,83,intervention,139769
3,83,intervention,144740
6,83,intervention,147506
9,83,intervention,150177
12,83,intervention,158057
15,83,intervention,160258
18,83,intervention,163800
21,83,intervention,169331
24,83,intervention,173428
27,83,intervention,181248
30,83,intervention,186933
33,83,intervention,197930
36,83,intervention,209492
39,83,intervention,208149
42,83,intervention,209006
45,83,intervention,209537
48,83,intervention,209369
0,84,intervention,102475
3,84,intervention,106284
6,84,intervention,108947
9,84,intervention,112039
12,84,intervention,113521
15,84,intervention,116079
18,84,intervention,120085
21,84,intervention,127996
24,84,intervention,133210
27,84,intervention,138736
30,84,intervention,145045
33,84,intervention,157170
36,84,intervention,163974
39,84,intervention,163753
42,84,intervention,165370
45,84,intervention,164689
48,84,intervention,164969
0,85,intervention,235097
3,85,intervention,239604
6,85,intervention,243276
9,85,intervention,250669
12,85,intervention,250261
15,85,intervention,257892
18,85,intervention,265029
21,85,intervention,269011
24,85,intervention,278132
27,85,intervention,286390
30,85,intervention,292813
33,85,intervention,303602
36,85,intervention,311438
39,85,intervention,312208
42,85,intervention,311498
45,85,intervention,312544
48,85,intervention,311532
0,86,intervention,216376
3,86,intervention,222091
6,86,intervention,226673
9,86,intervention,225263
12,86,intervention,232867
15,86,intervention,236350
18,86,intervention,240634
21,86,intervention,250153
24,86,intervention,253698
27,86,intervention,264500
30,86,intervention,274208
33,86,intervention,281312
36,86,intervention,292046
39,86,intervention,291831
42,86,intervention,292472
45,86,intervention,291316
48,86,intervention,291390
0,87,intervention,121669
3,87,intervention,123240
6,87,intervention,128324
9,87,intervention,127354
12,87,intervention,133113
15,87,intervention,136467
18,87,intervention,142772
21,87,intervention,143813
24,87,intervention,153592
27,87,intervention,157843
30,87,intervention,167797
33,87,intervention,176383
36,87,intervention,184043
39,87,intervention,183927
42,87,intervention,184067
45,87,intervention,184169
48,87,intervention,184415
0,88,intervention,327449
3,88,intervention,333131
6,88,intervention,338892
9,88,intervention,341172
12,88,intervention,349593
15,88,intervention,355320
18,88,intervention,355247
21,88,intervention,366090
24,88,intervention,371045
27,88,intervention,379981
30,88,intervention,390279
33,88,intervention,395971
36,88,intervention,407863
39,88,intervention,407572
42,88,intervention,407589
45,88,intervention,408849
48,88,intervention,407949
0,89,intervention,226902
3,89,intervention,230316
6,89,intervention,233449
9,89,intervention,238831
12,89,intervention,238144
15,89,intervention,247320
18,89,intervention,255676
21,89,intervention,262518
24,89,intervention,270261
27,89,intervention,278136
30,89,intervention,284097
33,89,intervention,295410
36,89,intervention,303239
39,89,intervention,303579
42,89,intervention,302574
45,89,intervention,303293
48,89,intervention,302166
0,9,intervention,168728
3,9,intervention,171907
6,9,intervention,174282
9,9,intervention,179163
12,9,intervention,184663
15,9,intervention,190348
18,9,intervention,196088
21,9,intervention,202174
24,9,intervention,204761
27,9,intervention,214141
30,9,intervention,226181
33,9,intervention,232466
36,9,intervention,241490
39,9,intervention,242035
42,9,intervention,241034
45,9,intervention,241462
48,9,intervention,241928
0,90,intervention,181092
3,90,intervention,187058
6,90,intervention,188281
9,90,intervention,192507
12,90,intervention,195967
15,90,intervention,201720
18,90,intervention,206558
21,90,intervention,209603
24,90,intervention,216069
27,90,intervention,225123
30,90,intervention,231372
33,90,intervention,245756
36,90,intervention,250626
39,90,intervention,251455
42,90,intervention,252427
45,90,intervention,252427
48,90,intervention,251331
0,91,intervention,137224
3,91,intervention,140761
6,91,intervention,141761
9,91,intervention,145737
12,91,intervention,149351
15,91,intervention,152431
18,91,intervention,155718
21,91,intervention,163192
24,91,intervention,166809
27,91,intervention,174145
30,91,intervention,182183
33,91,intervention,195036
36,91,intervention,202335
39,91,intervention,202453
42,91,intervention,202755
45,91,intervention,202153
48,91,intervention,200961
0,92,intervention,301795
3,92,intervention,306773
6,92,intervention,315208
9,92,intervention,323169
12,92,intervention,319850
15,92,intervention,328436
18,92,intervention,335307
21,92,intervention,343064
24,92,intervention,345530
27,92,intervention,359465
30,92,intervention,370311
33,92,intervention,376937
36,92,intervention,385541
39,92,intervention,384845
42,92,intervention,386819
45,92,intervention,386807
48,92,intervention,385775
0,93,intervention,118471
3,93,intervention,120706
6,93,intervention,124497
9,93,intervention,126659
12,93,intervention,129641
15,93,intervention,131479
18,93,intervention,138034
21,93,intervention,142493
24,93,intervention,145680
27,93,intervention,152607
30,93,intervention,161982
33,93,intervention,171119
36,93,intervention,180584
39,93,intervention,181707
42,93,intervention,180189
45,93,intervention,181519
48,93,intervention,181302
0,94,intervention,193073
3,94,intervention,197803
6,94,intervention,200939
9,94,intervention,203958
12,94,intervention,208354
15,94,intervention,213367
18,94,intervention,221514
21,94,intervention,226262
24,94,intervention,235687
27,94,intervention,237246
30,94,intervention,251378
33,94,intervention,260438
36,94,intervention,266565
39,94,intervention,267751
42,94,intervention,267930
45,94,intervention,267008
48,94,intervention,267770
0,95,intervention,268191
3,95,intervention,273714
6,95,intervention,278337
9,95,intervention,283804
12,95,intervention,284814
15,95,intervention,292739
18,95,intervention,298488
21,95,intervention,303189
24,95,intervention,315331
27,95,intervention,319725
30,95,intervention,328313
33,95,intervention,339434
36,95,intervention,346663
39,95,intervention,347661
42,95,intervention,346919
45,95,intervention,348587
48,95,intervention,346574
0,96,intervention,230898
3,96,intervention,236357
6,96,intervention,239382
9,96,intervention,245135
12,96,intervention,250115
15,96,intervention,254261
18,96,intervention,263008
21,96,intervention,266366
24,96,intervention,272950
27,96,intervention,281237
30,96,intervention,291110
33,96,intervention,300124
36,96,intervention,306985
39,96,intervention,306260
42,96,intervention,307190
45,96,intervention,307138
48,96,intervention,307724
0,97,intervention,146884
3,97,intervention,148765
6,97,intervention,153366
9,97,intervention,156404
12,97,intervention,160877
15,97,intervention,163779
18,97,intervention,168062
21,97,intervention,174891
24,97,intervention,179617
27,97,intervention,187177
30,97,intervention,196132
33,97,intervention,205554
36,97,intervention,213899
39,97,intervention,214149
42,97,intervention,213953
45,97,intervention,214119
48,97,intervention,214172
0,98,intervention,240397
3,98,intervention,246015
6,98,intervention,253658
9,98,intervention,257401
12,98,intervention,262095
15,98,intervention,266221
18,98,intervention,269896
21,98,intervention,276545
24,98,intervention,283481
27,98,intervention,295566
30,98,intervention,307137
33,98,intervention,315679
36,98,intervention,323222
39,98,intervention,322024
42,98,intervention,322812
45,98,intervention,323006
48,98,intervention,324120
0,99,intervention,218926
3,99,intervention,220786
6,99,intervention,224946
9,99,intervention,229892
12,99,intervention,230345
15,99,intervention,236632
18,99,intervention,239260
21,99,intervention,248515
24,99,intervention,256300
27,99,intervention,270387
30,99,intervention,273385
33,99,intervention,286428
36,99,intervention,292925
39,99,intervention,294132
42,99,intervention,293894
45,99,intervention,293089
48,99,intervention,293657
