Time,n_pairs,Value,median_r2,sd_r2,min_r2,max_r2,Seed,Model
0,2262330,0.02123277034349977,0.01009680330753326,0.02961885482797934,0,1.4753592014312744,1,control
3,2299700,0.02125755372853575,0.01016754005104303,0.02952256527423601,0,1.1221013069152832,1,control
6,2228725,0.02120761291491039,0.01011834759265184,0.02923003873751424,0,0.7971938848495483,1,control
9,2225775,0.02154116384079806,0.01028499472886324,0.02999986271706298,0,1.0470640659332275,1,control
12,2218500,0.02103034111162166,0.01008010189980268,0.02892692919960361,0,0.6009652614593506,1,control
15,2205081,0.02120017063589738,0.01010742131620645,0.02922968939761679,0,0.49621522426605225,1,control
18,2209640,0.02119420843954644,0.01009745616465807,0.02916904414265202,0,0.5629468560218811,1,control
21,2248318,0.02123301426613993,0.01013919059187173,0.02926343484966417,0,0.5702458024024963,1,control
24,2214762,0.02147192183808121,0.01017491333186626,0.03068984182089848,0,1.9965418577194216,1,control
27,2232035,0.02141387025661989,0.01022313255816698,0.02957711714247571,0,0.7706220149993896,1,control
30,2219931,0.0214150743502722,0.01021809969097375,0.0295335140232346,0,0.5866675972938538,1,control
33,2242126,0.02126901281356301,0.01009680330753326,0.03125018340429927,0,3.2061550617218018,1,control
36,2281580,0.02119051615343987,0.01009745616465807,0.02921141314133177,0,0.566896915435791,1,control
39,2229024,0.02131641520897553,0.01018039416521787,0.02936112020905074,0,0.6531873941421509,1,control
42,2236248,0.02126345057179588,0.01017491333186626,0.02925339972578999,0,0.6071330308914185,1,control
45,2262007,0.0215197040229981,0.01029415894299745,0.02979701427696374,0,1.0719828605651855,1,control
48,2293698,0.02123841036672717,0.01014709193259477,0.02925032708483446,0,0.6719548106193542,1,control
0,2174078,0.02118440495524138,0.01010818034410476,0.02925357035717277,0,0.6230406761169434,10,control
3,2113891,0.02125215512005087,0.01011159271001815,0.02923916678674626,0,0.566896915435791,10,control
6,2131584,0.02141982818600815,0.01026534475386142,0.0294826823234944,0,0.5482248663902283,10,control
9,2179812,0.02143089540117222,0.01027693971991539,0.02950890319056678,0,0.5605268478393555,10,control
12,2122680,0.02137940718440843,0.01027000602334737,0.02940515723194279,0,0.7618494033813477,10,control
15,2154999,0.02118442413321118,0.01013289298862218,0.02918600758850861,0,0.6075363755226135,10,control
18,2116800,0.02118490381920193,0.01014187838882207,0.02919943734688281,0,0.564775824546814,10,control
21,2189916,0.02119515911209199,0.0101067628711462,0.02922240741307314,0,0.6122516989707947,10,control
24,2109744,0.02129255305636769,0.01021051127463579,0.02922959292245312,0,0.566896915435791,10,control
27,2112110,0.0212392715234359,0.0101178977638483,0.02918262909063293,0,0.6546304821968079,10,control
30,2109700,0.02195391684439503,0.0104772699996829,0.03029284444835093,0,0.8199708461761475,10,control
33,2120972,0.02179610362418589,0.01043082028627395,0.03025086310399771,0,1.631955862045288,10,control
36,2082213,0.02134437334911514,0.0101838894188404,0.02933816767111217,0,0.566896915435791,10,control
39,2137380,0.02115871329592401,0.01010599080473184,0.02915573265662645,0,0.8195891380310059,10,control
42,2122705,0.02133465434718622,0.01019003521651029,0.02938797008651089,0,0.568489134311676,10,control
45,2163805,0.02165692390841507,0.01033006142824888,0.02989595912117032,0,0.6546949148178101,10,control
48,2150022,0.02123222389093138,0.01014187838882207,0.0292263298096708,0,0.481665313243866,10,control
0,1598804,0.02130913836487075,0.01019003521651029,0.0293238514690886,0,0.6841755509376526,100,control
3,1607599,0.02126431017198766,0.0101230964064598,0.02927849410413604,0,0.540640115737915,100,control
6,1565700,0.02139503808120865,0.01021521165966987,0.02945421113937569,0,0.7551798224449158,100,control
9,1607424,0.02138029851522154,0.01022590510547161,0.02931727659015564,0,0.5447705984115601,100,control
12,1619124,0.02104095685766568,0.01007644645869731,0.02903271737757439,0,0.49621522426605225,100,control
15,1615432,0.02128777149639065,0.01018666569143533,0.02932723130864058,0,0.5333820581436157,100,control
18,1615405,0.02128639195777822,0.01017220877110958,0.02918159093569868,0,0.6046605110168457,100,control
21,1619214,0.02144058071995337,0.01029052212834358,0.02946915216247224,0,0.566896915435791,100,control
24,1628172,0.0212761993367383,0.01015836931765079,0.02926608163977701,0,0.5478178858757019,100,control
27,1595120,0.02121237802956717,0.01013091392815113,0.02918352611526404,0,0.5655374526977539,100,control
30,1609577,0.02109891650495076,0.01009680330753326,0.0290940866502668,0,0.646826446056366,100,control
33,1600000,0.02156072516578407,0.01028386875987053,0.02976222012171462,0,0.6342341899871826,100,control
36,1634532,0.02116316657204838,0.01013919059187173,0.02916245867644353,0,0.6533433794975281,100,control
39,1632995,0.02119266761891782,0.01014415733516216,0.02914662614691794,0,0.5606502890586853,100,control
42,1585788,0.0216862170587859,0.01041232794523239,0.02982999770290511,0,0.8551920652389526,100,control
45,1642948,0.02143707424969808,0.01023645233362913,0.0295490208652487,0,0.514768123626709,100,control
48,1621100,0.02122479518138868,0.01017491333186626,0.02921619733895607,0,0.5500140190124512,100,control
0,1706400,0.02125535925310057,0.01019388809800148,0.02923310112899746,0,0.8484119176864624,101,control
3,1675014,0.02133849069655076,0.01018881052732467,0.02946206781907604,0,0.6841755509376526,101,control
6,1728900,0.02173251763449,0.01041232794523239,0.02985279880587871,0,0.6129453182220459,101,control
9,1745550,0.02151597304569083,0.01033852808177471,0.02965877501423165,0,0.566896915435791,101,control
12,1721466,0.02127285279579727,0.01015533600002527,0.02931945503358472,0,0.566896915435791,101,control
15,1684075,0.0214883218872443,0.01025699637830257,0.02995947487278019,0,1.1720293760299685,101,control
18,1670624,0.02145142433168195,0.01028499472886324,0.02948691319495485,0,0.6546949148178101,101,control
21,1719792,0.02151844231754525,0.01029415894299745,0.02963195900008939,0,0.5700709223747253,101,control
24,1760200,0.02129611171527336,0.01020089443773031,0.02930778439600963,0,0.6857874393463135,101,control
27,1703140,0.02140459413436912,0.01020899228751659,0.02946784007259403,0,0.5702458024024963,101,control
30,1697390,0.02106767224572614,0.01005160063505172,0.02904876083132199,0,0.6546949148178101,101,control
33,1676428,0.02149059318574827,0.01020811032503843,0.02981011605631536,0,1.1547571420669556,101,control
36,1679255,0.02122778217735985,0.01009919308125972,0.02928521559177681,0,0.566896915435791,101,control
39,1712810,0.02129962323308362,0.01019109971821308,0.02925047091583721,0,0.7368083000183105,101,control
42,1718550,0.02119803679565258,0.01017634943127632,0.02909392803709735,0,0.5265645980834961,101,control
45,1672150,0.02145983430233571,0.01026951801031828,0.02949945026515718,0,0.566896915435791,101,control
48,1681946,0.02116784882076322,0.01016408950090408,0.02912990811150813,0,0.59593266248703,101,control
0,2604980,0.02142558229552312,0.01022349018603563,0.03039301509839117,0,1.7354289293289185,102,control
3,2572527,0.02127641454990217,0.01019817870110273,0.02925513359324534,0,0.5807311534881592,102,control
6,2543664,0.02139875016390148,0.01025223731994628,0.02956143003347899,0,0.6322378516197205,102,control
9,2637375,0.02161759859588877,0.01026125997304916,0.03428680604202901,0,3.496194839477539,102,control
12,2654340,0.0214396609640234,0.01020899228751659,0.03038203292271441,0,1.70868980884552,102,control
15,2625264,0.02136460135811273,0.01017665863037109,0.03032698921297725,0,1.8353092670440672,102,control
18,2632486,0.02144723321733043,0.01028378121554851,0.0295226547956567,0,0.5936068296432495,102,control
21,2630043,0.02141701101780952,0.01022696401923894,0.0297062251315079,0,1.0112247467041016,102,control
24,2545608,0.02139259877799228,0.01018039416521787,0.02968816427383237,0,1.1231862306594849,102,control
27,2617924,0.02129571082921503,0.0101820770651102,0.02941546035749927,0,1.2384265661239624,102,control
30,2580812,0.02163541513611677,0.01041577104479074,0.02992704938740545,0,1.2132306098937988,102,control
33,2593704,0.02154181378767499,0.01018039416521787,0.03717408180581892,0,5.244089603424072,102,control
36,2611407,0.0213157551902666,0.01018809527158737,0.02940441748987202,0,0.5796167254447937,102,control
39,2547167,0.02142747933689208,0.01029190607368946,0.02953244535007482,0,0.6546949148178101,102,control
42,2545578,0.02145996155065856,0.01015910878777504,0.03238800472139137,0,3.637519598007202,102,control
45,2587182,0.02158464515844363,0.01028651557862758,0.03029103671361938,0,1.333866834640503,102,control
48,2616096,0.02132816025475337,0.01013180613517761,0.03034375093068459,0,2.187705993652344,102,control
0,2596842,0.02136685400507076,0.01021051127463579,0.02935055587642994,0,0.8569610118865967,103,control
3,2585583,0.02138520935150615,0.01017491333186626,0.02943861545309621,0,0.5547524690628052,103,control
6,2621161,0.02131881709392068,0.01019003521651029,0.02937578463078789,0,0.540640115737915,103,control
9,2638980,0.02143836540673972,0.01022246200591325,0.02963155641448336,0,0.621270477771759,103,control
12,2598535,0.02148340389015976,0.01021586917340755,0.03129997627825164,0,2.665555953979492,103,control
15,2632450,0.02154872389126225,0.01028499472886324,0.02982014760291761,0,0.8722015023231506,103,control
18,2574364,0.02158405359850107,0.010321732610464091,0.02992527903900005,0,1.3386220932006836,103,control
21,2617824,0.02156208708054738,0.0103092361241579,0.02978312720233909,0,1.0103471279144287,103,control
24,2640429,0.02120766514709279,0.0100997881963849,0.02923267153794044,0,0.566896915435791,103,control
27,2598348,0.02142753171787158,0.01022705715149641,0.02956478123123764,0,0.5477128624916077,103,control
30,2601744,0.02132656596402004,0.01014887075871229,0.02939350627287908,0,0.94548100233078,103,control
33,2564772,0.02134658362893298,0.01018881052732467,0.029395731480521,0,0.8003444671630859,103,control
36,2601625,0.0213272353094369,0.01018474344164133,0.02970769877065028,0,1.2434139251708984,103,control
39,2537613,0.02128904411521185,0.0101820770651102,0.02939464810431993,0,0.7573935985565186,103,control
42,2596822,0.021298388361412,0.01014187838882207,0.03068137661451959,0,2.687752485275269,103,control
45,2563165,0.02157427735726769,0.01029190607368946,0.03120769898690684,0,2.3364555835723877,103,control
48,2562112,0.02130168696613647,0.01016408950090408,0.02945332088836559,0,0.6691049933433533,103,control
0,2959778,0.02137058223745518,0.01022658869624137,0.02943739407289598,0,0.6385349035263062,104,control
3,3015390,0.02139843719075783,0.01018474344164133,0.02955041226502444,0,0.8775815367698669,104,control
6,2927232,0.02157291514541872,0.01035192422568798,0.02967995133853589,0,0.5879270434379578,104,control
9,2891394,0.02132352133017156,0.01013289298862218,0.02942544319574046,0,0.8225650787353516,104,control
12,2961720,0.0213968480602182,0.01019003521651029,0.02987066490200709,0,1.6554642915725708,104,control
15,3001050,0.02154169132894194,0.01015751436352729,0.03739629199357106,0,5.185470104217529,104,control
18,3006272,0.02240433040896432,0.01029415894299745,0.07658073377895498,0,24.51022148132324,104,control
21,2971951,0.02138435143665912,0.01019003521651029,0.02974332063582899,0,1.1354891061782837,104,control
24,2921634,0.02178820870690741,0.0101761408150196,0.03963308852708826,0,6.335079669952393,104,control
27,2946162,0.02151404522909291,0.01018039416521787,0.03228567945651514,0,3.32702112197876,104,control
30,2973870,0.02172741080496206,0.01023394521325826,0.03619137220608289,0,5.819151878356934,104,control
33,2994448,0.02148337175099449,0.01025845110416412,0.03034618589172551,0,2.3729000091552734,104,control
36,2892560,0.02129183734974814,0.01016939245164394,0.02926308513049464,0,0.6013466715812683,104,control
39,2980340,0.02146330572797936,0.01015533600002527,0.03178575994693794,0,2.915841579437256,104,control
42,2913408,0.02113932668266116,0.01009680330753326,0.02910097301146951,0,0.7135950326919556,104,control
45,2982360,0.02156847985248203,0.01025223731994628,0.03115045139635655,0,2.3058485984802246,104,control
48,2982465,0.02136597441820495,0.01019067037850618,0.02980038973791497,0,1.4337953329086304,104,control
0,2319333,0.02115521515606672,0.01013919059187173,0.02923673600175551,0,0.5744583010673523,105,control
3,2241576,0.02132040681106734,0.01017491333186626,0.02932709480401747,0,0.5343884229660034,105,control
6,2311108,0.02114705954847292,0.01010818034410476,0.02910834654809903,0,0.540640115737915,105,control
9,2262870,0.02143136497667264,0.010303795337677,0.02947966175319481,0,0.8173438906669617,105,control
12,2244572,0.02130992999307966,0.01016939245164394,0.02932822524783212,0,0.5813720226287842,105,control
15,2284119,0.02134507817113194,0.01020199060440063,0.02933623063892564,0,0.566896915435791,105,control
18,2315955,0.02142948631313245,0.01028378121554851,0.0295248407873121,0,0.7399733662605286,105,control
21,2255328,0.02147827497741826,0.01029190607368946,0.02958254777105668,0,0.6013466715812683,105,control
24,2287236,0.02133415044149346,0.01021051127463579,0.0292905356525269,0,0.566896915435791,105,control
27,2257784,0.02118662727904277,0.01010392140597105,0.02913589671330841,0,0.566896915435791,105,control
30,2297516,0.02133975367909728,0.01018474344164133,0.02936684804578709,0,0.566896915435791,105,control
33,2320452,0.0213686777549071,0.01022313255816698,0.02939819007305402,0,0.6378270983695984,105,control
36,2253446,0.02119272905428208,0.01014187838882207,0.0291476233071331,0,0.6546949148178101,105,control
39,2253690,0.02115451007495879,0.01009680330753326,0.02911101430244091,0,0.540841817855835,105,control
42,2329146,0.02168072190821738,0.01041232794523239,0.02981243002705178,0,0.6527131199836731,105,control
45,2261232,0.02154898671895765,0.01032234542071819,0.02965114124033057,0,0.566896915435791,105,control
48,2283640,0.02152512486177156,0.0103092361241579,0.02966453087840711,0,0.7004510760307312,105,control
0,1778112,0.02125218147320621,0.01018039416521787,0.02920933709134716,0,0.4811410903930664,106,control
3,1801314,0.02115888003867371,0.01013121847063303,0.02921831951725676,0,0.7106826901435852,106,control
6,1789715,0.02128020267701049,0.0101820770651102,0.02934798528200085,0,0.6073858141899109,106,control
9,1784367,0.02174408828152917,0.01042236573994159,0.02988945133084924,0,0.566896915435791,106,control
12,1778980,0.02121229364315751,0.01011506933718919,0.02920098168126621,0,0.5866675972938538,106,control
15,1788354,0.02108591221959042,0.01009745616465807,0.02899051584071163,0,0.566896915435791,106,control
18,1854260,0.02153156160407926,0.01037300284951925,0.02962719693051159,0,0.621270477771759,106,control
21,1788150,0.0215236640030514,0.0103092361241579,0.02965783061350635,0,0.5744583010673523,106,control
24,1843840,0.02128412926632643,0.01017220877110958,0.02934409627112926,0,0.5836429595947266,106,control
27,1787544,0.02102567446329151,0.01005160063505172,0.02889209886787141,0,0.6841755509376526,106,control
30,1791472,0.0212960424638583,0.01025842409580946,0.02930062917445172,0,0.5983755588531494,106,control
33,1785770,0.021441219167469,0.01019968371838331,0.02958832676708813,0,0.6841755509376526,106,control
36,1832691,0.02125521417232069,0.01018565986305475,0.02929527573078827,0,0.6546949148178101,106,control
39,1774744,0.02132978031653758,0.0101961325854063,0.02940919508904313,0,0.6841755509376526,106,control
42,1810028,0.0217030551089781,0.01040907576680183,0.03001450083159464,0,0.6099802255630493,106,control
45,1823820,0.02141299211695363,0.01025601848959922,0.02957952453708785,0,0.6649728417396545,106,control
48,1784671,0.02135725560326189,0.01028378121554851,0.0294086566946448,0,0.6129453182220459,106,control
0,2944367,0.02133970900945647,0.01019817870110273,0.02940472251732236,0,0.600493848323822,107,control
3,2937600,0.02152536730903718,0.01018666569143533,0.03229509100890949,0,3.1532785892486572,107,control
6,2867786,0.02140506793301784,0.01019817870110273,0.02949626292851417,0,0.766452431678772,107,control
9,2979612,0.02134438363325579,0.01015700958669185,0.02963116186496472,0,1.2008440494537354,107,control
12,2929190,0.02125304162927276,0.01018265448510646,0.02927730816229513,0,0.7342720627784729,107,control
15,2976648,0.02137425886648351,0.01018039416521787,0.02977867318778498,0,1.0831141471862793,107,control
18,2920005,0.02132399920150937,0.01014187838882207,0.02988221877039361,0,2.0333290100097656,107,control
21,2964500,0.02161757020079351,0.0102332467213273,0.03376082268045891,0,3.865182399749756,107,control
24,2961112,0.02149593402111393,0.01031966228038072,0.02956677796173081,0,0.6841755509376526,107,control
27,2882763,0.02126602220589076,0.01016408950090408,0.02942884190323521,0,1.2457606792449951,107,control
30,2922208,0.02143713749307643,0.01024432107806205,0.02956396691601966,0,0.6546949148178101,107,control
33,2957724,0.02169219901563838,0.0103092361241579,0.03347251933715834,0,4.399529933929443,107,control
36,2941948,0.02148794904476212,0.01023045368492603,0.0305309695123698,0,2.3781330585479736,107,control
39,2933213,0.0213618287791435,0.01014187838882207,0.02963341179450151,0,0.8351770043373108,107,control
42,2942447,0.02189387979671419,0.01028510183095932,0.04171667219805695,0,9.580617904663086,107,control
45,2994078,0.02164212705108095,0.01025842409580946,0.0318243960786847,0,4.559337615966797,107,control
48,2944256,0.02119181588845202,0.01013091392815113,0.02919329897498565,0,0.566896915435791,107,control
0,2800980,0.02146933797457472,0.01021733693778514,0.03143891916604311,0,2.809134006500244,108,control
3,2806672,0.02147475841303463,0.0103092361241579,0.0296431720343559,0,0.6622183918952942,108,control
6,2824686,0.02152375805141648,0.01032564416527748,0.03007099501529888,0,1.5997068881988523,108,control
9,2782080,0.02136923568336198,0.01026043388992548,0.02938584017723308,0,0.6325857043266296,108,control
12,2758400,0.02147783640826924,0.0102389482781291,0.03134563973762091,0,2.8058483600616455,108,control
15,2796013,0.02133680559588321,0.01019985880702734,0.02945017797464677,0,0.5866675972938538,108,control
18,2756000,0.02146895964608442,0.01026951801031828,0.0295447180965506,0,0.6075363755226135,108,control
21,2820298,0.02137593710630916,0.01025223731994628,0.02952083596364856,0,1.020681619644165,108,control
24,2760426,0.02122856068658704,0.01018339022994041,0.02921706904788629,0,0.6129453182220459,108,control
27,2789937,0.02159277180618817,0.01028378121554851,0.03244385595281834,0,4.492102146148682,108,control
30,2826560,0.02147621674626868,0.01026090048253536,0.02963323820098804,0,0.7454980611801147,108,control
33,2739650,0.02131852672241966,0.01018474344164133,0.02944793745887059,0,0.5891797542572021,108,control
36,2852058,0.02129812447001252,0.01019290741533041,0.02936182347093729,0,0.6325857043266296,108,control
39,2774466,0.02123924336800213,0.01013846974819898,0.02933030129367845,0,0.9720019102096558,108,control
42,2714472,0.02143912280206275,0.01022590510547161,0.02951188764463797,0,0.5784626603126526,108,control
45,2763926,0.02181123712335311,0.01039798650890588,0.03374656726230236,0,5.679042339324951,108,control
48,2744226,0.02111292540523144,0.0101065244525671,0.02905107760094939,0,0.5057430863380432,108,control
0,2335190,0.02144335025158475,0.01029415894299745,0.02946814362466302,0,0.530300498008728,109,control
3,2278318,0.02132500418108728,0.01015739887952804,0.02941985815939092,0,0.6230547428131104,109,control
6,2293578,0.02143244507779436,0.01024425867944955,0.02950310125772815,0,0.5655374526977539,109,control
9,2299122,0.02130647784223711,0.0101961325854063,0.02927486556097503,0,0.5314626097679138,109,control
12,2267636,0.021356533955186,0.01023655012249946,0.02934293834064632,0,0.6613544821739197,109,control
15,2290302,0.02124025849525021,0.01014187838882207,0.02918190556770942,0,0.583214282989502,109,control
18,2340624,0.02131690589357316,0.0101961325854063,0.02932600502361238,0,0.605413019657135,109,control
21,2263869,0.02137724789766692,0.01021142024546861,0.02940798361928684,0,0.6767114400863647,109,control
24,2291107,0.02124916569987457,0.01016408950090408,0.0291932647083222,0,0.6841755509376526,109,control
27,2260992,0.02149844915645541,0.010303795337677,0.02957919160659945,0,0.7368083000183105,109,control
30,2318440,0.02117984669296026,0.01014131773263216,0.02910606317754981,0,0.646826446056366,109,control
33,2292304,0.02125013785880657,0.01014187838882207,0.02924748661799692,0,0.5744583010673523,109,control
36,2244690,0.02135524856159799,0.01019003521651029,0.02944519409468708,0,0.566896915435791,109,control
39,2291667,0.02114178407708013,0.01009680330753326,0.02907914995514121,0,0.6013466715812683,109,control
42,2286174,0.02154798737915196,0.01033379137516021,0.02975419356219331,0,0.5594295859336853,109,control
45,2308460,0.02141767271290553,0.01023594196885824,0.02945484450619559,0,0.6078379154205322,109,control
48,2307474,0.02121146050985305,0.01017077267169952,0.0291143792820719,0,0.6325857043266296,109,control
0,2287260,0.02126629637979532,0.01014187838882207,0.0292566164252979,0,0.59593266248703,11,control
3,2300961,0.02121331254828278,0.01013664435595274,0.02920071205199284,0,0.5866675972938538,11,control
6,2295360,0.02151721219574675,0.01026304718106985,0.02962501681571542,0,0.6779300570487976,11,control
9,2343586,0.02128790104983654,0.01019003521651029,0.02931083801528455,0,0.7240395545959473,11,control
12,2303265,0.02130574040393975,0.01017153263092041,0.02929092686104444,0,0.6073858141899109,11,control
15,2271450,0.02132450622965455,0.01015836931765079,0.02938147823184813,0,0.7543994188308716,11,control
18,2283750,0.02164482924510476,0.01041232794523239,0.0297914112866423,0,0.6841755509376526,11,control
21,2331276,0.02130737705408557,0.01022786926478147,0.02932045125281622,0,0.6779300570487976,11,control
24,2292070,0.02125300476064916,0.01014187838882207,0.02927208164046471,0,0.5477128624916077,11,control
27,2255165,0.02121380058226738,0.01009745616465807,0.02923781344579793,0,0.5136807560920715,11,control
30,2327556,0.0215780638990293,0.01037645898759365,0.0297815605938122,0,0.6626731157302856,11,control
33,2305574,0.02140444050111539,0.01022922527045011,0.02943505449530876,0,0.6287680268287659,11,control
36,2303330,0.02132510419794246,0.01017077267169952,0.02937483160913842,0,0.5679451823234558,11,control
39,2304188,0.02142273376408825,0.01018337160348892,0.02952444228489385,0,0.6841755509376526,11,control
42,2334816,0.02169761493373316,0.0103535745292902,0.02992295975455933,0,0.6280452013015747,11,control
45,2312894,0.02131098645607814,0.01020378991961479,0.02933179073773486,0,0.566896915435791,11,control
48,2295866,0.02118524302367598,0.01011834759265184,0.02914415424257393,0,0.5667126774787903,11,control
0,2452131,0.02126046934218017,0.01013919059187173,0.02937989483308882,0,0.7123515605926514,110,control
3,2405405,0.02122616452094012,0.01016408950090408,0.02932964317106575,0,0.6841755509376526,110,control
6,2466414,0.02159208419238593,0.01026699785143137,0.03311503663044252,0,3.253852605819702,110,control
9,2447640,0.02149589726666734,0.01028857566416263,0.02962917766344064,0,0.5813720226287842,110,control
12,2414516,0.02139145802586021,0.01018039416521787,0.02986286070205392,0,1.61957848072052,110,control
15,2444490,0.02124548482392021,0.01019003521651029,0.02922555625809994,0,0.6129453182220459,110,control
18,2396295,0.02147881847841925,0.01029190607368946,0.0296513387087361,0,0.568489134311676,110,control
21,2459982,0.02133675564149718,0.01013091392815113,0.02970714701950742,0,1.5377901792526243,110,control
24,2444490,0.0214312970102035,0.01021586917340755,0.02960545629865716,0,0.8722015023231506,110,control
27,2413362,0.02138924142447091,0.01026951801031828,0.02949028180310642,0,0.6942316889762878,110,control
30,2394714,0.02180885012792018,0.01031406223773956,0.03627888829374723,0,5.824416160583496,110,control
33,2427195,0.02170196226459743,0.01032575592398643,0.0304730258990111,0,1.4396684169769287,110,control
36,2477355,0.02117666474360165,0.01017665863037109,0.0291416329909386,0,0.5737672448158264,110,control
39,2425464,0.0212381261217847,0.01012334041297435,0.02947149754213436,0,1.166644811630249,110,control
42,2385174,0.02137688882376182,0.01020652055740356,0.02948717914894611,0,0.741436779499054,110,control
45,2453922,0.02168175042310045,0.01016408950090408,0.04052080835204622,0,6.153109073638916,110,control
48,2432700,0.02152672797813365,0.0101961325854063,0.03463616235525126,0,5.56994104385376,110,control
0,2871060,0.02138847929844273,0.01022313255816698,0.02961687267266749,0,1.1602697372436523,111,control
3,2777183,0.02154671900130579,0.01030286028981208,0.0297287365942136,0,0.982835590839386,111,control
6,2883096,0.0213671493210612,0.01017883140593767,0.02975045348747069,0,1.0583717823028564,111,control
9,2863440,0.02124851469355297,0.01015836931765079,0.02927707984027846,0,0.9535345435142516,111,control
12,2868250,0.021354788535143,0.01019003521651029,0.02947885926559282,0,0.7342227697372437,111,control
15,2885438,0.02130332796886359,0.0101961325854063,0.02935718513955236,0,0.7240395545959473,111,control
18,2827100,0.02149006615580366,0.01020652055740356,0.03081376328328186,0,3.5705132484436035,111,control
21,2862106,0.02133745305112067,0.01018666569143533,0.02939878547116083,0,0.8484119176864624,111,control
24,2857545,0.02118369284162446,0.01010818034410476,0.02919613188289151,0,0.5434810519218445,111,control
27,2830280,0.02118179324769428,0.01014187838882207,0.02931268644970215,0,1.2464487552642822,111,control
30,2882452,0.0213816786353111,0.01014187838882207,0.03192727643384441,0,3.585655927658081,111,control
33,2823457,0.02153811088804097,0.01030056364834308,0.02980077102773398,0,0.8612152338027954,111,control
36,2887975,0.02125782944682815,0.01014976296573877,0.02929202681167005,0,0.5695227980613708,111,control
39,2886138,0.02129430860161563,0.01017491333186626,0.0293234125057841,0,0.9632390737533568,111,control
42,2878314,0.02127153096954132,0.01013091392815113,0.02940931545421692,0,1.0153143405914309,111,control
45,2834560,0.0212950749003407,0.01014976296573877,0.02928716329617278,0,0.6517641544342041,111,control
48,2860116,0.02151738416640798,0.01029190607368946,0.0297819915919075,0,1.037895917892456,111,control
0,2346975,0.02151906119118273,0.01029190607368946,0.02963313276934974,0,0.9191153645515442,112,control
3,2265021,0.02337584882535115,0.01018039416521787,0.14686822625121518,0,47.8947868347168,112,control
6,2345480,0.02247032311333775,0.01023707911372184,0.07480433389739591,0,16.659725189208984,112,control
9,2376222,0.02372413316957743,0.01018881052732467,0.16695512527959022,0,39.23570251464844,112,control
12,2339350,0.02127305252672564,0.0101820770651102,0.02922005082595459,0,0.6546949148178101,112,control
15,2385348,0.02127822094370465,0.01015673950314521,0.02932982780004024,0,0.7292510867118835,112,control
18,2337816,0.02148261104386283,0.01029190607368946,0.02979192330949627,0,1.0512953996658323,112,control
21,2324070,0.02143906635684224,0.01019003521651029,0.03172487760684706,0,2.6905252933502197,112,control
24,2379286,0.02221151271253392,0.01010593120008707,0.07318229831660425,0,23.881486892700195,112,control
27,2361840,0.02116423339192889,0.01018492504954338,0.02910712358355117,0,0.6841755509376526,112,control
30,2330130,0.02148522888956958,0.01021586917340755,0.03013777012233178,0,1.7378113269805908,112,control
33,2328640,0.02132822346703825,0.01018474344164133,0.02937376289794832,0,0.8242548108100891,112,control
36,2343897,0.02116062902039749,0.01008658017963171,0.02922068527475221,0,0.8077442646026611,112,control
39,2413252,0.02135963376848963,0.01020378991961479,0.02945130186176262,0,0.5679451823234558,112,control
42,2354634,0.0215259126443715,0.01033576671034097,0.02960351912928497,0,0.6154496073722839,112,control
45,2363904,0.02137269025053194,0.01022590510547161,0.02948151411329432,0,0.7251716256141663,112,control
48,2406996,0.0213507228672959,0.01017665863037109,0.02947741284009634,0,0.8355659246444702,112,control
0,3071713,0.02141992473610237,0.0102657014504075,0.02950810740131734,0,0.6129453182220459,113,control
3,3035133,0.02141628763291117,0.01029190607368946,0.0295172555093002,0,0.6546949148178101,113,control
6,3075360,0.02136914231158123,0.01024432107806205,0.02946627613790057,0,0.6346561908721924,113,control
9,2958050,0.02160409658862898,0.01034765504300594,0.0296808940343294,0,0.5744583010673523,113,control
12,3072168,0.02126135129862416,0.01016700640320777,0.02946386808136926,0,1.1599678993225098,113,control
15,3019626,0.02119568911653635,0.01013176795095205,0.02916315487318463,0,0.5702458024024963,113,control
18,2988145,0.02138716438860795,0.0102389482781291,0.02945116496429734,0,0.6129453182220459,113,control
21,3033664,0.02127148085425392,0.01016939245164394,0.02926782138288539,0,0.5395437479019165,113,control
24,3023104,0.02140731970543015,0.01026107557117939,0.0294554092823118,0,0.5744583010673523,113,control
27,3015826,0.02119671615064657,0.01018881052732467,0.02916751853605656,0,0.5861449837684631,113,control
30,3009890,0.02129256215878958,0.01018584426492452,0.02934581839573772,0,0.6129453182220459,113,control
33,3080058,0.02151482664484308,0.01034844852983951,0.02966013493728155,0,0.5744583010673523,113,control
36,3043729,0.02129729674181449,0.01021051127463579,0.02931479867384683,0,0.7454280257225037,113,control
39,3039687,0.02118432862511797,0.01017665863037109,0.02912189460392505,0,0.6841755509376526,113,control
42,3034500,0.02130763988850726,0.01019842736423015,0.02930975080646604,0,0.8722015023231506,113,control
45,3067983,0.02121300146094263,0.01015533600002527,0.02924190762538868,0,0.6841755509376526,113,control
48,3049206,0.02136338010241284,0.0102302823215723,0.02949912546382013,0,0.6767114400863647,113,control
0,1466121,0.02134274149316514,0.01022590510547161,0.02941648246411274,0,0.5924255847930908,114,control
3,1461197,0.02129911483399596,0.0101961325854063,0.02929811692618144,0,0.7106826901435852,114,control
6,1510377,0.02112314600459524,0.01009745616465807,0.02911343717143649,0,0.6082767248153687,114,control
9,1521466,0.02119592118155544,0.01010818034410476,0.02931811891682365,0,0.6365780234336853,114,control
12,1465200,0.02129003422863816,0.01017220877110958,0.02933966732139606,0,0.566896915435791,114,control
15,1497776,0.02129221041534468,0.01018666569143533,0.02931641814469988,0,0.7454280257225037,114,control
18,1491880,0.02180410775830177,0.0104772699996829,0.02998270299738493,0,0.7707827091217041,114,control
21,1506744,0.02127139962936308,0.01017153263092041,0.02945846746403838,0,0.7634177207946777,114,control
24,1493184,0.02116903561308263,0.01012963056564331,0.0292073487403969,0,0.5022333860397339,114,control
27,1510377,0.02131016848493947,0.0102657014504075,0.02939390637419625,0,0.686599612236023,114,control
30,1525221,0.02157281037379849,0.01037184335291385,0.02970699793108999,0,0.662023663520813,114,control
33,1495648,0.02122700833642054,0.01014487259089946,0.02911177227814217,0,0.8722015023231506,114,control
36,1538534,0.0211411945864668,0.01009745616465807,0.02916240225274345,0,0.6073858141899109,114,control
39,1518300,0.02119298655139478,0.01008074451237917,0.02924505205890119,0,0.5679451823234558,114,control
42,1505448,0.02160034570693,0.01041232794523239,0.02965137358039718,0,0.566896915435791,114,control
45,1461485,0.02181674223421923,0.01047122851014137,0.03014777701087508,0,0.5983755588531494,114,control
48,1482096,0.02120385243913769,0.01009680330753326,0.0291784305546245,0,0.566896915435791,114,control
0,3209332,0.0214221091258707,0.01021051127463579,0.02949105087555906,0,0.6496040225028992,115,control
3,3273878,0.02121416433954957,0.01019817870110273,0.02925418783303814,0,0.7556340098381042,115,control
6,3204916,0.021366957079417,0.01020899228751659,0.02945341362600065,0,0.6841755509376526,115,control
9,3205050,0.02121518182220451,0.01014187838882207,0.02932114790967449,0,1.1349350214004517,115,control
12,3270475,0.02131398104016215,0.01019003521651029,0.02940109318245908,0,0.9763941168785096,115,control
15,3190464,0.02172040690673695,0.01015673950314521,0.04246678440302613,0,13.073208808898926,115,control
18,3203772,0.0212055687309012,0.01011792477220296,0.02929997963174478,0,0.7231521010398865,115,control
21,3145544,0.02129921608163879,0.01014972385019064,0.02931401595585119,0,0.6841755509376526,115,control
24,3185882,0.02130058753799865,0.01018039416521787,0.02931425770809881,0,0.5535022020339966,115,control
27,3196458,0.02101821764016945,0.01005322579294443,0.02895162482680086,0,0.7756319642066956,115,control
30,3226584,0.02158317896986403,0.01032501179724931,0.0298680321801887,0,1.0947227478027344,115,control
33,3193330,0.02144041281846621,0.0102657014504075,0.02952676874150944,0,0.7240395545959473,115,control
36,3175128,0.02111021684880047,0.01006779354065656,0.02904687903249761,0,0.6546949148178101,115,control
39,3216096,0.0212552610203691,0.01011015381664037,0.02926364520961328,0,0.5034059286117554,115,control
42,3203772,0.02125451515665363,0.01017883140593767,0.02927744549686566,0,0.6730135083198547,115,control
45,3219216,0.02151565319828054,0.0103221470490098,0.02956823766479504,0,0.6841755509376526,115,control
48,3226404,0.02147751840202022,0.01029649283736944,0.02950460763955154,0,0.5754063129425049,115,control
0,2926152,0.02140733749300562,0.01019817870110273,0.0304578272353503,0,2.397541761398315,116,control
3,2900367,0.02141767700232961,0.01027532387524843,0.02966860859508786,0,1.2135703563690186,116,control
6,2942720,0.02120879061229248,0.01014187838882207,0.02922243206621836,0,0.7977619767189026,116,control
9,2880704,0.02140997700987591,0.01019817870110273,0.02980549102053538,0,1.1398344039916992,116,control
12,2948936,0.02149324908050403,0.01032357104122638,0.02961594441841341,0,0.7977619767189026,116,control
15,2984828,0.02128563371356555,0.01016408950090408,0.02938676170392198,0,1.0574309825897217,116,control
18,2937158,0.02150002869154551,0.01028378121554851,0.02968363132709472,0,0.6419737935066223,116,control
21,2988145,0.02135979464402878,0.01018039416521787,0.03016438839853732,0,2.191184759140014,116,control
24,2934892,0.02133389612777913,0.01022313255816698,0.0293640138605505,0,0.6767114400863647,116,control
27,2923458,0.02151169774026184,0.01024437136948108,0.030815875481533712,0,2.1553244590759277,116,control
30,2956464,0.02160721200472957,0.01028510183095932,0.03147154783122805,0,3.776819944381714,116,control
33,2917765,0.02126628824033359,0.01015603635460138,0.02926308451924842,0,0.647896945476532,116,control
36,2967129,0.02116275435028563,0.01013846974819898,0.02915722370569442,0,0.566896915435791,116,control
39,2890888,0.02138294021450768,0.01020192727446556,0.02970374293802185,0,1.1583747863769531,116,control
42,2918832,0.02129494738560481,0.01019003521651029,0.02936409173443509,0,0.7504701614379883,116,control
45,2939461,0.02166436109863609,0.01031966228038072,0.03053746240535908,0,1.7956461906433103,116,control
48,2963435,0.02130335367654598,0.01022696401923894,0.0293841273829081,0,0.5729954838752747,116,control
0,1829184,0.02119964607672306,0.01013176795095205,0.02916494696780965,0,0.5679451823234558,117,control
3,1833172,0.02134005732146029,0.01020664721727371,0.02943582496879175,0,0.9780170917510986,117,control
6,1844139,0.02135421578413619,0.01014106068760156,0.0293666460588256,0,0.5679126381874084,117,control
9,1810350,0.02384907434106126,0.01019817870110273,0.15857336663060329,0,37.631370544433594,117,control
12,1810358,0.02309776345071758,0.01020378991961479,0.099821632467618,0,30.31033706665039,117,control
15,1830584,0.02132944144166371,0.01018474344164133,0.02937602444062508,0,0.690561830997467,117,control
18,1844100,0.02150679564247794,0.01026951801031828,0.02999228489654462,0,1.7166614532470703,117,control
21,1833312,0.02164315175424457,0.01028034649789333,0.03082723065630836,0,1.461714506149292,117,control
24,1799532,0.02113331209747019,0.01008436921983957,0.0290692027353099,0,0.5136807560920715,117,control
27,1830440,0.02142043906039423,0.01024536695331335,0.02945441285489652,0,0.5737672448158264,117,control
30,1774208,0.02299059214522148,0.0101961325854063,0.10832146836933342,0,33.9040641784668,117,control
33,1815414,0.02138905490267004,0.01016369275748729,0.03132619740617808,0,2.2907121181488037,117,control
36,1796940,0.02153337593532351,0.01016306225210428,0.03135546494687722,0,2.8294546604156494,117,control
39,1800768,0.02170377131499384,0.01014187838882207,0.03673629983365564,0,4.9710211753845215,117,control
42,1833027,0.02130665699281407,0.01015533600002527,0.02930719660339073,0,0.666388988494873,117,control
45,1826090,0.02181226018617356,0.01034712325781583,0.0319960756903395,0,2.0864098072052,117,control
48,1853302,0.02171876256454302,0.01009745616465807,0.0394685404760222,0,5.131691932678223,117,control
0,1925084,0.02127705236164635,0.01017665863037109,0.02921295127939472,0,0.566896915435791,118,control
3,1943040,0.02127433752831844,0.01016768999397754,0.02937563030496624,0,0.7827720046043396,118,control
6,1949906,0.0213840351104111,0.01019817870110273,0.02969337407670375,0,1.0448482036590576,118,control
9,1865875,0.02190794636304726,0.01050639059394598,0.03047351510467462,0,0.7977619767189026,118,control
12,1953004,0.02124776620038606,0.01011206209659576,0.02923079396221452,0,0.5685139894485474,118,control
15,1904364,0.02131023581479586,0.01019003521651029,0.02937420705600766,0,0.8680546879768372,118,control
18,1927932,0.02130541937959507,0.01021586917340755,0.02937472529336142,0,0.6613612174987793,118,control
21,1950200,0.02174134091575403,0.01041232794523239,0.02991847471143811,0,0.7744283676147461,118,control
24,1961388,0.02133099658593982,0.01024835463613271,0.02940315318148882,0,0.5744583010673523,118,control
27,1950140,0.02142893027827435,0.01015673950314521,0.03252376492948542,0,3.710561037063598,118,control
30,1959975,0.02100601351311889,0.01004673819988966,0.0291375424609427,0,0.6767114400863647,118,control
33,1912520,0.02135077409208272,0.01019616983830928,0.02947168683965622,0,0.909986674785614,118,control
36,1897494,0.02123698004969716,0.01014187838882207,0.0292662017461812,0,0.8807064890861511,118,control
39,1930680,0.02132480995892814,0.01020356640219688,0.02942729122144947,0,0.5797731876373291,118,control
42,1953000,0.02150965363182598,0.01025722734630107,0.03102786457098881,0,2.2997796535491943,118,control
45,1914066,0.02152511091073763,0.01017220877110958,0.03597305833185508,0,5.3699212074279785,118,control
48,1978132,0.02133916052008735,0.01014577597379684,0.02968584835773181,0,1.3223052024841309,118,control
0,2157705,0.02200630874704908,0.0101961325854063,0.05943917019173588,0,13.576009750366213,119,control
3,2119740,0.02144291562595157,0.01022590510547161,0.03001374014670333,0,1.4026929140090942,119,control
6,2123656,0.02138620729957192,0.01020402461290359,0.02960341361336624,0,0.6415465474128723,119,control
9,2138354,0.02112659257841721,0.01009527314454317,0.02913113000169969,0,0.6013466715812683,119,control
12,2185582,0.02132842754003853,0.01017665863037109,0.02955320232678356,0,0.8621216416358948,119,control
15,2188164,0.0214220069809333,0.01029190607368946,0.02950437815532682,0,0.6129453182220459,119,control
18,2109250,0.02141642339045946,0.01025845110416412,0.02946097658545175,0,0.5385596752166748,119,control
21,2150550,0.02146574943166909,0.01016636937856674,0.03278795271061219,0,3.3763506412506104,119,control
24,2111173,0.02124059259495875,0.01018709596246481,0.02958211948461843,0,1.0822227001190186,119,control
27,2127112,0.02126338163011357,0.01018474344164133,0.0292333977947551,0,0.5140187740325928,119,control
30,2133896,0.02125885815572325,0.01013434585183858,0.02926665256546831,0,0.6546949148178101,119,control
33,2150616,0.02129953798815005,0.01014577597379684,0.02994870254174598,0,1.6169219017028809,119,control
36,2127160,0.02152967470637441,0.01028641499578952,0.02967044543361855,0,0.6505263447761536,119,control
39,2144418,0.0211965597325778,0.01013091392815113,0.02915569486115482,0,0.5535022020339966,119,control
42,2172507,0.02163528352909117,0.01041232794523239,0.02973821959675766,0,0.5679451823234558,119,control
45,2125475,0.02136707138954966,0.01021142024546861,0.02943768476768939,0,0.5866675972938538,119,control
48,2141326,0.02125962672607831,0.01019592490047216,0.02933628428380904,0,0.7890790104866028,119,control
0,1786669,0.02109898484403177,0.01009745616465807,0.02908038619251213,0,0.646826446056366,12,control
3,1776565,0.02129346928491402,0.01016939245164394,0.02931445014761306,0,0.5113443732261658,12,control
6,1787040,0.02136655285285067,0.01025845110416412,0.02934799099114308,0,0.6841755509376526,12,control
9,1788696,0.02143615357860043,0.01027149986475706,0.02949388102221858,0,0.5877342224121094,12,control
12,1745492,0.0212325534080718,0.01013434585183858,0.02924286250820733,0,0.7135950326919556,12,control
15,1760696,0.0212910541538732,0.01018666569143533,0.02930389375889255,0,0.540640115737915,12,control
18,1779475,0.02136434660645212,0.01025722734630107,0.02932954514400291,0,0.5632533431053162,12,control
21,1763260,0.02118507199164624,0.01009680330753326,0.02918336424603496,0,0.48736122250556946,12,control
24,1730384,0.02134635756524706,0.0101599097251892,0.02945340587081933,0,0.5343884229660034,12,control
27,1764910,0.02138643467937258,0.01022590510547161,0.02945869502936345,0,0.564775824546814,12,control
30,1758020,0.02145068144539405,0.01031945273280143,0.02949365493096739,0,0.7390918135643005,12,control
33,1757435,0.02143341686201228,0.01019592490047216,0.03008693337137869,0,2.0896964073181152,12,control
36,1710743,0.02135651531901053,0.01018474344164133,0.0293810389767967,0,0.5279965400695801,12,control
39,1759560,0.02119911845663599,0.0101230964064598,0.02912506067695058,0,0.5754531621932983,12,control
42,1785960,0.02123012021302277,0.01014187838882207,0.02922464415624133,0,0.5089103579521179,12,control
45,1782209,0.02123821712748393,0.01013755705207586,0.02922519564279285,0,0.7454280257225037,12,control
48,1774124,0.02121562167209406,0.01016408950090408,0.02916963946458499,0,0.4789689779281616,12,control
0,1846856,0.02138774674469048,0.01020899228751659,0.02941529172392076,0,0.553251326084137,120,control
3,1860207,0.02134923340822522,0.01022406760603189,0.02934129516574256,0,0.5605268478393555,120,control
6,1915260,0.02129937502887478,0.01019817870110273,0.02933259082913003,0,0.9002005457878113,120,control
9,1841448,0.02114151521275381,0.01009854767471551,0.02919624395779367,0,0.8141549825668335,120,control
12,1857669,0.02125748941076231,0.01017239224165678,0.0292306900281737,0,0.5089103579521179,120,control
15,1834658,0.02143464626762753,0.0101961325854063,0.02954088984276146,0,0.4879137873649597,120,control
18,1876836,0.02135817581768947,0.01015836931765079,0.02955580387789242,0,0.8078530430793762,120,control
21,1871360,0.02140126694093302,0.01028176397085189,0.02936737871801693,0,0.6841755509376526,120,control
24,1865947,0.02165848654602148,0.01037773583084344,0.02996195942988829,0,0.6672267913818359,120,control
27,1886482,0.02135341167457953,0.01020811032503843,0.02946370804941623,0,0.621270477771759,120,control
30,1850654,0.02121633458481328,0.01011834759265184,0.02934069151101449,0,0.695308268070221,120,control
33,1869984,0.02131372046431422,0.01021558325737714,0.02942243289836244,0,0.5302269458770752,120,control
36,1841448,0.02137853756746782,0.01025302521884441,0.02946816679642178,0,0.6402720212936401,120,control
39,1884600,0.02145549352556683,0.01030517742037773,0.02957464030482927,0,0.566896915435791,120,control
42,1831920,0.02148762234297083,0.01030286028981208,0.02956627000859254,0,0.6841755509376526,120,control
45,1831890,0.02140542892633911,0.01025842409580946,0.02953588023261967,0,0.5744583010673523,120,control
48,1852125,0.0213288372142384,0.01018039416521787,0.02945083628971804,0,0.6990641951560974,120,control
0,2442944,0.02126281621661677,0.01019001100212335,0.02932020353148801,0,0.5449746251106262,121,control
3,2420047,0.02143183348372454,0.01017634943127632,0.02989643702821669,0,1.3829056024551392,121,control
6,2439648,0.021564737433818,0.01018565986305475,0.0326807721794848,0,3.4051127433776855,121,control
9,2419424,0.02133422403849996,0.01018039416521787,0.02939156826653371,0,0.540640115737915,121,control
12,2409984,0.02138819012253518,0.01019109971821308,0.02946048898927818,0,0.5866675972938538,121,control
15,2414747,0.02151598507967711,0.01020899228751659,0.03214066815172258,0,3.3468198776245117,121,control
18,2433584,0.02151868283396099,0.01024536695331335,0.03001097628457005,0,1.1697285175323486,121,control
21,2460102,0.02119919687531262,0.01010818034410476,0.02922290916255861,0,0.6129453182220459,121,control
24,2424185,0.02146213119647852,0.01018474344164133,0.03024443383689837,0,1.6840288639068604,121,control
27,2436721,0.02154801093091718,0.01019003521651029,0.03136082889977634,0,2.5521764755249023,121,control
30,2444490,0.03015181577096271,0.01032442972064018,0.5665861314283017,0,200.10044860839844,121,control
33,2435088,0.02140924462301718,0.01021142024546861,0.02987407335986814,0,1.7693676948547363,121,control
36,2445975,0.0216096738715445,0.01019003521651029,0.03520441159002805,0,4.6042609214782715,121,control
39,2447588,0.02128398749047894,0.01014483626931905,0.02935299998470305,0,0.955605149269104,121,control
42,2432034,0.02160118856550307,0.01031536422669887,0.02967664929976973,0,0.5813720226287842,121,control
45,2446904,0.02129683380485443,0.01015673950314521,0.02923024286975719,0,0.566896915435791,121,control
48,2464756,0.02127117391118048,0.01014187838882207,0.02933088842216407,0,0.566896915435791,121,control
0,2261175,0.02123493942794287,0.01017239224165678,0.02916778081075963,0,0.7240395545959473,122,control
3,2276240,0.02140901506802695,0.01019817218184471,0.03008432329832908,0,1.9376860857009888,122,control
6,2287276,0.0217476200373445,0.01018039416521787,0.04586660000226164,0,8.97970962524414,122,control
9,2231780,0.02126959093807667,0.01018474344164133,0.02930949625371995,0,0.5243741273880005,122,control
12,2269080,0.02142819937427249,0.01022313255816698,0.0296622810507338,0,0.9607699513435364,122,control
15,2263248,0.02118824929887229,0.01009680330753326,0.02914163776307745,0,0.772180438041687,122,control
18,2250378,0.02147547513982006,0.01009680330753326,0.03534425011776766,0,5.303685188293457,122,control
21,2277660,0.02134083534038808,0.0101256426423788,0.03009735800095275,0,1.8773447275161743,122,control
24,2278570,0.0212298659498522,0.01013919059187173,0.02925118287639832,0,0.5983755588531494,122,control
27,2211105,0.02122135484528456,0.01011402159929275,0.02923688814057021,0,0.7530344724655151,122,control
30,2325301,0.02141886339303001,0.01027262024581432,0.02948232688245063,0,0.566896915435791,122,control
33,2308010,0.02127990997461778,0.01019516680389642,0.02923898556495485,0,0.6841755509376526,122,control
36,2214576,0.02120833741290261,0.01009949576109647,0.02927252594709906,0,0.6679729223251343,122,control
39,2252160,0.02169893733757883,0.01020774897187948,0.03621906647064059,0,6.457553863525391,122,control
42,2235708,0.02125744457078437,0.0101230964064598,0.02957530703097908,0,1.2955185174942017,122,control
45,2269236,0.02147686974692875,0.01028691511601209,0.0295816064443747,0,0.5744583010673523,122,control
48,2285855,0.02156055421480946,0.01015228033065795,0.03650213803934499,0,4.831685543060303,122,control
0,1841440,0.02129436387264835,0.01015673950314521,0.02930387791256597,0,0.566896915435791,123,control
3,1826532,0.02114267198571014,0.01009680330753326,0.02908434309262745,0,0.5915927290916443,123,control
6,1882359,0.02146449976285006,0.0103092361241579,0.0294199419304533,0,0.566896915435791,123,control
9,1792872,0.02131885470305368,0.01025302521884441,0.02930816165462335,0,0.6546949148178101,123,control
12,1818446,0.02104605410538258,0.01008074451237917,0.02890990262294137,0,0.5057430863380432,123,control
15,1821144,0.02135697678363332,0.01021051127463579,0.02942304002432318,0,0.5141398310661316,123,control
18,1845516,0.02152339950935173,0.01029190607368946,0.02958402999077143,0,0.5511287450790405,123,control
21,1864590,0.02186606078722457,0.0105190547183156,0.03011771778231829,0,0.6546949148178101,123,control
24,1871399,0.0210495707265261,0.01009680330753326,0.02903831421494611,0,0.5434810519218445,123,control
27,1864584,0.02135835174101465,0.0101820770651102,0.02947193625969025,0,0.5031179785728455,123,control
30,1871424,0.02147617933191925,0.01028378121554851,0.02957282248842835,0,0.568489134311676,123,control
33,1861858,0.0212504546436385,0.01015836931765079,0.02923371390690055,0,0.5528262853622437,123,control
36,1842764,0.02137090667637158,0.01027385424822568,0.02942702225130878,0,0.6113660335540771,123,control
39,1872790,0.02129202659409018,0.01015836931765079,0.02940754561919913,0,0.8722015023231506,123,control
42,1873992,0.02143705468039573,0.01028819009661674,0.02943450580450045,0,0.6129453182220459,123,control
45,1894750,0.02135348557057361,0.01021142024546861,0.02942090510464292,0,0.5744583010673523,123,control
48,1831932,0.021261087381337,0.01019003521651029,0.02914790725011649,0,0.5744583010673523,123,control
0,2572492,0.02132995936082401,0.01019817870110273,0.02947209700592362,0,1.096505641937256,124,control
3,2497674,0.02126306946156577,0.01010824553668499,0.02953519203339961,0,1.1834383010864258,124,control
6,2521719,0.0214531597776916,0.01019003521651029,0.03022539898919539,0,2.072679281234741,124,control
9,2491282,0.03078225688922701,0.01014187838882207,0.6225219811906877,0,156.50970458984375,124,control
12,2478348,0.02138250844479364,0.01018039416521787,0.02990788428155219,0,1.8348554372787476,124,control
15,2507382,0.0210891028472922,0.01009680330753326,0.02902971416375692,0,0.6841755509376526,124,control
18,2529270,0.02142949820742322,0.01028043683618307,0.02956675942962779,0,1.0412328243255615,124,control
21,2539032,0.02141624377744964,0.01025845110416412,0.02949203972600216,0,0.6325857043266296,124,control
24,2575856,0.02128815805725862,0.0101961325854063,0.02928131541000221,0,0.6456171870231628,124,control
27,2532830,0.02219519121573401,0.01008074451237917,0.08370963766252774,0,19.211389541625977,124,control
30,2542400,0.02121138746935514,0.01016440708190202,0.02921448182237323,0,0.7106826901435852,124,control
33,2553523,0.02177977699916953,0.01022313255816698,0.03968873596279513,0,6.780812740325928,124,control
36,2494610,0.02146386581954979,0.01018816046416759,0.03210650005395599,0,2.6618127822875977,124,control
39,2604740,0.0213841088067923,0.01027000602334737,0.02946033632579596,0,0.6841755509376526,124,control
42,2502675,0.02140564236964699,0.01022313255816698,0.02966473649726459,0,1.0728000402450562,124,control
45,2496256,0.02110995229712871,0.01005416549742221,0.02916423786624241,0,0.9299899935722352,124,control
48,2572620,0.02135296874871539,0.01020899228751659,0.02955493201790629,0,1.016205906867981,124,control
0,3062400,0.02150764425872495,0.01023827772587537,0.03013285157593343,0,1.4587645530700684,125,control
3,3041487,0.02132806427456456,0.01016456726938486,0.02946298074861869,0,1.2473206520080566,125,control
6,3022965,0.02144705228024978,0.01021617744117975,0.02974433613128812,0,0.9518545866012572,125,control
9,3139948,0.02293786429892752,0.0103535745292902,0.10093305512487548,0,24.20879173278809,125,control
12,3011750,0.02186776500532273,0.0103092361241579,0.04150010100172258,0,8.434601783752441,125,control
15,3027456,0.02132509294964341,0.01016419380903244,0.02960083955274693,0,1.4311723709106443,125,control
18,3124026,0.02148209681977459,0.0102349929511547,0.02997928747228147,0,1.3378803730010986,125,control
21,2984236,0.02115508356472365,0.01009745616465807,0.02914833369116028,0,0.6129453182220459,125,control
24,3053754,0.02128330871895608,0.01015673950314521,0.02935919329749333,0,0.6682270169258118,125,control
27,3036250,0.02134230589119642,0.01023045368492603,0.02935176751962737,0,0.8104247450828552,125,control
30,3039412,0.02138023357811605,0.01024560071527958,0.02941756905889454,0,0.7771300077438354,125,control
33,2984100,0.02157752187261935,0.01030264981091022,0.03049361142984706,0,2.2396671772003174,125,control
36,3057180,0.02385978846224642,0.01019067037850618,0.18130856348384505,0,53.03852081298828,125,control
39,2990864,0.02133113059925058,0.01016408950090408,0.02961758023526592,0,1.5687980651855469,125,control
42,3027200,0.02159676132156333,0.0103558087721467,0.02973401800962175,0,0.5796167254447937,125,control
45,3008148,0.02130948582172083,0.01011653337627649,0.02976091993274611,0,1.8267656564712524,125,control
48,3071254,0.02127170863200994,0.01014415733516216,0.02931455181104444,0,0.5744583010673523,125,control
0,2828283,0.02114672630755768,0.01009745616465807,0.0290786939973327,0,0.6779300570487976,126,control
3,2787188,0.02107271489804307,0.01002595387399196,0.02904155869462188,0,0.6841755509376526,126,control
6,2816306,0.02115941345118345,0.01010818034410476,0.02911430633958501,0,0.5856934785842896,126,control
9,2817360,0.02137241617907762,0.01025294139981269,0.02940672553866543,0,0.583214282989502,126,control
12,2874340,0.02132274844468184,0.01017220877110958,0.02938338789758469,0,0.6416388154029846,126,control
15,2813194,0.02118090116807661,0.01013091392815113,0.02911072409919189,0,0.5334551334381104,126,control
18,2859381,0.02128151676712134,0.01010818034410476,0.02932067944717259,0,0.6841755509376526,126,control
21,2839221,0.02164208228235587,0.01034922525286674,0.02977203035100643,0,0.6129453182220459,126,control
24,2844210,0.0213244449116578,0.01019003521651029,0.02940469878101457,0,0.6546949148178101,126,control
27,2893352,0.02154200429031505,0.0103092361241579,0.0296667384574403,0,0.7454280257225037,126,control
30,2815108,0.02138066109288139,0.01023883651942014,0.02940906204625905,0,0.5257095098495483,126,control
33,2849263,0.02148847675223864,0.0103092361241579,0.02959615391868202,0,0.6841755509376526,126,control
36,2839125,0.02124466560975795,0.01014187838882207,0.02926229975750142,0,0.7240395545959473,126,control
39,2813934,0.02117521866204408,0.01010905671864748,0.02908033036196521,0,0.618377149105072,126,control
42,2847614,0.02162018164999158,0.01034971885383129,0.02975208426801023,0,0.6075363755226135,126,control
45,2861152,0.021411733216992,0.01026951801031828,0.02946306977775589,0,0.6129453182220459,126,control
48,2939504,0.02120145260536208,0.01018881052732467,0.02917698144771705,0,0.646826446056366,126,control
0,2073600,0.0214106388302908,0.01025822572410106,0.03010444957759375,0,1.7051819562911987,127,control
3,2040556,0.02118148904506587,0.01011015381664037,0.02925972634297068,0,0.926551342010498,127,control
6,2037684,0.02140490971151036,0.01023594848811626,0.02970561281446515,0,1.417612075805664,127,control
9,2083386,0.0218143254618978,0.01050586812198162,0.03008975430468311,0,0.5737672448158264,127,control
12,2041897,0.02219149516353985,0.01019817870110273,0.0619294473560468,0,15.102523803710938,127,control
15,2057550,0.02141548070013331,0.01021129451692104,0.02961122515188401,0,1.337599754333496,127,control
18,2023500,0.0214211089531304,0.0103092361241579,0.02961190396483265,0,1.1980230808258057,127,control
21,2029200,0.02136583055766731,0.01014187838882207,0.02982444218108327,0,1.4211292266845703,127,control
24,2080596,0.02135902864590633,0.01019109971821308,0.02975071300252112,0,0.899431586265564,127,control
27,2052054,0.02146190934458933,0.01030286028981208,0.02962173568576123,0,0.6699864268302917,127,control
30,2076417,0.02114321998258972,0.01009745616465807,0.02912310531430919,0,0.6137650609016418,127,control
33,2099576,0.02122993073680352,0.01018474344164133,0.02931385644166978,0,0.7645981907844543,127,control
36,2054902,0.02165867507159531,0.0102769611403346,0.0329435389289919,0,4.629481315612793,127,control
39,2105392,0.02129939200689146,0.01021475158631801,0.02936717718307868,0,0.6791632771492004,127,control
42,2034882,0.02231645726496883,0.01014187838882207,0.0724332463069499,0,17.147743225097656,127,control
45,2030369,0.02154194734495708,0.01035778131335973,0.02963798898027855,0,0.6841755509376526,127,control
48,2099592,0.02249074113996657,0.01024425867944955,0.0824080470029354,0,19.767486572265625,127,control
0,2994618,0.0213537446506982,0.0101961325854063,0.03003839223805252,0,1.356401801109314,128,control
3,2984214,0.02131293823198427,0.01015491504222154,0.0293214116825911,0,0.6075363755226135,128,control
6,2970146,0.02134700474377212,0.01022590510547161,0.02937935257263504,0,0.5679451823234558,128,control
9,3073000,0.02134837493618273,0.01021051127463579,0.02939970826445613,0,0.6129453182220459,128,control
12,3011918,0.02132847951674718,0.01017883140593767,0.02950571757837256,0,1.1669304370880127,128,control
15,3015426,0.02149351178482479,0.01026699785143137,0.03100340039435905,0,2.592026948928833,128,control
18,3008400,0.02166980145022406,0.01036149635910987,0.02988327844396035,0,0.566896915435791,128,control
21,2994588,0.02129499043204505,0.0101961325854063,0.02928348858405145,0,0.6546949148178101,128,control
24,2953086,0.02114770014505331,0.01009745616465807,0.02909656261506723,0,0.8722015023231506,128,control
27,3032690,0.02148900174694656,0.01033160649240017,0.0296081867080394,0,0.6638518571853638,128,control
30,3048435,0.02125736003453795,0.01016408950090408,0.0293222127890136,0,0.514768123626709,128,control
33,3052000,0.02143297099740117,0.01029190607368946,0.02953554141804464,0,0.6612520217895508,128,control
36,2970432,0.02107596447229115,0.01008751895278692,0.02897300791373956,0,0.7543994188308716,128,control
39,3001536,0.02129817308119139,0.01018474344164133,0.02927520218220059,0,0.618377149105072,128,control
42,3088624,0.0211400767984925,0.01010818034410476,0.02914051419308304,0,0.554266095161438,128,control
45,3029184,0.02125191103338626,0.01017153263092041,0.02927430617234071,0,0.5744583010673523,128,control
48,3007788,0.02125834281716804,0.01014187838882207,0.02945957143281734,0,1.0549548864364624,128,control
0,2762100,0.02126757590858264,0.01015533600002527,0.02929200217157292,0,0.7746416330337524,129,control
3,2833962,0.02125157970072862,0.01013434585183858,0.02963641010393296,0,1.053847074508667,129,control
6,2773338,0.02115367752033673,0.01009680330753326,0.02927455522020036,0,0.7273091077804565,129,control
9,2785032,0.02137065686745052,0.01020899228751659,0.02971192319887842,0,1.957715392112732,129,control
12,2729566,0.02132002526294774,0.01018039416521787,0.02944492463655665,0,0.8020746111869812,129,control
15,2761668,0.02172678221739478,0.01014187838882207,0.04655812962302256,0,7.598425388336182,129,control
18,2745249,0.02171281070071808,0.01036149635910987,0.03021207922171205,0,1.1950303316116333,129,control
21,2818465,0.02144467710756252,0.01025842409580946,0.02964537446337994,0,0.7789515852928162,129,control
24,2756954,0.02123758269754959,0.01011506933718919,0.02942965808520444,0,0.92159765958786,129,control
27,2719518,0.02134815864706378,0.01018312573432922,0.02963246937031748,0,1.035139560699463,129,control
30,2766926,0.02139239276376817,0.01019109971821308,0.03083160518164878,0,2.7462046146392822,129,control
33,2760800,0.02120455494869979,0.01009745616465807,0.02996200930097555,0,2.187389612197876,129,control
36,2787744,0.02155064405631756,0.010292649269104,0.03001196707842892,0,1.2179725170135498,129,control
39,2765448,0.0217014066584867,0.01030702888965606,0.03096547546977094,0,2.3328053951263428,129,control
42,2775475,0.02138667297040212,0.01020543836057186,0.0294359354939942,0,0.6613544821739197,129,control
45,2777166,0.02169247427720803,0.01039798650890588,0.02999593006992468,0,1.2928866147994995,129,control
48,2727110,0.02142310350464463,0.01022313255816698,0.0295552931266281,0,1.0866888761520386,129,control
0,2128351,0.02126568395582576,0.01022313255816698,0.02924016702208394,0,0.5276910066604614,13,control
3,2081886,0.02111083018876407,0.01009745616465807,0.0289819649233984,0,0.5796167254447937,13,control
6,2108700,0.02118607111169786,0.01016408950090408,0.0291263963303712,0,0.6032311320304871,13,control
9,2168048,0.02150984988402713,0.01028971280902624,0.02959408996357974,0,0.7454280257225037,13,control
12,2072878,0.02147393368154668,0.01026699785143137,0.02952815307090534,0,0.5367595553398132,13,control
15,2097628,0.02150403356454624,0.0103092361241579,0.02953277797018842,0,0.6129453182220459,13,control
18,2100000,0.0213036894492718,0.01014405582100153,0.02930558954019106,0,0.618377149105072,13,control
21,2096746,0.02142003746553468,0.01028015464544296,0.02941220808430208,0,0.6490405201911926,13,control
24,2184480,0.02126614677250755,0.01020075660198927,0.02933055133911985,0,0.8416756987571716,13,control
27,2189559,0.02124256867497293,0.01018584426492452,0.02921889798488515,0,0.566896915435791,13,control
30,2120886,0.02117463514237783,0.01013091392815113,0.029139276045716,0,0.5511287450790405,13,control
33,2122236,0.02174705966653073,0.01043082028627395,0.02997989871960422,0,0.6325857043266296,13,control
36,2145620,0.0213234815275972,0.01018502376973629,0.02970705307850377,0,1.250223159790039,13,control
39,2112267,0.02133240268880947,0.01025302521884441,0.02929689146003856,0,0.5334551334381104,13,control
42,2085710,0.02155397382673503,0.01036267355084419,0.02965825591659893,0,0.7815737724304199,13,control
45,2133912,0.02123346233479592,0.01019003521651029,0.0292240494137081,0,0.6858051419258118,13,control
48,2134176,0.02120326714095539,0.01018913742154836,0.02921256915752421,0,0.6841755509376526,13,control
0,1952626,0.02126595751809587,0.0102186519652605,0.02920539600676201,0,0.5081033110618591,130,control
3,1909524,0.02133117913667987,0.01025362685322761,0.02934021849483524,0,0.5645971298217773,130,control
6,1919400,0.02177863047506177,0.01041232794523239,0.03009538339275444,0,0.5270437598228455,130,control
9,1934800,0.02132251147245944,0.01020899228751659,0.02933261274846917,0,0.566896915435791,130,control
12,1936062,0.02118839351045311,0.01014187838882207,0.02917521453600856,0,0.514768123626709,130,control
15,1929320,0.02152826293509074,0.01029653660953044,0.02957022890262676,0,0.7135950326919556,130,control
18,1924604,0.02160543172920556,0.01036918349564075,0.02977018894886771,0,0.5813720226287842,130,control
21,1929378,0.02129754227672141,0.01016939245164394,0.02930207548694733,0,0.5382612347602844,130,control
24,1947330,0.02124201322092054,0.01018881052732467,0.02911832390240775,0,0.514768123626709,130,control
27,1980456,0.02125304643550247,0.01014187838882207,0.02939331896819582,0,0.6483612656593323,130,control
30,1951285,0.02129736156720735,0.0101820770651102,0.02955136833689603,0,0.865085780620575,130,control
33,1928745,0.02140083156810792,0.01025699637830257,0.02953329688145849,0,0.9781427383422852,130,control
36,1963860,0.02128937896075007,0.01027532387524843,0.02926755725135613,0,0.566896915435791,130,control
39,1936368,0.02113923025602013,0.01010505203157663,0.0291428935695484,0,0.7301731109619141,130,control
42,1987904,0.02144090229721315,0.01027426775544881,0.02955047908298661,0,0.5588042140007019,130,control
45,1894290,0.021213819441214,0.01010818034410476,0.02918391769415957,0,0.5265645980834961,130,control
48,1926348,0.02126874760218072,0.01018881052732467,0.02922622082775744,0,0.566896915435791,130,control
0,2810640,0.02121148045545408,0.01014187838882207,0.02921459039882422,0,0.59593266248703,131,control
3,2767076,0.02115331618225774,0.01011848263442516,0.02911658982155744,0,0.6129453182220459,131,control
6,2783862,0.02138982186728932,0.01020899228751659,0.02983383551465991,0,1.0961759090423584,131,control
9,2737280,0.02144727271943902,0.01025223731994628,0.02952733750291002,0,0.6639745235443115,131,control
12,2792016,0.0213288653090411,0.01022449880838394,0.02943320478696401,0,1.116581678390503,131,control
15,2808492,0.02146084499401735,0.01022844854742288,0.02964714513256882,0,1.158435583114624,131,control
18,2780316,0.02153978324023905,0.0103221470490098,0.02967315109562145,0,0.7534236311912537,131,control
21,2729088,0.02135074320126968,0.01018881052732467,0.02945535027796404,0,0.914639174938202,131,control
24,2801747,0.02124753398394234,0.01017634943127632,0.02934332829418848,0,0.9122089147567748,131,control
27,2777040,0.0218063375797084,0.01009745616465807,0.05133354993928824,0,11.313076972961426,131,control
30,2729088,0.02147401141555497,0.0102442605420947,0.02985889575185609,0,1.4544204473495483,131,control
33,2770404,0.02147079652503722,0.01029190607368946,0.02956329910873985,0,0.7074451446533203,131,control
36,2825757,0.02137641330205969,0.01026951801031828,0.02943703754835128,0,0.6536043286323547,131,control
39,2792160,0.02120959988535095,0.01014187838882207,0.02924539650325538,0,0.6822298765182495,131,control
42,2811888,0.02148364031258301,0.01027245819568634,0.02966844473565814,0,0.7454280257225037,131,control
45,2823618,0.02122799715466346,0.01014669053256511,0.02929175768822025,0,0.566896915435791,131,control
48,2756558,0.02129274190784308,0.01018039416521787,0.02933909001536614,0,0.6129453182220459,131,control
0,2277888,0.02133091851674464,0.01021051127463579,0.02935246909259651,0,0.5434810519218445,132,control
3,2325096,0.02132804613967097,0.01015836931765079,0.02943410213690478,0,0.6325857043266296,132,control
6,2283372,0.02143562234928502,0.01024451851844787,0.02953304904528667,0,0.5969936847686768,132,control
9,2292228,0.02148194854724118,0.01027532387524843,0.02960063879895382,0,0.6841755509376526,132,control
12,2287144,0.02136632831409167,0.0101961325854063,0.02946557987308776,0,0.6841755509376526,132,control
15,2215752,0.02106611374614082,0.01005322579294443,0.02903525620149452,0,0.6129453182220459,132,control
18,2229732,0.02127292731075887,0.0101802572607994,0.0292378488710919,0,0.5477128624916077,132,control
21,2252472,0.02129269816502952,0.01018039416521787,0.02926371237751274,0,0.646826446056366,132,control
24,2262188,0.02113462339951272,0.01010505203157663,0.02913640339585707,0,0.7240395545959473,132,control
27,2294325,0.02129454577120286,0.01018039416521787,0.02932482719458662,0,0.6841755509376526,132,control
30,2326158,0.02140019963453713,0.01028536818921566,0.029483823067302,0,0.5150874257087708,132,control
33,2294069,0.02127871860104015,0.01014106068760156,0.02929037230357676,0,0.7456112504005432,132,control
36,2307000,0.02141549352346164,0.0102371945977211,0.02949073319767017,0,0.5754531621932983,132,control
39,2316446,0.02143654603069993,0.01028733421117067,0.02954366666266984,0,0.5150874257087708,132,control
42,2307690,0.02147586196219121,0.01027532387524843,0.02966543339661613,0,1.3283501863479614,132,control
45,2331996,0.02105726040672253,0.0100651616230607,0.02907423641393108,0,0.5448959469795227,132,control
48,2305140,0.02120015081787017,0.01014972385019064,0.02921031636227122,0,0.5044112205505371,132,control
0,1991780,0.02139087578032816,0.0102302823215723,0.02942275031251496,0,0.6459948420524597,133,control
3,1921830,0.02114236877349188,0.01013397891074419,0.02903419327560012,0,0.8722015023231506,133,control
6,1953728,0.02122939316319429,0.01009680330753326,0.02923294445308536,0,0.5679451823234558,133,control
9,2014956,0.02531898283057443,0.01027693971991539,0.24459722941246417,0,52.96178436279297,133,control
12,1920420,0.0213832183827615,0.01019817870110273,0.02948432803003566,0,0.6841755509376526,133,control
15,1984240,0.02206023102237771,0.01035480108112096,0.04424000093019326,0,7.213145732879639,133,control
18,1940972,0.02118557002252029,0.01009680330753326,0.0292153971430843,0,0.5343884229660034,133,control
21,1932560,0.02146138817889198,0.01026639249175787,0.02952859882043786,0,0.4908523857593536,133,control
24,1917069,0.02132856217220427,0.01016408950090408,0.02935518582145643,0,0.5533496737480164,133,control
27,1924974,0.02119489874588114,0.01014187838882207,0.0290699665086484,0,0.5744583010673523,133,control
30,1918692,0.02136896074993045,0.01019817870110273,0.02943855086735146,0,0.5983755588531494,133,control
33,1944210,0.02143000504779368,0.01020774897187948,0.02981900208579458,0,1.0929710865020752,133,control
36,1988580,0.02107014719454423,0.01009680330753326,0.02893077973208941,0,0.5367595553398132,133,control
39,1952804,0.0216257593736487,0.01016118377447128,0.03920650574859449,0,7.185961723327637,133,control
42,1967650,0.02130457272929567,0.01018039416521787,0.02940087818132018,0,0.566896915435791,133,control
45,1964235,0.02138255118365131,0.01017491333186626,0.02967569685932227,0,1.2722827196121216,133,control
48,1971750,0.02140044997901261,0.01009949576109647,0.03237179031498512,0,3.596590757369995,133,control
0,1934208,0.02130073877850304,0.01012286450713872,0.02936424353540339,0,0.5504036545753479,134,control
3,1958040,0.02134804455300426,0.01019910350441932,0.02938793244659346,0,0.6490405201911926,134,control
6,1912010,0.02131491718113302,0.01012404728680849,0.02940726491114454,0,0.7437377572059631,134,control
9,1928234,0.02132500693294663,0.01019817870110273,0.02930440863799452,0,0.566896915435791,134,control
12,1927476,0.02134739228539038,0.0101961325854063,0.02934204088430139,0,0.5744583010673523,134,control
15,1955100,0.02130969664138435,0.01015927083790302,0.02934685508119564,0,0.6129453182220459,134,control
18,1945791,0.02139260256617376,0.0101961325854063,0.02941578440413912,0,0.6857874393463135,134,control
21,1934364,0.02117770097659498,0.01009680330753326,0.0292743997368563,0,0.5237836241722107,134,control
24,1919900,0.02137997751772608,0.01018937118351459,0.02948809815071154,0,0.6287680268287659,134,control
27,1941401,0.02121466591041991,0.01017220877110958,0.02915656403154352,0,0.5744583010673523,134,control
30,1904882,0.02124196075433122,0.01014972385019064,0.02921527490480393,0,0.6238834857940674,134,control
33,1955376,0.02133783188059144,0.01022556331008672,0.02934093470191874,0,0.5744583010673523,134,control
36,1937988,0.02132501647086817,0.01017883140593767,0.02929478232726878,0,0.6490405201911926,134,control
39,1941247,0.02135092850810178,0.01021586917340755,0.02944332475996062,0,0.7106826901435852,134,control
42,1919925,0.02139019623598263,0.01027245819568634,0.02945811988988956,0,0.5915927290916443,134,control
45,1945922,0.02138352621015637,0.01017054170370102,0.02939101194147438,0,0.701791524887085,134,control
48,1911100,0.02134998980440008,0.0101714888587594,0.02945166234025894,0,0.5477128624916077,134,control
0,2900173,0.0230072593533548,0.01024587079882621,0.12317938063760196,0,31.219688415527344,135,control
3,2869632,0.02144154800729843,0.01023889426141977,0.02955836894719721,0,0.6153317093849182,135,control
6,2851002,0.02132615854464318,0.01022313255816698,0.02935646350256586,0,0.7240395545959473,135,control
9,2849340,0.02128770894352721,0.01014187838882207,0.02930191549262286,0,0.5168036222457886,135,control
12,2813874,0.02114539561547917,0.01014187838882207,0.02906834711285422,0,0.5866675972938538,135,control
15,2805301,0.02108571124473831,0.01005160063505172,0.02907997662235932,0,0.772180438041687,135,control
18,2913224,0.02141431104057775,0.01027217134833335,0.02948752882317991,0,0.6546949148178101,135,control
21,2847654,0.02126486084102874,0.01016408950090408,0.0293882971054461,0,0.7504939436912537,135,control
24,2847584,0.02133974734077602,0.01020899228751659,0.02940900564401918,0,0.5941830277442932,135,control
27,2758921,0.02122057441647161,0.01016408950090408,0.02919173276797718,0,0.6018474102020264,135,control
30,2829123,0.02143243664425061,0.01024690549820661,0.02973728567846403,0,1.2795225381851196,135,control
33,2837468,0.02134080803833195,0.01018474344164133,0.02954474328992527,0,1.0881723165512085,135,control
36,2821824,0.02120274233011965,0.01014187838882207,0.02927405338366215,0,0.7926592826843262,135,control
39,2834142,0.02152497836048413,0.01031966228038072,0.02971986172747687,0,0.7963126301765442,135,control
42,2859472,0.02124755653371744,0.01017220877110958,0.02929297895428656,0,0.8492343425750732,135,control
45,2710956,0.02131944701697085,0.01010243501514196,0.0299162113800723,0,1.6539026498794556,135,control
48,2797244,0.02126979126289173,0.01018474344164133,0.02933984731146949,0,0.646826446056366,135,control
0,3689712,0.02136511205823545,0.01015910878777504,0.03058659394510466,0,2.596443891525269,136,control
3,3697673,0.02133829006771999,0.01022424083203077,0.02937617044235133,0,0.6230547428131104,136,control
6,3613477,0.02146436220788716,0.01024753227829933,0.02959596246748337,0,0.9517325162887572,136,control
9,3622760,0.0215928426775833,0.01031757518649101,0.02967286685129876,0,0.5873621106147766,136,control
12,3737016,0.02120287193162369,0.01013176795095205,0.02921859615640124,0,0.52360600233078,136,control
15,3651896,0.02128796400265281,0.01013121847063303,0.02931519556284426,0,0.6129453182220459,136,control
18,3718512,0.02127206449476439,0.01017220877110958,0.02930377822079294,0,1.1934598684310913,136,control
21,3719885,0.02121010045933093,0.01014187838882207,0.02917272178712867,0,0.6036525964736938,136,control
24,3596502,0.02134941350923217,0.01019817870110273,0.02941724769297642,0,0.9024609327316284,136,control
27,3636649,0.02147328258514631,0.01028747949749231,0.02954008561760731,0,0.5983755588531494,136,control
30,3655488,0.02133047437752412,0.01020199060440063,0.02948479171496698,0,0.9924482703208924,136,control
33,3691742,0.02148796393221271,0.01030303537845611,0.0295822729075415,0,0.646826446056366,136,control
36,3640239,0.02122534572560241,0.01014187838882207,0.02916890532942927,0,0.646826446056366,136,control
39,3689985,0.0213569775853126,0.01018474344164133,0.02939525022658668,0,0.5763967633247375,136,control
42,3651437,0.02135776957704266,0.01018937118351459,0.02936477625015737,0,0.646826446056366,136,control
45,3738150,0.02131361519622919,0.01018039416521787,0.02932793844165893,0,0.5240172743797302,136,control
48,3757626,0.02125914331020062,0.01018039416521787,0.02925123749845263,0,0.6255710124969482,136,control
0,1786160,0.02122668866969858,0.01014187838882207,0.02919884372645714,0,0.6456171870231628,137,control
3,1808584,0.02124818791971311,0.01015603635460138,0.02920216920208437,0,0.4789689779281616,137,control
6,1777230,0.02113878249179376,0.01009745616465807,0.02912750086921227,0,0.45603105425834656,137,control
9,1757835,0.02150135654370343,0.01028015464544296,0.02960913475825457,0,0.6013466715812683,137,control
12,1692405,0.02138008106359178,0.01025635842233896,0.02941954997347911,0,0.6073164939880371,137,control
15,1752492,0.02122971959132604,0.01010505203157663,0.02924555362728425,0,0.5434810519218445,137,control
18,1743018,0.02153689416959055,0.0103092361241579,0.02958346746126337,0,0.6013466715812683,137,control
21,1735464,0.02143890762318372,0.01022590510547161,0.02942044643832009,0,0.5599154829978943,137,control
24,1781325,0.02142850331245489,0.01025084871798753,0.02947422576163942,0,0.5702458024024963,137,control
27,1761500,0.02143176270954661,0.01026951801031828,0.02948909248143742,0,0.566896915435791,137,control
30,1784496,0.02118983771166436,0.01014034822583198,0.02910715248830517,0,0.48501056432724,137,control
33,1768424,0.02140895848202143,0.01029190607368946,0.02938977099504634,0,0.5126866698265076,137,control
36,1786669,0.0211583687366808,0.01009680330753326,0.02908182623927377,0,0.566896915435791,137,control
39,1744641,0.02113991140634249,0.01009680330753326,0.02910942216857154,0,0.5240172743797302,137,control
42,1756710,0.02170069362795585,0.01040614768862724,0.02995868889145128,0,0.5983755588531494,137,control
45,1770336,0.02150498783711137,0.01027149986475706,0.02961594789350656,0,0.5655374526977539,137,control
48,1803208,0.02123968722197955,0.01013176795095205,0.02923647277925808,0,0.566896915435791,137,control
0,1963602,0.02114888049790268,0.01010818034410476,0.02926506489576543,0,0.6585289835929871,138,control
3,1926600,0.02137154059601661,0.01018474344164133,0.03069457940274057,0,2.296327590942383,138,control
6,1953920,0.02134082795595935,0.01019003521651029,0.02938784532386726,0,0.5367595553398132,138,control
9,1896856,0.02148654042445159,0.01029651425778865,0.02945372941500692,0,0.6612520217895508,138,control
12,1856166,0.02111438448620272,0.01009680330753326,0.02900844519901039,0,0.7047480344772339,138,control
15,1950648,0.02124665485464343,0.0101820770651102,0.02918094883958338,0,0.5034059286117554,138,control
18,1912013,0.02126098524726715,0.01018039416521787,0.02928247266295947,0,0.5089103579521179,138,control
21,1899002,0.02140790962677078,0.01025223731994628,0.02951049219572059,0,0.592796802520752,138,control
24,1941242,0.02153309630279815,0.0103092361241579,0.02959811481694037,0,0.5744583010673523,138,control
27,1937039,0.02105328667646164,0.01007644645869731,0.02908607205754946,0,0.566896915435791,138,control
30,1960140,0.0214235820036624,0.0102769611403346,0.02958033856712447,0,0.7454280257225037,138,control
33,1916288,0.02104008860014954,0.01008729357272386,0.02894604316577129,0,0.7991641759872437,138,control
36,1892800,0.02135263352956322,0.01021051127463579,0.02943240472812141,0,0.6945308446884155,138,control
39,1930110,0.02137708907410265,0.01021586917340755,0.02942421544887703,0,0.566896915435791,138,control
42,1882095,0.02156839410062115,0.0103092361241579,0.02972903370859348,0,0.6168876886367798,138,control
45,1986418,0.02152086806432968,0.01029653660953044,0.0296770426912392,0,0.6841755509376526,138,control
48,1944936,0.02131206924190275,0.01022313255816698,0.02936610887349965,0,0.6841755509376526,138,control
0,2035653,0.02122532870658666,0.01010818034410476,0.02920076954415661,0,0.6633915305137634,139,control
3,2071104,0.0212693337998341,0.01013091392815113,0.02931129703090346,0,0.5424096584320068,139,control
6,2075942,0.02143236247541436,0.01020899228751659,0.02953221685196562,0,0.566896915435791,139,control
9,2108700,0.02130494146494271,0.01012286450713872,0.0294608455013457,0,0.8774118423461914,139,control
12,2091810,0.021170124150503018,0.01014187838882207,0.0290978006475629,0,0.5448959469795227,139,control
15,2081993,0.02121265028951093,0.01014187838882207,0.02914839102709813,0,0.6841755509376526,139,control
18,2068862,0.02150478730629095,0.01030545681715011,0.02959547426824804,0,0.621554434299469,139,control
21,2109106,0.02172868778299594,0.01038584951311349,0.03026188740851543,0,1.3493218421936035,139,control
24,2093688,0.02113997535078045,0.0101178977638483,0.02913041916313802,0,0.7431443929672241,139,control
27,2039052,0.02130484707202433,0.01009680330753326,0.03157828139864213,0,3.2972371578216553,139,control
30,2069760,0.02155814570789656,0.0103092361241579,0.02959349613874369,0,0.5983755588531494,139,control
33,2052045,0.02150832642902622,0.01037773583084344,0.02955306315623765,0,0.5265645980834961,139,control
36,2017514,0.02195258909797436,0.01027040462940931,0.04272612011551951,0,6.363790035247803,139,control
39,2052026,0.02131799333311604,0.01004217844456434,0.03156299663580132,0,2.8276870250701904,139,control
42,2079075,0.02145509372444753,0.01022844854742288,0.02950952524604553,0,0.566896915435791,139,control
45,2050543,0.02177623444514955,0.01041577104479074,0.02997668131890381,0,0.5813720226287842,139,control
48,2097552,0.02134029924101072,0.01011848263442516,0.03185986661260359,0,5.537985324859619,139,control
0,2556701,0.02121457315400909,0.01007482130080461,0.02943384416147897,0,1.3911848068237305,14,control
3,2516892,0.02128000529552168,0.01011159271001815,0.02930250034499866,0,0.5908750295639038,14,control
6,2603076,0.0213947705190064,0.01025021355599165,0.02947971212783477,0,0.8644320368766785,14,control
9,2493216,0.02110030171004008,0.01008074451237917,0.02911168588126668,0,0.8543736934661865,14,control
12,2545578,0.02127395267985399,0.01016545295715332,0.02929439604655596,0,0.6013466715812683,14,control
15,2505888,0.02145710655195113,0.01014427561312913,0.0357142480735001,0,5.719974994659424,14,control
18,2548740,0.02153207398928843,0.0103092361241579,0.03027736073634781,0,2.015009880065918,14,control
21,2511600,0.02152021747530632,0.01028378121554851,0.02970310588168688,0,0.653335690498352,14,control
24,2567896,0.02111240764429261,0.01009680330753326,0.0294708240611952,0,1.3594598770141602,14,control
27,2546591,0.02133341937947056,0.01022313255816698,0.02943056685355033,0,0.6032311320304871,14,control
30,2554210,0.02172996905830018,0.01042094081640243,0.03006090975350745,0,0.8421083092689514,14,control
33,2519694,0.02132055562159788,0.01015836931765079,0.02928849648086162,0,0.566896915435791,14,control
36,2513654,0.02137899098146397,0.01016700640320777,0.03130256089401383,0,3.488884449005127,14,control
39,2528036,0.02122785442894124,0.01013091392815113,0.02929227006730879,0,1.2156553268432615,14,control
42,2529634,0.02126983155526878,0.01015910878777504,0.02931892470111366,0,0.6294575333595276,14,control
45,2591776,0.02150612021248887,0.01022313255816698,0.03046064098585686,0,2.459076166152954,14,control
48,2531277,0.02148724042354225,0.01029415894299745,0.02952809530313939,0,0.566896915435791,14,control
0,2453889,0.02131293816134489,0.01016877964138984,0.0293580041484989,0,0.5270437598228455,140,control
3,2464308,0.02123399156408527,0.01018039416521787,0.02916227776605487,0,0.5120977163314819,140,control
6,2438856,0.02148956257936735,0.01025699637830257,0.02964902736497237,0,0.7335519790649414,140,control
9,2476107,0.02173585893175338,0.01041232794523239,0.02993023106947228,0,0.5477128624916077,140,control
12,2453808,0.02117726947339448,0.0101065244525671,0.02915529219997189,0,0.6780120730400085,140,control
15,2447781,0.02130554173440148,0.01018666569143533,0.02931372128096051,0,0.6129453182220459,140,control
18,2463219,0.02149074551073855,0.01030115596950054,0.02954419222384095,0,0.6073858141899109,140,control
21,2427732,0.0213309788749226,0.01018474344164133,0.02936715028931185,0,0.5744583010673523,140,control
24,2506140,0.02116443802279345,0.01014976296573877,0.02909778977105326,0,0.7240395545959473,140,control
27,2450238,0.02141801780598871,0.01021142024546861,0.02947412171128159,0,0.566896915435791,140,control
30,2427732,0.02131639458537581,0.01018913742154836,0.02927882357586908,0,0.5265645980834961,140,control
33,2478544,0.0217322240744235,0.01040614768862724,0.03000505062674024,0,0.662545919418335,140,control
36,2493264,0.02132739754530047,0.01018553040921688,0.0293729524407176,0,0.6129453182220459,140,control
39,2434320,0.02124480846523779,0.01017883140593767,0.02924318857554434,0,0.7748263478279114,140,control
42,2460605,0.02163483513972958,0.01039704401046037,0.02973825916700438,0,0.5744583010673523,140,control
45,2497536,0.02124408638736518,0.01018039416521787,0.02920429347201856,0,0.5813720226287842,140,control
48,2468422,0.02117622563151196,0.01014187838882207,0.02917015198428375,0,0.6767114400863647,140,control
0,2852280,0.02133186807756924,0.01021586917340755,0.02935416951465594,0,0.5243741273880005,141,control
3,2805576,0.02131732746795041,0.01016408950090408,0.02932433376947414,0,0.6268775463104248,141,control
6,2884890,0.02149939534742891,0.01024740934371948,0.02961383979297896,0,0.6984580159187317,141,control
9,2849308,0.02127213544192251,0.01016768999397754,0.02928759518831802,0,0.6075363755226135,141,control
12,2822400,0.02119188508643506,0.01009745616465807,0.02918535148742092,0,0.6841755509376526,141,control
15,2842580,0.02109906755752758,0.01009949576109647,0.02899546470495136,0,0.5265645980834961,141,control
18,2807270,0.02118369509716367,0.01012286450713872,0.02912284461873173,0,0.5311801433563232,141,control
21,2822391,0.02136515719861776,0.01015603635460138,0.02945923795657622,0,0.5754531621932983,141,control
24,2819041,0.02110333384114336,0.01009680330753326,0.02898618784378497,0,0.5983755588531494,141,control
27,2855875,0.02121982811287066,0.01014187838882207,0.02924163934273751,0,0.7240395545959473,141,control
30,2820414,0.02163616583964691,0.01034922525286674,0.02977505496304272,0,0.5744583010673523,141,control
33,2822204,0.02137066763971112,0.01021142024546861,0.02941524168628825,0,0.6841755509376526,141,control
36,2862828,0.02132938807499711,0.01019329857081174,0.02940828704713517,0,0.5754531621932983,141,control
39,2820610,0.02113288400686783,0.01009949576109647,0.02907855737767759,0,0.6490405201911926,141,control
42,2827442,0.02128490302510925,0.01019003521651029,0.02928802775407486,0,0.7047480344772339,141,control
45,2849200,0.02120318638581708,0.01010818034410476,0.02921972419226662,0,0.6325857043266296,141,control
48,2864556,0.02124850002158545,0.0101765040308237,0.02924547750848357,0,0.6841755509376526,141,control
0,3256130,0.02132457305620889,0.01019388809800148,0.02941839296054096,0,1.339582920074463,142,control
3,3297660,0.0212162337643887,0.01014187838882207,0.02917734065770425,0,0.5424096584320068,142,control
6,3274108,0.02172618010158536,0.01038636267185211,0.03012112185364084,0,1.316256046295166,142,control
9,3211248,0.02134908793378993,0.01024166215211153,0.02935015742212194,0,0.566896915435791,142,control
12,3323208,0.02396595990873998,0.01016408950090408,0.17679557675118945,0,135.75692749023438,142,control
15,3261515,0.02122164179414798,0.01010587159544229,0.02919588636053955,0,0.7368083000183105,142,control
18,3301005,0.02140689452237431,0.01019003521651029,0.02955294142006385,0,0.7760884761810303,142,control
21,3279720,0.02131382373624983,0.01019003521651029,0.02930974841924626,0,0.7815737724304199,142,control
24,3243240,0.02133741217335151,0.01015836931765079,0.02977141502179463,0,1.6476651430130005,142,control
27,3256088,0.02139154294220142,0.01017239224165678,0.02962373688988391,0,0.9748476147651672,142,control
30,3276064,0.02136295826724219,0.01019019726663827,0.0294191917783895,0,0.6841755509376526,142,control
33,3279432,0.02146320632902542,0.01025699637830257,0.02954432505515178,0,0.9572952389717102,142,control
36,3314064,0.02130824631607959,0.01018474344164133,0.02951245208173131,0,1.312291383743286,142,control
39,3290532,0.02363766280364575,0.01009745616465807,0.18719439607282,0,54.20985412597656,142,control
42,3292254,0.02147028332895633,0.01027808338403701,0.02954184998753722,0,0.566896915435791,142,control
45,3297840,0.02140953691799338,0.01021558325737714,0.02941651754539397,0,0.5744583010673523,142,control
48,3222024,0.02142844504820275,0.01013846974819898,0.03150300304347914,0,2.912616491317749,142,control
0,2051185,0.02121041777494815,0.01019039377570152,0.02912828221008658,0,0.646826446056366,143,control
3,2063856,0.02125290483472824,0.01017239224165678,0.02926373211583436,0,0.6780120730400085,143,control
6,2029398,0.02153400415843615,0.01029190607368946,0.02965265594818018,0,0.5478178858757019,143,control
9,2042964,0.02119380241323647,0.01015673950314521,0.02922955244982205,0,0.6013466715812683,143,control
12,2092176,0.02140139436543139,0.01026761624962091,0.02939108383399847,0,0.568489134311676,143,control
15,2045997,0.02122826576500318,0.01018666569143533,0.02916371632710717,0,0.5424096584320068,143,control
18,2020536,0.02120818991239511,0.01013434585183858,0.02916439715007102,0,0.5265645980834961,143,control
21,2071919,0.02140575695077379,0.01028428133577108,0.02940342098529485,0,0.514768123626709,143,control
24,2048688,0.02119835103107798,0.01014187838882207,0.02921308557731585,0,0.5227924585342407,143,control
27,2067120,0.02119586308450296,0.01017892453819513,0.02922132428519247,0,0.6780120730400085,143,control
30,2080805,0.02135032776271294,0.01022922527045011,0.02945105559781712,0,0.6078379154205322,143,control
33,2068738,0.02137083328279425,0.01021586917340755,0.02944059514881692,0,0.566896915435791,143,control
36,2025230,0.02140884508987222,0.01023889426141977,0.02948725474394771,0,0.6129453182220459,143,control
39,2030244,0.02129693323306795,0.01019000075757503,0.02921328223078041,0,0.6994975805282593,143,control
42,2018500,0.0212475375186851,0.01015910878777504,0.02921279470699018,0,0.6546949148178101,143,control
45,2042091,0.02144127424726822,0.01025635842233896,0.02955074939297353,0,0.566896915435791,143,control
48,2076030,0.02123610990600887,0.01014187838882207,0.02925624553471161,0,0.6841755509376526,143,control
0,2587281,0.02121049983336543,0.01015836931765079,0.02922215209645657,0,0.6841755509376526,144,control
3,2648106,0.02131358874520677,0.01018492504954338,0.02935956308257632,0,0.6841755509376526,144,control
6,2625722,0.02138348800755569,0.01022313255816698,0.0294312210065307,0,0.6841755509376526,144,control
9,2599667,0.02124445359085558,0.01013091392815113,0.02925991384410644,0,0.566896915435791,144,control
12,2605521,0.02133956802145959,0.01022313255816698,0.0294004103181279,0,0.566896915435791,144,control
15,2625408,0.02121994907200852,0.0101230964064598,0.02924998991794046,0,0.6129453182220459,144,control
18,2626915,0.02134969274493211,0.01022629626095295,0.02939696674495933,0,0.5089103579521179,144,control
21,2643880,0.0213029398771139,0.01018881052732467,0.02923703338982443,0,0.7543994188308716,144,control
24,2614203,0.02109009650272533,0.01009680330753326,0.02906954863863071,0,0.646826446056366,144,control
27,2686236,0.02139991508387535,0.0102657014504075,0.02944346257179325,0,0.566896915435791,144,control
30,2615832,0.02157716438343197,0.01033345982432365,0.0296952521711884,0,0.5924255847930908,144,control
33,2661360,0.02127216123077212,0.01016408950090408,0.02931815594399832,0,0.6841755509376526,144,control
36,2602749,0.02122631967337431,0.01013091392815113,0.02924177115668494,0,0.5434810519218445,144,control
39,2626344,0.02145897558625514,0.01022406760603189,0.02991054988941415,0,1.0333247184753418,144,control
42,2568720,0.02127687404555715,0.01014620810747146,0.0292747660264854,0,0.6013466715812683,144,control
45,2612524,0.02141616016100659,0.01024587079882621,0.02943620606357669,0,0.5983755588531494,144,control
48,2610454,0.02127681648179654,0.0101961325854063,0.02922460103799561,0,0.566896915435791,144,control
0,2524885,0.02144562931217853,0.01024425867944955,0.02955276533171372,0,0.63847815990448,145,control
3,2521680,0.0221825799146248,0.010292649269104,0.05714242784771597,0,13.684774398803713,145,control
6,2513790,0.02148135868287393,0.01029190607368946,0.02966097236554792,0,0.6346561908721924,145,control
9,2593698,0.02144465562043457,0.01036040857434272,0.02953665782473645,0,0.6129453182220459,145,control
12,2534295,0.02138806087576414,0.01022786926478147,0.02950013018196366,0,0.9544634222984314,145,control
15,2558328,0.02115165441284942,0.01010818034410476,0.02907910602428861,0,0.5675617456436157,145,control
18,2548800,0.02167506997953158,0.01035778131335973,0.0299669856092121,0,0.6426556706428528,145,control
21,2556776,0.02158832320315793,0.01036895718425512,0.02972356556111625,0,0.566896915435791,145,control
24,2518560,0.0213630251935834,0.01022313255816698,0.02939336940164097,0,0.5933479070663452,145,control
27,2550153,0.02127629732799893,0.01019067037850618,0.02939048733971081,0,0.7831233143806458,145,control
30,2540640,0.02161092720866182,0.01015836931765079,0.03867732150493491,0,5.696368217468262,145,control
33,2507430,0.02173642005274453,0.01042699068784713,0.02994866977307777,0,0.958756685256958,145,control
36,2590184,0.02127195710847906,0.01018474344164133,0.02954499100505791,0,1.160879611968994,145,control
39,2566208,0.02148377217608806,0.01028747949749231,0.02961521980263674,0,0.6152240037918091,145,control
42,2559559,0.02119545069636344,0.01013091392815113,0.0292662527046676,0,0.6153317093849182,145,control
45,2551964,0.02113966009107849,0.01009680330753326,0.02939678445137495,0,0.9276437759399414,145,control
48,2620905,0.02137335864512313,0.01023883651942014,0.02950197857051531,0,0.6841755509376526,145,control
0,2536353,0.02128450077095297,0.01018039416521787,0.02933290211554018,0,0.9362115263938904,146,control
3,2577558,0.02140454055058617,0.01019003521651029,0.02978929764042803,0,1.5556637048721311,146,control
6,2617024,0.02150303126528485,0.01029190607368946,0.02958693969748864,0,0.5759917497634888,146,control
9,2527259,0.02146260150162765,0.01027808338403701,0.02957292759907537,0,0.7755815982818604,146,control
12,2551626,0.02142579992366434,0.01026304718106985,0.02951565235404649,0,0.5679451823234558,146,control
15,2536688,0.0214055202423547,0.01026461832225322,0.02941486603366006,0,0.7598896026611328,146,control
18,2584764,0.02153761145224461,0.01028378121554851,0.02975327907734087,0,0.7486595511436462,146,control
21,2534496,0.0217225198884551,0.01041232794523239,0.02993123958196102,0,0.5434810519218445,146,control
24,2575881,0.0213795703134187,0.01020774897187948,0.02972720529886769,0,1.1242547035217283,146,control
27,2620261,0.02140104063777127,0.01020899228751659,0.02956923125320447,0,0.980590283870697,146,control
30,2593110,0.02168059988182387,0.01041232794523239,0.02987340729432079,0,0.564775824546814,146,control
33,2542050,0.02190675357598236,0.01048275269567966,0.03017890763965697,0,0.6572642922401428,146,control
36,2610615,0.02135994054023647,0.01026107557117939,0.02944792731912961,0,0.7368083000183105,146,control
39,2559775,0.02136904546121847,0.01026466116309166,0.02941007618779316,0,0.5568702816963196,146,control
42,2591844,0.02142834067741782,0.01027693971991539,0.02972428583390606,0,1.3654963970184326,146,control
45,2617524,0.02129026258143299,0.01018584426492452,0.03063407729079779,0,2.144559383392334,146,control
48,2537480,0.02146460895617664,0.01019109971821308,0.03188717001805683,0,2.9937903881073,146,control
0,2755536,0.02115503707724778,0.01009966991841793,0.02909620546891594,0,0.6013466715812683,147,control
3,2792120,0.02132575917947298,0.01024466659873724,0.0294368016431508,0,0.6073858141899109,147,control
6,2780554,0.02122194989443945,0.01015836931765079,0.0293076898471203,0,1.1358025074005127,147,control
9,2765569,0.02138182344399184,0.01025842409580946,0.02953191120662946,0,0.635106086730957,147,control
12,2765560,0.02128978023910345,0.01024385448545217,0.02930645326819017,0,0.5873745083808899,147,control
15,2750512,0.02125700948944005,0.01018039416521787,0.02926596091621319,0,0.6841755509376526,147,control
18,2788371,0.02177171302381174,0.01018626149743795,0.04511756789545088,0,8.478610038757324,147,control
21,2752277,0.02138375493188817,0.01022561267018318,0.02948246722014437,0,0.566896915435791,147,control
24,2770504,0.02153783131973331,0.01021051127463579,0.03239284180841494,0,3.109257698059082,147,control
27,2755500,0.02134926163736851,0.01015223003923893,0.03165311296436519,0,3.1498465538024902,147,control
30,2751881,0.02130352110296883,0.0101761408150196,0.02937717172564315,0,0.7454280257225037,147,control
33,2704338,0.02117438391089982,0.01014972385019064,0.0291184945694251,0,0.6287680268287659,147,control
36,2787158,0.02135153198462235,0.01016230974346399,0.0308188452899587,0,2.424811601638794,147,control
39,2738856,0.02142316710492526,0.01019817870110273,0.02957101355631431,0,0.5744583010673523,147,control
42,2775387,0.02120083540329243,0.01016408950090408,0.02928718771457482,0,0.7106826901435852,147,control
45,2714226,0.02126340182709013,0.01017665863037109,0.02942006227628868,0,1.137267827987671,147,control
48,2767220,0.02145446501548537,0.01015836931765079,0.03210813513480004,0,2.931739330291748,147,control
0,2234264,0.02129870249810634,0.01022313255816698,0.02932439991135411,0,0.5675617456436157,148,control
3,2214510,0.02117407268674269,0.01014669053256511,0.02914512286846312,0,0.7454280257225037,148,control
6,2230880,0.02152150559036259,0.01029190607368946,0.02964079664318722,0,0.7748263478279114,148,control
9,2268060,0.02144944899026885,0.01024835463613271,0.02955868639400598,0,0.566896915435791,148,control
12,2235398,0.02127304513961171,0.01018474344164133,0.02932910948433722,0,0.6841755509376526,148,control
15,2229420,0.02142983542485949,0.01024166215211153,0.02952915451371246,0,0.561063289642334,148,control
18,2264625,0.02127720285745571,0.01020075660198927,0.02933009929966798,0,0.7454280257225037,148,control
21,2278284,0.02140157459493599,0.01026951801031828,0.02950977055362973,0,0.5477128624916077,148,control
24,2268210,0.02131357281746291,0.01018492504954338,0.02942459754401675,0,0.7092170715332031,148,control
27,2243748,0.02122243430595588,0.01015143655240535,0.02924739955878033,0,0.566896915435791,148,control
30,2259700,0.02144601182010599,0.0102657014504075,0.02949658565188951,0,0.6546949148178101,148,control
33,2232600,0.02127475316288188,0.01017417944967746,0.02930017597810399,0,0.5810796618461609,148,control
36,2282337,0.02134798551817834,0.01019003521651029,0.02944590678728997,0,0.5477128624916077,148,control
39,2280420,0.02130819942152591,0.01020899228751659,0.02936909922040528,0,0.5424096584320068,148,control
42,2248038,0.02144005874728779,0.01028378121554851,0.02946763418880276,0,0.6113660335540771,148,control
45,2210106,0.02121886919055828,0.01014976296573877,0.0292069440150078,0,0.5744583010673523,148,control
48,2294600,0.02126759595924075,0.01019029505550861,0.02929953851829445,0,0.6073164939880371,148,control
0,3191202,0.02164424396548671,0.01010818034410476,0.04164831306101255,0,11.233253479003906,149,control
3,3100952,0.0213630975085905,0.01019317470490932,0.02947956174841484,0,0.8380902409553528,149,control
6,3063978,0.02146974165485352,0.0103092361241579,0.02966510789866205,0,1.0128148794174194,149,control
9,3102502,0.02136182648925622,0.01015836931765079,0.0303651304982122,0,3.014401435852051,149,control
12,3120510,0.02139171493713312,0.0101961325854063,0.02988236646829589,0,1.2383633852005005,149,control
15,3105146,0.02111370773813771,0.01009745616465807,0.02909691751491957,0,0.5372562408447266,149,control
18,3056602,0.02127115227893532,0.01015533600002527,0.02975747489011789,0,1.5203170776367188,149,control
21,3098940,0.02165078984574424,0.01027111522853374,0.03330906913869244,0,5.371181011199951,149,control
24,3116858,0.02121976884024418,0.01015836931765079,0.02922470683428032,0,0.7438105940818787,149,control
27,3136320,0.0212315607442962,0.01009854767471551,0.02934324020490165,0,0.8594041466712952,149,control
30,3171705,0.0216049628010352,0.01034337282180786,0.02998991717506621,0,1.2256042957305908,149,control
33,3122866,0.02139397187094167,0.01022590510547161,0.02944393569981757,0,0.566896915435791,149,control
36,3070750,0.02113057906133655,0.01009680330753326,0.02906091407173432,0,0.5812798142433167,149,control
39,3160923,0.02135987327010802,0.01020899228751659,0.02965086041681951,0,1.3953139781951904,149,control
42,3157473,0.02125887669224601,0.01013304106891155,0.02972495455680502,0,2.1514973640441895,149,control
45,3141714,0.02135887497165654,0.0102302823215723,0.02936846013114453,0,0.6982721090316772,149,control
48,3077400,0.02118430662585078,0.01013091392815113,0.02917132184568474,0,0.6230547428131104,149,control
0,2386769,0.02135188206989526,0.01021051127463579,0.02940759893230669,0,0.5744583010673523,15,control
3,2397810,0.02125523834771216,0.01018474344164133,0.02927172249036448,0,0.6904447078704834,15,control
6,2363564,0.02147472965246929,0.0102750938385725,0.02955420110004985,0,0.5434810519218445,15,control
9,2385324,0.021327649426059,0.01021746080368757,0.02932339054391797,0,0.5477128624916077,15,control
12,2370030,0.02120521708549261,0.01017883140593767,0.0291656536172162,0,0.8425388336181641,15,control
15,2399385,0.02128902238086883,0.01019109971821308,0.02931359173877483,0,0.5120977163314819,15,control
18,2356216,0.02130971214419171,0.01018474344164133,0.02928805218338622,0,0.6325857043266296,15,control
21,2368232,0.02133891572117951,0.01025699637830257,0.02926257178716974,0,0.566896915435791,15,control
24,2391642,0.02128295412398538,0.01020816527307033,0.02929432280130251,0,0.5983755588531494,15,control
27,2362353,0.02124573146563088,0.01009745616465807,0.0292519795738835,0,0.5270437598228455,15,control
30,2431734,0.02139785256698991,0.01026951801031828,0.02948085381875667,0,0.5477128624916077,15,control
33,2345490,0.02133532236573679,0.01014577597379684,0.02941978403578448,0,0.6841755509376526,15,control
36,2385324,0.02117319966923806,0.01013434585183858,0.02907874151417742,0,0.566896915435791,15,control
39,2391572,0.0212508883469923,0.01014187838882207,0.02934471880753511,0,0.5983755588531494,15,control
42,2374392,0.02123225306323153,0.01016877964138984,0.02922864938828971,0,0.6445474624633789,15,control
45,2370054,0.02140799389511061,0.01022786926478147,0.02942091990534114,0,0.5432618856430054,15,control
48,2373128,0.02133166026858363,0.0102302823215723,0.02938565405855155,0,0.6841755509376526,15,control
0,1891988,0.02136790873047232,0.01012726407498121,0.03111927381082102,0,2.6203083992004395,150,control
3,1904175,0.021285454119985132,0.01021142024546861,0.0293451749763079,0,0.710858941078186,150,control
6,1853610,0.02118604164010435,0.0101065244525671,0.02917048460171836,0,0.7106826901435852,150,control
9,1903018,0.021498823414291,0.01020356640219688,0.03019844656364075,0,1.6765881776809692,150,control
12,1893312,0.02140259890657581,0.01018474344164133,0.02966591223060719,0,0.7954460978507996,150,control
15,1907157,0.02163193108468777,0.01033375784754753,0.03111880990962244,0,2.6035985946655273,150,control
18,1909915,0.02132964829124485,0.01027576904743909,0.02932927353122244,0,0.583214282989502,150,control
21,1880902,0.02127431627074937,0.01015836931765079,0.02937060955815363,0,0.6034729480743408,150,control
24,1884933,0.021065611150604822,0.01007323712110519,0.02899615796899539,0,0.5480718016624451,150,control
27,1919370,0.02273498171358558,0.01028176397085189,0.08591226863712771,0,21.46725273132324,150,control
30,1882368,0.02141585023643518,0.01029190607368946,0.02984265880942806,0,1.3518781661987305,150,control
33,1898835,0.02131476992891649,0.01015836931765079,0.02945355421869578,0,0.8618522882461548,150,control
36,1874080,0.02130126228348542,0.01014972385019064,0.02938624557355196,0,0.7603276968002319,150,control
39,1912365,0.02132290150699618,0.01017220877110958,0.02966111764925375,0,1.1238703727722168,150,control
42,1863056,0.02171848343023861,0.01041232794523239,0.03004495525449617,0,0.8682648539543152,150,control
45,1896120,0.02145385300035648,0.01021142024546861,0.02986919567769752,0,1.122698426246643,150,control
48,1867112,0.02145704126505316,0.01018039416521787,0.03224872118676486,0,3.837455987930298,150,control
0,2325049,0.02121589282055355,0.01013434585183858,0.02918809201761098,0,0.6259860992431641,151,control
3,2305842,0.02135332478112143,0.01018553040921688,0.02977774131948052,0,1.4642581939697266,151,control
6,2322455,0.02134596466085219,0.01020652055740356,0.02942551104508702,0,0.6962780356407166,151,control
9,2345436,0.02170918061916044,0.01043082028627395,0.02990992460365677,0,0.8868391513824463,151,control
12,2304299,0.02119577975720433,0.01009680330753326,0.02918522799017687,0,0.5702458024024963,151,control
15,2365443,0.02125070570788556,0.01013870444148779,0.02932638826379947,0,0.6490405201911926,151,control
18,2359100,0.02141933654578474,0.01028378121554851,0.02956309491221622,0,1.1580058336257937,151,control
21,2304308,0.02152237567927317,0.01028821244835853,0.02962761770317607,0,0.48501056432724,151,control
24,2330130,0.02146319003846402,0.0103092361241579,0.02953980597579343,0,0.60211944580078125,151,control
27,2359260,0.02115436925783669,0.01013091392815113,0.0290906592904423,0,0.5702458024024963,151,control
30,2385438,0.02117480362394286,0.01009854767471551,0.02913904509490434,0,0.557339608669281,151,control
33,2321040,0.02183617290926176,0.01041577104479074,0.03042223187483298,0,0.6351616382598877,151,control
36,2317734,0.02138235443991345,0.01015836931765079,0.03119021618135066,0,2.8972513675689697,151,control
39,2370054,0.02138223377426241,0.01021746080368757,0.02952525803005524,0,0.6129453182220459,151,control
42,2328576,0.02134556844160033,0.01019003521651029,0.02951568528265354,0,0.9215821027755736,151,control
45,2293708,0.02152464354615951,0.01027808338403701,0.03017220080045105,0,2.058279275894165,151,control
48,2342400,0.02139253913405504,0.0101230964064598,0.03157687163567928,0,3.575042724609375,151,control
0,2921740,0.02137937656121656,0.01018039416521787,0.02951725432659931,0,0.6090602874755859,152,control
3,2857284,0.02150072425543741,0.01027000602334737,0.02977189120571954,0,1.0049971342086792,152,control
6,2925720,0.02136568837681955,0.01021301560103893,0.02952997293144264,0,0.8217788338661194,152,control
9,2889375,0.02141370221873423,0.01019453629851341,0.029607700303972,0,0.6800932884216309,152,control
12,2900173,0.02132259277953668,0.01014976296573877,0.02937453516081222,0,0.6073164939880371,152,control
15,2961805,0.02121494745259073,0.01014187838882207,0.02920118478224258,0,0.6612520217895508,152,control
18,2840404,0.02117079263584008,0.01009745616465807,0.02914970882687946,0,0.5516616702079773,152,control
21,2892872,0.02110817619437822,0.01008729357272386,0.02907186224466172,0,0.5477128624916077,152,control
24,2876391,0.02124305277045113,0.01014187838882207,0.0292080130997466,0,1.013567566871643,152,control
27,2960010,0.02135777544596794,0.01020508166402578,0.02940214410153225,0,0.6767114400863647,152,control
30,2864400,0.02137182615527818,0.01017491333186626,0.02946237443175126,0,0.5875404477119446,152,control
33,2945820,0.02128730902208893,0.01018881052732467,0.02938381139134379,0,0.9340322613716124,152,control
36,2883008,0.02141998181503004,0.01021586917340755,0.02950000353279635,0,0.6994975805282593,152,control
39,2842067,0.02108446584945773,0.01014187838882207,0.02902592014109033,0,0.5732651948928833,152,control
42,2931844,0.02129072901998973,0.01021051127463579,0.02934253803155294,0,0.5744583010673523,152,control
45,2949500,0.02134668670191427,0.01019616983830928,0.02944469443928642,0,0.6009652614593506,152,control
48,2854398,0.02135559114075676,0.01020389329642057,0.02940170647721762,0,0.6325857043266296,152,control
0,2206438,0.02130008264152453,0.01017491333186626,0.02942192302306421,0,0.5679451823234558,153,control
3,2216865,0.02121383448512057,0.01010818034410476,0.02920941429105148,0,0.566896915435791,153,control
6,2272214,0.02158983093387913,0.01040614768862724,0.02969568959191932,0,0.5744583010673523,153,control
9,2227176,0.02129233497556858,0.01020899228751659,0.02932635860963906,0,0.5478178858757019,153,control
12,2193357,0.02115637923368618,0.01016408950090408,0.02903783363343319,0,0.566896915435791,153,control
15,2255748,0.02120282834227262,0.01014187838882207,0.02914862008228226,0,0.5232921242713928,153,control
18,2175336,0.02126989591112863,0.01018709596246481,0.02918030535096222,0,0.5270437598228455,153,control
21,2209302,0.02176973325466111,0.01043082028627395,0.02992447854794301,0,0.6841755509376526,153,control
24,2215080,0.02122399954856605,0.0101206162944436,0.02922833546152057,0,0.6009652614593506,153,control
27,2221584,0.02132308708554903,0.01019003521651029,0.02933768491952792,0,0.7454280257225037,153,control
30,2227094,0.02126917912540438,0.01015836931765079,0.02925393743267691,0,0.6013466715812683,153,control
33,2207940,0.02165871096804119,0.01040921546518802,0.02980138754481352,0,0.6287680268287659,153,control
36,2230512,0.02127797018308415,0.01014187838882207,0.02929225730093406,0,0.5416393280029297,153,control
39,2199582,0.02136723918757115,0.01024166215211153,0.02931576244030814,0,0.564775824546814,153,control
42,2203320,0.02141454776704158,0.01023892126977443,0.02943072655144825,0,0.6546949148178101,153,control
45,2219950,0.02141794712037711,0.01026951801031828,0.02942618736786683,0,0.7454280257225037,153,control
48,2175561,0.02104780054745119,0.01009680330753326,0.02897098434089491,0,0.6013466715812683,153,control
0,4108585,0.02142878147714534,0.01026761624962091,0.02951510105312462,0,0.6980046033859253,154,control
3,4120875,0.02132633579046452,0.01014187838882207,0.03033618696332101,0,2.342730760574341,154,control
6,4089856,0.02142874881302735,0.01017206814140081,0.03017987130495681,0,2.2764127254486084,154,control
9,4106696,0.02153162799076051,0.01028378121554851,0.02972447501507083,0,0.7551798224449158,154,control
12,4062168,0.02389671276679787,0.01010505203157663,0.2076887877064264,0,59.64029312133789,154,control
15,3991940,0.02129211683253075,0.01010357588529586,0.02953591244650507,0,1.0499097108840942,154,control
18,4076360,0.02136372441795113,0.01021051127463579,0.0294473428731865,0,0.9703322649002076,154,control
21,4029966,0.02130990174597941,0.01017491333186626,0.0295144849371927,0,1.124391794204712,154,control
24,4138918,0.02161787288446905,0.0101961325854063,0.03418839820865527,0,5.017183780670166,154,control
27,4063415,0.02134179249874608,0.01016408950090408,0.0296258514936488,0,1.0046898126602173,154,control
30,4067848,0.02142779879385304,0.01019617915153503,0.02959266761010596,0,0.91912078857421875,154,control
33,4136832,0.02186450287882071,0.0103808818385005,0.03240989968767728,0,4.4684882164001465,154,control
36,4077568,0.02157803174502338,0.01025302521884441,0.03129743572388766,0,3.1189286708831787,154,control
39,4169620,0.02126393621364014,0.01014976296573877,0.02936965156456801,0,0.8879250288009644,154,control
42,4157512,0.02139747161176528,0.01022786926478147,0.02968995830478334,0,1.1508640050888062,154,control
45,4200448,0.0213189048221217,0.01017220877110958,0.02991123856828795,0,2.654548168182373,154,control
48,4110750,0.0212277105906075,0.01013846974819898,0.02925826428960471,0,0.6110392808914185,154,control
0,3767432,0.02122520813611209,0.01014187838882207,0.02923962794707084,0,0.6613544821739197,155,control
3,3713229,0.02119635004338128,0.01014439389109611,0.02915982552412834,0,0.6841755509376526,155,control
6,3744216,0.0211922018636881,0.01012071222066879,0.02922692489661824,0,0.772180438041687,155,control
9,3730680,0.02142169332987398,0.01026951801031828,0.02946384826550706,0,0.5664135217666626,155,control
12,3740352,0.02139287621323013,0.01022696401923894,0.0295214264330789,0,0.801384687423706,155,control
15,3744209,0.02113006716061999,0.01011159271001815,0.02908614067956141,0,0.6841755509376526,155,control
18,3669110,0.02143204151037669,0.01024585217237472,0.02949328067746503,0,0.6122516989707947,155,control
21,3726674,0.02147434072321032,0.01027532387524843,0.02951508264635739,0,0.6841755509376526,155,control
24,3701415,0.02124664568505145,0.01017220877110958,0.02926678609135116,0,0.5265645980834961,155,control
27,3794623,0.02128821545278476,0.01018039416521787,0.02934643699131352,0,0.566896915435791,155,control
30,3802419,0.02110867467586992,0.01009854767471551,0.0292223531286595,0,1.0398441553115845,155,control
33,3874440,0.02123541047911705,0.01010818034410476,0.02968673493616867,0,1.897633075714111,155,control
36,3690192,0.02112825110558151,0.01009745616465807,0.0291153998678059,0,0.5528262853622437,155,control
39,3738147,0.02124923049255057,0.01015533600002527,0.02929214814714405,0,1.0254162549972534,155,control
42,3736862,0.02137735149148574,0.01021051127463579,0.02946079549150354,0,0.5744583010673523,155,control
45,3740355,0.02124025258789756,0.01013121847063303,0.02930726527131993,0,0.6363196969032288,155,control
48,3696968,0.02122971853666195,0.01009854767471551,0.02929127721611361,0,0.6013466715812683,155,control
0,3243552,0.02123357276814311,0.01014187838882207,0.02923255930611102,0,0.6361842751502991,156,control
3,3218211,0.02132394033924391,0.01014577597379684,0.02939777323520739,0,0.5964325666427612,156,control
6,3216370,0.02164329638975699,0.01039707940071821,0.02988120688600502,0,0.6129453182220459,156,control
9,3210940,0.02139303183077149,0.01025635842233896,0.02944091310809906,0,0.646826446056366,156,control
12,3250485,0.02145004977455477,0.0102332467213273,0.03062458487752833,0,2.231494903564453,156,control
15,3225327,0.02136749368095528,0.01024437136948108,0.02937035536617799,0,0.6298815608024597,156,control
18,3203875,0.02128868641133909,0.01013846974819898,0.02942193779764916,0,0.8710967302322388,156,control
21,3164980,0.02140742212471093,0.01025021355599165,0.02950117808443445,0,1.6219203472137451,156,control
24,3258640,0.02146041566590169,0.01029190607368946,0.0295172764018456,0,0.6711089015007019,156,control
27,3116178,0.02129395811294211,0.01016939245164394,0.02945014977292396,0,1.0793094635009766,156,control
30,3301236,0.0215512841880218,0.01040399819612503,0.02965143499865751,0,0.5679126381874084,156,control
33,3194454,0.02128868171849439,0.01019817870110273,0.02934931656312847,0,0.9000611305236816,156,control
36,3155646,0.02135018889792259,0.01021746080368757,0.02937434766415025,0,0.5744583010673523,156,control
39,3162642,0.02127001865089017,0.01019201334565878,0.0292436012730611,0,0.566896915435791,156,control
42,3191526,0.02128063105318966,0.01016408950090408,0.02931243906349533,0,0.7454280257225037,156,control
45,3169838,0.02144371675665657,0.01027532387524843,0.02960351439286527,0,0.7351149916648865,156,control
48,3215940,0.02108087033805483,0.01009680330753326,0.02906995966326111,0,0.6767114400863647,156,control
0,2240525,0.02146359057628349,0.01028747949749231,0.02953164820981253,0,0.5983755588531494,157,control
3,2238390,0.0213221399416073,0.01015533600002527,0.02964817163096074,0,0.9159833192825316,157,control
6,2230878,0.02179465570226947,0.01043082028627395,0.02994306950021644,0,0.566896915435791,157,control
9,2274056,0.02140718054979662,0.01026951801031828,0.0294044778415975,0,0.6633915305137634,157,control
12,2216060,0.0210781708636045,0.01009680330753326,0.02900104515007491,0,0.5108935236930847,157,control
15,2212552,0.02130505047011462,0.01019968371838331,0.02928648955007222,0,0.5701783895492554,157,control
18,2239644,0.02155349094023035,0.01028386875987053,0.02967949779223026,0,0.6037918329238892,157,control
21,2240700,0.02128037552465977,0.01016939245164394,0.02930439054879369,0,0.540640115737915,157,control
24,2273360,0.02132807644283887,0.01021142024546861,0.02935458798780936,0,0.566896915435791,157,control
27,2196789,0.02125012287464577,0.01015603635460138,0.02926174407249408,0,0.6129453182220459,157,control
30,2212919,0.02133707865101836,0.01019859686493873,0.02941721292539303,0,0.6841755509376526,157,control
33,2201256,0.02167887726261344,0.01041232794523239,0.02986289664424255,0,0.5089103579521179,157,control
36,2212208,0.02125491659764033,0.01018515881150961,0.0292961084217836,0,0.5679451823234558,157,control
39,2223650,0.02109364862483288,0.01009745616465807,0.02910714366397783,0,0.6841755509376526,157,control
42,2205240,0.02127186049788112,0.01014415733516216,0.02932200727184115,0,0.4789689779281616,157,control
45,2183216,0.0213588503087822,0.01014187838882207,0.03035066280443612,0,2.686445713043213,157,control
48,2217396,0.0212775089176679,0.01014709193259477,0.02932421945422713,0,0.6140302419662476,157,control
0,2197464,0.02122452198267618,0.01013091392815113,0.02923389852960107,0,0.5089103579521179,158,control
3,2170080,0.0211224803526709,0.01008074451237917,0.02913173822204424,0,0.6325857043266296,158,control
6,2207107,0.021734554049732,0.01041570212692022,0.02991985242523249,0,0.5915927290916443,158,control
9,2211088,0.02129717929155777,0.01016230974346399,0.02939373518432917,0,0.5624388456344604,158,control
12,2170782,0.0211165615862012,0.01009745616465807,0.02900631285512767,0,0.5983755588531494,158,control
15,2171652,0.02133527796533671,0.01019243616610765,0.02943433144670849,0,0.7551798224449158,158,control
18,2190758,0.0214285641439494,0.01021051127463579,0.02953706911584712,0,0.6798245906829834,158,control
21,2154124,0.02105929083054207,0.01004857011139392,0.02904450784943979,0,0.566896915435791,158,control
24,2224416,0.02140680605862575,0.01030286028981208,0.02948474591397078,0,0.5744583010673523,158,control
27,2198133,0.02134352400668459,0.01022313255816698,0.02937001714169404,0,0.5802510976791382,158,control
30,2139213,0.02151146444332758,0.01028176397085189,0.02960823365970654,0,0.7229708433151245,158,control
33,2182896,0.02114280510499863,0.01006781682372093,0.0291252962089612,0,0.7815737724304199,158,control
36,2162098,0.02143805136700158,0.01026090048253536,0.0295116628707221,0,0.5873621106147766,158,control
39,2169200,0.02120685920580817,0.01010818034410476,0.02921853912120873,0,0.5744583010673523,158,control
42,2160539,0.02148685720355798,0.01025635842233896,0.02958851932225313,0,0.566896915435791,158,control
45,2198133,0.02125173599866444,0.01015715114772319,0.02924060662393329,0,0.7301731109619141,158,control
48,2169329,0.02132142777743675,0.01019247621297836,0.02931122133496001,0,0.5555844902992249,158,control
0,3145988,0.02136525838417924,0.01022313255816698,0.0293889333175834,0,0.6170268654823303,159,control
3,3180780,0.02119713351834871,0.01014415733516216,0.02923164867076485,0,0.5856093168258667,159,control
6,3119040,0.02118091953450223,0.01010505203157663,0.02917653294759889,0,0.566896915435791,159,control
9,3136142,0.02167698676557073,0.0104082366451621,0.0298651480554617,0,0.6088271737098694,159,control
12,3181135,0.021259923461926,0.01018039416521787,0.02926236737647003,0,0.5528262853622437,159,control
15,3118800,0.02120842573713997,0.01014187838882207,0.02916322643537071,0,0.6129453182220459,159,control
18,3142035,0.02128923834080898,0.01019003521651029,0.02932721541075191,0,0.7454280257225037,159,control
21,3105074,0.02135018233251771,0.01018575206398964,0.02933447515011403,0,0.6546949148178101,159,control
24,3113798,0.021119383338966,0.01009680330753326,0.02912015393580803,0,0.6416125297546387,159,control
27,3130596,0.0213172213426589,0.01019817870110273,0.0294327704914269,0,0.7454280257225037,159,control
30,3122688,0.0212905497653726,0.01019003521651029,0.02932440619155116,0,0.7454280257225037,159,control
33,3145987,0.02121753814325886,0.01014187838882207,0.02914294221277074,0,0.6546949148178101,159,control
36,3128577,0.02118787678298555,0.0101230964064598,0.02919689316827102,0,0.600493848323822,159,control
39,3153402,0.02144518778007341,0.01028994470834732,0.02948463201903332,0,0.9142566919326782,159,control
42,3153300,0.02130905118096582,0.01019616983830928,0.02933132163749097,0,0.540841817855835,159,control
45,3102963,0.02134643645794378,0.01019968371838331,0.02942291754681044,0,0.6180692911148071,159,control
48,3195192,0.02115633598624476,0.01012334041297435,0.02916642677634319,0,0.6841755509376526,159,control
0,2442440,0.0214244716750395,0.01014976296573877,0.03032922887863255,0,1.6558674573898315,16,control
3,2369718,0.02127725083257504,0.01014588586986064,0.02959303960331907,0,1.3493218421936035,16,control
6,2394336,0.02120487576405988,0.0101375700905919,0.02916989830475166,0,0.6656842827796936,16,control
9,2409656,0.02118854187807582,0.01014282181859016,0.02914013977967619,0,0.5987581014633179,16,control
12,2422649,0.02164193091763374,0.01018039416521787,0.03534568337192693,0,4.660040855407715,16,control
15,2420886,0.02132685373009485,0.01018039416521787,0.02949134639179549,0,0.8982598185539246,16,control
18,2426208,0.02135717013802495,0.0101826200261712,0.02947367335561889,0,0.7566206455230713,16,control
21,2425464,0.02125422086531207,0.01009745616465807,0.02990839455282119,0,1.6361993551254272,16,control
24,2433828,0.02146918627007572,0.01019003521651029,0.02968786136324186,0,0.7345888614654541,16,control
27,2415820,0.02146787460719468,0.01021746080368757,0.03016322986437615,0,2.2717807292938232,16,control
30,2432759,0.02162831464234099,0.01019817870110273,0.033206682690848,0,4.22182559967041,16,control
33,2429640,0.02135055439263295,0.0101870521903038,0.02946137907928913,0,0.646826446056366,16,control
36,2400350,0.02157168585016642,0.01021051127463579,0.03338650200335247,0,3.23184871673584,16,control
39,2456504,0.02178396933136368,0.01021142024546861,0.04307549288373065,0,10.388968467712402,16,control
42,2433678,0.02134266472938696,0.01017054170370102,0.02976824818779763,0,1.5849478244781494,16,control
45,2391156,0.02136848799026221,0.01011653337627649,0.03129202515565752,0,2.5712075233459473,16,control
48,2375760,0.02134578455494885,0.01019003521651029,0.02945623421761694,0,0.7903711199760437,16,control
0,2258784,0.02144579307511842,0.01022313255816698,0.03054850894580624,0,2.4163973331451416,160,control
3,2296398,0.0212420399305192,0.01018708478659391,0.02930812702364687,0,0.5936946868896484,160,control
6,2305752,0.0214324689975952,0.01020899228751659,0.02974151267401551,0,1.0252302885055542,160,control
9,2236927,0.02129702428518896,0.01014187838882207,0.029403898999623,0,0.5185244083404541,160,control
12,2229990,0.02165864139638893,0.0102473460137844,0.03230788132776296,0,2.4727818965911865,160,control
15,2288208,0.02128948798700901,0.01020811032503843,0.02939592861234315,0,0.6855320334434509,160,control
18,2237575,0.0215358151027625,0.01031427923589944,0.02974667463881416,0,0.6129453182220459,160,control
21,2278248,0.02159840567148806,0.01035778131335973,0.0298652267382391,0,1.0594805479049685,160,control
24,2263014,0.0211100422328621,0.01006779354065656,0.0291946195610518,0,0.566896915435791,160,control
27,2274028,0.02129073920489892,0.01017153263092041,0.02937428589339774,0,0.6314871907234192,160,control
30,2205144,0.02164344176542963,0.01036660186946392,0.02978639873156162,0,0.6075363755226135,160,control
33,2225868,0.02163966210623681,0.01036040857434272,0.02985244662270254,0,0.7753254771232605,160,control
36,2251500,0.02135093312261151,0.01009745616465807,0.03306680963301312,0,4.894073486328125,160,control
39,2281370,0.0212572130348761,0.01015836931765079,0.02940918964427883,0,1.1425392627716064,160,control
42,2203734,0.02147961786526351,0.0102197378873825,0.02977455968421571,0,0.8436264395713806,160,control
45,2285888,0.02117989922052012,0.01009745616465807,0.02926165498503276,0,0.6834957599639893,160,control
48,2301189,0.0214796481758275,0.01027245819568634,0.02971690673051441,0,0.8520790934562683,160,control
0,3131124,0.02128516616378038,0.01018584426492452,0.02932419511070504,0,0.5813720226287842,161,control
3,3131130,0.02132202647889025,0.0101826200261712,0.0293900455188262,0,0.566896915435791,161,control
6,3141736,0.02125852992524938,0.01014187838882207,0.02927200386797746,0,0.5089103579521179,161,control
9,3175508,0.02133780483582347,0.01020899228751659,0.02940604629212712,0,0.6129453182220459,161,control
12,3211068,0.02124861557809414,0.01016408950090408,0.02931179355696756,0,0.6841755509376526,161,control
15,3195024,0.02132145777569854,0.01019817870110273,0.02937580743402269,0,0.6710686683654785,161,control
18,3180852,0.02143419892473298,0.01026004366576671,0.02957306310747404,0,0.6841755509376526,161,control
21,3187854,0.02130924579838163,0.01019388809800148,0.02932640989628044,0,0.59593266248703,161,control
24,3162930,0.0212291696892834,0.01016685273498296,0.02918380510452893,0,0.5873166918754578,161,control
27,3111575,0.02121901616276513,0.01011413894593715,0.02924607634891975,0,0.5983755588531494,161,control
30,3187770,0.02125025097713813,0.01019003521651029,0.02923764857926485,0,0.6546949148178101,161,control
33,3051973,0.0212932250945157,0.01019003521651029,0.02927280780637735,0,0.5866675972938538,161,control
36,3129360,0.02138192729079407,0.01021116785705089,0.02946260965395251,0,0.5034059286117554,161,control
39,3104608,0.02123378585977099,0.01016408950090408,0.02916741086592315,0,0.5822482109069824,161,control
42,3116990,0.02134399582196401,0.01018039416521787,0.02935455465071329,0,0.6055330038070679,161,control
45,3213026,0.02165129110324198,0.0103535745292902,0.02973636078933959,0,0.7240395545959473,161,control
48,3083527,0.02128703448487838,0.01014187838882207,0.0292966245080548,0,0.6013466715812683,161,control
0,2666664,0.02130916194918083,0.01018039416521787,0.02935181205817967,0,0.6280452013015747,162,control
3,2678102,0.02127485990553583,0.01014187838882207,0.02933350174236424,0,0.6841755509376526,162,control
6,2701080,0.0215355163295844,0.01031656470149755,0.02965808487469558,0,0.7021157145500183,162,control
9,2696100,0.02121770732326633,0.01013919059187173,0.02926214994951465,0,0.6856899261474609,162,control
12,2705976,0.02112119477983015,0.01011644303798675,0.02905634959962886,0,0.6009652614593506,162,control
15,2768847,0.02121677521588422,0.01014187838882207,0.02918167916008094,0,0.6082150340080261,162,control
18,2701050,0.02111210871869553,0.01009680330753326,0.02908540836597456,0,0.6043257713317871,162,control
21,2717510,0.02125632389406854,0.01015166193246841,0.02926527021174291,0,0.8688304424285889,162,control
24,2679669,0.02121320046884014,0.01013919059187173,0.02915013894634357,0,0.566896915435791,162,control
27,2712608,0.02124849062804907,0.01014187838882207,0.0292451147587754,0,0.5754076242446899,162,control
30,2663255,0.02136236364042588,0.01015910878777504,0.0293950380873517,0,0.564775824546814,162,control
33,2682980,0.02149417921295693,0.01026951801031828,0.02954584351679145,0,0.672001302242279,162,control
36,2683043,0.0214726629256454,0.01026951801031828,0.02949277140744217,0,0.6626731157302856,162,control
39,2707670,0.02150126698017424,0.01029190607368946,0.02956468160318756,0,0.5744583010673523,162,control
42,2735712,0.02115314312200846,0.01009745616465807,0.02913401038117178,0,0.5682991147041321,162,control
45,2707538,0.0212599135489747,0.01015582308173179,0.02929015713060673,0,0.6082471013069153,162,control
48,2743612,0.02123089322176153,0.01014187838882207,0.0292488105937282,0,0.566896915435791,162,control
0,2008964,0.02143726565611725,0.01024425867944955,0.02950205887166875,0,0.5679451823234558,163,control
3,2005020,0.02336535739385785,0.01016744971275329,0.13498067964533697,0,25.71910095214844,163,control
6,2034596,0.02175557697749594,0.01020399667322635,0.04533986445093828,0,7.841071605682373,163,control
9,2008960,0.02134850087176979,0.01019067037850618,0.02949268973956101,0,0.6538751125335693,163,control
12,2074110,0.02106772251888967,0.01009745616465807,0.02898016022088172,0,0.566896915435791,163,control
15,1979360,0.02134020368078187,0.01019817870110273,0.02943434005828081,0,0.6129453182220459,163,control
18,2067844,0.02127494203993449,0.01019817870110273,0.02921637642667698,0,0.6841755509376526,163,control
21,2103768,0.02157233485275436,0.01038636267185211,0.02970004732195413,0,0.6073164939880371,163,control
24,2032515,0.02124596551200115,0.01018492504954338,0.02918258962011089,0,0.566896915435791,163,control
27,2073071,0.02120835302650958,0.01019516680389642,0.02918566800807758,0,0.5528262853622437,163,control
30,2067483,0.02144654555746895,0.01024587079882621,0.02953501224848677,0,0.566896915435791,163,control
33,2077220,0.02132880897207447,0.01022830791771411,0.02929198182740777,0,0.511029064655304,163,control
36,2021459,0.02110638194544465,0.01014187838882207,0.02903242602033342,0,0.6490405201911926,163,control
39,2045824,0.02122495365813382,0.01009680330753326,0.02971120210159885,0,1.1056355237960815,163,control
42,2051816,0.02167306439913705,0.01041577104479074,0.02991115546924534,0,0.6325857043266296,163,control
45,2014708,0.02285535143186159,0.01018809527158737,0.10278642729207296,0,25.282808303833008,163,control
48,2041680,0.02130538050634181,0.0101230964064598,0.03015442694588136,0,1.795749306678772,163,control
0,2534439,0.02108829504957604,0.01007644645869731,0.02909046933945847,0,0.7454280257225037,164,control
3,2634029,0.02144874368794451,0.01026951801031828,0.02983052198178814,0,1.3032960891723633,164,control
6,2543125,0.02198933328367855,0.01055303495377302,0.03027864753319077,0,0.646826446056366,164,control
9,2586516,0.02157487075724046,0.0102657014504075,0.03259402329572346,0,3.3515806198120117,164,control
12,2566004,0.02125171166403837,0.01020899228751659,0.02924738183178868,0,0.5448959469795227,164,control
15,2615754,0.02132977420421613,0.01021586917340755,0.0294240929565755,0,0.8643518090248108,164,control
18,2572032,0.02141736862581361,0.01029172167181968,0.02945195809951634,0,0.6377180218696594,164,control
21,2588781,0.02150364300279965,0.01029190607368946,0.02969534732015253,0,1.0024698972702026,164,control
24,2617668,0.02134065525163568,0.01018039416521787,0.02990981383463507,0,1.440450668334961,164,control
27,2575829,0.02115539601748299,0.0101230964064598,0.02923354646052496,0,0.8811073303222656,164,control
30,2566260,0.02362991701875979,0.01013289298862218,0.17378434890898775,0,37.952659606933594,164,control
33,2569573,0.02473814551128336,0.01032442972064018,0.2177037981211979,0,49.46415710449219,164,control
36,2578875,0.02120437517163057,0.0101065244525671,0.02937500596191632,0,0.9191497564315796,164,control
39,2542430,0.0214728750425933,0.01024166215211153,0.02953239459846884,0,0.6346561908721924,164,control
42,2543400,0.02125304983289377,0.01009745616465807,0.02951480990157239,0,1.3406875133514404,164,control
45,2551874,0.02105680994708116,0.01010505203157663,0.02900906187217781,0,0.5983755588531494,164,control
48,2580660,0.02118543025720173,0.01010818034410476,0.02928600023175033,0,0.8167470693588257,164,control
0,2516476,0.02124635777192934,0.01018881052732467,0.02924880477443259,0,0.6841755509376526,165,control
3,2558398,0.02144546441019062,0.01027059368789196,0.02966003100458416,0,0.8688863515853882,165,control
6,2561598,0.02124453538868879,0.01014972385019064,0.02932937495167344,0,0.566896915435791,165,control
9,2504066,0.02171466869252756,0.01040582451969385,0.02991280024927331,0,0.6075363755226135,165,control
12,2603340,0.02118592345396534,0.01010818034410476,0.02927360943569973,0,0.5941830277442932,165,control
15,2505885,0.02145287475610637,0.01021142024546861,0.02980631190187852,0,0.875694990158081,165,control
18,2528096,0.02138259588299708,0.01019388809800148,0.02943212507769181,0,0.6329575181007385,165,control
21,2523332,0.02179527164652712,0.01014976296573877,0.04821805699158373,0,9.22844409942627,165,control
24,2539240,0.02127169551810467,0.01015561074018478,0.02933846260577274,0,0.5679451823234558,165,control
27,2553595,0.02133769810326589,0.01028176397085189,0.0293315838836383,0,0.5670641660690308,165,control
30,2491620,0.02134022549173653,0.01018039416521787,0.02936740113273863,0,0.6538751125335693,165,control
33,2564746,0.02118626725254466,0.01015715114772319,0.02913162130416129,0,0.7454280257225037,165,control
36,2524597,0.02159855068250354,0.01028733421117067,0.03226871185331582,0,4.401346683502197,165,control
39,2531217,0.02143150622918392,0.01018492504954338,0.03048285773795004,0,1.8815505504608152,165,control
42,2474304,0.02208793387260955,0.01041232794523239,0.03732746125227478,0,6.01460075378418,165,control
45,2551824,0.02130826768591272,0.01018881052732467,0.03005883291259697,0,2.14822769165039,165,control
48,2540547,0.0216985245454256,0.01019817870110273,0.040388914916422707,0,7.284961223602295,165,control
0,2777066,0.02143650224511633,0.01024690549820661,0.02955279584782839,0,0.6129453182220459,166,control
3,2765505,0.02123834808252403,0.01012334041297435,0.02940696772094928,0,1.0046898126602173,166,control
6,2797100,0.02152336059354723,0.01036267355084419,0.02971548535171984,0,0.6129453182220459,166,control
9,2763864,0.02119847815180541,0.01010599080473184,0.02942933239743312,0,1.0609676837921145,166,control
12,2817122,0.02153612793142857,0.0101961325854063,0.0318446278098625,0,3.3283116817474365,166,control
15,2813994,0.02120328003003874,0.0101070012897253,0.02926911916931441,0,0.643730640411377,166,control
18,2793912,0.02163031137596736,0.01030199322849512,0.0312892909687855,0,2.648353099822998,166,control
21,2792177,0.0212611455961685,0.01016877964138984,0.02922409261448489,0,0.5334551334381104,166,control
24,2850792,0.02110682961320976,0.01010392140597105,0.029126537658557,0,0.8383522629737854,166,control
27,2792232,0.02139898937096734,0.01021727081388235,0.02954622390150613,0,0.8459979295730591,166,control
30,2674848,0.02141394942271889,0.01020899228751659,0.02945416508773618,0,0.646826446056366,166,control
33,2803020,0.02130994511537402,0.01020075660198927,0.02938940946542157,0,0.6666866540908813,166,control
36,2763564,0.0226340751143544,0.01014187838882207,0.10831718407300486,0,29.225683212280273,166,control
39,2765565,0.02124546435169946,0.01010818034410476,0.02923405633036823,0,0.6841755509376526,166,control
42,2755536,0.02162369773532742,0.01029520668089389,0.03070814990853947,0,2.306957960128784,166,control
45,2735707,0.02116184014252338,0.01009745616465807,0.02914550931921317,0,0.6129453182220459,166,control
48,2757170,0.02164011846914775,0.01019817870110273,0.03505853612783553,0,3.875818967819214,166,control
0,2155622,0.02125871160780012,0.01015836931765079,0.02932939592857335,0,0.6463305950164795,167,control
3,2199212,0.02133351936986494,0.01018474344164133,0.02945795118519717,0,0.7308775782585144,167,control
6,2162328,0.02174590771386742,0.01041232794523239,0.02993965720981786,0,0.6546949148178101,167,control
9,2222352,0.02137220017565464,0.01025845110416412,0.02941638461970893,0,0.6679729223251343,167,control
12,2167876,0.0211154046326482,0.01005160063505172,0.02913433436182633,0,0.5578420162200928,167,control
15,2197206,0.02139996800058925,0.01021051127463579,0.02944503200665657,0,0.5679451823234558,167,control
18,2157705,0.02128873439459095,0.01018474344164133,0.0293327441697645,0,0.6841755509376526,167,control
21,2217554,0.02141008553218392,0.01022590510547161,0.02947106662341673,0,0.5744583010673523,167,control
24,2190319,0.02124973493799455,0.01015533600002527,0.0292508733663146,0,0.6841755509376526,167,control
27,2184160,0.02138514614472061,0.01022658869624137,0.02945576572541186,0,0.6129453182220459,167,control
30,2139528,0.02126039310172983,0.01014187838882207,0.02926791134072015,0,0.7551798224449158,167,control
33,2143830,0.02137989361140727,0.0101961325854063,0.02946003646019339,0,0.746640145778656,167,control
36,2194422,0.02136962147754255,0.01020811032503843,0.02944169947054315,0,0.566896915435791,167,control
39,2247744,0.0212113911033876,0.01014187838882207,0.02917859923653822,0,0.566896915435791,167,control
42,2230530,0.02140089911326322,0.01022313255816698,0.02948146695552506,0,0.5339222550392151,167,control
45,2161990,0.02140876696554999,0.0102003077045083,0.02945721297805487,0,0.7748263478279114,167,control
48,2230236,0.02120225617909682,0.01010415144264698,0.02930083072646045,0,0.7870070338249207,167,control
0,2452131,0.02124526606697332,0.01013434585183858,0.02930237133176129,0,0.8393698930740356,168,control
3,2478238,0.02135626666182866,0.01021142024546861,0.0293569126597465,0,0.6490405201911926,168,control
6,2416198,0.02150917031643593,0.01027532387524843,0.02965467033100713,0,0.6767114400863647,168,control
9,2432700,0.02144190943194233,0.01029190607368946,0.02963054448441623,0,0.5983755588531494,168,control
12,2440756,0.02130324435940378,0.01012071222066879,0.02948088814672093,0,0.9259594678878784,168,control
15,2407920,0.02120184949647111,0.0101154139265418,0.02914362159967379,0,0.8484119176864624,168,control
18,2425464,0.02162853536424399,0.01036918349564075,0.02971084616020214,0,0.540841817855835,168,control
21,2442680,0.02127892512590539,0.01013846974819898,0.02933168441688777,0,0.6841755509376526,168,control
24,2430192,0.02138981981584372,0.01019003521651029,0.03004474984268422,0,1.3507463932037354,168,control
27,2439619,0.02148917560781286,0.01026125997304916,0.02982239298920883,0,1.3054684400558472,168,control
30,2400740,0.02129953993859168,0.01019616983830928,0.0292639339604895,0,0.4792037308216095,168,control
33,2442528,0.02167522347933577,0.01022696401923894,0.03270739544589158,0,3.765232563018799,168,control
36,2492985,0.02202328583455562,0.01018039416521787,0.05910671430268241,0,15.29566478729248,168,control
39,2412982,0.02120414002824784,0.01014051400125026,0.02917164379498666,0,0.6841755509376526,168,control
42,2436642,0.02137655854023755,0.01021475158631801,0.02939961897496734,0,0.5983748435974121,168,control
45,2497168,0.0213081985441012,0.01020075660198927,0.02938134263560203,0,0.5983755588531494,168,control
48,2435760,0.02120218078939549,0.01014641299843788,0.02916464224962282,0,0.564775824546814,168,control
0,1879560,0.02118518155152898,0.01008074451237917,0.02918381401408572,0,0.5382449626922607,169,control
3,1969782,0.02126014474864342,0.01013397891074419,0.02933832776221602,0,0.5759917497634888,169,control
6,1996505,0.02145782481299715,0.01036267355084419,0.02953062171256013,0,0.5983755588531494,169,control
9,1976736,0.02135682687168203,0.01017777062952518,0.0294021069918274,0,0.5265645980834961,169,control
12,1972548,0.02122975968068038,0.01011015381664037,0.02921903160105291,0,0.566896915435791,169,control
15,1945925,0.02125160634317052,0.01020899228751659,0.02922640663099383,0,0.566896915435791,169,control
18,1937564,0.02119932755295782,0.01009745616465807,0.0292542231581556,0,0.5959237217903137,169,control
21,1970192,0.02126253180328748,0.01017220877110958,0.02923533572140686,0,0.4989677965641022,169,control
24,1950212,0.02134099922777975,0.01019817870110273,0.02929197221632139,0,0.4843520522117615,169,control
27,1981054,0.02118048810148071,0.01014187838882207,0.02915339600500262,0,0.6841755509376526,169,control
30,1919604,0.0214311856587678,0.01025805715471506,0.02952256276235711,0,0.566896915435791,169,control
33,1959984,0.02143637580980911,0.01026951801031828,0.02952536603105169,0,0.49621522426605225,169,control
36,1926495,0.02137538059693898,0.0101961325854063,0.02949855551568511,0,0.566896915435791,169,control
39,1933400,0.0211868926360421,0.01014187838882207,0.02912778185738386,0,0.5679451823234558,169,control
42,1948752,0.02136963518419437,0.0103092361241579,0.02945428483340011,0,0.6019431352615356,169,control
45,1971207,0.02144056191448904,0.01022406760603189,0.02952834111131139,0,0.5482248663902283,169,control
48,1999387,0.02130000898571642,0.01018039416521787,0.02940252265824405,0,0.5983755588531494,169,control
0,2132820,0.02141971477547336,0.01028378121554851,0.02951546622882474,0,0.5103011727333069,17,control
3,2106580,0.02125748211063218,0.01020986773073673,0.02932288945588715,0,1.0412328243255615,17,control
6,2054832,0.02141569099272584,0.01020899228751659,0.02951656421358351,0,0.6841755509376526,17,control
9,2145969,0.0220487352273734,0.01033691223710775,0.04960392966052333,0,7.853706359863281,17,control
12,2086568,0.02129243518254658,0.01018492504954338,0.02939156637809024,0,0.9008708596229552,17,control
15,2086580,0.02130581997303183,0.01015836931765079,0.02994047301597133,0,1.6850018501281738,17,control
18,2125664,0.02185815914897636,0.01038913801312446,0.03368283340054238,0,4.00250768661499,17,control
21,2143127,0.02588516946315041,0.01022313255816698,0.2906579503535457,0,76.03912353515625,17,control
24,2115550,0.02106249606149793,0.01009680330753326,0.02908956417556305,0,0.8927175402641296,17,control
27,2082224,0.02117197549869888,0.01017883140593767,0.02913386143908384,0,0.566896915435791,17,control
30,2079040,0.02142075953790352,0.01019003521651029,0.03095341371711036,0,2.1861724853515625,17,control
33,2137440,0.02120343905238139,0.01009680330753326,0.02961631246523016,0,1.424831509590149,17,control
36,2133621,0.02179790721260112,0.0103808818385005,0.03322484677856375,0,3.3319449424743652,17,control
39,2074830,0.02148040241521292,0.01024166215211153,0.03005943095744832,0,1.541825532913208,17,control
42,2107520,0.02127559746842808,0.01027048844844102,0.0292656181160419,0,0.566896915435791,17,control
45,2107728,0.02162078391090728,0.01038636267185211,0.02977613512552565,0,0.566896915435791,17,control
48,2090900,0.0212599593307372,0.01019985880702734,0.02922614604747431,0,0.5528262853622437,17,control
0,2285948,0.02126952650969323,0.01014187838882207,0.02980463183525894,0,1.4141008853912354,170,control
3,2323288,0.02120501489623819,0.01012286450713872,0.02929131059731854,0,0.8920495510101318,170,control
6,2299766,0.02147645079977665,0.01018474344164133,0.03026246448335293,0,1.8731244802474976,170,control
9,2360412,0.02149543623625046,0.01027532387524843,0.02964540323339776,0,0.9035035967826844,170,control
12,2314620,0.02132669957805495,0.01018039416521787,0.02987095132465813,0,1.3929888010025024,170,control
15,2311738,0.02125017430168186,0.01014051400125026,0.02931509015118632,0,0.7028095126152039,170,control
18,2279844,0.02133297286861577,0.01017220877110958,0.02951902361720008,0,0.6043945550918579,170,control
21,2357298,0.02122234205888829,0.01015836931765079,0.02951105424649093,0,1.0164552927017212,170,control
24,2331560,0.02131045563264405,0.01013397891074419,0.02937876595995453,0,0.6841755509376526,170,control
27,2297527,0.02123721473010826,0.01013919059187173,0.02932435631504687,0,0.7825101613998413,170,control
30,2291620,0.02167657600236715,0.01040614768862724,0.03001916088836765,0,0.6768631935119629,170,control
33,2299532,0.02165683273584549,0.0103535745292902,0.02985103954120443,0,0.6841755509376526,170,control
36,2296530,0.02125471214002052,0.01014187838882207,0.02937208751971642,0,0.7240395545959473,170,control
39,2316315,0.02120061471761962,0.01009745616465807,0.0292641446961548,0,0.7435769438743591,170,control
42,2322135,0.02129936043799912,0.01020075660198927,0.02939081476729544,0,0.7986215949058533,170,control
45,2323680,0.02133395040475463,0.01022313255816698,0.02934304730203271,0,0.566896915435791,170,control
48,2352715,0.02135754169736568,0.01015653368085622,0.0299908329758314,0,1.7452082633972168,170,control
0,2862608,0.02140287912376367,0.0102332467213273,0.02949018614051578,0,1.0242929458618164,171,control
3,2963452,0.02126843289392651,0.01014187838882207,0.02933550402396271,0,0.6539172530174255,171,control
6,2975576,0.02160086739366312,0.0103557351976633,0.02973383305587018,0,0.5744583010673523,171,control
9,2971600,0.02135922825628827,0.01023045368492603,0.02946978526741643,0,0.566896915435791,171,control
12,2913120,0.02150220539857343,0.0103092361241579,0.02957615939192989,0,0.5941830277442932,171,control
15,2978235,0.02136127157927719,0.01025164779275655,0.02937993342501431,0,0.7863509058952332,171,control
18,2915583,0.02127430356377038,0.01014846842736005,0.02928567386814637,0,0.5928988456726074,171,control
21,2962912,0.02145341436457904,0.01027245819568634,0.02959132317699541,0,0.5733252763748169,171,control
24,2996037,0.02121225669133005,0.01014187838882207,0.02919739662381451,0,0.646826446056366,171,control
27,2999463,0.0214319710294207,0.01025084871798753,0.02953877370827132,0,0.9418850541114808,171,control
30,2937675,0.02153529503929222,0.01028350926935672,0.02970553097942913,0,0.8997225165367126,171,control
33,2905278,0.02140336939716525,0.01022313255816698,0.02946512492495115,0,0.6181865930557251,171,control
36,2888556,0.02140161441050744,0.01024114899337291,0.02945247477699487,0,0.564775824546814,171,control
39,2975481,0.02152647321754984,0.01025164779275655,0.02989431298514903,0,1.3329366445541382,171,control
42,2993818,0.02149105287773443,0.01029415894299745,0.02961147152781604,0,0.6720733642578125,171,control
45,2999295,0.02142491484242711,0.01020899228751659,0.02953633168654478,0,0.6490405201911926,171,control
48,2910292,0.02140201911966731,0.01019916590303182,0.02950641981377147,0,0.7624567747116089,171,control
0,2764200,0.02138602491077273,0.01018881052732467,0.02949143668823052,0,0.7618805170059204,172,control
3,2788416,0.02116523422251105,0.01009680330753326,0.02964861478688926,0,1.8919726610183716,172,control
6,2825136,0.02143642713099997,0.01025842409580946,0.02958888977566842,0,0.6013466715812683,172,control
9,2760202,0.02169642567239755,0.01039296761155128,0.02989394928245644,0,0.5704861879348755,172,control
12,2798200,0.02122191310429448,0.01017634943127632,0.02917744373279547,0,0.6767114400863647,172,control
15,2775232,0.02147787253870643,0.01016408950090408,0.03343505038455345,0,5.00302267074585,172,control
18,2790414,0.02137855781842285,0.01029190607368946,0.02948731561567841,0,0.6129453182220459,172,control
21,2735460,0.02126687232219768,0.01014187838882207,0.0293116388272007,0,0.9451605677604676,172,control
24,2713704,0.02139639343229911,0.01021051127463579,0.02955027991393615,0,0.9144787788391112,172,control
27,2817152,0.02128999871623866,0.01019329857081174,0.02938703157583222,0,0.7629976272583008,172,control
30,2814955,0.02129916537603328,0.01019003521651029,0.02936430939860563,0,0.5744583010673523,172,control
33,2723220,0.02115203092498083,0.01009680330753326,0.02914717355821515,0,0.5650054812431335,172,control
36,2761760,0.0212123454305802,0.01010505203157663,0.0292337160377784,0,0.7368083000183105,172,control
39,2763036,0.02136517105785735,0.01024506147950887,0.02933856227289327,0,0.6129453182220459,172,control
42,2773780,0.02153751496343205,0.01018039416521787,0.03374749950333612,0,3.879641532897949,172,control
45,2780250,0.02125310150263278,0.01019109971821308,0.02923397671049063,0,0.560215175151825,172,control
48,2745288,0.02130533273774565,0.01019003521651029,0.02946135719679342,0,0.9925973415374756,172,control
0,1838735,0.02464515877661526,0.01014187838882207,0.20903830717738825,0,59.00521087646485,173,control
3,1879632,0.02128658948168332,0.01014187838882207,0.02935822696632705,0,0.9593820571899414,173,control
6,1864548,0.02473786007111342,0.01027576904743909,0.20401889201052223,0,51.339717864990234,173,control
9,1859090,0.02133944942530206,0.01018367242068052,0.02955229255854298,0,0.7113597393035889,173,control
12,1852285,0.02161329918462336,0.01026437990367412,0.0339890863481857,0,4.739663600921631,173,control
15,1855044,0.02129660146807863,0.01014187838882207,0.0298289668189394,0,1.4313230514526367,173,control
18,1850498,0.02142363948118612,0.01025635842233896,0.02952734541144761,0,0.5744583010673523,173,control
21,1883646,0.02145193972768542,0.0102769611403346,0.03008526894958915,0,1.6930614709854126,173,control
24,1881808,0.02158979250531911,0.01021586917340755,0.03605987542129754,0,4.183366775512695,173,control
27,1904391,0.02133273513783291,0.01013091392815113,0.03050282062681114,0,2.259727478027344,173,control
30,1875528,0.02174983574617527,0.01024753227829933,0.04051898502431916,0,6.539907932281494,173,control
33,1859042,0.02147616417301499,0.01025294139981269,0.02984056981412031,0,1.0397181510925293,173,control
36,1870000,0.02121564336990673,0.01011015381664037,0.02923827657672901,0,0.5386253595352173,173,control
39,1868664,0.02135584910893583,0.01022313255816698,0.02940330326781026,0,0.6402634382247925,173,control
42,1891818,0.0215696097601568,0.0103261349722743,0.02971390211042506,0,0.566896915435791,173,control
45,1882380,0.02136180887885595,0.01019109971821308,0.0295307629365262,0,0.6490405201911926,173,control
48,1915455,0.02139190608669286,0.01027245819568634,0.029583421068394702,0,0.747748613357544,173,control
0,3630900,0.0213100861121721,0.01019003521651029,0.02948400858913456,0,1.2579454183578491,174,control
3,3587187,0.02137884896654859,0.01022590510547161,0.02953744444122336,0,0.8365055918693542,174,control
6,3676734,0.02125481869226712,0.01019453629851341,0.02921129097604807,0,0.6325857043266296,174,control
9,3608058,0.02125105990019885,0.01014485396444797,0.03050040118083219,0,2.6715900897979736,174,control
12,3657584,0.02140179867892593,0.01025084871798753,0.02976397046442053,0,1.5716593265533447,174,control
15,3697785,0.02133216804022635,0.01019617915153503,0.02940528319418515,0,0.7671741843223572,174,control
18,3634632,0.02136328409062241,0.01029190607368946,0.0294043795317663,0,0.6153317093849182,174,control
21,3617540,0.02182556381695645,0.01026951801031828,0.0407893698405437,0,8.147431373596191,174,control
24,3640448,0.02164023853623961,0.01009745616465807,0.04155725418577475,0,8.024870872497559,174,control
27,3609676,0.02152134483831502,0.01009680330753326,0.03699345816359745,0,12.662348747253418,174,control
30,3644232,0.02124636363833679,0.01014018151909113,0.02937296506792118,0,1.2314962148666382,174,control
33,3619494,0.02124515620887982,0.01015025284141302,0.0292239425007978,0,0.7504146695137024,174,control
36,3651857,0.02119983246805622,0.01015603635460138,0.02917311906393782,0,0.5911686420440674,174,control
39,3608058,0.02121167568876655,0.01009745616465807,0.02935203953816746,0,1.160785675048828,174,control
42,3682365,0.0212717917551924,0.01019003521651029,0.0293198264270661,0,0.7551798224449158,174,control
45,3572064,0.02135968286614985,0.0101961325854063,0.02945162595426037,0,1.0412328243255615,174,control
48,3671052,0.0213062593227448,0.01018474344164133,0.0293968597812108,0,0.7208883762359619,174,control
0,2255808,0.02134453925879172,0.01021051127463579,0.02961680265541224,0,1.259979248046875,175,control
3,2252712,0.02125540414090834,0.0101375700905919,0.02934077969866609,0,0.9530593752861024,175,control
6,2200310,0.02143088250744149,0.01018474344164133,0.02996975507836188,0,1.7194408178329468,175,control
9,2281500,0.02108529806358943,0.01009680330753326,0.02901252369326416,0,0.49253544211387634,175,control
12,2237655,0.02132764181644051,0.01022204291075468,0.02930039824600448,0,0.7454280257225037,175,control
15,2209032,0.02143986372105096,0.0102657014504075,0.02945959069449557,0,0.5203996896743774,175,control
18,2240700,0.02120033247353303,0.01007644645869731,0.03016438721573277,0,2.002891778945923,175,control
21,2257985,0.02126206045641072,0.01015836931765079,0.02926096569624284,0,0.637272298336029,175,control
24,2264064,0.0213291763188412,0.01021051127463579,0.02943325178545685,0,0.5911686420440674,175,control
27,2206528,0.02132047845277046,0.01013919059187173,0.02974946968898582,0,1.5743587017059326,175,control
30,2196546,0.02216439259130716,0.01060274522751569,0.03179674136615167,0,3.175703525543213,175,control
33,2238520,0.02162335298248506,0.01029190607368946,0.03039797646998858,0,1.5552287101745603,175,control
36,2174664,0.0212561010607291,0.01012286450713872,0.02927079833359965,0,0.5744583010673523,175,control
39,2206820,0.02149523428731961,0.01017883140593767,0.031891096723357,0,2.352398633956909,175,control
42,2189311,0.02178669546366414,0.01041232794523239,0.03041658938788425,0,1.4575464725494385,175,control
45,2253380,0.02109446386741297,0.01007654145359993,0.02909351683507196,0,0.7551798224449158,175,control
48,2211096,0.02136376539204449,0.01021746080368757,0.02948106491119477,0,0.7524756193161011,175,control
0,1951465,0.02122192673283154,0.01011506933718919,0.03003720607359492,0,1.8819938898086548,176,control
3,1972600,0.02148949909500112,0.01029190607368946,0.02987762892162072,0,1.0684396028518677,176,control
6,1958544,0.02117490132154654,0.01009680330753326,0.02936324205087108,0,1.2589150667190552,176,control
9,2013497,0.02294193894798278,0.01017220877110958,0.11484231524341744,0,26.936656951904297,176,control
12,1950156,0.02126903171478554,0.01018039416521787,0.02930926742584002,0,0.6153317093849182,176,control
15,1956801,0.02130196491082237,0.01009745616465807,0.03032600326124557,0,2.06245493888855,176,control
18,1975424,0.02133750526763945,0.0102302823215723,0.02927659714482741,0,0.566896915435791,176,control
21,1959996,0.02127882836780914,0.01017153263092041,0.02926494929429163,0,0.7106826901435852,176,control
24,2010723,0.02127813271278852,0.01016408950090408,0.0294796328269264,0,1.178677678108215,176,control
27,1954304,0.02139920461489353,0.01024646963924169,0.02971756167004672,0,1.0914056301116943,176,control
30,1945961,0.02147399382332563,0.0103092361241579,0.02954471138810776,0,0.646826446056366,176,control
33,1933490,0.02151821140270712,0.010292649269104,0.03016153068775277,0,1.3851574659347534,176,control
36,1943200,0.02132298400958137,0.01010818034410476,0.03017039015899546,0,2.0463366508483887,176,control
39,1944420,0.02159521117028041,0.01017153263092041,0.03359593098608669,0,3.2591609954833984,176,control
42,1950206,0.02129381621930564,0.01014187838882207,0.02963393336282039,0,1.0723938941955566,176,control
45,1958510,0.02142386367135721,0.01028176397085189,0.02953514925428739,0,0.5987013578414917,176,control
48,2009264,0.02134678171161223,0.01013434585183858,0.03130685332037563,0,2.4727818965911865,176,control
0,3372702,0.02135507218401922,0.01021051127463579,0.0294186054446435,0,0.6009833812713623,177,control
3,3317590,0.02125010750973879,0.01016088481992483,0.02925164056531218,0,0.5812375545501709,177,control
6,3337304,0.02157835892894557,0.01024072710424661,0.03149576514566742,0,4.2169928550720215,177,control
9,3370752,0.02134114023692368,0.01016408950090408,0.03011489075712761,0,2.0380048751831055,177,control
12,3374085,0.02125378749933426,0.01016408950090408,0.02943619100469164,0,1.6653274297714231,177,control
15,3422016,0.02147780682084921,0.01027808338403701,0.02964851861657932,0,0.9936407208442688,177,control
18,3271952,0.02128248463121137,0.01012185029685497,0.0293039659252827,0,0.8938384056091309,177,control
21,3354703,0.02121389817397942,0.01014976296573877,0.02939539261174118,0,1.5018576383590698,177,control
24,3301320,0.02127027511831183,0.01014187838882207,0.02935584488281549,0,0.6761512160301208,177,control
27,3363300,0.02112818547981716,0.01007208134979009,0.029527657690863,0,1.297063946723938,177,control
30,3359160,0.02133720877570546,0.01020899228751659,0.02934008584561738,0,0.566896915435791,177,control
33,3328788,0.02166675000026998,0.01028073485940694,0.03315981532423072,0,3.659881353378296,177,control
36,3381696,0.02130603194044954,0.01016408950090408,0.02952025507323421,0,0.944822371006012,177,control
39,3394206,0.02116227840103428,0.01013434585183858,0.02917384970343515,0,0.6513339281082153,177,control
42,3308185,0.02150090955762589,0.01023206207901239,0.02965699770251556,0,0.8135856986045837,177,control
45,3342762,0.02138528671018518,0.01019445154815912,0.02971092468205742,0,1.717366337776184,177,control
48,3398360,0.02128019934950689,0.01008729357272386,0.0328994468198723,0,4.8169264793396,177,control
0,2251458,0.02126229973665793,0.01019109971821308,0.02928747257690397,0,0.6490405201911926,178,control
3,2181333,0.02115841033160139,0.01012404728680849,0.02914701301049138,0,0.6841755509376526,178,control
6,2156450,0.02124209089382881,0.01014187838882207,0.02923541662568785,0,0.566896915435791,178,control
9,2150350,0.02137792943012044,0.01022658869624137,0.02939681315920628,0,0.7719646692276001,178,control
12,2214108,0.02119875500779758,0.01018039416521787,0.02923094098791876,0,0.6325857043266296,178,control
15,2215560,0.02125539889539348,0.01016939245164394,0.02924136618942201,0,0.618377149105072,178,control
18,2169585,0.02128457386793683,0.01018039416521787,0.02928154575665029,0,0.5737672448158264,178,control
21,2209550,0.02153455173022448,0.01037773583084344,0.02974281085446251,0,0.6841755509376526,178,control
24,2214023,0.02123247652844334,0.01015025284141302,0.02926163640232646,0,0.6073858141899109,178,control
27,2196315,0.02124354366056394,0.01018039416521787,0.02925831739631379,0,0.6073164939880371,178,control
30,2193217,0.02142036024622603,0.01025294139981269,0.02950403351816554,0,0.5679451823234558,178,control
33,2180010,0.02177282832255184,0.0101961325854063,0.04322399254772063,0,6.514798164367676,178,control
36,2165282,0.0213540593035813,0.01019003521651029,0.02942813216640009,0,0.7184115648269653,178,control
39,2234925,0.0211748417026373,0.01014187838882207,0.02918269265470048,0,0.6129453182220459,178,control
42,2176968,0.02151776924988052,0.01027000602334737,0.02961615658890889,0,0.568489134311676,178,control
45,2140360,0.02113257696227408,0.01009680330753326,0.02905635998768857,0,0.5150874257087708,178,control
48,2181480,0.02137641235307123,0.01026951801031828,0.02943886320993667,0,0.6841755509376526,178,control
0,4166316,0.02424882873592278,0.01015715114772319,0.22743884532079667,0,82.98137664794922,179,control
3,4133435,0.02132848272903759,0.01016230974346399,0.02942017426943954,0,0.6695852875709534,179,control
6,4201539,0.02156723204772158,0.01032529585063457,0.02973107707537397,0,0.6280452013015747,179,control
9,4205112,0.02178185064108699,0.01041264925152063,0.03006357191325495,0,0.9978544116020204,179,control
12,4132065,0.02129852092467909,0.01016877964138984,0.02940895692805936,0,0.7692067623138428,179,control
15,4126530,0.02138319211905762,0.01019817870110273,0.02949037044744871,0,0.6571735143661499,179,control
18,4153922,0.02218296927167401,0.01029943395406007,0.05909090413374066,0,13.806084632873535,179,control
21,4092830,0.02137855617189872,0.01021142024546861,0.02955810846044433,0,0.949204683303833,179,control
24,4200128,0.0211802602819514,0.01009854767471551,0.02954099803545077,0,1.7591511011123655,179,control
27,4175820,0.02134173112190682,0.01018708478659391,0.02952891577957404,0,1.141737937927246,179,control
30,4139544,0.02146056147497536,0.01022313255816698,0.02964263740253672,0,0.9119499921798706,179,control
33,4209408,0.02161529690569436,0.01029190607368946,0.03256395339073041,0,4.196817874908447,179,control
36,4176567,0.02137221399111023,0.01023707911372184,0.02958210808317308,0,1.237143635749817,179,control
39,4178174,0.02137469701374055,0.01022313255816698,0.02945299967997215,0,0.7044699788093567,179,control
42,4250323,0.02138658790915322,0.01019000075757503,0.02949504022970891,0,0.7240395545959473,179,control
45,4231974,0.02135776563748051,0.01021586917340755,0.02941872706091423,0,0.9997865557670592,179,control
48,4210000,0.02144112880848247,0.01029190607368946,0.02982832468041107,0,1.538933515548706,179,control
0,1800974,0.02098645183338977,0.01009680330753326,0.02889266440969999,0,0.6841755509376526,18,control
3,1836324,0.02131588627880398,0.01019003521651029,0.02927583268901864,0,0.5265645980834961,18,control
6,1839336,0.02170923552423623,0.01041974779218435,0.0298987084399295,0,0.6153317093849182,18,control
9,1801886,0.02121599003540318,0.01016768999397754,0.02928019735464615,0,0.564775824546814,18,control
12,1781201,0.02121453860988783,0.01009745616465807,0.02927412347058686,0,1.117318630218506,18,control
15,1780020,0.02183176679245491,0.01048467773944139,0.03015646219888382,0,0.7175059914588928,18,control
18,1834936,0.02148830696107962,0.01029190607368946,0.02965663253030837,0,0.6126433610916138,18,control
21,1785530,0.02134624812048523,0.0102332467213273,0.02938954117776814,0,0.566896915435791,18,control
24,1813184,0.02122784387458142,0.01015836931765079,0.02931638047514061,0,0.6546949148178101,18,control
27,1832787,0.02123146299132759,0.01019817870110273,0.02914854835958833,0,0.5153576731681824,18,control
30,1805312,0.02178159310294487,0.01043082028627395,0.02991781971648413,0,0.6927565932273865,18,control
33,1873377,0.02121471132134959,0.01018474344164133,0.02916844761263878,0,0.4643088579177856,18,control
36,1836678,0.02117426116395361,0.01018039416521787,0.02911421540798738,0,0.5813720226287842,18,control
39,1829933,0.02130660251174641,0.01021237671375274,0.02929402808000375,0,0.5136807560920715,18,control
42,1802205,0.0210897611494363,0.01009745616465807,0.0290278334962638,0,0.6841755509376526,18,control
45,1839492,0.02140577449373715,0.01033922657370567,0.02938584960771169,0,0.7236813902854919,18,control
48,1803393,0.02119237886628885,0.01015836931765079,0.02913530384471311,0,0.8722015023231506,18,control
0,2370040,0.02114717659701956,0.01009680330753326,0.02922660062825841,0,0.6633915305137634,180,control
3,2450700,0.02114970904221378,0.01017239224165678,0.02911802806457702,0,0.566896915435791,180,control
6,2379306,0.02132483866535098,0.01014235895127058,0.02938749730128042,0,0.5218667984008789,180,control
9,2382350,0.02158047371037578,0.01029190607368946,0.02973646699804797,0,0.5744583010673523,180,control
12,2419524,0.02138330551511688,0.01021142024546861,0.02937559521311456,0,0.566896915435791,180,control
15,2413350,0.02140242187945842,0.01022313255816698,0.02942806251779289,0,0.6129453182220459,180,control
18,2421127,0.02154288240630277,0.01029649283736944,0.02962792568097489,0,0.6073858141899109,180,control
21,2408623,0.02132153751471044,0.01021142024546861,0.02936459589439112,0,0.6013466715812683,180,control
24,2399257,0.02131890490968618,0.01021142024546861,0.02931527643087695,0,0.5679451823234558,180,control
27,2410256,0.02116614846711585,0.01017077267169952,0.02906311585970119,0,0.5702458024024963,180,control
30,2416414,0.02132622401850599,0.01018474344164133,0.02932970871929589,0,0.7551798224449158,180,control
33,2411613,0.0215043777190238,0.01024646963924169,0.02960537695903895,0,0.5611492395401001,180,control
36,2428766,0.02126494920553843,0.01019019726663827,0.02920478110186895,0,0.6841755509376526,180,control
39,2427360,0.02114996475370996,0.01013091392815113,0.02907371146022617,0,0.5658783912658691,180,control
42,2397612,0.02128973803156495,0.01017491333186626,0.02924348834984733,0,0.568489134311676,180,control
45,2373720,0.02156915265197139,0.0103092361241579,0.02972568755603193,0,0.5983755588531494,180,control
48,2383207,0.02124338343411565,0.01015673950314521,0.02920432585125326,0,0.5528262853622437,180,control
0,2775662,0.02307726174857605,0.01022590510547161,0.1344132196482073,0,30.8353214263916,181,control
3,2782252,0.02124635116458628,0.01013176795095205,0.02930378012144604,0,1.097558856010437,181,control
6,2782645,0.0213522234714756,0.01018039416521787,0.02939435406493105,0,0.7240395545959473,181,control
9,2845494,0.02123936364914602,0.01011998672038316,0.03014691781218443,0,2.1342976093292236,181,control
12,2794904,0.02133923571261662,0.01018474344164133,0.02947437882511179,0,1.1957907676696775,181,control
15,2827188,0.02137406166944787,0.01024425867944955,0.02939629507565879,0,0.5477128624916077,181,control
18,2804544,0.02147637791146399,0.01027808338403701,0.02969929616005805,0,0.8445346355438232,181,control
21,2822274,0.02137606360784471,0.01023855712264776,0.02939664252671052,0,0.6427363157272339,181,control
24,2764344,0.02126596862370572,0.01015836931765079,0.02946502619400761,0,1.0420368909835815,181,control
27,2804841,0.0212533579787038,0.01014187838882207,0.02921606690376171,0,0.5438582301139832,181,control
30,2804664,0.02114521570193175,0.01009745616465807,0.029151694174925,0,0.8386462330818176,181,control
33,2885445,0.02178471399493919,0.01041974779218435,0.03021313136753583,0,1.434668779373169,181,control
36,2795534,0.02127943065365934,0.01014709193259477,0.02944070538007934,0,0.899488091468811,181,control
39,2839980,0.02130754860544553,0.01012286450713872,0.03049929618669592,0,2.749235153198242,181,control
42,2793468,0.02158784045682218,0.01036095153540372,0.02983303304378762,0,1.3733373880386353,181,control
45,2801315,0.02183790975476109,0.01034712325781583,0.03441746341628934,0,5.210671424865723,181,control
48,2929575,0.02128196915579074,0.01013982016593217,0.03091538750945525,0,3.7167253494262695,181,control
0,2621298,0.0213319824923764,0.01022313255816698,0.02937710407365965,0,0.566896915435791,182,control
3,2656324,0.02146720177940659,0.01029190607368946,0.02957008639143648,0,0.6137993931770325,182,control
6,2605908,0.0213663336665189,0.01015491504222154,0.02965421785856831,0,1.657492756843567,182,control
9,2655450,0.02149968215864749,0.0103092361241579,0.02956330612758457,0,0.5679451823234558,182,control
12,2723688,0.02133382266266663,0.01019817870110273,0.02947709109667975,0,0.666593074798584,182,control
15,2639104,0.02122839144075226,0.01015910878777504,0.02922040277862418,0,0.5434126257896423,182,control
18,2637668,0.02143075998066917,0.0102657014504075,0.0295110619893871,0,0.566896915435791,182,control
21,2617024,0.02138033279669294,0.01023045368492603,0.02949512610562125,0,0.8740255832672119,182,control
24,2656638,0.02148048024558331,0.01022786926478147,0.02986507376612436,0,1.1187055110931396,182,control
27,2672825,0.02133158530351084,0.01019817870110273,0.02943207069234067,0,0.7021157145500183,182,control
30,2729424,0.02124029834962063,0.01017491333186626,0.02923711242653406,0,0.5065930485725403,182,control
33,2700712,0.02217623382254275,0.01041577104479074,0.04053739411186221,0,6.271847248077393,182,control
36,2672136,0.02111381502721587,0.01009680330753326,0.02911076089287371,0,0.7454280257225037,182,control
39,2686700,0.02124501927115626,0.0101761408150196,0.02929069774659447,0,0.6546949148178101,182,control
42,2672000,0.02121068089362214,0.01011506933718919,0.02934298155952686,0,0.6449111104011536,182,control
45,2656116,0.02119382309130128,0.01016408950090408,0.02915328428492227,0,0.7534236311912537,182,control
48,2669784,0.02125211860325492,0.01018474344164133,0.02925093177651363,0,0.5533496737480164,182,control
0,3264508,0.02166691024135192,0.01041232794523239,0.02981904873812785,0,0.5528262853622437,183,control
3,3251250,0.02127120576635672,0.01016939245164394,0.02940766589332715,0,0.646826446056366,183,control
6,3221862,0.0213774198085766,0.01021051127463579,0.02965724285489556,0,1.1611905097961426,183,control
9,3234224,0.02188333810104236,0.01040614768862724,0.03361644914118915,0,4.483181953430176,183,control
12,3225113,0.02136146589065711,0.01021051127463579,0.02941279263795661,0,0.7911407947540283,183,control
15,3196304,0.02134296039479347,0.01020075660198927,0.02939042522598899,0,0.6122516989707947,183,control
18,3149415,0.02378320229716565,0.01021142024546861,0.17366444605240217,0,46.41666412353515,183,control
21,3210880,0.02147368190780239,0.01024536695331335,0.03188452812338701,0,2.923062324523926,183,control
24,3174756,0.02114594669892296,0.01010818034410476,0.02904113217878938,0,0.6676511168479919,183,control
27,3171454,0.02114612375450076,0.01009745616465807,0.02906556749684149,0,0.646826446056366,183,control
30,3202230,0.02162715048006198,0.01032372750341892,0.03001001829979588,0,1.1467889547348022,183,control
33,3171168,0.02123858471268717,0.01013434585183858,0.02920889956834732,0,0.5915927290916443,183,control
36,3177634,0.02137987195311912,0.01023617666214704,0.0294478440299319,0,0.5939182639122009,183,control
39,3166777,0.0213339788829426,0.01019388809800148,0.02949075922069939,0,0.945407509803772,183,control
42,3234671,0.02140621098825329,0.01019388809800148,0.02958180513310863,0,0.5679451823234558,183,control
45,3166336,0.02155176756568577,0.0103092361241579,0.03018553874051562,0,1.4818739891052246,183,control
48,3186315,0.02134622887989016,0.01016939245164394,0.02985298509414818,0,1.9397737979888916,183,control
0,3402090,0.02116706746790337,0.01014344673603773,0.02913002394274096,0,0.5983755588531494,184,control
3,3330504,0.02117801532912527,0.01011834759265184,0.02914279848759567,0,1.262851595878601,184,control
6,3326967,0.02138519352482698,0.01021558325737714,0.02936801348962883,0,0.5113443732261658,184,control
9,3396648,0.0212244978555325,0.01011506933718919,0.0292682071477239,0,0.5941830277442932,184,control
12,3361722,0.02129003851757362,0.01014187838882207,0.02932642271730692,0,0.5700867772102356,184,control
15,3402024,0.02130572890260473,0.01020195800811052,0.02925703527246323,0,0.6841755509376526,184,control
18,3407700,0.02125303835144663,0.01014976296573877,0.02925730789148684,0,0.566896915435791,184,control
21,3402090,0.02132754681815077,0.01019003521651029,0.02937088428254155,0,0.5679451823234558,184,control
24,3392883,0.02108897754765827,0.01009680330753326,0.02903337019886935,0,0.6129453182220459,184,control
27,3448424,0.0212882883566476,0.01019388809800148,0.02930668157202346,0,0.7340457439422607,184,control
30,3387230,0.02161174465496689,0.01036267355084419,0.02970670006437962,0,0.5254047513008118,184,control
33,3425625,0.02122011179124909,0.01012774650007486,0.02926404361131478,0,0.6711089015007019,184,control
36,3363456,0.02134955232767083,0.01019109971821308,0.02945329694546444,0,0.6767114400863647,184,control
39,3380040,0.02127846849033826,0.01017239224165678,0.02925750079010361,0,0.7240395545959473,184,control
42,3387434,0.02125701097812219,0.0101961325854063,0.02922336392280741,0,0.566896915435791,184,control
45,3383488,0.02154761578808857,0.01032859366387128,0.02963079736415402,0,0.6507704854011536,184,control
48,3370887,0.0214339652314871,0.01025021355599165,0.02951624060041519,0,0.5679451823234558,184,control
0,2684410,0.02116760546753464,0.01010392140597105,0.02912464455034518,0,0.6841755509376526,185,control
3,2687310,0.02131320273553527,0.01018625497817993,0.02949788576965141,0,0.9174907207489014,185,control
6,2644800,0.02162305234239936,0.01036267355084419,0.02987350632244858,0,0.8477914333343506,185,control
9,2692440,0.02142545482361047,0.01020899228751659,0.03150946911736019,0,2.5313355922698975,185,control
12,2725797,0.02124454401158013,0.01015143655240535,0.02958397441630802,0,1.7502176761627195,185,control
15,2697804,0.02138689826382843,0.01025012508034706,0.02947941496612795,0,0.7106305360794067,185,control
18,2712609,0.02151413331274729,0.01031966228038072,0.02967959617683131,0,0.6934505105018616,185,control
21,2653637,0.02164310625365081,0.01039715949445962,0.0298733347744547,0,0.5679451823234558,185,control
24,2682944,0.02129538898683874,0.01018474344164133,0.02932513065528325,0,0.5983755588531494,185,control
27,2679573,0.02143315295115706,0.01019817870110273,0.03004060824861347,0,1.2064430713653564,185,control
30,2656611,0.02130412791152094,0.01015739887952804,0.02931950916232609,0,0.6579793095588684,185,control
33,2631804,0.02122879987793274,0.01013434585183858,0.02923717400270686,0,0.9626838564872742,185,control
36,2659965,0.02169193311316455,0.01021746080368757,0.03544125587315006,0,4.174954891204834,185,control
39,2657538,0.02133391325905553,0.01018474344164133,0.02945813969718132,0,0.828501284122467,185,control
42,2616196,0.02126711951644975,0.01010505203157663,0.02933155466011281,0,0.6601938605308533,185,control
45,2669331,0.02149273209569674,0.01016408950090408,0.03412698702221209,0,4.710411548614502,185,control
48,2641944,0.02116418018967788,0.01011015381664037,0.02912501273186241,0,0.5511287450790405,185,control
0,1783047,0.02134615855485809,0.01021051127463579,0.02940567278887087,0,0.727442741394043,186,control
3,1702524,0.02132456676211795,0.01023883651942014,0.02937487714243864,0,0.9995874166488647,186,control
6,1720119,0.02180777265129755,0.01043082028627395,0.03008991942452753,0,0.6841755509376526,186,control
9,1702770,0.02128839733444097,0.01019003521651029,0.02936201244210537,0,0.6978808045387268,186,control
12,1716540,0.02130779360784385,0.01024072710424661,0.02926577420496135,0,0.5022333860397339,186,control
15,1700314,0.02143698483142781,0.01026090048253536,0.02959848040070078,0,0.6650145053863525,186,control
18,1687644,0.02141604991525828,0.01022313255816698,0.02959570287984762,0,0.9037798643112184,186,control
21,1760088,0.02131702109760928,0.01019310299307108,0.0294423196676321,0,0.6449258327484131,186,control
24,1705050,0.02141110765520567,0.01028378121554851,0.02960498158941934,0,2.524838924407959,186,control
27,1706485,0.02137164213551357,0.01019817870110273,0.02944092710992765,0,0.8090458512306213,186,control
30,1754025,0.02134097611679303,0.01021586917340755,0.02943281755335099,0,0.566896915435791,186,control
33,1734400,0.0216245554193517,0.01033576671034097,0.02982426211515167,0,0.7408772110939026,186,control
36,1709881,0.02115996552702413,0.01011998672038316,0.02912216402011857,0,0.5120977163314819,186,control
39,1720503,0.02114545667313274,0.01009745616465807,0.02908974319937172,0,0.5343884229660034,186,control
42,1767379,0.02129027999787293,0.01019003521651029,0.02930664182939079,0,0.5265645980834961,186,control
45,1740430,0.02150789668543122,0.01033373828977346,0.02963051685104114,0,0.6013466715812683,186,control
48,1699047,0.0213426747024938,0.01021558325737714,0.02935664840127084,0,0.5482248663902283,186,control
0,2399365,0.0212054649127065,0.01010505203157663,0.0292001167491734,0,0.5918256640434265,187,control
3,2411745,0.02117500640203614,0.01012123841792345,0.02910054832815884,0,0.566896915435791,187,control
6,2424185,0.02123582719461791,0.01009745616465807,0.02921881263467101,0,0.566896915435791,187,control
9,2432010,0.02158643870419626,0.01032575592398643,0.02968950117553271,0,0.6841755509376526,187,control
12,2419560,0.02112133260622074,0.0101065244525671,0.02910797794356098,0,0.5759917497634888,187,control
15,2422650,0.02133136870654821,0.01018708478659391,0.02941904226217153,0,0.646826446056366,187,control
18,2391530,0.0215091225648768,0.01026951801031828,0.02958742032841798,0,0.6740727424621582,187,control
21,2449216,0.02104904196880878,0.01009680330753326,0.02891277330396693,0,0.564775824546814,187,control
24,2351580,0.02123302389172729,0.01009854767471551,0.02929031618208631,0,0.6195862293243408,187,control
27,2402491,0.02120936089406102,0.01012185029685497,0.02918445810658287,0,0.5434810519218445,187,control
30,2439763,0.02150355189219247,0.01030115596950054,0.02956712030729805,0,0.6325857043266296,187,control
33,2430481,0.02152935913265803,0.01026761624962091,0.02965111684482838,0,0.6287680268287659,187,control
36,2388064,0.02136451948470923,0.01019003521651029,0.0294357113799851,0,0.6513339281082153,187,control
39,2400908,0.02124709951937091,0.01011653337627649,0.0291840345678397,0,0.7021157145500183,187,control
42,2428902,0.0212523067300416,0.01013091392815113,0.02924936109565291,0,0.5424096584320068,187,control
45,2428920,0.0217314082095499,0.01034844852983951,0.02999724903403197,0,0.6772630214691162,187,control
48,2436705,0.02120800866404782,0.01010818034410476,0.02919479457662423,0,0.5089103579521179,187,control
0,3257541,0.02126274085566833,0.01015739887952804,0.02924018199093765,0,0.5182639360427856,188,control
3,3232660,0.02123106164004695,0.01011413894593715,0.02926076214725258,0,0.6841755509376526,188,control
6,3232179,0.02159898247363755,0.01036149635910987,0.0297541058378171,0,0.9336018562316896,188,control
9,3262936,0.02141222435922148,0.01029415894299745,0.02953348046153501,0,0.6841755509376526,188,control
12,3161059,0.02127499393060599,0.01018371433019638,0.02923241996925234,0,0.6841755509376526,188,control
15,3254191,0.0213088176108528,0.01017220877110958,0.02932912084189203,0,0.611976146697998,188,control
18,3232320,0.02127547780716958,0.01019067037850618,0.02923840729694617,0,0.6826685070991516,188,control
21,3187458,0.02128793413245033,0.01014187838882207,0.02931156098852869,0,0.5928988456726074,188,control
24,3284946,0.02124095985746036,0.01014187838882207,0.02934023974743053,0,0.6032311320304871,188,control
27,3226812,0.02114565786726813,0.0101206162944436,0.02910817794061499,0,0.5766828060150146,188,control
30,3214728,0.02140792973139842,0.01022786926478147,0.02945172393269404,0,0.674484133720398,188,control
33,3308680,0.02157654062123702,0.01034844201058149,0.02973869718253942,0,0.8722015023231506,188,control
36,3293936,0.02133188669058451,0.01021746080368757,0.02936507765858334,0,0.6073858141899109,188,control
39,3209262,0.02127435287660207,0.01017417944967746,0.02933208541310232,0,0.7014365792274475,188,control
42,3202128,0.02117947016364802,0.01011834759265184,0.02912046425521309,0,0.6490405201911926,188,control
45,3141250,0.02122527357647394,0.01014415733516216,0.0291775916519046,0,0.5426290035247803,188,control
48,3232515,0.02127604784033547,0.0101961325854063,0.02931181041586544,0,0.6129453182220459,188,control
0,3068500,0.02122442304096176,0.01016744971275329,0.02933386325880131,0,0.9038622975349426,189,control
3,3105216,0.02141065541923941,0.01021142024546861,0.03051741881956553,0,3.058560609817505,189,control
6,3082842,0.02177495622332638,0.01043082028627395,0.03007932501527856,0,0.8576144576072693,189,control
9,2965248,0.0217668226311639,0.0104054482653737,0.03029141182449375,0,1.2938982248306274,189,control
12,3033550,0.02179849088664105,0.01016939245164394,0.05054153343050018,0,13.09323787689209,189,control
15,3087648,0.02137396708075283,0.01015533600002527,0.03057816867175524,0,4.440776348114014,189,control
18,3051776,0.0214115262554385,0.01022109575569629,0.02978516421202353,0,1.2995729446411133,189,control
21,3001716,0.0213271180101139,0.01015836931765079,0.02953736128731978,0,0.7836456298828125,189,control
24,3109920,0.02149567854312616,0.0103092361241579,0.02970525679912202,0,0.8250330090522766,189,control
27,3115156,0.02139198194009902,0.01017883140593767,0.03148221019927275,0,3.0587029457092285,189,control
30,3057210,0.02157107578314427,0.01026107557117939,0.03389006259881098,0,4.361389636993408,189,control
33,3179056,0.02241869449493671,0.01025223731994628,0.0745070729620838,0,51.020408630371094,189,control
36,3128160,0.02146358968086803,0.01013176795095205,0.03336714144314624,0,4.077456474304199,189,control
39,3063720,0.02262488438657232,0.01025699637830257,0.08891096421817547,0,16.09206199645996,189,control
42,3095645,0.02126404935422846,0.01019617915153503,0.02934295587448459,0,0.6546949148178101,189,control
45,3119896,0.02249868121087529,0.0102657014504075,0.08251522277683607,0,21.580820083618164,189,control
48,3088540,0.02158536229274244,0.01028536818921566,0.03182074511723984,0,3.310330390930176,189,control
0,2655537,0.02135125480414389,0.01019003521651029,0.02936824461617978,0,0.7550264000892639,19,control
3,2645200,0.02132144099373006,0.01014972385019064,0.02936653716046177,0,0.5814655423164368,19,control
6,2687334,0.02125541627441382,0.0101820770651102,0.0292679008851412,0,0.767661988735199,19,control
9,2642988,0.02142390486379851,0.01029190607368946,0.02943839046997328,0,0.5477128624916077,19,control
12,2649416,0.02114155712362589,0.01009680330753326,0.02910193419391967,0,0.5343884229660034,19,control
15,2679597,0.02137489278518469,0.01019003521651029,0.02954898226634857,0,0.9964293241500854,19,control
18,2671812,0.02169300992820903,0.01029190607368946,0.03281100017604826,0,3.679311990737915,19,control
21,2640532,0.02141124067117624,0.0102302823215723,0.02947772695439581,0,0.8767455220222473,19,control
24,2691954,0.02111644612561379,0.01009680330753326,0.02906294756698594,0,0.566896915435791,19,control
27,2721445,0.02140916007081581,0.01026951801031828,0.02945550373943604,0,0.6169750690460205,19,control
30,2612274,0.02148257575877548,0.01025164779275655,0.02955993890651115,0,0.566896915435791,19,control
33,2626610,0.02124599127724335,0.01012066379189491,0.02935572185195103,0,0.8180346488952637,19,control
36,2619500,0.02118464055093329,0.01009745616465807,0.02929503896467383,0,0.9519320130348206,19,control
39,2655150,0.02136457005195962,0.01019109971821308,0.02966484621959456,0,1.17454993724823,19,control
42,2632615,0.02144558053231694,0.01014976296573877,0.03195340074486257,0,2.8040037155151367,19,control
45,2708404,0.02146305258623426,0.01029190607368946,0.02975038203819614,0,0.8613566160202026,19,control
48,2634418,0.02118413187117684,0.01013091392815113,0.02912237052259558,0,0.621270477771759,19,control
0,1682954,0.02135696401218146,0.01021809969097375,0.02947474676855052,0,0.6129453182220459,190,control
3,1674355,0.02114383884547581,0.01010818034410476,0.02912364131119154,0,0.566896915435791,190,control
6,1666632,0.02109172794686872,0.01011848263442516,0.02900596783492973,0,0.5434810519218445,190,control
9,1642186,0.02136567190737269,0.01020899228751659,0.02946838692473873,0,0.6841755509376526,190,control
12,1688694,0.02132592804652687,0.01027808338403701,0.02931689083185233,0,0.564775824546814,190,control
15,1675718,0.02116923123037823,0.01018584426492452,0.02913159686571581,0,0.5495701432228088,190,control
18,1706942,0.02124276244780666,0.01019583456218242,0.02923320806927853,0,0.5136807560920715,190,control
21,1607743,0.02133093749745936,0.01021237671375274,0.02932693591087791,0,0.5098482370376587,190,control
24,1616712,0.02113337292142039,0.01009082794189453,0.02906359551286661,0,0.4789689779281616,190,control
27,1644794,0.02118889580717317,0.01016984973102808,0.02919829585370884,0,0.6009652614593506,190,control
30,1656269,0.02151277595433633,0.01029190607368946,0.02962789561283904,0,0.568489134311676,190,control
33,1636910,0.02152959175116304,0.01030272990465164,0.02975408474372462,0,0.646826446056366,190,control
36,1683500,0.02123869834674295,0.01014187838882207,0.02931306627971639,0,0.6841755509376526,190,control
39,1615377,0.02119293745978942,0.01017491333186626,0.02914928666143751,0,0.6490405201911926,190,control
42,1655010,0.02177794372839102,0.0104704974219203,0.03004672809615335,0,0.6841755509376526,190,control
45,1621782,0.02159361201686672,0.01036267355084419,0.02967718523171026,0,0.576103150844574,190,control
48,1631986,0.02115274661774645,0.01013091392815113,0.02911973299787865,0,0.566896915435791,190,control
0,2544918,0.02115072359955383,0.01013919059187173,0.02914342866648906,0,0.6546949148178101,191,control
3,2527371,0.0213400610557601,0.01013434585183858,0.02945660404867142,0,0.6075363755226135,191,control
6,2516710,0.02123102022499165,0.01015228033065795,0.029187667467188,0,0.6841755509376526,191,control
9,2477860,0.02132763927723636,0.01025845110416412,0.02934226657884011,0,0.5434810519218445,191,control
12,2529580,0.02135414850262768,0.01024425867944955,0.02940838181126318,0,0.6841755509376526,191,control
15,2479181,0.02124152349293154,0.01015836931765079,0.02918852719421565,0,0.6841755509376526,191,control
18,2481928,0.02127442729439567,0.01012286450713872,0.02941513059039877,0,0.8365591168403625,191,control
21,2482700,0.02151563802343078,0.01029571332037448,0.02972904828753981,0,0.7175059914588928,191,control
24,2492217,0.0212217982373398,0.01014187838882207,0.02926474176869327,0,0.6841755509376526,191,control
27,2528760,0.02115949778197612,0.01009854767471551,0.02926582499809689,0,1.3170801401138306,191,control
30,2521168,0.02168910680134506,0.01041232794523239,0.02994099743700884,0,0.6129453182220459,191,control
33,2484993,0.02166208821697329,0.01036267355084419,0.02985846904306027,0,0.707032322883606,191,control
36,2553204,0.02137186856999864,0.01026951801031828,0.02939212841084656,0,0.566896915435791,191,control
39,2526944,0.02128973191159491,0.01019968371838331,0.02934003100365574,0,0.6841755509376526,191,control
42,2559775,0.02126245371034299,0.01018881052732467,0.02930890175575639,0,0.6841755509376526,191,control
45,2452785,0.02123001304979402,0.01017239224165678,0.02926239251368472,0,0.5744583010673523,191,control
48,2527475,0.02134988245431936,0.01027532387524843,0.0294505587539046,0,0.9142566919326782,191,control
0,2367845,0.0245292038423865,0.01022313255816698,0.21590680636866388,0,53.163551330566406,192,control
3,2347150,0.02130951373390473,0.01014976296573877,0.02955623390819209,0,0.8885186910629272,192,control
6,2343061,0.02125877947885921,0.01014846842736005,0.02931148149704891,0,0.5796167254447937,192,control
9,2345868,0.0213816923995345,0.01024587079882621,0.02947548553304355,0,0.5813720226287842,192,control
12,2278748,0.02137815815300339,0.01026951801031828,0.02942156863072636,0,0.5754531621932983,192,control
15,2349982,0.0217055649978499,0.01039674319326877,0.03013944949029453,0,1.1376796960830688,192,control
18,2367621,0.02180704765801168,0.01041577104479074,0.03059055722392128,0,1.562694430351257,192,control
21,2318233,0.02120248772014797,0.01010818034410476,0.02945997161446002,0,0.9410627484321594,192,control
24,2365083,0.02120306063829945,0.01016408950090408,0.02941661195264796,0,1.0497843027114868,192,control
27,2394860,0.02149071299746922,0.01027831714600324,0.03071255839563376,0,2.815976142883301,192,control
30,2327076,0.02125417088705629,0.01014187838882207,0.02960640023207866,0,1.4031723737716677,192,control
33,2305380,0.02146936163246781,0.01026951801031828,0.02976614406411937,0,1.1909295320510864,192,control
36,2299070,0.02125409568236403,0.01010505203157663,0.02935300270639155,0,0.790856659412384,192,control
39,2393128,0.02136635119455353,0.01018474344164133,0.03119852548234418,0,3.0587730407714844,192,control
42,2400398,0.02154605000127518,0.01036267355084419,0.02967783863095691,0,0.5866675972938538,192,control
45,2372917,0.02144410481158224,0.01020899228751659,0.03005029868326014,0,1.4476953744888306,192,control
48,2351498,0.02138670799435159,0.01019617449492216,0.02959820786152188,0,1.109419584274292,192,control
0,2897750,0.0213717815773242,0.01019592490047216,0.02950314394355941,0,0.699660062789917,193,control
3,2967433,0.02112965319237754,0.01009745616465807,0.02909987543733235,0,0.5482248663902283,193,control
6,2988417,0.02137791214883512,0.01025998406112194,0.02944016410891587,0,0.6073164939880371,193,control
9,2977044,0.02133061833715489,0.0101961325854063,0.02934124723826282,0,0.6841755509376526,193,control
12,3030597,0.02137196480453965,0.01022590510547161,0.02943216892038503,0,0.6112286448478699,193,control
15,2934008,0.02136046552241491,0.01015533600002527,0.02946861186103156,0,0.7218227386474609,193,control
18,2973198,0.02148783148182796,0.01027532387524843,0.02969636063047754,0,1.0739184617996216,193,control
21,2969802,0.02167774318117019,0.0103092361241579,0.03010985353244956,0,1.2107913494110107,193,control
24,2971350,0.02138238214225054,0.01019968371838331,0.02938212009055034,0,0.5655374526977539,193,control
27,2993980,0.02136166539722296,0.01019817870110273,0.02943988024718075,0,0.7454280257225037,193,control
30,3001768,0.02131468659865604,0.01016408950090408,0.02934132422661016,0,0.5089317560195923,193,control
33,2922208,0.02150611970431814,0.01027212385088205,0.02956597192976491,0,0.5763967633247375,193,control
36,3012672,0.02117712718602838,0.01015603635460138,0.02915961751174182,0,0.710858941078186,193,control
39,2973250,0.02157067667575831,0.01018708478659391,0.03482169128449088,0,4.848461627960205,193,control
42,2969802,0.02142219386791313,0.0102478303015232,0.02949069063929319,0,0.5643460154533386,193,control
45,2935842,0.02133068853796783,0.0102026592940092,0.02939852792160342,0,0.7228558659553528,193,control
48,2984850,0.02130550560774402,0.01018553040921688,0.02937544675826076,0,0.6053099632263184,193,control
0,2359215,0.02106891557438998,0.01008729357272386,0.02892925167315847,0,0.560967206954956,194,control
3,2389587,0.02131309321289469,0.01021051127463579,0.02939022036529854,0,0.5918256640434265,194,control
6,2383815,0.02178930166637207,0.01043082028627395,0.03004985564015271,0,0.7543994188308716,194,control
9,2379250,0.0212662388215126,0.01013846974819898,0.02931085404389354,0,0.5022333860397339,194,control
12,2382386,0.02124389492776779,0.01014709193259477,0.02930015085805767,0,0.5941650867462158,194,control
15,2379294,0.02148506482239695,0.01027831714600324,0.02960920642016459,0,0.6129453182220459,194,control
18,2407020,0.02112326246926732,0.01009745616465807,0.02900877433728424,0,0.6325857043266296,194,control
21,2330146,0.02130719873897717,0.01016440708190202,0.02934989464756355,0,0.5265645980834961,194,control
24,2371456,0.02123993913003523,0.01014415733516216,0.02921546644647732,0,0.6841755509376526,194,control
27,2323944,0.02127741878669656,0.01014577597379684,0.02922219525641914,0,0.5333820581436157,194,control
30,2345220,0.02133657327346771,0.01018039416521787,0.0294033491084355,0,0.5346450209617615,194,control
33,2348374,0.02115213389397294,0.01014051400125026,0.02906573448459316,0,0.5319177508354187,194,control
36,2396183,0.02128243243567381,0.01015533600002527,0.02926580225599825,0,0.6073858141899109,194,control
39,2318000,0.02144243792392548,0.01025635842233896,0.02954602284103496,0,0.566896915435791,194,control
42,2354618,0.02178450036231541,0.01043082028627395,0.03002095485268679,0,0.6841755509376526,194,control
45,2365395,0.02123928220207095,0.01015228033065795,0.02923478323556044,0,0.661568820476532,194,control
48,2365440,0.02117932001900648,0.01014415733516216,0.02920741893062128,0,0.6546949148178101,194,control
0,1990170,0.02111770531657372,0.01009745616465807,0.02899427104932136,0,0.5744583010673523,195,control
3,1964979,0.02118845451932874,0.01009680330753326,0.02923643359256584,0,0.5679451823234558,195,control
6,2058325,0.02144618358233006,0.01027059368789196,0.02958488408369528,0,0.6723909378051758,195,control
9,1999404,0.02135837293399248,0.01019817870110273,0.0293070404308672,0,0.566896915435791,195,control
12,2035368,0.02113445797605505,0.01010818034410476,0.02907739583335416,0,0.5265645980834961,195,control
15,1991808,0.02143960029169635,0.01026035379618406,0.02948807248142289,0,0.566896915435791,195,control
18,2026992,0.02121308007123758,0.01009082794189453,0.02925658880099091,0,0.5813720226287842,195,control
21,2010582,0.02152230628144712,0.01028801500797271,0.02959136121925639,0,0.600493848323822,195,control
24,2024792,0.02106570050971513,0.01009680330753326,0.02898176131566479,0,0.6546949148178101,195,control
27,2002752,0.02133753004463575,0.01016230974346399,0.02937836130363865,0,0.5477128624916077,195,control
30,2024372,0.02127820385115938,0.01018701866269111,0.02925405937115317,0,0.5983755588531494,195,control
33,2023485,0.02141483458132482,0.01024166215211153,0.0295412948551589,0,0.6841755509376526,195,control
36,1970127,0.02138634974476382,0.01022313255816698,0.0293838780181649,0,0.6073858141899109,195,control
39,1986184,0.02117262850182539,0.01011834759265184,0.02912891583518168,0,0.6841755509376526,195,control
42,2029784,0.02122521030627706,0.01011653337627649,0.02916217721758302,0,0.45957863330841064,195,control
45,2010882,0.0212120068609301,0.01011413894593715,0.02927703400999706,0,0.6988522410392761,195,control
48,1953910,0.02123479022591736,0.01015192084014415,0.02914211892404261,0,0.6088271737098694,195,control
0,3296040,0.02131362294520638,0.01019003521651029,0.02943369477508789,0,0.7350224852561951,196,control
3,3286569,0.02147394349087695,0.01019039377570152,0.03255550707194255,0,3.7585041522979736,196,control
6,3301345,0.02147039977240977,0.01017153263092041,0.03308731400309397,0,4.685547828674316,196,control
9,3341575,0.02152800841369336,0.01034121867269277,0.02959832775305459,0,0.6346264481544495,196,control
12,3255518,0.02125780136425066,0.01017808075994253,0.02925868667112303,0,0.6841755509376526,196,control
15,3277908,0.02137316551583386,0.01021051127463579,0.02943590584363958,0,0.6841755509376526,196,control
18,3299666,0.02136482141100743,0.01021475158631801,0.02943827789906541,0,0.646826446056366,196,control
21,3212244,0.02119112493362534,0.01014187838882207,0.02914246672861491,0,0.5813720226287842,196,control
24,3301440,0.02140884238656295,0.01019817870110273,0.02947739437408286,0,0.5447705984115601,196,control
27,3308277,0.02131409447616357,0.01019879058003425,0.02932868140949895,0,0.6322667002677917,196,control
30,3312336,0.02170416301021283,0.01041176170110702,0.02987221024741737,0,0.5737672448158264,196,control
33,3227106,0.02144776905989745,0.01027245819568634,0.02952766011120734,0,0.8722015023231506,196,control
36,3268863,0.02121281149055791,0.01014187838882207,0.02919826897129688,0,0.7454280257225037,196,control
39,3363115,0.02116291453167226,0.01014187838882207,0.02919943562004453,0,0.6129453182220459,196,control
42,3328798,0.02146093327451495,0.01029190607368946,0.02952524775519763,0,0.5866675972938538,196,control
45,3292354,0.02149246734097709,0.01027532387524843,0.02963133635415038,0,0.5265645980834961,196,control
48,3326895,0.02130379203521629,0.01022449880838394,0.02933230343698307,0,0.5958443880081177,196,control
0,3647571,0.02142391284868845,0.01025223731994628,0.02950473049079978,0,0.6591987609863281,197,control
3,3667144,0.02143230186674333,0.01025845110416412,0.02958400304475646,0,0.9433873295783995,197,control
6,3609991,0.02125739691516292,0.01014187838882207,0.02988149152040652,0,2.01468563079834,197,control
9,3590881,0.02130959146633487,0.01017883140593767,0.02955976361777922,0,1.2304189205169678,197,control
12,3646190,0.0211941928162619,0.01011302415281534,0.02930645907023415,0,0.9112468957901,197,control
15,3655344,0.02120481115264281,0.01013091392815113,0.02921513339707747,0,0.7933202385902405,197,control
18,3642282,0.02143548358418037,0.01019592490047216,0.03091940843406248,0,2.7199881076812744,197,control
21,3643920,0.02138116815759012,0.01019003521651029,0.02950126786620701,0,0.6822298765182495,197,control
24,3667221,0.02125024557793388,0.01012821216136217,0.02939542061286426,0,1.056304931640625,197,control
27,3663396,0.0214227542947974,0.01022313255816698,0.02953275568667576,0,0.7399446964263916,197,control
30,3672762,0.02142883633985361,0.01022590510547161,0.02975222470357411,0,1.3001129627227783,197,control
33,3627064,0.0221790384477291,0.01062782667577266,0.03075820566222192,0,0.75769805908203125,197,control
36,3621384,0.02130818791246218,0.01018039416521787,0.02945637223175514,0,1.4273990392684937,197,control
39,3705624,0.02127803859024514,0.01013434585183858,0.02938190216103921,0,0.8233339786529541,197,control
42,3598584,0.0213893734497796,0.01024437136948108,0.02938639795055064,0,0.6399685144424438,197,control
45,3598560,0.02147414322096212,0.01027808338403701,0.02955784873601597,0,0.6859267354011536,197,control
48,3629024,0.02121136945094556,0.01009680330753326,0.02929856106025523,0,0.9955246448516846,197,control
0,2674592,0.02127131290147287,0.01012726407498121,0.02931433355320747,0,0.600493848323822,198,control
3,2706525,0.02113159996641525,0.01009680330753326,0.02911888561462955,0,0.5744583010673523,198,control
6,2672373,0.02135185858978048,0.01023724768310785,0.02935813411949008,0,0.6743998527526855,198,control
9,2591983,0.02149338030583225,0.01025699637830257,0.02972118916202407,0,0.8741888999938965,198,control
12,2624484,0.02156078641374315,0.0103092361241579,0.02962062012159837,0,0.7371857166290283,198,control
15,2678925,0.02134638793899121,0.01016042195260524,0.02946047863928353,0,0.6841755509376526,198,control
18,2653274,0.02111339310566138,0.01009680330753326,0.02904004424932393,0,0.49621522426605225,198,control
21,2713194,0.02121267535231664,0.01019003521651029,0.02918218722162022,0,0.7454280257225037,198,control
24,2745652,0.0213272461040826,0.01016123406589031,0.02984800003693138,0,1.0575038194656372,198,control
27,2642988,0.02130035208923516,0.01014976296573877,0.02943604648587488,0,0.7930871248245239,198,control
30,2674096,0.0214233624509634,0.01019003521651029,0.02967128587736326,0,0.9854505062103271,198,control
33,2734767,0.02130081675242866,0.01017153263092041,0.02937778406618459,0,0.6633915305137634,198,control
36,2695849,0.02142589942736279,0.01022556331008672,0.02955368723723012,0,0.6116892695426941,198,control
39,2684598,0.02125802619385597,0.01015910878777504,0.02933216642367577,0,0.5866675972938538,198,control
42,2693049,0.02155169198769136,0.01034380495548248,0.02967904816991616,0,0.6776685118675232,198,control
45,2649108,0.02125944166960786,0.01010818034410476,0.02938420710204926,0,0.7168556451797485,198,control
48,2679680,0.02147025618787998,0.01022274792194366,0.02965964901497369,0,1.0016136169433594,198,control
0,2793042,0.02106214271517058,0.01008729357272386,0.02895605154526691,0,0.7392337322235107,199,control
3,2866105,0.0213060697219925,0.01016939245164394,0.02929923771157694,0,0.566896915435791,199,control
6,2842580,0.02144695053788745,0.01027532387524843,0.02954285873757644,0,0.6129453182220459,199,control
9,2829060,0.02140245707504962,0.01020899228751659,0.02961787142809659,0,0.9435478448867798,199,control
12,2834082,0.02128535951081248,0.01014187838882207,0.02928485063640059,0,0.5343884229660034,199,control
15,2839144,0.02128976448472354,0.01020774897187948,0.02928410242207715,0,0.6013466715812683,199,control
18,2842587,0.02149524951375957,0.01027282048016786,0.02969565423096678,0,0.7368083000183105,199,control
21,2828595,0.02122212499002858,0.01012286450713872,0.0291544489348743,0,0.7748263478279114,199,control
24,2888168,0.02127607155970196,0.01018492504954338,0.02936085911892112,0,0.6129453182220459,199,control
27,2895096,0.02119814500669259,0.01014187838882207,0.0291464203852833,0,0.5845517516136169,199,control
30,2852600,0.02114466340668397,0.01009854767471551,0.02910204983109787,0,0.5482248663902283,199,control
33,2817332,0.02128386650913277,0.01019003521651029,0.02926126754080657,0,0.7368083000183105,199,control
36,2823990,0.02131625905240435,0.01017220877110958,0.02938683229981631,0,0.8104247450828552,199,control
39,2876400,0.02128433082690221,0.01014187838882207,0.02930122402460232,0,0.5434810519218445,199,control
42,2845960,0.02160069395492649,0.0103092361241579,0.0297212413186794,0,0.7094582915306091,199,control
45,2901900,0.0212492792738243,0.01015673950314521,0.02925986096041419,0,0.6009652614593506,199,control
48,2847584,0.02119846425676028,0.0101286694407463,0.02923782818561991,0,0.6812422275543213,199,control
0,1726475,0.02126070064888233,0.01015836931765079,0.02945113974538759,0,1.0558209419250488,2,control
3,1712130,0.02168521706663082,0.01040829345583915,0.0298902560898025,0,0.5281515717506409,2,control
6,1705515,0.02139003333485121,0.01014187838882207,0.03033604330137054,0,2.769718647003174,2,control
9,1700964,0.02161141365588982,0.01035045180469751,0.02995166716832077,0,0.8902038335800171,2,control
12,1731280,0.02128587372299132,0.01016939245164394,0.02946075887265309,0,0.7893854379653931,2,control
15,1703460,0.02148266706461813,0.01028733421117067,0.02962472600889104,0,0.5919857621192932,2,control
18,1701300,0.02149046658867975,0.01029023341834545,0.02967344712192222,0,0.6395206451416016,2,control
21,1716051,0.02139631004641153,0.01018039416521787,0.02992657140338867,0,1.2827061414718628,2,control
24,1715956,0.0212674203452691,0.01018474344164133,0.02939188583543029,0,0.9408223032951356,2,control
27,1709514,0.02161639335287449,0.01021051127463579,0.03360595811937162,0,3.757798194885254,2,control
30,1711900,0.02214233563445461,0.01056268438696861,0.03244215738398016,0,2.5251681804656982,2,control
33,1656225,0.02126448691980095,0.01013434585183858,0.02928788912550072,0,0.5924824476242065,2,control
36,1748994,0.02131740011275932,0.01025845110416412,0.02927128771300914,0,0.5089103579521179,2,control
39,1715659,0.02151694052308564,0.01026951801031828,0.03110037297747218,0,2.434537172317505,2,control
42,1730832,0.02152550881178294,0.01029190607368946,0.03007206383436952,0,1.1533623933792114,2,control
45,1742111,0.02172745735051061,0.01039798650890588,0.03016743240844728,0,0.9429731369018556,2,control
48,1702241,0.0213920460618233,0.01019817870110273,0.02951301985867793,0,0.7262844443321228,2,control
0,2056256,0.02268428025211042,0.01019817870110273,0.0899433640596463,0,19.44180679321289,20,control
3,2089338,0.02146455490448585,0.01027532387524843,0.02947992109985634,0,0.5522322654724121,20,control
6,2027751,0.02161615710499608,0.01036721095442771,0.02975774869639645,0,0.6019628047943115,20,control
9,2089230,0.02130502243481252,0.0102003738284111,0.02932492984289783,0,0.503693699836731,20,control
12,2124124,0.02146469297550066,0.01025764271616935,0.0301687903567623,0,1.714138388633728,20,control
15,2116829,0.02138357865153764,0.01019617915153503,0.02952044694912559,0,0.7846111059188843,20,control
18,2054880,0.02132959960823244,0.01018039416521787,0.02948884238984348,0,0.8652109503746033,20,control
21,2090772,0.02120978361662925,0.01011834759265184,0.029227260836794,0,0.574341893196106,20,control
24,2095479,0.02119924882811231,0.01019003521651029,0.02918603914481318,0,0.6841755509376526,20,control
27,2046258,0.02160377985929178,0.01014187838882207,0.03616688348717861,0,5.045436859130859,20,control
30,2114640,0.02151602089480503,0.01034844201058149,0.02962470628060407,0,0.6847710609436035,20,control
33,2068580,0.02124586762586509,0.01010905671864748,0.02927284283130225,0,0.561063289642334,20,control
36,2079075,0.0212322461479546,0.01014187838882207,0.02921183475499048,0,0.5744583010673523,20,control
39,2035104,0.0213734055709759,0.01025699637830257,0.02933389405780503,0,0.5744583010673523,20,control
42,2087625,0.02122055949238147,0.0101820770651102,0.0291632933836011,0,0.6009652614593506,20,control
45,2103950,0.02155241232990186,0.01022313255816698,0.03290807758489898,0,5.153294563293457,20,control
48,2113755,0.02132054747140049,0.01021051127463579,0.02938406759141321,0,0.5744583010673523,20,control
0,2785160,0.02143214670223409,0.01022844854742288,0.03003908726154295,0,1.6067076921463013,200,control
3,2746184,0.02127240065682809,0.0101230964064598,0.02994185193472617,0,1.589478611946106,200,control
6,2723028,0.0213414948127651,0.01018039416521787,0.02954503126549824,0,1.1091912984848022,200,control
9,2777733,0.0214157546475473,0.01025223731994628,0.02996480952887475,0,2.1803200244903564,200,control
12,2762424,0.02149511288688812,0.01027149986475706,0.02973208552916569,0,1.003406643867493,200,control
15,2833356,0.02143801222679434,0.01025387272238731,0.0297789864997562,0,1.5882114171981812,200,control
18,2746363,0.02138278107263046,0.01022313255816698,0.02953579767178163,0,0.7707616090774536,200,control
21,2741111,0.02143843669424007,0.01024432107806205,0.02983615242469609,0,1.3925026655197144,200,control
24,2740815,0.02137638904646898,0.01022313255816698,0.02948101244962348,0,1.406680703163147,200,control
27,2718780,0.02147853844815749,0.01019003521651029,0.03179529511218004,0,3.632374048233032,200,control
30,2817520,0.02126191890238058,0.01015836931765079,0.02926956660561899,0,0.6129453182220459,200,control
33,2774570,0.02268900571167229,0.01019003521651029,0.103313456822862,0,24.89523696899414,200,control
36,2793375,0.02181537927150503,0.0103763286024332,0.0350383788762399,0,6.605050563812256,200,control
39,2781068,0.02129057197347627,0.01018039416521787,0.02933478555866551,0,0.6078379154205322,200,control
42,2789741,0.02145941068274696,0.01025635842233896,0.02960223705818543,0,0.7719792723655701,200,control
45,2787300,0.02112161703475192,0.01009680330753326,0.02909273798143064,0,0.6009652614593506,200,control
48,2768271,0.0229535482361578,0.01022786926478147,0.10937412596945809,0,29.671403884887695,200,control
0,3742929,0.02136471593632358,0.01018039416521787,0.02980962216051844,0,1.3025460243225098,21,control
3,3813368,0.02139746211632132,0.01020899228751659,0.02951797672554918,0,0.7579562664031982,21,control
6,3764940,0.02131117022826594,0.01018320582807064,0.029405638620714,0,0.8557448983192444,21,control
9,3840924,0.02138840942604282,0.01026951801031828,0.02947798004698022,0,0.904453456401825,21,control
12,3778407,0.02127557429381858,0.01015836931765079,0.02931013014769144,0,0.600493848323822,21,control
15,3817491,0.02140807129922473,0.01025294139981269,0.0296023155001391,0,0.8286899924278259,21,control
18,3767192,0.02128542140650896,0.01017153263092041,0.02934100698682365,0,0.9737863540649414,21,control
21,3770580,0.02132608774858284,0.01017634943127632,0.02935523353898773,0,0.5526943802833557,21,control
24,3835450,0.02132143226579362,0.0101230964064598,0.02944565663388944,0,1.1075971126556396,21,control
27,3791424,0.02131354755341267,0.01014599576592445,0.03026514847640657,0,3.77688980102539,21,control
30,3837357,0.02139009742256598,0.01025635842233896,0.02944369299284057,0,0.7551798224449158,21,control
33,3719816,0.02127221468811127,0.01017368584871292,0.02938230437607369,0,0.8314512968063354,21,control
36,3813953,0.02125755888063431,0.01014577597379684,0.029295516691635642,0,0.8216265439987183,21,control
39,3878588,0.02139472629157675,0.01022313255816698,0.02964676200121909,0,1.0549949407577517,21,control
42,3804268,0.02175510831403119,0.01041577104479074,0.0300662686566779,0,0.8546185493469238,21,control
45,3788520,0.02159126697334348,0.01027204748243093,0.02983471964279723,0,0.9724162817001344,21,control
48,3795782,0.02156335498392054,0.01019003521651029,0.03317449949698696,0,4.694065570831299,21,control
0,2702700,0.02124731732167566,0.01018848549574613,0.02928178278385735,0,0.5547524690628052,22,control
3,2734050,0.02125689400638917,0.01015491504222154,0.02926660393835975,0,0.6841755509376526,22,control
6,2643587,0.02135764584772891,0.0101961325854063,0.02943070542536743,0,0.6841755509376526,22,control
9,2722496,0.02133893672003659,0.01022629626095295,0.02941348711043838,0,0.7551798224449158,22,control
12,2767202,0.02117455960975223,0.01013121847063303,0.02925563705805877,0,0.6416125297546387,22,control
15,2724777,0.02124034296767174,0.01014187838882207,0.02929316691146787,0,0.6767114400863647,22,control
18,2705961,0.02137934303309413,0.01027245819568634,0.02941020181923439,0,0.5065930485725403,22,control
21,2709120,0.02176340498143323,0.01046224869787693,0.0299603443418776,0,0.6767114400863647,22,control
24,2722464,0.0212441974737334,0.01021142024546861,0.02929494062461965,0,0.5744583010673523,22,control
27,2725576,0.02122466082501276,0.01018474344164133,0.02918548622040827,0,0.5265645980834961,22,control
30,2689311,0.02149871448453732,0.0102979065850377,0.02959922104920815,0,0.566896915435791,22,control
33,2714074,0.02137922053070244,0.01021736580878496,0.02941422220687364,0,0.6416125297546387,22,control
36,2673144,0.02120980872387102,0.01016700640320777,0.02928705534256468,0,1.0499626398086548,22,control
39,2679705,0.02129792204676339,0.01018039416521787,0.02929493638602343,0,0.6841755509376526,22,control
42,2684670,0.02156082851956458,0.01031966228038072,0.0296535524466147,0,0.566896915435791,22,control
45,2669892,0.02125081690192412,0.01019453629851341,0.02930019025031645,0,0.6841755509376526,22,control
48,2742327,0.02137545174017545,0.01021262351423502,0.02940937701161524,0,0.646826446056366,22,control
0,3393876,0.02124084259100576,0.01014976296573877,0.02938204888639125,0,1.2326743602752686,23,control
3,3372544,0.02133440963426287,0.01021558325737714,0.02939583663949136,0,0.5679451823234558,23,control
6,3339375,0.0212070308689159,0.01013091392815113,0.02919753926896027,0,0.6298815608024597,23,control
9,3387700,0.0214432122794419,0.0102739417925477,0.02944468436683835,0,0.5744583010673523,23,control
12,3411850,0.02138750673168221,0.01029342599213123,0.02946816616554614,0,0.6185179352760315,23,control
15,3389120,0.02123633670456264,0.01017220877110958,0.02931546109317942,0,0.8291871547698975,23,control
18,3366407,0.02136252120962522,0.01019003521651029,0.02951715072522377,0,0.6590018272399902,23,control
21,3391320,0.02123500642834244,0.01014187838882207,0.02924529521204222,0,0.7777497172355652,23,control
24,3303636,0.02146758225813852,0.01024854183197021,0.02963594095829937,0,1.069881558418274,23,control
27,3410806,0.0213786412748215,0.01014051400125026,0.0343009927005873,0,5.265815734863281,23,control
30,3330098,0.02131335559871943,0.01018039416521787,0.029521123705714,0,1.1740400791168213,23,control
33,3365754,0.02155914089865282,0.01036267355084419,0.0296687652790951,0,0.6841755509376526,23,control
36,3348961,0.02127160854361663,0.0101286694407463,0.02930109064297457,0,0.6711089015007019,23,control
39,3323670,0.02117647091826509,0.01014187838882207,0.02913163292634814,0,0.6013466715812683,23,control
42,3326250,0.02194570517401147,0.01050416380167007,0.03099256401522097,0,2.0485546588897705,23,control
45,3374336,0.02118534626824552,0.01017883140593767,0.02910235007274855,0,0.5655374526977539,23,control
48,3323255,0.02117009782662897,0.01009680330753326,0.02921637597374447,0,0.6679729223251343,23,control
0,1777155,0.02109211676376368,0.01009680330753326,0.02906960033824711,0,0.6073858141899109,24,control
3,1736550,0.02128353390763317,0.01013870444148779,0.02916280579283293,0,0.4685547649860382,24,control
6,1786995,0.02148022745668818,0.01034944783896207,0.02948638765065438,0,0.5265645980834961,24,control
9,1763432,0.02111628748617718,0.01007403992116451,0.02912436584254819,0,0.566896915435791,24,control
12,1775040,0.02143771065442369,0.01030702888965606,0.02943546443627067,0,0.5136807560920715,24,control
15,1774773,0.02127623385574665,0.01014187838882207,0.02932740835386975,0,0.5134116411209106,24,control
18,1738630,0.02125046437821455,0.0100955469533801,0.02929110241200778,0,0.5869632363319397,24,control
21,1802424,0.02128135657405213,0.0101230964064598,0.02932676729714163,0,0.710858941078186,24,control
24,1732373,0.02131079320908088,0.01017220877110958,0.02940174850784138,0,0.5744583010673523,24,control
27,1778134,0.02114781659614959,0.01007530279457569,0.02910066709105446,0,0.566896915435791,24,control
30,1728000,0.02151899879188361,0.01029998250305652,0.0296423401719698,0,0.6287680268287659,24,control
33,1785168,0.02158090493906256,0.0103808818385005,0.02969000871829493,0,0.5516248941421509,24,control
36,1803735,0.02124194658228916,0.01014846842736005,0.02926686529964874,0,0.566896915435791,24,control
39,1726980,0.02111242370988796,0.01009680330753326,0.02903238054556463,0,0.5528262853622437,24,control
42,1765500,0.02124263601149931,0.01010818034410476,0.02929784174229352,0,0.6325857043266296,24,control
45,1771560,0.02138289685585316,0.01020356640219688,0.02942814612578766,0,0.5679451823234558,24,control
48,1776213,0.02115075286422087,0.01009745616465807,0.02913578274816605,0,0.6767114400863647,24,control
0,1951674,0.02119278856091098,0.01009680330753326,0.02924546521104731,0,0.6685675978660583,25,control
3,1939987,0.02135375912032209,0.01017491333186626,0.02987544123523665,0,1.70868980884552,25,control
6,1896100,0.02171982213175337,0.0104194525629282,0.02982013686474039,0,0.5878055691719055,25,control
9,1929984,0.02134474265464779,0.01020811032503843,0.02966653705016835,0,0.9986879229545592,25,control
12,1885170,0.02132541782805662,0.01013434585183858,0.02970877988392025,0,1.356967806816101,25,control
15,1929304,0.02127591348586333,0.01018039416521787,0.02924569849498428,0,0.5137273669242859,25,control
18,1928160,0.02143111344071839,0.01022590510547161,0.02971083355965406,0,0.9840370416641236,25,control
21,1928360,0.02125549650586136,0.01017491333186626,0.02931969254008918,0,0.5754531621932983,25,control
24,1878272,0.0213833129883258,0.01020472031086683,0.02941692265658749,0,0.5478178858757019,25,control
27,1937724,0.02126373320270556,0.01014044135808944,0.02947006347015595,0,1.0464223623275757,25,control
30,1928640,0.02174446956221994,0.01046152412891388,0.03002329449262616,0,1.0003992319107056,25,control
33,1906137,0.02132638618689798,0.01015836931765079,0.02949239801091491,0,0.9511624574661256,25,control
36,1941636,0.02122127311746133,0.01015715114772319,0.02919857012934769,0,0.6013466715812683,25,control
39,1898930,0.02126873370711939,0.01017871499061584,0.02935270888209388,0,0.7638956904411316,25,control
42,1928096,0.02136084008655598,0.01021586917340755,0.02946231385135311,0,0.566896915435791,25,control
45,1904590,0.02149974787517557,0.01029649283736944,0.02959985494731861,0,0.6841755509376526,25,control
48,1902879,0.02129269506102978,0.01013621687889099,0.02939746055578021,0,0.7780828475952148,25,control
0,2617348,0.02130049917882254,0.01015910878777504,0.02932838376099073,0,0.6904447078704834,26,control
3,2617563,0.02122013213044362,0.01013919059187173,0.02913689745995481,0,0.566896915435791,26,control
6,2658068,0.02106747912642733,0.01009680330753326,0.02893102866434751,0,0.566896915435791,26,control
9,2694180,0.02146867659496011,0.0102657014504075,0.02951827683367765,0,0.5754076242446899,26,control
12,2598495,0.02140734014255179,0.01024432107806205,0.02944770570294414,0,0.7454280257225037,26,control
15,2643515,0.02123524609402451,0.01014972385019064,0.02925492631997397,0,0.6841755509376526,26,control
18,2620536,0.02144332986880284,0.01027693971991539,0.02952163522248729,0,0.5679451823234558,26,control
21,2643840,0.02120288568986525,0.01013121847063303,0.02916345877590978,0,0.6325857043266296,26,control
24,2616160,0.02124897959464318,0.01015836931765079,0.02924469658709126,0,0.6633915305137634,26,control
27,2643347,0.02122405012063787,0.01014187838882207,0.02913295248404637,0,0.8292393684387207,26,control
30,2593554,0.02157457947816879,0.01033048518002033,0.02967870046043235,0,0.6075363755226135,26,control
33,2637255,0.02125932324295061,0.01017634943127632,0.02921776782937444,0,0.5308684706687927,26,control
36,2643092,0.02123407482995799,0.01016408950090408,0.02923431058338579,0,0.5611834526062012,26,control
39,2659872,0.02135268540914309,0.01021301560103893,0.02941943724107522,0,0.5983755588531494,26,control
42,2625678,0.02147213054899576,0.01028803363442421,0.02953908379822003,0,0.5866675972938538,26,control
45,2674620,0.02113438449215848,0.01010441500693559,0.0290528697524487,0,0.7454280257225037,26,control
48,2630043,0.02126656597617911,0.01018553040921688,0.0291992406604126,0,0.566896915435791,26,control
0,1954080,0.02123501049626312,0.01014187838882207,0.0292388650811599,0,0.566896915435791,27,control
3,1982390,0.02121034121669595,0.01010818034410476,0.02918152340680332,0,0.7645965814590454,27,control
6,2007900,0.02145254938919795,0.01026581693440675,0.02962495755597704,0,0.6078379154205322,27,control
9,2001325,0.02135869370738292,0.01022556331008672,0.02941687713747962,0,0.566896915435791,27,control
12,2044848,0.02138708865794833,0.01024740934371948,0.02971279989672143,0,1.29082190990448,27,control
15,2002450,0.02118231567507371,0.01009680330753326,0.02920807071392425,0,0.746401846408844,27,control
18,2042908,0.02148753067454659,0.0103535745292902,0.02959478185077019,0,0.7083372473716736,27,control
21,2022904,0.02140302431691612,0.01028435118496418,0.02937355630909863,0,0.7551798224449158,27,control
24,1986500,0.02134943047503447,0.01021051127463579,0.0294141996919537,0,0.5744583010673523,27,control
27,2001136,0.02116964542552081,0.01017491333186626,0.02910030708219963,0,0.6088271737098694,27,control
30,2003292,0.0213803635621485,0.01014187838882207,0.03113333080259765,0,2.9780497550964355,27,control
33,2022174,0.02204841224113123,0.01027794741094112,0.04226548150851381,0,6.446046352386475,27,control
36,2009355,0.02138209006996368,0.01019003521651029,0.02994277653562804,0,1.523443579673767,27,control
39,2048860,0.02123090030614701,0.0101230964064598,0.02921302859835278,0,0.6035445332527161,27,control
42,1989321,0.02217504253517379,0.01026951801031828,0.05238387411511054,0,9.82224464416504,27,control
45,2049506,0.02140352650159516,0.01021142024546861,0.02990956564836165,0,1.669942021369934,27,control
48,1991244,0.02124684678376733,0.01019003521651029,0.02912714556506198,0,0.5902136564254761,27,control
0,2458624,0.02134296268368148,0.01020899228751659,0.02936914825123273,0,0.5434810519218445,28,control
3,2472646,0.02155604744670358,0.01032442972064018,0.02971130797526657,0,0.646826446056366,28,control
6,2558128,0.02143663153197426,0.01025635842233896,0.02958850974472796,0,0.6346561908721924,28,control
9,2474229,0.02117307166826806,0.01009882893413305,0.0291513284850064,0,0.6841755509376526,28,control
12,2514496,0.02127840078772496,0.01018039416521787,0.02926900711805311,0,0.5813720226287842,28,control
15,2464675,0.02107147781876054,0.01009680330753326,0.02900203488185459,0,0.6073858141899109,28,control
18,2469192,0.0212993596857312,0.01018708478659391,0.02929198446971334,0,0.6546949148178101,28,control
21,2444502,0.02144681742663315,0.01021051127463579,0.02959457756132862,0,0.6490405201911926,28,control
24,2553483,0.02126273868501513,0.01019003521651029,0.02925727492835535,0,0.5744583010673523,28,control
27,2497908,0.02110740660741291,0.01010505203157663,0.02902289934718378,0,0.6013466715812683,28,control
30,2526238,0.02111647895575914,0.01013798452913761,0.02905291418657181,0,0.6287680268287659,28,control
33,2499525,0.021186632762855,0.01014187838882207,0.02918129025370453,0,0.5136807560920715,28,control
36,2510260,0.02138065064305796,0.01025999151170253,0.02937391120626067,0,0.6841755509376526,28,control
39,2485280,0.02131698426187838,0.01018492504954338,0.02936991120759244,0,0.6278530359268188,28,control
42,2556720,0.02138188094023987,0.0102657014504075,0.02948222364048958,0,0.6841755509376526,28,control
45,2483520,0.02150852931944217,0.01034844201058149,0.02957542921575141,0,0.6546949148178101,28,control
48,2502723,0.02140695779010056,0.01020899228751659,0.02952176126325616,0,0.6129453182220459,28,control
0,2352256,0.02149228805503647,0.01029190607368946,0.02970101141784295,0,0.7830364108085632,29,control
3,2380680,0.02136128192777006,0.01023987680673599,0.02952561222983706,0,0.6907721757888794,29,control
6,2345260,0.02121476587323168,0.01013939455151558,0.02927688336482127,0,0.6751374006271362,29,control
9,2374320,0.02142510980062363,0.01029190607368946,0.02955254644766378,0,0.7410867810249329,29,control
12,2351242,0.02160031762485286,0.01018881052732467,0.03648933429698001,0,5.569913387298584,29,control
15,2344680,0.0214655179700673,0.01029190607368946,0.02968588874403319,0,0.7447264790534973,29,control
18,2336130,0.02161719503097709,0.01024425867944955,0.03040833482477979,0,1.5632014274597168,29,control
21,2288269,0.02181600303331695,0.01036721095442771,0.03047532740360543,0,1.53751540184021,29,control
24,2297815,0.02109395344489339,0.01008074451237917,0.02905023900300055,0,0.6133596301078796,29,control
27,2288769,0.02160729273819284,0.01036267355084419,0.02980499483588056,0,0.937433898448944,29,control
30,2308124,0.02141055659958183,0.01019705366343259,0.02948105290419601,0,0.6071637868881226,29,control
33,2345402,0.02133945128614845,0.0101961325854063,0.02959850076367141,0,1.0587140321731567,29,control
36,2359642,0.02178641198091653,0.01009745616465807,0.04884205814882227,0,9.105385780334473,29,control
39,2338614,0.02137533338288199,0.01018323935568332,0.02955570475005708,0,0.7374223470687866,29,control
42,2357380,0.02117965253371067,0.01009680330753326,0.02918223011108903,0,0.566896915435791,29,control
45,2345480,0.02125749709863895,0.01015533600002527,0.02930270299493537,0,0.7746458649635315,29,control
48,2428832,0.0213878469176963,0.01029415894299745,0.02950331934502682,0,0.7028067708015442,29,control
0,1691512,0.02127151336800047,0.01011653337627649,0.02934394826500096,0,0.5136807560920715,3,control
3,1675388,0.02117143022313929,0.0101206162944436,0.02915983561507103,0,0.6123857498168945,3,control
6,1647390,0.02117606493137125,0.01009745616465807,0.02918742119905331,0,0.566896915435791,3,control
9,1646250,0.02118264623905933,0.0101375700905919,0.02917230174220547,0,0.6633915305137634,3,control
12,1718472,0.02147758566272915,0.01027059368789196,0.03091073867192051,0,2.521789789199829,3,control
15,1653442,0.02140445800330207,0.01024536695331335,0.02940290358093822,0,0.5744583010673523,3,control
18,1699327,0.02177984030425139,0.01028440427035093,0.03725879044613971,0,5.072880268096924,3,control
21,1657880,0.02159240228210587,0.01015533600002527,0.03757683974213994,0,7.710363864898682,3,control
24,1668364,0.02113094925906048,0.01013304106891155,0.02913669037763113,0,0.5983755588531494,3,control
27,1717496,0.02133420711370035,0.01027282048016786,0.02929407367936821,0,0.566896915435791,3,control
30,1700460,0.02123886185898866,0.01006761938333511,0.03160327031888174,0,2.3673484325408936,3,control
33,1716480,0.02139648659417422,0.01024230942130088,0.02983616265909958,0,1.220536708831787,3,control
36,1716512,0.02154529308131524,0.01014187838882207,0.03661518892536355,0,6.291085243225098,3,control
39,1679087,0.02147351292029,0.01022786926478147,0.02992169846478996,0,1.1870323419570925,3,control
42,1676349,0.02144170136052727,0.01025294139981269,0.02959177610000444,0,0.6834600567817688,3,control
45,1677450,0.02147479920096069,0.01014083810150623,0.03292276776957795,0,3.1201865673065186,3,control
48,1687998,0.02108344573470137,0.01009082794189453,0.02901908961230036,0,0.6841755509376526,3,control
0,2674840,0.02131473171842351,0.0101961325854063,0.02937309640983654,0,0.618377149105072,30,control
3,2727146,0.02117575547330017,0.01009745616465807,0.02918632958821296,0,0.5257095098495483,30,control
6,2614289,0.0214796485159627,0.01025294139981269,0.02955503717410268,0,0.6013466715812683,30,control
9,2727446,0.02129559959677623,0.01016744971275329,0.0293211257323061,0,0.568228542804718,30,control
12,2701092,0.02122101478541958,0.01009745616465807,0.02922377288151712,0,0.6438184380531311,30,control
15,2750202,0.0213347148106238,0.0101961325854063,0.0293362857665685,0,0.6546949148178101,30,control
18,2709120,0.02144590097539194,0.01026951801031828,0.02956996848722571,0,0.7240395545959473,30,control
21,2737370,0.02129335209489508,0.01016408950090408,0.02935791459091767,0,0.6153317093849182,30,control
24,2687904,0.02117436848729564,0.01010441780090332,0.02914490278269437,0,0.5702574849128723,30,control
27,2728960,0.02121900762500356,0.01010587159544229,0.029292649879529,0,1.1347095966339111,30,control
30,2696163,0.02120551813042128,0.01009745616465807,0.02917354529726358,0,0.5744583010673523,30,control
33,2702732,0.02146004100645469,0.01018039416521787,0.02972533695797562,0,0.9166523218154908,30,control
36,2736908,0.02127774803059759,0.01018039416521787,0.02931958209303401,0,0.7598896026611328,30,control
39,2707614,0.02124817401311449,0.01013091392815113,0.02929649212108139,0,0.6129453182220459,30,control
42,2661682,0.02131290636373624,0.01015533600002527,0.02937199776268146,0,0.6701688766479492,30,control
45,2729023,0.02146047974520421,0.01020899228751659,0.02962805207169038,0,0.8076993823051453,30,control
48,2696163,0.02122647172622605,0.01014972385019064,0.02920079493725022,0,0.6841755509376526,30,control
0,1621800,0.02126578609611176,0.01014187838882207,0.02924860783127913,0,0.6984580159187317,31,control
3,1692592,0.02115282070535984,0.01009745616465807,0.02920031792191196,0,0.6591987609863281,31,control
6,1597687,0.02127752318357329,0.01014187838882207,0.02932190770445299,0,0.6122516989707947,31,control
9,1628076,0.02141186166191225,0.01022076979279518,0.02943699264286074,0,0.5477128624916077,31,control
12,1693720,0.02122201653521442,0.01017607189714908,0.02923249024121417,0,0.5034059286117554,31,control
15,1671749,0.02111629775423846,0.01009745616465807,0.02902198378014806,0,0.5065930485725403,31,control
18,1639524,0.02115819095204495,0.01009680330753326,0.02914885495888627,0,0.566896915435791,31,control
21,1696044,0.02145570807562866,0.01028378121554851,0.02956189358659178,0,0.7454280257225037,31,control
24,1649938,0.02129786110639408,0.01019003521651029,0.02927541041738737,0,0.566896915435791,31,control
27,1669215,0.02159271249979864,0.01032442972064018,0.02964170476022306,0,0.6325857043266296,31,control
30,1652270,0.02127976424147057,0.01018039416521787,0.02926997002319592,0,0.503008246421814,31,control
33,1680262,0.02153704407257912,0.01028933282941579,0.02965730394430456,0,0.5679451823234558,31,control
36,1670825,0.02117805455824082,0.01012821216136217,0.02910864669947428,0,0.5915927290916443,31,control
39,1666281,0.02123082020631857,0.01010392140597105,0.02923481038000478,0,0.646826446056366,31,control
42,1662654,0.0217334031655985,0.01041232794523239,0.02988813006217853,0,0.5531803369522095,31,control
45,1667216,0.02136533256794802,0.01021746080368757,0.02940682633330227,0,0.5337635278701782,31,control
48,1690040,0.0211990753319101,0.01011298410594463,0.02920346651619177,0,0.5106523036956787,31,control
0,2981360,0.02144227689471014,0.01020075660198927,0.02981005030486095,0,1.2825733423233032,32,control
3,2987859,0.0212231745533579,0.01011306419968605,0.02924751105224359,0,0.5065930485725403,32,control
6,2906340,0.0213446032043292,0.01014187838882207,0.02937314786057558,0,0.6331821084022522,32,control
9,2947236,0.02135606637712187,0.01018039416521787,0.02936940895236559,0,0.5679451823234558,32,control
12,2955757,0.02138015577513723,0.01021475158631801,0.0294053167623889,0,0.6538751125335693,32,control
15,2941056,0.02122593188953963,0.01012286450713872,0.02919874787122529,0,0.6780120730400085,32,control
18,2947692,0.0215061964928452,0.01027635391801595,0.0299227534296312,0,1.545630693435669,32,control
21,3000153,0.02121530929669549,0.01011413894593715,0.02924205314273702,0,0.6546949148178101,32,control
24,2953600,0.02115694544705107,0.01009680330753326,0.02916537608160311,0,0.638938307762146,32,control
27,3058432,0.02127214447449642,0.01014187838882207,0.02936785998029158,0,0.5890545845031738,32,control
30,2980740,0.02146413028262697,0.01028631348162889,0.0294651043436051,0,0.8722015023231506,32,control
33,2935350,0.02132995804501049,0.01019817870110273,0.02938042517536888,0,0.566896915435791,32,control
36,2953776,0.02128434149237816,0.01012795977294445,0.02927983219541196,0,0.6613544821739197,32,control
39,2996224,0.02126260323634905,0.01014187838882207,0.02925252685546579,0,0.5679451823234558,32,control
42,2920260,0.0214429511149157,0.01025635842233896,0.02947921853024614,0,0.5754531621932983,32,control
45,2968695,0.02141831270278415,0.01025223731994628,0.02947312634296932,0,0.6633915305137634,32,control
48,2961306,0.02137566759281043,0.01021783147007227,0.02940918208793042,0,0.566896915435791,32,control
0,2768861,0.02127266689205257,0.01011297851800918,0.0295638866988346,0,1.369677186012268,33,control
3,2755752,0.02133694723463509,0.01028378121554851,0.02938920809112571,0,0.6665295362472534,33,control
6,2739735,0.02149636007302596,0.01025845110416412,0.02975891159821568,0,1.248787522315979,33,control
9,2693250,0.02122223698198449,0.01009680330753326,0.02934470690308059,0,0.6325857043266296,33,control
12,2756550,0.02142454519024406,0.01025845110416412,0.02969905177441132,0,0.7814657688140869,33,control
15,2723546,0.02133330375449541,0.01017220877110958,0.02937342019336647,0,0.566896915435791,33,control
18,2709693,0.02122381167515563,0.01011413894593715,0.02926374822775545,0,0.7240395545959473,33,control
21,2767869,0.02150650860057604,0.010303795337677,0.02958175757931341,0,0.7843620181083679,33,control
24,2711679,0.0213227275647511,0.01022590510547161,0.02949289502700922,0,0.7555722594261169,33,control
27,2758995,0.02144127396385813,0.01026951801031828,0.02960537727372433,0,0.7876036167144775,33,control
30,2746363,0.02155234734969431,0.01030264981091022,0.02963632644494087,0,0.9865292310714722,33,control
33,2757620,0.02249522836218309,0.01013426389545202,0.095385498911679,0,21.85177993774414,33,control
36,2693049,0.02126149740775409,0.01011834759265184,0.02946837823513104,0,0.8822593092918396,33,control
39,2741300,0.02244592184815145,0.01017883140593767,0.09280064444083289,0,25.00785446166992,33,control
42,2792205,0.02124272924482472,0.01017808075994253,0.02934143215339626,0,0.7233208417892456,33,control
45,2703540,0.02159245486486092,0.01037156023085117,0.02983569042191388,0,0.8121965527534485,33,control
48,2723616,0.02134090031284744,0.01019003521651029,0.02950880624711735,0,0.9643524885177612,33,control
0,2466230,0.02120520608455969,0.0101057942956686,0.02921415354439297,0,0.6260331273078918,34,control
3,2471424,0.02124845326940141,0.01014187838882207,0.02932467031855509,0,0.6836833357810974,34,control
6,2451827,0.02150134877694201,0.01029190607368946,0.02964398566285124,0,0.5584914088249207,34,control
9,2449189,0.02162531871444865,0.01032379176467657,0.03001903773783894,0,1.322382926940918,34,control
12,2496319,0.02130453379684891,0.01022313255816698,0.02943881449019876,0,0.6841755509376526,34,control
15,2475812,0.02129160780380944,0.01015380024909973,0.02944525431285068,0,1.0315392017364502,34,control
18,2496076,0.02144662312003,0.01021201536059379,0.03000633065595526,0,1.657492756843567,34,control
21,2438262,0.02123234320901524,0.0101761408150196,0.02913973384420871,0,0.6841755509376526,34,control
24,2432924,0.0212667728225216,0.01018474344164133,0.02928096663526462,0,0.59593266248703,34,control
27,2496858,0.02124016229801088,0.01015836931765079,0.02927186460666506,0,0.5856093168258667,34,control
30,2430481,0.02167504342771855,0.01036895718425512,0.02985173296193012,0,0.6075363755226135,34,control
33,2442869,0.02145336277088024,0.01021051127463579,0.02974300639372318,0,1.0412328243255615,34,control
36,2511864,0.02123682590503754,0.01012286450713872,0.02927328377594595,0,0.6153317093849182,34,control
39,2531390,0.02148287994206053,0.01023045368492603,0.03016769576147725,0,1.8351504802703855,34,control
42,2502468,0.02143913071786804,0.0103092361241579,0.02955613198464031,0,0.7270304560661316,34,control
45,2467465,0.02150896541190173,0.01026951801031828,0.02956729700902373,0,0.5744583010673523,34,control
48,2491282,0.02126543123862623,0.01016669906675815,0.02929457922569648,0,0.6841755509376526,34,control
0,2819314,0.02150177130614765,0.01021145284175872,0.03015057915448477,0,1.3709213733673096,35,control
3,2808360,0.02123862415800876,0.01009847968816757,0.02952354225778869,0,1.4904792308807373,35,control
6,2883352,0.02156655457975479,0.01015836931765079,0.03701553898657183,0,6.4592604637146,35,control
9,2915583,0.02125384234200576,0.01016545295715332,0.029366417793143,0,1.0445069074630735,35,control
12,2847319,0.02148301720949894,0.01021586917340755,0.03150284079146421,0,2.8276870250701904,35,control
15,2877966,0.02479537180233166,0.01030545681715011,0.2246552635810591,0,64.349884033203125,35,control
18,2848625,0.02155843387733782,0.01021142024546861,0.0309686658596299,0,3.683897256851196,35,control
21,2837109,0.0215215221378529,0.01028015464544296,0.02982842462653057,0,0.9500189423561096,35,control
24,2851330,0.0212641390338226,0.01013434585183858,0.02944079117295789,0,1.069043517112732,35,control
27,2808582,0.02138644520566206,0.01017220877110958,0.0297502380112931,0,1.3450313806533811,35,control
30,2812768,0.0212353536743041,0.01014187838882207,0.0292264108993139,0,0.6546949148178101,35,control
33,2837704,0.02147483615323109,0.01019388809800148,0.0308402957565217,0,2.2320916652679443,35,control
36,2801952,0.02128060423894185,0.01014187838882207,0.02936431170320977,0,0.621270477771759,35,control
39,2841300,0.02179457527788842,0.01021116785705089,0.03967328942074794,0,6.683137893676758,35,control
42,2810272,0.02225322720548476,0.01035480108112096,0.058672291708867,0,18.21013069152832,35,control
45,2870140,0.02147801100396092,0.0102473460137844,0.02978717363387395,0,0.9887539744377136,35,control
48,2829000,0.02118283227262944,0.01013091392815113,0.02920555002918142,0,0.9526427984237672,35,control
0,2433438,0.02122982885046486,0.01015715114772319,0.02919537325454865,0,0.7106826901435852,36,control
3,2396048,0.02145500719526858,0.01026951801031828,0.02949960625403534,0,0.566896915435791,36,control
6,2445744,0.02129036756414473,0.01021237671375274,0.02936396171946667,0,0.6841755509376526,36,control
9,2437352,0.02120319884551774,0.01012286450713872,0.02919347353240839,0,0.566896915435791,36,control
12,2416936,0.02124815844456984,0.01015653368085622,0.02924295809078766,0,0.6841755509376526,36,control
15,2464371,0.02115697562554772,0.01014415733516216,0.02915153680266563,0,0.7301731109619141,36,control
18,2412891,0.02156974179351527,0.01034014951437711,0.0296615034191892,0,0.566896915435791,36,control
21,2430684,0.0212307938657263,0.01014187838882207,0.02924647548997565,0,0.6951913237571716,36,control
24,2436800,0.02121154177904865,0.01010392140597105,0.02939713460831974,0,1.0222405195236206,36,control
27,2441673,0.02140845005075769,0.0102389482781291,0.0294401013382415,0,0.5679126381874084,36,control
30,2489770,0.021938058234034,0.01043082028627395,0.03295624427233064,0,3.767117977142334,36,control
33,2448600,0.02201512020942981,0.01054242439568042,0.03022679839188242,0,0.566896915435791,36,control
36,2490540,0.02112624797706763,0.01009745616465807,0.02911539572066569,0,0.6152240037918091,36,control
39,2492217,0.021226272415565,0.01014187838882207,0.02928839937916802,0,0.6521278023719788,36,control
42,2468742,0.02144569871439557,0.01025294139981269,0.02946172779958633,0,0.566896915435791,36,control
45,2454913,0.02179038867291955,0.01045070216059684,0.03002941959159057,0,0.5744583010673523,36,control
48,2512328,0.02131229664436485,0.01018039416521787,0.02942108091677704,0,1.092606782913208,36,control
0,2217096,0.0212948731697548,0.01017192844301462,0.02939147074520592,0,0.6129453182220459,37,control
3,2221590,0.02135945298855211,0.01020199060440063,0.0298512115074768,0,1.6616147756576538,37,control
6,2274064,0.02146589463295239,0.01027532387524843,0.02994550638796165,0,1.393878698348999,37,control
9,2174018,0.02136520575860041,0.01018916070461273,0.02947971685617886,0,0.5477128624916077,37,control
12,2317896,0.02135392776292419,0.01019968371838331,0.02950825110530047,0,1.0412328243255615,37,control
15,2340891,0.02121252585062432,0.01018881052732467,0.02923375466653705,0,0.6612520217895508,37,control
18,2263364,0.0212920770704772,0.01019003521651029,0.02934119881175473,0,0.566896915435791,37,control
21,2299772,0.02164951250577611,0.01034712325781583,0.0300570358428839,0,1.2396950721740725,37,control
24,2266518,0.02150229534348233,0.01022313255816698,0.03207341709978631,0,4.094450950622559,37,control
27,2231936,0.02132561890286963,0.01019003521651029,0.02942919386285622,0,0.7275655269622803,37,control
30,2265021,0.02161746154277018,0.01039604749530553,0.02978924766545218,0,0.6142491698265076,37,control
33,2218580,0.02122612950132436,0.01014187838882207,0.02912677468320481,0,0.5499264597892761,37,control
36,2248498,0.0212197194749227,0.0101230964064598,0.02927300649593433,0,0.6249127984046936,37,control
39,2311864,0.02112939779872019,0.01009949576109647,0.02917930404453233,0,0.5425328612327576,37,control
42,2295200,0.02151107408298629,0.01034765504300594,0.02959669187837729,0,0.566896915435791,37,control
45,2284360,0.02154925546648374,0.01035067625343799,0.02975873134826199,0,0.6416388154029846,37,control
48,2278518,0.02186183304679479,0.01026951801031828,0.04422962770859604,0,8.707218170166016,37,control
0,2151833,0.02121541016584391,0.01017220877110958,0.02921209245281337,0,0.566896915435791,38,control
3,2160539,0.02139196462560485,0.01021746080368757,0.02943641887212754,0,0.5744583010673523,38,control
6,2177951,0.02145659758249791,0.01027262024581432,0.02957854706089244,0,0.5106523036956787,38,control
9,2188764,0.02140148680078784,0.01027808338403701,0.02950360480162659,0,0.5343884229660034,38,control
12,2116736,0.02107810345232174,0.01007654145359993,0.02901778145722388,0,0.5732651948928833,38,control
15,2151968,0.02129783439498625,0.01018666569143533,0.02930919867259287,0,0.5679451823234558,38,control
18,2116664,0.02127827310167486,0.01018039416521787,0.0292830869083345,0,0.6013466715812683,38,control
21,2121282,0.02167938541989932,0.01041570212692022,0.02979506193793145,0,0.6129453182220459,38,control
24,2162350,0.02120599602221005,0.01009854767471551,0.02923866511927753,0,0.6841755509376526,38,control
27,2151945,0.02108905848961041,0.01010505203157663,0.02903491220000444,0,0.6129453182220459,38,control
30,2148756,0.02134313738737194,0.01022146735340356,0.02928061829585004,0,0.6841755509376526,38,control
33,2134232,0.0212930715297305,0.01014187838882207,0.02936840643956754,0,0.5744583010673523,38,control
36,2115480,0.02135184182301281,0.01022658869624137,0.02935977590233563,0,0.6129453182220459,38,control
39,2161248,0.02126766190808145,0.01018371433019638,0.02926028446263271,0,0.6841755509376526,38,control
42,2194536,0.02131377179114633,0.01020899228751659,0.02934574109960818,0,0.5265645980834961,38,control
45,2128005,0.02163567043432073,0.01041232794523239,0.02970404941895477,0,0.5089103579521179,38,control
48,2094950,0.02106761686765533,0.01009680330753326,0.0290385340561033,0,0.4980267584323883,38,control
0,2414795,0.02109132863202881,0.01007644645869731,0.02906349959318452,0,0.5136807560920715,39,control
3,2442393,0.02137683220653211,0.01018881052732467,0.02945757948161061,0,0.5136807560920715,39,control
6,2417449,0.02202059232190395,0.01054169703274965,0.0306214674091199,0,1.3566246032714844,39,control
9,2428416,0.02149456805368472,0.01032237336039543,0.02952385875222723,0,0.6841755509376526,39,control
12,2464224,0.02124532082114651,0.01009966991841793,0.02970454189102753,0,1.3316819667816162,39,control
15,2422662,0.02137220247584211,0.01025219820439815,0.02941329206305415,0,0.6287680268287659,39,control
18,2470028,0.02133527805986589,0.01018881052732467,0.02939794682604462,0,0.7106826901435852,39,control
21,2404817,0.02128195048021122,0.01016230974346399,0.02941260356686843,0,0.7654385566711426,39,control
24,2504000,0.02129936509604343,0.01019067037850618,0.02936108183441489,0,0.5675617456436157,39,control
27,2420847,0.02124891861366231,0.01014187838882207,0.02932698619405487,0,0.6938217282295227,39,control
30,2443540,0.02123099715297322,0.01013091392815113,0.02918127580311951,0,0.5265645980834961,39,control
33,2434818,0.02139566894763189,0.01025547459721565,0.02947569919378142,0,0.6841755509376526,39,control
36,2458470,0.02172848671205947,0.01014187838882207,0.04421979258501247,0,7.208947658538818,39,control
39,2405585,0.02171505173254325,0.01019003521651029,0.03681882133383751,0,5.230926036834717,39,control
42,2397252,0.02111769231727058,0.01008915994316339,0.02921134233722768,0,0.6841755509376526,39,control
45,2452590,0.02151822101761748,0.01036267355084419,0.0295761669857296,0,0.566896915435791,39,control
48,2441026,0.02149664796233983,0.01022556331008672,0.03023783175914193,0,2.491751194000244,39,control
0,1701678,0.02124596752656398,0.01014187838882207,0.02924921247703342,0,0.5744583010673523,4,control
3,1686825,0.02121554898707413,0.01010818034410476,0.02919736973899686,0,0.5424096584320068,4,control
6,1731852,0.02128501157834323,0.01025294139981269,0.0292145061934281,0,0.5089103579521179,4,control
9,1719382,0.02110613834517183,0.01014187838882207,0.02892060372712392,0,0.5732651948928833,4,control
12,1714634,0.02149317816830795,0.01019817870110273,0.03255477661069373,0,4.559337615966797,4,control
15,1689831,0.02121177701066754,0.01009680330753326,0.02923253422104683,0,0.6013466715812683,4,control
18,1710503,0.02137620585069595,0.01022590510547161,0.02940448477757912,0,0.625591516494751,4,control
21,1697485,0.02131126511250015,0.01019985880702734,0.02938658978200394,0,0.566896915435791,4,control
24,1757876,0.02121089158946482,0.01014846842736005,0.02925955132579815,0,0.6075363755226135,4,control
27,1741824,0.02109685563103359,0.01010818034410476,0.02900431611717979,0,0.5089103579521179,4,control
30,1701510,0.02123428952595437,0.01010818034410476,0.02930572106931361,0,0.5482248663902283,4,control
33,1688320,0.0214081406063485,0.01021051127463579,0.02953766885172476,0,0.5986749529838562,4,control
36,1740024,0.02121387418438787,0.01018039416521787,0.0291921071375486,0,0.6841755509376526,4,control
39,1745712,0.0212639766976963,0.01011594384908676,0.02924751696002792,0,0.5153576731681824,4,control
42,1743648,0.02137401566627546,0.01028176397085189,0.02931831456911828,0,0.566896915435791,4,control
45,1748896,0.02162532869554258,0.01033373828977346,0.02977062876571865,0,0.5265645980834961,4,control
48,1771237,0.02110924968937825,0.01007323712110519,0.02955283397808081,0,1.3326226472854614,4,control
0,2585660,0.02124077257610951,0.01015836931765079,0.02925238075341515,0,0.6633915305137634,40,control
3,2561142,0.02134526942739396,0.01025634631514549,0.02934564994618724,0,0.6546949148178101,40,control
6,2515464,0.02145786832203058,0.01027532387524843,0.02950934652672479,0,0.7933202385902405,40,control
9,2627282,0.02135410420584646,0.01022696401923894,0.02934213988679132,0,0.5434810519218445,40,control
12,2599920,0.02127362674718944,0.01022313255816698,0.02924376070897508,0,0.6013466715812683,40,control
15,2587875,0.02122100827396115,0.01010818034410476,0.02946061686309271,0,1.171992301940918,40,control
18,2526866,0.02161655245121685,0.01020899228751659,0.03523432183499512,0,5.856970310211182,40,control
21,2603325,0.02123775757688638,0.01010505203157663,0.0301875301823748,0,2.206674575805664,40,control
24,2535788,0.02156442353622616,0.01013667695224285,0.03812106911077409,0,8.997496604919434,40,control
27,2677026,0.02127853541246595,0.01019329857081174,0.02933032235167208,0,0.566896915435791,40,control
30,2629746,0.02122980457564471,0.01016877964138984,0.02918222577116156,0,0.6780120730400085,40,control
33,2560628,0.0212914351876028,0.01015228033065795,0.02962651425505508,0,1.1941123008728027,40,control
36,2628346,0.02136488362335423,0.01021746080368757,0.02936913951498938,0,0.6527131199836731,40,control
39,2545535,0.0216114506821409,0.01028386875987053,0.03116233247864005,0,3.494386911392212,40,control
42,2581312,0.02130237482332101,0.01014235895127058,0.02970765216828894,0,1.120795488357544,40,control
45,2607372,0.02146718862150406,0.01025582943111658,0.03023314557687697,0,2.0285732746124268,40,control
48,2589018,0.02130410022950192,0.01014344580471515,0.02931379490104221,0,0.6129453182220459,40,control
0,2112662,0.02140962046415867,0.01025635842233896,0.02960198664299706,0,0.7851699590682983,41,control
3,2149362,0.02125514472432413,0.01016939245164394,0.02922306894745882,0,0.540640115737915,41,control
6,2177676,0.02148610575468007,0.01036613155156374,0.02950849731651547,0,0.566896915435791,41,control
9,2143830,0.02132962756751512,0.01021475158631801,0.02934084051330057,0,0.566896915435791,41,control
12,2138526,0.02121417590840507,0.0101375700905919,0.02916791087582124,0,0.540640115737915,41,control
15,2151689,0.02123608499793826,0.01025635842233896,0.02922469423481568,0,0.6841755509376526,41,control
18,2154495,0.02126982905226932,0.0101961325854063,0.02927924999664654,0,0.566896915435791,41,control
21,2142207,0.0213161445550828,0.01020899228751659,0.0293060457341536,0,0.6841755509376526,41,control
24,2145825,0.02126996748141844,0.01014976296573877,0.02936942567356649,0,0.566896915435791,41,control
27,2126670,0.02119464356600142,0.01015533600002527,0.0291916343627177,0,0.566896915435791,41,control
30,2111102,0.02164788775662799,0.01039715949445962,0.02983907580461061,0,0.6633915305137634,41,control
33,2160731,0.02135643361776611,0.01021197158843278,0.02942840342296082,0,0.5265645980834961,41,control
36,2121050,0.02122836817752044,0.01011989917606115,0.02923242204354025,0,0.5136807560920715,41,control
39,2137219,0.02126213646249419,0.01015836931765079,0.0292814641452258,0,0.5866675972938538,41,control
42,2123886,0.02107293770449196,0.01009680330753326,0.02894565709175521,0,0.6073858141899109,41,control
45,2143948,0.02136010604396678,0.01024084817618131,0.02942240819610452,0,0.595565140247345,41,control
48,2118138,0.02141671483534931,0.01022313255816698,0.02953622534602994,0,0.5737672448158264,41,control
0,2545920,0.02144347914334976,0.01029323320835828,0.02953343595481983,0,0.566896915435791,42,control
3,2572528,0.02110705098294572,0.01009082794189453,0.02901927039395043,0,0.5655374526977539,42,control
6,2580290,0.02135902988964561,0.01029190607368946,0.02935315680527361,0,0.7454280257225037,42,control
9,2570792,0.02133724758771443,0.01021051127463579,0.02969840797682929,0,1.3114575147628784,42,control
12,2559100,0.02114981852102122,0.01015603635460138,0.02911507815056752,0,0.6129453182220459,42,control
15,2565443,0.02110840225909204,0.01008236035704612,0.02909038051630742,0,0.6841755509376526,42,control
18,2576440,0.0216579977406694,0.01041232794523239,0.02998442084409197,0,1.3011783361434937,42,control
21,2578212,0.02168607243097464,0.0103092361241579,0.03386810130028157,0,6.270298004150391,42,control
24,2562801,0.02111938399214369,0.01010818034410476,0.02907436408894106,0,0.6767114400863647,42,control
27,2581293,0.02131217074571059,0.01020899228751659,0.02933070424438972,0,0.6546949148178101,42,control
30,2620320,0.021119640605039718,0.01011096779257059,0.02907492465960456,0,0.5089103579521179,42,control
33,2557140,0.02139189495013799,0.01025663036853075,0.02946716144085389,0,0.5533496737480164,42,control
36,2561832,0.02128690801374666,0.01014187838882207,0.02958568501489265,0,1.064473271369934,42,control
39,2576224,0.02105080209603086,0.01010818034410476,0.02896738810177572,0,0.815491259098053,42,control
42,2538235,0.02130111106349914,0.0101961325854063,0.0294445284108434,0,0.7406655550003052,42,control
45,2476576,0.02112526386494063,0.01009680330753326,0.02917237364116887,0,0.7240395545959473,42,control
48,2599344,0.02137129543292025,0.01028015464544296,0.02942719013636692,0,0.8166311979293823,42,control
0,2050250,0.02120585433608856,0.01018881052732467,0.02927326813734993,0,0.7419858574867249,43,control
3,2025162,0.02113082161203121,0.01009680330753326,0.02910715623977886,0,0.8608815670013428,43,control
6,2034393,0.0217794424259017,0.01020195800811052,0.04342704003104455,0,7.623495101928711,43,control
9,2049255,0.02155931863796965,0.0103092361241579,0.03028699041357687,0,1.6096150875091553,43,control
12,2043744,0.02132363688618934,0.01015603635460138,0.02951037380298158,0,1.0142186880111694,43,control
15,2056978,0.021492285588962,0.01022406760603189,0.03025824029387703,0,1.418022394180298,43,control
18,2037335,0.02165079486222551,0.01034491881728172,0.02987724437244791,0,1.1998968124389648,43,control
21,2037888,0.02168162546691322,0.01036149635910987,0.02977871324770308,0,0.6184548139572144,43,control
24,2046742,0.02123246366907612,0.0101961325854063,0.02923460291342812,0,0.5679451823234558,43,control
27,1992063,0.02131218718828999,0.01015217881649732,0.02940837014286169,0,0.5367595553398132,43,control
30,2043531,0.021366165189275,0.01019003521651029,0.02937406977363737,0,0.4816715717315674,43,control
33,2019850,0.02144914051507095,0.01029415894299745,0.02945504885222234,0,0.6287680268287659,43,control
36,2091240,0.02128717043834792,0.0101961325854063,0.02939427720630319,0,0.6376928091049194,43,control
39,2034630,0.0212233809463297,0.01013175677508115,0.0293972492617837,0,1.2154170274734497,43,control
42,2028776,0.02144632846076849,0.01024425867944955,0.02956495607084692,0,0.7612854838371277,43,control
45,2069880,0.02152009507077925,0.01036267355084419,0.02957878279301698,0,0.6393579840660095,43,control
48,2039052,0.02119167767353392,0.01014483626931905,0.02921893349617771,0,0.6633915305137634,43,control
0,2606580,0.02115562313378875,0.01010505203157663,0.02923913506686291,0,0.6841755509376526,44,control
3,2609840,0.02128981304688387,0.01017491333186626,0.0292632486687848,0,0.646826446056366,44,control
6,2630859,0.02143020835092125,0.01023045368492603,0.02952718656825055,0,0.646826446056366,44,control
9,2603370,0.02121808078503885,0.01014187838882207,0.02926826664536355,0,0.6325857043266296,44,control
12,2608144,0.02120115772950323,0.01013434585183858,0.02914359523102749,0,0.6129453182220459,44,control
15,2601573,0.0212682839230451,0.0101961325854063,0.02930161852080952,0,0.6249127984046936,44,control
18,2624175,0.02134725390532239,0.01020399667322635,0.02937715059006276,0,0.59593266248703,44,control
21,2613016,0.02171740188808989,0.01041020359843969,0.02987984984706132,0,0.5737672448158264,44,control
24,2575800,0.02119654141707393,0.01011653337627649,0.02917709432965526,0,0.5866675972938538,44,control
27,2634065,0.02134122314182394,0.01021020766347646,0.02939142790572172,0,0.566896915435791,44,control
30,2650383,0.02142585952295886,0.01026304718106985,0.02956365399148064,0,0.7412672638893127,44,control
33,2678060,0.02136116646995933,0.01020811032503843,0.02940300129837107,0,0.7894855737686157,44,control
36,2586766,0.02120833148117544,0.01015836931765079,0.02915410444848308,0,0.5614652037620544,44,control
39,2643876,0.02135648758467837,0.01019817870110273,0.02943203335919184,0,0.566896915435791,44,control
42,2645196,0.02141681183808132,0.01023707911372184,0.02950741342096428,0,0.566896915435791,44,control
45,2647125,0.02139802346829243,0.01026951801031828,0.02943245004028697,0,0.566896915435791,44,control
48,2608200,0.02100400507121976,0.01003106124699115,0.02898049635881012,0,0.6339280605316162,44,control
0,3335550,0.021166399642371148,0.01010243501514196,0.02917730999854366,0,0.6002582311630249,45,control
3,3319584,0.02120371731249873,0.01010818034410476,0.029218997657152,0,0.6246817111968994,45,control
6,3308592,0.02140892509367065,0.01020664721727371,0.02948926071298446,0,0.7249844670295715,45,control
9,3369004,0.02125855879805491,0.01012286450713872,0.02932178082769976,0,0.7935168147087097,45,control
12,3293969,0.02113257592658806,0.01010505203157663,0.02908205011285453,0,0.6841755509376526,45,control
15,3319684,0.02125858868330365,0.0101826200261712,0.02942212311652061,0,1.1820656061172483,45,control
18,3236376,0.02128004651696759,0.01019003521651029,0.02927941492844568,0,0.906029224395752,45,control
21,3306900,0.02121101459593346,0.01015836931765079,0.02917166023015403,0,0.6073164939880371,45,control
24,3330429,0.02124192738431947,0.01012821216136217,0.02939261342719395,0,0.5728082060813904,45,control
27,3358036,0.02126314695017771,0.01018039416521787,0.02924342131747726,0,0.5679451823234558,45,control
30,3294104,0.02125309089565217,0.01014187838882207,0.02924711393865648,0,0.646826446056366,45,control
33,3308592,0.02161503451603361,0.0103535745292902,0.02973665293557289,0,0.6822298765182495,45,control
36,3336046,0.02131234215900001,0.01018474344164133,0.02942495237244181,0,0.7201583981513977,45,control
39,3352545,0.02114952712717883,0.01012286450713872,0.02910101577289245,0,0.6767114400863647,45,control
42,3335830,0.02150470295326983,0.0103092361241579,0.02965883658604148,0,0.7063820958137512,45,control
45,3296020,0.02136767747507415,0.01019817870110273,0.02959148960837978,0,2.415670156478882,45,control
48,3288762,0.02120424353484815,0.01014187838882207,0.02925703139332398,0,0.6546949148178101,45,control
0,2194732,0.02116670724236686,0.01009745616465807,0.0291730320270105,0,0.5802510976791382,46,control
3,2117974,0.02123711795340753,0.01012761890888214,0.02919440689407115,0,0.6122516989707947,46,control
6,2175049,0.02130991305093155,0.01016700640320777,0.02936199125008482,0,0.5812798142433167,46,control
9,2145784,0.02166434474171537,0.01046338304877281,0.02989265341870187,0,0.7240395545959473,46,control
12,2161614,0.02112545739208427,0.01010818034410476,0.02907278671521751,0,0.5482248663902283,46,control
15,2134990,0.02134137500393191,0.01018709596246481,0.02943105438113722,0,0.5424096584320068,46,control
18,2133845,0.0214228281383134,0.01025722734630107,0.02943025398535349,0,0.8536354303359985,46,control
21,2160925,0.02118361392178545,0.01009745616465807,0.02913982116383526,0,0.566896915435791,46,control
24,2184970,0.02115306318609002,0.01009745616465807,0.02913032676161109,0,0.5750839114189148,46,control
27,2193436,0.02133991557392902,0.01019817870110273,0.02935363825689381,0,0.6841755509376526,46,control
30,2167134,0.02144700333092042,0.01024166215211153,0.02961418954411088,0,0.7208108901977539,46,control
33,2196000,0.02152248953411491,0.0103092361241579,0.02957704959620025,0,0.566896915435791,46,control
36,2174400,0.02130747924367732,0.0102016506716609,0.02937073244286469,0,0.6841755509376526,46,control
39,2192832,0.02127437423611464,0.01017153263092041,0.02929909701023237,0,0.646826446056366,46,control
42,2170272,0.02128275884452971,0.01014976296573877,0.02925506981098228,0,0.5065930485725403,46,control
45,2160390,0.02152461811108346,0.0103092361241579,0.02958712364707455,0,0.7454280257225037,46,control
48,2178000,0.02133781076956197,0.01020399667322635,0.02930578988176416,0,0.5188211798667908,46,control
0,1985160,0.02155459726397832,0.01032379176467657,0.02976478709363824,0,0.6841755509376526,47,control
3,1998496,0.02120846385555888,0.01017802208662033,0.02948702922097725,0,1.268305778503418,47,control
6,1985208,0.02136440236959191,0.0102657014504075,0.02942364131215816,0,0.5034059286117554,47,control
9,2003458,0.02177975202726706,0.01041974779218435,0.03002316041703772,0,0.6204054951667786,47,control
12,2007360,0.02111629756416916,0.01009745616465807,0.02910832342762602,0,0.566896915435791,47,control
15,1976602,0.02130884117971093,0.01026951801031828,0.02928086614858687,0,0.7240395545959473,47,control
18,1958094,0.02177867972041942,0.01029190607368946,0.03603846473307116,0,4.459105014801025,47,control
21,1958631,0.02139358923541145,0.01021586917340755,0.02960866956101007,0,0.7409296035766602,47,control
24,2012265,0.0212468463470285,0.01015943381935358,0.02937419067769504,0,0.6546949148178101,47,control
27,1995669,0.02130066341119706,0.01022590510547161,0.029314341536267,0,0.7175059914588928,47,control
30,1941536,0.02162728338144408,0.01035778131335973,0.02982871097910263,0,0.8329862356185913,47,control
33,1981935,0.021856378292889,0.01043082028627395,0.03234615217464829,0,2.424760580062866,47,control
36,1979334,0.02134895378259665,0.01019002124667167,0.02940331745478005,0,0.6679729223251343,47,control
39,1970591,0.02141986726930628,0.0102026080712676,0.03092043774110765,0,2.815976142883301,47,control
42,1961058,0.02118442785980435,0.01009745616465807,0.02930374420218018,0,1.005342721939087,47,control
45,1956417,0.02114181505776423,0.01014846842736005,0.02906955831473975,0,0.5392065644264221,47,control
48,1989270,0.02142613672120867,0.01024432107806205,0.02955316107053618,0,0.7191248536109924,47,control
0,1891868,0.02135592114324907,0.01021558325737714,0.02936929576792911,0,0.5265645980834961,48,control
3,1914727,0.02109278592747852,0.01013176795095205,0.02899419337874487,0,0.6546949148178101,48,control
6,1874270,0.02158030217433809,0.01032416895031929,0.02965953245143356,0,0.566896915435791,48,control
9,1894760,0.02122713501606435,0.0101820770651102,0.02914994076994433,0,0.5744583010673523,48,control
12,1916929,0.02141872068087231,0.0102657014504075,0.02944012067043807,0,0.5655374526977539,48,control
15,1907730,0.02134792152551517,0.01027831714600324,0.0293371206215204,0,0.6767114400863647,48,control
18,1875150,0.02149136054326616,0.01028015464544296,0.02961934872747989,0,0.6129453182220459,48,control
21,1927626,0.02148131088094834,0.01026761624962091,0.02951955092996296,0,0.49621522426605225,48,control
24,1895729,0.0211224122827832,0.01009680330753326,0.02899406436076465,0,0.5256253480911255,48,control
27,1887812,0.02115095673921926,0.01008047256618738,0.02917189381474364,0,0.566896915435791,48,control
30,1883204,0.02138814119952211,0.01020899228751659,0.02944822614662773,0,0.6416388154029846,48,control
33,1933218,0.02139049365826523,0.01025164779275655,0.02942235255769926,0,0.6325857043266296,48,control
36,1899270,0.02113021702656735,0.01009680330753326,0.02910259923377838,0,0.6841755509376526,48,control
39,1888744,0.02123765831611581,0.01013121847063303,0.02917939363763602,0,0.566896915435791,48,control
42,1873890,0.02121064434037654,0.01010505203157663,0.02923460332862196,0,0.6009652614593506,48,control
45,1935622,0.02154248555025587,0.01035106275230646,0.02969293191203831,0,0.566896915435791,48,control
48,1897728,0.02122898589810281,0.01014415733516216,0.02911489489245215,0,0.5759917497634888,48,control
0,2295209,0.02131107174686498,0.01018474344164133,0.02942346977720147,0,0.6129453182220459,49,control
3,2377643,0.02126351007948689,0.01013671047985553,0.02936804367426427,0,0.6841755509376526,49,control
6,2331648,0.02145248973320689,0.01029190607368946,0.02943254381624481,0,0.5089103579521179,49,control
9,2359292,0.02120865636911697,0.01013987604528665,0.02926738739960058,0,0.48736122250556946,49,control
12,2316315,0.02118154283023537,0.01010709442198276,0.02911613458710998,0,0.6073164939880371,49,control
15,2351532,0.02129409607297049,0.01018474344164133,0.0292660464267083,0,0.5265645980834961,49,control
18,2373068,0.02114456241591365,0.01009745616465807,0.02920241950266024,0,0.9294368028640748,49,control
21,2351622,0.02127051912935639,0.01020824536681175,0.02930708969740099,0,0.6078379154205322,49,control
24,2304315,0.02117667751097488,0.01013091392815113,0.02921329273226849,0,0.5744583010673523,49,control
27,2410074,0.02134665177100177,0.01019817870110273,0.02946839471389076,0,0.6546710729598999,49,control
30,2366520,0.02144662506570177,0.0103092361241579,0.02949358209447414,0,0.564079761505127,49,control
33,2376202,0.02137498325820678,0.01025569159537553,0.02942789905883452,0,0.6099802255630493,49,control
36,2333200,0.02124688610109387,0.01015715114772319,0.029208388142451,0,0.566896915435791,49,control
39,2352900,0.02115666973533559,0.01010818034410476,0.02911735188333748,0,0.5533496737480164,49,control
42,2362320,0.02158581325073773,0.01041577104479074,0.02978155282819402,0,0.5813720226287842,49,control
45,2307357,0.02150405330761671,0.01026951801031828,0.02978412635231328,0,0.5434810519218445,49,control
48,2360832,0.02138562046880932,0.01027282048016786,0.02943135754603007,0,0.6352262496948242,49,control
0,2420880,0.02125630722529987,0.01018474344164133,0.02940410565213288,0,1.2103310823440552,5,control
3,2345252,0.0216027379972367,0.01018039416521787,0.03450019507994757,0,3.292116165161133,5,control
6,2447318,0.02155215092181957,0.01022658124566078,0.031187375642253,0,2.0321836471557617,5,control
9,2464851,0.02127515981044551,0.01014187838882207,0.02959556132746494,0,1.7674366235733032,5,control
12,2423720,0.02149769068228882,0.01029190607368946,0.02966037012176441,0,1.0044034719467163,5,control
15,2458212,0.0212147987045352,0.01013091392815113,0.02924557216188749,0,0.5541696548461914,5,control
18,2409914,0.02119521026317629,0.01014187838882207,0.02918246547081273,0,0.566896915435791,5,control
21,2439060,0.02133001828159367,0.01015836931765079,0.03008596840965253,0,2.395625591278076,5,control
24,2444376,0.02122195756235958,0.01016610488295555,0.02926560079808202,0,0.8641937971115112,5,control
27,2382847,0.02129490517375851,0.01014976296573877,0.02927396461803657,0,0.7622257471084595,5,control
30,2417736,0.02138596598444277,0.01022313255816698,0.02953002070912101,0,0.9715384244918824,5,control
33,2451956,0.02166875315994215,0.0103594958782196,0.03037010053058672,0,1.34601092338562,5,control
36,2393128,0.02134590069086163,0.01019109971821308,0.02934209276174588,0,0.5866675972938538,5,control
39,2439268,0.02113030218052457,0.01010818034410476,0.02916559809407388,0,0.9012869000434875,5,control
42,2472885,0.02123418756752507,0.01014187838882207,0.02962276046361723,0,1.7017427682876587,5,control
45,2394736,0.02167177677976864,0.010292649269104,0.03258828738435453,0,3.6534485816955566,5,control
48,2427328,0.02163456773923948,0.01023594848811626,0.0332812105780956,0,3.6036245822906494,5,control
0,2160810,0.02133245537484111,0.01021051127463579,0.02941336013417025,0,0.6841755509376526,50,control
3,2157637,0.02126176430763989,0.01015836931765079,0.02972831456686128,0,1.531928777694702,50,control
6,2152800,0.02107269652058925,0.01007323712110519,0.029116467378812,0,0.6490405201911926,50,control
9,2150793,0.0212813853519703,0.01017634943127632,0.02929110779198018,0,0.5686855316162109,50,control
12,2194462,0.02134377010451432,0.01023045368492603,0.02952086226803318,0,0.6553620100021362,50,control
15,2146161,0.0211767679523917,0.0101178977638483,0.02917093003486754,0,0.6215597987174988,50,control
18,2164610,0.02126939221513238,0.01021051127463579,0.02925349386197578,0,0.6075363755226135,50,control
21,2131375,0.02147723187946379,0.01027245819568634,0.02955098493890096,0,0.5708392858505249,50,control
24,2201356,0.02143417205560048,0.01027149986475706,0.02959653529746153,0,0.5783015489578247,50,control
27,2160000,0.02141957477101159,0.01018039416521787,0.02975486527129467,0,1.342970609664917,50,control
30,2150720,0.0214966588929004,0.01027532387524843,0.02963826188833724,0,0.566896915435791,50,control
33,2123754,0.02207143006005107,0.01018474344164133,0.06079649202652352,0,14.880388259887695,50,control
36,2153136,0.02129852577223803,0.01018809527158737,0.02953252217555813,0,0.9691652059555054,50,control
39,2156517,0.0214253860698752,0.01022786926478147,0.02964314049519522,0,0.7975323796272278,50,control
42,2194140,0.02139077319633236,0.01018039416521787,0.02954648755215751,0,0.9418128728866576,50,control
45,2167836,0.02134393717523363,0.01018039416521787,0.02945433876229994,0,0.7175059914588928,50,control
48,2144298,0.02152041948255023,0.0103092361241579,0.02988464569157951,0,1.0140446424484253,50,control
0,1944250,0.02145357903776064,0.01025845110416412,0.02953479019977814,0,0.566896915435791,51,control
3,2003967,0.0211584467956973,0.01011830847710371,0.02910830106535389,0,0.564079761505127,51,control
6,1980636,0.02146923141935532,0.01028015464544296,0.02949619614685608,0,0.564775824546814,51,control
9,1928360,0.02111176655065812,0.01007644645869731,0.0290845777689553,0,0.6003523468971252,51,control
12,1987700,0.02130186197433886,0.01014187838882207,0.0294022162567772,0,0.564079761505127,51,control
15,1960980,0.0213809059256929,0.01022313255816698,0.02940125834333507,0,0.5983755588531494,51,control
18,1923328,0.0212306012630787,0.01009745616465807,0.02921098195440881,0,1.0412328243255615,51,control
21,1919338,0.02124694072740058,0.01014187838882207,0.0292437042116279,0,0.5424096584320068,51,control
24,1962072,0.02129437232833331,0.01019003521651029,0.02933129157264779,0,0.5270437598228455,51,control
27,1952700,0.02133510790027608,0.01019019726663827,0.02929272358702482,0,0.7565762996673584,51,control
30,1974618,0.02129180419194718,0.0101961325854063,0.02924870522938532,0,0.5983755588531494,51,control
33,1966454,0.02133590716162524,0.01019617915153503,0.029327474543272,0,0.5048401355743408,51,control
36,1969306,0.02142006646282283,0.01024587079882621,0.02950157363871597,0,0.566896915435791,51,control
39,1991912,0.02123962043239491,0.01016230974346399,0.02913796421133861,0,0.6129453182220459,51,control
42,1963332,0.02142577490732982,0.01024072710424661,0.02995006792699487,0,1.2839444875717163,51,control
45,1962785,0.02169739533919986,0.01034922525286674,0.02987765080596384,0,0.8138696551322937,51,control
48,2003584,0.02128207970913954,0.01013176795095205,0.02936999308476533,0,0.5744583010673523,51,control
0,2314872,0.02131700530085423,0.01018917001783847,0.02939399500241604,0,0.646826446056366,52,control
3,2361073,0.02157712080842188,0.0103718526661396,0.02969841281482731,0,0.6857874393463135,52,control
6,2340275,0.0212448497838424,0.01013434585183858,0.02930913745368624,0,0.5744583010673523,52,control
9,2339188,0.02205129640109369,0.01056820340454578,0.03056545075393715,0,0.6679729223251343,52,control
12,2294969,0.02144319614973456,0.0102302823215723,0.02958906027257348,0,0.6633915305137634,52,control
15,2343897,0.0212901453607289,0.01022313255816698,0.02934088809862515,0,0.52360600233078,52,control
18,2348550,0.02134701572098534,0.01018993370234966,0.02939475346537081,0,0.5915927290916443,52,control
21,2379196,0.02194443773960397,0.01050835661590099,0.03028906414615685,0,0.6129453182220459,52,control
24,2385408,0.02132039442023265,0.01021051127463579,0.02930347503597663,0,0.6123857498168945,52,control
27,2357754,0.02107707811695097,0.01006779354065656,0.02906953308584538,0,0.566896915435791,52,control
30,2313425,0.02147023199683233,0.01025223731994628,0.02968135838293009,0,0.7637187242507935,52,control
33,2353107,0.02132934760915013,0.01017491333186626,0.02936273711434398,0,0.6230547428131104,52,control
36,2363894,0.02139311419009366,0.01024428941309452,0.02950645401808715,0,0.6153317093849182,52,control
39,2313437,0.02129986373158468,0.01019109971821308,0.02926212664164343,0,0.6841755509376526,52,control
42,2366962,0.02162742667040514,0.01041232794523239,0.02980175536592198,0,0.5744583010673523,52,control
45,2442968,0.02146044268583448,0.01029190607368946,0.02952702780513083,0,0.5482248663902283,52,control
48,2298255,0.0212488906697184,0.0101961325854063,0.02925734458935395,0,0.566896915435791,52,control
0,2913648,0.02119394136371153,0.01009949576109647,0.0292237073893752,0,0.566896915435791,53,control
3,2933002,0.02126993823227304,0.01017153263092041,0.02924250248357704,0,0.8252483606338501,53,control
6,2984520,0.02113847097174823,0.01009745616465807,0.02962667459860979,0,1.916814923286438,53,control
9,2948160,0.02145461171131649,0.0102332467213273,0.02956076199868776,0,0.566896915435791,53,control
12,2954570,0.02137838829408124,0.0102332467213273,0.02952135243333563,0,1.266963243484497,53,control
15,2940693,0.02127381157610865,0.01017077267169952,0.02938036938657385,0,0.8950948715209961,53,control
18,2920619,0.02124722998004823,0.01015836931765079,0.02920036271823068,0,0.566896915435791,53,control
21,2926183,0.02149052793332024,0.01029190607368946,0.02964006336529239,0,0.6810848712921143,53,control
24,2937600,0.02138979222707271,0.01024182047694921,0.02955871837665488,0,1.1358903646469116,53,control
27,2965452,0.02136166026803685,0.01026107557117939,0.02939221583399371,0,0.566896915435791,53,control
30,2954570,0.02116970931516968,0.01014550123363733,0.02917044474302034,0,0.7604627013206482,53,control
33,3006807,0.02128645939636202,0.01019445154815912,0.0293511105229861,0,0.6994975805282593,53,control
36,2918328,0.02877098644465268,0.01013137679547071,0.5650357652996143,0,170.94171142578125,53,control
39,2979900,0.0211920893917033,0.01010818034410476,0.0292356233602203,0,0.6129453182220459,53,control
42,2965129,0.02848716742760116,0.01040171459317207,0.5098906245264742,0,163.2653045654297,53,control
45,2979834,0.02144978081049275,0.01028378121554851,0.02954906099358005,0,0.6841755509376526,53,control
48,3032865,0.02116015713148523,0.01011506933718919,0.02909473619294486,0,0.5949901938438416,53,control
0,2391528,0.02133838382320343,0.01020816527307033,0.02947245087524286,0,0.7534236311912537,54,control
3,2314032,0.02119639748482147,0.01010818034410476,0.02912674833553928,0,0.49753981828689575,54,control
6,2323344,0.02159347798215204,0.01032442972064018,0.0297999816182803,0,1.0907171964645386,54,control
9,2366800,0.021558299202256,0.01037773583084344,0.02970651938639445,0,0.6767114400863647,54,control
12,2338110,0.02127658685231302,0.01018881052732467,0.02932637140040775,0,0.5924255847930908,54,control
15,2337390,0.02119226120386212,0.01013091392815113,0.02913891290688557,0,0.7422362565994263,54,control
18,2316195,0.02155994252401344,0.01032921019941568,0.02965441433122937,0,0.5836429595947266,54,control
21,2306520,0.02126141296168107,0.01015836931765079,0.02931269612983746,0,0.5997003316879272,54,control
24,2365722,0.02128912185806657,0.01019003521651029,0.02924365928002141,0,0.566896915435791,54,control
27,2350290,0.02145427090315622,0.01022043451666832,0.029591916003655402,0,0.6841755509376526,54,control
30,2346183,0.02141729888537212,0.0102657014504075,0.02952203870189167,0,0.566896915435791,54,control
33,2334528,0.02148112904445822,0.01026090048253536,0.02952953576527996,0,0.6841755509376526,54,control
36,2351350,0.02136194434244386,0.01022313255816698,0.02930771813420871,0,0.5866675972938538,54,control
39,2422420,0.02117189777290552,0.01013365294784307,0.02915371385418986,0,0.566896915435791,54,control
42,2337400,0.02143829514842579,0.01025845110416412,0.0295040797541302,0,0.6841755509376526,54,control
45,2398825,0.02116677608481882,0.01015533600002527,0.0291672357454324,0,0.7551798224449158,54,control
48,2372210,0.0212999503997969,0.01018881052732467,0.02940937772199011,0,0.566896915435791,54,control
0,3070606,0.02143875527168345,0.01018039416521787,0.03034881651713981,0,1.8378684520721436,55,control
3,3050232,0.02155645006455542,0.01019616983830928,0.03136894030826883,0,3.285968542098999,55,control
6,3079881,0.02132838332236165,0.0101230964064598,0.02987893955289295,0,1.3471784591674805,55,control
9,3032516,0.02168426384281021,0.01029190607368946,0.03089453284985872,0,2.326817035675049,55,control
12,3002613,0.02214502524337954,0.01019003521651029,0.0539766721637776,0,14.014368057250977,55,control
15,3073000,0.02163349402299442,0.01031127758324146,0.03006211105127095,0,0.9099497199058532,55,control
18,3083175,0.02146659721057384,0.01028315164148807,0.02970768234185715,0,1.187114715576172,55,control
21,3036300,0.02137809185140966,0.01018474344164133,0.03035865592107222,0,1.8584926128387451,55,control
24,3037793,0.02141265794739432,0.01018371433019638,0.02993040623087993,0,1.639317750930786,55,control
27,3076155,0.02156709494573697,0.01026107557117939,0.03223590869729487,0,4.485280513763428,55,control
30,3031416,0.02157900145540592,0.01029190607368946,0.03001575223423331,0,1.1810356378555298,55,control
33,3058472,0.02139684562436887,0.01019243616610765,0.02980615274138665,0,1.482012391090393,55,control
36,2978635,0.02140157995932033,0.01016669906675815,0.02983917157061956,0,1.2434557676315308,55,control
39,3051609,0.02124343050962994,0.01014709193259477,0.02933214215925585,0,0.9517024159431458,55,control
42,3078268,0.021498018200862178,0.01020103227347135,0.03021472947268621,0,1.344176173210144,55,control
45,3072960,0.02175902103761281,0.01032442972064018,0.03171423469610843,0,2.166276693344116,55,control
48,2981304,0.02140719652698574,0.01015836931765079,0.03099282389801658,0,2.4618120193481445,55,control
0,2801500,0.02134076338947873,0.01017220877110958,0.02969986672744562,0,1.3982863426208496,56,control
3,2778255,0.02124632278958943,0.01014187838882207,0.02961083091001463,0,1.0541030168533323,56,control
6,2812768,0.02148457648002533,0.01031588576734066,0.02958796654862088,0,0.6095021367073059,56,control
9,2796625,0.02152237695732084,0.01029190607368946,0.03024846613867084,0,1.5705021619796753,56,control
12,2780108,0.0212428560532074,0.01016408950090408,0.02931731294646715,0,0.6200579404830933,56,control
15,2798440,0.02117615689825523,0.01017491333186626,0.02920849202172239,0,0.7816676497459412,56,control
18,2808848,0.02149696664307369,0.01027212385088205,0.02987841792379268,0,1.052642822265625,56,control
21,2795904,0.02117971502459359,0.01013870444148779,0.02920673568319677,0,0.9428057670593262,56,control
24,2802261,0.02127402605661471,0.01019817870110273,0.02925600250878217,0,0.568489134311676,56,control
27,2790252,0.02139892529002325,0.0102302823215723,0.02941934316859897,0,0.5947093963623047,56,control
30,2804352,0.02201165071167956,0.01051506493240594,0.03047482599467904,0,0.9065725803375244,56,control
33,2778486,0.02124246647917416,0.01011653337627649,0.0298737641375084,0,1.9403918981552124,56,control
36,2715880,0.02138457589651903,0.01023883651942014,0.02936043972341982,0,0.5702458024024963,56,control
39,2724482,0.02165083843079053,0.01014187838882207,0.0397084986164038,0,9.30562973022461,56,control
42,2825280,0.02139738978046812,0.01027769036591053,0.02944017393680518,0,0.646826446056366,56,control
45,2752704,0.02129310060896527,0.01010818034410476,0.02950628801479801,0,0.8667514324188232,56,control
48,2824992,0.02118377243889825,0.01014187838882207,0.02913790442142296,0,0.6841755509376526,56,control
0,2713200,0.02128800941780977,0.01017892453819513,0.02934272464406336,0,0.6075363755226135,57,control
3,2656116,0.0213374642321221,0.01019109971821308,0.02937358422739086,0,0.8040856122970581,57,control
6,2664000,0.02132318144669731,0.01015910878777504,0.02962590300829335,0,1.3238348960876465,57,control
9,2689758,0.02127702111191901,0.01014976296573877,0.02934241194359113,0,0.6841755509376526,57,control
12,2661120,0.02131348904830051,0.01019003521651029,0.02938191783975512,0,0.8250330090522766,57,control
15,2667860,0.02159438844779724,0.01032149884849786,0.02971647960227253,0,0.6322667002677917,57,control
18,2730450,0.0213510167026981,0.01022590510547161,0.02944387821042976,0,0.566896915435791,57,control
21,2728864,0.021465197113539482,0.01021051127463579,0.03045274612941475,0,1.7786014080047607,57,control
24,2685960,0.02124039375170499,0.01010818034410476,0.02949675081590534,0,0.9563755989074708,57,control
27,2675340,0.02134478922858668,0.01021142024546861,0.02939063424257758,0,0.7219514846801758,57,control
30,2718240,0.02161826173224542,0.01036267355084419,0.02978326880421197,0,0.8722015023231506,57,control
33,2731784,0.02126844074467942,0.01018323935568332,0.0293528007107606,0,0.6013466715812683,57,control
36,2703450,0.02139949895502281,0.01022313255816698,0.0295216294564387,0,0.6691044569015503,57,control
39,2741552,0.02149999947055918,0.01027532387524843,0.02967624040000579,0,0.6841755509376526,57,control
42,2678544,0.02130711125705183,0.01020899228751659,0.02924942643495063,0,0.566896915435791,57,control
45,2675920,0.02132146015973752,0.01013870444148779,0.03004343185064459,0,1.8727264404296875,57,control
48,2615964,0.02125288893508026,0.01014187838882207,0.02928589700913917,0,0.5439188480377197,57,control
0,1896048,0.02139217218605664,0.0101961325854063,0.0295570910329391,0,0.6841755509376526,58,control
3,1857705,0.02122286537702942,0.01015836931765079,0.02930607683873567,0,0.9567362070083618,58,control
6,1887876,0.02117571235998545,0.01010505203157663,0.02922268068449729,0,0.572462797164917,58,control
9,1905508,0.02138702943864572,0.01023571658879518,0.02943100814021984,0,0.6233891248703003,58,control
12,1895960,0.02217682429123055,0.01026951801031828,0.05906404391532515,0,11.691486358642578,58,control
15,1867266,0.02160687733807083,0.01027601677924394,0.03208888473170674,0,4.238656997680664,58,control
18,1894512,0.02120579839512851,0.01014105789363384,0.02920646870630853,0,0.528083324432373,58,control
21,1860492,0.0214303876759169,0.01023714244365692,0.03019483000619205,0,1.6864573955535889,58,control
24,1903916,0.02149884067540127,0.010292649269104,0.02970434102497601,0,0.6582357287406921,58,control
27,1894696,0.02140228411002582,0.01021142024546861,0.02962397720549768,0,0.8241049647331238,58,control
30,1900130,0.02116643243956114,0.01009745616465807,0.02919426647666058,0,0.6201998591423035,58,control
33,1861840,0.02157214048189748,0.01017153263092041,0.03237422345442244,0,3.314666986465454,58,control
36,1911234,0.02139586571873904,0.01026174146682024,0.02943173539712152,0,0.6841755509376526,58,control
39,1915407,0.02156532738588852,0.01019916590303182,0.0322966057081519,0,4.149166584014893,58,control
42,1905768,0.02113116327832595,0.01009745616465807,0.02921967676726126,0,0.7050992250442505,58,control
45,1907160,0.02154715589825015,0.01032442972064018,0.02961809276237326,0,0.6328174471855164,58,control
48,1870054,0.02111299644033859,0.01010946556925773,0.02905672713062572,0,0.6546949148178101,58,control
0,1912350,0.02113452077848949,0.01009745616465807,0.02899182613753671,0,0.5250380635261536,59,control
3,1893528,0.02127858510676251,0.01015603635460138,0.02937567484248466,0,0.5856093168258667,59,control
6,1920169,0.02127899762732724,0.0101769482716918,0.02926354265045381,0,0.6325857043266296,59,control
9,1948730,0.02136537328995686,0.01021142024546861,0.03007635476238323,0,1.844863772392273,59,control
12,1939518,0.02127094342256345,0.01021516695618629,0.02923178392963329,0,0.566896915435791,59,control
15,1928160,0.02143491597780368,0.01022313255816698,0.02964920607736967,0,0.7747006416320801,59,control
18,1922804,0.02172501436904907,0.01041232794523239,0.02998338242525549,0,0.566896915435791,59,control
21,1948142,0.02146257425068225,0.01029190607368946,0.02950008455955155,0,0.7240395545959473,59,control
24,1905904,0.02118367963199259,0.01010357588529586,0.02914959561467733,0,0.566896915435791,59,control
27,1957860,0.02127221842066863,0.01019003521651029,0.02922662815831853,0,0.6129453182220459,59,control
30,1918692,0.02158609718777464,0.01039122603833675,0.02967084768602184,0,0.566896915435791,59,control
33,1948880,0.02140030296190754,0.0102332467213273,0.02952727599282642,0,0.5280440449714661,59,control
36,1922823,0.02128161533922275,0.01014187838882207,0.02935667174328911,0,0.5065930485725403,59,control
39,1869010,0.02139382275468648,0.01011413894593715,0.03504759257392047,0,4.300739765167236,59,control
42,1868236,0.02129099111377148,0.01018881052732467,0.02933650518506584,0,0.5240172743797302,59,control
45,1904857,0.02138361373988548,0.01019616983830928,0.02945744180628082,0,0.6679729223251343,59,control
48,1926617,0.02121276597362386,0.01009680330753326,0.02932889660040549,0,0.6841755509376526,59,control
0,2006400,0.02131961368267108,0.0102332467213273,0.029396092363191,0,0.646826446056366,6,control
3,1983632,0.0213815649536803,0.01027059368789196,0.0294817041351326,0,0.8872981071472168,6,control
6,2017314,0.02130599315697129,0.01018039416521787,0.02928941986933149,0,0.5740612149238586,6,control
9,2003260,0.02127527681391268,0.01018039416521787,0.02929417525247813,0,0.6841755509376526,6,control
12,1979613,0.02117743745423071,0.01014187838882207,0.02914052985168271,0,0.6767114400863647,6,control
15,1976820,0.02106687422640613,0.01007323712110519,0.02904500814897917,0,0.6129453182220459,6,control
18,2026876,0.02138339733305353,0.01027000602334737,0.02958684179423563,0,0.7710000872612,6,control
21,2016231,0.02131764899855297,0.01018708478659391,0.02942605182825925,0,0.6075363755226135,6,control
24,1964130,0.0211593258960042,0.01009082794189453,0.0290264417255449,0,0.5679451823234558,6,control
27,1975428,0.02117514229011892,0.01010818034410476,0.02917455424129109,0,0.633109450340271,6,control
30,1994694,0.02155514067319898,0.01014187838882207,0.03621449664081596,0,5.630528450012207,6,control
33,1993420,0.02142269920711811,0.01019985880702734,0.02948409310507886,0,0.5611492395401001,6,control
36,2003484,0.02136549484407646,0.01026951801031828,0.02944426710260486,0,0.6841755509376526,6,control
39,2044675,0.0215529701930331,0.01021051127463579,0.03218750595485938,0,4.164931297302246,6,control
42,1969792,0.02133733669377899,0.01017311215400695,0.02996953899388152,0,1.6000670194625854,6,control
45,1968213,0.02126679801999678,0.01018881052732467,0.02934092727094704,0,0.8827016353607178,6,control
48,1954235,0.02135763988223457,0.01020075660198927,0.02944736283496957,0,0.6129453182220459,6,control
0,2155010,0.02116497765289199,0.01012726407498121,0.02910974360717102,0,0.5744583010673523,60,control
3,2113155,0.02126777065770836,0.01014972385019064,0.02923587636528414,0,0.6841755509376526,60,control
6,2145441,0.02153012570291859,0.01030702888965606,0.02968032355491405,0,0.6325857043266296,60,control
9,2137120,0.02144879762613715,0.01025842409580946,0.02961116615614062,0,0.6221202611923218,60,control
12,2170176,0.02123460705614536,0.01014187838882207,0.02922844166951019,0,0.5098482370376587,60,control
15,2115729,0.02126646323818884,0.01014187838882207,0.02932184403216877,0,0.5530388951301575,60,control
18,2113678,0.02161692355904724,0.01032379176467657,0.02974822434921575,0,0.566896915435791,60,control
21,2152074,0.02140583026980552,0.01014187838882207,0.03152292658190884,0,2.95379638671875,60,control
24,2097160,0.02133104599707093,0.01016408950090408,0.02936765317075169,0,0.6841755509376526,60,control
27,2115414,0.0213917614906356,0.01024166215211153,0.02934412822259561,0,0.7240395545959473,60,control
30,2142598,0.02126736375798339,0.01019817870110273,0.02926095162189416,0,0.5120977163314819,60,control
33,2102760,0.02141250641810733,0.01022313255816698,0.02947589815944776,0,0.7175059914588928,60,control
36,2102800,0.02124625346313312,0.01018218044191598,0.0291915102731461,0,0.6129453182220459,60,control
39,2155842,0.0213168780468175,0.0102389482781291,0.02932301672934486,0,0.5359020233154297,60,control
42,2127066,0.02134848763455369,0.01018039416521787,0.02942780613046764,0,0.6153317093849182,60,control
45,2071740,0.02124793975449984,0.01014187838882207,0.02927713437404064,0,0.6841755509376526,60,control
48,2107404,0.02133878461740488,0.01019817870110273,0.02941670623029469,0,0.5360584259033203,60,control
0,3008448,0.02123995174521444,0.01013121847063303,0.02932558781284841,0,0.8502392172813416,61,control
3,3034275,0.02144814843125215,0.01005553733557462,0.03879271003188183,0,6.035409450531006,61,control
6,3020523,0.02127888334586502,0.01017491333186626,0.02931538111417922,0,0.6078379154205322,61,control
9,3060738,0.02179125606634762,0.01047287415713071,0.02998928250344912,0,0.6060577034950256,61,control
12,3005010,0.02138801556578076,0.01018474344164133,0.02955784041238985,0,0.9368231296539308,61,control
15,3072993,0.02120066431286822,0.01011998672038316,0.02913388165040653,0,0.6841755509376526,61,control
18,3003285,0.0213112093875254,0.01018039416521787,0.02931166515924616,0,0.6129453182220459,61,control
21,3053516,0.0216658547121287,0.01014689169824123,0.04397694253427086,0,8.958744049072266,61,control
24,3029208,0.02129674824581028,0.01019003521651029,0.02941224277834634,0,0.8014615178108215,61,control
27,3006756,0.02135439940346137,0.01017491333186626,0.02939965339835637,0,0.566896915435791,61,control
30,3046614,0.02123090734059037,0.01019003521651029,0.02922057512207998,0,0.6417320966720581,61,control
33,3057246,0.0214190622423567,0.01019817870110273,0.0304833937963779,0,2.189361810684204,61,control
36,3074552,0.02100650711019461,0.01004172395914793,0.02893656029247942,0,0.566896915435791,61,control
39,3067680,0.02112586828548699,0.01009680330753326,0.02908704771707943,0,0.6054025888442993,61,control
42,3020643,0.02141019207462886,0.01022313255816698,0.02944776579671048,0,0.5744583010673523,61,control
45,3078088,0.02147669333380725,0.01017665863037109,0.03148956587614744,0,2.9451398849487305,61,control
48,3092316,0.02114925581287621,0.01009680330753326,0.02913920070398486,0,0.6841755509376526,61,control
0,2621374,0.0214211282931178,0.01014187838882207,0.03091660004931791,0,4.191125869750977,62,control
3,2680146,0.02128510272702912,0.01018039416521787,0.02936334348308733,0,0.6684140563011169,62,control
6,2690778,0.02127244062984018,0.01014328375458717,0.02934454540205794,0,0.981336772441864,62,control
9,2685360,0.02174208711043149,0.0103092361241579,0.03151046438096555,0,2.4589829444885254,62,control
12,2660615,0.02154362371209397,0.01029415894299745,0.02975487237393106,0,0.8197922706604004,62,control
15,2718177,0.02138687126425184,0.01014187838882207,0.0295862566387963,0,0.737029492855072,62,control
18,2727879,0.02119623840911353,0.01011792477220296,0.0292836209449133,0,0.7684846520423889,62,control
21,2726522,0.02136080139677665,0.01019003521651029,0.02942262476884569,0,0.6129453182220459,62,control
24,2682144,0.02132886240524711,0.01019003521651029,0.02943039766653534,0,0.566896915435791,62,control
27,2777593,0.02139475034905283,0.01021586917340755,0.02939113751400419,0,0.6153317093849182,62,control
30,2759770,0.021540256956803,0.0103092361241579,0.0297340880494704,0,0.6841755509376526,62,control
33,2644690,0.02134449325666945,0.01017220877110958,0.02935461596920336,0,0.6993277668952942,62,control
36,2718625,0.02133403106902948,0.01015715114772319,0.02967312349809763,0,1.1668447256088257,62,control
39,2664480,0.021408147377131,0.01021051127463579,0.02959748334492606,0,1.0987427234649658,62,control
42,2798710,0.02134758072951714,0.01021051127463579,0.02942909274835121,0,0.7454280257225037,62,control
45,2698720,0.0214631742943758,0.01027964055538177,0.03024383212648613,0,1.5311064720153809,62,control
48,2654080,0.02135356060179368,0.01017491333186626,0.02957548398499796,0,0.884618878364563,62,control
0,2398500,0.02120210801193526,0.01009745616465807,0.02919675888702953,0,0.566896915435791,63,control
3,2371418,0.02124485178783594,0.01014187838882207,0.02919316468541926,0,0.6129453182220459,63,control
6,2453460,0.02137074822279979,0.01016987022012472,0.0294214166123783,0,0.6385349035263062,63,control
9,2378494,0.02134852209267036,0.01018708478659391,0.02935404338620161,0,0.5270437598228455,63,control
12,2381535,0.02123008804806194,0.01013091392815113,0.02922360366721161,0,0.6346561908721924,63,control
15,2419118,0.02125312524601624,0.01011413894593715,0.0292354488918401,0,0.6211691498756409,63,control
18,2409264,0.02173831944127205,0.01040420029312372,0.02988375122844283,0,0.5688398480415344,63,control
21,2391062,0.02133726143040535,0.01020899228751659,0.02929658733343439,0,0.6013466715812683,63,control
24,2394106,0.02124194747585453,0.01014187838882207,0.02921722163416901,0,0.566896915435791,63,control
27,2459997,0.02136939091291919,0.01023094449192285,0.02939836398618968,0,0.6013466715812683,63,control
30,2394623,0.02121283012635675,0.01010505203157663,0.02910891181912593,0,0.5385596752166748,63,control
33,2444496,0.02121872254068487,0.01014131773263216,0.02918673062786244,0,0.568489134311676,63,control
36,2388672,0.0213098843217988,0.01018039416521787,0.0292673640170365,0,0.646826446056366,63,control
39,2406772,0.02126910286886265,0.0101230964064598,0.02923438157285873,0,0.5983755588531494,63,control
42,2454194,0.02127486653782892,0.01022696401923894,0.02927453350295694,0,0.618377149105072,63,control
45,2401600,0.02126460764124635,0.01012439280748367,0.02925551178364373,0,0.566896915435791,63,control
48,2403392,0.02127171145743188,0.01014187838882207,0.02928141776861032,0,0.6073858141899109,63,control
0,1975418,0.02134245331530737,0.01027282048016786,0.02936590572306609,0,0.6092793345451355,64,control
3,2017610,0.02110637425857521,0.01009692717343568,0.02906781018919495,0,0.566896915435791,64,control
6,1975298,0.0213863846820958,0.01027808338403701,0.02941663236147641,0,0.566896915435791,64,control
9,2037726,0.02144531390423963,0.01025635842233896,0.02949272271102842,0,0.6153317093849182,64,control
12,2013480,0.02136090162198371,0.01025223731994628,0.02947014459171117,0,0.566896915435791,64,control
15,2031960,0.02100700238929938,0.01005160063505172,0.02895308000363799,0,0.5744583010673523,64,control
18,2024913,0.02117076476935801,0.01010742131620645,0.02916016890483144,0,0.566896915435791,64,control
21,2012122,0.0215652258649804,0.01026951801031828,0.02970064470661972,0,0.6841755509376526,64,control
24,2053408,0.02119600739583266,0.01016456726938486,0.02920321513935471,0,0.814883291721344,64,control
27,2022020,0.02127197280228193,0.01014187838882207,0.02927522738179555,0,0.6009652614593506,64,control
30,2029194,0.02133908876457589,0.01020816527307033,0.02926235264028978,0,0.566896915435791,64,control
33,2013557,0.02135752842420235,0.01023045368492603,0.0294560165464231,0,0.9736931324005128,64,control
36,2054892,0.02136479828990668,0.01026951801031828,0.02945425951227603,0,0.710858941078186,64,control
39,2036313,0.02142765754744173,0.01024114899337291,0.02948663487948851,0,0.6546949148178101,64,control
42,2022059,0.02167280124251582,0.01041232794523239,0.02983979555712858,0,0.508063018321991,64,control
45,2005040,0.02123229347394671,0.01014187838882207,0.02933974023413208,0,0.5434810519218445,64,control
48,2103948,0.02125696490647059,0.01015836931765079,0.02931472403841081,0,0.6546949148178101,64,control
0,1888650,0.02116596187990815,0.01013091392815113,0.0291568035886367,0,0.6325857043266296,65,control
3,1880506,0.02113158028585274,0.0101256426423788,0.0290195984471696,0,0.566896915435791,65,control
6,1865172,0.02178875706413377,0.01043082028627395,0.0299941834815362,0,0.5477128624916077,65,control
9,1869300,0.02116932955395946,0.01011206209659576,0.02918012523366592,0,0.5065930485725403,65,control
12,1865280,0.02142955526819353,0.01021142024546861,0.02953449148241194,0,0.5954251289367676,65,control
15,1903031,0.02141640480209473,0.01029190607368946,0.02939787379458765,0,0.566896915435791,65,control
18,1899332,0.02130273297098901,0.01021051127463579,0.02932639801795737,0,0.5744583010673523,65,control
21,1865056,0.02137973893116148,0.01021142024546861,0.02944806313761412,0,0.5737672448158264,65,control
24,1865172,0.02124203652239774,0.01009745616465807,0.02923254292948402,0,0.7047480344772339,65,control
27,1858752,0.02150205880577565,0.01027808338403701,0.02960933323618121,0,0.646826446056366,65,control
30,1910754,0.02147739865955501,0.01030264981091022,0.02975077662891854,0,0.6129453182220459,65,control
33,1914780,0.0213125195813482,0.01017220877110958,0.02936856516200966,0,0.5516616702079773,65,control
36,1872286,0.02116838249826633,0.01011668425053358,0.02915885944613336,0,0.6082150340080261,65,control
39,1855944,0.02149925083233573,0.0102332467213273,0.02963292490238304,0,0.5120977163314819,65,control
42,1869966,0.0216492442412701,0.01037773583084344,0.0298005802173176,0,0.5099915862083435,65,control
45,1888788,0.02143207172897268,0.0102769611403346,0.02945341946807437,0,0.566896915435791,65,control
48,1889010,0.02118942798363436,0.01010905671864748,0.02915346801612801,0,0.5744583010673523,65,control
0,2844276,0.02132872286090835,0.01018881052732467,0.02956360827236102,0,1.3564149141311646,66,control
3,2854254,0.02120414041587449,0.0101388618350029,0.02923153482233129,0,0.566896915435791,66,control
6,2941029,0.02145627748621556,0.01024166215211153,0.02968166708681629,0,0.7023460865020752,66,control
9,2886597,0.0215149319122542,0.01028378121554851,0.0297632599959893,0,0.7954317927360535,66,control
12,2867936,0.02151067992107304,0.01019439473748207,0.03168562628989148,0,2.664490222930908,66,control
15,2802212,0.02127066843049204,0.01012286450713872,0.02938259023871318,0,1.067557692527771,66,control
18,2847566,0.02131216696909193,0.01018039416521787,0.02970828163357441,0,1.089733004570007,66,control
21,2936082,0.02172094021379816,0.01039798650890588,0.03058606444629914,0,1.963573694229126,66,control
24,2886501,0.02199820272224529,0.01024166215211153,0.05211662624169992,0,13.58989429473877,66,control
27,2891700,0.02144596236760318,0.01025223731994628,0.02999566298174265,0,1.5153872966766355,66,control
30,2900208,0.0217913112576406,0.01041570212692022,0.03028427196726958,0,1.0859735012054443,66,control
33,2918942,0.02132981283758331,0.01020199060440063,0.02940304625436978,0,0.7543994188308716,66,control
36,2927520,0.02150778226059581,0.01025635842233896,0.03024385838508452,0,1.951233148574829,66,control
39,2862839,0.0217199243477786,0.01028073485940694,0.03324211687984394,0,3.5312089920043945,66,control
42,2927517,0.02142883233986173,0.01019003521651029,0.03074707984997765,0,2.2237861156463623,66,control
45,2812280,0.02182010794575513,0.01028747949749231,0.03315627652846941,0,3.1869442462921143,66,control
48,2893376,0.02132582055949694,0.01019003521651029,0.02947179323445947,0,0.8052272796630859,66,control
0,2876306,0.02128567498486766,0.01016408950090408,0.02941759565042919,0,0.9183236360549928,67,control
3,2929745,0.02128233578403348,0.01018881052732467,0.02939365725831976,0,0.8991059064865112,67,control
6,2935092,0.02188481857442626,0.01050586812198162,0.03039755166954365,0,0.6767114400863647,67,control
9,2932176,0.02147178316717699,0.01027308963239193,0.02991709224138662,0,1.35113525390625,67,control
12,2895200,0.02123707411874316,0.01013091392815113,0.02935090455828764,0,0.8318734765052795,67,control
15,2905650,0.02133829804357271,0.01019916590303182,0.02945571545979553,0,0.6605192422866821,67,control
18,2903064,0.02156324914638187,0.01032058987766504,0.0298105321941803,0,1.1192753314971924,67,control
21,2863440,0.02130928509442144,0.01019003521651029,0.02932457774816029,0,0.6013466715812683,67,control
24,2911824,0.02124837407437953,0.01019003521651029,0.02931827732780482,0,0.6604583859443665,67,control
27,2901100,0.02132117754962589,0.01028182078152895,0.02934703900684039,0,0.6116190552711487,67,control
30,2944732,0.02122744632396629,0.01018039416521787,0.02927852265104139,0,0.7172186374664307,67,control
33,2910250,0.02141120415861069,0.0102739417925477,0.02955343302345326,0,0.6612520217895508,67,control
36,2949386,0.0212106115203543,0.01018666569143533,0.02920798011747862,0,0.6748512983322144,67,control
39,2909280,0.02134221759245538,0.01022313255816698,0.02946716317509918,0,0.7198672294616699,67,control
42,2957217,0.02147382721412406,0.01034922525286674,0.02955593788155426,0,0.566896915435791,67,control
45,2884268,0.02141851575070023,0.01021051127463579,0.02986653110733171,0,1.3342828750610352,67,control
48,2844794,0.02123668517385359,0.01016768999397754,0.02926841245714289,0,0.8037904500961304,67,control
0,1793000,0.02125516722818369,0.01019003521651029,0.02932438519986379,0,0.5434810519218445,68,control
3,1787850,0.02146347208668618,0.01026341598480939,0.02945558903866346,0,0.499629259109497,68,control
6,1730767,0.02130105206092535,0.01015836931765079,0.02943114586052596,0,0.6416388154029846,68,control
9,1783671,0.02157862553793192,0.01036267355084419,0.02965776124192139,0,0.5396232604980469,68,control
12,1758900,0.02123681392079103,0.01015910878777504,0.02921882818625283,0,0.5961170792579651,68,control
15,1795071,0.02123985953015127,0.01014550123363733,0.02923205334102882,0,0.5856093168258667,68,control
18,1797797,0.02153223350511257,0.01032416895031929,0.02953734431668171,0,0.6129453182220459,68,control
21,1753544,0.02141804591617473,0.01027059368789196,0.02950434430923364,0,0.5744583010673523,68,control
24,1742039,0.02133042876285862,0.01021558325737714,0.02935124040329468,0,0.5943856835365295,68,control
27,1755141,0.0211870101333512,0.01013121847063303,0.0292025458846575,0,0.6458254456520081,68,control
30,1767388,0.02128273502326783,0.01017665863037109,0.02935599605438317,0,0.6175940036773682,68,control
33,1761820,0.02115944036930055,0.01008074451237917,0.02918271158032024,0,0.7318944931030273,68,control
36,1770537,0.02117265682217437,0.01014487259089946,0.02910240884322848,0,0.566896915435791,68,control
39,1789460,0.02151783513502491,0.01036267355084419,0.0295393756319639,0,0.6897217631340027,68,control
42,1806924,0.02115376362449927,0.01009854767471551,0.02917354325277903,0,0.6841755509376526,68,control
45,1748356,0.02134781183962894,0.01019817870110273,0.02956062165233425,0,1.0192667245864868,68,control
48,1778532,0.02126042147056248,0.01018039416521787,0.02933419399487161,0,0.6096183061599731,68,control
0,2621788,0.02144480195204336,0.01018666569143533,0.03115258425835161,0,3.32114315032959,69,control
3,2651772,0.02121801139028689,0.01013748254626989,0.0292149654020289,0,0.566896915435791,69,control
6,2628882,0.0212739404896369,0.01013846974819898,0.02975323579834266,0,1.725272536277771,69,control
9,2684302,0.02152823486911561,0.0103092361241579,0.02971021513142534,0,0.6613544821739197,69,control
12,2630100,0.02139277549458951,0.01023707911372184,0.02945414770019481,0,0.5679451823234558,69,control
15,2672201,0.02137275925670789,0.01022043451666832,0.02950216220309599,0,0.6075363755226135,69,control
18,2631954,0.02213739825124196,0.01019003521651029,0.05699593533112173,0,11.6430082321167,69,control
21,2692305,0.0211900664859447,0.01010505203157663,0.02952627907630782,0,1.256719708442688,69,control
24,2657048,0.02159284829264701,0.01021746080368757,0.03496033978366678,0,4.90706729888916,69,control
27,2586342,0.02131330680299214,0.01014550123363733,0.02976088917087898,0,1.8958698511123655,69,control
30,2609084,0.02143590013579823,0.01026951801031828,0.02959094502710018,0,0.7924013733863831,69,control
33,2691234,0.02129142145117057,0.01019003521651029,0.02926916576690589,0,0.6841755509376526,69,control
36,2680986,0.02128846025338048,0.01018474344164133,0.02943747435095002,0,0.8107381463050842,69,control
39,2657124,0.02128534227804219,0.01019003521651029,0.02942642704341145,0,0.6587352156639099,69,control
42,2674158,0.02158114901963628,0.01039798650890588,0.02988957902949092,0,1.2616117000579834,69,control
45,2687540,0.02147025624423426,0.01033481676131486,0.02958122351669914,0,0.6288807392120361,69,control
48,2649943,0.02165414685799923,0.01016408950090408,0.03677724741059608,0,5.542492389678955,69,control
0,2942808,0.02115003751625441,0.01008739601820707,0.02933213488900389,0,1.4520727396011353,7,control
3,2915346,0.02112058793439697,0.01009854767471551,0.02909241453369869,0,1.0185216665267944,7,control
6,2934353,0.02140417183888748,0.01013091392815113,0.03174694104814188,0,3.5324831008911133,7,control
9,2956524,0.02169292440125916,0.01031966228038072,0.03334749521377614,0,3.4543771743774414,7,control
12,2960120,0.02127520610466884,0.01014976296573877,0.02952469330635813,0,1.3213341236114502,7,control
15,2877902,0.02163151671282717,0.01009680330753326,0.04714591651722531,0,9.061118125915527,7,control
18,2970342,0.0214587790958242,0.01029415894299745,0.02969411774580172,0,0.95337176322937,7,control
21,2982304,0.02154651628804884,0.01032442972064018,0.03005172776059809,0,1.9822570085525513,7,control
24,2942830,0.02134066334067161,0.01018492504954338,0.02942043379448238,0,0.646826446056366,7,control
27,2929190,0.02154206976407099,0.01028015464544296,0.03129489364934151,0,3.3845784664154053,7,control
30,2924051,0.0214947774598052,0.01028747949749231,0.02981281396434812,0,1.4686908721923828,7,control
33,2960090,0.02116548128770838,0.01014131773263216,0.02911887652376674,0,0.7000452876091003,7,control
36,2941750,0.02151366293602253,0.01022313255816698,0.03218218792544614,0,4.23032283782959,7,control
39,2915550,0.02121894009420071,0.01014187838882207,0.02932664476360045,0,0.9962626099586488,7,control
42,2949386,0.02145915510280268,0.01020075660198927,0.03054382049721737,0,2.820647716522217,7,control
45,2939048,0.02143242212695606,0.01018039416521787,0.03050123976264686,0,2.5459494590759277,7,control
48,2939004,0.0213255347943955,0.01017665863037109,0.02944162735241816,0,0.9836304783821106,7,control
0,3002613,0.02136303869452902,0.01022043451666832,0.02950980070414697,0,0.6841755509376526,70,control
3,2937267,0.0213483473044054,0.01017665863037109,0.02973420702964294,0,1.8825838565826416,70,control
6,2980670,0.02150384722783513,0.01025699637830257,0.02967696643787398,0,0.6747188568115234,70,control
9,2909475,0.02170537409938729,0.01025822572410106,0.03543086911579594,0,4.996028900146484,70,control
12,2936707,0.02123678211863761,0.01016700640320777,0.02926956645844684,0,0.6907082200050354,70,control
15,2914224,0.02131086532648884,0.01014187838882207,0.02939094440103314,0,0.562502920627594,70,control
18,2924818,0.02391890355106844,0.01020837761461734,0.1768220171530086,0,42.279823303222656,70,control
21,2932276,0.0213564812545397,0.01019968371838331,0.02952147482583133,0,0.8587638735771179,70,control
24,2969120,0.02127126300466796,0.01015836931765079,0.02927013520426957,0,0.5866675972938538,70,control
27,2899533,0.02130525303337242,0.01011159271001815,0.03043153487010237,0,3.0257821083068848,70,control
30,2942340,0.02130026266908359,0.01014187838882207,0.02937233983614038,0,0.9696136116981506,70,control
33,2954385,0.0218981025949304,0.0104068461805582,0.0348664164822256,0,4.540952205657959,70,control
36,2996686,0.02119314928904449,0.01012286450713872,0.02930833799255646,0,1.3515340089797974,70,control
39,2925312,0.02132613427289138,0.01016939245164394,0.02954574871697869,0,1.0105767250061035,70,control
42,3004320,0.02129186718515846,0.01016768999397754,0.02934766383214705,0,0.566896915435791,70,control
45,2975429,0.02153081238576205,0.01019290741533041,0.03383442313929011,0,3.760870695114136,70,control
48,2979396,0.02132638095681479,0.01011473406106233,0.03050363523188891,0,2.3576061725616455,70,control
0,2321032,0.02143014288853305,0.01018881052732467,0.03058075654615606,0,2.7313010692596436,71,control
3,2301145,0.02130696812757238,0.01018039416521787,0.02953971692355702,0,0.9399953484535216,71,control
6,2299640,0.0217098951431483,0.01035778131335973,0.0302238479729249,0,1.142754316329956,71,control
9,2320996,0.02128788678859873,0.01015533600002527,0.02955522336651901,0,1.0535545349121094,71,control
12,2287500,0.02127327144326689,0.01014877669513225,0.02972142760180087,0,1.9828145503997805,71,control
15,2311500,0.02178157717653073,0.01019067037850618,0.04491346236477504,0,9.13368320465088,71,control
18,2328660,0.02135041079626753,0.01017220877110958,0.02957507382286704,0,1.0929770469665527,71,control
21,2301189,0.02168247815992823,0.01041020359843969,0.0299346364013838,0,0.7799485325813293,71,control
24,2322252,0.02132979437526156,0.01019003521651029,0.02938610957909395,0,0.5343884229660034,71,control
27,2326968,0.02134612212139136,0.01020652055740356,0.02944064776409863,0,0.566896915435791,71,control
30,2275566,0.02122048564297336,0.01018039416521787,0.0292297643872089,0,0.6841755509376526,71,control
33,2316468,0.02181221906219459,0.01043082028627395,0.0300855629927519,0,0.7106826901435852,71,control
36,2276792,0.02104719615128658,0.01009745616465807,0.02904264797322886,0,0.6287680268287659,71,control
39,2314722,0.02131739254803496,0.01014187838882207,0.02940797258592433,0,0.5983755588531494,71,control
42,2285855,0.02149608921624868,0.0102332467213273,0.03162852413358463,0,2.8518989086151123,71,control
45,2262920,0.02120267735004647,0.01014908589422702,0.02917922630135306,0,0.6762163639068604,71,control
48,2269486,0.02115807410352016,0.0101230964064598,0.02915924540420486,0,0.5482248663902283,71,control
0,3139728,0.02137536294680128,0.01014187838882207,0.03126509607547144,0,3.7320094108581543,72,control
3,3118467,0.02142325992987804,0.01015228033065795,0.03271680648690948,0,5.045974254608154,72,control
6,3093960,0.0213369671278767,0.01017220877110958,0.02940615842990065,0,0.6129453182220459,72,control
9,3132611,0.02148982129756128,0.01021051127463579,0.03045771574657757,0,2.1224615573883057,72,control
12,3169478,0.02129402840677113,0.01021586917340755,0.02933739489356725,0,0.8252565860748291,72,control
15,3144600,0.02121311500717316,0.01013870444148779,0.02922700967051957,0,0.566896915435791,72,control
18,3086968,0.02135732786744987,0.01018816046416759,0.02954424553585121,0,0.960962176322937,72,control
21,3157680,0.02152037477321246,0.01028378121554851,0.02968825948985722,0,0.6841755509376526,72,control
24,3148808,0.02125784530853684,0.01016877964138984,0.02928171241872629,0,0.5911686420440674,72,control
27,3115056,0.02139641525651436,0.01016408950090408,0.03108719401675707,0,2.800954818725586,72,control
30,3180762,0.02163062453183737,0.01037773583084344,0.0298200456939529,0,0.6546949148178101,72,control
33,3164645,0.02142550430875305,0.01026761624962091,0.02971446497880514,0,1.0876634120941162,72,control
36,3134208,0.0214072231002974,0.01018474344164133,0.02993597770150659,0,1.629856824874878,72,control
39,3134208,0.02123642997613428,0.01015603635460138,0.02923186689091519,0,0.646826446056366,72,control
42,3160800,0.02149445656214479,0.01028378121554851,0.02991016563184043,0,1.172099232673645,72,control
45,3092232,0.02138935310791799,0.01019243616610765,0.029889289916653988,0,1.530234694480896,72,control
48,3120480,0.02134129609042392,0.0101961325854063,0.0293902302749075,0,0.566896915435791,72,control
0,2998668,0.0213281449065316,0.01018666569143533,0.02932287425043355,0,0.6841755509376526,73,control
3,3048032,0.02122387725928339,0.01015836931765079,0.02919590031146953,0,0.5796167254447937,73,control
6,3051784,0.02121185805109156,0.01018553040921688,0.02916492381950443,0,0.6612595319747925,73,control
9,3048192,0.02121783741130613,0.01015943381935358,0.02922154665656285,0,0.6984580159187317,73,control
12,3034395,0.02118722354683558,0.01018039416521787,0.02922103948306333,0,0.9015325307846068,73,control
15,3055530,0.0212414429901532,0.01014976296573877,0.02926890750652151,0,0.5679451823234558,73,control
18,3025210,0.02121959179648104,0.01009745616465807,0.02928967634628836,0,0.6129453182220459,73,control
21,2999106,0.02130735173524011,0.01018039416521787,0.02932976064447277,0,0.6402634382247925,73,control
24,3009549,0.02129393050711238,0.01016456726938486,0.02935554228491123,0,0.6209637522697449,73,control
27,3050190,0.02136837188101106,0.01020899228751659,0.02945285892346535,0,0.772180438041687,73,control
30,3056196,0.02183349762416316,0.01048275269567966,0.03000891069062265,0,0.564775824546814,73,control
33,3079541,0.02139606620096369,0.01023812312632799,0.02938955027622467,0,0.5117484331130981,73,control
36,3018306,0.02127060318256311,0.01017665863037109,0.02930579816271301,0,0.5856934785842896,73,control
39,2929122,0.02119536131384637,0.01011668425053358,0.02915640988521444,0,0.574341893196106,73,control
42,3044944,0.02143673330628855,0.01026951801031828,0.02954424608826228,0,0.7362948656082153,73,control
45,3024990,0.02144749843622919,0.01024587079882621,0.02950412884701914,0,0.7106826901435852,73,control
48,3034515,0.0214513076192266,0.01024072710424661,0.02952269566674732,0,0.566896915435791,73,control
0,2476747,0.02141895183769894,0.01024425867944955,0.02986396647830313,0,1.219196915626526,74,control
3,2459886,0.02131882647456167,0.01017491333186626,0.02948167278583689,0,0.918965756893158,74,control
6,2376112,0.02132507521991986,0.01013870444148779,0.02945917415294377,0,0.6321313381195068,74,control
9,2437862,0.02175142053908666,0.01044916734099388,0.03000405061711931,0,0.7124431729316711,74,control
12,2475560,0.021469403824900882,0.01028378121554851,0.02975286428296235,0,0.8827241063117981,74,control
15,2500272,0.02135494162088677,0.01018605288118124,0.02958013073397975,0,0.7551798224449158,74,control
18,2415414,0.02151139610071974,0.01022313255816698,0.03102660509570647,0,2.5825719833374023,74,control
21,2438100,0.02141827770029304,0.01023045368492603,0.029554722034258,0,0.9340322613716124,74,control
24,2425426,0.02122649958647475,0.01013798452913761,0.02929513930868381,0,0.6273566484451294,74,control
27,2397300,0.02127193096531469,0.01009854767471551,0.02962438392849128,0,1.3291583061218262,74,control
30,2447604,0.02162062546382336,0.0103092361241579,0.03116183688460953,0,3.12469482421875,74,control
33,2441100,0.02148427734260284,0.01024753227829933,0.03002920032125816,0,1.1917519569396973,74,control
36,2441250,0.02127305913430205,0.01015572156757116,0.02942704948047187,0,0.7653589248657227,74,control
39,2420560,0.02248288779795786,0.01018943451344966,0.08208180621967322,0,18.07926368713379,74,control
42,2444070,0.02152098516976574,0.01029190607368946,0.02991563486413085,0,1.2779126167297363,74,control
45,2439675,0.02229327696537825,0.01054205652326345,0.03818393270351983,0,5.865283966064453,74,control
48,2505664,0.02137415585002474,0.01025582943111658,0.02944925180002516,0,0.6270297765731812,74,control
0,2941680,0.02132399976440806,0.01017491333186626,0.02936402119556657,0,0.625591516494751,75,control
3,3040240,0.02128469197517213,0.01018039416521787,0.02929585896252603,0,0.527621328830719,75,control
6,3020475,0.02125821791060419,0.01016700640320777,0.02924579075613557,0,0.955002784729004,75,control
9,2928926,0.02145563647821122,0.01027532387524843,0.02950853346233718,0,0.5754531621932983,75,control
12,2978910,0.02126175413931424,0.01015228033065795,0.02927970771705918,0,0.5708463191986084,75,control
15,3061716,0.02110769603928521,0.01009680330753326,0.02913317625153527,0,0.6841755509376526,75,control
18,3001500,0.0211957381576696,0.01014187838882207,0.02912955999099857,0,0.6841755509376526,75,control
21,2962750,0.02148740305147081,0.01025258004665374,0.02958736592576284,0,0.6602196097373962,75,control
24,2993638,0.02110452890833041,0.01009680330753326,0.02902492388838719,0,0.5744583010673523,75,control
27,2985308,0.02150017260246006,0.01029190607368946,0.02966390166525353,0,0.6619813442230225,75,control
30,3023968,0.02146299133381837,0.01025426480919122,0.02951628649979703,0,0.657128095626831,75,control
33,2928582,0.02136658983557862,0.01018474344164133,0.02941678407193457,0,0.566896915435791,75,control
36,2959700,0.02129285997361426,0.01019003521651029,0.02927323913550989,0,0.5799271464347839,75,control
39,3024990,0.02118762836495467,0.01007654145359993,0.02922132339729229,0,0.566896915435791,75,control
42,2993760,0.02130550278181358,0.01016545295715332,0.02929828984300792,0,0.566896915435791,75,control
45,3002613,0.02131721060225556,0.01018039416521787,0.02941995805534899,0,0.7624427080154419,75,control
48,2983280,0.02137374308531657,0.01020075660198927,0.02943293752191894,0,0.8029441237449646,75,control
0,2426208,0.02136553242976411,0.01022313255816698,0.02956512684013146,0,0.9224653840065002,76,control
3,2484162,0.02129095369070409,0.01015836931765079,0.02930348068806025,0,0.6841755509376526,76,control
6,2511549,0.0216631176817479,0.01037773583084344,0.02992828428720679,0,0.6330180168151855,76,control
9,2396370,0.02127853310701736,0.01016545295715332,0.02932466166508712,0,0.9085556864738464,76,control
12,2484422,0.02132248739739248,0.01027532387524843,0.02937695252644615,0,0.566896915435791,76,control
15,2424246,0.02124215264487643,0.01017220877110958,0.02926943733963997,0,0.9131545424461364,76,control
18,2484120,0.02135330555421529,0.01025634631514549,0.02948758183243402,0,0.8722015023231506,76,control
21,2472250,0.02136646349479446,0.01021837629377842,0.02940506990815,0,0.6129453182220459,76,control
24,2480478,0.02110852536942619,0.01005160063505172,0.02918298435808053,0,1.267905831336975,76,control
27,2511496,0.0213376339924001,0.0102332467213273,0.02934651539477492,0,0.5744583010673523,76,control
30,2480038,0.0212384471852442,0.01014846842736005,0.02922898819395868,0,0.566896915435791,76,control
33,2476251,0.02146493529066283,0.01019003521651029,0.03223271731957364,0,3.4730594158172607,76,control
36,2517608,0.02134721889772342,0.01025635842233896,0.02943813982320352,0,0.631050169467926,76,control
39,2481208,0.02216547987222294,0.01015603635460138,0.06296863638217742,0,12.82270622253418,76,control
42,2452362,0.0226441904067724,0.01027808338403701,0.08443884550875687,0,20.241565704345703,76,control
45,2428892,0.0224889950831741,0.01016939245164394,0.08749779075852959,0,21.281953811645508,76,control
48,2488000,0.02122667467428553,0.01018039416521787,0.02922855513477386,0,0.7098379731178284,76,control
0,1853730,0.02121034878347182,0.01018514018505811,0.02922177358483626,0,0.6129453182220459,77,control
3,1842048,0.02128039566418888,0.01018881052732467,0.02932409727373062,0,0.6841755509376526,77,control
6,1868399,0.02129580085162144,0.01021740306168794,0.02931288599435888,0,0.566896915435791,77,control
9,1847880,0.02148092383429123,0.01024690363556146,0.02960983363868105,0,0.6571735143661499,77,control
12,1859410,0.02132891115621752,0.01021051127463579,0.02927901760782197,0,0.5265645980834961,77,control
15,1858095,0.02140455491258338,0.01028631348162889,0.02939533596107372,0,0.7047480344772339,77,control
18,1891890,0.02113162610978312,0.01013091392815113,0.02911092540950884,0,0.566896915435791,77,control
21,1854972,0.02107646718081758,0.01008398830890655,0.0289805737160645,0,0.5679126381874084,77,control
24,1842766,0.02129481552961907,0.01017491333186626,0.02933653397557359,0,0.6490405201911926,77,control
27,1848704,0.02126376312059071,0.01017220877110958,0.02925920241270681,0,0.6018474102020264,77,control
30,1861056,0.02134307796617086,0.01017883140593767,0.02945487187011719,0,0.566896915435791,77,control
33,1848352,0.02135065264073277,0.01027576904743909,0.02931029413743782,0,0.566896915435791,77,control
36,1869488,0.02130562004088298,0.01013091392815113,0.02935184452067714,0,0.5136807560920715,77,control
39,1890351,0.02131328850021283,0.01020075660198927,0.02940698951523809,0,0.6075363755226135,77,control
42,1844381,0.02134182607630855,0.01023707911372184,0.0293533353652049,0,0.59593266248703,77,control
45,1864654,0.02144524151996727,0.0102389482781291,0.02947570541940438,0,0.5065930485725403,77,control
48,1852340,0.02122610648096492,0.01018039416521787,0.02919959765099498,0,0.566896915435791,77,control
0,2906838,0.02118697185699995,0.01018039416521787,0.02915419672693877,0,0.5648208260536194,78,control
3,2855316,0.02129127129067066,0.01018709596246481,0.02932927352647513,0,0.7106826901435852,78,control
6,2907398,0.02142410531806586,0.0101961325854063,0.02964237065010545,0,0.8527229428291321,78,control
9,2933280,0.02132313321775099,0.01019003521651029,0.02936649584916644,0,0.6043775081634521,78,control
12,2944368,0.02143453747881276,0.01027748547494411,0.02953781770413549,0,0.7028321623802185,78,control
15,2959632,0.02116505538107436,0.01014976296573877,0.02907312255026061,0,0.6538751125335693,78,control
18,2851352,0.02138713532784433,0.01021051127463579,0.02944372997642545,0,0.540640115737915,78,control
21,2924880,0.0212531855660137,0.01014415733516216,0.029261861143614,0,0.566896915435791,78,control
24,2920281,0.02125526944197714,0.01018666569143533,0.02932438467421489,0,0.6470679640769958,78,control
27,2927252,0.02126925434099344,0.01018526498228311,0.02929000771859495,0,0.6841755509376526,78,control
30,2902460,0.02124503117801968,0.01016700640320777,0.02922624034578271,0,0.564775824546814,78,control
33,2933073,0.0212807605368997,0.01011402159929275,0.02938137925202499,0,0.5424096584320068,78,control
36,2874015,0.02122105472742804,0.01011653337627649,0.02927438196810706,0,0.6252627968788147,78,control
39,2902832,0.02129476134750433,0.01017491333186626,0.0293083183815319,0,0.5744583010673523,78,control
42,2917640,0.02139671725805201,0.01022058073431253,0.02948441919785397,0,0.9292086958885192,78,control
45,2853904,0.0214685273890474,0.01029190607368946,0.02961857192689639,0,0.7255646586418152,78,control
48,2906568,0.02125239552268867,0.01015836931765079,0.02932787879355193,0,0.566896915435791,78,control
0,2042600,0.02111863924476813,0.01010392140597105,0.02903710339237029,0,0.6841755509376526,79,control
3,1992960,0.0213752436134497,0.01019003521651029,0.02946095623654109,0,0.5866675972938538,79,control
6,2043744,0.02117338160077947,0.01014976296573877,0.02915871225013355,0,0.5447705984115601,79,control
9,2031450,0.02155678262905417,0.01032416895031929,0.02971351422013489,0,0.6345237493515015,79,control
12,2056032,0.02136722039020317,0.01027831714600324,0.02946416706100702,0,0.6767114400863647,79,control
15,2050480,0.02122811940345449,0.0102225998416543,0.02923882997268671,0,0.566896915435791,79,control
18,2013264,0.02140287625650801,0.0101961325854063,0.02950559882255949,0,0.5367595553398132,79,control
21,2024304,0.02133098341420024,0.01020268071442842,0.02936508439865455,0,0.6917410492897034,79,control
24,2074228,0.02112806087567402,0.01011848263442516,0.02904488318368638,0,0.514768123626709,79,control
27,2005480,0.0212030349805682,0.01014187838882207,0.02912941637524152,0,0.566896915435791,79,control
30,2074390,0.02128707646444511,0.01021051127463579,0.02931173576953884,0,0.5214882493019104,79,control
33,2082936,0.02150221183636548,0.0103092361241579,0.02966467504927122,0,0.6546949148178101,79,control
36,2023905,0.02156674593626004,0.01031815912574529,0.02978970954292021,0,0.566896915435791,79,control
39,2067003,0.02139568926389787,0.01022313255816698,0.02947717747986086,0,0.6633915305137634,79,control
42,2037336,0.02127043528590333,0.01014976296573877,0.02931262603429533,0,0.5478178858757019,79,control
45,2073071,0.02123663713786992,0.0101961325854063,0.02922043008279151,0,0.6009652614593506,79,control
48,2083140,0.0211957088629329,0.01013091392815113,0.02919989429748421,0,0.5237153172492981,79,control
0,2532274,0.02145562125910605,0.01020899228751659,0.03153175145066311,0,2.807419776916504,8,control
3,2522624,0.02124276638491539,0.01015673950314521,0.02924514952340965,0,0.7454280257225037,8,control
6,2576420,0.02122808296506667,0.01017220877110958,0.02916521403306322,0,0.5370898842811584,8,control
9,2575515,0.0215049620370813,0.01025223731994628,0.03110776234968058,0,2.440969944000244,8,control
12,2550579,0.02148435914363524,0.01018553040921688,0.03211616073625135,0,3.5765459537506104,8,control
15,2562456,0.02152079281402713,0.01020899228751659,0.03093637546692212,0,2.700059652328491,8,control
18,2529840,0.02137177447977164,0.01015836931765079,0.03166310135123776,0,4.163603782653809,8,control
21,2600900,0.02287644232962765,0.01032442972064018,0.09866345387764872,0,19.866865158081055,8,control
24,2568456,0.02118082399559907,0.01015533600002527,0.02918409640785101,0,0.6166317462921143,8,control
27,2642436,0.02163760928422744,0.01028386875987053,0.03389914318617882,0,3.840245723724365,8,control
30,2619358,0.02151868038806586,0.01036149635910987,0.02971037270512971,0,0.6315374970436096,8,control
33,2572938,0.02130331245894765,0.0101838894188404,0.02964943037008637,0,1.2587827444076538,8,control
36,2594700,0.02113545354562171,0.01009680330753326,0.02908746374287657,0,0.566896915435791,8,control
39,2621375,0.02113233236918705,0.01010587159544229,0.02909296329884412,0,0.6287680268287659,8,control
42,2582064,0.02127844061438663,0.01014187838882207,0.03095319585821638,0,2.62477445602417,8,control
45,2627284,0.02151684996483338,0.01018039416521787,0.03224265601838817,0,3.0547173023223877,8,control
48,2568242,0.02125161147592492,0.01009745616465807,0.0292160818457575,0,0.6129453182220459,8,control
0,2340819,0.02135834242603572,0.01027111522853374,0.02941093238432773,0,0.5754531621932983,80,control
3,2333488,0.02119513026010792,0.01009854767471551,0.02925028746063237,0,0.7454280257225037,80,control
6,2400860,0.02142553765159557,0.01027532387524843,0.02952668554852267,0,0.8129153251647949,80,control
9,2314852,0.02170265614783403,0.01043082028627395,0.0299075352655019,0,0.6841755509376526,80,control
12,2334255,0.021157287901227,0.01009854767471551,0.02918148422313254,0,0.6129453182220459,80,control
15,2348514,0.02135138848103898,0.01022313255816698,0.02937684767215027,0,0.566896915435791,80,control
18,2339340,0.02147988757690756,0.01028510183095932,0.02960416574377261,0,0.6112286448478699,80,control
21,2369130,0.02132981158671608,0.0102657014504075,0.02935077723044438,0,0.6633915305137634,80,control
24,2307325,0.02128410284732714,0.01014187838882207,0.02929653633053972,0,0.5744583010673523,80,control
27,2372634,0.0211674215191516,0.01015533600002527,0.02910255420685675,0,0.566896915435791,80,control
30,2302386,0.02131803087034253,0.01019003521651029,0.02941088152901439,0,0.7551798224449158,80,control
33,2337480,0.02113206266934443,0.01009745616465807,0.02907913462744838,0,0.566896915435791,80,control
36,2317500,0.02121609037399403,0.01014187838882207,0.02920912066343552,0,0.5679451823234558,80,control
39,2340500,0.02126787311311426,0.01021142024546861,0.02918609812774199,0,0.5434810519218445,80,control
42,2363850,0.0211820754420526,0.01010818034410476,0.02916192549242832,0,0.566896915435791,80,control
45,2326878,0.02148824575755318,0.0103092361241579,0.02959562165716696,0,0.5744583010673523,80,control
48,2333200,0.02115344854385411,0.01015533600002527,0.02909489992818751,0,0.6073858141899109,80,control
0,2325960,0.02122471624160851,0.01014187838882207,0.02928198549712951,0,0.5679451823234558,81,control
3,2341845,0.02109331715921296,0.01009680330753326,0.02905596097238821,0,0.6822298765182495,81,control
6,2307888,0.02170425994868241,0.01040181051939725,0.02990923517278509,0,0.7454280257225037,81,control
9,2360769,0.02136422719205919,0.01025845110416412,0.02937769004987987,0,0.5193808674812317,81,control
12,2324025,0.02162335053490112,0.01034712325781583,0.02988139457383092,0,1.6219078302383425,81,control
15,2373456,0.02133883760459029,0.01024303305894136,0.02937940747262547,0,0.566896915435791,81,control
18,2404001,0.02187736348311638,0.01050572656095028,0.03014345191627965,0,0.7106826901435852,81,control
21,2343770,0.02153672363390249,0.01036267355084419,0.02965313573962789,0,0.6683699488639832,81,control
24,2387640,0.02142082883740121,0.01025842409580946,0.02985031977369644,0,1.6422302722930908,81,control
27,2341728,0.02131532164339215,0.01019003521651029,0.02937908875590829,0,0.6129967570304871,81,control
30,2348316,0.0211628255401132,0.01009680330753326,0.02909475940212337,0,0.5866675972938538,81,control
33,2308284,0.02165488951797594,0.01030545681715011,0.03018697120096307,0,1.276038646697998,81,control
36,2331696,0.02144906868281003,0.01021237671375274,0.02961875675513412,0,0.7408366203308105,81,control
39,2368938,0.02140076992564878,0.01026386860758066,0.02944999504144741,0,0.7368083000183105,81,control
42,2358071,0.02127467236094132,0.01017153263092041,0.0292261268820243,0,0.8806124329566956,81,control
45,2333760,0.02139258060530477,0.01026951801031828,0.02949020692026053,0,0.7240395545959473,81,control
48,2324841,0.02111698355745796,0.01009745616465807,0.02910978301170268,0,0.7465973496437073,81,control
0,2148832,0.02354394554875668,0.01022313255816698,0.12853427746088858,0,27.825674057006836,82,control
3,2126760,0.02116696459046361,0.01009745616465807,0.02926357209356764,0,0.664564311504364,82,control
6,2104105,0.0219226918440792,0.01040171459317207,0.03564648168958225,0,4.685547828674316,82,control
9,2132680,0.0215442594144123,0.01029190607368946,0.02969959594678401,0,0.6035445332527161,82,control
12,2124096,0.02142929226145551,0.01014187838882207,0.03362520577226189,0,4.456573009490967,82,control
15,2079363,0.02133235251929739,0.01016408950090408,0.02939816057320277,0,0.564775824546814,82,control
18,2132928,0.02120803983147961,0.01012286450713872,0.02917153890234481,0,0.5420095920562744,82,control
21,2151893,0.021956732036358,0.01035316754132509,0.0375075621978833,0,5.971020698547363,82,control
24,2116184,0.02125037414703181,0.01014106068760156,0.02939960218806094,0,1.016038417816162,82,control
27,2141676,0.02126114617891126,0.01013671047985553,0.02933032351986572,0,0.6904447078704834,82,control
30,2139969,0.02162941534180231,0.01038429047912359,0.02975813052928572,0,0.5965098142623901,82,control
33,2128152,0.02117522069102597,0.01011014822870493,0.02919496296111054,0,0.5533496737480164,82,control
36,2111088,0.02140147456784281,0.01017417944967746,0.03081361896089969,0,2.4135804176330566,82,control
39,2154663,0.02128127902269313,0.01022313255816698,0.02923741436877584,0,0.5524358153343201,82,control
42,2138526,0.02141996644416209,0.01018492504954338,0.03181501979719187,0,3.9978301525115967,82,control
45,2110425,0.0213596990647564,0.01019003521651029,0.0294914162151922,0,0.6855035424232483,82,control
48,2102100,0.02114409942211469,0.01009680330753326,0.02913831866479248,0,0.5136807560920715,82,control
0,2331533,0.02173760100809827,0.01022406760603189,0.03570009227070483,0,3.730863094329834,83,control
3,2359260,0.02126625631747499,0.01013350114226341,0.02966367430979195,0,1.361837387084961,83,control
6,2305686,0.0212075527779149,0.01009680330753326,0.02916021871926857,0,0.6539978981018066,83,control
9,2324058,0.02165180845615344,0.01036267355084419,0.0298804222604315,0,0.6166581511497498,83,control
12,2308860,0.02116550326489337,0.01009680330753326,0.02925062928512579,0,0.8967703580856323,83,control
15,2346828,0.02134541541701185,0.01010243501514196,0.03076108758727533,0,2.5433545112609863,83,control
18,2352900,0.02128093713872438,0.01020399667322635,0.02938698583870687,0,0.8317540287971497,83,control
21,2313416,0.02138373202216149,0.01018553040921688,0.0302630277916841,0,1.8373368978500368,83,control
24,2336040,0.02149390827837439,0.01019019726663827,0.03165285113414155,0,2.653566598892212,83,control
27,2340875,0.02128790397508738,0.01014187838882207,0.02961023936638386,0,1.3989484310150146,83,control
30,2296738,0.02169519531245541,0.01037773583084344,0.02985363135385317,0,0.7368083000183105,83,control
33,2308790,0.02156060132156932,0.01027532387524843,0.02969597773470429,0,0.6564168930053711,83,control
36,2356144,0.02120579612191601,0.01017220877110958,0.02913384513578211,0,0.5861449837684631,83,control
39,2373140,0.0215631628753658,0.01036895718425512,0.02986241624883841,0,1.3616918325424194,83,control
42,2319480,0.02157445743425233,0.01030199322849512,0.03047044173091,0,1.797175645828247,83,control
45,2339314,0.02123629652084546,0.01013784483075141,0.02973314890749533,0,1.77731192111969,83,control
48,2376066,0.02119525171644769,0.01014187838882207,0.02917004959458027,0,0.7748263478279114,83,control
0,2771549,0.02117969045641672,0.01013434585183858,0.02913587474946742,0,0.566896915435791,84,control
3,2827828,0.02125448101025828,0.01024072710424661,0.02931243733090533,0,0.566896915435791,84,control
6,2812229,0.02128643833459545,0.01021746080368757,0.02929927218056865,0,0.6153317093849182,84,control
9,2765169,0.02145876964332384,0.01029190607368946,0.02953352510852459,0,0.5859276652336121,84,control
12,2763834,0.02133005253691114,0.01023594476282596,0.02931579811721694,0,0.5424096584320068,84,control
15,2758821,0.02126026898634032,0.01015533600002527,0.02929641933916489,0,0.733624279499054,84,control
18,2803938,0.02122864646529182,0.01016939245164394,0.02924964653346569,0,0.7454280257225037,84,control
21,2803678,0.02119688516436782,0.01016939245164394,0.02922509475882208,0,0.6129453182220459,84,control
24,2777150,0.02146264243003448,0.01027032081037759,0.02951190043959013,0,0.5861449837684631,84,control
27,2780544,0.02120811867483574,0.01015228033065795,0.02921466596475223,0,0.6841755509376526,84,control
30,2778840,0.02141121399026787,0.01025842409580946,0.02948143773233679,0,0.6153317093849182,84,control
33,2743486,0.02125485578200348,0.01018474344164133,0.029304874091104,0,0.566896915435791,84,control
36,2752160,0.02119572314680426,0.01014415733516216,0.02919303846900851,0,0.5702458024024963,84,control
39,2720508,0.02113066714153413,0.01008105464279651,0.02911671588971964,0,0.6773101091384888,84,control
42,2750592,0.02128361596929555,0.01017220877110958,0.02936034330196977,0,0.6686710119247437,84,control
45,2854380,0.02153557012571877,0.01031601335853338,0.02970383274860086,0,0.566896915435791,84,control
48,2697750,0.02111460178370625,0.01009680330753326,0.02905775358818655,0,0.566896915435791,84,control
0,2099520,0.02134098719580001,0.01020367816090583,0.02927974096459756,0,0.566896915435791,85,control
3,2090340,0.02151990781338592,0.01017491333186626,0.03202442844768213,0,3.971721172332764,85,control
6,2126622,0.02132286679824499,0.0101961325854063,0.0293445686794114,0,0.673716127872467,85,control
9,2116769,0.02122984885641359,0.01014187838882207,0.02921062768359116,0,0.6129453182220459,85,control
12,2067403,0.02122566661740819,0.01010392140597105,0.02924903008433096,0,0.693314254283905,85,control
15,2107679,0.02123514817061176,0.01018515881150961,0.0292809820882096,0,0.6129453182220459,85,control
18,2096583,0.02151612824655654,0.01028092671185731,0.02966484318086104,0,0.6129453182220459,85,control
21,2105337,0.02181051821344718,0.01042639836668968,0.03027153982600934,0,1.1890919208526611,85,control
24,2042870,0.02143856898022982,0.01019003521651029,0.03045475514428292,0,1.9229605197906496,85,control
27,2102496,0.0212135675481512,0.01009745616465807,0.02924710274788016,0,0.6416125297546387,85,control
30,2061840,0.02121002856816384,0.01007644645869731,0.0291839875717752,0,0.8104247450828552,85,control
33,2100918,0.02114512109469901,0.01008653361350298,0.02916130264159038,0,0.5478178858757019,85,control
36,2064773,0.02125626711695305,0.01010818034410476,0.02923282156331153,0,0.5528262853622437,85,control
39,2089198,0.02133018748611709,0.01018039416521787,0.02940303993137587,0,0.5669360160827637,85,control
42,2022048,0.0213301273011939,0.01010818034410476,0.02947959182507685,0,0.6685948967933655,85,control
45,2082185,0.02136991378516557,0.01015910878777504,0.02945597844404024,0,0.8191375732421875,85,control
48,2081673,0.02142543875458308,0.01020811032503843,0.02956587121473421,0,0.673716127872467,85,control
0,2348514,0.02120525642214327,0.01017153263092041,0.02922917523102212,0,0.5553241968154907,86,control
3,2283021,0.02148107567034533,0.01026761624962091,0.02960187543386798,0,0.6841755509376526,86,control
6,2252985,0.0213781858324385,0.01022658869624137,0.02940818009024813,0,0.6416125297546387,86,control
9,2246952,0.02136079802330547,0.01022313255816698,0.02942267762511746,0,0.6129453182220459,86,control
12,2283105,0.02123911958397885,0.01009745616465807,0.02925598466897659,0,0.566896915435791,86,control
15,2285568,0.02132489051031263,0.01022696401923894,0.02929140953674069,0,0.5240172743797302,86,control
18,2299466,0.0214370601755769,0.01027319766581058,0.0300466361001651,0,2.405705451965332,86,control
21,2299770,0.021318991200796462,0.01019817870110273,0.02933259796309345,0,0.5367595553398132,86,control
24,2289120,0.02136268840262237,0.01017665863037109,0.02941906903087648,0,0.6767114400863647,86,control
27,2369640,0.02134960242850191,0.01022556331008672,0.02936957253698141,0,0.566896915435791,86,control
30,2316084,0.02128752967487694,0.01017911173403263,0.02958760230940186,0,1.902735471725464,86,control
33,2302776,0.02129846232710229,0.01019329857081174,0.02936440913103446,0,0.6490405201911926,86,control
36,2302696,0.02130427455994664,0.01021142024546861,0.02942673894448087,0,0.8329862356185913,86,control
39,2330146,0.02117479350452832,0.01012821216136217,0.02915064998248382,0,0.7302152514457703,86,control
42,2342428,0.02161292569609638,0.01035179384052753,0.02976411262051715,0,0.646826446056366,86,control
45,2251498,0.02146295194351478,0.01023617666214704,0.02993690134235194,0,1.6605775356292725,86,control
48,2295221,0.02142035524640389,0.01021051127463579,0.02964555531867179,0,0.8553348779678345,86,control
0,2179413,0.03599528822091866,0.01014187838882207,0.9625727176604124,0,243.40272521972656,87,control
3,2172080,0.0214580536050864,0.01027111522853374,0.02943275655841228,0,0.561063289642334,87,control
6,2219524,0.0213046299984226,0.01014159806072712,0.03075025663014082,0,2.5521578788757324,87,control
9,2194724,0.02161631583757009,0.01033576671034097,0.0298435162335037,0,0.7061572074890137,87,control
12,2120840,0.02108397164428063,0.01008729357272386,0.02898939522396851,0,0.613661527633667,87,control
15,2169480,0.02143851856449207,0.01021142024546861,0.02964591073213173,0,0.8443386554718018,87,control
18,2209130,0.02166567288477473,0.01022590510547161,0.03380883814874403,0,4.110129356384277,87,control
21,2194955,0.02122160384904574,0.01018039416521787,0.02921788775473548,0,0.5118235349655151,87,control
24,2229612,0.02138656466688179,0.0101820770651102,0.02964824585236918,0,1.4660615921020508,87,control
27,2170210,0.02127579961530115,0.01012726407498121,0.02931629371554868,0,0.5394913554191589,87,control
30,2214576,0.02141003693558587,0.01021142024546861,0.02960413150187108,0,0.96386122703552235,87,control
33,2177900,0.02131889007919091,0.01010599080473184,0.02944547049361871,0,0.683866024017334,87,control
36,2218875,0.02117548724967584,0.01015217881649732,0.02913989535735795,0,0.6854020357131958,87,control
39,2139885,0.02109358625086751,0.01008671056479215,0.02907588627350345,0,0.7330187559127808,87,control
42,2169053,0.02159099860253616,0.01029623392969369,0.02982755383693116,0,0.7498999238014221,87,control
45,2202725,0.02129127174174469,0.01015473529696464,0.0294355610580333,0,0.7394362688064575,87,control
48,2187245,0.02158800133668214,0.01030286028981208,0.0307854071396011,0,2.006293773651123,87,control
0,2417769,0.02110405310804565,0.01009680330753326,0.02901372389752958,0,0.5089103579521179,88,control
3,2409606,0.02124090169477514,0.01012821216136217,0.02924516893363032,0,0.566896915435791,88,control
6,2375572,0.0213761915493528,0.01020899228751659,0.02943737654928071,0,0.6066478490829468,88,control
9,2466885,0.02132176859135206,0.01025999151170253,0.02936923632810637,0,0.568489134311676,88,control
12,2440704,0.02129796651430101,0.01019329857081174,0.0292910032659597,0,0.7240395545959473,88,control
15,2443720,0.02121886172070955,0.01011506933718919,0.02922032225634791,0,0.5866675972938538,88,control
18,2379949,0.02129686157923018,0.01018666569143533,0.02922297619255151,0,0.569915235042572,88,control
21,2444112,0.02145598808651523,0.01029190607368946,0.02951004528010675,0,0.646826446056366,88,control
24,2372384,0.02118708808602005,0.01016939245164394,0.02912672162705144,0,0.5065930485725403,88,control
27,2425464,0.02149148716578957,0.01029415894299745,0.02964709067153914,0,0.7454280257225037,88,control
30,2419911,0.02170497694851648,0.01040728669613599,0.02993825691844694,0,0.7203278541564941,88,control
33,2439219,0.02115822146851276,0.01008074451237917,0.02913619896685913,0,0.5679451823234558,88,control
36,2433754,0.02139397714636699,0.01026090048253536,0.02957821126422843,0,0.8156241774559021,88,control
39,2459997,0.02138379963479963,0.01026951801031828,0.02938668272930323,0,0.5089103579521179,88,control
42,2395863,0.02133741746375032,0.01018039416521787,0.02942626373727051,0,0.7543994188308716,88,control
45,2434404,0.02137051483882039,0.01020816527307033,0.0293617548358166,0,0.6129453182220459,88,control
48,2420812,0.02128029621108454,0.01015836931765079,0.02926287863054687,0,0.7368083000183105,88,control
0,2014518,0.0211006865459338,0.01007228437811136,0.02915296401383229,0,0.8049397468566895,89,control
3,1980456,0.02137484559265527,0.01022313255816698,0.02937119515677393,0,0.6490405201911926,89,control
6,1994556,0.02118244713421517,0.01009680330753326,0.02917244977969716,0,0.5477128624916077,89,control
9,2048686,0.02150256615818806,0.01029415894299745,0.02958744411305671,0,0.514768123626709,89,control
12,1980984,0.02471628956656171,0.01018474344164133,0.220242938760614,0,61.297760009765625,89,control
15,1972380,0.02154267192708691,0.01027245819568634,0.02964857235477535,0,0.6281947493553162,89,control
18,2026332,0.02129967228601742,0.01015836931765079,0.02937609943709669,0,0.8662393689155579,89,control
21,1999275,0.02161441521016209,0.01029190607368946,0.02982926593551712,0,0.7454280257225037,89,control
24,2043164,0.02144136061733444,0.01028378121554851,0.02949214415588246,0,0.6841755509376526,89,control
27,2011492,0.02131305531973666,0.01018039416521787,0.02937319226093209,0,0.646826446056366,89,control
30,2007789,0.02155325833716974,0.01028378121554851,0.02982140865199896,0,0.9795687198638916,89,control
33,1995046,0.02155241031768404,0.01029649283736944,0.03011585468276727,0,1.2492754459381104,89,control
36,1983782,0.02129705572616061,0.01017220877110958,0.0292962204128339,0,0.6413179636001587,89,control
39,2031918,0.02124517702539743,0.01011433266103267,0.02917796246751177,0,0.5916334390640259,89,control
42,1996128,0.02108637824604258,0.01009090989828109,0.02902105042393823,0,0.5311801433563232,89,control
45,2001864,0.02141280630870608,0.01021586917340755,0.02948835683716585,0,0.566896915435791,89,control
48,1980504,0.02141361882193188,0.01022696401923894,0.0295071907885934,0,0.6337804198265076,89,control
0,1934766,0.02129993449184512,0.01018039416521787,0.02944486300512902,0,0.937997579574585,9,control
3,1950250,0.02119949184384125,0.0101230964064598,0.02923706450799692,0,0.6241790652275085,9,control
6,1940074,0.02134050584320671,0.01021746080368757,0.02935441816915398,0,0.5594295859336853,9,control
9,1932764,0.02143221101700233,0.01019834633916616,0.02957073269263572,0,0.6287680268287659,9,control
12,1961760,0.02139508908623474,0.01018526498228311,0.02973652523815723,0,0.9412809014320374,9,control
15,1931281,0.02119710913390814,0.01018584426492452,0.02912992509988364,0,0.5533496737480164,9,control
18,1977248,0.0213796635116177,0.01028378121554851,0.02940362346558792,0,0.5679126381874084,9,control
21,1934855,0.0214539240270372,0.01030320953577756,0.02959248812373124,0,0.7551798224449158,9,control
24,1968588,0.02136013409626187,0.0101788779720664,0.02954352378815917,0,0.6075363755226135,9,control
27,1929891,0.02137858408431285,0.01019817870110273,0.02958148041531079,0,0.8433125019073486,9,control
30,1921920,0.02165717750909037,0.01040200237184763,0.02998465724055274,0,0.8956710696220398,9,control
33,1895859,0.02162790562809809,0.01040816493332386,0.0297725477468393,0,0.6195862293243408,9,control
36,1930656,0.02119672659993712,0.01016939245164394,0.02916638357805041,0,0.5343884229660034,9,control
39,1892682,0.02141754929973163,0.01019816659390926,0.02972776195379639,0,1.134949803352356,9,control
42,1933308,0.02131170032927435,0.01018039416521787,0.02940796994588777,0,0.6606426239013672,9,control
45,1932381,0.02114506211947273,0.01009745616465807,0.02907678441127475,0,0.6841755509376526,9,control
48,1955408,0.02123311259556809,0.01019817870110273,0.02936279172709803,0,0.8690371513366699,9,control
0,1780870,0.0213465254242685,0.0101793073117733,0.02958389246396068,0,1.1073060035705566,90,control
3,1810364,0.02107359630907296,0.01007644645869731,0.02907341908294791,0,0.6994975805282593,90,control
6,1819752,0.02132015746888104,0.01020726189017295,0.02932412175158885,0,0.6490405201911926,90,control
9,1807668,0.02146460221636212,0.01024690549820661,0.02950507205786517,0,0.6129453182220459,90,control
12,1804936,0.02191173406672892,0.0101961325854063,0.04803392758843509,0,8.662325859069824,90,control
15,1803640,0.02109314437697573,0.01007323712110519,0.02916700848985218,0,1.0386619567871094,90,control
18,1814309,0.02118260029305238,0.0101178977638483,0.0292308013422824,0,0.566896915435791,90,control
21,1804686,0.02145384079644758,0.01026951801031828,0.02950994581916666,0,0.5227924585342407,90,control
24,1819792,0.02125367962356167,0.01009680330753326,0.02953466520048692,0,0.803236722946167,90,control
27,1775514,0.021362362175255,0.01018492504954338,0.02939899194219325,0,0.5106523036956787,90,control
30,1782200,0.02136993607496199,0.01025294139981269,0.02939573572886415,0,0.566896915435791,90,control
33,1771560,0.0213264271266007,0.01018039416521787,0.02935773789524547,0,0.5594295859336853,90,control
36,1792885,0.02154083236402587,0.01017491333186626,0.0322075704653204,0,2.4396207332611084,90,control
39,1773824,0.02129208109190751,0.01020899228751659,0.02989114541022993,0,1.647932052612305,90,control
42,1804962,0.02129151110754998,0.01014976296573877,0.02959862019027892,0,1.1621657609939575,90,control
45,1784367,0.02125960471351658,0.01018474344164133,0.02923196688238157,0,0.566896915435791,90,control
48,1823694,0.02126049787797632,0.01013091392815113,0.02935870684805433,0,0.755687415599823,90,control
0,1702976,0.02129206153719367,0.01017239224165678,0.02938377759342535,0,0.5477128624916077,91,control
3,1666240,0.02129711903056654,0.01014187838882207,0.02952714610521823,0,1.0340518951416016,91,control
6,1722314,0.0213756236647802,0.01016939245164394,0.03077085812598951,0,2.18520188331604,91,control
9,1653771,0.02127917937370972,0.01018039416521787,0.02934815705904306,0,0.735379695892334,91,control
12,1603866,0.02160851775103972,0.01027245819568634,0.03187853455979452,0,3.453428268432617,91,control
15,1666392,0.02141143460286079,0.01015836931765079,0.02960191025963654,0,0.7551798224449158,91,control
18,1697485,0.0215062656559165,0.0103092361241579,0.02955161586130365,0,0.6979032158851624,91,control
21,1682200,0.02120290847609042,0.01014187838882207,0.0291309738224099,0,0.6546949148178101,91,control
24,1660365,0.0213131841715172,0.01016230974346399,0.02932249856276638,0,0.6153317093849182,91,control
27,1699040,0.0213942944741587,0.01021145284175872,0.02973253422239031,0,1.0316802263259888,91,control
30,1674432,0.021578590776551,0.01030199322849512,0.02978908237757592,0,0.566896915435791,91,control
33,1705636,0.02133745145409443,0.0101256426423788,0.0297630423316207,0,1.1709814071655271,91,control
36,1710743,0.02148247183848151,0.0102714467793703,0.02987931610775613,0,1.0377827882766724,91,control
39,1700400,0.02122901702295944,0.01014405582100153,0.02928727467156425,0,0.4990747570991516,91,control
42,1683504,0.0212320050891253,0.01011834759265184,0.02922612692867832,0,0.566896915435791,91,control
45,1670484,0.02144733202268377,0.01017332077026367,0.03029057437348121,0,1.857757806777954,91,control
48,1665180,0.02295637745100174,0.01016408950090408,0.1081177401583356,0,24.00960350036621,91,control
0,3878499,0.02261553812160319,0.01019173208624124,0.07872218101919533,0,17.94363784790039,92,control
3,3825855,0.02128642622880798,0.01013137679547071,0.02973289537824966,0,1.6281886100769043,92,control
6,3837660,0.02142679873001425,0.01012334041297435,0.03337513643601921,0,4.199832916259766,92,control
9,3881814,0.02119380817754693,0.01011834759265184,0.02924597335057108,0,0.764884889125824,92,control
12,3811608,0.02226649170225044,0.0101961325854063,0.07512436424435337,0,16.938016891479492,92,control
15,3825636,0.02107377952939701,0.01003329269587993,0.0290638050064784,0,0.7240395545959473,92,control
18,3815412,0.02138492766153981,0.01021142024546861,0.02954934714697044,0,1.3004467487335205,92,control
21,3782990,0.02137049793257589,0.0101961325854063,0.03040205106144812,0,2.327927350997925,92,control
24,3830684,0.02131680530590267,0.01012286450713872,0.03046391198385301,0,2.351530075073242,92,control
27,3955948,0.02121643194976171,0.01012821216136217,0.0293039811517496,0,0.8819280862808228,92,control
30,3843822,0.02117069192620761,0.01011306419968605,0.02916602666494617,0,0.7368083000183105,92,control
33,3844432,0.02140223140952535,0.01022590510547161,0.02952995014957037,0,0.7047480344772339,92,control
36,3863220,0.02123960824887386,0.01014187838882207,0.02922271321780318,0,0.6490405201911926,92,control
39,3804285,0.02124123218548454,0.01011834759265184,0.029321310182402,0,1.1805542707443235,92,control
42,3848355,0.02179775916954214,0.01043082028627395,0.03004432766452965,0,0.721852719783783,92,control
45,3823224,0.02144241351520208,0.01021142024546861,0.02954167900785573,0,0.5744583010673523,92,control
48,3823727,0.02124463529260601,0.01015836931765079,0.02935499493600056,0,0.7535945177078247,92,control
0,2312884,0.02129513008054225,0.01018350385129451,0.02934240951063151,0,0.5744583010673523,93,control
3,2245194,0.02126821536731523,0.01020899228751659,0.02929157889049974,0,0.6546949148178101,93,control
6,2229240,0.02137844718231604,0.01021020766347646,0.02936363792513841,0,0.5924255847930908,93,control
9,2260868,0.0212590203681461,0.01017491333186626,0.0292165847497326,0,0.566896915435791,93,control
12,2257432,0.02133703358348163,0.0101961325854063,0.02936803307678765,0,0.6857874393463135,93,control
15,2324320,0.02111751680121282,0.01009680330753326,0.02910370369907625,0,0.5744583010673523,93,control
18,2304445,0.02144296104047619,0.01029190607368946,0.02955099536069377,0,0.6546949148178101,93,control
21,2318248,0.0215610767854243,0.01031857728958129,0.02968606527502276,0,0.6129453182220459,93,control
24,2292631,0.02120929376120049,0.01013434585183858,0.02922487172561056,0,0.566896915435791,93,control
27,2251850,0.02126759236299427,0.01016013976186513,0.02925550944935205,0,0.566896915435791,93,control
30,2305220,0.02145586924559998,0.01027246098965406,0.02960539726602171,0,0.7748263478279114,93,control
33,2294942,0.02149916703766037,0.01029620412737131,0.02957349863091914,0,0.646826446056366,93,control
36,2346840,0.02143143155385553,0.01021051127463579,0.03015882005457745,0,1.931501030921936,93,control
39,2322458,0.02125031992288799,0.01018881052732467,0.02925329519022025,0,0.5679451823234558,93,control
42,2258416,0.0214074789673183,0.01026951801031828,0.02948948357375092,0,0.7240395545959473,93,control
45,2273620,0.02146049058048394,0.01025699637830257,0.02950288313116146,0,0.5172650814056396,93,control
48,2260764,0.0212782369295146,0.01014187838882207,0.0293045000388667,0,0.6129453182220459,93,control
0,2290082,0.02128544644487883,0.01018759608268737,0.02942199319882908,0,0.7685940861701965,94,control
3,2227214,0.02143266116551377,0.01026951801031828,0.02955589863004327,0,0.719813883304596,94,control
6,2273740,0.02144148749873192,0.01027319766581058,0.0296035828607117,0,0.7063820958137512,94,control
9,2240909,0.02171844810172463,0.01041232794523239,0.02999123665140636,0,0.566896915435791,94,control
12,2299766,0.02128541487107639,0.0101548247039318,0.02956570869227649,0,1.2409158945083618,94,control
15,2224152,0.02126914654369506,0.01018039416521787,0.02931749810725284,0,0.566896915435791,94,control
18,2281338,0.02140901834191587,0.01025842409580946,0.02950594639049533,0,0.6841755509376526,94,control
21,2236280,0.02137079971647071,0.01024084817618131,0.0295031587514605,0,0.8825225234031677,94,control
24,2248228,0.02120858914579124,0.01016863621771335,0.02928019044953444,0,0.7341423034667969,94,control
27,2197650,0.02141737125357703,0.01021051127463579,0.02954624683306274,0,0.5679451823234558,94,control
30,2281400,0.02142941166545704,0.01028685644268989,0.02945840473433975,0,0.566896915435791,94,control
33,2279956,0.02157233668078273,0.01034844201058149,0.02972312122955002,0,0.566896915435791,94,control
36,2249936,0.02140656501764324,0.01028386875987053,0.02952409847688986,0,0.8176867365837097,94,control
39,2249984,0.02139798129966724,0.01025302521884441,0.02989277693953422,0,1.3114017248153689,94,control
42,2247994,0.02118378741125374,0.01010818034410476,0.02933246091826536,0,1.5524518489837646,94,control
45,2270905,0.02146966124599648,0.01035778131335973,0.02956695020544678,0,0.6693209409713745,94,control
48,2249936,0.0212385237893945,0.01014187838882207,0.02931956562790461,0,0.8503186702728271,94,control
0,2658397,0.02117554926965251,0.01009745616465807,0.02908197275673753,0,0.566896915435791,95,control
3,2639181,0.02117674646792095,0.01010742131620645,0.02930819407870969,0,0.8538251519203186,95,control
6,2590251,0.02135301981980213,0.01022313255816698,0.02940695988015931,0,0.6841755509376526,95,control
9,2655160,0.02168138112735752,0.01040560379624366,0.02985965537680321,0,0.6841755509376526,95,control
12,2644446,0.02131536032857499,0.01020378991961479,0.02930889623978258,0,0.7551798224449158,95,control
15,2607441,0.02145768734604116,0.01028378121554851,0.02956084027712715,0,0.6841755509376526,95,control
18,2569248,0.02120759538541966,0.01014846842736005,0.02922223018755738,0,0.566896915435791,95,control
21,2593110,0.02146706922928026,0.0102332467213273,0.02952213179907186,0,0.6841755509376526,95,control
24,2583456,0.02127622895068512,0.01017220877110958,0.02930197700098746,0,0.609332263469696,95,control
27,2610727,0.02150084971601477,0.01029190607368946,0.02965739306034339,0,0.6767114400863647,95,control
30,2672264,0.02146165602450512,0.01029190607368946,0.02956305422715698,0,0.6185430884361267,95,control
33,2621850,0.02125289880926516,0.01022313255816698,0.02922946033044059,0,0.6841755509376526,95,control
36,2597868,0.02118413761168053,0.01010818034410476,0.02919336119557028,0,0.5732651948928833,95,control
39,2596062,0.0212673760815328,0.01018474344164133,0.02932946118517108,0,1.0684447288513184,95,control
42,2659261,0.02152778431714139,0.01029190607368946,0.02969478150764955,0,0.6216570734977722,95,control
45,2575278,0.02172605717624792,0.01032859366387128,0.03070125110685059,0,1.971495509147644,95,control
48,2554822,0.02124568836945666,0.01018039416521787,0.02925256500053389,0,0.5478178858757019,95,control
0,1545692,0.02136028534390691,0.01022590510547161,0.02938643852846524,0,0.5270437598228455,96,control
3,1542420,0.02141175182826611,0.01022629626095295,0.0293588457932333,0,0.5478178858757019,96,control
6,1552892,0.02129679716980068,0.01022313255816698,0.02928970035898127,0,0.566896915435791,96,control
9,1521142,0.02152769798121348,0.01029415894299745,0.02961406906433167,0,0.5936068296432495,96,control
12,1541540,0.02113899457384095,0.01010818034410476,0.02910734102227493,0,0.7748263478279114,96,control
15,1517148,0.02130787278210989,0.01018039416521787,0.02930348544342016,0,0.5434810519218445,96,control
18,1564857,0.02125583569414007,0.01012286450713872,0.02925402349372879,0,0.6009652614593506,96,control
21,1543596,0.02127542441268308,0.01010505203157663,0.02941591508036781,0,0.99966299533844,96,control
24,1509480,0.02125596191249097,0.01011306419968605,0.0292695366413786,0,0.5859074592590332,96,control
27,1548624,0.02129690821914014,0.01012286450713872,0.02966026453846077,0,0.9307897686958312,96,control
30,1552192,0.02182326014089706,0.01043082028627395,0.03123481722128824,0,1.889644742012024,96,control
33,1530704,0.02172688877932193,0.01037773583084344,0.03165074068610842,0,2.7355539798736572,96,control
36,1555750,0.02134037428328341,0.01021142024546861,0.02939606137022836,0,0.6310279369354248,96,control
39,1549856,0.02114714656886622,0.01014187838882207,0.02897921855832298,0,0.5102040767669678,96,control
42,1512224,0.02132628799890255,0.01018666569143533,0.02943619233453551,0,0.67622971534729,96,control
45,1587404,0.02124953688088916,0.01020474452525377,0.02921201241354647,0,0.6841755509376526,96,control
48,1558912,0.02144366840512792,0.01017491333186626,0.03112809213382428,0,2.742110252380371,96,control
0,2013365,0.02146324632088158,0.0102657014504075,0.02945054826921166,0,0.59593266248703,97,control
3,2077272,0.02134464098125334,0.01023594848811626,0.02937997513742005,0,0.847651481628418,97,control
6,2087241,0.02122718352430619,0.01017220877110958,0.02927784580247389,0,0.648738443851471,97,control
9,2043288,0.02135408878117128,0.01018337160348892,0.02943127356526383,0,0.6841755509376526,97,control
12,2065944,0.02117426818379934,0.01011413894593715,0.02923904591812475,0,0.6031712293624878,97,control
15,2067268,0.02114057107525151,0.01009745616465807,0.02917712881757979,0,1.0019351243972778,97,control
18,2026350,0.02147284957733301,0.01028793025761842,0.0296095478721626,0,0.5658758282661438,97,control
21,2072088,0.0214992015684314,0.01035045180469751,0.02958537742952636,0,0.6073858141899109,97,control
24,2047277,0.02162566478198227,0.01031966228038072,0.02998289010997791,0,1.1204887628555298,97,control
27,2041785,0.02130714545752029,0.0101820770651102,0.02933438162081759,0,0.618377149105072,97,control
30,2072088,0.02133431743332181,0.01018626149743795,0.02985654283470293,0,1.6476651430130005,97,control
33,2108303,0.02159655714445359,0.0103092361241579,0.03021091648382799,0,1.6198269128799438,97,control
36,2050095,0.02140276655444294,0.01022556331008672,0.02946824258783369,0,0.7410503625869751,97,control
39,2037546,0.02424434333348614,0.01009745616465807,0.19542011256463152,0,46.00355911254883,97,control
42,2058649,0.02127676121359363,0.01018039416521787,0.0293597091029606,0,0.566896915435791,97,control
45,2047640,0.02173877809739657,0.01041232794523239,0.0298883832282953,0,0.566896915435791,97,control
48,2118424,0.02118583371830281,0.01010819058865308,0.0292046594750326,0,0.566896915435791,97,control
0,2253446,0.02140474434983935,0.01024587079882621,0.02949664385505138,0,0.566896915435791,98,control
3,2238862,0.02128137141917657,0.01018039416521787,0.02933482406830732,0,0.924505352973938,98,control
6,2215965,0.02150781679447016,0.01024295575916767,0.03047159183238518,0,1.9602760076522827,98,control
9,2263176,0.02115066574152967,0.01014187838882207,0.02918615438209859,0,0.6872422695159912,98,control
12,2255528,0.0211782938657742,0.01014187838882207,0.02910428442604469,0,0.6416125297546387,98,control
15,2217854,0.02127785797495933,0.01012726407498121,0.02999301580904249,0,1.850536108016968,98,control
18,2249430,0.02142342807072114,0.01024072710424661,0.02970506366147451,0,0.7897643446922302,98,control
21,2258720,0.02132807582245911,0.01020852196961641,0.02926590694826468,0,0.5744583010673523,98,control
24,2254635,0.02123191995571736,0.01014344580471515,0.02936976635325839,0,0.7496082782745361,98,control
27,2271224,0.02944556598092923,0.01041232794523239,0.503741722186011,0,131.93124389648438,98,control
30,2327892,0.02148757508205574,0.01032058987766504,0.02951316226384738,0,0.566896915435791,98,control
33,2201232,0.02152144009986752,0.01027497090399265,0.02970663247982636,0,0.8686735033988953,98,control
36,2282545,0.02147269182837595,0.01013755705207586,0.03499927817404397,0,4.616881370544434,98,control
39,2268730,0.02127426349940411,0.01014187838882207,0.02936821644319144,0,0.6129453182220459,98,control
42,2279776,0.02132913594876351,0.01018666569143533,0.02941221084024454,0,0.677627682685852,98,control
45,2285303,0.02141553449592496,0.0102332467213273,0.02953249986293178,0,0.7533260583877563,98,control
48,2244852,0.02131973411547523,0.01019003521651029,0.02934723637127477,0,0.5983755588531494,98,control
0,2617195,0.02128400425508143,0.01021586917340755,0.02935999191257127,0,0.5662049055099487,99,control
3,2620974,0.02131105686179034,0.01018553040921688,0.02935470844054718,0,0.5836429595947266,99,control
6,2638620,0.02139785438748056,0.01024587079882621,0.02952094405058455,0,0.5805565118789673,99,control
9,2607770,0.02129146217626439,0.01018039416521787,0.02933075101636777,0,0.610097348690033,99,control
12,2651705,0.02132853379334774,0.01022313255816698,0.02935290000331199,0,0.6841755509376526,99,control
15,2579720,0.02131785139697483,0.01015836931765079,0.02933739397066086,0,0.566896915435791,99,control
18,2655744,0.02128618100471657,0.01019388809800148,0.02926180038422696,0,0.6013466715812683,99,control
21,2675472,0.02147087941864141,0.01029190607368946,0.02958547792608029,0,0.566896915435791,99,control
24,2696936,0.02131989765486129,0.01022313255816698,0.02929976357486982,0,0.566896915435791,99,control
27,2618420,0.0211622867156538,0.01009854767471551,0.02909761861746608,0,0.566896915435791,99,control
30,2583354,0.02127691440458102,0.01014976296573877,0.029315662650448798,0,0.566896915435791,99,control
33,2657978,0.02133511849597048,0.01020811032503843,0.02937337761942377,0,0.5744583010673523,99,control
36,2632973,0.02133439568559339,0.01024753227829933,0.02937072511014216,0,0.566896915435791,99,control
39,2653416,0.02152683293221174,0.01029190607368946,0.02966219825463139,0,0.6225008368492126,99,control
42,2640096,0.02136229440203642,0.0102186519652605,0.02937644259063339,0,0.7551798224449158,99,control
45,2661240,0.02188014306562984,0.01047234795987606,0.03014029628719186,0,0.6129453182220459,99,control
48,2612260,0.02126254023655738,0.01013091392815113,0.02926081381847313,0,0.5434810519218445,99,control
0,2509828,0.02887436699351923,0.01011015381664037,0.5388182834380546,0,170.63597106933594,1,intervention
3,2514771,0.02125527455913165,0.01017220877110958,0.02927086621568861,0,0.5552011132240295,1,intervention
6,2488506,0.02130810076425775,0.01018039416521787,0.02925882438668054,0,0.5679451823234558,1,intervention
9,2592840,0.02184784092741346,0.0104666817933321,0.03009415145331451,0,0.7534236311912537,1,intervention
12,2504124,0.02150139956218612,0.0101961325854063,0.0311260258557465,0,3.306772470474243,1,intervention
15,2458399,0.02118824630949488,0.01009680330753326,0.029314333506428,0,0.7193087339401245,1,intervention
18,2466338,0.02136289342901963,0.01018709596246481,0.02941938886048942,0,0.5136807560920715,1,intervention
21,2480624,0.021428869583761,0.01024587079882621,0.02955130411242669,0,0.566896915435791,1,intervention
24,2517480,0.02152358517590287,0.0103092361241579,0.02966140587249949,0,0.5924255847930908,1,intervention
27,2515227,0.02134137626481783,0.01021142024546861,0.02937700528053906,0,0.5265645980834961,1,intervention
30,2516332,0.02176770508685799,0.01041232794523239,0.03010189718026965,0,0.6779300570487976,1,intervention
33,2530980,0.02178733272192678,0.01043082028627395,0.03002187511959386,0,0.566896915435791,1,intervention
36,2580422,0.02130864374860023,0.01019999198615551,0.02931376449170047,0,0.6490405201911926,1,intervention
39,2583636,0.02138700801084203,0.0102474708110094,0.02943907512497551,0,0.6113660335540771,1,intervention
42,2545510,0.02122623761928582,0.01018881052732467,0.02918823056086715,0,0.6249127984046936,1,intervention
45,2497330,0.02139588254843852,0.01022590510547161,0.02942703879250868,0,0.6195765733718872,1,intervention
48,2526480,0.02127350639210548,0.0101375700905919,0.02927547265537281,0,0.7980958223342896,1,intervention
0,2219139,0.02109716328460175,0.01009745616465807,0.02903776985847596,0,0.710858941078186,10,intervention
3,2186657,0.02148064724047969,0.01024166215211153,0.02957557676035888,0,0.566896915435791,10,intervention
6,2265408,0.021399417150204,0.01026951801031828,0.02945598597341141,0,0.6032311320304871,10,intervention
9,2218500,0.02126963760660348,0.01016877964138984,0.02923964986545116,0,0.503008246421814,10,intervention
12,2180304,0.02122713907153379,0.01009745616465807,0.02924801108797551,0,0.6075363755226135,10,intervention
15,2193972,0.02171538024123851,0.01041232794523239,0.0299041433620393,0,0.5655374526977539,10,intervention
18,2223870,0.0214277772489026,0.01021586917340755,0.02947467058431303,0,0.5983755588531494,10,intervention
21,2201527,0.02161135057811015,0.01032564416527748,0.02972804943909933,0,0.5516616702079773,10,intervention
24,2212056,0.02133398517719883,0.01018881052732467,0.02939934780512419,0,0.7748263478279114,10,intervention
27,2180629,0.02141982425776478,0.01023714244365692,0.02944970028042125,0,0.5106838941574097,10,intervention
30,2244510,0.0213368939745993,0.01015143655240535,0.02942555670882904,0,0.5240172743797302,10,intervention
33,2252937,0.02143245710611633,0.01022313255816698,0.02959421658041565,0,0.5265645980834961,10,intervention
36,2194536,0.02134161357112367,0.01019003521651029,0.02937603023427796,0,0.5265645980834961,10,intervention
39,2218268,0.0212476812779146,0.0101826200261712,0.02926411812221306,0,0.5065930485725403,10,intervention
42,2214080,0.0213238769607518,0.01015533600002527,0.02942791730272634,0,0.6053589582443237,10,intervention
45,2219475,0.02116470185708535,0.01010357588529586,0.02909477529260897,0,0.6416388154029846,10,intervention
48,2223012,0.02120557194636115,0.01015836931765079,0.02914402399135261,0,0.6287680268287659,10,intervention
0,2975232,0.02132343594973893,0.01014187838882207,0.02949581487969275,0,0.7208535075187683,100,intervention
3,3014715,0.02142114529503953,0.01019817870110273,0.03068999017316855,0,3.1094729900360107,100,intervention
6,3046384,0.02115466696546586,0.01009680330753326,0.02913441273654975,0,0.589065670967102,100,intervention
9,3029145,0.02162365492888239,0.01036619674414396,0.02969226879986102,0,0.6073858141899109,100,intervention
12,2962176,0.02129011069056315,0.01018039416521787,0.02924907565936145,0,0.5523577332496643,100,intervention
15,3032400,0.02123333690275398,0.01014187838882207,0.02922261023770644,0,0.566896915435791,100,intervention
18,3037440,0.02213753541043734,0.01062782667577266,0.03047304659067036,0,0.6633915305137634,100,intervention
21,2968576,0.02144285055026474,0.01027576904743909,0.02941292351026057,0,0.6075363755226135,100,intervention
24,2967415,0.02121783364602871,0.01018492504954338,0.02920195425447296,0,0.8484119176864624,100,intervention
27,3029088,0.02128468486345392,0.01019916590303182,0.02926821139834895,0,0.5836429595947266,100,intervention
30,2974044,0.02144290027941801,0.01025302521884441,0.02948538565552436,0,0.7124311327934265,100,intervention
33,3010769,0.0214660181588363,0.01029190607368946,0.02962664542435864,0,0.596402645111084,100,intervention
36,2997048,0.02138058493701658,0.01012286450713872,0.03147823678640515,0,2.9592180252075195,100,intervention
39,3024681,0.02139222742818551,0.01028176397085189,0.02949896304753792,0,0.8722015023231506,100,intervention
42,3005869,0.02130587157400985,0.01019817870110273,0.0294061944806033,0,0.7793703079223633,100,intervention
45,3008538,0.02142994389409091,0.0102332467213273,0.02952184509424494,0,0.6766306757926941,100,intervention
48,2984172,0.02140105352242793,0.01019916590303182,0.02950285770829622,0,0.6780120730400085,100,intervention
0,2376654,0.0212683236226851,0.01015836931765079,0.02930483337129197,0,0.8722015023231506,101,intervention
3,2365638,0.02107920458064767,0.01007654145359993,0.02908225690874523,0,0.6260697245597839,101,intervention
6,2354016,0.02133587114305999,0.01018474344164133,0.02936061093128906,0,0.566896915435791,101,intervention
9,2371317,0.02151002534746095,0.01027245819568634,0.0296255654179545,0,0.5679451823234558,101,intervention
12,2369781,0.02143213775539217,0.01028015464544296,0.02952338091116489,0,0.6113660335540771,101,intervention
15,2405880,0.02127759993337124,0.01016408950090408,0.02941432382541714,0,0.8327007293701172,101,intervention
18,2456861,0.0211110576445626,0.01010242849588394,0.02916817829023777,0,0.574341893196106,101,intervention
21,2420528,0.0215555993724468,0.01029649283736944,0.02975432073969178,0,0.7731624841690063,101,intervention
24,2373000,0.02135912307841286,0.0102389482781291,0.02935463578501592,0,0.9008708596229552,101,intervention
27,2402237,0.02118171683771183,0.01014187838882207,0.0292257867145687,0,0.6841755509376526,101,intervention
30,2391096,0.02199900180438505,0.01055110618472099,0.03053559092468558,0,1.159165382385254,101,intervention
33,2376243,0.02177129649484128,0.01043082028627395,0.02998929499642902,0,0.646826446056366,101,intervention
36,2440110,0.02128074424390757,0.01019003521651029,0.02929114677412503,0,0.5679451823234558,101,intervention
39,2420976,0.02147492905449888,0.0103261349722743,0.02952786943426969,0,0.8946929574012756,101,intervention
42,2422649,0.02133862577672101,0.01014972385019064,0.02939871738341325,0,0.566896915435791,101,intervention
45,2392460,0.02124411769861119,0.01013846974819898,0.02927914661332503,0,0.618377149105072,101,intervention
48,2406224,0.02127576790884053,0.01018246915191412,0.02931008943338204,0,0.7801220417022705,101,intervention
0,2720610,0.02128738795891772,0.01014187838882207,0.02937906559874649,0,0.9974896907806396,102,intervention
3,2735547,0.0213832429533256,0.01026951801031828,0.0298225860564326,0,2.022761583328247,102,intervention
6,2700630,0.02151211139472713,0.01028176397085189,0.02964059879053846,0,0.566896915435791,102,intervention
9,2731385,0.02148234842264634,0.01028948090970516,0.02951073722202329,0,0.5983755588531494,102,intervention
12,2669812,0.02125081829356604,0.01015673950314521,0.02924809486918171,0,0.8898908495903015,102,intervention
15,2738958,0.0218379066396042,0.01048467773944139,0.03016232738889485,0,0.6841755509376526,102,intervention
18,2690765,0.0214014847024822,0.0102332467213273,0.02959896876054842,0,0.7680991888046265,102,intervention
21,2664244,0.02141476238751036,0.01021142024546861,0.02950337175554542,0,0.566896915435791,102,intervention
24,2683560,0.02167396586700216,0.01042337343096733,0.02986582180272602,0,0.6325857043266296,102,intervention
27,2716800,0.02116525797888743,0.01013304106891155,0.02917706480927907,0,0.6546949148178101,102,intervention
30,2727450,0.02172804333950362,0.01043082028627395,0.02983991999969003,0,0.5265645980834961,102,intervention
33,2679766,0.02150524799486006,0.01025699637830257,0.02973218531875464,0,0.592746913433075,102,intervention
36,2654278,0.02124672591416883,0.01013137679547071,0.02933159232935314,0,0.5754531621932983,102,intervention
39,2673138,0.02117240057605019,0.01013434585183858,0.02924530680656464,0,0.648663341999054,102,intervention
42,2635072,0.02143634528232649,0.01027048844844102,0.02949795228536841,0,0.5399535894393921,102,intervention
45,2657661,0.02130469134122667,0.01021237671375274,0.02935471108762515,0,0.6109388470649719,102,intervention
48,2687664,0.02135016734732239,0.01018474344164133,0.02943834668835216,0,0.913371741771698,102,intervention
0,2242396,0.0213769427010187,0.01022313255816698,0.02942031926088723,0,0.6129453182220459,103,intervention
3,2277065,0.02153860336915216,0.0103092361241579,0.02977923495300881,0,0.730512261390686,103,intervention
6,2280000,0.02164738703558807,0.01040614768862724,0.02988721839410003,0,0.8698943257331848,103,intervention
9,2227514,0.02119803569859496,0.01014187838882207,0.02913390814816401,0,0.6195765733718872,103,intervention
12,2280036,0.02136556040625354,0.01023045368492603,0.02947455554494925,0,0.646826446056366,103,intervention
15,2193037,0.02147898046855775,0.01026951801031828,0.02952987720430246,0,0.5227924585342407,103,intervention
18,2237692,0.02111760349197568,0.01009680330753326,0.02903280135602794,0,0.5150874257087708,103,intervention
21,2223065,0.0215188850903734,0.01029653660953044,0.02966197326251193,0,0.5312702059745789,103,intervention
24,2230542,0.02116109153547072,0.01012286450713872,0.02918384015167468,0,0.566896915435791,103,intervention
27,2249975,0.02138206851297119,0.01017153263092041,0.03016188523785743,0,1.422171711921692,103,intervention
30,2236388,0.0215881621336317,0.01033751852810382,0.02968143101493994,0,0.5424096584320068,103,intervention
33,2234584,0.02141201112999097,0.01026761624962091,0.02940676229236213,0,0.6129453182220459,103,intervention
36,2257416,0.02162998094215251,0.01041232794523239,0.02982506167251272,0,0.8460478186607361,103,intervention
39,2246805,0.02134424818991025,0.01022313255816698,0.02940064555088466,0,0.48736122250556946,103,intervention
42,2328235,0.02134150270128809,0.01024466659873724,0.02937590980233309,0,0.6841755509376526,103,intervention
45,2233188,0.02131624387635853,0.01019003521651029,0.02948506515646405,0,0.7160706520080566,103,intervention
48,2211133,0.02132020549266465,0.01014577597379684,0.02935837585537806,0,0.6287680268287659,103,intervention
0,2829043,0.02136272780246785,0.01018666569143533,0.02942345343280909,0,0.5887846946716309,104,intervention
3,2847654,0.02117628677304205,0.01009745616465807,0.02913791592648458,0,0.566896915435791,104,intervention
6,2869440,0.02168244071918153,0.01041232794523239,0.02984953221524432,0,0.5866675972938538,104,intervention
9,2839189,0.0213955228550224,0.01021558325737714,0.02946652180326804,0,0.5744583010673523,104,intervention
12,2895102,0.02150807668746197,0.0103092361241579,0.02958528739918867,0,0.5834905505180359,104,intervention
15,2871318,0.02125311259263371,0.01014709193259477,0.02926837992033622,0,0.577500581741333,104,intervention
18,2913848,0.02198371395693439,0.01055160351097583,0.03042269158770064,0,0.7047480344772339,104,intervention
21,2861116,0.02149982773299773,0.010292649269104,0.0296403063770178,0,1.053919553756714,104,intervention
24,2854398,0.02138023711313137,0.01020774897187948,0.02944627964388849,0,0.5679126381874084,104,intervention
27,2867636,0.02124472668170146,0.01013434585183858,0.02929226052737752,0,0.7240395545959473,104,intervention
30,2881350,0.02162028410109413,0.01041232794523239,0.02975717224368052,0,0.6841755509376526,104,intervention
33,2820630,0.02130378207177697,0.01019616983830928,0.0292129922433797,0,0.5561591386795044,104,intervention
36,2820700,0.02119131577753449,0.01013289298862218,0.0291718344218186,0,0.6546949148178101,104,intervention
39,2883140,0.02135092348866198,0.01025635842233896,0.02940346306143523,0,0.5983755588531494,104,intervention
42,2891568,0.02116056455974098,0.01009745616465807,0.02916164093221723,0,0.6994975805282593,104,intervention
45,2855811,0.02134152076939289,0.01022313255816698,0.02934621075659191,0,0.5744583010673523,104,intervention
48,2899680,0.02122718429600684,0.01014976296573877,0.02924838683197117,0,0.5434810519218445,104,intervention
0,2482198,0.0213784435185063,0.01027212385088205,0.02942129129470581,0,0.7368083000183105,105,intervention
3,2422650,0.02129526857394054,0.0101256426423788,0.02942049714452951,0,0.566896915435791,105,intervention
6,2453920,0.02170054013653606,0.01040065661072731,0.02988613436965673,0,0.6841755509376526,105,intervention
9,2407020,0.02141783738053618,0.01022786926478147,0.02954075418858495,0,0.6129453182220459,105,intervention
12,2414816,0.02124697765560649,0.01014051400125026,0.02917337180047988,0,0.5655374526977539,105,intervention
15,2493216,0.02128009526324688,0.01019109971821308,0.02922964846289065,0,0.5478178858757019,105,intervention
18,2515252,0.02139453511664204,0.01024166215211153,0.02962132550608288,0,0.8608846068382263,105,intervention
21,2478940,0.02132902207040371,0.01018039416521787,0.02931708042093646,0,0.5065930485725403,105,intervention
24,2537585,0.02140235577965345,0.01023707911372184,0.02987204965006904,0,1.6742011308670044,105,intervention
27,2472574,0.02155842935257912,0.01032960321754217,0.0296851651344857,0,0.5813720226287842,105,intervention
30,2479020,0.02151620160468192,0.0103092361241579,0.02956383818795329,0,0.7748263478279114,105,intervention
33,2567734,0.02169923588870644,0.01043082028627395,0.02992174476947166,0,0.6767114400863647,105,intervention
36,2521623,0.0212769532727756,0.01021051127463579,0.02926991411576124,0,0.6210607290267944,105,intervention
39,2460150,0.02125603262553257,0.01020899228751659,0.02921113624664526,0,0.566896915435791,105,intervention
42,2483487,0.02171260618475126,0.01041577104479074,0.02985649166408084,0,0.5423440337181091,105,intervention
45,2474325,0.02156694417404409,0.01031406223773956,0.02970739030861571,0,0.7454280257225037,105,intervention
48,2513790,0.02125837682602702,0.01018039416521787,0.02929129658546769,0,0.7275655269622803,105,intervention
0,1673304,0.02110621068603989,0.0100784758105874,0.02900912699556255,0,0.6841755509376526,106,intervention
3,1695206,0.02137594869242455,0.01025294139981269,0.02942918366662837,0,0.566896915435791,106,intervention
6,1703136,0.02175387187025665,0.01040816493332386,0.02998225486339661,0,0.6220015287399292,106,intervention
9,1701978,0.02132010096579672,0.01016700640320777,0.02930475158180387,0,0.5170512199401855,106,intervention
12,1696572,0.02112808364937416,0.01009745616465807,0.02906905350687694,0,0.566896915435791,106,intervention
15,1690822,0.021228898586525,0.01019592490047216,0.02926545440104164,0,0.6013466715812683,106,intervention
18,1721376,0.02146810991048506,0.01029943395406007,0.02954968476971007,0,0.566896915435791,106,intervention
21,1700525,0.02131296385017844,0.01021727081388235,0.02937939322858999,0,0.5924255847930908,106,intervention
24,1697712,0.02131793924542488,0.01019003521651029,0.02930953345882098,0,0.646826446056366,106,intervention
27,1712138,0.02141450116490173,0.01025294139981269,0.02953804769082367,0,0.765153169631958,106,intervention
30,1675520,0.02162917416396172,0.01036909874528646,0.02980214216739355,0,0.5679451823234558,106,intervention
33,1706134,0.02116284739852317,0.01009680330753326,0.02917814111337482,0,0.5395437479019165,106,intervention
36,1698669,0.02103735625221088,0.01007774658501148,0.02892491716563416,0,0.5424096584320068,106,intervention
39,1717680,0.02121207560231932,0.01016408950090408,0.02922045642961069,0,0.5679451823234558,106,intervention
42,1720590,0.021419682091189,0.01029190607368946,0.02948070825767116,0,0.540640115737915,106,intervention
45,1713870,0.02109155294902746,0.01009680330753326,0.02900436293907544,0,0.5812798142433167,106,intervention
48,1704623,0.0212685135189124,0.01016987022012472,0.02922647701592374,0,0.5796167254447937,106,intervention
0,3507553,0.02130095014314976,0.01017491333186626,0.02957816072341832,0,1.3917417526245115,107,intervention
3,3523128,0.02151586588802788,0.01026951801031828,0.03301861540558803,0,6.552877426147461,107,intervention
6,3469400,0.02131841458319998,0.01018474344164133,0.02945078411465011,0,0.9268835186958312,107,intervention
9,3507985,0.02123939520014432,0.01017634943127632,0.02931346704632759,0,1.5086174011230469,107,intervention
12,3513678,0.02138241326389931,0.01022313255816698,0.02952727095698148,0,0.7199380993843079,107,intervention
15,3445722,0.02096597530148952,0.01000859122723341,0.02886223556969067,0,0.5872392058372498,107,intervention
18,3394254,0.02132787693246328,0.01018666569143533,0.02939514783807176,0,0.5679451823234558,107,intervention
21,3531818,0.02189836600115943,0.01053081545978784,0.0301115566176048,0,0.6822298765182495,107,intervention
24,3508120,0.02133467269822704,0.01021051127463579,0.02938867983170722,0,0.6298815608024597,107,intervention
27,3474012,0.02136994267693432,0.01012334041297435,0.03163949284237747,0,3.1481733322143555,107,intervention
30,3481875,0.02123943726330526,0.01014051400125026,0.02931843680326897,0,0.8894317150115967,107,intervention
33,3492585,0.02135387191369771,0.01019445154815912,0.0294066698467434,0,0.6841755509376526,107,intervention
36,3433528,0.02121495432536188,0.01018039416521787,0.02917698676639577,0,0.6287680268287659,107,intervention
39,3440856,0.02132603748446001,0.01017417944967746,0.02941729425618678,0,0.6545423269271851,107,intervention
42,3494874,0.02141453999731134,0.01027149986475706,0.02950516906331608,0,0.566896915435791,107,intervention
45,3553216,0.02142762632063834,0.01026951801031828,0.02979236069893931,0,1.549648642539978,107,intervention
48,3409200,0.0212769023343312,0.01015836931765079,0.02935361707385071,0,0.5265645980834961,107,intervention
0,1944425,0.02129360316706019,0.01014187838882207,0.02946082592269502,0,0.6841755509376526,108,intervention
3,2005288,0.02151353074325873,0.01029190607368946,0.02985466879893066,0,1.203913688659668,108,intervention
6,1922804,0.02156259788167354,0.01025302521884441,0.03206998201601024,0,2.748000144958496,108,intervention
9,1920742,0.02204746260849386,0.01055749412626028,0.0305928887459332,0,1.077709078788757,108,intervention
12,1937039,0.02127432450744563,0.01011506933718919,0.03018012897385215,0,1.7207947969436646,108,intervention
15,1917201,0.02172480221959134,0.01027808338403701,0.03629084186828811,0,4.053135871887207,108,intervention
18,1949156,0.02137361671836742,0.0102186519652605,0.02960444865779706,0,0.8351441025733948,108,intervention
21,1939086,0.02129895678136714,0.01014976296573877,0.0294946643910215,0,0.566896915435791,108,intervention
24,1916420,0.02139129628899461,0.01028315164148807,0.02947222211404343,0,0.6493988037109375,108,intervention
27,1902956,0.02112342887104813,0.01011306419968605,0.0290321673065987,0,0.8484119176864624,108,intervention
30,1935082,0.02398056403179143,0.01028499472886324,0.16276376695483605,0,36.55411529541016,108,intervention
33,1954932,0.02149572926817471,0.01033379137516021,0.02969246956147243,0,0.7461063265800476,108,intervention
36,1910046,0.02147560638747438,0.01029190607368946,0.02963152213659699,0,0.6640063524246216,108,intervention
39,1941792,0.02133530847028029,0.01021051127463579,0.02941353474649799,0,0.566896915435791,108,intervention
42,1940120,0.02129550955709359,0.01018039416521787,0.02985517927701555,0,1.4156086444854736,108,intervention
45,1952804,0.02131563649741765,0.01024166215211153,0.02941069169571434,0,0.6490405201911926,108,intervention
48,1889407,0.02126262845156318,0.01011015381664037,0.02965889364862993,0,1.046214580535889,108,intervention
0,1798972,0.02107998931679252,0.01006781682372093,0.02909029054747311,0,0.752415120601654,109,intervention
3,1830509,0.02173996497511519,0.01035778131335973,0.03006892003407858,0,0.8051599264144897,109,intervention
6,1849239,0.02143013335193254,0.01021142024546861,0.02960236548902549,0,0.7659285068511963,109,intervention
9,1806047,0.02181807805108412,0.01043082028627395,0.03031559257004521,0,1.1989113092422483,109,intervention
12,1856334,0.02135159914212526,0.0101961325854063,0.02951055176312824,0,0.6406506896018982,109,intervention
15,1835925,0.02113418782874186,0.01009745616465807,0.02908843566502621,0,0.5453564524650574,109,intervention
18,1783140,0.02170132379635191,0.01015836931765079,0.03965017711941878,0,5.716411113739014,109,intervention
21,1823388,0.02128255850514499,0.01017805188894271,0.02936173703176724,0,0.5990013480186462,109,intervention
24,1816960,0.02132797299112136,0.01019817870110273,0.02938560448768869,0,1.1580675840377808,109,intervention
27,1800564,0.02139929488388093,0.01018039416521787,0.02958241944592509,0,0.8544087409973145,109,intervention
30,1825952,0.02172845426923877,0.01041770819574594,0.0299676748452067,0,0.8164356350898743,109,intervention
33,1772340,0.03387929897916937,0.01026090048253536,0.7868716895961737,0,215.53762817382812,109,intervention
36,1827463,0.02104079876740491,0.01009680330753326,0.02895442419654096,0,0.6013466715812683,109,intervention
39,1783935,0.02125885609082282,0.01013091392815113,0.02974088522055868,0,1.4779915809631348,109,intervention
42,1820338,0.02306354752253306,0.01019003521651029,0.11240342837028448,0,24.733495712280273,109,intervention
45,1832832,0.02108365255331799,0.01007654145359993,0.02906446883491115,0,0.5478178858757019,109,intervention
48,1821824,0.02168724934104543,0.01020816527307033,0.0341481445869068,0,3.6560134887695312,109,intervention
0,2471063,0.02108430664013411,0.01009680330753326,0.02898920040326669,0,0.8257994055747986,11,intervention
3,2496204,0.02143484289126735,0.01029472146183252,0.02939447044160587,0,0.5528262853622437,11,intervention
6,2462274,0.02163548323436709,0.0103092361241579,0.02980724785362527,0,0.566896915435791,11,intervention
9,2493890,0.02156275076574757,0.0103092361241579,0.02961149326817402,0,0.7275655269622803,11,intervention
12,2462208,0.02133222517240427,0.01013176795095205,0.0307622463354274,0,2.351530075073242,11,intervention
15,2471183,0.02135527830061017,0.01020899228751659,0.0294455824981305,0,0.7335745096206665,11,intervention
18,2516892,0.02151103533766072,0.01029190607368946,0.0296288574742098,0,0.5861449837684631,11,intervention
21,2493192,0.02132350367122576,0.01027532387524843,0.02932452181635224,0,0.5477128624916077,11,intervention
24,2516676,0.02116621892426034,0.01014187838882207,0.02913020182964414,0,0.6931260228157043,11,intervention
27,2518434,0.02115499305476279,0.01009966991841793,0.02911851374543302,0,0.566896915435791,11,intervention
30,2512189,0.02126652776398574,0.01014187838882207,0.0293531745401507,0,0.6720899939537048,11,intervention
33,2553642,0.02207734218427108,0.01056308951228857,0.03076528452156643,0,1.4260573387145996,11,intervention
36,2517944,0.02132630591310121,0.01019003521651029,0.02944198454753688,0,0.705035388469696,11,intervention
39,2521575,0.02116329846090519,0.01009745616465807,0.02916610704251666,0,0.5612673759460449,11,intervention
42,2486529,0.02117045018604232,0.01009680330753326,0.02924496679847927,0,0.5424096584320068,11,intervention
45,2535504,0.02112998822390205,0.01012539770454168,0.02910547136685035,0,0.6841755509376526,11,intervention
48,2529040,0.02127499687669587,0.01021142024546861,0.02919629851569501,0,0.5912078619003296,11,intervention
0,2395215,0.02140874230802648,0.01019916590303182,0.03005045251182692,0,2.1291658878326416,110,intervention
3,2430285,0.02117831719649028,0.01014187838882207,0.02925114799332519,0,1.4794541597366333,110,intervention
6,2374392,0.02139396775801064,0.01019817870110273,0.02943759452312441,0,0.6994975805282593,110,intervention
9,2339130,0.02209075495536682,0.01049067731946706,0.03099773235139291,0,1.757595777511597,110,intervention
12,2407975,0.02106117404744149,0.01010505203157663,0.02898663546576219,0,0.6018474102020264,110,intervention
15,2420047,0.02117787808841905,0.0101230964064598,0.02926232167025155,0,0.7472326755523682,110,intervention
18,2413020,0.02117680054435219,0.01011297851800918,0.02921062515965338,0,0.566896915435791,110,intervention
21,2446100,0.02127849512699921,0.01020816527307033,0.0292571031161285,0,0.5427795648574829,110,intervention
24,2464059,0.0212473603428836,0.01010441780090332,0.0294042128432953,0,0.6546949148178101,110,intervention
27,2452989,0.02111940219339898,0.01012489944696426,0.02903008592945465,0,0.566896915435791,110,intervention
30,2450410,0.02159347778937146,0.01032442972064018,0.02990855447739141,0,1.081376552581787,110,intervention
33,2433828,0.0214974915724613,0.01032564416527748,0.029563365176719852,0,0.6073164939880371,110,intervention
36,2440594,0.02129926610805648,0.01014972385019064,0.02939836174281701,0,0.6779911518096924,110,intervention
39,2437352,0.02132549680691989,0.01018881052732467,0.02935107003093871,0,0.6546949148178101,110,intervention
42,2417064,0.02149112628246884,0.01028176397085189,0.02974244005185142,0,1.0023287534713743,110,intervention
45,2388672,0.02144587588974602,0.01020774897187948,0.02950944632078718,0,0.5866675972938538,110,intervention
48,2469503,0.02142240858773901,0.01029190607368946,0.02952349884511174,0,0.8290563225746155,110,intervention
0,2743836,0.02166417433927172,0.01020811032503843,0.03383803180738787,0,4.370756149291992,111,intervention
3,2788704,0.02410097005479251,0.01015533600002527,0.19626083330559804,0,43.070159912109375,111,intervention
6,2793822,0.02121857382946914,0.01010818034410476,0.02918571723518031,0,0.5744583010673523,111,intervention
9,2738541,0.02158355347817372,0.01032416895031929,0.02975585053821767,0,0.6885101199150085,111,intervention
12,2720388,0.02146073986169331,0.01025962736457586,0.02962024797582883,0,0.7517292499542236,111,intervention
15,2791757,0.02130418290708227,0.01019725762307643,0.0295286182845539,0,1.0620689392089844,111,intervention
18,2752280,0.02342704316352371,0.01022406760603189,0.139317055004055,0,38.06772232055664,111,intervention
21,2710150,0.02230031083060067,0.01068588718771934,0.03111005466209973,0,2.047628879547119,111,intervention
24,2748366,0.02127953599207474,0.01014187838882207,0.02936691199227817,0,0.5774161219596863,111,intervention
27,2711933,0.02134465896107944,0.01018881052732467,0.0294216400116298,0,0.8063665628433228,111,intervention
30,2766871,0.02461366232326954,0.01042083464562893,0.2048856633596994,0,58.6561164855957,111,intervention
33,2785417,0.02140095414967451,0.01025084871798753,0.0294713983988094,0,0.5674200057983398,111,intervention
36,2813250,0.0213751467146226,0.01015836931765079,0.03088640952212899,0,3.085134267807007,111,intervention
39,2691656,0.02128224239965856,0.01015533600002527,0.02937441777871934,0,0.645098090171814,111,intervention
42,2755431,0.02150133162939097,0.01029190607368946,0.02976551566217167,0,0.8457525372505188,111,intervention
45,2752112,0.0218656426342152,0.01041232794523239,0.03129775794331795,0,2.3913564682006836,111,intervention
48,2751605,0.02138589328707636,0.01014051400125026,0.03143414081271479,0,3.616430759429931,111,intervention
0,1879592,0.02128952956053543,0.01015910878777504,0.02937146890494926,0,0.5334551334381104,112,intervention
3,1918200,0.02128823910281775,0.01018339022994041,0.02970657242256823,0,1.414492130279541,112,intervention
6,1886482,0.02119552391449761,0.01009680330753326,0.02922261228943534,0,0.7982030510902405,112,intervention
9,1934781,0.02164063735507861,0.01038636267185211,0.02981990808124052,0,0.5089103579521179,112,intervention
12,1934737,0.02133528543499424,0.01022313255816698,0.02949433907923291,0,1.0018645524978638,112,intervention
15,1898875,0.02137197248432791,0.01016939245164394,0.02959715560852213,0,0.8128987550735474,112,intervention
18,1919538,0.02133575233722258,0.01020899228751659,0.02939080385803201,0,0.7450250387191772,112,intervention
21,1878088,0.02153830567479412,0.01029190607368946,0.02996621507235512,0,1.9210542440414429,112,intervention
24,1925100,0.02121464714390281,0.01014187838882207,0.02962033056131896,0,1.246457815170288,112,intervention
27,1943235,0.02129996151832896,0.01017491333186626,0.02939026715514177,0,0.6009652614593506,112,intervention
30,1893372,0.02136220396076236,0.01021142024546861,0.02937727050332365,0,0.5679451823234558,112,intervention
33,1898875,0.02127823540247271,0.01013846974819898,0.02935991753939488,0,0.564775824546814,112,intervention
36,1895840,0.02112216723234195,0.01009745616465807,0.02905173791948936,0,0.6037072539329529,112,intervention
39,1909803,0.02118256464861973,0.01014187838882207,0.0291598769666515,0,0.8484119176864624,112,intervention
42,1893375,0.02151081670261496,0.01029415894299745,0.02956445131755683,0,0.5136807560920715,112,intervention
45,1954283,0.02145099523446033,0.01024740934371948,0.03029613031967984,0,2.6743860244750977,112,intervention
48,1890576,0.02139102691819701,0.01019329857081174,0.02978681204746544,0,1.574864625930786,112,intervention
0,3095568,0.02148852104150493,0.01019817870110273,0.03243830809432116,0,5.118288993835449,113,intervention
3,3085182,0.02145975643325609,0.01029190607368946,0.02954424685531878,0,0.646826446056366,113,intervention
6,3099318,0.02097394175052592,0.01007323712110519,0.02884997245392187,0,0.6075363755226135,113,intervention
9,3097564,0.02170233705877361,0.01041570212692022,0.02989515336099443,0,0.7804663777351379,113,intervention
12,3020160,0.0212847282179368,0.01018474344164133,0.02931445878762297,0,0.6633915305137634,113,intervention
15,3122253,0.02136221250046735,0.01019817870110273,0.02940310891255281,0,0.5424096584320068,113,intervention
18,3123676,0.02136242787152596,0.01023707911372184,0.02938420443101738,0,0.5856093168258667,113,intervention
21,3111500,0.02133152071229746,0.01020852196961641,0.02934029512383503,0,0.6513339281082153,113,intervention
24,3067746,0.02132321692805822,0.01019003521651029,0.02989981838778589,0,2.116729974746704,113,intervention
27,3109776,0.02146144383274205,0.01026951801031828,0.02949293841017098,0,0.5737672448158264,113,intervention
30,3092082,0.02132237160793486,0.01019003521651029,0.02936220025592819,0,0.6841755509376526,113,intervention
33,3155862,0.02210525136864215,0.01050102151930332,0.03400860185335155,0,3.956965684890747,113,intervention
36,3037760,0.0213103283828842,0.01020367816090583,0.02932397138396389,0,0.6287680268287659,113,intervention
39,3055504,0.02120004931611335,0.01009692717343568,0.02935614277551468,0,1.0141878128051758,113,intervention
42,3064040,0.02137876349938005,0.01023582927882671,0.02941321727545772,0,0.6767114400863647,113,intervention
45,3081624,0.02181877689205229,0.01043082028627395,0.03008830906279484,0,0.566896915435791,113,intervention
48,3028960,0.02151303389541248,0.01026951801031828,0.02967202371858706,0,0.5702458024024963,113,intervention
0,2008886,0.02162946281565223,0.01009745616465807,0.04146024989254201,0,6.091989040374756,114,intervention
3,1987011,0.02267298688876854,0.01016088481992483,0.09027351815521516,0,14.753896713256836,114,intervention
6,2029068,0.02203171762955848,0.01054169703274965,0.03065982156904861,0,1.0796688795089722,114,intervention
9,2021508,0.02135313219801735,0.01017220877110958,0.02975826126379827,0,1.0508558750152588,114,intervention
12,2045338,0.02176249602157697,0.01042083464562893,0.03164924586907221,0,2.745068311691284,114,intervention
15,1997476,0.02127569092815785,0.01018708478659391,0.02927955234457353,0,0.566896915435791,114,intervention
18,2041557,0.02146605170164056,0.01020899228751659,0.03039975630936619,0,2.31522798538208,114,intervention
21,2057140,0.02182519882693497,0.01051750313490629,0.0300510790013021,0,0.5983755588531494,114,intervention
24,2004990,0.02128714042311345,0.01019817870110273,0.02919318777488981,0,0.5949901938438416,114,intervention
27,2016630,0.02102626005993232,0.01006038021296262,0.02894056335061809,0,0.566896915435791,114,intervention
30,2013237,0.02193906816356369,0.01054498180747032,0.03015960210576297,0,0.646826446056366,114,intervention
33,2040372,0.02148233981675417,0.01025223731994628,0.02965599626407961,0,0.566896915435791,114,intervention
36,2065594,0.02137826994243411,0.01016939245164394,0.02950031756002657,0,0.736786961555481,114,intervention
39,2062200,0.02134669927041742,0.01021051127463579,0.0293868834854991,0,0.593624472618103,114,intervention
42,2005416,0.02149980312803244,0.0102979065850377,0.02966266604333856,0,0.6711089015007019,114,intervention
45,2019670,0.02136954050740096,0.01023045368492603,0.0294203893285081,0,0.6546949148178101,114,intervention
48,2030000,0.02129284469266004,0.0101820770651102,0.02933043045385996,0,0.5477128624916077,114,intervention
0,2915554,0.02153026023140375,0.01028378121554851,0.02993153663733556,0,1.3646578788757324,115,intervention
3,2966994,0.0214286088682451,0.01024753227829933,0.02995197087997428,0,1.589280128479004,115,intervention
6,2979027,0.02168337864570269,0.01036625634878873,0.03048569700831466,0,1.8582112789154053,115,intervention
9,3034080,0.02152001551359195,0.01022313255816698,0.03331082466228579,0,4.559337615966797,115,intervention
12,2939378,0.0211683352746746,0.01013434585183858,0.02910609939194323,0,0.5859276652336121,115,intervention
15,2970450,0.02120644858983536,0.01013137679547071,0.02916196144523393,0,0.6767114400863647,115,intervention
18,2956524,0.02152066916868589,0.01028386875987053,0.02982967006020524,0,0.965787410736084,115,intervention
21,2972095,0.02320954579166071,0.01027808338403701,0.12433649963210214,0,33.1193962097168,115,intervention
24,2963290,0.02122065219193398,0.01014187838882207,0.0292192631453328,0,0.8419538140296936,115,intervention
27,2942910,0.02144993739385534,0.01027040462940931,0.02954507409580388,0,0.6841755509376526,115,intervention
30,2980782,0.0217210427459384,0.01041232794523239,0.03162458525975694,0,2.857038736343384,115,intervention
33,3029184,0.02146311748948809,0.01029121596366167,0.02965304040297369,0,0.7617677450180054,115,intervention
36,2978955,0.021374609600128672,0.01023883651942014,0.02943124161552001,0,0.566896915435791,115,intervention
39,3018876,0.02155109997724633,0.01032379176467657,0.02980087844296132,0,0.9869561195373536,115,intervention
42,2954925,0.02119233260386177,0.01012821216136217,0.02918750984824416,0,0.566896915435791,115,intervention
45,3003280,0.02175766341320657,0.01043082028627395,0.03005828565302808,0,0.6201756000518799,115,intervention
48,2960472,0.02111474046762006,0.01009854767471551,0.02909168247918356,0,0.5679451823234558,115,intervention
0,1841440,0.02149155467538479,0.0102657014504075,0.0295310239070332,0,0.566896915435791,116,intervention
3,1825200,0.02118244739269354,0.01009680330753326,0.02909228121160594,0,0.5844369530677795,116,intervention
6,1831830,0.02163299430605132,0.0103535745292902,0.02978172854755811,0,0.5240172743797302,116,intervention
9,1857760,0.02146880336824151,0.01025426480919122,0.02960059636358508,0,0.5866675972938538,116,intervention
12,1829226,0.02129077682812715,0.01014187838882207,0.02929354502033322,0,0.4817076325416565,116,intervention
15,1815756,0.02136274240955647,0.01025223731994628,0.02937752631747906,0,0.6841755509376526,116,intervention
18,1810340,0.02135072151674181,0.01019003521651029,0.02928905054818069,0,0.48501056432724,116,intervention
21,1829256,0.02164182754970858,0.01039798650890588,0.02971567392882042,0,0.6841755509376526,116,intervention
24,1817040,0.02121207634997524,0.01011834759265184,0.02928197379720632,0,0.646826446056366,116,intervention
27,1845502,0.02144973973301076,0.01025302521884441,0.02958738646579735,0,0.5681390166282654,116,intervention
30,1868688,0.02132074089096549,0.01019329857081174,0.02930893169476475,0,0.5511287450790405,116,intervention
33,1815700,0.02145965754940711,0.01025845110416412,0.02952994415428633,0,0.5744583010673523,116,intervention
36,1844115,0.02121327994772177,0.01013434585183858,0.02915325251048478,0,0.5011822581291199,116,intervention
39,1805975,0.02124253880255444,0.01011834759265184,0.02925057843029789,0,0.6399449706077576,116,intervention
42,1811680,0.02131082790134616,0.01017808075994253,0.02935377296928534,0,0.568489134311676,116,intervention
45,1829046,0.0214094686745043,0.01023045368492603,0.02944784256331334,0,0.924505352973938,116,intervention
48,1800883,0.02133276675416475,0.0101961325854063,0.02927637501627291,0,0.5526943802833557,116,intervention
0,3152388,0.02115301766374424,0.01010505203157663,0.02921629596957998,0,0.7047480344772339,117,intervention
3,3155946,0.02105124061601046,0.01009680330753326,0.02893135354061088,0,0.566896915435791,117,intervention
6,3085290,0.02238019309667794,0.01041570212692022,0.05595617240606726,0,12.664234161376951,117,intervention
9,3130948,0.02138773561856476,0.01024536695331335,0.02938239791140794,0,0.6129453182220459,117,intervention
12,3090528,0.02122422927563616,0.01009745616465807,0.02934305229226593,0,0.7394261956214905,117,intervention
15,3123966,0.02129417521311068,0.01017220877110958,0.02931253234812984,0,0.6325857043266296,117,intervention
18,3118656,0.02475985206422469,0.01051566656678915,0.21782093156312943,0,87.37366485595703,117,intervention
21,3145300,0.02135132761644851,0.01021051127463579,0.02938138476713246,0,0.5583107471466064,117,intervention
24,3069423,0.02175869328853955,0.01023045368492603,0.03625928333367025,0,5.942245006561279,117,intervention
27,3122033,0.02142500548907337,0.01024833600968122,0.02998605152239044,0,1.300728440284729,117,intervention
30,3119922,0.0213843900826879,0.01027693971991539,0.02942069283592661,0,0.6705918312072754,117,intervention
33,3125824,0.02129156476535877,0.01015686802566051,0.02952279996448709,0,1.3281018733978271,117,intervention
36,3216510,0.02123820409130358,0.0101230964064598,0.02946769895448634,0,1.0050398111343384,117,intervention
39,3087936,0.02133512707036354,0.0101820770651102,0.02990079279263929,0,2.1699557304382324,117,intervention
42,3171960,0.02158442644586181,0.01036267355084419,0.03002481838445341,0,2.008610725402832,117,intervention
45,3112530,0.02149434813281304,0.01029190607368946,0.02959871024765465,0,0.7317372560501099,117,intervention
48,3148430,0.02140419109389816,0.0101961325854063,0.02978012768225812,0,1.2491823434829712,117,intervention
0,2697674,0.02116916180539062,0.01012286450713872,0.02911511978184086,0,0.566896915435791,118,intervention
3,2750592,0.02130604932733932,0.01020816527307033,0.02932973978524074,0,0.6780120730400085,118,intervention
6,2739016,0.02125735381202232,0.01018474344164133,0.02926257173049465,0,0.6073164939880371,118,intervention
9,2743986,0.02139766195577113,0.01022313255816698,0.02953505714512773,0,0.806500256061554,118,intervention
12,2772144,0.02136787091754587,0.01023827772587537,0.02946823931721022,0,0.6075363755226135,118,intervention
15,2755551,0.02115538753768088,0.01011506933718919,0.02906865425942041,0,0.9142566919326782,118,intervention
18,2783242,0.02175075449025611,0.0104194525629282,0.03060477031278583,0,1.9106528759002688,118,intervention
21,2798920,0.02130159663526953,0.01025842409580946,0.02941158136818281,0,0.7454280257225037,118,intervention
24,2717210,0.02114935931404166,0.01007482130080461,0.0291915264713146,0,0.7167431116104126,118,intervention
27,2732400,0.02126403060500294,0.01011413894593715,0.02962445496083838,0,1.6347429752349854,118,intervention
30,2793780,0.02182191297088021,0.01040816493332386,0.03314987836846952,0,3.039212465286255,118,intervention
33,2763816,0.02152657901537521,0.01021142024546861,0.03296613849583622,0,4.867225170135498,118,intervention
36,2752137,0.02128679721400003,0.01015673950314521,0.02933328730167821,0,0.7240395545959473,118,intervention
39,2738976,0.02117899292744167,0.0101178977638483,0.02912744347514189,0,0.5744583010673523,118,intervention
42,2679688,0.02129284770736985,0.01018039416521787,0.0292444181954481,0,0.646826446056366,118,intervention
45,2790558,0.02122541334704444,0.01015836931765079,0.02928515933298733,0,0.566896915435791,118,intervention
48,2735667,0.02116148659272402,0.01009854767471551,0.02910315714072396,0,0.566896915435791,118,intervention
0,2470306,0.02142367521862075,0.01028641499578952,0.02943065617634833,0,0.5073279142379761,119,intervention
3,2465138,0.02112221507603496,0.01007654145359993,0.0290005355851732,0,0.5482248663902283,119,intervention
6,2474342,0.02109899571547292,0.01009854767471551,0.02903327329315858,0,0.5434810519218445,119,intervention
9,2482490,0.0217914476651471,0.01043082028627395,0.03009206919131761,0,0.7598896026611328,119,intervention
12,2457103,0.02136040797454102,0.01020677480846643,0.02940121723025697,0,0.6075363755226135,119,intervention
15,2502414,0.02166200896270235,0.01042874343693256,0.02979268684794186,0,1.034854292869568,119,intervention
18,2527968,0.02164665725112561,0.01041232794523239,0.02976560611980746,0,0.8756565451622009,119,intervention
21,2424963,0.02109564722920305,0.01005537528544664,0.02908709304011247,0,0.6779300570487976,119,intervention
24,2438323,0.02148442868795035,0.0103092361241579,0.02955893302702666,0,0.6841755509376526,119,intervention
27,2476600,0.02135382138560741,0.01024753227829933,0.02942835183764664,0,0.6841755509376526,119,intervention
30,2454300,0.02156728573558277,0.01034712325781583,0.02978646931903564,0,0.646826446056366,119,intervention
33,2483329,0.02137743107340848,0.01022313255816698,0.02941665104339284,0,0.5150874257087708,119,intervention
36,2459645,0.02122205365025288,0.01015533600002527,0.02923862626816428,0,0.6841755509376526,119,intervention
39,2452732,0.02121311498788232,0.01013846974819898,0.02920691519833005,0,0.5679451823234558,119,intervention
42,2521352,0.02138129177537118,0.01024901680648326,0.02948474975311684,0,0.646826446056366,119,intervention
45,2433585,0.02112508618625306,0.01007654145359993,0.02907977772182521,0,0.6013466715812683,119,intervention
48,2514027,0.02124298422057526,0.01019879058003425,0.02938054146437411,0,0.8546111583709717,119,intervention
0,4418154,0.0211434273390619,0.01008901745080947,0.02930072143119621,0,0.9902684092521667,12,intervention
3,4377224,0.02127715161455413,0.01012286450713872,0.03002052764868696,0,1.9645731449127195,12,intervention
6,4371957,0.02128479834266687,0.01013091392815113,0.0296634542049164,0,1.333218693733215,12,intervention
9,4370985,0.02145792167112552,0.01027282048016786,0.02963027645018411,0,1.0670526027679443,12,intervention
12,4348554,0.02124025847765566,0.01014709193259477,0.02926946486141378,0,0.6633915305137634,12,intervention
15,4356726,0.02129599713834098,0.01016408950090408,0.02938651702492952,0,0.613581657409668,12,intervention
18,4404037,0.02140663466077226,0.01022313255816698,0.02955045494975711,0,1.036099553108215,12,intervention
21,4360840,0.02126219246662845,0.01011159271001815,0.02951037600764421,0,1.1049951314926147,12,intervention
24,4386174,0.02128481076668855,0.01015751436352729,0.02941024575878594,0,1.5627670288085938,12,intervention
27,4371797,0.02163841351941447,0.0103092361241579,0.03123614181554424,0,3.032909393310547,12,intervention
30,4387504,0.0214926831865552,0.01016013976186513,0.03164854505273945,0,3.776819944381714,12,intervention
33,4425216,0.02155711769883337,0.01018039416521787,0.03424708876412188,0,4.884507179260254,12,intervention
36,4357276,0.02130021454500257,0.01014187838882207,0.02927996589899846,0,0.7368083000183105,12,intervention
39,4413417,0.02128128131894197,0.01018474344164133,0.02927257315591298,0,0.566896915435791,12,intervention
42,4339332,0.02138372817185277,0.01021586917340755,0.02946135354934113,0,0.6546949148178101,12,intervention
45,4460673,0.02158917674353804,0.01019067037850618,0.03465622992402566,0,4.8574018478393555,12,intervention
48,4223188,0.02132583640124297,0.01013870444148779,0.02939158092984098,0,0.8484119176864624,12,intervention
0,2717265,0.02121982789936172,0.01009745616465807,0.02928290073249395,0,0.6841755509376526,120,intervention
3,2717976,0.0212369613569287,0.01014235895127058,0.02926856729151447,0,0.5482248663902283,120,intervention
6,2698488,0.02140040394097374,0.01022921223193407,0.02952010357458792,0,0.646826446056366,120,intervention
9,2717757,0.02137237763549735,0.01028176397085189,0.02941330933156931,0,0.646826446056366,120,intervention
12,2717757,0.02120325707582527,0.01014187838882207,0.02917733055765476,0,0.5594295859336853,120,intervention
15,2695140,0.02122385983179824,0.01017220877110958,0.02922021909955347,0,0.6841755509376526,120,intervention
18,2725970,0.02139564520352671,0.01032442972064018,0.02940949162985133,0,0.5759917497634888,120,intervention
21,2721180,0.02127203052944192,0.01018422283232212,0.02924978007987233,0,0.5265645980834961,120,intervention
24,2687778,0.02143546588274271,0.01021746080368757,0.02947149925868413,0,0.7240395545959473,120,intervention
27,2673220,0.02133080968184632,0.01019003521651029,0.02937459148888298,0,0.5688398480415344,120,intervention
30,2742586,0.02142998504817133,0.01027532387524843,0.0295419922631786,0,0.61549311876297,120,intervention
33,2737936,0.02145699051233643,0.01032379176467657,0.02956878761048183,0,0.6287680268287659,120,intervention
36,2694315,0.02120562536370746,0.01014577597379684,0.029178843528407,0,0.6546949148178101,120,intervention
39,2731184,0.02136420878198597,0.01027282048016786,0.0293909861941484,0,0.5744583010673523,120,intervention
42,2755778,0.02133844031173618,0.01022883038967847,0.0293114021755498,0,0.6032311320304871,120,intervention
45,2761554,0.02118985671846885,0.01015715114772319,0.02914989038277092,0,0.5784626603126526,120,intervention
48,2658136,0.02115880284912111,0.0101826200261712,0.02910631131011336,0,0.646826446056366,120,intervention
0,1715844,0.02100774714012553,0.01006832718849182,0.02891818419237257,0,0.5744583010673523,121,intervention
3,1751470,0.02146276287109719,0.01027894672006368,0.02947474971901401,0,0.5279672741889954,121,intervention
6,1747395,0.02166822974223421,0.01036267355084419,0.02984851969376888,0,0.7511836886405945,121,intervention
9,1697640,0.02135980003461817,0.0102016506716609,0.0293725306648073,0,0.6767114400863647,121,intervention
12,1743564,0.02116955903302856,0.01010789535939693,0.02914521822273557,0,0.514768123626709,121,intervention
15,1739752,0.02144656055071266,0.01025635842233896,0.02946428319594143,0,0.6359267234802246,121,intervention
18,1763463,0.02139745151894585,0.010292649269104,0.02938461192294359,0,0.5136807560920715,121,intervention
21,1778112,0.02173418054502992,0.01047122851014137,0.02988150068985534,0,0.6153317093849182,121,intervention
24,1723876,0.02125333594405984,0.01019003521651029,0.02919831989947991,0,0.566896915435791,121,intervention
27,1697448,0.02161668874467166,0.01036619674414396,0.02976066950224989,0,0.646826446056366,121,intervention
30,1709536,0.0216340593444852,0.01034253649413585,0.02977948256619516,0,0.5754531621932983,121,intervention
33,1702769,0.02154366851218568,0.01034011598676443,0.0295630073580792,0,0.624072253704071,121,intervention
36,1760568,0.02136435435782299,0.0102657014504075,0.02934655551295307,0,0.607815682888031,121,intervention
39,1747360,0.02132473096257051,0.01018039416521787,0.02934244933985635,0,0.7621273398399353,121,intervention
42,1738286,0.02131569884240066,0.01018474344164133,0.02943740180298705,0,0.5844369530677795,121,intervention
45,1706786,0.02124260469670169,0.01012286450713872,0.02921144219279034,0,0.5367595553398132,121,intervention
48,1758132,0.02122357687172605,0.01019003521651029,0.02913509744417622,0,0.5136807560920715,121,intervention
0,2410184,0.02122826786586916,0.01015533600002527,0.0291995359216951,0,0.6013466715812683,122,intervention
3,2363900,0.02127877241910769,0.01018039416521787,0.0293514606154447,0,0.7551798224449158,122,intervention
6,2330190,0.0216125587426454,0.01034385431557893,0.02974750225755885,0,0.6490405201911926,122,intervention
9,2331725,0.02111103417151457,0.01007403992116451,0.02903197246099935,0,0.566896915435791,122,intervention
12,2400608,0.02145632272400541,0.01029190607368946,0.02948020115195647,0,0.6129453182220459,122,intervention
15,2354688,0.02129946254031755,0.01019109971821308,0.02935191678631485,0,0.5165345072746277,122,intervention
18,2345462,0.02147058992868258,0.01026951801031828,0.02961371854436059,0,0.6841755509376526,122,intervention
21,2302650,0.02147782757462739,0.01021746080368757,0.02958106622682388,0,0.6841755509376526,122,intervention
24,2340864,0.02123997628628349,0.01017054170370102,0.02931839763517041,0,0.6571735143661499,122,intervention
27,2342430,0.02137952969360109,0.01021558325737714,0.02941473355936142,0,0.5265645980834961,122,intervention
30,2348346,0.02116934074778244,0.01009745616465807,0.02918160031117054,0,0.6153317093849182,122,intervention
33,2359271,0.02132291535247665,0.01025164779275655,0.02933265883287101,0,0.540640115737915,122,intervention
36,2310384,0.02116545766430337,0.01009745616465807,0.02917519656274416,0,0.5744583010673523,122,intervention
39,2328667,0.02144138825193027,0.01022786926478147,0.02948661985635938,0,0.6153317093849182,122,intervention
42,2345420,0.02153681173161539,0.0103092361241579,0.02968654095685223,0,0.6393579840660095,122,intervention
45,2330200,0.02127499127850683,0.01014709193259477,0.02948801509953774,0,1.3837323188781738,122,intervention
48,2325576,0.02122570907687817,0.01016408950090408,0.02925423755272167,0,0.5983755588531494,122,intervention
0,2310279,0.02125526549408719,0.01016488391906023,0.02932681278115368,0,0.6767114400863647,123,intervention
3,2289133,0.02122152730062233,0.01020774897187948,0.02910530873451785,0,0.5763967633247375,123,intervention
6,2293438,0.02126058749120918,0.01018039416521787,0.02922647944039906,0,0.5034059286117554,123,intervention
9,2284290,0.02159766190314403,0.01034267619252204,0.02981130186606721,0,0.7454280257225037,123,intervention
12,2328675,0.02135381260259046,0.01020899228751659,0.02953487224956668,0,0.7072367072105408,123,intervention
15,2266348,0.0211657853039218,0.01013798452913761,0.02907581236497251,0,0.5343884229660034,123,intervention
18,2307336,0.02143192594015371,0.0102332467213273,0.029706733844466,0,0.7302723526954651,123,intervention
21,2251120,0.0215650631464633,0.01034712325781583,0.02970526997831809,0,0.6841755509376526,123,intervention
24,2296668,0.02119182131480986,0.01014187838882207,0.02914748490031124,0,0.564775824546814,123,intervention
27,2337312,0.02133921696839119,0.01019616983830928,0.02941774852273097,0,0.5434810519218445,123,intervention
30,2296630,0.02221243988646396,0.01068449951708316,0.03059759682231686,0,0.566896915435791,123,intervention
33,2314362,0.02191789133348462,0.01055414974689483,0.03016799615156635,0,0.566896915435791,123,intervention
36,2212384,0.02122776100770666,0.01014976296573877,0.02929255910586587,0,0.6164817214012146,123,intervention
39,2281010,0.02152086486919752,0.01032021082937717,0.02956188024669592,0,0.6325857043266296,123,intervention
42,2331585,0.02133952697770626,0.01024072710424661,0.02935209191246158,0,0.6841755509376526,123,intervention
45,2300713,0.02124426919246222,0.01018943451344966,0.02926205601721113,0,0.6962780356407166,123,intervention
48,2297772,0.02119135789398968,0.01016088481992483,0.02924080744600201,0,0.5679451823234558,123,intervention
0,1996313,0.02121223173380904,0.0101065244525671,0.0291236251685661,0,0.6822298765182495,124,intervention
3,2016175,0.02134891971282504,0.01016230974346399,0.02940397049314099,0,0.6841755509376526,124,intervention
6,2009286,0.02156658999095941,0.01029190607368946,0.0297975512204245,0,0.9945570826530457,124,intervention
9,2002161,0.02170199569044648,0.01041232794523239,0.02986086575947535,0,0.6075363755226135,124,intervention
12,2064969,0.02140456535691401,0.01019592490047216,0.02947680965692216,0,0.5866675972938538,124,intervention
15,2092356,0.02140452563159401,0.01026090048253536,0.02944438266645095,0,0.566896915435791,124,intervention
18,2040582,0.02142634059972323,0.01026951801031828,0.02958068912962674,0,0.8763275742530823,124,intervention
21,2053473,0.02143784880041858,0.01018881052732467,0.03050619804466457,0,1.797175645828247,124,intervention
24,2069150,0.02126056449245254,0.01018492504954338,0.02936124985069763,0,0.5873621106147766,124,intervention
27,2057580,0.0211882322936256,0.01018039416521787,0.02914060578897443,0,0.6325857043266296,124,intervention
30,2006460,0.02130860729768428,0.01018039416521787,0.02933866511364035,0,0.6633915305137634,124,intervention
33,2036229,0.02197425527040372,0.01055414974689483,0.03025460355446598,0,0.7454280257225037,124,intervention
36,2031744,0.02128337217263662,0.01014187838882207,0.0293198564266488,0,0.5702458024024963,124,intervention
39,2017790,0.02122900627646845,0.01017220877110958,0.02919985665306401,0,0.566896915435791,124,intervention
42,2033376,0.02147541910892965,0.01029190607368946,0.02959091597611426,0,0.566896915435791,124,intervention
45,2015959,0.02171423760292428,0.01021142024546861,0.03481862093195728,0,4.470376968383789,124,intervention
48,2027676,0.02131526137534219,0.01025302521884441,0.0294285218986804,0,0.5500320792198181,124,intervention
0,2591352,0.02126212759002908,0.01014846842736005,0.02922876563741943,0,0.6248982548713684,125,intervention
3,2637261,0.02114960639751042,0.01011506933718919,0.02913881258831151,0,0.7717426419258118,125,intervention
6,2604744,0.02178725652833098,0.01041232794523239,0.03019451192814281,0,0.9762192368507384,125,intervention
9,2564723,0.02139245454480823,0.01020677480846643,0.02964347066238643,0,1.3187469244003296,125,intervention
12,2558948,0.02150208377443328,0.01027693971991539,0.02971866222799234,0,0.99903005361557,125,intervention
15,2585550,0.02119894544728739,0.01009745616465807,0.02941557360784105,0,1.083406925201416,125,intervention
18,2577120,0.02138664214292203,0.01015836931765079,0.02956142274069175,0,0.8918901085853577,125,intervention
21,2600520,0.02139061239008062,0.01024072710424661,0.02948982109607271,0,0.5812798142433167,125,intervention
24,2609055,0.021187829181899442,0.01014187838882207,0.02923421265492952,0,0.5813720226287842,125,intervention
27,2629956,0.02129290814554904,0.01016408950090408,0.02935679363057646,0,0.566896915435791,125,intervention
30,2577960,0.02140461890263518,0.01027484890073537,0.02947657539141278,0,0.5379602313041687,125,intervention
33,2592821,0.02181706896994274,0.01043082028627395,0.03013988979741006,0,0.7541884779930115,125,intervention
36,2560896,0.02120042630344988,0.01013176795095205,0.02913187513304724,0,0.6346561908721924,125,intervention
39,2600400,0.02150351242695011,0.01027808338403701,0.02965956024255438,0,0.6841755509376526,125,intervention
42,2576936,0.02154942561222082,0.01034385431557893,0.02964914645805501,0,0.5866675972938538,125,intervention
45,2580048,0.02136839276034845,0.01026090048253536,0.02950539929305841,0,0.6546949148178101,125,intervention
48,2600730,0.0213634058995242,0.01023812312632799,0.02943348635794052,0,0.7454280257225037,125,intervention
0,1918125,0.02112114224495056,0.01009745616465807,0.02906309912426063,0,0.5679451823234558,126,intervention
3,1976715,0.02108176787292448,0.01008074451237917,0.02907086810897899,0,0.6073858141899109,126,intervention
6,1923733,0.02156740982231408,0.01032501179724931,0.02973740803179921,0,0.646826446056366,126,intervention
9,1961398,0.02151440570354028,0.0103092361241579,0.02964041822316071,0,0.5382612347602844,126,intervention
12,1976772,0.02121212148532442,0.01013091392815113,0.02931939518659096,0,0.566896915435791,126,intervention
15,1936116,0.02137785029782944,0.01022559404373169,0.02941346225464505,0,0.6073858141899109,126,intervention
18,2004992,0.02144326559504118,0.01021171920001506,0.03116950625971664,0,2.537175178527832,126,intervention
21,1948620,0.02121035958278359,0.0101206162944436,0.02922168592228017,0,0.566896915435791,126,intervention
24,1946664,0.02142437286200696,0.01029190607368946,0.02943280051259264,0,0.5120977163314819,126,intervention
27,1917549,0.02146778858277768,0.0102657014504075,0.02960923202159124,0,0.5065930485725403,126,intervention
30,1979640,0.02134045800523206,0.0102332467213273,0.02945099872573832,0,0.8303912878036499,126,intervention
33,1985277,0.02133815513914585,0.01019329857081174,0.02930585890714126,0,0.5941830277442932,126,intervention
36,1909860,0.02129685184421696,0.01021809969097375,0.02926825194171128,0,0.566896915435791,126,intervention
39,1968373,0.02139913806704551,0.0102657014504075,0.0294946361432982,0,0.6195765733718872,126,intervention
42,1919610,0.02115325867617821,0.01009680330753326,0.02919399416363282,0,0.6994975805282593,126,intervention
45,1950140,0.02134133402416013,0.01021746080368757,0.02933371325307837,0,0.6679729223251343,126,intervention
48,1934760,0.02126694154345825,0.01014187838882207,0.02930183412677937,0,0.566896915435791,126,intervention
0,3284884,0.02145316645578109,0.01029649283736944,0.02953413111980494,0,0.5744583010673523,127,intervention
3,3227322,0.02139550611195372,0.01021051127463579,0.02942951483753568,0,0.566896915435791,127,intervention
6,3272465,0.02156464089118995,0.01036742702126503,0.02971007192785169,0,0.6822298765182495,127,intervention
9,3220140,0.0213793416530713,0.01014187838882207,0.03185657148141843,0,3.463552951812744,127,intervention
12,3301453,0.02120641398803445,0.0101230964064598,0.02920642481579566,0,0.6904447078704834,127,intervention
15,3293325,0.02143744341283019,0.01020378991961479,0.0298902684539558,0,1.7083629369735718,127,intervention
18,3270292,0.02116806319844924,0.01009745616465807,0.02929333174863213,0,1.065664768218994,127,intervention
21,3279192,0.02162677523686875,0.01032416895031929,0.03002206651305685,0,1.3107030391693115,127,intervention
24,3290475,0.02131084668370918,0.01010818034410476,0.03122852234479238,0,3.860630750656128,127,intervention
27,3222021,0.02147200867428993,0.01024835463613271,0.0296180256499953,0,0.7117287516593933,127,intervention
30,3239831,0.02137982766818166,0.01025699637830257,0.02947088730351045,0,0.745116114616394,127,intervention
33,3212456,0.02198863322934825,0.01047859620302915,0.03215411286262806,0,2.795307159423828,127,intervention
36,3264888,0.02130711724336944,0.01018039416521787,0.02935898265243956,0,0.7534236311912537,127,intervention
39,3200496,0.02126491978341076,0.01014187838882207,0.02932469749164882,0,0.6027032732963562,127,intervention
42,3281190,0.02119134171033509,0.01010505203157663,0.02932531347935907,0,1.1857378482818604,127,intervention
45,3292398,0.02137368796200693,0.01020899228751659,0.02944629256586508,0,0.8209664225578308,127,intervention
48,3312384,0.02130985806303011,0.01015533600002527,0.02946054520645546,0,0.8938791751861572,127,intervention
0,2274272,0.0211931135714089,0.01013434585183858,0.02907455723434537,0,0.6633915305137634,128,intervention
3,2294892,0.02142208981768136,0.01024166215211153,0.02960414903585069,0,0.646826446056366,128,intervention
6,2290260,0.02155041615645849,0.01038938388228416,0.02961698216483939,0,0.566896915435791,128,intervention
9,2275481,0.02119694938570854,0.01017491333186626,0.02915162905843694,0,0.7014365792274475,128,intervention
12,2262398,0.02138160691054918,0.01022590510547161,0.0294268540627955,0,0.5001779794692993,128,intervention
15,2254644,0.02124171584328402,0.01014235895127058,0.02919988855456811,0,0.5106523036956787,128,intervention
18,2268672,0.02135397415772964,0.01020816527307033,0.02942228710050505,0,0.5337965488433838,128,intervention
21,2283640,0.0285274523912599,0.01028567645698785,0.4875321165610377,0,142.84947204589844,128,intervention
24,2266100,0.02138569919954638,0.01019968371838331,0.02945858543749406,0,0.5065930485725403,128,intervention
27,2278070,0.02135531825081317,0.01019003521651029,0.02945414386398644,0,0.566896915435791,128,intervention
30,2254536,0.02169442378798134,0.01039715949445962,0.0298053509776744,0,0.566896915435791,128,intervention
33,2287648,0.0214071247627611,0.01021142024546861,0.02946920981789282,0,0.5617455840110779,128,intervention
36,2325258,0.02120187884994253,0.01012286450713872,0.02951578393652174,0,1.3311176300048828,128,intervention
39,2321781,0.02117244540640929,0.01013434585183858,0.0290748139884487,0,0.566896915435791,128,intervention
42,2269476,0.02162698462613293,0.0103261349722743,0.02978329895008915,0,0.6129453182220459,128,intervention
45,2299614,0.02136937627753996,0.01027532387524843,0.02941248778187897,0,0.6344124674797058,128,intervention
48,2280850,0.02126488940453209,0.01014187838882207,0.02927810996310599,0,0.7454280257225037,128,intervention
0,2977768,0.02132614718095987,0.01019067037850618,0.02942117368152958,0,0.6679729223251343,129,intervention
3,3012264,0.02133787217604793,0.01012286450713872,0.03016931409041768,0,2.7987635135650635,129,intervention
6,3003501,0.02137699070590011,0.01020774897187948,0.02948297238226438,0,0.6788439750671387,129,intervention
9,3011934,0.02137918193489913,0.01019817870110273,0.02944206042525544,0,0.7522907257080078,129,intervention
12,2964432,0.0212317532139953,0.01009854767471551,0.02925171495672246,0,0.6613544821739197,129,intervention
15,2986620,0.02118246777399688,0.01009745616465807,0.02917933620950029,0,0.621270477771759,129,intervention
18,3015600,0.0216350034181094,0.01022313255816698,0.03625550201194318,0,5.6880035400390625,129,intervention
21,3071628,0.0212892626081104,0.01017239224165678,0.02928719634952249,0,0.5594295859336853,129,intervention
24,3034685,0.02142213705509329,0.0102389482781291,0.02957651599679978,0,0.7454280257225037,129,intervention
27,3037878,0.02138551228238116,0.01016445457935333,0.02990017529618236,0,1.3965271711349487,129,intervention
30,2997813,0.0214301694463488,0.01025842409580946,0.02951292512816124,0,0.6013466715812683,129,intervention
33,3067825,0.02134298027969078,0.01020899228751659,0.02938873472146284,0,0.7454280257225037,129,intervention
36,3071682,0.02136486578856303,0.01017777062952518,0.03035897514898555,0,2.6219074726104736,129,intervention
39,3005068,0.02145261981415452,0.01013091392815113,0.03324761949864265,0,5.40841817855835,129,intervention
42,2973451,0.02123366847044938,0.01009680330753326,0.02943684453075224,0,1.0053282976150513,129,intervention
45,2978588,0.02161557000735359,0.01027111522853374,0.03150401090079979,0,3.841963768005371,129,intervention
48,2962475,0.02119116731801102,0.01010818034410476,0.02915006547316676,0,0.646826446056366,129,intervention
0,2235330,0.02121150910414629,0.01009082794189453,0.02929718248412772,0,0.646826446056366,13,intervention
3,2264970,0.02144186201647427,0.01027532387524843,0.02952558988917809,0,0.7137622833251953,13,intervention
6,2252677,0.02142747313272676,0.01027532387524843,0.02960899819387066,0,0.928296685218811,13,intervention
9,2275362,0.02155853735196444,0.01032442972064018,0.02969366627787076,0,0.7815737724304199,13,intervention
12,2305917,0.02121919755511232,0.0101230964064598,0.02929291049076874,0,0.6841755509376526,13,intervention
15,2258813,0.02141049696982487,0.01027808338403701,0.02943052394147694,0,0.5265645980834961,13,intervention
18,2251318,0.02140931360744934,0.01023571658879518,0.02952068341116315,0,0.6287680268287659,13,intervention
21,2221284,0.02136678805786564,0.01016488391906023,0.02941545927550957,0,0.7240395545959473,13,intervention
24,2275110,0.02122551773472061,0.01018474344164133,0.02922307477770439,0,0.7106826901435852,13,intervention
27,2273103,0.02145733198171245,0.01027000602334737,0.02956652474048416,0,0.7576220631599426,13,intervention
30,2260572,0.02163871326569326,0.01036149635910987,0.02986493197078468,0,0.6841755509376526,13,intervention
33,2281752,0.02213675450234596,0.01054205652326345,0.03153215639778595,0,2.195594310760498,13,intervention
36,2221318,0.02124237502966467,0.01013434585183858,0.0293408929061562,0,0.566896915435791,13,intervention
39,2225664,0.02146068533451113,0.01025845110416412,0.02951890907390417,0,0.5528262853622437,13,intervention
42,2230530,0.02120211994789925,0.01011015381664037,0.02935008547024844,0,1.049438238143921,13,intervention
45,2241694,0.02133707847006317,0.01019439473748207,0.02991966620758834,0,1.899391770362854,13,intervention
48,2258813,0.02126517283891263,0.01019212789833545,0.02920431569927719,0,0.5265645980834961,13,intervention
0,2903514,0.02126049739651817,0.01019003521651029,0.02926935185105881,0,0.566896915435791,130,intervention
3,2920537,0.02135515693988474,0.01020899228751659,0.02945049513262602,0,0.6075363755226135,130,intervention
6,2843760,0.02166794799044642,0.01037773583084344,0.03000038077470454,0,0.9125657677650452,130,intervention
9,2938388,0.02143229555840105,0.01026333961635828,0.02947612388477238,0,0.7551798224449158,130,intervention
12,2892022,0.02139608296686609,0.01026951801031828,0.02939249752560703,0,0.6841755509376526,130,intervention
15,2959128,0.02127917082359041,0.0101838894188404,0.02930968054878322,0,0.646826446056366,130,intervention
18,2947800,0.02145461502233679,0.01026951801031828,0.02952460874151134,0,0.566896915435791,130,intervention
21,2921838,0.02156803016467408,0.01033352501690387,0.0296973323697013,0,0.6546949148178101,130,intervention
24,2903087,0.02145015488843291,0.01029190607368946,0.02957948602639741,0,1.3170801401138306,130,intervention
27,2924998,0.02113108318601425,0.01009745616465807,0.0293282506854097,0,1.042862057685852,130,intervention
30,2870338,0.02149474687654389,0.01030545681715011,0.02968661398846169,0,0.8007980585098267,130,intervention
33,2928770,0.02155069041596966,0.01036040857434272,0.02972913124696615,0,0.6325857043266296,130,intervention
36,2850417,0.02112762749233347,0.01011015381664037,0.02905285135164479,0,0.765153169631958,130,intervention
39,2843226,0.02128937298719814,0.01017220877110958,0.0292789364962699,0,0.5065930485725403,130,intervention
42,2915446,0.02134738090331493,0.01014187838882207,0.03029993808121283,0,2.216097831726074,130,intervention
45,2875887,0.02127175425526182,0.01015836931765079,0.02930311114409457,0,0.5983755588531494,130,intervention
48,2878968,0.02134683717682962,0.01018881052732467,0.02947658997148567,0,0.8862889409065247,130,intervention
0,2494314,0.02116047868825081,0.01007654145359993,0.02909364866299777,0,0.5407260656356812,131,intervention
3,2501032,0.02106236097021647,0.01006779354065656,0.02902243129181087,0,0.6806975603103638,131,intervention
6,2470895,0.02138885209235668,0.0101624596863985,0.02965620117545756,0,0.8367049694061279,131,intervention
9,2494610,0.02181947715524029,0.01041577104479074,0.03084491894637203,0,2.119128704071045,131,intervention
12,2527139,0.0213087351112999,0.01018474344164133,0.02932967234993107,0,0.7587483525276184,131,intervention
15,2483946,0.02144176968638559,0.0101961325854063,0.02964953327200017,0,1.3939896821975708,131,intervention
18,2448864,0.02135280826268529,0.01017491333186626,0.03029010437847976,0,2.6149446964263916,131,intervention
21,2517993,0.02125274765860369,0.01012489944696426,0.0293123953284428,0,0.7365095615386963,131,intervention
24,2502148,0.0211606290325127,0.01009680330753326,0.02919032573794576,0,0.6129453182220459,131,intervention
27,2466164,0.02118625590394136,0.01009745616465807,0.02912792041837207,0,0.5136807560920715,131,intervention
30,2491392,0.02139593310228808,0.01025842409580946,0.02947720592017102,0,0.6538751125335693,131,intervention
33,2519344,0.02157683138231539,0.01030782330781221,0.02993430265029455,0,1.06178081035614,131,intervention
36,2496396,0.02126971309953642,0.01014187838882207,0.0293565007451553,0,0.8210071325302124,131,intervention
39,2518400,0.02144213640093575,0.01026951801031828,0.02961371726936252,0,0.8530648350715637,131,intervention
42,2501700,0.02160070630288501,0.01026951801031828,0.03065817700284218,0,2.5675981044769287,131,intervention
45,2507052,0.02158476113766633,0.01029190607368946,0.02972499934571977,0,0.6209637522697449,131,intervention
48,2527739,0.02221151803112886,0.01018881052732467,0.07025588353914711,0,14.952606201171877,131,intervention
0,2450788,0.02142492088121743,0.01029190607368946,0.0294593997305901,0,0.6633915305137634,132,intervention
3,2425716,0.02120835963394737,0.01015228033065795,0.02914554391181277,0,0.5612673759460449,132,intervention
6,2522520,0.02140844763878086,0.01026437990367412,0.02952960940875495,0,0.6841755509376526,132,intervention
9,2467872,0.02147954875206325,0.01028176397085189,0.02953204707947608,0,0.5034059286117554,132,intervention
12,2428832,0.02113941005994393,0.01009680330753326,0.02906159474663192,0,0.49621522426605225,132,intervention
15,2424128,0.02124089792619837,0.01013176795095205,0.02927276790424218,0,0.6841755509376526,132,intervention
18,2453580,0.02150533229751794,0.0103092361241579,0.02965019672434177,0,0.5655374526977539,132,intervention
21,2430256,0.02119690668018268,0.01014187838882207,0.02922134552931172,0,0.6325857043266296,132,intervention
24,2465918,0.02125809366390773,0.01018339022994041,0.0292469712357436,0,0.566896915435791,132,intervention
27,2420652,0.02133242914932828,0.01020899228751659,0.0293639015633024,0,0.5655374526977539,132,intervention
30,2442485,0.0214708545554306,0.01021586917340755,0.03076698341046174,0,2.355920791625977,132,intervention
33,2458710,0.02132573818142686,0.01021746080368757,0.02932009214430174,0,0.5334551334381104,132,intervention
36,2463274,0.02144305925665854,0.01027245819568634,0.02943514931123611,0,0.7454280257225037,132,intervention
39,2500960,0.02122147401459261,0.01017491333186626,0.02916296820732859,0,0.566896915435791,132,intervention
42,2486353,0.02178304187165864,0.01041577104479074,0.03020840623431056,0,0.7631621360778809,132,intervention
45,2464611,0.02126569917510685,0.01017491333186626,0.02929057916837082,0,0.566896915435791,132,intervention
48,2417829,0.02131599576369902,0.01017292216420173,0.02939302283891479,0,0.568489134311676,132,intervention
0,2052472,0.02141136499614792,0.01020899228751659,0.02963982581867295,0,0.8595506548881531,133,intervention
3,2018400,0.02130785278585464,0.01016853377223014,0.02927427861220622,0,0.5482248663902283,133,intervention
6,1970550,0.0213396866627623,0.01016230974346399,0.02955500448582075,0,0.7551798224449158,133,intervention
9,2026687,0.02138078410355889,0.01022590510547161,0.03033514836144606,0,1.8266984224319456,133,intervention
12,1965366,0.02141066018438118,0.01016939245164394,0.03009934394148245,0,1.594387769699097,133,intervention
15,1980783,0.02135788801464802,0.01021237671375274,0.02937118515102598,0,0.5528262853622437,133,intervention
18,2018800,0.02148411155083468,0.0103092361241579,0.02968073192200619,0,1.2955211400985718,133,intervention
21,1956840,0.02137050672757804,0.01020899228751659,0.02938435235334549,0,0.5034059286117554,133,intervention
24,2044350,0.02115726359659815,0.01009680330753326,0.02911564083533065,0,0.5880428552627563,133,intervention
27,2022514,0.02123821897844652,0.01014415733516216,0.02926097447682543,0,0.5679451823234558,133,intervention
30,2021300,0.02208382644415433,0.01054116431623697,0.03069951226527469,0,1.158891201019287,133,intervention
33,2034480,0.02144365272597971,0.01026951801031828,0.02950126680073954,0,0.7236412763595581,133,intervention
36,2019606,0.02149375888328314,0.0102657014504075,0.03021902182112488,0,2.2639923095703125,133,intervention
39,2021123,0.02121783303699695,0.01009854767471551,0.02953190922680932,0,1.1114602088928225,133,intervention
42,2043811,0.02152227848781246,0.01032372750341892,0.03005340147545886,0,1.7738162279129028,133,intervention
45,2016950,0.02126860407516547,0.01014187838882207,0.02928336500591777,0,0.6015153527259827,133,intervention
48,2070900,0.02134016283939659,0.01015836931765079,0.03117228667502411,0,2.684084892272949,133,intervention
0,2355825,0.02130338957091473,0.01018384099006652,0.02929418728618146,0,0.5744583010673523,134,intervention
3,2380560,0.02111745443944798,0.01012821216136217,0.02901085051766156,0,0.581737756729126,134,intervention
6,2320546,0.02115366859375145,0.01012185029685497,0.02914996244931939,0,0.6490405201911926,134,intervention
9,2399390,0.02128718844400023,0.01019067037850618,0.02927490362207648,0,0.6444736123085022,134,intervention
12,2375264,0.02115538189882922,0.01014187838882207,0.02912202310761244,0,0.583214282989502,134,intervention
15,2364420,0.02148008249721121,0.0102657014504075,0.02956786736134558,0,0.5983755588531494,134,intervention
18,2388438,0.02154923695187129,0.01028691511601209,0.02967029009761864,0,0.5265645980834961,134,intervention
21,2336614,0.02162579352050752,0.01036149635910987,0.02972272500005133,0,0.6841755509376526,134,intervention
24,2430464,0.02126811172607884,0.01018474344164133,0.0292808345699306,0,0.7551798224449158,134,intervention
27,2360925,0.02147442887038595,0.01026951801031828,0.02956045006629742,0,0.6513339281082153,134,intervention
30,2408186,0.02144701456573608,0.01024315413087606,0.02951739166265956,0,0.7520230412483215,134,intervention
33,2359500,0.02182396713530916,0.01046620961278677,0.03002795146855708,0,0.5448959469795227,134,intervention
36,2407023,0.02133229995222966,0.01021051127463579,0.02937847170185923,0,0.6841755509376526,134,intervention
39,2371808,0.02115980512611057,0.01009680330753326,0.02917467031187817,0,0.5702458024024963,134,intervention
42,2389406,0.0214855364487998,0.01027894672006368,0.02949924983330029,0,0.566896915435791,134,intervention
45,2355069,0.02138229182313197,0.01018039416521787,0.02944499906805858,0,0.7748263478279114,134,intervention
48,2348793,0.0213960683006652,0.01027111522853374,0.02940818644956352,0,0.6779300570487976,134,intervention
0,2171529,0.02104106141811088,0.01005322579294443,0.0289372398799075,0,0.566896915435791,135,intervention
3,2160384,0.02136367426150688,0.01025722734630107,0.02944760806639801,0,0.6287680268287659,135,intervention
6,2193632,0.02152219819233905,0.01028499472886324,0.02970559120868886,0,0.5744583010673523,135,intervention
9,2142000,0.02169994602124382,0.01040200237184763,0.02998147743526901,0,0.5754531621932983,135,intervention
12,2155859,0.02135587752688356,0.01018039416521787,0.02946705785719807,0,0.5594295859336853,135,intervention
15,2171656,0.02122721985717667,0.01013091392815113,0.02921028476442682,0,0.566896915435791,135,intervention
18,2134893,0.02126787463711594,0.01014187838882207,0.02919826188384887,0,0.566896915435791,135,intervention
21,2176768,0.02116667201959246,0.01013176795095205,0.02907717768772027,0,0.6013466715812683,135,intervention
24,2130580,0.02127001884012307,0.01015715114772319,0.0292933056331141,0,0.7587483525276184,135,intervention
27,2154339,0.02148003801737219,0.01027808338403701,0.02953506757578443,0,0.6841755509376526,135,intervention
30,2154936,0.02146676048393148,0.01027282048016786,0.02950666558383793,0,0.5605268478393555,135,intervention
33,2202420,0.02171860937729726,0.0104772699996829,0.02984913796194956,0,0.5679451823234558,135,intervention
36,2200041,0.0213999127071922,0.0102332467213273,0.02946540461704163,0,0.6841755509376526,135,intervention
39,2158340,0.02121694987106789,0.01015836931765079,0.02921887822209552,0,0.6841755509376526,135,intervention
42,2156276,0.0213585122383032,0.01019109971821308,0.02941653562643692,0,0.6129453182220459,135,intervention
45,2170610,0.02147853929977315,0.01026951801031828,0.02953460926389017,0,0.4838406443595886,135,intervention
48,2233328,0.02122039682639344,0.01014187838882207,0.02918847000182595,0,0.5866675972938538,135,intervention
0,3645590,0.02123491889683431,0.01011206209659576,0.02968978066684703,0,1.3796520233154297,136,intervention
3,3630550,0.02179132380207767,0.01028315164148807,0.03611353310458631,0,6.09694242477417,136,intervention
6,3554460,0.02203946741898353,0.01052533742040395,0.030505259780303,0,1.0855586528778076,136,intervention
9,3574981,0.02155530904838908,0.01029415894299745,0.02969311961971214,0,0.9375868439674376,136,intervention
12,3596440,0.02148964518142724,0.01024560071527958,0.02980018163626437,0,1.6594315767288208,136,intervention
15,3661062,0.02146249043836056,0.01014187838882207,0.03486986264208208,0,5.668934345245361,136,intervention
18,3605625,0.02143321711121213,0.01021586917340755,0.0294991717563602,0,0.7859387397766113,136,intervention
21,3625314,0.0213697240699707,0.01017777062952518,0.02948802335728344,0,0.8202292323112488,136,intervention
24,3633336,0.02115700062485613,0.01009680330753326,0.02914448913243352,0,0.6153317093849182,136,intervention
27,3581176,0.02170388913471804,0.0103092361241579,0.03005870354256819,0,1.1737669706344604,136,intervention
30,3687618,0.02134133925922657,0.01015653368085622,0.02937552941663363,0,0.6894211769104004,136,intervention
33,3623130,0.02151021054682684,0.0102332467213273,0.03031469344990363,0,2.002370834350586,136,intervention
36,3655383,0.02131978262030145,0.01014415733516216,0.02941453017817872,0,1.1358903646469116,136,intervention
39,3640428,0.02134266325324855,0.01019453629851341,0.02934193070010841,0,0.6841755509376526,136,intervention
42,3609804,0.02145897163024836,0.0102371945977211,0.02954250759443479,0,0.5936068296432495,136,intervention
45,3683880,0.02127920831038839,0.01012334041297435,0.02933193135814361,0,0.5449442863464355,136,intervention
48,3680222,0.02124478204641414,0.01009564474225044,0.0304761810554522,0,3.0550785064697266,136,intervention
0,3105756,0.02135451930078852,0.01017665863037109,0.0294949084698464,0,0.7008283734321594,137,intervention
3,3083222,0.02127148664395225,0.01011298410594463,0.02964538018395073,0,1.5226640701293943,137,intervention
6,3081632,0.02190817790037198,0.01025845110416412,0.04160636273696956,0,8.35300064086914,137,intervention
9,3133264,0.02164930373318399,0.01025842409580946,0.03140707498157751,0,2.529825210571289,137,intervention
12,3048622,0.0219174896235212,0.01022313255816698,0.03831504658853504,0,5.246086597442627,137,intervention
15,3112725,0.02154666146204345,0.01018039416521787,0.0340160231641576,0,4.674142837524414,137,intervention
18,3131051,0.02198824683086763,0.01043082028627395,0.03270214050211807,0,4.299562931060791,137,intervention
21,3071565,0.02221976684312508,0.01043082028627395,0.03964836614780721,0,8.406224250793457,137,intervention
24,3082940,0.02126028556665156,0.01009745616465807,0.02994648667074453,0,1.7885725498199463,137,intervention
27,3102435,0.02122055713474553,0.01016088481992483,0.02920960263618256,0,0.6082471013069153,137,intervention
30,3107328,0.02175923669665435,0.01027532387524843,0.03731367900496885,0,21.99990463256836,137,intervention
33,3101952,0.02155417740627675,0.01025635842233896,0.03014935493446114,0,2.1765036582946777,137,intervention
36,3113856,0.02143346754488209,0.01019003521651029,0.03005003601155361,0,1.9880506992340088,137,intervention
39,3085893,0.02214697151972614,0.01013846974819898,0.06769266203103155,0,19.11930274963379,137,intervention
42,3089723,0.02143126541198899,0.01014187838882207,0.0335596299971571,0,4.9135966300964355,137,intervention
45,3118266,0.02150790914390477,0.01029190607368946,0.02961472188663262,0,0.8579766750335693,137,intervention
48,3048760,0.02111291423916524,0.01007654145359993,0.02911239904905511,0,0.566896915435791,137,intervention
0,3476354,0.02127251201869889,0.01013091392815113,0.02935069668316733,0,0.6629374623298645,138,intervention
3,3459599,0.02140225421795996,0.0102332467213273,0.02948234900031439,0,0.6075363755226135,138,intervention
6,3403296,0.02118835501703223,0.01013121847063303,0.02918064578746832,0,0.5796167254447937,138,intervention
9,3426197,0.02121052718922859,0.01013434585183858,0.02917096911840038,0,0.566896915435791,138,intervention
12,3389160,0.02142598330968828,0.01021051127463579,0.02957882665178737,0,0.6841755509376526,138,intervention
15,3319668,0.02137515463613896,0.01020899228751659,0.029480670526017,0,0.8722015023231506,138,intervention
18,3416842,0.02134440509816304,0.01021586917340755,0.02932787506290847,0,0.6613544821739197,138,intervention
21,3452163,0.02212734317112616,0.01062782667577266,0.03043827798904452,0,0.6490405201911926,138,intervention
24,3355783,0.02133992368606317,0.01018666569143533,0.029403747102706,0,0.7720138430595398,138,intervention
27,3404024,0.02114931133397483,0.01009778305888176,0.02910642670578812,0,0.8129153251647949,138,intervention
30,3448349,0.02150347530306786,0.01030056364834308,0.02962146894623897,0,0.646826446056366,138,intervention
33,3345160,0.02143501561847122,0.0102657014504075,0.02947424816450015,0,0.566896915435791,138,intervention
36,3368598,0.0211762876717482,0.01009745616465807,0.02917360096212432,0,0.566896915435791,138,intervention
39,3404024,0.02126490443076286,0.01012081000953912,0.02930275306594794,0,0.5732651948928833,138,intervention
42,3450286,0.0212012377686587,0.01018709596246481,0.02921119643689329,0,0.7746485471725464,138,intervention
45,3455557,0.02137169658348523,0.01021746080368757,0.02945151821440432,0,0.753479540348053,138,intervention
48,3429888,0.0212126406765079,0.01011834759265184,0.02919310108479558,0,0.5702458024024963,138,intervention
0,2957031,0.02120930767969404,0.01010818034410476,0.02918300346006986,0,0.566896915435791,139,intervention
3,3018354,0.02128312588311754,0.01018039416521787,0.02923368577945329,0,0.6841755509376526,139,intervention
6,3049072,0.02150752129326984,0.01029190607368946,0.03025545785543827,0,1.7677078247070312,139,intervention
9,3035314,0.02138284110780233,0.01019985880702734,0.02944754634143232,0,0.600493848323822,139,intervention
12,3038980,0.02123261755829799,0.01019003521651029,0.0292386858864878,0,0.8484119176864624,139,intervention
15,3047840,0.02142059323664484,0.01029190607368946,0.02956174668026605,0,0.675943911075592,139,intervention
18,3053054,0.02153802040348952,0.01029190607368946,0.02977766696682636,0,1.455289363861084,139,intervention
21,3020500,0.02138737516345845,0.01023883651942014,0.02942335391654391,0,0.6841755509376526,139,intervention
24,3040512,0.02119071879415584,0.01010818034410476,0.02919607935209606,0,0.9748476147651672,139,intervention
27,3051950,0.02146768769506894,0.01028378121554851,0.02956302485947024,0,0.6129453182220459,139,intervention
30,2993928,0.02170943976031728,0.01037433464080095,0.02985530070411086,0,0.6073858141899109,139,intervention
33,3016808,0.02134838778129084,0.01016939245164394,0.0294922301287895,0,0.6767114400863647,139,intervention
36,2996686,0.02140101800424499,0.01023045368492603,0.02962535936355476,0,0.8654236197471619,139,intervention
39,3044584,0.02132046662118263,0.01017077267169952,0.02939095483221788,0,0.8722015023231506,139,intervention
42,3036024,0.02130712011518867,0.01019000075757503,0.02939608336458499,0,0.907951593399048,139,intervention
45,3028080,0.02132466830195246,0.01019003521651029,0.0294208741415243,0,0.6546949148178101,139,intervention
48,2983794,0.02128363595000718,0.01014187838882207,0.02932101054201692,0,0.6073858141899109,139,intervention
0,2308878,0.02132257107604674,0.01018039416521787,0.02936062078804033,0,0.6574069261550903,14,intervention
3,2263508,0.0211137395171686,0.01007644645869731,0.02903358056395707,0,0.5136807560920715,14,intervention
6,2334780,0.0217491093475967,0.010425197891891,0.02990610307741227,0,0.5708463191986084,14,intervention
9,2269080,0.02133905038096171,0.01018474344164133,0.02935418665166858,0,0.5873621106147766,14,intervention
12,2272536,0.02122927233417138,0.01019003521651029,0.0291853097608978,0,0.6456171870231628,14,intervention
15,2277065,0.0214994188266179,0.01029415894299745,0.02959409822834096,0,0.5423440337181091,14,intervention
18,2304260,0.02148227951583642,0.01027245819568634,0.02955494977960689,0,0.5022333860397339,14,intervention
21,2302800,0.02182618694591543,0.01043082028627395,0.03002728043067181,0,0.646826446056366,14,intervention
24,2327078,0.0213550095619535,0.01022558845579624,0.02935573660027734,0,0.5106523036956787,14,intervention
27,2290652,0.02110117678118391,0.01011413894593715,0.02906793560187694,0,0.5983755588531494,14,intervention
30,2314872,0.02151106871614111,0.01033373828977346,0.02949094333481838,0,0.566896915435791,14,intervention
33,2311500,0.02183835518720749,0.01043082028627395,0.03001173406544149,0,0.7454280257225037,14,intervention
36,2334384,0.02121485507852907,0.01014187838882207,0.02915150962054675,0,0.59593266248703,14,intervention
39,2365275,0.02133353286532247,0.01023045368492603,0.02944547987624336,0,0.7244670391082764,14,intervention
42,2313405,0.02145190011093839,0.01024690549820661,0.02953233082605686,0,0.566896915435791,14,intervention
45,2285820,0.0211906193114588,0.01009680330753326,0.02921392950201216,0,0.5457622408866882,14,intervention
48,2335892,0.02140719162047471,0.01023707911372184,0.02942205592003753,0,0.5873125791549683,14,intervention
0,2711394,0.0212770788011122,0.01017220877110958,0.02926620826552073,0,0.4789689779281616,140,intervention
3,2663866,0.02155325711148862,0.01029190607368946,0.02966772782386659,0,0.6073164939880371,140,intervention
6,2715296,0.0219682496608925,0.01042765099555254,0.03405308276839886,0,4.79435396194458,140,intervention
9,2716285,0.02177419408176606,0.0104463929310441,0.03008753276565023,0,1.1448522806167605,140,intervention
12,2670954,0.02117628313985755,0.01009966991841793,0.02917015841131801,0,0.6546949148178101,140,intervention
15,2666475,0.02124714193470522,0.01013176795095205,0.02921640555312474,0,0.5061589479446411,140,intervention
18,2705125,0.02143210565882755,0.01027532387524843,0.02955390068624162,0,0.566896915435791,140,intervention
21,2723400,0.0213483891301791,0.01014187838882207,0.03104217318429378,0,3.657012939453125,140,intervention
24,2704089,0.02119874960367307,0.01017417944967746,0.02912844575953483,0,0.5102040767669678,140,intervention
27,2641962,0.02131282340743306,0.01018666569143533,0.02951011218121276,0,1.099509596824646,140,intervention
30,2739558,0.02130996991746435,0.01019003521651029,0.02938860739251508,0,0.6085744500160217,140,intervention
33,2754975,0.02121072818794366,0.01014976296573877,0.02922819380415004,0,0.7809730172157288,140,intervention
36,2727660,0.02131508860631596,0.01018039416521787,0.03137568305722345,0,3.306772470474243,140,intervention
39,2691920,0.0213273345772244,0.01019817870110273,0.02934945394337665,0,0.5679451823234558,140,intervention
42,2706067,0.02178111906421069,0.01043082028627395,0.02994421548583061,0,0.646826446056366,140,intervention
45,2688048,0.02153323613117672,0.01026090048253536,0.02968800868609129,0,0.6612520217895508,140,intervention
48,2615436,0.02144191835711961,0.01025294139981269,0.0295411621193065,0,0.6129453182220459,140,intervention
0,2296720,0.02125634651646694,0.01018474344164133,0.02923357748296447,0,0.566896915435791,141,intervention
3,2364960,0.02139761633386512,0.01021586917340755,0.02958950299590191,0,1.1416674852371216,141,intervention
6,2371479,0.02137371461916301,0.01022313255816698,0.0294302236283905,0,0.6032311320304871,141,intervention
9,2316459,0.02201216555170309,0.01055543217808008,0.0304500023877388,0,0.6985026597976685,141,intervention
12,2340891,0.02142568346525607,0.01021746080368757,0.02953523212534414,0,0.695307195186615,141,intervention
15,2352832,0.02127056304968857,0.01012404728680849,0.02945050403196604,0,0.794912576675415,141,intervention
18,2397612,0.02147531408910621,0.01028176397085189,0.02958195132375707,0,0.5782231092453003,141,intervention
21,2340704,0.021597873661859,0.01034491881728172,0.02975344437402417,0,0.5695227980613708,141,intervention
24,2340459,0.02107433575262887,0.01009680330753326,0.02915964615411089,0,1.4720404148101809,141,intervention
27,2322495,0.02127837133378986,0.01020899228751659,0.02929341698840775,0,0.7240395545959473,141,intervention
30,2301264,0.02115258389054599,0.01012185029685497,0.02913529828081635,0,0.6328030824661255,141,intervention
33,2282832,0.02148866081591102,0.01024466659873724,0.02985439716748026,0,1.4172807931900024,141,intervention
36,2302750,0.02117364393178086,0.01009958237409591,0.02920934957362289,0,0.6751034259796143,141,intervention
39,2287150,0.02158262371113078,0.01030320953577756,0.02986232111289703,0,1.0412328243255615,141,intervention
42,2316435,0.02136188254728164,0.01020811032503843,0.02946714039322676,0,0.6546949148178101,141,intervention
45,2269332,0.02117492117834263,0.01009745616465807,0.02920642742117939,0,0.7301731109619141,141,intervention
48,2324094,0.02137931721475952,0.01022556331008672,0.02947936104853015,0,0.7971938848495483,141,intervention
0,1885851,0.0213254514099531,0.01014187838882207,0.03201086140330079,0,3.2552273273468018,142,intervention
3,1862334,0.02117503588927764,0.01013434585183858,0.02915728363661763,0,0.6075363755226135,142,intervention
6,1858320,0.02165502419739013,0.0103092361241579,0.03108756121332399,0,2.8658692836761475,142,intervention
9,1882826,0.02139526830895862,0.01022313255816698,0.0304012022260316,0,2.5403661727905273,142,intervention
12,1893420,0.02127723346999487,0.0101961325854063,0.02930538912141886,0,0.4789689779281616,142,intervention
15,1856325,0.02123605549551766,0.01018039416521787,0.02934451121683242,0,1.0476701259613037,142,intervention
18,1881160,0.02147947814274307,0.01033666636794805,0.02955614350083964,0,0.5385596752166748,142,intervention
21,1889256,0.02140830985619911,0.01025635842233896,0.029575867200537,0,0.5547524690628052,142,intervention
24,1915624,0.0213052251142334,0.01019290741533041,0.02932744370013976,0,0.6129453182220459,142,intervention
27,1880535,0.02111453840122647,0.01007654145359993,0.02920642987107905,0,0.7705963253974915,142,intervention
30,1856613,0.02127424197187605,0.01018881052732467,0.02926893277058651,0,0.6841755509376526,142,intervention
33,1870342,0.02142209433314819,0.01021586917340755,0.02947445026231943,0,0.5679451823234558,142,intervention
36,1854244,0.02147011673703987,0.01028015464544296,0.02956191281949799,0,0.566896915435791,142,intervention
39,1861398,0.02142586708327097,0.0103092361241579,0.02943179088239698,0,0.5528262853622437,142,intervention
42,1877705,0.02125855305628343,0.0101961325854063,0.02924884392372203,0,0.6841755509376526,142,intervention
45,1869308,0.02142440590009618,0.01025635842233896,0.02948698662497107,0,0.595234215259552,142,intervention
48,1865440,0.02148242327218651,0.01025699637830257,0.02958759945669204,0,0.5054531693458557,142,intervention
0,3723675,0.02128607160413229,0.01016393769532442,0.02933157993667553,0,0.7161216735839844,143,intervention
3,3755168,0.02131095579539204,0.01021142024546861,0.02963376476212226,0,1.4531128406524658,143,intervention
6,3693250,0.02139252400760662,0.0102332467213273,0.02941065615893326,0,0.5759166479110718,143,intervention
9,3758121,0.02116676377515527,0.01010818034410476,0.02915816313866971,0,0.8024179339408875,143,intervention
12,3787456,0.02135120535738573,0.01021051127463579,0.02944404146053599,0,0.6749257445335388,143,intervention
15,3718512,0.02133225023355136,0.01020356640219688,0.02936767621281928,0,0.8484119176864624,143,intervention
18,3759321,0.02166347591085882,0.01036267355084419,0.03078529740565767,0,3.284723997116089,143,intervention
21,3707478,0.02173092189858364,0.01043082028627395,0.02998476871919514,0,0.7335596680641174,143,intervention
24,3797872,0.0216701732309539,0.01039798650890588,0.03074425553388729,0,2.364363193511963,143,intervention
27,3733626,0.02153053280089505,0.01030689291656017,0.02965912726945224,0,0.8484589457511902,143,intervention
30,3810850,0.02131262274146261,0.01022313255816698,0.02945644821803638,0,0.6667644381523132,143,intervention
33,3786510,0.02149076748422472,0.01028499472886324,0.02979056847677061,0,1.257822036743164,143,intervention
36,3734464,0.02135775765155861,0.01022844854742288,0.02940997927681146,0,0.606989324092865,143,intervention
39,3796146,0.02128889916236781,0.0102186519652605,0.02993893333461378,0,2.2130582332611084,143,intervention
42,3724459,0.0212468874549715,0.01011413894593715,0.02951566533766263,0,1.3128138780593872,143,intervention
45,3736165,0.02122108002106754,0.01014187838882207,0.029291586206022,0,0.6129453182220459,143,intervention
48,3777120,0.0213066283141255,0.01021051127463579,0.02940790229327682,0,1.1439917087554932,143,intervention
0,2231552,0.02098796130577577,0.01004217844456434,0.02893046920710916,0,0.7240395545959473,144,intervention
3,2216977,0.02116799025378826,0.01009745616465807,0.02917946406167893,0,0.5500852465629578,144,intervention
6,2234625,0.0214776839290526,0.01025845110416412,0.02996809339245527,0,1.5616638660430908,144,intervention
9,2231595,0.02176340428191278,0.01046558935195207,0.02989801692099889,0,0.6546949148178101,144,intervention
12,2231307,0.02135449754142659,0.01018881052732467,0.02993690801310054,0,2.0642123222351074,144,intervention
15,2245370,0.02125735025434166,0.01019817870110273,0.0292854001268822,0,0.566896915435791,144,intervention
18,2228853,0.02160968464237284,0.01033952366560697,0.029797015098837962,0,0.6073858141899109,144,intervention
21,2236214,0.02165784489753482,0.01041577104479074,0.02977629523103192,0,0.6325857043266296,144,intervention
24,2233936,0.02129148237838478,0.01015533600002527,0.02928627555737626,0,0.522346019744873,144,intervention
27,2233258,0.02138267855083449,0.01025896705687046,0.02943300447460728,0,0.5068521499633789,144,intervention
30,2212194,0.02156284462286259,0.0103261349722743,0.0296791690981965,0,0.6841755509376526,144,intervention
33,2257000,0.02169213238595913,0.01041232794523239,0.02990421125224887,0,0.6841755509376526,144,intervention
36,2254160,0.02117463364047016,0.01010599080473184,0.0291904237630564,0,0.566896915435791,144,intervention
39,2291712,0.02120046183920228,0.01017883140593767,0.02916856046231082,0,0.5034059286117554,144,intervention
42,2205000,0.02151245601292646,0.01029342599213123,0.02959687339669754,0,0.6841755509376526,144,intervention
45,2218190,0.02148512487065365,0.01028499472886324,0.0295772422098233,0,0.5102040767669678,144,intervention
48,2209340,0.02116038405540974,0.01015223003923893,0.02913366412166588,0,0.5856934785842896,144,intervention
0,2317929,0.02147067437458382,0.01021746080368757,0.02966971090900349,0,0.7111771702766418,145,intervention
3,2353568,0.02111860679779571,0.0101230964064598,0.029035800994896,0,0.566896915435791,145,intervention
6,2368654,0.0215401592494267,0.01031588576734066,0.02967255351704773,0,0.72772216796875,145,intervention
9,2379693,0.02146398665941781,0.01024587079882621,0.02960262852723855,0,0.566896915435791,145,intervention
12,2357927,0.02132441122801045,0.01014187838882207,0.03020607958322825,0,1.940877676010132,145,intervention
15,2323108,0.02133876203260173,0.01018039416521787,0.02942277098443464,0,0.5772956013679504,145,intervention
18,2310280,0.02164430483062996,0.0103808818385005,0.02977107294138268,0,0.514768123626709,145,intervention
21,2319072,0.02162420304588395,0.0104039441794157,0.02978726668606673,0,0.5679451823234558,145,intervention
24,2330904,0.02108013787085978,0.01009745616465807,0.02902194087729479,0,0.6857874393463135,145,intervention
27,2300960,0.02118788905670164,0.01009745616465807,0.02918892253580633,0,0.6073164939880371,145,intervention
30,2339674,0.02151149336297392,0.01028378121554851,0.02975934171396332,0,0.568489134311676,145,intervention
33,2389592,0.02152870577093609,0.0103092361241579,0.02979901711913042,0,0.6299282312393188,145,intervention
36,2384816,0.02127195291779914,0.01022313255816698,0.02944248473802415,0,0.6914039850234985,145,intervention
39,2332284,0.02138619772982263,0.01018881052732467,0.02984853880842046,0,1.5014867782592771,145,intervention
42,2309370,0.02143799786572287,0.01023594196885824,0.0295381672513089,0,0.6841755509376526,145,intervention
45,2343775,0.02125020539983149,0.01019003521651029,0.02952203351086433,0,1.1312580108642578,145,intervention
48,2376114,0.02138798777591291,0.01018474344164133,0.02956255391756294,0,0.7524909377098083,145,intervention
0,3401124,0.02123176537681621,0.01018339022994041,0.02920984471624073,0,0.561063289642334,146,intervention
3,3426720,0.021271381480314,0.01014187838882207,0.02943597622408773,0,1.315358281135559,146,intervention
6,3398112,0.02143366827128556,0.0102657014504075,0.02941757703097492,0,0.5754531621932983,146,intervention
9,3492200,0.02125634494341627,0.01018474344164133,0.02933462240178324,0,0.6863282322883606,146,intervention
12,3368068,0.02130755864434841,0.01018474344164133,0.02925367753164064,0,0.5679451823234558,146,intervention
15,3371472,0.02129418763435581,0.01015877816826105,0.02961821549916441,0,1.275680661201477,146,intervention
18,3515940,0.02157508617266308,0.01034648716449737,0.02973551915087494,0,0.646826446056366,146,intervention
21,3425625,0.02157971328444005,0.01032564416527748,0.02969960140308367,0,0.6075363755226135,146,intervention
24,3383208,0.0214406406256736,0.0103092361241579,0.02948611729154468,0,0.7454280257225037,146,intervention
27,3472815,0.02136309578827233,0.01021142024546861,0.02941477480840825,0,0.6134354472160339,146,intervention
30,3420050,0.0214641734544508,0.01026090048253536,0.02961122859592127,0,0.6144404411315918,146,intervention
33,3401816,0.02167500125223026,0.01041232794523239,0.02988422324491953,0,1.0995649099349976,146,intervention
36,3424832,0.02132497363892695,0.01019003521651029,0.02943010681359473,0,0.6013466715812683,146,intervention
39,3420736,0.02127516726599044,0.01019003521651029,0.0293049953120804,0,0.6446852684020996,146,intervention
42,3377155,0.02154430929486454,0.01032921019941568,0.02970539807083046,0,0.6456056833267212,146,intervention
45,3382570,0.0214337372960739,0.01030620280653238,0.02950044158854518,0,0.6841755509376526,146,intervention
48,3428676,0.02126252348674683,0.01014187838882207,0.02929550116047624,0,0.6880083680152893,146,intervention
0,2224110,0.02132433372392312,0.01016939245164394,0.02934672443895729,0,0.5866675972938538,147,intervention
3,2213783,0.02126635931855521,0.01014187838882207,0.02924188012888245,0,0.5866675972938538,147,intervention
6,2193786,0.0213160528547056,0.01020811032503843,0.02930999504402737,0,0.5423440337181091,147,intervention
9,2185456,0.02177411043916951,0.01041232794523239,0.02997598501999009,0,0.5265645980834961,147,intervention
12,2206900,0.0215385693204726,0.01028176397085189,0.02965102751960234,0,0.5089103579521179,147,intervention
15,2247570,0.02129293318332223,0.01014187838882207,0.02928495887627637,0,0.5477128624916077,147,intervention
18,2249244,0.0213011108299439,0.01018039416521787,0.02927411923580257,0,0.566896915435791,147,intervention
21,2223240,0.0215142393274574,0.0102657014504075,0.02967537654818218,0,0.5477128624916077,147,intervention
24,2215080,0.02132847216673879,0.01022186409682035,0.02930506582364445,0,0.646826446056366,147,intervention
27,2255328,0.02103977919916464,0.01009680330753326,0.02895167140435411,0,0.6325857043266296,147,intervention
30,2215252,0.0213778182693454,0.01019817870110273,0.02944404474538424,0,0.7073672413825989,147,intervention
33,2166108,0.02156542591137427,0.01031406223773956,0.0296448451493528,0,0.6841755509376526,147,intervention
36,2218251,0.02121481150408206,0.01011653337627649,0.02925101534857034,0,0.600318431854248,147,intervention
39,2216496,0.02130213146437222,0.01018039416521787,0.02938680590520009,0,0.566896915435791,147,intervention
42,2200960,0.02130817123535623,0.01014187838882207,0.02933012638086375,0,0.6341711282730103,147,intervention
45,2194290,0.02124995843456403,0.01014187838882207,0.02930355258388386,0,0.6203970313072205,147,intervention
48,2137155,0.02111151737790011,0.01009745616465807,0.02904026740618713,0,0.6013466715812683,147,intervention
0,3194454,0.02124012580030224,0.01014187838882207,0.02922970966670898,0,0.6129453182220459,148,intervention
3,3193200,0.02129539612347527,0.01019445154815912,0.0293342325529439,0,0.8722015023231506,148,intervention
6,3160923,0.02137443385487006,0.01020378991961479,0.02942112726049048,0,0.6075363755226135,148,intervention
9,3207005,0.02163661173510013,0.01031207852065563,0.02984122801110879,0,0.6841755509376526,148,intervention
12,3201318,0.02132532885126228,0.01017220877110958,0.02947230417594867,0,0.8568632006645203,148,intervention
15,3166464,0.02118634291970449,0.01009745616465807,0.02918056408731889,0,0.8103911280632019,148,intervention
18,3203739,0.02146344404438432,0.01028176397085189,0.0295219569156562,0,0.6507840752601624,148,intervention
21,3123846,0.02141010132632358,0.01024385448545217,0.02941875297513063,0,0.566896915435791,148,intervention
24,3138200,0.0212738380194279,0.01013176795095205,0.02933216006040318,0,0.566896915435791,148,intervention
27,3120516,0.02140542067255865,0.01024506147950887,0.02949820117841844,0,0.6073164939880371,148,intervention
30,3203571,0.02156882397809595,0.01035778131335973,0.02967322845160628,0,0.566896915435791,148,intervention
33,3155742,0.02138670921977335,0.01017077267169952,0.02997111577487399,0,1.651503562927246,148,intervention
36,3204700,0.02132345669318566,0.01021051127463579,0.0293399500359242,0,0.5983755588531494,148,intervention
39,3148640,0.0211656650015154,0.01012008264660835,0.02913450128901551,0,0.6857874393463135,148,intervention
42,3141414,0.0213648853049267,0.01019617915153503,0.02939706231868,0,0.566896915435791,148,intervention
45,3196655,0.02142287647524965,0.01026951801031828,0.02944485864740897,0,0.6841755509376526,148,intervention
48,3189120,0.02120176030781145,0.01009745616465807,0.029633218991297,0,1.5370972156524658,148,intervention
0,2101048,0.02126823715739314,0.01015836931765079,0.0293310271836897,0,0.6416388154029846,149,intervention
3,2093784,0.02144725424692914,0.01027693971991539,0.02949852536351561,0,0.6075363755226135,149,intervention
6,2067808,0.02140285108928135,0.01019067037850618,0.02962840046647194,0,1.1283528804779053,149,intervention
9,2146176,0.02121210206070072,0.01015572156757116,0.02924708515881963,0,0.6129453182220459,149,intervention
12,2072088,0.0211606803531138,0.01010818034410476,0.02925204005992849,0,1.2330979108810425,149,intervention
15,2115568,0.02130732799138431,0.01021142024546861,0.02935983737367517,0,0.6278530359268188,149,intervention
18,2042040,0.02154491098498338,0.01029620412737131,0.02970258456108254,0,0.8144754767417908,149,intervention
21,2106696,0.02154459807398445,0.01028378121554851,0.02970675786753518,0,0.624387800693512,149,intervention
24,2124306,0.02138941347311808,0.01020899228751659,0.02943169141360131,0,0.566896915435791,149,intervention
27,2086490,0.02125342139974351,0.0101230964064598,0.02938876201300185,0,0.958267092704773,149,intervention
30,2085036,0.02191124464593048,0.01050639059394598,0.03015905548807079,0,0.7177385687828064,149,intervention
33,2105385,0.02159774957819118,0.01033048518002033,0.02994221709257261,0,1.419862985610962,149,intervention
36,2114035,0.02123855559431109,0.01014415733516216,0.0292565332924941,0,0.7240395545959473,149,intervention
39,2080804,0.02118823316639515,0.01015673950314521,0.02914234656265893,0,0.566896915435791,149,intervention
42,2069280,0.02149952736478182,0.01028386875987053,0.02968957859263981,0,0.7375398874282837,149,intervention
45,2088021,0.02137998910887456,0.0102389482781291,0.02947025475123677,0,0.4723615348339081,149,intervention
48,2086524,0.02120407014707629,0.01010818034410476,0.02927610268767462,0,0.7977721095085144,149,intervention
0,2491480,0.02130577006310151,0.01016408950090408,0.02941503046502492,0,0.574341893196106,15,intervention
3,2554210,0.02120482856839534,0.01015533600002527,0.02922208910257314,0,0.5744583010673523,15,intervention
6,2516850,0.02209181606359907,0.01062033604830503,0.0304338455882756,0,0.7454280257225037,15,intervention
9,2524245,0.02148950256945077,0.0103092361241579,0.02966602045097453,0,0.7086775302886963,15,intervention
12,2524777,0.02113308350719876,0.01012206729501485,0.0290581856440558,0,0.566896915435791,15,intervention
15,2490003,0.02117463479060681,0.01013397891074419,0.02923256915426498,0,0.850570797920227,15,intervention
18,2548702,0.02151577655850664,0.01036267355084419,0.02964705517411226,0,0.7551798224449158,15,intervention
21,2516872,0.02126824723207712,0.01019109971821308,0.02925834397422778,0,0.5744583010673523,15,intervention
24,2471103,0.02128836783166112,0.01014976296573877,0.02954314433701265,0,1.2674790620803833,15,intervention
27,2482198,0.02128791751507016,0.01017078757286071,0.02939447828261699,0,0.7448031902313232,15,intervention
30,2471135,0.02167539305190424,0.01040420029312372,0.02981244654541351,0,0.566896915435791,15,intervention
33,2444526,0.02128646038174,0.01019003521651029,0.02924288684203244,0,0.7240395545959473,15,intervention
36,2497974,0.02129668783619694,0.01018160674721002,0.02934758320279044,0,0.7368083000183105,15,intervention
39,2513754,0.02131360108566723,0.01014187838882207,0.0300334011434535,0,1.7224695682525637,15,intervention
42,2499560,0.02153714685939251,0.01020199060440063,0.0318543648580084,0,3.0571489334106445,15,intervention
45,2523330,0.02166909454591716,0.01038642413914203,0.03001021219511517,0,1.1312289237976074,15,intervention
48,2474320,0.0211585486614607,0.01009745616465807,0.02908408024338749,0,0.5266135334968567,15,intervention
0,2296047,0.02137872604510678,0.01021746080368757,0.02946522724943918,0,0.5382449626922607,150,intervention
3,2292200,0.02119682728559252,0.01013365294784307,0.02921112214226586,0,0.5434810519218445,150,intervention
6,2295007,0.02146352885793919,0.01017665863037109,0.03004308316965755,0,1.395191669464111,150,intervention
9,2271666,0.02140565711626093,0.01022313255816698,0.02938804404844393,0,0.5265645980834961,150,intervention
12,2334752,0.02317115411630036,0.01020774897187948,0.1248662772945865,0,29.147144317626953,150,intervention
15,2308728,0.02118127794863273,0.01012541633099317,0.02909629592235656,0,0.566896915435791,150,intervention
18,2339219,0.02145689801257597,0.01028176397085189,0.02952217084282998,0,0.566896915435791,150,intervention
21,2303086,0.0213690591197678,0.01026389934122562,0.02944691108561493,0,0.5856093168258667,150,intervention
24,2338890,0.02147363497365692,0.01027532387524843,0.02957250240462034,0,0.6767114400863647,150,intervention
27,2284463,0.02214575305690163,0.01016230974346399,0.0733904132556958,0,19.55400657653809,150,intervention
30,2313780,0.0214514261210706,0.01025569159537553,0.02948259152701199,0,0.5478178858757019,150,intervention
33,2312100,0.02170981865277951,0.01040200237184763,0.02981513300214648,0,0.5399535894393921,150,intervention
36,2380500,0.02133731001724588,0.010234453715384,0.02930139680772456,0,0.5065930485725403,150,intervention
39,2300644,0.02139422985735613,0.0101892789825797,0.02997966699694419,0,1.6899470090866089,150,intervention
42,2284919,0.02121717673197679,0.01014051400125026,0.02911812587777667,0,0.5590126514434814,150,intervention
45,2338196,0.02114410059503934,0.0101065244525671,0.02909928679560435,0,0.6841755509376526,150,intervention
48,2346448,0.0212650033755888,0.01009680330753326,0.03031296052732982,0,2.0964059829711914,150,intervention
0,1689991,0.02130032980050946,0.01014846842736005,0.02930966389297502,0,0.566896915435791,151,intervention
3,1702584,0.02109437620942959,0.01009680330753326,0.02903194898017643,0,0.4768790006637573,151,intervention
6,1675574,0.02151392263425743,0.01037156023085117,0.02955773776075924,0,0.6534731388092041,151,intervention
9,1701538,0.02152543376929221,0.01038684789091348,0.02951710695697999,0,0.7551798224449158,151,intervention
12,1693890,0.02111827320823577,0.01007158774882555,0.02916781716913777,0,0.583214282989502,151,intervention
15,1705572,0.02127252693304521,0.01019616983830928,0.02933278108078638,0,0.6073858141899109,151,intervention
18,1702769,0.02162539905078963,0.01040614768862724,0.02969107494496653,0,0.5737672448158264,151,intervention
21,1685970,0.02162984502754373,0.0103092361241579,0.02979032957044094,0,0.5434810519218445,151,intervention
24,1671525,0.02099460160865322,0.01002194546163082,0.02895090901590681,0,0.5065930485725403,151,intervention
27,1680870,0.02116088252725929,0.01015836931765079,0.02911075691036249,0,0.561063289642334,151,intervention
30,1697448,0.02147360304044709,0.01034971885383129,0.02956518734968032,0,0.6711089015007019,151,intervention
33,1689975,0.02159785133487402,0.01036149635910987,0.02983923639475032,0,0.6633915305137634,151,intervention
36,1709500,0.02096370087159701,0.01003959123045206,0.02886973740313157,0,0.5240970849990845,151,intervention
39,1730450,0.02132787915161472,0.01023045368492603,0.02931446764367944,0,0.6841755509376526,151,intervention
42,1736899,0.0213984413776028,0.01020899228751659,0.02950910755685802,0,0.5289119482040405,151,intervention
45,1730510,0.02148454903062282,0.01028378121554851,0.02954298601257803,0,0.6841755509376526,151,intervention
48,1684723,0.02127073543640443,0.01017220877110958,0.02924748986397198,0,0.5812798142433167,151,intervention
0,2655604,0.02124875629638403,0.01012489944696426,0.02926762034358925,0,0.6318968534469604,152,intervention
3,2671518,0.02128641176792647,0.01014187838882207,0.02926457682618849,0,0.5744583010673523,152,intervention
6,2638944,0.02181861915992943,0.0104662450030446,0.0300084374763722,0,0.564775824546814,152,intervention
9,2623500,0.02127964817392613,0.01014187838882207,0.02922990951627553,0,0.8019018173217773,152,intervention
12,2643200,0.02122152758863636,0.01013767067342996,0.02923114001477545,0,0.4766708016395569,152,intervention
15,2666328,0.02147320970380429,0.0102950818836689,0.02954895387269588,0,0.6841755509376526,152,intervention
18,2713750,0.02186233828702173,0.01051967218518257,0.03011684003928376,0,0.7106826901435852,152,intervention
21,2668166,0.02172805760457579,0.01041570212692022,0.0299092206237296,0,0.6073164939880371,152,intervention
24,2678076,0.02119526881018707,0.01015228033065795,0.02919503026014424,0,0.6325857043266296,152,intervention
27,2612730,0.02142012436416483,0.01022590510547161,0.02963874327331168,0,0.8458366394042969,152,intervention
30,2635200,0.02186048005154175,0.01048954296857118,0.03041446454205839,0,1.258602261543274,152,intervention
33,2671434,0.02127616499680867,0.01018483377993106,0.02943956549823989,0,1.0446298122406006,152,intervention
36,2672649,0.02118402420544054,0.01013502292335033,0.02916042154900237,0,0.7815737724304199,152,intervention
39,2699160,0.02127439762505256,0.01019817870110273,0.029297983041523,0,0.6962780356407166,152,intervention
42,2591700,0.02119526014000113,0.01009680330753326,0.02919926933951904,0,0.566896915435791,152,intervention
45,2632266,0.02127669497421912,0.01016042195260524,0.02931948366581259,0,0.8348801136016846,152,intervention
48,2585088,0.02127024765341457,0.01014550123363733,0.02930392043574928,0,0.6325857043266296,152,intervention
0,2027775,0.02110460527502448,0.01011834759265184,0.02908768373037724,0,0.657128095626831,153,intervention
3,2014950,0.02130902305310567,0.01022313255816698,0.02940714399268427,0,0.5478178858757019,153,intervention
6,1948492,0.02160251031660542,0.01031780801713466,0.02973237122485765,0,0.5744583010673523,153,intervention
9,1972410,0.02170114683537685,0.01035778131335973,0.02994189125153195,0,0.9365122318267822,153,intervention
12,2051924,0.02109058765808417,0.01007654145359993,0.02901165796817064,0,0.6490405201911926,153,intervention
15,2011932,0.02190125190796796,0.01027576904743909,0.04099003166071624,0,7.270969867706299,153,intervention
18,2037684,0.02150796177271957,0.01031966228038072,0.02960659735790267,0,0.566896915435791,153,intervention
21,1943236,0.02128446175900179,0.01015836931765079,0.02932019407843548,0,0.6841755509376526,153,intervention
24,1990885,0.02121238002266206,0.01015836931765079,0.02924339291190224,0,0.5679451823234558,153,intervention
27,2006382,0.02156273183208723,0.01028015464544296,0.02987184678391798,0,1.075170397758484,153,intervention
30,1981935,0.02143579809812004,0.01021586917340755,0.02959859635893913,0,0.5856934785842896,153,intervention
33,2003638,0.02150990952941225,0.01034648716449737,0.02963656194405408,0,0.566896915435791,153,intervention
36,1993728,0.02124682562384025,0.01018039416521787,0.02927622086756993,0,0.6891772150993347,153,intervention
39,2026340,0.0214356221046941,0.01029190607368946,0.02954330392206077,0,0.6767114400863647,153,intervention
42,1997982,0.02165872226568854,0.01028176397085189,0.03208011696698579,0,2.8834140300750732,153,intervention
45,2013557,0.02326971307206341,0.01039715949445962,0.10660606116240906,0,20.38728141784668,153,intervention
48,2010688,0.02141171790666465,0.01019817870110273,0.03056951622843485,0,2.458030462265014,153,intervention
0,2441224,0.02113753620633882,0.01009680330753326,0.02909693271237852,0,0.5594295859336853,154,intervention
3,2455048,0.02126648165499436,0.01015836931765079,0.02932592686249487,0,0.566896915435791,154,intervention
6,2439828,0.02146022954553235,0.01028747949749231,0.02949848635507755,0,0.6841755509376526,154,intervention
9,2424166,0.02150228509895441,0.01034765504300594,0.0294825436493115,0,0.566896915435791,154,intervention
12,2485840,0.02121715667857189,0.01015630457550287,0.02920149968861553,0,0.5334551334381104,154,intervention
15,2461770,0.02121569245321038,0.01013434585183858,0.02921338492066694,0,0.566896915435791,154,intervention
18,2432759,0.02163291686832199,0.01038636267185211,0.02986211410945341,0,0.5983755588531494,154,intervention
21,2456064,0.02132234607606073,0.01018708478659391,0.02936580751685489,0,0.6841755509376526,154,intervention
24,2508380,0.0212497256325439,0.01018039416521787,0.02921321752440613,0,0.6546949148178101,154,intervention
27,2449081,0.02116308571278171,0.01009745616465807,0.02914653226303023,0,0.566896915435791,154,intervention
30,2489408,0.0217440855883799,0.01044496893882751,0.02997505908485717,0,0.5227924585342407,154,intervention
33,2494064,0.0212203340628716,0.01019003521651029,0.02917897015391975,0,0.6325857043266296,154,intervention
36,2476947,0.02116136087743057,0.01013091392815113,0.02910647569238367,0,0.540640115737915,154,intervention
39,2414291,0.02135797339166081,0.01019817870110273,0.02938775822393166,0,0.5265645980834961,154,intervention
42,2431919,0.02127648297500052,0.01017220877110958,0.02926461268015808,0,0.6841755509376526,154,intervention
45,2439619,0.02181700906139077,0.01055414974689483,0.02999894641424033,0,0.5744583010673523,154,intervention
48,2536625,0.02108372446435325,0.01009680330753326,0.02907476084089458,0,0.5334551334381104,154,intervention
0,2651460,0.02136161483846642,0.01021051127463579,0.02947557855842785,0,0.566896915435791,155,intervention
3,2609520,0.02132756365963647,0.01021586917340755,0.02932344038244879,0,0.5796167254447937,155,intervention
6,2605680,0.0212328296129566,0.01014187838882207,0.02928776810401647,0,0.6428018808364868,155,intervention
9,2672136,0.02153311830773049,0.0102302823215723,0.03147483969170062,0,3.112949848175049,155,intervention
12,2725072,0.02145152667501187,0.01028309576213359,0.02956321334691492,0,0.6013466715812683,155,intervention
15,2618661,0.02161190294987713,0.01037773583084344,0.02975167777445418,0,0.6325857043266296,155,intervention
18,2689260,0.02151658328417016,0.01029190607368946,0.02968761120910015,0,0.6075363755226135,155,intervention
21,2651550,0.02145169345673056,0.01027313061058521,0.0296117453609204,0,0.6841755509376526,155,intervention
24,2659722,0.02128188552153812,0.01017665863037109,0.02924900069243262,0,0.5983755588531494,155,intervention
27,2657600,0.02109467099257943,0.01007403992116451,0.02914482885662169,0,0.5915927290916443,155,intervention
30,2620618,0.02152394382803565,0.01028378121554851,0.02970636343910172,0,0.657389223575592,155,intervention
33,2646306,0.02217559664922362,0.01063934992998838,0.03064064192687983,0,0.7517502903938293,155,intervention
36,2708706,0.02129127399084033,0.01018474344164133,0.02933595874262797,0,0.540640115737915,155,intervention
39,2617024,0.02120341308105978,0.01014187838882207,0.02913027118765456,0,0.7106826901435852,155,intervention
42,2574656,0.02126585667802701,0.01014709193259477,0.02929094342435002,0,0.6633915305137634,155,intervention
45,2643707,0.02139786364222421,0.01022313255816698,0.02952199646973496,0,0.566896915435791,155,intervention
48,2680000,0.02128148038979514,0.0101761408150196,0.02941770491361277,0,0.8383022546768188,155,intervention
0,1378748,0.02109387619546505,0.01002428960055112,0.02911202724772183,0,0.5983755588531494,156,intervention
3,1401327,0.02128712897979897,0.01014577597379684,0.029303701644322,0,0.5679451823234558,156,intervention
6,1384526,0.02178890530592389,0.01041232794523239,0.02993393855301609,0,0.600493848323822,156,intervention
9,1419708,0.0218887702237013,0.01047122851014137,0.03021410439328282,0,0.5244350433349609,156,intervention
12,1433734,0.02139669727669264,0.01019003521651029,0.03018561925194373,0,1.5990360975265503,156,intervention
15,1429327,0.02115861510806002,0.01009680330753326,0.02916105155106127,0,0.5106838941574097,156,intervention
18,1429191,0.02167513970871936,0.01041232794523239,0.02994852511441381,0,0.5655374526977539,156,intervention
21,1375842,0.0216519553701925,0.01041570212692022,0.0298960027602792,0,0.6456171870231628,156,intervention
24,1427184,0.02108990111626075,0.01010905671864748,0.02923673427602214,0,0.7690547704696655,156,intervention
27,1421784,0.02143019034162639,0.01019003521651029,0.0310490759528013,0,2.337587833404541,156,intervention
30,1421126,0.02157194741159007,0.01032547000795602,0.02978171922094301,0,0.7534549236297607,156,intervention
33,1449414,0.02175468001655918,0.01048939302563667,0.02996237201864655,0,0.566896915435791,156,intervention
36,1388106,0.02132088460237681,0.01010505203157663,0.03160895516083906,0,2.5466129779815674,156,intervention
39,1462384,0.02126380056585167,0.01018039416521787,0.02929158243948459,0,0.540640115737915,156,intervention
42,1404708,0.02114139847059387,0.01009680330753326,0.02915474624789706,0,0.6089715957641602,156,intervention
45,1465896,0.02124242767740964,0.01014187838882207,0.02934482481176337,0,0.6708943843841553,156,intervention
48,1421133,0.02160503400628119,0.01033048518002033,0.03018233900383129,0,1.1309943199157717,156,intervention
0,2018512,0.02151910166344213,0.01034844201058149,0.02965969247291256,0,0.5784626603126526,157,intervention
3,2005716,0.02129493682893021,0.01015491504222154,0.02963838568730548,0,1.400733232498169,157,intervention
6,1979288,0.02136581845086277,0.01014187838882207,0.02950626001342436,0,0.7551798224449158,157,intervention
9,1965243,0.02153468301461482,0.01028378121554851,0.02974590489827864,0,0.9015325307846068,157,intervention
12,1976107,0.02121604480205339,0.01010505203157663,0.02930979509467598,0,0.5385596752166748,157,intervention
15,1986184,0.02124796074470787,0.01015533600002527,0.02926821367735357,0,0.5744583010673523,157,intervention
18,2016204,0.0217447239657367,0.01041232794523239,0.02988070465040841,0,0.5744583010673523,157,intervention
21,1961328,0.02121678327505248,0.01013091392815113,0.0292824959271808,0,0.566896915435791,157,intervention
24,1975374,0.02138360283184811,0.01025845110416412,0.02944820588176976,0,0.7517542243003845,157,intervention
27,1977486,0.0211641673419619,0.01009680330753326,0.02921123471635885,0,0.5242570638656616,157,intervention
30,2002648,0.02148142003798001,0.0103092361241579,0.02954784723041132,0,0.5424096584320068,157,intervention
33,1979568,0.02133923150115096,0.01021197158843278,0.02936615733534502,0,0.5796167254447937,157,intervention
36,2028960,0.02116972134581285,0.0101065244525671,0.02916065990279243,0,0.5321623086929321,157,intervention
39,1948191,0.02128374902309569,0.01022786926478147,0.02912539753529923,0,0.7047480344772339,157,intervention
42,2005212,0.02147932669065079,0.01028378121554851,0.02969222732171933,0,0.6740502119064331,157,intervention
45,1994850,0.02122542044547777,0.01014976296573877,0.02921550415477014,0,0.561063289642334,157,intervention
48,2008754,0.0213410430851182,0.0102349929511547,0.02931596508090697,0,0.6841755509376526,157,intervention
0,2910240,0.02137012884538647,0.01020899228751659,0.02941527110804029,0,0.6111081838607788,158,intervention
3,2896608,0.02131660650907322,0.01014972385019064,0.02955362671533201,0,1.0673106908798218,158,intervention
6,2898086,0.02160552862191919,0.01029649283736944,0.02977204341293593,0,0.646826446056366,158,intervention
9,2891460,0.02138124820296802,0.01020560413599014,0.02940441193363949,0,0.5679451823234558,158,intervention
12,2896480,0.02111005157238459,0.01005791127681732,0.02914705655257812,0,0.5893656611442566,158,intervention
15,2929226,0.0213357940933746,0.01018881052732467,0.0293929692048253,0,0.5983755588531494,158,intervention
18,2882763,0.02180504645077131,0.01043556630611419,0.02996639371697233,0,0.7473818063735962,158,intervention
21,2933793,0.02119357859425077,0.01009966991841793,0.02914867767828004,0,0.566896915435791,158,intervention
24,2896020,0.02125386798670988,0.01018039416521787,0.02924764018974309,0,0.7342143654823303,158,intervention
27,2908718,0.02163801220119144,0.01035581622272729,0.03016566056442898,0,1.3576929569244385,158,intervention
30,2847600,0.02155497154864773,0.01028747949749231,0.02969424962346457,0,0.5924255847930908,158,intervention
33,2863366,0.02152031811716008,0.01027781050652265,0.02954478674867591,0,0.6172168254852295,158,intervention
36,2939454,0.02132436093003355,0.01018816046416759,0.02936611146703206,0,0.6325857043266296,158,intervention
39,2981440,0.02138338560802014,0.01024690549820661,0.0294923264049633,0,0.568489134311676,158,intervention
42,2891610,0.02127013864620812,0.0101388618350029,0.02927167059622362,0,0.566896915435791,158,intervention
45,2918832,0.02126205207437947,0.01018991321325302,0.02923660458640541,0,0.6841755509376526,158,intervention
48,2879520,0.02131185811709486,0.01019109971821308,0.02933964124745922,0,0.6748842597007751,158,intervention
0,2656851,0.02118079583872428,0.0101065244525671,0.02924975842507921,0,0.646826446056366,159,intervention
3,2669856,0.02138848541671573,0.01020899228751659,0.0294285919946748,0,0.7643834352493286,159,intervention
6,2649543,0.02136159364650534,0.01025845110416412,0.02950548577992571,0,0.844336748123169,159,intervention
9,2662086,0.02157510898275109,0.0103092361241579,0.02979223138337277,0,0.646826446056366,159,intervention
12,2711880,0.02118676274687686,0.01012449152767658,0.02936619823141289,0,1.1517077684402466,159,intervention
15,2643522,0.02127627626806978,0.01014405582100153,0.02932227858746824,0,0.6546949148178101,159,intervention
18,2643515,0.02136150414647766,0.01021197158843278,0.02942997797423287,0,0.5655374526977539,159,intervention
21,2697768,0.02180301060612133,0.01042531430721283,0.03009178275599671,0,0.7883073091506958,159,intervention
24,2662983,0.02139131633919312,0.01023045368492603,0.0294795490386425,0,0.6178895831108093,159,intervention
27,2656171,0.02124792850047591,0.01014405582100153,0.02922545497069748,0,0.646826446056366,159,intervention
30,2643147,0.02126100449735448,0.0101892789825797,0.02918872570029972,0,0.566896915435791,159,intervention
33,2644950,0.02174658438836229,0.01043556630611419,0.02994953618886443,0,0.7128016352653503,159,intervention
36,2695968,0.02118457063472518,0.01015533600002527,0.02919393490579651,0,0.6807454824447632,159,intervention
39,2669760,0.02121638922363686,0.01012489944696426,0.02925457997718512,0,0.6724256873130798,159,intervention
42,2625678,0.02131014786127793,0.01021142024546861,0.02936290831720411,0,0.566896915435791,159,intervention
45,2628560,0.02121477124753464,0.01009680330753326,0.02923201805319625,0,0.7240395545959473,159,intervention
48,2638988,0.02128302591818773,0.01020903419703245,0.02930657542861073,0,0.514768123626709,159,intervention
0,2120522,0.02127864057317722,0.0101961325854063,0.02936118031817286,0,0.5511287450790405,16,intervention
3,2093773,0.02154135239979764,0.01029415894299745,0.02982012742365184,0,0.8118753433227539,16,intervention
6,2036329,0.02153241066090901,0.01031966228038072,0.02962917602353564,0,0.5915927290916443,16,intervention
9,2082249,0.0214037766413722,0.01025634631514549,0.02942792027806624,0,0.595312237739563,16,intervention
12,2081720,0.02122315389502043,0.01014976296573877,0.02926875153854714,0,0.8410055041313171,16,intervention
15,2095250,0.02135578082610864,0.0101662166416645,0.02962004009317562,0,1.046421766281128,16,intervention
18,2095184,0.02145626112487166,0.01029190607368946,0.02947835515352384,0,0.6075363755226135,16,intervention
21,2077916,0.02171776566481873,0.01041570212692022,0.02991850798768527,0,0.6998858451843262,16,intervention
24,2099597,0.02134703931057059,0.01017153263092041,0.02949501887642319,0,0.6767114400863647,16,intervention
27,2086490,0.02128804060813443,0.01017777062952518,0.02937975320880348,0,0.671698272228241,16,intervention
30,2079108,0.02179044483454381,0.01043842453509569,0.02992197193943958,0,0.5708463191986084,16,intervention
33,2090691,0.02163229482589756,0.01033776625990867,0.03013182677860512,0,1.53728187084198,16,intervention
36,2041752,0.02116638080061168,0.01009680330753326,0.02918437018914153,0,0.6505263447761536,16,intervention
39,2085824,0.02144255076804394,0.01027245819568634,0.02958459420096504,0,0.5343884229660034,16,intervention
42,2102419,0.0214141285482057,0.01024690549820661,0.02946937757711043,0,0.7152329683303833,16,intervention
45,2053005,0.02120043649706992,0.01010505203157663,0.0291852357836925,0,0.4811410903930664,16,intervention
48,2064744,0.02166642759730003,0.01036267355084419,0.02979423497338249,0,0.6013466715812683,16,intervention
0,1512731,0.02119474841052697,0.01014235895127058,0.02918986602086072,0,0.540640115737915,160,intervention
3,1485792,0.02105336598210883,0.01009680330753326,0.02893916865887295,0,0.5240172743797302,160,intervention
6,1518846,0.02201314236440535,0.01055619120597839,0.03033377798113321,0,0.566896915435791,160,intervention
9,1457900,0.02151426574554841,0.01024385448545217,0.02960344713359731,0,0.6073858141899109,160,intervention
12,1518784,0.02148033957427101,0.01029190607368946,0.0295482358524125,0,0.566896915435791,160,intervention
15,1508870,0.02167890070077304,0.01039973460137844,0.02978239529233345,0,0.5265645980834961,160,intervention
18,1514110,0.02182316658363951,0.0104662450030446,0.03011256967318613,0,0.6816315650939941,160,intervention
21,1519026,0.02146870851233592,0.01026090048253536,0.02957717927183388,0,0.6546949148178101,160,intervention
24,1501610,0.0214693566902241,0.01029190607368946,0.02961628458034719,0,0.5065930485725403,160,intervention
27,1517788,0.02113144576096783,0.01015943381935358,0.02908773587508454,0,0.566896915435791,160,intervention
30,1527695,0.02145075483550356,0.01027282048016786,0.02953764856647006,0,0.6009652614593506,160,intervention
33,1494486,0.02149842571076879,0.01028631348162889,0.02967441412204329,0,0.5424096584320068,160,intervention
36,1536354,0.02136564273311435,0.0101961325854063,0.02950035766298985,0,0.7542105317115784,160,intervention
39,1494464,0.02122069939917366,0.01018708478659391,0.02921118906794771,0,0.6013466715812683,160,intervention
42,1528660,0.02148503629599503,0.0103092361241579,0.02947875314694059,0,0.5477128624916077,160,intervention
45,1526458,0.02179532187725984,0.0104200467467308,0.03021724573859096,0,0.879887580871582,160,intervention
48,1491972,0.02126853916350463,0.01015836931765079,0.02925844157404651,0,0.5482248663902283,160,intervention
0,2700960,0.02124740460241063,0.01018039416521787,0.02920696315373378,0,0.5866675972938538,161,intervention
3,2712440,0.02159781946399631,0.01018881052732467,0.03781027022156505,0,6.001044273376465,161,intervention
6,2642194,0.02171501807296128,0.01041232794523239,0.02992057863831511,0,0.5679451823234558,161,intervention
9,2663168,0.02163339465096751,0.01040171459317207,0.02972940153231618,0,0.5424096584320068,161,intervention
12,2684472,0.02131262076390456,0.01014976296573877,0.02947665817909794,0,0.8161921501159668,161,intervention
15,2702735,0.0214280966265722,0.01026951801031828,0.02947189416448802,0,0.5759119987487793,161,intervention
18,2686285,0.02135502833055569,0.01027281582355499,0.02937597878553187,0,0.5919877290725708,161,intervention
21,2702655,0.02145033948748012,0.01022696401923894,0.02992481692661448,0,1.2901219129562378,161,intervention
24,2705584,0.02131904020036731,0.01019968371838331,0.02939004666809499,0,0.566896915435791,161,intervention
27,2723878,0.02120478280971715,0.01017354428768158,0.02918683777612471,0,0.5716277956962585,161,intervention
30,2694282,0.02157512675683993,0.01031966228038072,0.02968919125652476,0,0.5482248663902283,161,intervention
33,2704360,0.02164571103382443,0.01036267355084419,0.02997797375465931,0,0.9739670157432556,161,intervention
36,2649943,0.02126108989801859,0.01017153263092041,0.02929803442498923,0,0.6075363755226135,161,intervention
39,2692256,0.02127212869044791,0.01018423493951559,0.02933047874951759,0,0.6073164939880371,161,intervention
42,2702412,0.02137767214140404,0.0101230964064598,0.03131531647987446,0,2.9264943599700928,161,intervention
45,2767212,0.02118679445186503,0.01017883140593767,0.02916304441869918,0,0.7454280257225037,161,intervention
48,2701062,0.02125863161796054,0.01018666569143533,0.02933709063049377,0,0.566896915435791,161,intervention
0,2821871,0.02110184718720775,0.01012286450713872,0.02897122098283717,0,0.5744583010673523,162,intervention
3,2821917,0.0212870115541401,0.0101230964064598,0.02931279689824327,0,0.565588653087616,162,intervention
6,2801001,0.02149434204693416,0.01023394521325826,0.02958752361299198,0,0.646826446056366,162,intervention
9,2818170,0.02195225943286122,0.01046155951917171,0.03018297543820861,0,0.566896915435791,162,intervention
12,2759435,0.02125168896444633,0.01014187838882207,0.0293056188654919,0,0.7674057483673096,162,intervention
15,2852770,0.02131032431274923,0.01018492504954338,0.02934897304235279,0,0.6060638427734375,162,intervention
18,2783292,0.02128666671205806,0.01018474344164133,0.0292812797798636,0,0.566896915435791,162,intervention
21,2781730,0.02154299567408147,0.0103092361241579,0.029579446062984,0,0.6209637522697449,162,intervention
24,2814459,0.02128240503437843,0.01012749224901199,0.02934811951451863,0,0.5424096584320068,162,intervention
27,2790305,0.02123017140056516,0.01013434585183858,0.02919094933915778,0,0.876315712928772,162,intervention
30,2869168,0.02148521727693144,0.01025845110416412,0.02961182870432698,0,0.5605268478393555,162,intervention
33,2782486,0.02168820787228104,0.01036178972572088,0.02986781976722994,0,0.6841755509376526,162,intervention
36,2873460,0.02116459748194186,0.01010505203157663,0.029159138551261,0,0.7175059914588928,162,intervention
39,2814084,0.02127488100779964,0.01017883140593767,0.02930862503819532,0,0.6767114400863647,162,intervention
42,2848668,0.02148987705135445,0.01024835463613271,0.02964155311949331,0,1.406259298324585,162,intervention
45,2831622,0.02116297581988957,0.01009745616465807,0.02914257122416881,0,0.7454280257225037,162,intervention
48,2854944,0.02146756894040008,0.01029190607368946,0.02961787760792679,0,0.5983755588531494,162,intervention
0,2545618,0.02124571129126004,0.01016408950090408,0.02920547250773415,0,0.5482248663902283,163,intervention
3,2529660,0.0213947806285624,0.01019067037850618,0.02951669892804895,0,0.6445474624633789,163,intervention
6,2491590,0.02192379655276076,0.01048467773944139,0.03062216463157985,0,1.7315832376480105,163,intervention
9,2489984,0.02175631458976656,0.0104068461805582,0.02994480568237522,0,0.7580969333648682,163,intervention
12,2472376,0.02237749655410128,0.01018937118351459,0.08122214594120422,0,24.78363037109375,163,intervention
15,2510220,0.02127658393868909,0.01016939245164394,0.02925398205378461,0,0.566896915435791,163,intervention
18,2531256,0.02168296654451211,0.01040614768862724,0.02994365899795622,0,1.0687060356140137,163,intervention
21,2521548,0.0214797440291509,0.01022590510547161,0.02975657035110209,0,0.9934725165367126,163,intervention
24,2513790,0.02137358238225035,0.0101569453254342,0.02998128885306385,0,1.5138622522354126,163,intervention
27,2542320,0.021190888264297,0.01009745616465807,0.02915206103523809,0,0.4946392476558686,163,intervention
30,2523312,0.02255785556884573,0.01028386875987053,0.07127335992241789,0,19.458253860473633,163,intervention
33,2509052,0.02159264780450629,0.0103557351976633,0.02962403391381077,0,0.5065930485725403,163,intervention
36,2580812,0.02132498025308273,0.01018553040921688,0.02940878649977115,0,0.8620100617408752,163,intervention
39,2475900,0.02155680681146046,0.01026951801031828,0.0301996249565027,0,1.7296490669250488,163,intervention
42,2551850,0.02136434779153272,0.01018039416521787,0.02981930954742665,0,1.6101118326187134,163,intervention
45,2512000,0.02127160149257423,0.01010837499052286,0.02973061080905356,0,2.0323915481567383,163,intervention
48,2520084,0.02138765298058203,0.01018799655139446,0.03078718847233219,0,2.2643327713012695,163,intervention
0,2400608,0.02102840042290163,0.01009021513164043,0.02896271636467972,0,0.6129453182220459,164,intervention
3,2424994,0.02106364188805209,0.01009680330753326,0.02902849117159321,0,0.6153317093849182,164,intervention
6,2404976,0.02166260759796007,0.01034922525286674,0.02994292663968968,0,0.9502219557762146,164,intervention
9,2455005,0.02199359826958251,0.01051431987434625,0.03177944492087406,0,2.8771896362304688,164,intervention
12,2376210,0.02122798470211539,0.01014187838882207,0.02922500329359598,0,0.574341893196106,164,intervention
15,2439360,0.02165179465887162,0.01040421985089778,0.02990794067957722,0,0.6073858141899109,164,intervention
18,2419424,0.02135539019742208,0.01025699637830257,0.02937014315234796,0,0.5564721822738647,164,intervention
21,2385240,0.02126866187338135,0.01015836931765079,0.02929100398191459,0,0.6377180218696594,164,intervention
24,2386400,0.02139083989874987,0.01029190607368946,0.0293817476971085,0,0.6841755509376526,164,intervention
27,2433500,0.02112582883080019,0.0101286694407463,0.02905082083020535,0,0.4867383539676666,164,intervention
30,2442440,0.02150395367541344,0.01036267355084419,0.02958781943251988,0,0.566896915435791,164,intervention
33,2419308,0.02186621367003006,0.01055267918854951,0.0301059308346386,0,0.6129453182220459,164,intervention
36,2474133,0.02121568487244075,0.01016939245164394,0.02929558736813493,0,0.5343884229660034,164,intervention
39,2439828,0.02134668562484537,0.01015715114772319,0.03139182229806711,0,4.115961074829102,164,intervention
42,2410124,0.02169276370570139,0.01043082028627395,0.02977473115816354,0,0.540640115737915,164,intervention
45,2399337,0.02127862792605043,0.01019003521651029,0.02931946417750875,0,0.6767114400863647,164,intervention
48,2377323,0.02137375550005387,0.01024587079882621,0.02940201098100277,0,0.5669360160827637,164,intervention
0,2536212,0.02138344973631281,0.01022313255816698,0.02944050115636716,0,0.7669888138771057,165,intervention
3,2573160,0.02129717486826756,0.01021586917340755,0.029372431328506948,0,0.7454280257225037,165,intervention
6,2534574,0.02218465260474658,0.01026761624962091,0.05843385512067464,0,17.42381477355957,165,intervention
9,2549253,0.02157008594774272,0.01034765504300594,0.02973921826554092,0,0.8925968408584595,165,intervention
12,2581704,0.02135744388750062,0.01021142024546861,0.0294495142581546,0,0.6782830953598022,165,intervention
15,2530322,0.0216353831982504,0.01037773583084344,0.02974878558231765,0,0.5781065821647644,165,intervention
18,2597706,0.02140356443934871,0.01020899228751659,0.02943942159972378,0,0.7036890983581543,165,intervention
21,2547820,0.02158603193969746,0.01029190607368946,0.02996700307634612,0,0.9314318299293518,165,intervention
24,2614144,0.02118107032189961,0.01008074451237917,0.02927558182964415,0,0.6074079871177673,165,intervention
27,2618136,0.02128289935855091,0.01016456726938486,0.02936449602824001,0,0.6841755509376526,165,intervention
30,2582183,0.02150119218053912,0.01029190607368946,0.02964463396914435,0,0.7640823721885681,165,intervention
33,2574090,0.02159920046035141,0.01035737060010433,0.02985299691373909,0,1.0412328243255615,165,intervention
36,2591260,0.02128030882933379,0.01014187838882207,0.02936165035121772,0,0.6195862293243408,165,intervention
39,2590251,0.02127693566783812,0.01012286450713872,0.02933244000655002,0,0.6129453182220459,165,intervention
42,2511918,0.02115427659424972,0.01010599080473184,0.02916534034658312,0,0.5679451823234558,165,intervention
45,2637108,0.02152017803263835,0.01020356640219688,0.03497193199508031,0,5.506089210510254,165,intervention
48,2603418,0.02120741403739163,0.01019817870110273,0.02912562563019341,0,0.6841755509376526,165,intervention
0,2181525,0.0212404035314613,0.01011834759265184,0.02924207967655816,0,0.5533496737480164,166,intervention
3,2166735,0.02157551480468347,0.01030061487108469,0.02975484876433585,0,0.613581657409668,166,intervention
6,2128677,0.02203980681657125,0.01053081545978784,0.03033458420277339,0,0.6841755509376526,166,intervention
9,2174130,0.02130949061835044,0.01018039416521787,0.02937098283207659,0,0.7368083000183105,166,intervention
12,2193361,0.02150313361441484,0.01029190607368946,0.02967140467305794,0,0.5744583010673523,166,intervention
15,2144760,0.02160679075907666,0.01030286028981208,0.02972740572973037,0,0.5679451823234558,166,intervention
18,2160884,0.02135083006415648,0.01021051127463579,0.02930864116886139,0,0.5434810519218445,166,intervention
21,2197804,0.02157801922643125,0.01033373828977346,0.02965150024347997,0,0.5679451823234558,166,intervention
24,2124216,0.02142161402658786,0.01022658869624137,0.02943243032413504,0,0.4980700314044952,166,intervention
27,2187080,0.02121704814731559,0.01012821216136217,0.02927969426893208,0,0.6841755509376526,166,intervention
30,2211025,0.02125638613172097,0.01017634943127632,0.02930782609166311,0,0.5866675972938538,166,intervention
33,2201815,0.02143428065217162,0.01026466116309166,0.02957795528379507,0,0.566896915435791,166,intervention
36,2197764,0.02121826544891545,0.01015836931765079,0.02918810887005942,0,0.6345237493515015,166,intervention
39,2214143,0.02138563131460156,0.01024295575916767,0.0296190070837331,0,1.062715768814087,166,intervention
42,2199253,0.02140544540084504,0.0101961325854063,0.02952520297288861,0,0.6841755509376526,166,intervention
45,2191874,0.02132199526751959,0.01018474344164133,0.02943583654045781,0,0.6354645490646362,166,intervention
48,2205104,0.0213259828030821,0.01014187838882207,0.02940858012986758,0,0.566896915435791,166,intervention
0,1781647,0.02141820835088935,0.01027156971395015,0.02937793606800143,0,0.646826446056366,167,intervention
3,1788826,0.02119860179289927,0.01009745616465807,0.02919280232876352,0,0.5482248663902283,167,intervention
6,1777108,0.02145389669228891,0.01026415545493364,0.02950305757042792,0,0.9330415725708008,167,intervention
9,1801847,0.02142537727334108,0.01029190607368946,0.02945951213890428,0,0.6122516989707947,167,intervention
12,1735968,0.02114566556264351,0.01014344580471515,0.02901057204510689,0,0.6129453182220459,167,intervention
15,1777056,0.02127365530137641,0.01017777062952518,0.02922028637940828,0,0.5150874257087708,167,intervention
18,1767961,0.02153257755775645,0.0103092361241579,0.02967350558977608,0,0.5382612347602844,167,intervention
21,1765218,0.02135326840256535,0.01020774897187948,0.02931180638131,0,0.5150874257087708,167,intervention
24,1771724,0.02120080611854334,0.01014187838882207,0.02903588114862304,0,0.646826446056366,167,intervention
27,1764490,0.02124770697821651,0.01014976296573877,0.02920101450649411,0,0.5744583010673523,167,intervention
30,1789896,0.02172947937251431,0.01043082028627395,0.02985055795026883,0,0.561063289642334,167,intervention
33,1755180,0.02157367906033611,0.01029190607368946,0.02969632383289335,0,0.6841755509376526,167,intervention
36,1793199,0.02122096514118987,0.01014187838882207,0.0292076414894635,0,0.5265645980834961,167,intervention
39,1726018,0.02150894028607916,0.01030272990465164,0.02954666396425902,0,0.5754531621932983,167,intervention
42,1769868,0.02126657893776197,0.01018367242068052,0.02927481614060069,0,0.5541696548461914,167,intervention
45,1777108,0.02148526742874702,0.01029190607368946,0.02962584427694679,0,0.566896915435791,167,intervention
48,1827270,0.02132460233088643,0.01019003521651029,0.02936531569172324,0,0.5343884229660034,167,intervention
0,2443287,0.02140993987002265,0.01025845110416412,0.02951929004927562,0,0.7340476512908936,168,intervention
3,2427200,0.02154851567207552,0.01028015464544296,0.02970720113733284,0,0.7551798224449158,168,intervention
6,2372472,0.02113876638142277,0.01009680330753326,0.02909046040430626,0,0.5746617913246155,168,intervention
9,2422042,0.02167813202292799,0.01038058567792177,0.02988588665439346,0,0.6785671710968018,168,intervention
12,2388180,0.02112753443777339,0.01008729357272386,0.0291142552509879,0,0.6779300570487976,168,intervention
15,2366217,0.02115967088292615,0.01010818034410476,0.02908424154838652,0,0.6841755509376526,168,intervention
18,2408996,0.02141522249481159,0.01029415894299745,0.02945835208666368,0,0.5700867772102356,168,intervention
21,2483946,0.02130783625739869,0.01019003521651029,0.02943492214317552,0,0.6789463758468628,168,intervention
24,2412240,0.02109105428406549,0.01008047256618738,0.02902568443695113,0,0.566896915435791,168,intervention
27,2399144,0.02431502342858566,0.01024466659873724,0.20134918718708672,0,46.90169143676758,168,intervention
30,2457436,0.02139179104756404,0.01025845110416412,0.02982453576383282,0,2.4659876823425293,168,intervention
33,2401875,0.02141942118326982,0.01026951801031828,0.02942225087005481,0,0.566896915435791,168,intervention
36,2402059,0.02124930144226929,0.01014972385019064,0.02954380742555437,0,1.5723224878311155,168,intervention
39,2373000,0.02138726022986949,0.01020899228751659,0.02947621896890028,0,0.7748263478279114,168,intervention
42,2381202,0.02116434221555857,0.01011413894593715,0.02918881373992076,0,0.9748476147651672,168,intervention
45,2445840,0.02132512315025766,0.01022313255816698,0.02935426728330517,0,0.6082170009613037,168,intervention
48,2460392,0.02128057879467668,0.0101961325854063,0.02933636226020011,0,0.6549424529075623,168,intervention
0,1949562,0.02102027596480559,0.01008152775466442,0.02883952342480488,0,0.6129453182220459,169,intervention
3,1937340,0.02121772987454603,0.01012492924928665,0.02923281054403714,0,0.618377149105072,169,intervention
6,1980636,0.02158637176841426,0.01034958288073539,0.02964893313010836,0,0.6032311320304871,169,intervention
9,1955757,0.02178473545687776,0.01040111389011144,0.03004394917818209,0,0.6129453182220459,169,intervention
12,1961160,0.02115284539331469,0.01009692717343568,0.02912568380728832,0,0.7106826901435852,169,intervention
15,1918740,0.02122296198258986,0.01014187838882207,0.02917948596298552,0,0.566896915435791,169,intervention
18,1929654,0.02176026634440347,0.01043082028627395,0.02996973633147839,0,0.7101919651031494,169,intervention
21,1958294,0.02137368675007207,0.01024163421243429,0.02942812561402132,0,0.574357807636261,169,intervention
24,1957478,0.02104004217952174,0.01009680330753326,0.02898242178015441,0,0.5763967633247375,169,intervention
27,1891932,0.02122583237450893,0.01009680330753326,0.02926657472884394,0,0.5022333860397339,169,intervention
30,1937264,0.02156878084839227,0.0103092361241579,0.02965843106320167,0,0.6129453182220459,169,intervention
33,1970316,0.02147047137659387,0.01027769036591053,0.02953783012627015,0,0.5708463191986084,169,intervention
36,1941336,0.02121220175590412,0.01014187838882207,0.02926254640419939,0,0.5744583010673523,169,intervention
39,1949156,0.02126785646089425,0.01018881052732467,0.02921793075258489,0,0.5334551334381104,169,intervention
42,1996722,0.02125778450837753,0.01021208148449659,0.02924857556971649,0,0.566896915435791,169,intervention
45,1938504,0.02144876726761651,0.01022313255816698,0.02949636750151996,0,0.5744583010673523,169,intervention
48,2002029,0.02123008044304102,0.01017695479094982,0.02918265170527115,0,0.566896915435791,169,intervention
0,1997826,0.02124920317154046,0.01014483626931905,0.02943521116856694,0,1.185458779335022,17,intervention
3,1980924,0.02127730846632318,0.01016428600996732,0.02930853070631161,0,0.5655374526977539,17,intervention
6,2016231,0.0215327424081089,0.01032564416527748,0.02971386498602664,0,0.6856819987297058,17,intervention
9,2016231,0.02136367252216441,0.01024437136948108,0.02944232706987274,0,0.566896915435791,17,intervention
12,1989508,0.02127539414761984,0.01016877964138984,0.02942311598977538,0,1.0937705039978027,17,intervention
15,1986678,0.02137298500129965,0.01018666569143533,0.02951098316524906,0,0.8461561799049377,17,intervention
18,2029180,0.0217289506591153,0.01018553040921688,0.04304500575141563,0,6.5050272941589355,17,intervention
21,2016384,0.0211828510218503,0.01010505203157663,0.02922966393019449,0,0.7454280257225037,17,intervention
24,2000600,0.02132603257520714,0.01019003521651029,0.02932720432733975,0,0.5832635164260864,17,intervention
27,2002000,0.02113316182731417,0.01009745616465807,0.02920986244452634,0,0.809045135974884,17,intervention
30,1975424,0.02171684015876721,0.01036267355084419,0.03043116685632624,0,1.1670074462890625,17,intervention
33,1985256,0.02168282860887007,0.01019817870110273,0.03658634828797341,0,4.90706729888916,17,intervention
36,1982415,0.02144318041157418,0.01024536695331335,0.0296001284541702,0,0.8129153251647949,17,intervention
39,2062071,0.02119652910846072,0.01015682052820921,0.02917687858603904,0,0.5744583010673523,17,intervention
42,2030561,0.02125692160769136,0.01014187838882207,0.02949428443019786,0,1.040282964706421,17,intervention
45,1993303,0.02156604094143184,0.01019003521651029,0.03308372788877669,0,3.124551296234131,17,intervention
48,1979624,0.02115132923413364,0.01010505203157663,0.02917203344739671,0,0.6841755509376526,17,intervention
0,2883180,0.02128641296467923,0.01019003521651029,0.02923372929188335,0,0.5737672448158264,170,intervention
3,2923648,0.02139064785883924,0.01027808338403701,0.02941607074632811,0,0.566896915435791,170,intervention
6,2996200,0.02130532400748224,0.01018474344164133,0.02939837711033402,0,0.6841755509376526,170,intervention
9,2962506,0.02125390638315475,0.01019000075757503,0.0293431483078247,0,0.566896915435791,170,intervention
12,2925258,0.02132113836056956,0.01022590510547161,0.02945307760746714,0,0.7655236721038818,170,intervention
15,2964800,0.02109678000867197,0.01013434585183858,0.02905493571123097,0,0.6679729223251343,170,intervention
18,2964128,0.02199484002450774,0.01051750313490629,0.0303552240348429,0,0.7072882652282715,170,intervention
21,2921578,0.0211678982237401,0.01015739887952804,0.02916619815268457,0,0.6490405201911926,170,intervention
24,2916620,0.02134080342475939,0.01019109971821308,0.02938426063723278,0,0.6346561908721924,170,intervention
27,2963348,0.02131802934633129,0.01017665863037109,0.02938343828430177,0,0.6201460361480713,170,intervention
30,2975790,0.02152626477042185,0.01020899228751659,0.03227853989063976,0,3.168952703475952,170,intervention
33,2937870,0.02177285989980782,0.01043082028627395,0.02996815490491947,0,0.6245235800743103,170,intervention
36,2935872,0.02132202848819405,0.01018666569143533,0.02933631979603632,0,0.6416125297546387,170,intervention
39,2966454,0.02124770888751159,0.01018039416521787,0.02926731360819922,0,0.566896915435791,170,intervention
42,2939300,0.02146270210705915,0.0103261349722743,0.02951609918005884,0,0.6013466715812683,170,intervention
45,2925700,0.02139066736355883,0.01020899228751659,0.02968448805365729,0,1.2932206392288208,170,intervention
48,2952752,0.0212668068187032,0.0101820770651102,0.02930518197445883,0,0.6751798987388611,170,intervention
0,2383927,0.02134475666133579,0.01017220877110958,0.02940297441720272,0,0.6962780356407166,171,intervention
3,2387025,0.02123632885580325,0.01014187838882207,0.02919757613863336,0,0.564775824546814,171,intervention
6,2422636,0.02146369902766447,0.01025845110416412,0.0298363817912351,0,1.354519248008728,171,intervention
9,2474328,0.02156459771117761,0.01029415894299745,0.03082132391822704,0,2.4534385204315186,171,intervention
12,2453880,0.02129506833218045,0.01011159271001815,0.03075087846565988,0,2.2906312942504883,171,intervention
15,2460180,0.02124988244192648,0.01018666569143533,0.0292464395908415,0,0.6456171870231628,171,intervention
18,2458588,0.02352099997231957,0.01029190607368946,0.13645342728176693,0,32.894737243652344,171,intervention
21,2502624,0.02140794126083062,0.0101826200261712,0.03377636814987949,0,4.854512691497803,171,intervention
24,2399257,0.02116738957384184,0.01012821216136217,0.02909373399283317,0,0.5424096584320068,171,intervention
27,2483580,0.02145589540105115,0.01026951801031828,0.02961846559799287,0,0.8221907615661621,171,intervention
30,2455488,0.02152899721724617,0.01030199322849512,0.02962062904801489,0,0.6546949148178101,171,intervention
33,2365408,0.02137613791342952,0.01015603635460138,0.02977292637079191,0,1.3301262855529783,171,intervention
36,2475560,0.02117444860005068,0.01017634943127632,0.02915642908674921,0,0.565588653087616,171,intervention
39,2394700,0.02127360644956128,0.01013434585183858,0.02931662698569533,0,0.6931260228157043,171,intervention
42,2396223,0.02141549259407192,0.01025699637830257,0.02948777407131817,0,0.6009652614593506,171,intervention
45,2466470,0.02155320560221591,0.01028631348162889,0.03054923869805451,0,1.8700748682022097,171,intervention
48,2436705,0.02142451687268072,0.01029190607368946,0.02944556830626148,0,0.514768123626709,171,intervention
0,2116976,0.02129426997547054,0.01019817870110273,0.02925597898181929,0,0.566896915435791,172,intervention
3,2083650,0.02140407484658383,0.01025084871798753,0.02948035830508518,0,0.5818815231323242,172,intervention
6,2059221,0.02121879524055336,0.01010818034410476,0.02929475448500983,0,0.7154698371887207,172,intervention
9,2007808,0.02153703640467666,0.01021142024546861,0.03047064704777924,0,1.6476651430130005,172,intervention
12,2063442,0.02141048916492382,0.01022177189588546,0.02944019592209747,0,0.5434810519218445,172,intervention
15,2102491,0.0213040253350928,0.01019109971821308,0.02930237918666532,0,0.6073164939880371,172,intervention
18,2109714,0.0217542937602736,0.01043082028627395,0.02997119405891775,0,0.6919306516647339,172,intervention
21,2102400,0.02173282789009031,0.01034765504300594,0.03056989144902132,0,1.4697237014770508,172,intervention
24,2100978,0.02118310890624976,0.01010818034410476,0.02916430357464175,0,0.5089103579521179,172,intervention
27,2091982,0.02135500447441391,0.01022111345082521,0.0294250408603276,0,0.9320757389068604,172,intervention
30,2090835,0.02145530397531333,0.01021558325737714,0.0296281338178226,0,0.7537370920181274,172,intervention
33,2105385,0.0211121601200801,0.01009745616465807,0.02904728111530691,0,0.5150874257087708,172,intervention
36,2061772,0.02120632489705035,0.01014976296573877,0.02907396610123615,0,0.566896915435791,172,intervention
39,2047761,0.02151569005598463,0.01021142024546861,0.03098066684075889,0,2.6210992336273193,172,intervention
42,2063530,0.02151496570505159,0.01027000602334737,0.02956986579106626,0,0.5028857588768005,172,intervention
45,2043458,0.0217726073592666,0.01041020359843969,0.02999563216001863,0,0.6546949148178101,172,intervention
48,2059216,0.02121324751687905,0.01013671047985553,0.02918230394460215,0,0.5679451823234558,172,intervention
0,2781383,0.02123093981873683,0.01016939245164394,0.02923876349426757,0,0.5511287450790405,173,intervention
3,2747124,0.0210744529875934,0.01005322579294443,0.02904514002616204,0,0.5924255847930908,173,intervention
6,2734491,0.02148755635764911,0.01028386875987053,0.02962548037360541,0,0.5983755588531494,173,intervention
9,2741495,0.02181692634432315,0.01043082028627395,0.02999373791132152,0,0.566896915435791,173,intervention
12,2786300,0.02125052379143912,0.01016088481992483,0.02936693268027231,0,0.8250905275344849,173,intervention
15,2770054,0.02122666773777118,0.01014187838882207,0.02926627537362705,0,0.5911686420440674,173,intervention
18,2753128,0.02129562974487043,0.01017883140593767,0.02937942918312086,0,0.7454280257225037,173,intervention
21,2757765,0.02176057960425549,0.01041577104479074,0.02999430971944366,0,0.5744583010673523,173,intervention
24,2840670,0.02113802524470651,0.01009745616465807,0.02913144578352042,0,0.7240395545959473,173,intervention
27,2764048,0.02111405973271705,0.01007654145359993,0.02911396427492551,0,0.6113660335540771,173,intervention
30,2788764,0.02173742877194491,0.01041232794523239,0.02993081666254536,0,0.5470408797264099,173,intervention
33,2774260,0.02136552256243481,0.01019445154815912,0.02942884952865696,0,0.6841755509376526,173,intervention
36,2854075,0.02122027294544796,0.01018881052732467,0.0291759165513194,0,0.6501097679138184,173,intervention
39,2784600,0.02130389684755736,0.01017892453819513,0.02938668298208315,0,0.6904447078704834,173,intervention
42,2782962,0.02122255155222247,0.01010905671864748,0.02924710867913954,0,0.5744583010673523,173,intervention
45,2736816,0.02130480206359873,0.01019019726663827,0.02932350808142373,0,0.5983755588531494,173,intervention
48,2800907,0.02131129570021971,0.01018474344164133,0.02945851880903258,0,1.084258198738098,173,intervention
0,2154924,0.02118254220986148,0.01009854767471551,0.02913272507481946,0,0.6013466715812683,174,intervention
3,2150566,0.02118379104690912,0.01013621687889099,0.02926574301570536,0,0.5224372744560242,174,intervention
6,2150620,0.02119117997326409,0.01011306419968605,0.02914884937856781,0,0.49621522426605225,174,intervention
9,2135962,0.02146918225295983,0.01029417105019092,0.02958906789003304,0,0.9447798132896424,174,intervention
12,2166748,0.02131101901154475,0.01017665863037109,0.02933243759799138,0,0.5611834526062012,174,intervention
15,2125728,0.02130041208477371,0.01015217881649732,0.02932839205888094,0,0.5825333595275879,174,intervention
18,2140320,0.02143193879018323,0.0102478303015232,0.0295521872675584,0,0.5482248663902283,174,intervention
21,2143215,0.02156003707023006,0.0103092361241579,0.03015312406289306,0,1.8571635484695437,174,intervention
24,2156310,0.02155078322112022,0.01025681477040052,0.02964156839054308,0,0.5675617456436157,174,intervention
27,2115564,0.02140416034355279,0.01023617666214704,0.02946657461857739,0,0.6325857043266296,174,intervention
30,2111128,0.0212130725483542,0.01011118292808532,0.02918044532851459,0,1.054854393005371,174,intervention
33,2153500,0.02152615148386917,0.01022313255816698,0.02968341754063555,0,0.665257453918457,174,intervention
36,2174150,0.0213591160730929,0.01018666569143533,0.02947360406135735,0,0.7240395545959473,174,intervention
39,2118478,0.02126068626937024,0.01014187838882207,0.02938874662312281,0,0.8900783658027649,174,intervention
42,2153536,0.02120604526764287,0.01011506933718919,0.02915771094019339,0,0.7240395545959473,174,intervention
45,2196308,0.02115132057381931,0.01009745616465807,0.02916315597277661,0,0.6626731157302856,174,intervention
48,2121282,0.0213327160057434,0.01011834759265184,0.02964977434041008,0,0.9837800860404968,174,intervention
0,2619122,0.02113119951184999,0.01010415144264698,0.02906961620470506,0,0.5744583010673523,175,intervention
3,2584036,0.02109189869906718,0.01009745616465807,0.02902275684946387,0,0.6129453182220459,175,intervention
6,2579187,0.02173344351644991,0.010425197891891,0.02997709369811378,0,0.5744583010673523,175,intervention
9,2619236,0.02161137277632305,0.01030286028981208,0.02975679424776329,0,0.646826446056366,175,intervention
12,2577618,0.02130897926447832,0.01018039416521787,0.02930643233326257,0,0.4811410903930664,175,intervention
15,2638998,0.02134830592124362,0.0101846382021904,0.02937909276429563,0,0.6841755509376526,175,intervention
18,2579232,0.02117086932191069,0.01011413894593715,0.02912384601869693,0,0.566896915435791,175,intervention
21,2529660,0.02127630574310892,0.01017491333186626,0.02923235646844572,0,0.5089103579521179,175,intervention
24,2585639,0.02137448385098916,0.01023827772587537,0.02965926058677702,0,1.048981547355652,175,intervention
27,2577474,0.02136180035703507,0.01025845110416412,0.02938523262813667,0,0.6767114400863647,175,intervention
30,2584054,0.02126542900002637,0.01018039416521787,0.02923923788893357,0,0.5434810519218445,175,intervention
33,2624336,0.02149517321553243,0.01026466116309166,0.0296280063782083,0,0.6669448018074036,175,intervention
36,2572815,0.02118230695745154,0.01009745616465807,0.029182287495605,0,0.6633915305137634,175,intervention
39,2608056,0.02121431387055928,0.01014846842736005,0.02915880202841063,0,0.6013466715812683,175,intervention
42,2567994,0.0212953236627319,0.01014187838882207,0.02935901410319093,0,0.5744583010673523,175,intervention
45,2625990,0.02130773093634515,0.01019003521651029,0.02937028404648431,0,0.566896915435791,175,intervention
48,2579200,0.02130848463777432,0.01020378991961479,0.02944024429911322,0,1.3007551431655884,175,intervention
0,2833634,0.02144121372017619,0.01022313255816698,0.02968173406082044,0,1.1381100416183472,176,intervention
3,2858457,0.02137309287489811,0.01011834759265184,0.03179966704013695,0,4.031332969665527,176,intervention
6,2805408,0.02184357003300029,0.01022313255816698,0.04470795015651775,0,8.899162292480469,176,intervention
9,2817885,0.02128148871536425,0.01020899228751659,0.02926139243501005,0,0.6325857043266296,176,intervention
12,2880906,0.0213418742357863,0.01021558325737714,0.02936154927702377,0,0.5757214426994324,176,intervention
15,2834631,0.02136378695225584,0.01022590510547161,0.02941156825063549,0,0.5118213295936584,176,intervention
18,2816737,0.02140843585953144,0.01018474344164133,0.03030637684669901,0,2.2127180099487305,176,intervention
21,2811929,0.02153876669276603,0.01028819009661674,0.02984192642327557,0,1.494876742362976,176,intervention
24,2833831,0.0212529550934851,0.01018039416521787,0.02928008114133579,0,0.5526943802833557,176,intervention
27,2856230,0.02133339767149092,0.01006562355905771,0.03370347466211531,0,4.483546257019043,176,intervention
30,2816016,0.02136077066238654,0.01019817870110273,0.02937031811425971,0,0.5987581014633179,176,intervention
33,2829474,0.02150874211233857,0.01026951801031828,0.03006729007181373,0,1.35206401348114,176,intervention
36,2838000,0.02166618274343553,0.01019817870110273,0.03572825996411727,0,7.48870849609375,176,intervention
39,2854368,0.02123588016171197,0.01012286450713872,0.02924486522812972,0,0.5477128624916077,176,intervention
42,2873460,0.02147280371243451,0.01021142024546861,0.02992876625230124,0,1.1342819929122925,176,intervention
45,2927252,0.02135436148550419,0.01020399667322635,0.02941038926012924,0,0.5679451823234558,176,intervention
48,2911913,0.02125400882086289,0.01018039416521787,0.02925714503288843,0,0.6841755509376526,176,intervention
0,2653378,0.02119953155570152,0.01017491333186626,0.02920612070630554,0,0.5477128624916077,177,intervention
3,2623500,0.02133331728092601,0.01019595004618167,0.02930580395307833,0,0.6325857043266296,177,intervention
6,2659580,0.02214510400998345,0.01062782667577266,0.03052372480900921,0,0.7466893792152405,177,intervention
9,2624614,0.02156890406611463,0.01022084895521402,0.03341169674871869,0,3.3555386066436768,177,intervention
12,2664664,0.02140547760493691,0.01015533600002527,0.03135128215043231,0,2.5664942264556885,177,intervention
15,2664385,0.0237389750900996,0.01014976296573877,0.17648715949213672,0,47.443660736083984,177,intervention
18,2649015,0.02134720433687764,0.01022786926478147,0.02944282733570444,0,0.5894189476966858,177,intervention
21,2597100,0.02184569739914158,0.01043082028627395,0.0304154684516041,0,1.3552052974700928,177,intervention
24,2690856,0.02131801797080418,0.01016939245164394,0.0297155815118016,0,1.20200777053833,177,intervention
27,2663880,0.02132644311388254,0.01019003521651029,0.02955553892253229,0,1.042352318763733,177,intervention
30,2623158,0.02152836889709657,0.01028043683618307,0.02985466316421088,0,1.076568603515625,177,intervention
33,2713404,0.02162360138729054,0.0103941224515438,0.02997953601288673,0,1.2319562435150146,177,intervention
36,2592296,0.02126330570930748,0.01017665863037109,0.02925573204839322,0,0.772180438041687,177,intervention
39,2639058,0.02119333435961681,0.01011506933718919,0.02941675271460507,0,0.9812723994255066,177,intervention
42,2630344,0.02128424731627553,0.01020508166402578,0.02927331510568808,0,0.566896915435791,177,intervention
45,2673015,0.02184553775925761,0.01041577104479074,0.03049481590529308,0,1.1137335300445557,177,intervention
48,2680443,0.02268259239510885,0.01014187838882207,0.10279975436299237,0,26.208988189697266,177,intervention
0,2182664,0.02106896567644347,0.01015836931765079,0.0290448751382159,0,0.566896915435791,178,intervention
3,2191640,0.02123222896171225,0.01014415733516216,0.02916448022227439,0,0.5679451823234558,178,intervention
6,2077166,0.02165384103995744,0.01040420029312372,0.02974698219147722,0,0.566896915435791,178,intervention
9,2108108,0.02151538218973741,0.0102332467213273,0.02961247223291066,0,0.6129453182220459,178,intervention
12,2095016,0.02142636743847563,0.01030461676418781,0.02945730329979629,0,0.6858708262443542,178,intervention
15,2151513,0.02113490846925261,0.01017665863037109,0.02900343976647029,0,0.5081033110618591,178,intervention
18,2112552,0.02149548165599879,0.01029653660953044,0.02963633711630974,0,0.6129453182220459,178,intervention
21,2116856,0.02145567942433875,0.0103092361241579,0.02954676559809075,0,0.5679126381874084,178,intervention
24,2112552,0.02131131532581666,0.01018881052732467,0.02934703560682361,0,0.5477128624916077,178,intervention
27,2131344,0.02133263905369561,0.01025635842233896,0.0293676804841892,0,0.6552109122276306,178,intervention
30,2132680,0.02119235477305784,0.01015603635460138,0.02916354088521485,0,0.5679126381874084,178,intervention
33,2124294,0.02115754580874341,0.01013870444148779,0.02918238441160757,0,0.6857874393463135,178,intervention
36,2140173,0.02135870536859466,0.01022658869624137,0.02938457791797532,0,0.6841755509376526,178,intervention
39,2122728,0.02132851833040419,0.0101961325854063,0.02934457381563769,0,0.5482248663902283,178,intervention
42,2066250,0.02139884205600434,0.01023707911372184,0.02945948768527634,0,0.5136807560920715,178,intervention
45,2115330,0.02136567424710894,0.01028536818921566,0.02933950051252604,0,0.6014882922172546,178,intervention
48,2087584,0.02126557606776981,0.0101820770651102,0.02928957657934582,0,0.5757008194923401,178,intervention
0,2286592,0.02221792563435656,0.01014709193259477,0.07324577824069903,0,15.952983856201172,179,intervention
3,2238675,0.02103777196347694,0.01000859122723341,0.02896792364802309,0,0.6129453182220459,179,intervention
6,2224218,0.02187511185479666,0.01041577104479074,0.03060193941627347,0,1.8474366664886477,179,intervention
9,2254209,0.02197867488692979,0.01051750313490629,0.03163599874982788,0,2.5433545112609863,179,intervention
12,2238020,0.02128428992694915,0.01018039416521787,0.02929791317852291,0,0.6416125297546387,179,intervention
15,2241719,0.02146085361948897,0.01022590510547161,0.02999125729709339,0,1.5460729598999023,179,intervention
18,2285154,0.02158000584133417,0.01035480108112096,0.02971244573705036,0,0.566896915435791,179,intervention
21,2289975,0.02140375946986035,0.01021197158843278,0.02953496634485936,0,0.5679451823234558,179,intervention
24,2260800,0.02128696715258553,0.01019057631492614,0.0293547503308283,0,0.6841755509376526,179,intervention
27,2284627,0.02184726799470224,0.01022449880838394,0.04383859362526642,0,7.934412002563477,179,intervention
30,2254000,0.02153815979053882,0.01031048223376274,0.02966586488588626,0,0.6575223207473755,179,intervention
33,2204100,0.02188350467923764,0.01043552346527576,0.03009043475268386,0,0.566896915435791,179,intervention
36,2267672,0.02121030384245195,0.01009745616465807,0.0292175410720256,0,0.566896915435791,179,intervention
39,2261000,0.02114232722578319,0.0101230964064598,0.02909252196981669,0,0.5578420162200928,179,intervention
42,2202908,0.02126506675971429,0.01012286450713872,0.02928533883627124,0,0.6088271737098694,179,intervention
45,2242570,0.02152130013803353,0.01019817870110273,0.03099248904011221,0,2.841792583465576,179,intervention
48,2270934,0.02123646275602126,0.01016408950090408,0.02929537502875873,0,0.6325857043266296,179,intervention
0,2124124,0.02146248103003958,0.01014846842736005,0.03421567502899631,0,3.94742202758789,18,intervention
3,2159320,0.02121758885069595,0.01009745616465807,0.02945113155050044,0,1.016198754310608,18,intervention
6,2133054,0.02137647896290905,0.01021051127463579,0.02940192077911718,0,0.5265645980834961,18,intervention
9,2127090,0.02137664142650904,0.0102216824889183,0.029398759299498,0,0.566896915435791,18,intervention
12,2128320,0.02118584473606996,0.01013939455151558,0.02916576991253325,0,0.5108935236930847,18,intervention
15,2171182,0.02121057058168757,0.01012286450713872,0.02927633477984385,0,0.7821376323699951,18,intervention
18,2117025,0.02219903537766403,0.01058663707226514,0.03072079978832604,0,0.8290629982948303,18,intervention
21,2128425,0.02148756152734628,0.01025294139981269,0.02957086563499351,0,0.6711089015007019,18,intervention
24,2149131,0.02100558852219009,0.01000590529292821,0.02894043440160913,0,0.5001779794692993,18,intervention
27,2116989,0.02126027437164046,0.01013091392815113,0.0292607493084844,0,0.5089103579521179,18,intervention
30,2140305,0.0211969796469174,0.0101206162944436,0.0291731349397345,0,0.6583800911903381,18,intervention
33,2116800,0.02156478716479065,0.01029190607368946,0.02980923785781001,0,0.8286899924278259,18,intervention
36,2106510,0.02141806248161512,0.0102225998416543,0.02957918403610193,0,0.9552279114723206,18,intervention
39,2154768,0.02133671603071653,0.01011830847710371,0.03125273494082941,0,2.786264419555664,18,intervention
42,2112656,0.02186189368479759,0.01029190607368946,0.03903417117230016,0,8.424165725708008,18,intervention
45,2090720,0.02170576868627292,0.01032564416527748,0.03006171660746105,0,0.931681215763092,18,intervention
48,2077740,0.02137713712920612,0.0101961325854063,0.03014952329341782,0,1.6719404458999634,18,intervention
0,2254460,0.0212388503087866,0.01013121847063303,0.02923828944251573,0,0.6841755509376526,180,intervention
3,2264925,0.02143384384629449,0.0102332467213273,0.03019371458828731,0,1.3231077194213867,180,intervention
6,2247850,0.02165593104457449,0.01039144862443208,0.02976340657198238,0,0.5344937443733215,180,intervention
9,2282952,0.02202084211947551,0.01056308951228857,0.03036919937835994,0,0.7053107023239136,180,intervention
12,2281478,0.02276196442346797,0.01009680330753326,0.11557858026622107,0,37.48438262939453,180,intervention
15,2279811,0.02118700647479107,0.01010905671864748,0.02923500475947422,0,0.6841755509376526,180,intervention
18,2295209,0.02141694345991079,0.01026965025812387,0.02961274879665438,0,0.8488826155662537,180,intervention
21,2278170,0.0213014625852271,0.01013121847063303,0.02936868030834898,0,0.5866675972938538,180,intervention
24,2304275,0.02135710337074253,0.01025426480919122,0.02954480350196355,0,0.6507527232170105,180,intervention
27,2302674,0.02142354107611301,0.0102332467213273,0.02958276529402938,0,0.5873621106147766,180,intervention
30,2245370,0.02160795025669201,0.01036149635910987,0.0296948721778155,0,0.5025781393051147,180,intervention
33,2245490,0.02114543729280835,0.01010818034410476,0.02913912925492925,0,0.6546949148178101,180,intervention
36,2273943,0.02167371856242237,0.01030782330781221,0.03280716915757049,0,3.6897456645965576,180,intervention
39,2263388,0.02137283946668966,0.01016768999397754,0.02944167492192888,0,0.566896915435791,180,intervention
42,2269360,0.02148499380831235,0.01022590510547161,0.02957829363761557,0,0.49621522426605225,180,intervention
45,2239510,0.02134924174117132,0.01010818034410476,0.03073351453756332,0,2.342193126678467,180,intervention
48,2269500,0.0213297506968285,0.01022313255816698,0.02936265171425926,0,0.6404444575309753,180,intervention
0,3714444,0.02137599584242616,0.01019817870110273,0.02976838753306228,0,1.4498519897460938,181,intervention
3,3661426,0.02125186620853144,0.01017883140593767,0.02928410603466752,0,0.9324879050254822,181,intervention
6,3678715,0.02173411320784205,0.01029190607368946,0.03538739528430118,0,8.446465492248535,181,intervention
9,3667081,0.02162474879735969,0.0103535745292902,0.02990830068203936,0,0.986219584941864,181,intervention
12,3716895,0.02125767152666147,0.01016428600996732,0.02942450243926974,0,1.0703139305114746,181,intervention
15,3675876,0.02153322901837479,0.01019003521651029,0.03308671030754472,0,4.130912780761719,181,intervention
18,3702944,0.02139563472591522,0.01023594848811626,0.02949888653857669,0,0.618377149105072,181,intervention
21,3753354,0.02141250989481059,0.01027282048016786,0.02947111391049471,0,0.6841755509376526,181,intervention
24,3744000,0.02126056817037703,0.01018474344164133,0.02927972059052585,0,0.5669360160827637,181,intervention
27,3590496,0.02134108401083582,0.01014415733516216,0.03048505317147183,0,2.823188543319702,181,intervention
30,3716655,0.02127241604770514,0.01017153263092041,0.02931302142081919,0,0.6184154748916626,181,intervention
33,3719952,0.02137728429328936,0.01018515881150961,0.03013946969504589,0,1.8779003620147705,181,intervention
36,3690072,0.02136638711232187,0.01024583354592323,0.02933831256540462,0,0.6325857043266296,181,intervention
39,3713208,0.0213697420740967,0.01016230974346399,0.03031306404884455,0,2.0777182579040527,181,intervention
42,3663380,0.02182487492416902,0.01045070216059684,0.03004905917470766,0,0.5744583010673523,181,intervention
45,3680586,0.02220791462764715,0.01014187838882207,0.08137214976064673,0,24.11502456665039,181,intervention
48,3686144,0.02129602004052892,0.01019003521651029,0.02933189598666775,0,0.6841755509376526,181,intervention
0,3304448,0.02132221695130097,0.01017634943127632,0.02938532898275579,0,0.6123857498168945,182,intervention
3,3344712,0.02150695530068456,0.01029190607368946,0.02955918265531347,0,0.7106826901435852,182,intervention
6,3318003,0.02157798826281989,0.01035316754132509,0.02975693058008582,0,0.6106489896774292,182,intervention
9,3328689,0.02124682432799962,0.01013091392815113,0.02932671201937446,0,0.6990466713905334,182,intervention
12,3278632,0.0212806053625172,0.01014709193259477,0.02929262801392204,0,0.6287680268287659,182,intervention
15,3369671,0.02131513636805246,0.01018553040921688,0.02935439104223275,0,0.6841755509376526,182,intervention
18,3317482,0.02134567614893427,0.01018492504954338,0.02940910840989569,0,0.5724039673805237,182,intervention
21,3288182,0.02157775410791012,0.01034712325781583,0.02972968386594082,0,0.6075363755226135,182,intervention
24,3325680,0.02124508101808016,0.01015533600002527,0.02927767273190229,0,0.6229000687599182,182,intervention
27,3317652,0.02128380080078831,0.0101961325854063,0.02937826466713387,0,0.7368083000183105,182,intervention
30,3350130,0.02154117583543425,0.0103092361241579,0.02965892580681059,0,0.5861449837684631,182,intervention
33,3366496,0.02140503995022706,0.0102657014504075,0.02946723268525397,0,0.5679451823234558,182,intervention
36,3266714,0.02115803984800816,0.01009745616465807,0.02909003766842885,0,0.7551798224449158,182,intervention
39,3339516,0.02123799286076566,0.01018474344164133,0.02922704053065649,0,0.566896915435791,182,intervention
42,3324272,0.02118785524942512,0.01010599080473184,0.02918449202632253,0,0.6841755509376526,182,intervention
45,3298616,0.02128395700947297,0.01018039416521787,0.02928106278549203,0,0.6841755509376526,182,intervention
48,3345880,0.02137294004902265,0.01019817870110273,0.02950006421956641,0,0.9117262363433838,182,intervention
0,2162160,0.02135017946762057,0.01018881052732467,0.02936535093872395,0,0.6919954419136047,183,intervention
3,2185920,0.02223931939419547,0.01034765504300594,0.05085268990196322,0,8.863302230834961,183,intervention
6,2168236,0.02130058787518218,0.01014187838882207,0.03071149506527087,0,2.4770543575286865,183,intervention
9,2178135,0.02178459653771645,0.01043842453509569,0.02999126364434807,0,0.625591516494751,183,intervention
12,2171172,0.0213994974098237,0.01022406760603189,0.02950252764807231,0,0.5337635278701782,183,intervention
15,2196260,0.02125534544380438,0.01013434585183858,0.02923940542308823,0,0.5200478434562683,183,intervention
18,2197804,0.02161797579860027,0.01036267355084419,0.02976003376281167,0,0.6129453182220459,183,intervention
21,2149147,0.02170879348071594,0.01039604749530553,0.02992275321384957,0,0.6767114400863647,183,intervention
24,2134472,0.02132201819005279,0.01015836931765079,0.02938739162726771,0,0.6129453182220459,183,intervention
27,2209550,0.02119246387122018,0.01011644303798675,0.02917447072245857,0,0.566896915435791,183,intervention
30,2208075,0.0215260552582879,0.01031127758324146,0.02968014064285524,0,0.6129453182220459,183,intervention
33,2174120,0.02155810923576619,0.01032379176467657,0.02964388938216301,0,0.621270477771759,183,intervention
36,2199120,0.02145106733524703,0.01025845110416412,0.02959509182213693,0,0.5813720226287842,183,intervention
39,2147670,0.02131416531973397,0.01014187838882207,0.02937975638336697,0,0.9330415725708008,183,intervention
42,2261935,0.02158933579100231,0.01029342599213123,0.02982203774459874,0,0.6195765733718872,183,intervention
45,2196315,0.02156833238756695,0.01032921019941568,0.02970668878624995,0,0.646826446056366,183,intervention
48,2206438,0.02115708553254877,0.01009287312626838,0.02925533209378934,0,0.7010505199432373,183,intervention
0,2000804,0.02163348322301589,0.01036267355084419,0.02977971147252492,0,0.5528262853622437,184,intervention
3,2040150,0.02146891243290101,0.01037773583084344,0.02952296635547215,0,0.560215175151825,184,intervention
6,1972314,0.02169835714769983,0.01032921019941568,0.02988357853344928,0,0.6841755509376526,184,intervention
9,1978222,0.02149372724207636,0.01026951801031828,0.02965364356221938,0,0.9624905586242676,184,intervention
12,2006290,0.02123665848986449,0.01014943793416023,0.02921343094454678,0,0.6546949148178101,184,intervention
15,2030625,0.02133572610591641,0.01021142024546861,0.02931044235253823,0,0.6129453182220459,184,intervention
18,2006472,0.02131552004891573,0.01025635842233896,0.02922974677238024,0,0.646826446056366,184,intervention
21,2014770,0.02142467903821985,0.01030320953577756,0.02946109863282212,0,0.8321592807769775,184,intervention
24,2014770,0.02124085777916302,0.01014056149870157,0.02929404083341327,0,0.5535022020339966,184,intervention
27,2023200,0.02121148272206314,0.01016428600996732,0.02917458507818301,0,0.6248359680175781,184,intervention
30,2054902,0.02169253665406735,0.01040200237184763,0.02988832154246591,0,0.5679451823234558,184,intervention
33,2027760,0.02118748156275282,0.01014976296573877,0.02920741107010987,0,0.6538751125335693,184,intervention
36,2053425,0.02119786312268357,0.01014187838882207,0.02915755583331427,0,0.5265645980834961,184,intervention
39,2019072,0.02123231613414241,0.01014187838882207,0.02928753620467798,0,0.7551798224449158,184,intervention
42,2040582,0.02125057210734985,0.01015836931765079,0.02920204013668849,0,0.5960503220558167,184,intervention
45,2033152,0.02139224627746743,0.0101961325854063,0.02947648911565999,0,0.6018474102020264,184,intervention
48,2067780,0.02121873055777142,0.01014415733516216,0.02922678817928363,0,0.540640115737915,184,intervention
0,2503296,0.02124024690227081,0.01014187838882207,0.02930754847356975,0,0.514768123626709,185,intervention
3,2514411,0.02117297883307426,0.01013091392815113,0.02914598578336256,0,0.566896915435791,185,intervention
6,2569776,0.02140225915978044,0.01026951801031828,0.02945080663480965,0,0.5983755588531494,185,intervention
9,2532000,0.02150066795394455,0.01029649283736944,0.02959718374890357,0,0.6490405201911926,185,intervention
12,2541906,0.02120133837949702,0.01010789535939693,0.02924286001588746,0,0.6841755509376526,185,intervention
15,2540608,0.02114381989483651,0.01009680330753326,0.02920519191693534,0,0.5744583010673523,185,intervention
18,2544866,0.02165788087893675,0.01041232794523239,0.02979297178306832,0,0.6249127984046936,185,intervention
21,2517012,0.02164757311809687,0.01038924138993024,0.02977925765978093,0,0.514768123626709,185,intervention
24,2536281,0.02125931299360154,0.01016939245164394,0.02927280319840931,0,0.7454280257225037,185,intervention
27,2543200,0.02129624427691439,0.01023045368492603,0.02930364016094867,0,0.6129453182220459,185,intervention
30,2562412,0.02160684378138035,0.01037704665213823,0.029766901291024,0,0.566896915435791,185,intervention
33,2599128,0.02127026061566701,0.01019616983830928,0.02932537465810575,0,0.6829131245613098,185,intervention
36,2534598,0.02121764300254786,0.01019329857081174,0.02922809862707928,0,0.6075363755226135,185,intervention
39,2555805,0.02124460633483254,0.01018039416521787,0.02927515400355258,0,0.6841755509376526,185,intervention
42,2532736,0.02157834508585748,0.01032564416527748,0.02966759523816915,0,0.6172401905059814,185,intervention
45,2557932,0.0211975003155917,0.01010505203157663,0.02927272584077058,0,0.6841755509376526,185,intervention
48,2542106,0.02147120616439466,0.01029190607368946,0.02958642265459404,0,0.7106826901435852,185,intervention
0,2709172,0.02120666170733391,0.01011015381664037,0.02917108643252221,0,0.5629180669784546,186,intervention
3,2738961,0.02135568496624446,0.01021975744515657,0.0293689769824757,0,0.7196801900863647,186,intervention
6,2738925,0.02153214429259076,0.01034270040690898,0.02974352407136079,0,0.6767114400863647,186,intervention
9,2750202,0.02200005254394317,0.01060935948044061,0.03025392121270616,0,0.6841755509376526,186,intervention
12,2732184,0.02117650319273919,0.01009745616465807,0.02934883119961372,0,0.9413431286811828,186,intervention
15,2762180,0.02140632319344693,0.01022844854742288,0.02950257463787875,0,0.527621328830719,186,intervention
18,2761283,0.02158617268202669,0.01040200237184763,0.0297718282265451,0,0.816696047782898,186,intervention
21,2770054,0.02221400802000695,0.01065963134169578,0.03079138796398561,0,0.8819957375526428,186,intervention
24,2730484,0.02127923478046938,0.01016230974346399,0.02949664414770423,0,0.8839151859283447,186,intervention
27,2686177,0.02129410269010872,0.01017220877110958,0.02929099983014308,0,0.646826446056366,186,intervention
30,2778600,0.02134074833384422,0.01019722316414117,0.0294208900025193,0,0.6490405201911926,186,intervention
33,2763850,0.02169229748800814,0.01041570212692022,0.02981852127388011,0,0.6841755509376526,186,intervention
36,2712440,0.02409558921251799,0.01010505203157663,0.20122502042729776,0,52.96178436279297,186,intervention
39,2715760,0.02124030490296685,0.01018039416521787,0.02921720059940501,0,0.6490405201911926,186,intervention
42,2718976,0.0214110052584146,0.01019985880702734,0.02963296211771978,0,0.9524986147880554,186,intervention
45,2785305,0.02153607913312219,0.01034712325781583,0.0297711133944779,0,1.3145533800125122,186,intervention
48,2743530,0.02125907232646747,0.01009966991841793,0.02934915580771617,0,0.6073858141899109,186,intervention
0,2095290,0.02131449612840837,0.01021051127463579,0.02942634348514666,0,0.5494717955589294,187,intervention
3,2116410,0.02116359594703697,0.01014187838882207,0.02915088582837555,0,0.7809246182441711,187,intervention
6,2141271,0.02133309283290475,0.01024506147950887,0.02936300700369436,0,0.6346561908721924,187,intervention
9,2116128,0.02124532374897347,0.01011140923947095,0.0293086043883745,0,0.6841755509376526,187,intervention
12,2082762,0.02147405719555534,0.01028378121554851,0.02959066607680714,0,0.6416388154029846,187,intervention
15,2070351,0.0213374682794905,0.01019968371838331,0.02933742660219573,0,0.6416388154029846,187,intervention
18,2090722,0.02165052052363712,0.01041445322334766,0.02979679122763878,0,0.6850618124008179,187,intervention
21,2116584,0.02163938563042354,0.01036625634878873,0.02988861725885996,0,0.5100312232971191,187,intervention
24,2106202,0.02134941371787345,0.01023714244365692,0.02939614114849759,0,0.7478906512260437,187,intervention
27,2145710,0.02134439889449399,0.01019329857081174,0.02944754919744378,0,0.6445811986923218,187,intervention
30,2145600,0.02139429876747778,0.01025294139981269,0.02951431648051334,0,0.6756176352500916,187,intervention
33,2095335,0.02161800831118698,0.01036267355084419,0.02977550240099238,0,0.646826446056366,187,intervention
36,2122365,0.02122028496441353,0.01011413894593715,0.02922197209094453,0,0.7243358492851257,187,intervention
39,2080953,0.0213407354347892,0.01018492504954338,0.02934143741951256,0,0.5754531621932983,187,intervention
42,2083420,0.02171702653161268,0.01040171459317207,0.02994132224410438,0,0.6013466715812683,187,intervention
45,2128734,0.02115994088997757,0.01009745616465807,0.02918292299047523,0,0.5379461050033569,187,intervention
48,2091762,0.02140650381603586,0.01022313255816698,0.02945348632374729,0,0.5153576731681824,187,intervention
0,2157672,0.021381207419732,0.01018701866269111,0.02951820542894691,0,0.6841755509376526,188,intervention
3,2179896,0.02106010484362965,0.01009680330753326,0.02893499961915359,0,0.566896915435791,188,intervention
6,2199273,0.02168005474215851,0.01041232794523239,0.02983905532508421,0,0.5753957629203796,188,intervention
9,2223072,0.0213579498312022,0.01022313255816698,0.02942680813536254,0,0.6122516989707947,188,intervention
12,2239470,0.02145468691155674,0.0103092361241579,0.02947453368890679,0,0.568489134311676,188,intervention
15,2209410,0.02137449152802989,0.01026951801031828,0.0294168294405293,0,0.625591516494751,188,intervention
18,2264989,0.02134009618997853,0.01019968371838331,0.02935065733144777,0,0.5679451823234558,188,intervention
21,2225580,0.02133015330637247,0.01019048132002353,0.02943248950241137,0,1.1549025774002075,188,intervention
24,2254412,0.02127442423892231,0.01017265766859054,0.02935916130498611,0,0.6440953016281128,188,intervention
27,2264856,0.02127376097060131,0.01019003521651029,0.02933141633763569,0,0.514768123626709,188,intervention
30,2223000,0.02195106129524774,0.01051750313490629,0.03023271611028886,0,0.5754531621932983,188,intervention
33,2221560,0.02125322301979136,0.01014187838882207,0.02924265974180267,0,0.6416125297546387,188,intervention
36,2284560,0.02144331789887569,0.01029415894299745,0.02943854841888551,0,0.7454280257225037,188,intervention
39,2259756,0.02129257841522695,0.01018039416521787,0.02929995402261645,0,0.566896915435791,188,intervention
42,2233188,0.02152473831724386,0.01029415894299745,0.02967197443688406,0,0.7404322028160095,188,intervention
45,2232978,0.02143481881837434,0.0103092361241579,0.02947501276383129,0,0.5866675972938538,188,intervention
48,2225868,0.02103589637970047,0.01008074451237917,0.02891722937779012,0,0.6294575333595276,188,intervention
0,3031700,0.02116784484069412,0.01009680330753326,0.02922641668823685,0,0.6711089015007019,189,intervention
3,3013569,0.02128601511385314,0.01013434585183858,0.02933581222455977,0,0.6607996225357056,189,intervention
6,3026688,0.02141145414249604,0.01022313255816698,0.02961690616634164,0,0.8159798383712769,189,intervention
9,3002160,0.02163691422757362,0.0103092361241579,0.03009665061131745,0,1.959180474281311,189,intervention
12,3004907,0.02118155472116506,0.0101154139265418,0.02928494506472176,0,0.5917496681213379,189,intervention
15,3015648,0.02137622702329669,0.01018039416521787,0.02966893629333268,0,1.2532899379730225,189,intervention
18,3062865,0.02157555766161415,0.01034337282180786,0.02976597931263247,0,0.5421155691146851,189,intervention
21,3026790,0.02151960339787411,0.01025722734630107,0.03083728914206921,0,2.8671443462371826,189,intervention
24,3123975,0.02121067660320222,0.01010505203157663,0.02976208830874877,0,2.018521308898926,189,intervention
27,3031182,0.02168862390519766,0.01027693971991539,0.0338109512139336,0,3.320157527923584,189,intervention
30,3039374,0.02128242340922583,0.01015836931765079,0.02994152041617709,0,2.0351369380950928,189,intervention
33,3017835,0.02147234436819487,0.0101961325854063,0.03157764824471342,0,4.340277671813965,189,intervention
36,3079856,0.02143160026253236,0.01029342599213123,0.02951095475458353,0,0.5813720226287842,189,intervention
39,2961210,0.02138518571910962,0.01013434585183858,0.03137553401683304,0,2.170175790786743,189,intervention
42,3008544,0.02189943200697515,0.01041232794523239,0.03107437453208979,0,3.202418327331543,189,intervention
45,3121194,0.02140053910001728,0.01021051127463579,0.0296495379833642,0,0.9464045763015748,189,intervention
48,3086454,0.02172682168423488,0.01019616983830928,0.04330004632366191,0,8.389535903930664,189,intervention
0,2030667,0.02131798664242264,0.01023707911372184,0.02924013337780942,0,0.6073858141899109,19,intervention
3,2019330,0.02135412663691634,0.01026938762515783,0.02938166618940962,0,0.5265645980834961,19,intervention
6,2053005,0.02177428102007093,0.01051640044897794,0.02996007631603819,0,0.6325857043266296,19,intervention
9,1973355,0.02104576344916874,0.01002824306488037,0.02905222665039676,0,0.5737672448158264,19,intervention
12,1999620,0.02117441876507277,0.01011653337627649,0.02916038433018996,0,0.5983755588531494,19,intervention
15,1995125,0.02134814859060571,0.01019243616610765,0.02938980615934912,0,0.527621328830719,19,intervention
18,1996500,0.02124718463290385,0.01014187838882207,0.02925590778632736,0,0.7106826901435852,19,intervention
21,2018757,0.02161279551139785,0.01041570212692022,0.02989226755559907,0,0.7551798224449158,19,intervention
24,2020854,0.02118389522680658,0.01010505203157663,0.02922313894468159,0,0.646826446056366,19,intervention
27,2020995,0.02148756641793734,0.01035480108112096,0.029583692742704112,0,0.6153317093849182,19,intervention
30,2008950,0.02154957593235888,0.0103535745292902,0.02970028409688189,0,0.6287680268287659,19,intervention
33,2042064,0.02158013267346628,0.01037773583084344,0.0297022016884802,0,0.7454280257225037,19,intervention
36,2004656,0.02141062873942939,0.01025699637830257,0.02954673491044077,0,0.566896915435791,19,intervention
39,2039052,0.02121942416046846,0.01017153263092041,0.02926964028173574,0,0.5772424340248108,19,intervention
42,1981980,0.02131422854619731,0.01019817870110273,0.02926571229966211,0,0.6841755509376526,19,intervention
45,1990080,0.02175305855545006,0.01043082028627395,0.02986623690637158,0,0.6075363755226135,19,intervention
48,2046536,0.0211423184013383,0.01014187838882207,0.0290763507590132,0,0.5844102501869202,19,intervention
0,2551734,0.02105835637254247,0.01007654145359993,0.02911478468378989,0,0.914397358894348,190,intervention
3,2559964,0.02112856643102651,0.01009745616465807,0.02910914096249067,0,0.6129453182220459,190,intervention
6,2550213,0.02191448309793006,0.01047122851014137,0.03076064828167674,0,1.6630165576934814,190,intervention
9,2518245,0.02110197778401647,0.01007654145359993,0.02903623689494324,0,0.646826446056366,190,intervention
12,2603326,0.02125082130816772,0.01015673950314521,0.029249165148981508,0,0.566896915435791,190,intervention
15,2510640,0.02129253011705843,0.01009745616465807,0.03112502432832577,0,3.617103338241577,190,intervention
18,2497908,0.02172711020798771,0.01041232794523239,0.03000225707065295,0,0.8102197647094727,190,intervention
21,2535984,0.02149428382125087,0.01025845110416412,0.02981746485586122,0,1.2465485334396362,190,intervention
24,2558344,0.02159681450871311,0.01036052592098713,0.02977299156794377,0,0.7755021452903748,190,intervention
27,2574390,0.02115827250140055,0.01014187838882207,0.02916302072388245,0,0.7321251630783081,190,intervention
30,2513720,0.02135454062522556,0.01019592490047216,0.02960421169208381,0,0.9659750461578368,190,intervention
33,2532852,0.02158234939004973,0.01019817870110273,0.0349912329799739,0,6.323897838592529,190,intervention
36,2568006,0.02129800607178373,0.01019817870110273,0.02937802927580724,0,0.5754531621932983,190,intervention
39,2540736,0.0215682771087975,0.01033829990774393,0.02976312150910543,0,0.7996445298194885,190,intervention
42,2571170,0.0214165162168574,0.01026951801031828,0.02961474322496798,0,1.1221935749053955,190,intervention
45,2494808,0.02163485843837357,0.01030286028981208,0.0302017055234098,0,1.8490320444107056,190,intervention
48,2521644,0.02133416306239175,0.01016408950090408,0.02944291083597723,0,0.8026317358016968,190,intervention
0,2020620,0.02137749199278945,0.01018626149743795,0.02941006643636427,0,0.744748055934906,191,intervention
3,2054812,0.02126907166102788,0.01011506933718919,0.02948497118141873,0,0.9647206664085388,191,intervention
6,2084352,0.02158994626893052,0.0103092361241579,0.02977114395525263,0,0.6711089015007019,191,intervention
9,2111173,0.02184793432144757,0.0104662450030446,0.03007754514116124,0,0.6618945002555847,191,intervention
12,2031544,0.02138856353415474,0.01020075660198927,0.02939745458281431,0,0.6325857043266296,191,intervention
15,2047736,0.02146346423070387,0.01022313255816698,0.03048774252728606,0,1.7443090677261353,191,intervention
18,2023396,0.02163945566994292,0.01035778131335973,0.0302838550941543,0,1.5047180652618408,191,intervention
21,2074698,0.02149489772279973,0.01022313255816698,0.0297675549980623,0,1.1446504592895508,191,intervention
24,2014330,0.02117736141274849,0.01009745616465807,0.02933669865459245,0,1.0256036520004272,191,intervention
27,2049120,0.02126694277861425,0.01017911173403263,0.02928621606252566,0,0.6679729223251343,191,intervention
30,2038988,0.02256093032537237,0.01019003521651029,0.0836197405910433,0,14.934016227722168,191,intervention
33,2063376,0.02140430865836429,0.01023714244365692,0.02954736404401101,0,0.6763219833374023,191,intervention
36,2090691,0.02118764519093152,0.01009745616465807,0.0291893416755483,0,0.6633915305137634,191,intervention
39,2057238,0.02138915316907697,0.01018553040921688,0.02987674347453815,0,1.6020159721374512,191,intervention
42,2100810,0.02145324870531891,0.01026304718106985,0.02967998653090635,0,0.908093512058258,191,intervention
45,2020062,0.02124613140880906,0.01009745616465807,0.0292738756515958,0,0.566896915435791,191,intervention
48,2064569,0.02137889862390829,0.01018553040921688,0.02950404119612341,0,0.8647474646568298,191,intervention
0,2070438,0.02135618410597631,0.01027886755764484,0.02939572840741525,0,0.566896915435791,192,intervention
3,2050048,0.02150671142258058,0.01030545681715011,0.0295981497682417,0,0.6829131245613098,192,intervention
6,2039159,0.02106503864830545,0.01008653361350298,0.02893850637858187,0,0.6129453182220459,192,intervention
9,2045680,0.02152163533741928,0.01029190607368946,0.02970678552342284,0,0.5089103579521179,192,intervention
12,2047320,0.021184088888577,0.01012821216136217,0.0291484512908576,0,0.6841755509376526,192,intervention
15,2042768,0.02143520169298803,0.01026090048253536,0.02947039618421867,0,0.6129453182220459,192,intervention
18,2052045,0.02136193337590366,0.01019003521651029,0.02939608703081472,0,0.5057430863380432,192,intervention
21,2043198,0.02152626485647471,0.01032149884849786,0.02964000072668214,0,0.566896915435791,192,intervention
24,2073551,0.02122480259166395,0.01020899228751659,0.02925089486148359,0,0.621270477771759,192,intervention
27,2122120,0.02135075724762465,0.01027212385088205,0.02937638397112401,0,0.5170512199401855,192,intervention
30,2039742,0.02125297042197649,0.01015836931765079,0.02919080003036606,0,0.5528262853622437,192,intervention
33,2035968,0.02159624977855885,0.01033852808177471,0.02965106042840865,0,0.5001779794692993,192,intervention
36,2006452,0.0212452558970929,0.01016230974346399,0.02923451077034306,0,0.49621522426605225,192,intervention
39,2006232,0.0211911238583198,0.01009854767471551,0.02912499618839944,0,0.566896915435791,192,intervention
42,2037156,0.02165536606400739,0.01038636267185211,0.02992253477574346,0,0.6841755509376526,192,intervention
45,2056212,0.02116568540508207,0.01009745616465807,0.02916486128883808,0,0.514768123626709,192,intervention
48,2025972,0.02118345625793019,0.01015673950314521,0.02915495931834885,0,0.6841755509376526,192,intervention
0,2630484,0.02114850411519521,0.01007112301886081,0.02914081712725522,0,0.564775824546814,193,intervention
3,2672784,0.02128301652256389,0.01014709193259477,0.02932565214034081,0,0.5831013917922974,193,intervention
6,2607488,0.02185838660105986,0.01043082028627395,0.03013823301900918,0,0.772180438041687,193,intervention
9,2664186,0.02132213322420393,0.01018474344164133,0.02935799686224041,0,0.6841755509376526,193,intervention
12,2663324,0.02126302603144069,0.01019817870110273,0.02930273945938451,0,0.6546949148178101,193,intervention
15,2686065,0.02134115198299079,0.01022696401923894,0.02939851213515008,0,0.6633915305137634,193,intervention
18,2681955,0.02157988272565384,0.01030199322849512,0.02978638192439786,0,0.6129453182220459,193,intervention
21,2648448,0.02161164138031286,0.01033751852810382,0.02973173740617889,0,0.6220015287399292,193,intervention
24,2681350,0.02142371434841809,0.01028631348162889,0.02948751157331738,0,0.5533496737480164,193,intervention
27,2660602,0.02136411988155847,0.01025569159537553,0.02943639395556314,0,0.7094353437423706,193,intervention
30,2662640,0.02131386107531425,0.01016939245164394,0.02932802501566584,0,0.5744583010673523,193,intervention
33,2628206,0.02167810786960481,0.01035480108112096,0.02993412949527475,0,0.5983755588531494,193,intervention
36,2628072,0.0212413155925489,0.01014187838882207,0.02919132838203072,0,0.566896915435791,193,intervention
39,2589008,0.02115127248266802,0.01009680330753326,0.02917847923295167,0,0.6841755509376526,193,intervention
42,2685297,0.02124910433660179,0.01017491333186626,0.02930743401602853,0,0.6075363755226135,193,intervention
45,2675127,0.02134765810369328,0.01021142024546861,0.02935427703812668,0,0.6075363755226135,193,intervention
48,2639601,0.02117713459649946,0.01009854767471551,0.02913464554117089,0,0.6841755509376526,193,intervention
0,1453174,0.02128275127800476,0.01015673950314521,0.02936915394732231,0,0.621270477771759,194,intervention
3,1472540,0.02179281918635988,0.01043082028627395,0.02994195769944732,0,0.6779300570487976,194,intervention
6,1477230,0.02153421970670911,0.01036267355084419,0.02956411210705953,0,0.6009652614593506,194,intervention
9,1543786,0.02157545502723557,0.01039798650890588,0.02967489048176623,0,0.5983755588531494,194,intervention
12,1468935,0.02127091488666845,0.01018881052732467,0.02926201051528441,0,0.566896915435791,194,intervention
15,1497980,0.02114211538204018,0.01009680330753326,0.02924257073259274,0,1.1682506799697876,194,intervention
18,1487180,0.02200695703407356,0.01059803087264299,0.0303322569680611,0,0.6893350481987,194,intervention
21,1496820,0.02140387051407234,0.01028523501008749,0.02952113380471807,0,0.646826446056366,194,intervention
24,1493259,0.02137479376572169,0.01022922527045011,0.02946440006339832,0,0.5796167254447937,194,intervention
27,1523918,0.02132336112717066,0.01018492504954338,0.0292869219912605,0,0.4824316501617432,194,intervention
30,1469850,0.02154944628446285,0.01035857107490301,0.02953528429475042,0,0.5343884229660034,194,intervention
33,1485897,0.02168083406514485,0.01037773583084344,0.02989160378070956,0,0.5611492395401001,194,intervention
36,1530105,0.0212357791051945,0.01020899228751659,0.02924573743413738,0,0.5334551334381104,194,intervention
39,1490645,0.02128186698824126,0.01020899228751659,0.02936605848948649,0,0.566896915435791,194,intervention
42,1502820,0.02140949618967586,0.01022814027965068,0.02951364851930738,0,0.646826446056366,194,intervention
45,1485936,0.02143017054569291,0.01028350926935672,0.02957139207070646,0,0.6095021367073059,194,intervention
48,1493235,0.02120883248911098,0.01009854767471551,0.02921895096248259,0,0.5866675972938538,194,intervention
0,1949972,0.02134001174946,0.01019003521651029,0.02939356376942829,0,0.5931594371795654,195,intervention
3,1941792,0.0213002712433675,0.01017491333186626,0.02925950075657446,0,0.7253687977790833,195,intervention
6,1925319,0.02166774361801392,0.01036895718425512,0.02986923924329672,0,0.566896915435791,195,intervention
9,1957194,0.02149313957040285,0.01032442972064018,0.02959943695407154,0,0.6283611059188843,195,intervention
12,1939080,0.0210939924527819,0.01008803583681583,0.02909229894842029,0,0.6841755509376526,195,intervention
15,1904520,0.02134120598324852,0.01017417944967746,0.02959830559710381,0,1.2994413375854492,195,intervention
18,1950240,0.02137155892689938,0.01018039416521787,0.02946977688785953,0,0.9790282249450684,195,intervention
21,1902090,0.02147750267042854,0.01026349235326051,0.03011326039564086,0,1.391021966934204,195,intervention
24,1951033,0.0213341808282637,0.01017892453819513,0.02956506612508269,0,0.9415932893753052,195,intervention
27,2006289,0.02107443952477848,0.01006777491420507,0.02927357059379513,0,1.1731629371643066,195,intervention
30,1951026,0.02176789695986966,0.01039312314242124,0.0306282575405242,0,1.2960591316223145,195,intervention
33,1956960,0.02166422939386022,0.01028440427035093,0.03206651678703299,0,3.2164437770843506,195,intervention
36,1910494,0.021173643485503012,0.01013822667300701,0.02913247464033116,0,0.6153317093849182,195,intervention
39,1924226,0.02141453277683613,0.01018881052732467,0.03114524148765004,0,2.144089937210083,195,intervention
42,1915434,0.02129753619750328,0.01018915511667728,0.02930214184236057,0,0.6009652614593506,195,intervention
45,1925455,0.023424767643512,0.0103161409497261,0.12751640427559893,0,30.855310440063477,195,intervention
48,1957410,0.02142586579158611,0.01026951801031828,0.02964880962365575,0,1.0653369426727295,195,intervention
0,1843875,0.02127742454188617,0.01014976296573877,0.02928255139151137,0,0.5744583010673523,196,intervention
3,1850918,0.02119568711883901,0.01009680330753326,0.02945949453994972,0,1.694894552230835,196,intervention
6,1877998,0.02120133798374747,0.01014187838882207,0.02912023564078892,0,0.5679451823234558,196,intervention
9,1865952,0.02137663431769817,0.01009745616465807,0.03173804849175066,0,3.5625128746032715,196,intervention
12,1890525,0.02135231886285336,0.01022313255816698,0.02936565837385479,0,0.6643284559249878,196,intervention
15,1849575,0.02105850987477942,0.01009680330753326,0.02925911708808285,0,1.4119716882705688,196,intervention
18,1852305,0.02161428000821309,0.01026951801031828,0.02996990765894062,0,1.4524329900741575,196,intervention
21,1831852,0.02135277244011949,0.01019003521651029,0.02941800579608846,0,0.8034650087356567,196,intervention
24,1831872,0.02116628106061223,0.01011832803487777,0.0290944809024079,0,0.666388988494873,196,intervention
27,1852032,0.02125458107300103,0.0101135428994894,0.0292895963631988,0,0.7748263478279114,196,intervention
30,1868685,0.0214640563682364,0.01027532387524843,0.02958584335317419,0,0.6546949148178101,196,intervention
33,1902514,0.02164068079739471,0.01040047965943813,0.02979539982769513,0,0.666388988494873,196,intervention
36,1893327,0.02123137868770372,0.01014187838882207,0.02926987253012081,0,0.6767114400863647,196,intervention
39,1905780,0.02111094635563637,0.01010818034410476,0.02909066365206677,0,0.6841755509376526,196,intervention
42,1859042,0.02101314823403606,0.01004217844456434,0.02914467803221305,0,0.9576416611671448,196,intervention
45,1857480,0.02128165732753489,0.01014187838882207,0.02959060168955613,0,1.3360964059829712,196,intervention
48,1836021,0.02132304509363124,0.01018039416521787,0.02933523771881581,0,0.6129453182220459,196,intervention
0,2656539,0.02132007814336973,0.01019817870110273,0.02939025776426042,0,0.5434810519218445,197,intervention
3,2706914,0.02132118310718528,0.01019003521651029,0.02942421666180558,0,0.6841755509376526,197,intervention
6,2672325,0.02124335305208141,0.01017665863037109,0.02923283362782429,0,0.6075363755226135,197,intervention
9,2708955,0.02225975154033604,0.0102739417925477,0.05857056913502363,0,13.392379760742188,197,intervention
12,2622375,0.02128355157706417,0.01013846974819898,0.02928085310579301,0,0.5265645980834961,197,intervention
15,2686838,0.02157681296479504,0.01023045368492603,0.03491727561320473,0,4.741969108581543,197,intervention
18,2658258,0.02162272058682105,0.01034385431557893,0.0304185958003821,0,1.774512529373169,197,intervention
21,2619312,0.02166181985294045,0.01040614768862724,0.03016939150856774,0,1.5492175817489624,197,intervention
24,2658792,0.02126047532461084,0.01014187838882207,0.02930962546975025,0,0.5568013787269592,197,intervention
27,2695875,0.02128142637945855,0.01016545295715332,0.02940653186899641,0,0.946419358253479,197,intervention
30,2689758,0.02131770951827341,0.01018039416521787,0.02990755366008493,0,1.7885185480117798,197,intervention
33,2667355,0.02188517799890038,0.01050639059394598,0.03009913779097432,0,0.646826446056366,197,intervention
36,2665848,0.02167152725278407,0.01022186409682035,0.03654601059495615,0,4.082409381866455,197,intervention
39,2652120,0.02157962656322422,0.01029172167181968,0.02993894332278156,0,1.465869665145874,197,intervention
42,2688375,0.02138258440268316,0.01019725762307643,0.02972640581073278,0,1.3456690311431885,197,intervention
45,2644242,0.02143385788877663,0.01026951801031828,0.02948441594619383,0,0.7240395545959473,197,intervention
48,2582049,0.0214070535147787,0.01013502292335033,0.03087209278800567,0,2.185314655303955,197,intervention
0,2674818,0.02136695947150883,0.01022313255816698,0.02948463405747039,0,0.7248694896697998,198,intervention
3,2655270,0.02140904228406934,0.01021142024546861,0.02995833766501803,0,1.3422894477844238,198,intervention
6,2715904,0.02125377216089212,0.01018039416521787,0.02944034312309466,0,1.0960272550582886,198,intervention
9,2709147,0.02125266038896799,0.01014976296573877,0.02935461097495655,0,0.6172168254852295,198,intervention
12,2619536,0.0213241673901977,0.01014187838882207,0.02973996713749386,0,1.4316951036453247,198,intervention
15,2732309,0.02121683283824163,0.01014187838882207,0.02925941062893226,0,0.5449143052101135,198,intervention
18,2686272,0.02144152725865064,0.01032207906246185,0.02960615921619238,0,0.6841755509376526,198,intervention
21,2664594,0.02134290270248374,0.0101820770651102,0.02996756037855956,0,1.4251806735992432,198,intervention
24,2634125,0.02134385504115989,0.01015673950314521,0.02950161188790613,0,0.7560960650444031,198,intervention
27,2692872,0.02140446031864623,0.01025021355599165,0.02993053233986224,0,1.373034954071045,198,intervention
30,2566388,0.02149474783959901,0.0102332467213273,0.02959870692645352,0,0.7470130920410156,198,intervention
33,2635332,0.02163854654883646,0.01036267355084419,0.029995975633822992,0,1.782079577445984,198,intervention
36,2701062,0.02127780236403324,0.01017153263092041,0.02941314536152024,0,1.1413798332214355,198,intervention
39,2737368,0.02149772842928197,0.01027149986475706,0.0306491641145457,0,2.2869322299957275,198,intervention
42,2653200,0.021529897668289,0.01029190607368946,0.0304512294987642,0,1.780066728591919,198,intervention
45,2651902,0.02134805380797272,0.01022590510547161,0.02949631365884455,0,0.6530028581619263,198,intervention
48,2609840,0.02132938311443734,0.01014187838882207,0.0302380688785872,0,2.0880136489868164,198,intervention
0,2684768,0.02128290448876558,0.01015533600002527,0.02926853668861668,0,0.6278530359268188,199,intervention
3,2741180,0.02168727550719863,0.01041577104479074,0.02985022028344857,0,0.6787422299385071,199,intervention
6,2699452,0.02157205371223289,0.01029415894299745,0.02980839360907596,0,1.1656274795532229,199,intervention
9,2691870,0.02163713422721847,0.01037645898759365,0.02986137537345601,0,0.8503401279449463,199,intervention
12,2675127,0.02133080825565095,0.01015603635460138,0.02944681097938062,0,0.7158475518226624,199,intervention
15,2670309,0.02143429334085773,0.01022149994969368,0.0295389347447929,0,0.7498348951339722,199,intervention
18,2703109,0.02124233809199055,0.01014976296573877,0.02944461699981652,0,1.1111148595809937,199,intervention
21,2736774,0.02126581297703356,0.01018339022994041,0.02928788821195542,0,0.6432798504829407,199,intervention
24,2657457,0.02140706839074762,0.01024740003049373,0.02948261931958924,0,0.621270477771759,199,intervention
27,2688392,0.02138683426223392,0.01023707911372184,0.02950879332027553,0,0.6748842597007751,199,intervention
30,2666160,0.02173165327226258,0.01042699068784713,0.02997624876076798,0,0.566896915435791,199,intervention
33,2642507,0.02122300342740368,0.0101230964064598,0.02928701410364381,0,0.7635288238525391,199,intervention
36,2724432,0.02127431801970609,0.01018039416521787,0.0293780793442402,0,0.8376610279083252,199,intervention
39,2665320,0.02142894832281488,0.0102332467213273,0.02948058117831472,0,0.6075363755226135,199,intervention
42,2704808,0.02108800645930676,0.01008729357272386,0.02902186350470028,0,0.5477128624916077,199,intervention
45,2698740,0.02138317779661669,0.01020356640219688,0.02943752277519394,0,0.5644778609275818,199,intervention
48,2696936,0.02139505468683019,0.0102478303015232,0.02948750630042551,0,0.5943960547447205,199,intervention
0,2808855,0.02141058156340239,0.01022417563945055,0.02953093206617845,0,0.6997895836830139,2,intervention
3,2817320,0.02128889479416134,0.01019003521651029,0.02939048606156156,0,1.110140681266785,2,intervention
6,2735680,0.02112828911382431,0.01009680330753326,0.02905559327324424,0,0.566896915435791,2,intervention
9,2757020,0.02158266776195956,0.01038636267185211,0.02966284836475603,0,0.7053995728492737,2,intervention
12,2800590,0.02140570070629522,0.01020899228751659,0.02946822849233487,0,0.6725700497627258,2,intervention
15,2763850,0.02133732647909852,0.01020652055740356,0.02949976894864858,0,0.9698868989944458,2,intervention
18,2768887,0.0214849295494598,0.01029415894299745,0.02959369460531536,0,0.5679451823234558,2,intervention
21,2743920,0.0215644208156016,0.01034844201058149,0.02959833154687572,0,0.6129453182220459,2,intervention
24,2790438,0.0212765710977538,0.01022786926478147,0.0291869568454903,0,0.5120977163314819,2,intervention
27,2835855,0.0212202860273326,0.01014187838882207,0.0291956540662193,0,0.772180438041687,2,intervention
30,2798673,0.02156635489500297,0.01036267355084419,0.02975644645575677,0,0.8165585398674011,2,intervention
33,2750610,0.02113130889225386,0.01009854767471551,0.02915723275301431,0,0.6325857043266296,2,intervention
36,2783430,0.02143019264597984,0.01022146735340356,0.02957228014164035,0,0.7345854640007019,2,intervention
39,2798920,0.02146077836144704,0.01026951801031828,0.02957549196263846,0,0.5856934785842896,2,intervention
42,2780424,0.0212570402598867,0.01017883140593767,0.02921276043451346,0,0.6129453182220459,2,intervention
45,2837498,0.02114846109473436,0.01009680330753326,0.02928262452874576,0,0.8434566259384155,2,intervention
48,2795415,0.02143843331747118,0.01025635842233896,0.02944140884781289,0,0.6841755509376526,2,intervention
0,2133945,0.02115156815383298,0.01010905671864748,0.02926991578143743,0,0.6841755509376526,20,intervention
3,2086074,0.02132600744371186,0.01018039416521787,0.03031757232280506,0,2.151463031768799,20,intervention
6,2072158,0.02139764251088339,0.01022406760603189,0.02951048226908907,0,0.700214684009552,20,intervention
9,2119452,0.02129568691864434,0.01016545295715332,0.02924838284603323,0,0.566896915435791,20,intervention
12,2110768,0.02133730011191342,0.01009745616465807,0.03126703441432459,0,2.273015260696411,20,intervention
15,2078739,0.0212790415935328,0.01009680330753326,0.03122046529746574,0,2.9780497550964355,20,intervention
18,2146284,0.02212063419720962,0.01019003521651029,0.06091364425652145,0,11.46220874786377,20,intervention
21,2087925,0.02166861465427663,0.01040420029312372,0.02981201049668993,0,0.9415948390960692,20,intervention
24,2091942,0.0213043163154562,0.01019003521651029,0.02926785271822257,0,0.5606502890586853,20,intervention
27,2099376,0.0211058130879744,0.01007228437811136,0.02910691292461929,0,0.547423243522644,20,intervention
30,2151728,0.02186602329327624,0.01018039416521787,0.05066614552308828,0,11.206218719482422,20,intervention
33,2110633,0.02155084302645764,0.01032442972064018,0.02973470099765227,0,0.5594295859336853,20,intervention
36,2088768,0.02134061803898386,0.01014187838882207,0.02987737493458829,0,1.5486419200897217,20,intervention
39,2163400,0.021591178145780682,0.01026090048253536,0.03396427887957336,0,3.2466485500335693,20,intervention
42,2155302,0.02147968844875247,0.01025426480919122,0.03042819362007984,0,2.2894985675811768,20,intervention
45,2081520,0.02138672882159706,0.01027149986475706,0.02932943479470067,0,0.6298815608024597,20,intervention
48,2180505,0.02135036452998958,0.01021142024546861,0.02944679677020357,0,0.6428018808364868,20,intervention
0,2774400,0.02124564488368744,0.01014131773263216,0.02947134252060551,0,1.1062114238739014,200,intervention
3,2747000,0.0212755484929817,0.01013091392815113,0.02978545014487306,0,1.4405083656311035,200,intervention
6,2783080,0.0213895545979885,0.01021301560103893,0.03027150407890004,0,1.8435029983520508,200,intervention
9,2771069,0.02137844748145499,0.01024425867944955,0.0294086430634217,0,0.5679451823234558,200,intervention
12,2788000,0.02108312494832089,0.01005322579294443,0.02915225053444292,0,0.6224629878997803,200,intervention
15,2758665,0.02128641810450431,0.01014187838882207,0.02952937614926265,0,0.6894916296005249,200,intervention
18,2755276,0.02163544070465196,0.0103261349722743,0.0301889959008411,0,1.373854637145996,200,intervention
21,2739000,0.0217281639684761,0.01036625634878873,0.03019756394085711,0,1.3840150833129885,200,intervention
24,2830156,0.02176611635172208,0.01030148845165968,0.03419421268118545,0,4.228094100952148,200,intervention
27,2747264,0.02132451088002873,0.0101961325854063,0.02937592587521451,0,0.8328709006309509,200,intervention
30,2819728,0.02152418313972964,0.01027532387524843,0.02971233190963931,0,0.566896915435791,200,intervention
33,2839104,0.02141284817359882,0.01022313255816698,0.02990829241551427,0,1.2384421825408936,200,intervention
36,2788324,0.02131883382690707,0.01013175677508115,0.0304185651204281,0,1.712564468383789,200,intervention
39,2815668,0.02137014784209691,0.01022786926478147,0.02952667065560326,0,1.1008774042129517,200,intervention
42,2817356,0.02137563576168471,0.01018584426492452,0.03057310287828404,0,1.8510805368423464,200,intervention
45,2778489,0.02138084881923337,0.01018039416521787,0.03084080932124759,0,1.990685224533081,200,intervention
48,2714184,0.02325273779725371,0.01014577597379684,0.14956138348375425,0,47.2322883605957,200,intervention
0,1999380,0.02130048377625465,0.01015836931765079,0.02935460452164803,0,0.6129453182220459,21,intervention
3,2056256,0.02110314837761972,0.01007323712110519,0.02913232892983653,0,0.6546949148178101,21,intervention
6,2063442,0.02154815793123317,0.01027532387524843,0.02967988011457328,0,0.566896915435791,21,intervention
9,2115460,0.02191478652287555,0.01049596071243286,0.03041186174687759,0,0.6862277984619141,21,intervention
12,2079339,0.02127833682831082,0.01019003521651029,0.02936223986353784,0,0.6857874393463135,21,intervention
15,2090816,0.02129672763664544,0.01019173208624124,0.02925766965682511,0,0.566896915435791,21,intervention
18,2040502,0.02154591919428476,0.01039373688399791,0.02964900556311298,0,0.6511053442955017,21,intervention
21,2097160,0.02173590846973877,0.01041570212692022,0.02989973027818526,0,0.566896915435791,21,intervention
24,2109700,0.02127265725367849,0.01019003521651029,0.02929749001162152,0,0.5784626603126526,21,intervention
27,2059125,0.02158684972634408,0.01040200237184763,0.02966538947466026,0,0.7637187242507935,21,intervention
30,2122653,0.02140280199289859,0.01025842409580946,0.02950799206105267,0,0.5983755588531494,21,intervention
33,2074660,0.02142936028531173,0.01021051127463579,0.02954916416569247,0,0.5983755588531494,21,intervention
36,2103794,0.02127614364992096,0.01020399667322635,0.02934655987515419,0,0.6841755509376526,21,intervention
39,2077916,0.02142132051244748,0.01028747949749231,0.02950675064463143,0,0.6546949148178101,21,intervention
42,2059200,0.02117379950732278,0.0101256426423788,0.02922770593111059,0,0.5533496737480164,21,intervention
45,2029110,0.02132281818614151,0.0101820770651102,0.02934810830838317,0,0.540640115737915,21,intervention
48,2079195,0.0212215573002274,0.01014187838882207,0.0292198621186116,0,0.6841755509376526,21,intervention
0,1770726,0.02153418486985175,0.0103092361241579,0.02963570133501113,0,0.6546949148178101,22,intervention
3,1768732,0.02152629692557344,0.0103092361241579,0.02967575204727639,0,0.5482248663902283,22,intervention
6,1777108,0.02241438422648176,0.01058806013315916,0.03818341475196264,0,5.51549768447876,22,intervention
9,1769704,0.02130900982276913,0.01018474344164133,0.02950658165319219,0,0.9815543293952942,22,intervention
12,1793925,0.02148709672703225,0.01028651557862758,0.02967660034148579,0,0.7948227524757385,22,intervention
15,1787108,0.02116966244296366,0.01014483626931905,0.02923555023485626,0,1.041958212852478,22,intervention
18,1781120,0.0214478348561806,0.01026951801031828,0.03003120906245511,0,1.648689031600952,22,intervention
21,1760220,0.02134137655011157,0.01018474344164133,0.0294364271089963,0,0.5031445026397705,22,intervention
24,1757966,0.02168632741577317,0.01041232794523239,0.02978614769365594,0,0.7175059914588928,22,intervention
27,1765179,0.02125653378173896,0.01016700640320777,0.02925286021901001,0,0.5709065794944763,22,intervention
30,1777601,0.02183841176152225,0.01036149635910987,0.03522412505789124,0,4.177016735076904,22,intervention
33,1781580,0.02159835150518542,0.01041013468056917,0.02994722639977829,0,0.8705528974533081,22,intervention
36,1786926,0.02152072307806603,0.01021586917340755,0.03131419091925772,0,2.521713972091675,22,intervention
39,1771086,0.0213145320734402,0.01021142024546861,0.02925844740314408,0,0.49621522426605225,22,intervention
42,1785633,0.02233888917919384,0.01027245819568634,0.06694080116389654,0,17.07143211364746,22,intervention
45,1804311,0.02130357196864749,0.01019916590303182,0.02935788006007022,0,0.6316420435905457,22,intervention
48,1769418,0.02131387330777753,0.01019109971821308,0.02938986147545229,0,0.5343884229660034,22,intervention
0,2118780,0.02120183044239328,0.01017220877110958,0.02920074488901607,0,0.6841755509376526,23,intervention
3,2122749,0.02133939438759003,0.01015603635460138,0.02944917484712249,0,0.6999398469924927,23,intervention
6,2140305,0.02162579936689156,0.0103594958782196,0.02989346189732511,0,0.7894781231880188,23,intervention
9,2148795,0.02134315673932874,0.01026107557117939,0.02942757236310576,0,0.6613544821739197,23,intervention
12,2090555,0.02131488176675022,0.01019817870110273,0.02927297296429946,0,0.5744583010673523,23,intervention
15,2110120,0.02143430775657811,0.01024166215211153,0.02955395428947916,0,1.031584620475769,23,intervention
18,2098140,0.02131713488150441,0.01017607189714908,0.02934982797788177,0,0.6633915305137634,23,intervention
21,2126352,0.02198464421906021,0.01047198846936225,0.0307328160797675,0,2.085045576095581,23,intervention
24,2124675,0.02132665926138361,0.01016088481992483,0.02960658238609377,0,0.9254665970802308,23,intervention
27,2143127,0.02137656678287041,0.01025722734630107,0.02941699391508219,0,0.5235113501548767,23,intervention
30,2106252,0.02158787629535852,0.01027878932654857,0.03025941102420736,0,1.2615638971328735,23,intervention
33,2139969,0.02132430916238555,0.01017220877110958,0.02940753828982217,0,0.6822298765182495,23,intervention
36,2115438,0.0214046477091154,0.01017491333186626,0.03088185667974291,0,3.1798596382141113,23,intervention
39,2132248,0.02118379202408487,0.01009243819862604,0.02927113960910444,0,0.6612520217895508,23,intervention
42,2166159,0.0213892538683855,0.01020899228751659,0.02965411672060679,0,1.026089787483215,23,intervention
45,2123550,0.02149167926746559,0.01025569159537553,0.03032442447019657,0,2.0611813068389893,23,intervention
48,2107863,0.02126551485035354,0.01014187838882207,0.02936430584331553,0,0.9748476147651672,23,intervention
0,2346663,0.02134967503963674,0.01015836931765079,0.03025050047499847,0,1.8000510931015017,24,intervention
3,2424224,0.0214735351309911,0.0103261349722743,0.02971919848787045,0,1.1207598447799685,24,intervention
6,2333124,0.02147709941354364,0.01029190607368946,0.02971276290531823,0,0.6962780356407166,24,intervention
9,2336306,0.02187581576548388,0.01053415704518556,0.03018512914771293,0,0.6633915305137634,24,intervention
12,2363774,0.02141740433356588,0.01024114899337291,0.02968378619689153,0,1.440172553062439,24,intervention
15,2342400,0.02131895539368462,0.01013939455151558,0.03000898175395935,0,1.8310147523880005,24,intervention
18,2357688,0.02153928749664389,0.01027245819568634,0.03035224991935193,0,2.214962959289551,24,intervention
21,2408263,0.02191919505097479,0.01043947506695985,0.03334148763572783,0,4.544011116027832,24,intervention
24,2350089,0.02128975443600722,0.01016230974346399,0.02929044014509095,0,0.7454280257225037,24,intervention
27,2358935,0.02129017720032288,0.01021051127463579,0.02939003750808384,0,0.8760457634925842,24,intervention
30,2344892,0.02125146767397319,0.0101375700905919,0.02928758267397055,0,0.6841755509376526,24,intervention
33,2368472,0.02141391754857517,0.01022313255816698,0.02958853788423125,0,0.6129453182220459,24,intervention
36,2395679,0.02123712294318296,0.01017220877110958,0.02944932030939366,0,1.0616614818572998,24,intervention
39,2336270,0.02143501815041069,0.01019003521651029,0.03179598128423461,0,3.1614840030670166,24,intervention
42,2416470,0.02146820327494238,0.01018492504954338,0.0318291477204119,0,3.0571489334106445,24,intervention
45,2366892,0.02139051451052943,0.01015603635460138,0.03112288927399386,0,2.211026191711426,24,intervention
48,2375842,0.02124847734004408,0.01021051127463579,0.02930190872143824,0,0.6841755509376526,24,intervention
0,2167554,0.02142413922417973,0.01019445154815912,0.02946604619661045,0,0.5528262853622437,25,intervention
3,2264496,0.02122394663890463,0.01019817870110273,0.02926906694145127,0,0.8722015023231506,25,intervention
6,2237760,0.02132569890618442,0.01021142024546861,0.02933012319262202,0,0.6325857043266296,25,intervention
9,2193786,0.02166192972009478,0.01036895718425512,0.02984626176985486,0,0.5956934690475464,25,intervention
12,2239050,0.02128422822429808,0.01018881052732467,0.02924153988904605,0,0.4789689779281616,25,intervention
15,2227024,0.02136880061768164,0.01023707911372184,0.02936978231447878,0,0.5796167254447937,25,intervention
18,2205898,0.02178647409807121,0.01041264925152063,0.02993173371518837,0,0.566896915435791,25,intervention
21,2252862,0.0214548172361315,0.01028176397085189,0.02956291834844347,0,0.5759917497634888,25,intervention
24,2215360,0.02135837161118692,0.01021051127463579,0.02947625729969929,0,0.6348980665206909,25,intervention
27,2206404,0.02106663205418008,0.01009680330753326,0.0290472690793669,0,0.5816541910171509,25,intervention
30,2221518,0.02120275199487133,0.01014187838882207,0.02918995538545992,0,0.5416393280029297,25,intervention
33,2202258,0.02150616062015281,0.01030430942773819,0.02958028549077169,0,0.6064392328262329,25,intervention
36,2186268,0.02129122308314182,0.01014187838882207,0.02925928648603175,0,0.7368083000183105,25,intervention
39,2173550,0.02130906941826462,0.0101820770651102,0.02936820081485799,0,0.566896915435791,25,intervention
42,2243862,0.02148378950927955,0.01030114572495222,0.0295987843552339,0,0.6841755509376526,25,intervention
45,2204201,0.02130003465174841,0.01017883140593767,0.02921799923441553,0,0.6129453182220459,25,intervention
48,2207620,0.0213584403865867,0.01022313255816698,0.02941408240562126,0,0.566896915435791,25,intervention
0,1473624,0.02114113362541962,0.01009745616465807,0.02913393879665437,0,0.554266095161438,26,intervention
3,1465182,0.021643006158008,0.01039895880967378,0.02967422526992145,0,0.5089103579521179,26,intervention
6,1485540,0.02188452145613852,0.01051750313490629,0.0301039960383073,0,0.5477128624916077,26,intervention
9,1488137,0.02144014511056156,0.01025302521884441,0.02943836435828721,0,0.5599154829978943,26,intervention
12,1454824,0.02144418758160677,0.01022313255816698,0.02947662049966489,0,0.48281794786453247,26,intervention
15,1481924,0.02134698488891685,0.01018474344164133,0.02945734950534972,0,0.5846036076545715,26,intervention
18,1517334,0.02129585816049399,0.01015927083790302,0.02932208198248316,0,0.5866675972938538,26,intervention
21,1512336,0.02172825637271051,0.01040056068450212,0.03018852926108532,0,1.4422425031661987,26,intervention
24,1521540,0.02141630689573186,0.0102302823215723,0.02940998941554765,0,0.5744583010673523,26,intervention
27,1516599,0.02158076438993968,0.01027601677924394,0.02975068820368192,0,0.5334551334381104,26,intervention
30,1518264,0.02162508205246962,0.01039798650890588,0.02977756300678811,0,0.5744583010673523,26,intervention
33,1495896,0.02131829421000175,0.01018474344164133,0.02937173043857518,0,0.7825947403907776,26,intervention
36,1513992,0.02122126385068927,0.01014187838882207,0.02925601048658204,0,0.566896915435791,26,intervention
39,1524325,0.0212757065387912,0.01016700640320777,0.02923201143804301,0,0.5270437598228455,26,intervention
42,1529080,0.02135398272196011,0.0101892789825797,0.02948036067500248,0,0.6129453182220459,26,intervention
45,1509480,0.02120498250527806,0.01012066379189491,0.02921006718423944,0,0.6711089015007019,26,intervention
48,1522080,0.02122348902656337,0.01018553040921688,0.0292142727805792,0,0.5321623086929321,26,intervention
0,1662570,0.02115245579078872,0.01009680330753326,0.0292590928668637,0,0.7454280257225037,27,intervention
3,1683464,0.03312871368064092,0.01039798650890588,0.6741201615515219,0,151.2899169921875,27,intervention
6,1647316,0.02142224598165721,0.01020899228751659,0.03125373496449059,0,2.738368511199951,27,intervention
9,1644566,0.02139792302176452,0.01020729728043079,0.02977242516014325,0,1.3900835514068604,27,intervention
12,1625525,0.02128318296350261,0.01009966991841793,0.03009920080160585,0,1.881462812423706,27,intervention
15,1634560,0.02204923110066572,0.01029190607368946,0.04616218623873315,0,7.361560821533203,27,intervention
18,1639408,0.02145079988537672,0.01022830791771411,0.03007196226826455,0,2.0693066120147705,27,intervention
21,1620448,0.02137315286339519,0.01016931049525737,0.03013707548277811,0,1.546918511390686,27,intervention
24,1630665,0.0218122026661175,0.01014415733516216,0.04777379781854576,0,7.566974639892578,27,intervention
27,1642170,0.02210517085040991,0.01027149986475706,0.05102185401467832,0,8.707218170166016,27,intervention
30,1658919,0.02175926816931258,0.0104586174711585,0.02998318997823724,0,0.5813720226287842,27,intervention
33,1640861,0.02169485780227797,0.01029415894299745,0.03115641534306956,0,1.665894627571106,27,intervention
36,1657350,0.02166260517427631,0.01022590510547161,0.03482308621707403,0,3.4646174907684326,27,intervention
39,1635841,0.02170700175003224,0.0102657014504075,0.03431851861385622,0,4.1401896476745605,27,intervention
42,1647316,0.022717974936635,0.01029190607368946,0.08367969129612354,0,17.125316619873047,27,intervention
45,1648647,0.02186092163399496,0.01041232794523239,0.03404109919648053,0,4.586616516113281,27,intervention
48,1661496,0.0214151425400251,0.01025845110416412,0.02987390578685285,0,1.3088812828063965,27,intervention
0,2550345,0.0213637658140306,0.01020075660198927,0.02949442202129034,0,0.6841755509376526,28,intervention
3,2551976,0.02145507546369987,0.01027693971991539,0.02947170666954492,0,0.646826446056366,28,intervention
6,2582400,0.02171306107089592,0.01041020359843969,0.02985045139006757,0,0.6346561908721924,28,intervention
9,2521740,0.02138380801921841,0.01022349018603563,0.02937551168411455,0,0.6841755509376526,28,intervention
12,2525808,0.02103591702231749,0.01008016522973775,0.02893895687801354,0,0.5866675972938538,28,intervention
15,2564250,0.02120657788703469,0.01015836931765079,0.02921411818441569,0,0.6841755509376526,28,intervention
18,2553540,0.02112673120478525,0.01009680330753326,0.02906417288002388,0,0.583214282989502,28,intervention
21,2558394,0.02174369079340888,0.01041232794523239,0.02987619821460326,0,0.566896915435791,28,intervention
24,2543769,0.02125953825758116,0.01010818034410476,0.02932687518203492,0,0.6780120730400085,28,intervention
27,2543944,0.02109370076653718,0.01009082794189453,0.02904441229756747,0,0.99903005361557,28,intervention
30,2522682,0.02167110713392884,0.01037773583084344,0.02984903107234743,0,0.6490405201911926,28,intervention
33,2579155,0.02140251137195506,0.01029190607368946,0.02945549320246578,0,0.7977619767189026,28,intervention
36,2606554,0.02111084873791397,0.01011122111231088,0.02909206350521193,0,0.566896915435791,28,intervention
39,2516976,0.02119087111051358,0.01013397891074419,0.02911441200741727,0,0.5382612347602844,28,intervention
42,2535924,0.02144867744969148,0.01028740685433149,0.0294562417120715,0,0.6287680268287659,28,intervention
45,2575904,0.02163291231228215,0.0104039292782545,0.02976506641534401,0,0.6129453182220459,28,intervention
48,2494778,0.02127032589864238,0.01016939245164394,0.02930858505993281,0,0.566896915435791,28,intervention
0,2802690,0.02113026244071371,0.01009745616465807,0.02915118667752662,0,0.5679451823234558,29,intervention
3,2809728,0.0211120636626105,0.01009745616465807,0.02908330212290116,0,0.566896915435791,29,intervention
6,2778576,0.02190965745752085,0.01050639059394598,0.03019271505056344,0,0.9665635824203492,29,intervention
9,2806951,0.02132108338889095,0.01020899228751659,0.02939441470271711,0,0.5679451823234558,29,intervention
12,2763720,0.02250413559302698,0.01018881052732467,0.09258308969896886,0,18.93047332763672,29,intervention
15,2804181,0.0211571373183686,0.01013289298862218,0.02914565032826963,0,0.6499438881874084,29,intervention
18,2835127,0.02176161332541771,0.01043907273560762,0.0300178970808625,0,0.6220015287399292,29,intervention
21,2763572,0.02148051444933026,0.01025223731994628,0.03031078848149281,0,1.679358720779419,29,intervention
24,2814710,0.02131017977380335,0.01020899228751659,0.02956086900817318,0,0.970467209815979,29,intervention
27,2761019,0.0213880896541987,0.01022696401923894,0.02945666934337121,0,0.8641863465309143,29,intervention
30,2775582,0.02169153776812909,0.01036267355084419,0.0299052525880123,0,0.6633915305137634,29,intervention
33,2798250,0.02131099786460802,0.01016877964138984,0.02941288108551614,0,0.6853592991828918,29,intervention
36,2793042,0.02134084998419892,0.0101838894188404,0.02947024101653869,0,0.6989925503730774,29,intervention
39,2775740,0.0212646731742309,0.01018039416521787,0.02944586540550414,0,0.7593433856964111,29,intervention
42,2773078,0.02140479470698226,0.01028378121554851,0.02955889442211872,0,1.0011236667633057,29,intervention
45,2769078,0.02177197196016397,0.0103261349722743,0.03220108971223078,0,2.6807496547698975,29,intervention
48,2774260,0.02152945632276972,0.01020389329642057,0.03302166409398963,0,3.982863664627075,29,intervention
0,2257640,0.0210993191222088,0.01009680330753326,0.02903709904183696,0,0.870750904083252,3,intervention
3,2252325,0.0213171237219274,0.01018474344164133,0.02930204205541499,0,0.7454280257225037,3,intervention
6,2251494,0.02156713999656527,0.0103092361241579,0.02972914968391001,0,0.6444736123085022,3,intervention
9,2220940,0.02130017841880683,0.01021892856806516,0.02933211384903897,0,0.5802510976791382,3,intervention
12,2249676,0.02121334890287381,0.01014187838882207,0.02923536690824004,0,0.5702458024024963,3,intervention
15,2237616,0.02144178427317522,0.01023714244365692,0.02959334967227318,0,0.5702458024024963,3,intervention
18,2236416,0.02165575147209302,0.01036267355084419,0.02988849896418832,0,1.0277988910675049,3,intervention
21,2220888,0.02172439668937259,0.01041264925152063,0.02993105811389628,0,0.6129453182220459,3,intervention
24,2224300,0.02134824419133143,0.01020899228751659,0.02941560290573125,0,0.6032311320304871,3,intervention
27,2245977,0.02138038605225709,0.01026951801031828,0.02934545821380339,0,0.6836775541305542,3,intervention
30,2196068,0.02146575947465276,0.01028378121554851,0.02957378954401815,0,0.646826446056366,3,intervention
33,2231811,0.02148641358780426,0.01029190607368946,0.02964579012793044,0,0.7551798224449158,3,intervention
36,2241906,0.0212162934841349,0.01016939245164394,0.02926514953113655,0,0.5744583010673523,3,intervention
39,2255475,0.02126063120637878,0.01018553040921688,0.02945828705392742,0,1.0309385061264038,3,intervention
42,2219659,0.0212779196353466,0.01017883140593767,0.0293945326325912,0,0.7471806406974792,3,intervention
45,2275230,0.02138400276346789,0.0102657014504075,0.02946813194360729,0,0.7240395545959473,3,intervention
48,2271906,0.02126311233490819,0.01016408950090408,0.02929023713592436,0,0.6841755509376526,3,intervention
0,2741607,0.02111472717047773,0.01012334041297435,0.02912130752874959,0,0.6841755509376526,30,intervention
3,2744688,0.02123507435895965,0.01013434585183858,0.02964295408205779,0,1.332198143005371,30,intervention
6,2736248,0.02146158861087082,0.0102657014504075,0.02957146567024628,0,0.6546949148178101,30,intervention
9,2769858,0.02137135769076044,0.01022313255816698,0.02937604554387647,0,0.6103668212890625,30,intervention
12,2777166,0.02124067499460306,0.01014976296573877,0.02921326935825525,0,0.7368083000183105,30,intervention
15,2713606,0.02125023260410647,0.01014187838882207,0.02933394982414478,0,0.566896915435791,30,intervention
18,2745900,0.0214768105385109,0.01022313255816698,0.02962619159332956,0,1.0590018033981323,30,intervention
21,2762646,0.0214488760724431,0.01027000602334737,0.0295424355128979,0,0.566896915435791,30,intervention
24,2772168,0.02121544109212774,0.01011989917606115,0.02922264642595138,0,0.5434810519218445,30,intervention
27,2705296,0.02114382401622408,0.01009703893214464,0.029073672730608,0,0.6841755509376526,30,intervention
30,2725720,0.02135349111509372,0.01018666569143533,0.02941039742501844,0,0.621270477771759,30,intervention
33,2745325,0.0214382355658562,0.01026457455009222,0.02954204444923702,0,0.566896915435791,30,intervention
36,2756610,0.02107024401466114,0.01009745616465807,0.02904026785650278,0,0.5983755588531494,30,intervention
39,2791565,0.02117865768041229,0.01009680330753326,0.02923820288980945,0,0.55512934923172,30,intervention
42,2713750,0.0214819393393856,0.01027532387524843,0.02961239893194,0,0.6287680268287659,30,intervention
45,2795008,0.02135768802826229,0.01024506147950887,0.02946192807611762,0,0.5983755588531494,30,intervention
48,2766992,0.02126679094925328,0.01017665863037109,0.0292871184912433,0,0.5679451823234558,30,intervention
0,2057781,0.02155257639186614,0.01022313255816698,0.03194893332115545,0,3.025428056716919,31,intervention
3,2030158,0.02130313977665684,0.01009745616465807,0.03133580040950291,0,2.7875754833221436,31,intervention
6,2054460,0.02159033514169187,0.01032442972064018,0.02974383422276247,0,0.5427104234695435,31,intervention
9,2071168,0.02119514629825216,0.01010818034410476,0.02921311084822711,0,0.710858941078186,31,intervention
12,2043379,0.02140092856619927,0.01025681477040052,0.02949203827076646,0,0.5873745083808899,31,intervention
15,2044524,0.02125325416775379,0.01012286450713872,0.02990565979255378,0,1.82288658618927,31,intervention
18,2026620,0.02158617472967629,0.01035635732114315,0.02966281546422963,0,0.6249127984046936,31,intervention
21,2085320,0.021517177757872,0.01027245819568634,0.03105658497894757,0,2.7695627212524414,31,intervention
24,2045532,0.02141240626739287,0.01021142024546861,0.02992092950405991,0,1.338580846786499,31,intervention
27,2027868,0.02151231635104981,0.01018708478659391,0.03251383537556165,0,4.070591449737549,31,intervention
30,2039640,0.02189674294677307,0.01049067731946706,0.03002580595940579,0,0.5744583010673523,31,intervention
33,2026480,0.02147443708525632,0.01022313255816698,0.02961260774731044,0,0.5813720226287842,31,intervention
36,1982140,0.021296482261665,0.01019817870110273,0.02925301507919851,0,0.566896915435791,31,intervention
39,2015750,0.02122859493648873,0.01015603635460138,0.02922460794232857,0,0.566896915435791,31,intervention
42,2057376,0.02163423899418786,0.01034844201058149,0.03024871927206802,0,2.4631545543670654,31,intervention
45,2039620,0.02147371288626636,0.01027831714600324,0.0295465548534209,0,0.6325857043266296,31,intervention
48,2015439,0.02113092779436157,0.01006779354065656,0.0291328697135156,0,0.6129453182220459,31,intervention
0,2288640,0.02126383785435216,0.01014972385019064,0.02925773019600651,0,0.566896915435791,32,intervention
3,2310438,0.02135575785463917,0.01020899228751659,0.02938741241476729,0,0.6841755509376526,32,intervention
6,2283576,0.02132721180260659,0.01024918723851442,0.02939073225583695,0,0.8129153251647949,32,intervention
9,2255614,0.02167787397336813,0.0103808818385005,0.02982934323423671,0,0.5334551334381104,32,intervention
12,2259180,0.02150040891853428,0.01025223731994628,0.02966163823965387,0,0.7301731109619141,32,intervention
15,2240048,0.02142558561965666,0.01022590510547161,0.0295226536613793,0,0.5203591585159302,32,intervention
18,2291040,0.02131671135603415,0.01020899228751659,0.0293300774236292,0,0.6032311320304871,32,intervention
21,2296812,0.02148741663860311,0.01028176397085189,0.02961539145743866,0,0.6129453182220459,32,intervention
24,2288790,0.02139830122281548,0.01022696401923894,0.02949395955209714,0,0.7891448736190796,32,intervention
27,2285304,0.02136885014060215,0.01022313255816698,0.02937032328645793,0,0.646826446056366,32,intervention
30,2276297,0.02128260466662381,0.01018474344164133,0.02922346139583245,0,0.566896915435791,32,intervention
33,2265660,0.02141615355494274,0.01025223731994628,0.02950812795938395,0,0.7077780365943909,32,intervention
36,2280350,0.02130334632540589,0.01014577597379684,0.02932722886831088,0,0.566896915435791,32,intervention
39,2246694,0.02127423509267041,0.01019329857081174,0.029251568834374658,0,0.5866675972938538,32,intervention
42,2255428,0.02128461341175569,0.01018537115305662,0.02931040181788058,0,0.5447705984115601,32,intervention
45,2299352,0.02122374474347622,0.01014483626931905,0.02920527972234215,0,0.5915927290916443,32,intervention
48,2290080,0.02141244410840559,0.01026951801031828,0.02948020848446555,0,0.6078379154205322,32,intervention
0,3005010,0.02152715097195975,0.01027894672006368,0.02978655272626355,0,1.2353438138961792,33,intervention
3,2972167,0.02151444673957569,0.01027149986475706,0.03012547338193839,0,2.0106935501098633,33,intervention
6,2961832,0.02166953412887954,0.01034123264253139,0.02985767510858748,0,0.566896915435791,33,intervention
9,2994624,0.02155250641555986,0.01032481621950864,0.02964334178371151,0,0.646826446056366,33,intervention
12,3025728,0.02140909334682761,0.01016408950090408,0.0303975895819337,0,6.112903594970703,33,intervention
15,2991038,0.0212062910941629,0.01014187838882207,0.02911899019847762,0,0.618377149105072,33,intervention
18,2944631,0.021491670846485,0.01026951801031828,0.02959144664800888,0,0.5215350985527039,33,intervention
21,3006707,0.02144141789443974,0.01026951801031828,0.02943284427556479,0,0.6013466715812683,33,intervention
24,2915536,0.02141576066981089,0.01018666569143533,0.02971797475279999,0,1.1752748489379885,33,intervention
27,2970032,0.0211409968756952,0.01009745616465807,0.02922056778875022,0,1.0985255241394043,33,intervention
30,2978995,0.02135787744167569,0.01017883140593767,0.02951866859875124,0,1.248124361038208,33,intervention
33,2972140,0.02162098152745146,0.0103092361241579,0.02971289753068653,0,0.566896915435791,33,intervention
36,2979067,0.02159132722775112,0.01017491333186626,0.03555393666379448,0,5.043579578399658,33,intervention
39,2963380,0.02127200520761116,0.01017471961677074,0.02927514956484125,0,0.600493848323822,33,intervention
42,2982385,0.02147741705152267,0.010321732610464091,0.02947052936528467,0,0.6578170657157898,33,intervention
45,2918972,0.02146345345406373,0.0102657014504075,0.02954044588197585,0,0.8720180988311768,33,intervention
48,2956638,0.02130420761302526,0.01013756357133388,0.0295716968996581,0,1.3179497718811035,33,intervention
0,2168016,0.0211084040937425,0.01009745616465807,0.02902371295222069,0,0.6841755509376526,34,intervention
3,2157385,0.02147962742105768,0.01029415894299745,0.0295702315852322,0,0.6036392450332642,34,intervention
6,2156382,0.02160792070439212,0.01031536422669887,0.02979177715097045,0,0.7748263478279114,34,intervention
9,2185852,0.02168978663523261,0.01041232794523239,0.02993092353846236,0,0.6129453182220459,34,intervention
12,2162188,0.02134149552788159,0.01021142024546861,0.02934512965806659,0,0.6633915305137634,34,intervention
15,2198133,0.02139326426232616,0.01025845110416412,0.02947876082440746,0,0.7237837910652161,34,intervention
18,2151300,0.02150322377880116,0.01027149986475706,0.0296246018122183,0,0.7240395545959473,34,intervention
21,2232474,0.02133645923309953,0.01019003521651029,0.02935304970508799,0,0.4811410903930664,34,intervention
24,2228373,0.02114282836614235,0.01010587159544229,0.029197127132769,0,0.6841755509376526,34,intervention
27,2185806,0.02125063582675064,0.01014976296573877,0.02924838595167912,0,0.6841755509376526,34,intervention
30,2164970,0.0236639273715244,0.01051506493240594,0.11782411219007324,0,29.987504959106445,34,intervention
33,2156420,0.02179005858306027,0.01043556630611419,0.02992496774491528,0,0.566896915435791,34,intervention
36,2131239,0.02117794120340991,0.01009745616465807,0.02915107360858488,0,0.5089103579521179,34,intervention
39,2141280,0.02126604421678911,0.01014187838882207,0.02929037291967076,0,0.646826446056366,34,intervention
42,2156072,0.02143727673385299,0.01029117219150066,0.02951841317580339,0,0.5737672448158264,34,intervention
45,2202156,0.02136027022678647,0.01019985880702734,0.02950562331591571,0,0.819221556186676,34,intervention
48,2153050,0.02135851876724231,0.01018039416521787,0.02971342836168721,0,1.3602768182754517,34,intervention
0,2233420,0.02117352702016164,0.01014187838882207,0.02907739699085648,0,0.5983755588531494,35,intervention
3,2235650,0.02125553537067559,0.01014550123363733,0.02920976468134505,0,0.6841755509376526,35,intervention
6,2258993,0.02130502016364081,0.01011998672038316,0.02981529586703154,0,1.657492756843567,35,intervention
9,2230270,0.02153593710714993,0.0103161409497261,0.02967809404942981,0,0.566896915435791,35,intervention
12,2230470,0.02114701073096063,0.01009826175868511,0.02912996839783051,0,0.566896915435791,35,intervention
15,2255379,0.02138118289370913,0.01025722734630107,0.02945691208038071,0,0.5102040767669678,35,intervention
18,2204969,0.02118664347204804,0.01012726407498121,0.02913933504052927,0,0.6857874393463135,35,intervention
21,2242324,0.02165452206977562,0.01034271065145731,0.02989859260195977,0,0.6009652614593506,35,intervention
24,2268020,0.021097680109578,0.01011653337627649,0.02899473968340596,0,0.5434810519218445,35,intervention
27,2242476,0.02120240815570582,0.01014976296573877,0.02918267317839617,0,0.7551798224449158,35,intervention
30,2210944,0.02137328918460639,0.0102332467213273,0.0294097715373085,0,0.6416388154029846,35,intervention
33,2141830,0.02144019450485868,0.01027693971991539,0.0294705669993326,0,0.6546949148178101,35,intervention
36,2310319,0.02120796844555721,0.01014187838882207,0.02923662632381424,0,0.566896915435791,35,intervention
39,2238012,0.02147333227854005,0.0102739417925477,0.02991018096246118,0,1.693766951560974,35,intervention
42,2221458,0.02131392818571656,0.01018039416521787,0.02926840097416597,0,0.6346561908721924,35,intervention
45,2257324,0.02138496537027148,0.01021796558052301,0.0294314352638191,0,0.646826446056366,35,intervention
48,2333124,0.02122696945758652,0.01018881052732467,0.0292418658760288,0,0.5744583010673523,35,intervention
0,2476992,0.02121406097514997,0.01015836931765079,0.02910987980925954,0,0.6633915305137634,36,intervention
3,2543584,0.02116392079553786,0.01012185029685497,0.02914200849280513,0,0.6855058073997498,36,intervention
6,2512029,0.0212582094818806,0.01019445154815912,0.02926820700772716,0,0.564775824546814,36,intervention
9,2559804,0.021551237121287158,0.01034971885383129,0.02963433779803049,0,0.6780120730400085,36,intervention
12,2535946,0.02132745416312752,0.01019817870110273,0.02946938201931885,0,0.6340916156768799,36,intervention
15,2537640,0.02136854276125262,0.01025223731994628,0.02936466550176427,0,0.6841755509376526,36,intervention
18,2516976,0.0214865196859486,0.01029415894299745,0.02956144720208795,0,0.646826446056366,36,intervention
21,2470928,0.02152439408135569,0.0102950818836689,0.0296735971044816,0,0.6835625767707825,36,intervention
24,2439648,0.02120333163280796,0.01009680330753326,0.02918098052880225,0,0.566896915435791,36,intervention
27,2480369,0.02144095917681822,0.01029190607368946,0.02957650267794809,0,0.5477128624916077,36,intervention
30,2527571,0.0215945444968957,0.01032501179724931,0.0297379952016993,0,0.6546949148178101,36,intervention
33,2497974,0.02177085713460668,0.01043082028627395,0.02992773058269377,0,0.5866675972938538,36,intervention
36,2475200,0.02117273340565643,0.01016230974346399,0.02902578890107347,0,0.6129453182220459,36,intervention
39,2488500,0.02133435931555917,0.01024072710424661,0.02936230166237761,0,0.5714178681373596,36,intervention
42,2480609,0.02115557246812074,0.01013091392815113,0.02915196291044506,0,0.566896915435791,36,intervention
45,2478918,0.0214690865895479,0.01031850464642047,0.02955297844678475,0,0.6612520217895508,36,intervention
48,2480481,0.02121627411274474,0.01014187838882207,0.02919123335060574,0,0.5477128624916077,36,intervention
0,2954561,0.02118624153083252,0.01014187838882207,0.02916670133297504,0,0.6013466715812683,37,intervention
3,3011454,0.02127991501016162,0.01021051127463579,0.02923575734763783,0,0.566896915435791,37,intervention
6,2937696,0.02156608296136993,0.01038266345858574,0.02958607308583153,0,0.5845517516136169,37,intervention
9,2947893,0.02177691795338777,0.01043082028627395,0.02998493556950592,0,0.5065930485725403,37,intervention
12,2995832,0.02110581583930911,0.01014187838882207,0.02903175076739611,0,0.5257095098495483,37,intervention
15,2977240,0.02139808373756317,0.01021142024546861,0.02952355915081995,0,0.6546949148178101,37,intervention
18,2973558,0.02113029310440262,0.01014187838882207,0.02907039577169957,0,0.6129453182220459,37,intervention
21,2989272,0.02144508852206296,0.01028015464544296,0.02955751852823654,0,0.618377149105072,37,intervention
24,2944431,0.02124812156143218,0.01017883140593767,0.02927004403819977,0,0.6490405201911926,37,intervention
27,2958111,0.02134471211631202,0.01019816659390926,0.02938654650332182,0,0.5679451823234558,37,intervention
30,2915424,0.02134340695293471,0.01022313255816698,0.02940482050270952,0,0.6129453182220459,37,intervention
33,2913525,0.02130660338458319,0.01013939455151558,0.02935202140459998,0,0.5744583010673523,37,intervention
36,2917166,0.02123790115642805,0.01013091392815113,0.02926118436941155,0,0.6633915305137634,37,intervention
39,2999535,0.021167287060971,0.01010818034410476,0.02916611287012432,0,0.5719330906867981,37,intervention
42,2973690,0.02135968187557339,0.01020899228751659,0.02941014646723745,0,0.566896915435791,37,intervention
45,3034563,0.02125966254688421,0.01021746080368757,0.02921556345110822,0,0.566896915435791,37,intervention
48,3003145,0.0212668848283894,0.01020899228751659,0.02931120351128486,0,0.566896915435791,37,intervention
0,3182487,0.02118133711902492,0.0101065244525671,0.02925338476378052,0,0.6099802255630493,38,intervention
3,3218420,0.02145139491538547,0.01025845110416412,0.02947117017417374,0,0.6073858141899109,38,intervention
6,3230976,0.02161798014404324,0.01032921019941568,0.02979515097824388,0,0.7710232138633728,38,intervention
9,3202254,0.02150404348123414,0.01021051127463579,0.0305099101602654,0,1.7021957635879517,38,intervention
12,3238198,0.02128239280825506,0.01019592490047216,0.02929132524918414,0,0.6841755509376526,38,intervention
15,3184384,0.02130286929564295,0.0101961325854063,0.02931932987659991,0,0.5065930485725403,38,intervention
18,3254191,0.02141625122234234,0.01021051127463579,0.02956565669443523,0,1.008327841758728,38,intervention
21,3281512,0.02169697771122393,0.01041300967335701,0.0298494400954481,0,0.6841755509376526,38,intervention
24,3295734,0.02127244641705242,0.01019329857081174,0.02928357655405146,0,0.5744583010673523,38,intervention
27,3193353,0.02126554828180742,0.01014235895127058,0.02920625823951405,0,0.6346561908721924,38,intervention
30,3277880,0.02120772115813061,0.01017491333186626,0.02918564885186965,0,0.7658730149269104,38,intervention
33,3205650,0.021622605055936,0.01039033196866512,0.02978375192859819,0,0.6841755509376526,38,intervention
36,3292408,0.02122511729610743,0.01013091392815113,0.02926426077411508,0,0.9441028833389282,38,intervention
39,3230586,0.02138782052789373,0.01022590510547161,0.02951299630496717,0,1.3019921779632568,38,intervention
42,3243537,0.02119831994179862,0.01017883140593767,0.02913482488286433,0,0.6416125297546387,38,intervention
45,3214624,0.02127918095013498,0.01018039416521787,0.02931792032562188,0,0.7912742495536804,38,intervention
48,3295734,0.02114740999986242,0.01014187838882207,0.02910672195167506,0,0.5796167254447937,38,intervention
0,1782081,0.02141349851363484,0.01024084817618131,0.02952286148759582,0,0.6013466715812683,39,intervention
3,1718657,0.02167454917535407,0.01040614768862724,0.02972994709896372,0,0.4994615316390991,39,intervention
6,1743480,0.02151698569157322,0.01032564416527748,0.02959438998735037,0,0.6153317093849182,39,intervention
9,1784860,0.02151012417508956,0.01036267355084419,0.02958107952915094,0,0.5679451823234558,39,intervention
12,1779456,0.02127280027303047,0.01019329857081174,0.02930486631757622,0,0.7135928869247437,39,intervention
15,1733142,0.02132052804718229,0.01018039416521787,0.02943362771598998,0,0.5996981263160706,39,intervention
18,1789803,0.02188586207292385,0.01045478880405426,0.03007690799069195,0,0.6841755509376526,39,intervention
21,1755621,0.02197744761812048,0.01055749412626028,0.03030901705710602,0,0.5810278654098511,39,intervention
24,1760785,0.02125691641235834,0.01016669906675815,0.02928819363142053,0,0.566896915435791,39,intervention
27,1748976,0.02141681550732273,0.01022658869624137,0.02950779944162529,0,0.566896915435791,39,intervention
30,1712116,0.02142900172277991,0.01025635842233896,0.02947600025334633,0,0.566896915435791,39,intervention
33,1704288,0.02166334060595279,0.01041232794523239,0.02977572939040144,0,0.6032311320304871,39,intervention
36,1752972,0.0212059295266501,0.01009745616465807,0.02924055320508417,0,0.5786335468292236,39,intervention
39,1731756,0.02105774304028213,0.01007323712110519,0.02900152618171094,0,0.5594295859336853,39,intervention
42,1758276,0.02117031191363996,0.01012825779616832,0.0291285378936311,0,0.6129453182220459,39,intervention
45,1733152,0.0214569516220363,0.01027245819568634,0.02951199203324826,0,0.4832799732685089,39,intervention
48,1714784,0.02124357102529031,0.01017417944967746,0.02921899128852596,0,0.49585404992103577,39,intervention
0,1640765,0.02111468487303081,0.01009949576109647,0.02906791427973304,0,0.566896915435791,4,intervention
3,1630405,0.02116430930458741,0.01011297851800918,0.02912602663207643,0,0.4789689779281616,4,intervention
6,1622955,0.02154357405743387,0.0102657014504075,0.02970410134671576,0,0.566896915435791,4,intervention
9,1663200,0.02122515671091808,0.01016111671924591,0.02918640013463795,0,0.5318834781646729,4,intervention
12,1673811,0.02115221340293734,0.01017220877110958,0.02910268043894768,0,0.514768123626709,4,intervention
15,1664838,0.02127188764248682,0.01024536695331335,0.02926767691053273,0,0.6994975805282593,4,intervention
18,1683350,0.02130337525899382,0.01021586917340755,0.02930632534494195,0,0.5987581014633179,4,intervention
21,1695856,0.02174954938893482,0.01043082028627395,0.02999415992950585,0,0.6885116696357727,4,intervention
24,1658268,0.02113613639767585,0.01015336625277996,0.02906416355028107,0,0.5073279142379761,4,intervention
27,1684579,0.02126445004217126,0.01020356640219688,0.02924391822850988,0,0.6857874393463135,4,intervention
30,1700016,0.02124984824826757,0.01013993192464113,0.029250013388386,0,0.6490405201911926,4,intervention
33,1680406,0.02128252883466119,0.01014415733516216,0.02931884070899972,0,0.6073164939880371,4,intervention
36,1671365,0.02137891135233596,0.0101820770651102,0.02934666087320215,0,0.5343884229660034,4,intervention
39,1669434,0.02115848392024845,0.01009680330753326,0.02909936758344735,0,0.5983755588531494,4,intervention
42,1654026,0.02125171898911079,0.01013091392815113,0.02931207022705919,0,0.5744583010673523,4,intervention
45,1683435,0.02120578775511295,0.01010789535939693,0.02927329886114521,0,0.566896915435791,4,intervention
48,1651081,0.02139842259521935,0.0102302823215723,0.02950079717468354,0,0.6062504053115845,4,intervention
0,2494358,0.02107843234306158,0.01006591878831386,0.02916821315848855,0,1.268105387687683,40,intervention
3,2576638,0.02147093992388998,0.01029649283736944,0.02969774733990455,0,0.7079163193702698,40,intervention
6,2562179,0.02208006364644673,0.01055749412626028,0.03047636427506594,0,0.5732651948928833,40,intervention
9,2517519,0.02134492069783388,0.01019003521651029,0.02940363945212127,0,0.6195765733718872,40,intervention
12,2565248,0.02149409374478213,0.01029190607368946,0.02954071175418395,0,0.6841755509376526,40,intervention
15,2540304,0.02115452720549759,0.01008105464279651,0.02934322380030614,0,0.883668839931488,40,intervention
18,2523875,0.02146857639809249,0.01027532387524843,0.02949911060376583,0,0.621270477771759,40,intervention
21,2502753,0.02160165750161355,0.01022844854742288,0.0303445992211893,0,1.9036086797714231,40,intervention
24,2545152,0.02137992092699563,0.01019718870520591,0.02979909728575967,0,1.4172335863113403,40,intervention
27,2484120,0.02146354332608222,0.01026951801031828,0.02960686841779946,0,0.7367932796478271,40,intervention
30,2552080,0.02181856706187556,0.01041232794523239,0.0302068914027091,0,0.9024711847305298,40,intervention
33,2501336,0.02194547125515873,0.01043082028627395,0.03200089137167247,0,2.9512510299682617,40,intervention
36,2529564,0.02150171706330726,0.01025298330932855,0.02966428964113627,0,0.6619940996170044,40,intervention
39,2548062,0.0213072264008941,0.01020899228751659,0.02942935870495529,0,0.6132190227508545,40,intervention
42,2533390,0.02159066256238334,0.01027137786149978,0.03071063500816619,0,2.0520451068878174,40,intervention
45,2522350,0.0214277000806485,0.01025842409580946,0.0295577091158402,0,0.6834957599639893,40,intervention
48,2567306,0.02136460802214181,0.01019003521651029,0.02950276287053391,0,0.6841755509376526,40,intervention
0,2246976,0.02117123185435341,0.01018022000789642,0.02911144503471218,0,0.6013466715812683,41,intervention
3,2181480,0.02129612466190224,0.01018474344164133,0.0292929633434208,0,0.6032311320304871,41,intervention
6,2254980,0.02154437852132932,0.01035778131335973,0.02968327273299735,0,0.625591516494751,41,intervention
9,2240946,0.02132475703758566,0.0102535830810666,0.02940802597271571,0,0.7765510678291321,41,intervention
12,2297932,0.02122045759009764,0.01018881052732467,0.02925156829210634,0,0.6125039458274841,41,intervention
15,2259322,0.02113853719371851,0.01013822015374898,0.02915824101505274,0,0.5983755588531494,41,intervention
18,2227424,0.02164058306410468,0.01041570212692022,0.0297830987883067,0,0.6309531927108765,41,intervention
21,2258609,0.02114972023331298,0.01011628564447164,0.02915515839756906,0,0.564775824546814,41,intervention
24,2196224,0.02151731835868964,0.01036267355084419,0.02960711679885233,0,0.6520503759384155,41,intervention
27,2184435,0.02126423097331787,0.01013091392815113,0.02934817830253045,0,0.7240395545959473,41,intervention
30,2227176,0.02207996050959844,0.01062782667577266,0.03045614414779057,0,0.646826446056366,41,intervention
33,2197206,0.02134375737168502,0.0102332467213273,0.02931629827374585,0,0.6767114400863647,41,intervention
36,2163585,0.0210826501874554,0.01009680330753326,0.02903446172756595,0,0.6129453182220459,41,intervention
39,2211105,0.02134767239822134,0.01023045368492603,0.02935245793203541,0,0.5511287450790405,41,intervention
42,2247948,0.02129042164839149,0.01018039416521787,0.02934452710953824,0,0.6129453182220459,41,intervention
45,2257086,0.02156048671450971,0.01037773583084344,0.02971456126005739,0,0.6078379154205322,41,intervention
48,2219571,0.02119217404460839,0.01014187838882207,0.02914758916211815,0,0.566896915435791,41,intervention
0,3398336,0.02130288312418722,0.01015603635460138,0.02936676991418784,0,0.6013466715812683,42,intervention
3,3396236,0.02124929466187046,0.01016300078481435,0.02928918778580713,0,0.6841755509376526,42,intervention
6,3457434,0.0215194913975554,0.01034844201058149,0.02974375455989784,0,1.096610188484192,42,intervention
9,3370640,0.0212119630452097,0.01013434585183858,0.02926814684993378,0,0.5418926477432251,42,intervention
12,3375284,0.02129330010102736,0.0101961325854063,0.02933462846456372,0,0.6073858141899109,42,intervention
15,3361347,0.02170736796204632,0.01038266345858574,0.02985711171065942,0,0.6711089015007019,42,intervention
18,3344085,0.021267685417010872,0.01018584426492452,0.0292256593983906,0,0.6185430884361267,42,intervention
21,3325040,0.02128853934007397,0.01014846842736005,0.02933265278218463,0,0.5679451823234558,42,intervention
24,3354288,0.02120133787466903,0.01014187838882207,0.02913962421864903,0,0.6841755509376526,42,intervention
27,3355986,0.02125321766121692,0.01014187838882207,0.02927765745611723,0,0.6018474102020264,42,intervention
30,3372168,0.02134988517499278,0.01021475158631801,0.02935742878742007,0,0.566896915435791,42,intervention
33,3341606,0.02169223651587601,0.01041232794523239,0.02988900467566894,0,0.6325857043266296,42,intervention
36,3366804,0.02116105242930802,0.01014187838882207,0.0291384844175982,0,0.5812798142433167,42,intervention
39,3347744,0.02139740495333848,0.01027712039649486,0.02947789243545474,0,0.6841755509376526,42,intervention
42,3425890,0.02125462378359649,0.0101820770651102,0.02929157579432718,0,0.6767114400863647,42,intervention
45,3329104,0.02130503674060052,0.01018666569143533,0.02940198309707786,0,0.9025332927703856,42,intervention
48,3333600,0.02139876236887969,0.01022313255816698,0.02948034820223208,0,0.566896915435791,42,intervention
0,1757700,0.02130279968391839,0.01027245819568634,0.02929186298307405,0,0.5478178858757019,43,intervention
3,1727208,0.02101781259810467,0.01008129306137561,0.02897026580910186,0,0.6546949148178101,43,intervention
6,1772550,0.0212432966388118,0.01020899228751659,0.02915739270694771,0,0.6129453182220459,43,intervention
9,1774800,0.02157275711965423,0.01032564416527748,0.02976601153942957,0,0.5136807560920715,43,intervention
12,1737003,0.02125686426280565,0.0101178977638483,0.02925367710158744,0,0.6075363755226135,43,intervention
15,1740948,0.02137494155878608,0.01017491333186626,0.02957803587062018,0,0.6298815608024597,43,intervention
18,1752652,0.0216567829003082,0.01034712325781583,0.02991726282334328,0,0.8722015023231506,43,intervention
21,1772652,0.02158840152166733,0.0103535745292902,0.02977016154447306,0,0.6513339281082153,43,intervention
24,1747243,0.0212569814203618,0.01015836931765079,0.0293571305321106,0,0.6546949148178101,43,intervention
27,1768756,0.0215207074436332,0.01030199322849512,0.02962934702909229,0,0.5836429595947266,43,intervention
30,1675130,0.02182822192006756,0.01043082028627395,0.03009397383184976,0,0.4972478449344635,43,intervention
33,1732050,0.02123593972368562,0.01011120155453682,0.02932748556406115,0,0.527621328830719,43,intervention
36,1709004,0.02127399099108885,0.0101820770651102,0.02931329049486559,0,0.566896915435791,43,intervention
39,1735344,0.02105751479497594,0.01008074451237917,0.02904542040052939,0,0.6129453182220459,43,intervention
42,1784607,0.02129214048097135,0.01018474344164133,0.02931046039642209,0,0.7240395545959473,43,intervention
45,1715571,0.02133765460418,0.01024690549820661,0.02931013294155893,0,0.5482248663902283,43,intervention
48,1718145,0.02148864190802871,0.01029190607368946,0.02956461045335728,0,0.6129453182220459,43,intervention
0,2179980,0.02120613035884855,0.01009680330753326,0.02957197126251476,0,1.319582223892212,44,intervention
3,2159274,0.02126943765965196,0.0101961325854063,0.0293852000393566,0,0.721468448638916,44,intervention
6,2153400,0.02161612147081763,0.0103001594543457,0.03125957453169387,0,2.495323657989502,44,intervention
9,2157232,0.02145236136579247,0.01029415894299745,0.02960183592105267,0,0.6557666659355164,44,intervention
12,2162098,0.02127489568615508,0.01011506933718919,0.02968785370428082,0,1.513944149017334,44,intervention
15,2183004,0.02123687143655801,0.01014415733516216,0.02927707107003935,0,0.566896915435791,44,intervention
18,2209626,0.02144211867890274,0.01034102123230695,0.02953313656835246,0,0.5679451823234558,44,intervention
21,2154855,0.02163254456441867,0.01036149635910987,0.02981112701240666,0,0.6075363755226135,44,intervention
24,2185690,0.02115437405024909,0.0101230964064598,0.02922202619087722,0,0.6282076835632324,44,intervention
27,2182896,0.02139406654397133,0.01022590510547161,0.02959670912611806,0,0.8346973061561584,44,intervention
30,2200430,0.02124856706785933,0.01019003521651029,0.02925158845630996,0,0.564775824546814,44,intervention
33,2196299,0.02126755951222963,0.01016408950090408,0.02929777197494163,0,0.5744583010673523,44,intervention
36,2137363,0.02160717387761428,0.01039704401046037,0.02975559650283172,0,0.6841755509376526,44,intervention
39,2170896,0.02124650032058373,0.01014187838882207,0.02930936665177959,0,0.6325857043266296,44,intervention
42,2144160,0.02173553443869371,0.01041577104479074,0.02988257891761433,0,0.6018474102020264,44,intervention
45,2192685,0.02115347133717763,0.01012286450713872,0.02917941425483258,0,0.6325857043266296,44,intervention
48,2170860,0.02217664541616165,0.01019595190882682,0.06880390749342327,0,21.22077751159668,44,intervention
0,2356002,0.02123570392998026,0.01012795977294445,0.02925909842166582,0,0.6298815608024597,45,intervention
3,2425398,0.02137439939763353,0.01022590510547161,0.02943549618566897,0,0.6129453182220459,45,intervention
6,2413401,0.0212985047924201,0.01022313255816698,0.02931916477728984,0,0.6841755509376526,45,intervention
9,2351908,0.02189344832192443,0.01049525383859872,0.03047453595304388,0,1.1570539474487305,45,intervention
12,2423372,0.02146951134216754,0.01029190607368946,0.02952489453713974,0,0.657128095626831,45,intervention
15,2408675,0.02140636959534134,0.01027000602334737,0.0294722193469954,0,0.5136807560920715,45,intervention
18,2327854,0.02128797557229486,0.01014976296573877,0.02929775552188284,0,0.646826446056366,45,intervention
21,2378486,0.02176044817116183,0.01043842453509569,0.03000234489744162,0,0.5877342224121094,45,intervention
24,2390063,0.02118463448406082,0.01009854767471551,0.02913487918756824,0,0.5528262853622437,45,intervention
27,2390596,0.02124036423774475,0.01015603635460138,0.02929742610524621,0,0.7031702399253845,45,intervention
30,2350296,0.02145513919267244,0.01029172167181968,0.02951315292702717,0,0.6153317093849182,45,intervention
33,2345600,0.02150763216359262,0.01029649283736944,0.02950644835588354,0,0.6841755509376526,45,intervention
36,2364165,0.02124678828847055,0.01014976296573877,0.02924730914551122,0,0.6018474102020264,45,intervention
39,2364876,0.02129297441959573,0.01021051127463579,0.02937785829428341,0,0.6129453182220459,45,intervention
42,2364948,0.02135385261824863,0.01019109971821308,0.02946025303940037,0,0.8484119176864624,45,intervention
45,2396528,0.02150679745301714,0.0102979065850377,0.02955258020536966,0,0.566896915435791,45,intervention
48,2429325,0.02133541578573878,0.01026951801031828,0.02932311798399706,0,0.566896915435791,45,intervention
0,2233344,0.02145507751067407,0.01014415733516216,0.03072768851291325,0,2.1253232955932617,46,intervention
3,2236992,0.02145755573336554,0.01029415894299745,0.02955451700772369,0,0.6841755509376526,46,intervention
6,2246860,0.02121990329605023,0.01012286450713872,0.02922315289046559,0,0.6546949148178101,46,intervention
9,2257245,0.02159281628468117,0.01036918349564075,0.02978908411044793,0,0.7590559124946594,46,intervention
12,2231724,0.02136306134844788,0.01021746080368757,0.02936209167242177,0,0.5385596752166748,46,intervention
15,2261232,0.02149233346938295,0.01029190607368946,0.0296789842145565,0,0.8346390128135681,46,intervention
18,2274090,0.02188769346794893,0.01048995368182659,0.03007283111205862,0,0.5136807560920715,46,intervention
21,2286466,0.03002181580134453,0.0103261349722743,0.5287915702473361,0,124.70150756835938,46,intervention
24,2262038,0.02121699072147824,0.01009745616465807,0.02920632688493701,0,0.6841755509376526,46,intervention
27,2228562,0.02133577002564943,0.01020899228751659,0.02938141934102794,0,0.6287680268287659,46,intervention
30,2223870,0.02128205906706437,0.01019916590303182,0.02927429848977378,0,0.6202492117881775,46,intervention
33,2259390,0.02149834806231527,0.01030264981091022,0.02963641168683325,0,0.6489587426185608,46,intervention
36,2245040,0.021286363960533,0.01018492504954338,0.02923345250634205,0,0.6075363755226135,46,intervention
39,2229352,0.02143057879487797,0.01029415894299745,0.02948612016253697,0,0.6841926574707031,46,intervention
42,2257650,0.02156189544592113,0.0103092361241579,0.03174869766040941,0,3.9588353633880615,46,intervention
45,2281600,0.0210893000335317,0.01009680330753326,0.02906156092991768,0,0.527621328830719,46,intervention
48,2292588,0.02141523873713478,0.01029190607368946,0.02962441876705085,0,0.6841755509376526,46,intervention
0,3215400,0.02120014730711851,0.01017200574278831,0.02920438067982654,0,1.1549025774002075,47,intervention
3,3249792,0.02140168035995042,0.01021230220794677,0.02963592753436566,0,0.9647008180618286,47,intervention
6,3176785,0.02153438330213648,0.01027532387524843,0.02989570994962963,0,1.2563356161117554,47,intervention
9,3205180,0.02125715504383867,0.01018474344164133,0.02920813448468379,0,0.6416388154029846,47,intervention
12,3255624,0.02134132460422223,0.01022313255816698,0.02943291602763346,0,0.7543994188308716,47,intervention
15,3247784,0.02129156663109695,0.01020899228751659,0.02935816384103553,0,0.5482248663902283,47,intervention
18,3224862,0.02127143331304978,0.01015166193246841,0.02935188455533403,0,0.646826446056366,47,intervention
21,3261649,0.0214118758245082,0.01020899228751659,0.02975538271510416,0,1.2132306098937988,47,intervention
24,3242844,0.02125922825728499,0.01018474344164133,0.02927008463256705,0,0.6007343530654907,47,intervention
27,3300336,0.02130204361358248,0.01018881052732467,0.0294078277903259,0,0.9502544403076172,47,intervention
30,3251712,0.02166387124223246,0.01040614768862724,0.02984953114584464,0,0.6841755509376526,47,intervention
33,3224332,0.02143303085211511,0.01021870318800211,0.02955670398998813,0,0.8861051201820374,47,intervention
36,3187160,0.02123690544996176,0.01014976296573877,0.02929400656226225,0,0.564775824546814,47,intervention
39,3270800,0.02130409148209505,0.01019019726663827,0.02936080990554427,0,0.5841633677482605,47,intervention
42,3243240,0.02141766342835191,0.0101961325854063,0.031218706222199,0,3.457866668701172,47,intervention
45,3233042,0.02127646405315011,0.01012767851352691,0.0304131391063495,0,2.6137309074401855,47,intervention
48,3237694,0.02126897195053449,0.01018474344164133,0.02925752019839624,0,0.646826446056366,47,intervention
0,2296802,0.02136982332765312,0.01019003521651029,0.02942956855025622,0,0.6009652614593506,48,intervention
3,2256800,0.02116850834405244,0.01015603635460138,0.02902441910434535,0,0.5490787029266357,48,intervention
6,2254155,0.02173326271727014,0.01043082028627395,0.02991593643697214,0,0.5866675972938538,48,intervention
9,2297772,0.02143805618730736,0.01029190607368946,0.02942657943653582,0,0.5265645980834961,48,intervention
12,2231808,0.02117981882195478,0.01014415733516216,0.02911914122159867,0,0.5250997543334961,48,intervention
15,2309758,0.0214023853599507,0.01022590510547161,0.02950381450961487,0,0.5237992405891418,48,intervention
18,2218251,0.02141320186846403,0.01023045368492603,0.02943656169733449,0,0.7193164825439453,48,intervention
21,2264769,0.02171193958708483,0.01041176170110702,0.02987503066634865,0,0.7454280257225037,48,intervention
24,2280740,0.02132654552230392,0.01020899228751659,0.02931522360263671,0,0.5089103579521179,48,intervention
27,2254404,0.02120084903008696,0.01018881052732467,0.02915202371150161,0,0.6767114400863647,48,intervention
30,2236014,0.02150824377162712,0.0103092361241579,0.0295480012497339,0,0.6822298765182495,48,intervention
33,2269162,0.02166850883801605,0.01040181051939725,0.02981558289809711,0,0.6841755509376526,48,intervention
36,2297322,0.02119207061108466,0.01016408950090408,0.02915419804249412,0,0.7106826901435852,48,intervention
39,2285568,0.02125273039066239,0.01015533600002527,0.02928455027844194,0,0.6298815608024597,48,intervention
42,2320296,0.0215849928386524,0.0104068461805582,0.0297526627397085,0,0.5947357416152954,48,intervention
45,2234960,0.02126459267578345,0.01014187838882207,0.02926724854618128,0,0.49702590703964233,48,intervention
48,2330640,0.02116169784742226,0.01010818034410476,0.02911903430925412,0,0.7598896026611328,48,intervention
0,2206500,0.02140055189763349,0.01022313255816698,0.02941437858316562,0,0.5477690100669861,49,intervention
3,2167950,0.02122624032130023,0.0101961325854063,0.02919480899557762,0,0.6767114400863647,49,intervention
6,2188368,0.02170150797596926,0.01034765504300594,0.03043403904632106,0,1.661129593849182,49,intervention
9,2249559,0.02167366120678126,0.01024587079882621,0.03405288928658653,0,5.720822811126709,49,intervention
12,2146029,0.02138484588533586,0.01021051127463579,0.02951705958834723,0,0.6819219589233398,49,intervention
15,2158924,0.02136304819206555,0.01018816046416759,0.02962485965400742,0,0.915837824344635,49,intervention
18,2187432,0.0212147492897831,0.01014187838882207,0.02922247468744941,0,0.5744583010673523,49,intervention
21,2206204,0.02158190016532627,0.01037433464080095,0.02964314233244884,0,0.5859276652336121,49,intervention
24,2198805,0.02133964328546679,0.01020899228751659,0.02932696039413009,0,0.7608411312103271,49,intervention
27,2201772,0.02116310495791021,0.01010818034410476,0.02924352878750434,0,0.956102967262268,49,intervention
30,2255715,0.02177151907860068,0.01043082028627395,0.02997418427988637,0,0.8335400819778442,49,intervention
33,2212384,0.02177018176075524,0.01041232794523239,0.03002671649865673,0,0.7454280257225037,49,intervention
36,2260456,0.02136401367358868,0.01021301560103893,0.02946035537107347,0,0.7592745423316956,49,intervention
39,2230500,0.02130779805475827,0.01013798452913761,0.02952560868958088,0,1.1293504238128662,49,intervention
42,2240945,0.02125802445779863,0.01018816046416759,0.02922003862992007,0,0.6542166471481323,49,intervention
45,2238960,0.02175432543714713,0.01041577104479074,0.02990852316118917,0,0.6073858141899109,49,intervention
48,2209032,0.02117388454974462,0.01012334041297435,0.02923463171112324,0,0.564775824546814,49,intervention
0,2647104,0.02137061891292487,0.0102657014504075,0.02938416099393786,0,0.6829131245613098,5,intervention
3,2601285,0.02112929143338204,0.01009680330753326,0.02917055026615034,0,0.5983755588531494,5,intervention
6,2585340,0.02111889770776552,0.01009745616465807,0.02906708067263897,0,0.7543994188308716,5,intervention
9,2584575,0.02154308182583163,0.01038636267185211,0.02964446910148477,0,0.554266095161438,5,intervention
12,2659261,0.02131169118881059,0.01021727081388235,0.02934792265088516,0,0.6841755509376526,5,intervention
15,2559271,0.02145737652207593,0.01029190607368946,0.02948934551926032,0,0.6841755509376526,5,intervention
18,2595177,0.02137016206018767,0.0102332467213273,0.02942136422695561,0,0.5655374526977539,5,intervention
21,2586342,0.02202896855401591,0.01051967218518257,0.03053489490305031,0,1.0423104763031006,5,intervention
24,2617083,0.02118123906146674,0.01014187838882207,0.02936180836594529,0,1.193057417869568,5,intervention
27,2548306,0.02130458287732833,0.01022590510547161,0.02928891193740649,0,0.6546949148178101,5,intervention
30,2597644,0.02156944622546412,0.01036267355084419,0.02968622108622657,0,0.7454280257225037,5,intervention
33,2593110,0.02139907527727776,0.01026368048042059,0.029592711992273,0,0.9874969720840454,5,intervention
36,2588305,0.02134062613480421,0.01023045368492603,0.02941753837057017,0,0.7717267870903015,5,intervention
39,2592228,0.02131812705252908,0.01021025795489549,0.02938412870293711,0,0.568489134311676,5,intervention
42,2634630,0.02125010574297058,0.01014577597379684,0.02924861762761758,0,0.6328083276748657,5,intervention
45,2582334,0.02149491169635091,0.01028043683618307,0.02986756155438241,0,1.2745797634124756,5,intervention
48,2562996,0.02134172739035648,0.01018708478659391,0.02943021625038508,0,0.566896915435791,5,intervention
0,2191874,0.02125245480120911,0.01017153263092041,0.02916743601284002,0,0.566896915435791,50,intervention
3,2172315,0.02129043835371454,0.01013748254626989,0.02935894242998928,0,0.6841755509376526,50,intervention
6,2180040,0.02134529738317951,0.01019069086760282,0.02938306752013967,0,0.9883723258972168,50,intervention
9,2181480,0.0215916818413869,0.01039798650890588,0.02973458310499762,0,0.7761465311050415,50,intervention
12,2182964,0.0212563390661024,0.01014051400125026,0.02932875466668781,0,0.5936068296432495,50,intervention
15,2182700,0.0213531766794821,0.01020816527307033,0.02946807052170245,0,0.5983755588531494,50,intervention
18,2209626,0.02130723242649274,0.01018039416521787,0.02938889352443536,0,0.6013466715812683,50,intervention
21,2187405,0.02131112853262882,0.01016408950090408,0.02941628976749349,0,0.5533496737480164,50,intervention
24,2163357,0.0214524655622392,0.01025845110416412,0.02961770214470383,0,0.8164356350898743,50,intervention
27,2218580,0.02140246244129214,0.01026951801031828,0.02947959779038349,0,0.9415702223777772,50,intervention
30,2178540,0.02147789349023944,0.01024437136948108,0.02965944875592303,0,0.6564168930053711,50,intervention
33,2210728,0.02148047906199123,0.01027831714600324,0.02988394174089647,0,0.9663177728652954,50,intervention
36,2218400,0.02132551034866767,0.01019817870110273,0.02934565486441323,0,0.6153317093849182,50,intervention
39,2173598,0.02135338272892395,0.01018937118351459,0.02965089546429722,0,1.1515908241271973,50,intervention
42,2193360,0.02139573606150752,0.01027532387524843,0.02947508666356879,0,0.7106826901435852,50,intervention
45,2208180,0.02158993278598208,0.01019453629851341,0.03338053595244147,0,3.75311827659607,50,intervention
48,2251368,0.02170528814862658,0.01026951801031828,0.03932852764701567,0,5.817405700683594,50,intervention
0,2630784,0.02170897835181596,0.01044219359755516,0.02979778199269027,0,0.5561864972114563,51,intervention
3,2674840,0.02154550209215422,0.01031966228038072,0.02958936501258242,0,0.5744583010673523,51,intervention
6,2656274,0.02120573479242366,0.01014976296573877,0.02915615437311212,0,0.5812798142433167,51,intervention
9,2648726,0.02162456120846201,0.01037645898759365,0.02973405192188626,0,0.5859276652336121,51,intervention
12,2664636,0.02116630761150852,0.01010505203157663,0.02910262776927148,0,0.566896915435791,51,intervention
15,2705064,0.02120937856875063,0.01014972385019064,0.02916117311980682,0,0.5679451823234558,51,intervention
18,2645346,0.02187272504937643,0.01047234795987606,0.03014975276312052,0,0.6613544821739197,51,intervention
21,2577420,0.02164045731180536,0.01039798650890588,0.02972577630815623,0,0.6490405201911926,51,intervention
24,2681026,0.02119001102501393,0.01009745616465807,0.02919426056651208,0,0.566896915435791,51,intervention
27,2646553,0.02135599309722601,0.0101820770651102,0.02947583050096077,0,0.6705918312072754,51,intervention
30,2656500,0.02143515963706401,0.01030782330781221,0.02945439954522467,0,0.5813720226287842,51,intervention
33,2613070,0.02130782641627488,0.01018039416521787,0.02931318679992866,0,0.6073858141899109,51,intervention
36,2679144,0.02130901151702771,0.01021051127463579,0.02937537132861662,0,0.6841755509376526,51,intervention
39,2669380,0.02133525194748968,0.01018965058028698,0.02939682733518821,0,0.5165367722511292,51,intervention
42,2681026,0.0216994958412648,0.01039876416325569,0.02991194651465654,0,0.5744583010673523,51,intervention
45,2681376,0.02118452881121718,0.01009946316480636,0.02913488394234244,0,0.6613544821739197,51,intervention
48,2661486,0.0213065878946403,0.01015533600002527,0.02940978558598859,0,0.7454280257225037,51,intervention
0,2212028,0.02137729781756411,0.01013870444148779,0.03069858600193542,0,1.9342284202575684,52,intervention
3,2221602,0.021470051014929,0.01024506147950887,0.02991210116240544,0,1.2947423458099363,52,intervention
6,2253195,0.02175694850285589,0.01021301560103893,0.04083660017244267,0,5.149582386016846,52,intervention
9,2180505,0.02126044441494926,0.01014187838882207,0.02934229782761096,0,0.6633915305137634,52,intervention
12,2260800,0.02253705466399502,0.01032442972064018,0.06232465971135918,0,11.726826667785645,52,intervention
15,2189124,0.02113205859417246,0.0100660566240549,0.02918883582125791,0,0.6325857043266296,52,intervention
18,2194614,0.02157748128102081,0.01030286028981208,0.02996804450480587,0,1.378216028213501,52,intervention
21,2215357,0.02167401585290718,0.01041020359843969,0.02986997745384996,0,1.1106483936309814,52,intervention
24,2187264,0.02119868659486102,0.01010818034410476,0.02928420686475012,0,0.8816998600959778,52,intervention
27,2243944,0.02125539934727755,0.01016545295715332,0.0293227751477795,0,0.6399192810058594,52,intervention
30,2203404,0.02144887446607609,0.01024166215211153,0.03001486273613065,0,1.6799722909927368,52,intervention
33,2234295,0.02164287218484285,0.01037645898759365,0.02980191133224005,0,0.7270379066467285,52,intervention
36,2218592,0.02134269235822093,0.0101838894188404,0.02985794938508933,0,1.4180084466934204,52,intervention
39,2279640,0.02140454864606953,0.01023594196885824,0.02971274309722751,0,1.5556758642196655,52,intervention
42,2218728,0.02162223728287857,0.01017805188894271,0.03983228972253062,0,6.566540241241455,52,intervention
45,2227350,0.02117849702892591,0.01005999743938446,0.02958688008421279,0,1.6944659948349,52,intervention
48,2180388,0.02138772190309167,0.01018474344164133,0.03092573290560031,0,3.05605411529541,52,intervention
0,2204549,0.02122578924778749,0.01009949576109647,0.02925093737535225,0,0.6977769136428833,53,intervention
3,2187117,0.02120655053315973,0.01010392140597105,0.02921005800482146,0,0.6841755509376526,53,intervention
6,2178527,0.02123379005502819,0.01008113101124763,0.02980455181386046,0,1.689465045928955,53,intervention
9,2199208,0.02145317189842179,0.01026951801031828,0.02946627787452969,0,0.6153317093849182,53,intervention
12,2206554,0.02144267251916381,0.01022590510547161,0.02954122113356356,0,0.600493848323822,53,intervention
15,2145549,0.02096066021086005,0.01006779354065656,0.02882638918271522,0,0.6129453182220459,53,intervention
18,2199000,0.02180903569348171,0.01041232794523239,0.03024098681340513,0,1.2535967826843262,53,intervention
21,2216280,0.02147375050690884,0.01029415894299745,0.02981746680587556,0,1.1617106199264526,53,intervention
24,2195699,0.02130708766486762,0.01019109971821308,0.02939147166275773,0,0.566896915435791,53,intervention
27,2232880,0.02137707470432246,0.01021116785705089,0.02946843191814296,0,0.9536595940589904,53,intervention
30,2186600,0.0216570883911081,0.01035778131335973,0.02995996684883977,0,0.8129338622093201,53,intervention
33,2245320,0.02156882372187101,0.01029415894299745,0.02972959396842728,0,0.6153317093849182,53,intervention
36,2222057,0.02131687418897785,0.01014187838882207,0.02963152172783479,0,1.0412328243255615,53,intervention
39,2200172,0.02121159809434544,0.01015533600002527,0.02916205111801291,0,0.5679451823234558,53,intervention
42,2160576,0.02127181005795389,0.01013919059187173,0.02947165939623965,0,0.7106826901435852,53,intervention
45,2153094,0.02157381636326999,0.01016408950090408,0.03811791792256508,0,7.337766647338867,53,intervention
48,2176638,0.02139427596624295,0.01027282048016786,0.02939408334946972,0,0.8484119176864624,53,intervention
0,3118356,0.02142224863042135,0.01025293208658695,0.02961896858074704,0,0.9963232278823853,54,intervention
3,3177150,0.02131819521671226,0.0101761408150196,0.03011416465583399,0,1.8885972499847412,54,intervention
6,3176604,0.02164474887834819,0.01036980375647544,0.02992005005940578,0,1.2256042957305908,54,intervention
9,3121664,0.02136867996347768,0.01022197119891643,0.02946819577651772,0,0.7301731109619141,54,intervention
12,3139975,0.02171353377697934,0.01041020359843969,0.03009615109237151,0,1.2032604217529297,54,intervention
15,3138210,0.02128395559946888,0.01010818034410476,0.02947962409626882,0,1.1983546018600464,54,intervention
18,3175299,0.02148419918311741,0.01028549950569868,0.02966917474597966,0,0.8971880078315735,54,intervention
21,3182400,0.02214717972412208,0.01014709193259477,0.06913870306553928,0,15.503650665283203,54,intervention
24,3177300,0.02124951803347456,0.01015217881649732,0.02953587057010469,0,1.1054253578186035,54,intervention
27,3125788,0.02160565464345773,0.01021475158631801,0.03395950938455307,0,5.553241729736328,54,intervention
30,3161283,0.02185979781414282,0.01051750313490629,0.03018726833635202,0,0.5982873439788818,54,intervention
33,3067746,0.02150796161034065,0.01021116785705089,0.03167862168206562,0,2.813615083694458,54,intervention
36,3090240,0.02153329523385828,0.01028015464544296,0.0298205141013933,0,1.1393074989318848,54,intervention
39,3043238,0.02142976824133745,0.01018553040921688,0.03010898482998874,0,1.7276415824890137,54,intervention
42,3093981,0.02132824966731006,0.01020378991961479,0.02935948330497049,0,0.723593533039093,54,intervention
45,3163006,0.02149345957853339,0.01028378121554851,0.02959208892357089,0,0.6129453182220459,54,intervention
48,3060478,0.02140546325516599,0.01022590510547161,0.02957499462679245,0,0.6660165190696716,54,intervention
0,1894620,0.02170440880560433,0.01010818034410476,0.044943319251707,0,13.90225315093994,55,intervention
3,1868520,0.02119957692691265,0.01014187838882207,0.02916736458842672,0,0.646826446056366,55,intervention
6,1885093,0.02244608724251415,0.01079003512859344,0.03089728384794434,0,0.6546949148178101,55,intervention
9,1907160,0.02154564345748054,0.01029472146183252,0.02994105248920492,0,1.039522409439087,55,intervention
12,1901541,0.02125461216511029,0.01015166193246841,0.02941340488666559,0,0.958267092704773,55,intervention
15,1905780,0.02149638099141832,0.01033529173582792,0.02956043153540415,0,0.5242529511451721,55,intervention
18,1882215,0.02151921741954553,0.01027217134833335,0.02966807506351435,0,0.8075667023658752,55,intervention
21,1857768,0.02159946100147793,0.0103092361241579,0.02973902466915438,0,0.562828540802002,55,intervention
24,1932064,0.02123075695677501,0.01014415733516216,0.02936692838253097,0,0.7754490971565247,55,intervention
27,1870044,0.02103845591806805,0.01005322579294443,0.02903709999279021,0,0.680272102355957,55,intervention
30,1930704,0.02196525107593785,0.01049067731946706,0.03031009577027286,0,0.522346019744873,55,intervention
33,1876851,0.02174263483344449,0.01041974779218435,0.02992971953016936,0,0.7454280257225037,55,intervention
36,1929320,0.02147185440321035,0.01024646963924169,0.02958639205110784,0,0.8575061559677124,55,intervention
39,1927842,0.02128203998812604,0.01014187838882207,0.03005063725782432,0,2.0333290100097656,55,intervention
42,1952850,0.0213476086603202,0.01019003521651029,0.02946935021501061,0,0.5606502890586853,55,intervention
45,1898043,0.02129265041547587,0.01017292216420173,0.02929342992928442,0,0.7391394972801208,55,intervention
48,1919598,0.02130721830751606,0.01020811032503843,0.02936023584062588,0,0.6841755509376526,55,intervention
0,3140221,0.02127722271767957,0.01014577597379684,0.02932349229310521,0,0.6490405201911926,56,intervention
3,3169742,0.02110629205520229,0.01009745616465807,0.02903167554907321,0,0.566896915435791,56,intervention
6,3155700,0.02183016253778079,0.01043598726391792,0.03005754885965116,0,0.5744583010673523,56,intervention
9,3115233,0.02149618618085792,0.0103025296702981,0.02961288195034381,0,0.566896915435791,56,intervention
12,3120786,0.02126977697269035,0.01015836931765079,0.02923001635757024,0,1.2245219945907593,56,intervention
15,3116746,0.02129251760381147,0.01012821216136217,0.02983368955375851,0,1.7995797395706177,56,intervention
18,3180449,0.02248929114659524,0.01041232794523239,0.06867704862893559,0,14.69438934326172,56,intervention
21,3151284,0.02172536132772769,0.01037184335291385,0.03014182104127524,0,1.278133511543274,56,intervention
24,3155200,0.02123913717118067,0.01012036018073558,0.02932337022094369,0,1.1519231796264648,56,intervention
27,3223350,0.02123331844955393,0.01010592374950647,0.02937669430481626,0,1.1609315872192385,56,intervention
30,3202048,0.02138484919938806,0.01024084817618131,0.02943382518485733,0,0.6325857043266296,56,intervention
33,3148376,0.02168010581567757,0.01037704665213823,0.03000051205830365,0,0.9489914178848268,56,intervention
36,3204375,0.02227977255997003,0.01022313255816698,0.07630045011061098,0,23.36545753479004,56,intervention
39,3175767,0.02135572046990009,0.01021746080368757,0.0294236631742167,0,0.6841755509376526,56,intervention
42,3148515,0.02174171153430809,0.01043082028627395,0.02985097117900996,0,0.5744583010673523,56,intervention
45,3152068,0.0214568097995066,0.01025164779275655,0.02956799471111466,0,0.6051127910614014,56,intervention
48,3173216,0.02121422962484189,0.01013091392815113,0.02954180001432711,0,1.5836318731307983,56,intervention
0,2807298,0.02137900683919542,0.01025294139981269,0.02940300181725943,0,0.6520998477935791,57,intervention
3,2790568,0.02121009732864852,0.01009680330753326,0.02987832393392133,0,1.495693922042847,57,intervention
6,2767142,0.02220631267687535,0.01062782667577266,0.03103547263085303,0,1.1952024698257446,57,intervention
9,2757204,0.02149230826766286,0.01027532387524843,0.02965021644438101,0,0.6767114400863647,57,intervention
12,2829060,0.02133174397580588,0.0101820770651102,0.02980904352435112,0,1.4097400903701782,57,intervention
15,2842340,0.02143954429257638,0.0102389482781291,0.03034089815033482,0,2.6407289505004883,57,intervention
18,2824050,0.02160898453287708,0.0103092361241579,0.03010542349062864,0,1.4636985063552856,57,intervention
21,2814006,0.02150001003613012,0.0103092361241579,0.02977234146099155,0,1.0228627920150757,57,intervention
24,2829108,0.02145826655550231,0.01022313255816698,0.03097754592007802,0,2.805222272872925,57,intervention
27,2775475,0.0214469419790736,0.01019817870110273,0.03115740026879427,0,3.499699115753174,57,intervention
30,2825760,0.02153622247596912,0.01028386875987053,0.03067244574994253,0,2.4310061931610107,57,intervention
33,2834170,0.02181083286758631,0.01043169293552637,0.03004211818008906,0,0.6783615350723267,57,intervention
36,2837430,0.02123303712696017,0.01014187838882207,0.02928871423330454,0,0.5494624376296997,57,intervention
39,2851002,0.02146491180640098,0.01019817870110273,0.03231156552953398,0,4.667147636413574,57,intervention
42,2835735,0.02133331916283201,0.01025845110416412,0.02935456412115949,0,0.5856934785842896,57,intervention
45,2752181,0.02125540698576531,0.01013091392815113,0.02944652735567699,0,0.9606266021728516,57,intervention
48,2822111,0.02124539425861762,0.01014550123363733,0.02933043247249029,0,0.5812985897064209,57,intervention
0,2159675,0.02132930918349564,0.01021586917340755,0.02939613510462037,0,0.5065930485725403,58,intervention
3,2144544,0.02129095633114462,0.01022590510547161,0.02931102687269284,0,1.018621563911438,58,intervention
6,2171232,0.02126861995859997,0.01019817218184471,0.02920651089147031,0,0.5057465434074402,58,intervention
9,2126670,0.02195850779494413,0.01055414974689483,0.030159385884640538,0,0.646826446056366,58,intervention
12,2153466,0.02127143523271683,0.01020474452525377,0.02929423167583728,0,0.6287680268287659,58,intervention
15,2172170,0.0215987105350199,0.01038247346878051,0.02976538848719223,0,0.6993876695632935,58,intervention
18,2182963,0.02185909026001054,0.01051391381770372,0.0300191237257047,0,0.6129453182220459,58,intervention
21,2187514,0.02164337744443934,0.0104248384013772,0.02978995549644675,0,0.5744583010673523,58,intervention
24,2224586,0.02156370560202368,0.01032442972064018,0.02968874506009529,0,0.6075363755226135,58,intervention
27,2139213,0.02136103152168238,0.01023571658879518,0.02937859042467435,0,0.566896915435791,58,intervention
30,2170272,0.02129648242663936,0.01019109971821308,0.0293732780218076,0,0.5744583010673523,58,intervention
33,2183700,0.02152923108890266,0.01029190607368946,0.02964388211543701,0,0.6129453182220459,58,intervention
36,2213975,0.02144939624934823,0.01032442972064018,0.02941711611563435,0,0.566896915435791,58,intervention
39,2163506,0.02111097940926624,0.01011830847710371,0.02908137680441497,0,0.5424096584320068,58,intervention
42,2162880,0.0213742878203644,0.01020899228751659,0.02944628593498325,0,0.5477128624916077,58,intervention
45,2200070,0.02127691165138948,0.01013870444148779,0.02934729129949092,0,0.5679451823234558,58,intervention
48,2192337,0.02130184324084555,0.01017665863037109,0.0293487581076466,0,0.8795506954193115,58,intervention
0,2452355,0.02118885388485163,0.01016594562679529,0.02905021778496163,0,0.5265645980834961,59,intervention
3,2485350,0.02124750513082223,0.01011834759265184,0.02935744382669948,0,0.7047480344772339,59,intervention
6,2505664,0.02141020811419089,0.01030286028981208,0.02943944160257846,0,0.5533496737480164,59,intervention
9,2509031,0.02128827918524889,0.01019916590303182,0.02933981101544266,0,0.5960503220558167,59,intervention
12,2491662,0.02125233096617851,0.01019002869725227,0.02929416316189702,0,1.3187469244003296,59,intervention
15,2524632,0.02143474388012627,0.01017574034631252,0.03141426960966649,0,3.993100166320801,59,intervention
18,2516980,0.02173220310060833,0.01041577104479074,0.03002369216795556,0,0.5744583010673523,59,intervention
21,2494800,0.02156947190585111,0.010303795337677,0.02969491884086137,0,0.646826446056366,59,intervention
24,2474229,0.0212720057439539,0.01017220877110958,0.02922276484792936,0,0.6032311320304871,59,intervention
27,2453880,0.02124840869601847,0.01017077267169952,0.02928948395721692,0,0.5866675972938538,59,intervention
30,2495959,0.02209021714540645,0.01058663707226514,0.03035898753389258,0,0.566896915435791,59,intervention
33,2497674,0.02128631041705193,0.01018881052732467,0.02922614998320236,0,0.7977619767189026,59,intervention
36,2464851,0.02147926451477842,0.01026035379618406,0.02964380989207579,0,0.566896915435791,59,intervention
39,2502675,0.02122831273271507,0.01016088481992483,0.02964044651500102,0,1.9594734907150269,59,intervention
42,2547212,0.0212396314654947,0.01018474344164133,0.02921841161182569,0,0.5866675972938538,59,intervention
45,2499557,0.02157093427247829,0.01036149635910987,0.02964464838918864,0,0.6078379154205322,59,intervention
48,2475302,0.02121618431673916,0.01013091392815113,0.02914899872037654,0,0.566896915435791,59,intervention
0,2174025,0.02122110688257173,0.01013434585183858,0.02924636701671966,0,0.7209477424621582,6,intervention
3,2154600,0.0216626836343636,0.01037995237857103,0.02984097167547552,0,0.6325857043266296,6,intervention
6,2151394,0.02157450999730137,0.01035045180469751,0.02962357886069264,0,0.7240395545959473,6,intervention
9,2145136,0.02139654267097743,0.01022696401923894,0.02948394870317767,0,0.6612520217895508,6,intervention
12,2175768,0.02148735710105122,0.01028747949749231,0.02957566065900162,0,0.6546949148178101,6,intervention
15,2152224,0.02158020997319193,0.01039798650890588,0.0297010115298799,0,0.5983755588531494,6,intervention
18,2170827,0.0212491522023848,0.01018474344164133,0.02917870768779346,0,0.6767114400863647,6,intervention
21,2162472,0.02134308566027796,0.01017665863037109,0.02929172895276108,0,0.49621522426605225,6,intervention
24,2167066,0.02126480078908028,0.01018474344164133,0.02928205479554997,0,0.6088271737098694,6,intervention
27,2118255,0.02122545290550197,0.01013870444148779,0.02924311652931213,0,0.566896915435791,6,intervention
30,2176398,0.02128674651908746,0.01019439473748207,0.02934698873900317,0,0.8484119176864624,6,intervention
33,2158878,0.02176884064552755,0.0104772699996829,0.02993667051937706,0,0.772180438041687,6,intervention
36,2135508,0.02145679508646921,0.01028378121554851,0.02949671189562519,0,0.5219147205352783,6,intervention
39,2158878,0.02127212934198277,0.01018515881150961,0.02924723512886257,0,0.7240395545959473,6,intervention
42,2168705,0.02110904943845586,0.01011506933718919,0.02904077894206784,0,0.6088271737098694,6,intervention
45,2187514,0.02145614499090772,0.01028228923678398,0.02957815289431871,0,0.5686078071594238,6,intervention
48,2163112,0.02141771811686476,0.01022424083203077,0.02955479212275658,0,0.59593266248703,6,intervention
0,2062776,0.02136493432494994,0.01005999743938446,0.03347621152036214,0,3.4784841537475586,60,intervention
3,2099994,0.02146003481343718,0.01013784483075141,0.03514974709150609,0,4.643152236938477,60,intervention
6,2080464,0.02183310088448991,0.01041577104479074,0.03034239320608568,0,1.1873786449432373,60,intervention
9,2008436,0.02165048149439815,0.01029190607368946,0.03046017138459562,0,1.6741174459457395,60,intervention
12,2067722,0.02115076521865382,0.01009745616465807,0.02915651103810932,0,0.7748263478279114,60,intervention
15,2067819,0.02171589054454299,0.0103001594543457,0.03145563500225255,0,2.4718050956726074,60,intervention
18,2106642,0.02216266879895764,0.01056552864611148,0.03162686908447951,0,2.366438150405884,60,intervention
21,2066334,0.02168121972715525,0.01041232794523239,0.02998739919229347,0,0.8726522922515869,60,intervention
24,2106935,0.02135158191747037,0.01018474344164133,0.02954700583823123,0,0.7626336812973022,60,intervention
27,2105982,0.02124881475739864,0.01010505203157663,0.02950813138840266,0,1.378216028213501,60,intervention
30,2086160,0.02171270804780994,0.010303795337677,0.03618789516859946,0,6.624799728393555,60,intervention
33,2084967,0.02146364986704074,0.01025634631514549,0.02957654991489323,0,0.6785944104194641,60,intervention
36,2068412,0.021281814337996,0.0101838894188404,0.02927183738891109,0,0.7208535075187683,60,intervention
39,2082880,0.02134171436428989,0.01019247621297836,0.02946721096632575,0,0.960956871509552,60,intervention
42,2074908,0.02191789981945008,0.01041570212692022,0.03254378763486303,0,2.95379638671875,60,intervention
45,2103644,0.02172955196767023,0.01040200237184763,0.03021454453737222,0,1.1361593008041382,60,intervention
48,2125139,0.02130464739452424,0.01019019726663827,0.02940368509717567,0,0.7342572212219238,60,intervention
0,2224332,0.02146405618906394,0.0103092361241579,0.02956407931228388,0,0.6075363755226135,61,intervention
3,2205780,0.02129750006317408,0.01021336298435926,0.02943851000482837,0,0.7977619767189026,61,intervention
6,2222592,0.02135550840209962,0.0102389482781291,0.02943734021519745,0,0.646826446056366,61,intervention
9,2186657,0.0215273317422925,0.01027808338403701,0.02989725472377858,0,1.626926302909851,61,intervention
12,2211600,0.02134639898115397,0.01019817870110273,0.02943575413807231,0,0.6404007077217102,61,intervention
15,2227004,0.0211968647835944,0.01011668425053358,0.02915553765633933,0,0.600493848323822,61,intervention
18,2204325,0.02155050169782055,0.01029190607368946,0.02971204741045665,0,0.5859276652336121,61,intervention
21,2277940,0.02116801556823602,0.01010818034410476,0.02918559599542821,0,0.621270477771759,61,intervention
24,2193652,0.02111931818632691,0.01009745616465807,0.02909435487763053,0,0.5099915862083435,61,intervention
27,2177351,0.02141295269039569,0.01022043451666832,0.0294999208237066,0,0.621270477771759,61,intervention
30,2234880,0.02149919397728006,0.01029190607368946,0.02958646824195491,0,0.6013466715812683,61,intervention
33,2221318,0.02135156318717898,0.01023594196885824,0.02939504193680097,0,0.6841755509376526,61,intervention
36,2221560,0.02130087631928165,0.01017802208662033,0.0294299127358194,0,0.7200998663902283,61,intervention
39,2218338,0.02124398028822616,0.01013137679547071,0.02952899486312508,0,1.3553943634033203,61,intervention
42,2259390,0.02140678230178105,0.01024084817618131,0.02950036824463283,0,0.6013466715812683,61,intervention
45,2218875,0.02143677427204889,0.01024536695331335,0.02955676761616478,0,0.566896915435791,61,intervention
48,2233800,0.02130653553832481,0.01020356640219688,0.02939103468870817,0,0.7106826901435852,61,intervention
0,1865947,0.02136828094436577,0.01025635842233896,0.02936167160248998,0,0.5936068296432495,62,intervention
3,1822484,0.02128094075314348,0.01018666569143533,0.02938138329782999,0,0.7368083000183105,62,intervention
6,1890609,0.0217327589602286,0.01047122851014137,0.02978844244305709,0,0.5679451823234558,62,intervention
9,1894696,0.02166440951041851,0.01039798650890588,0.02983430793271715,0,0.5904868245124817,62,intervention
12,1884873,0.02120530945667915,0.01014187838882207,0.02919841091527942,0,0.600493848323822,62,intervention
15,1842804,0.02139142336751518,0.01019817870110273,0.02939147844801601,0,0.6490405201911926,62,intervention
18,1846481,0.02152209597102176,0.0103092361241579,0.0296950652948652,0,0.5440089106559753,62,intervention
21,1904300,0.02228767774388975,0.01071409694850444,0.03066123315872487,0,0.6240584254264832,62,intervention
24,1886430,0.021173685959348,0.01009680330753326,0.02924394397191014,0,0.568489134311676,62,intervention
27,1872750,0.02143099272617631,0.01025426480919122,0.02946195976704049,0,0.5324735641479492,62,intervention
30,1806192,0.02134313999206053,0.01018039416521787,0.02938376656239921,0,0.6829131245613098,62,intervention
33,1800640,0.02148908498341137,0.01029417105019092,0.02949819184291825,0,0.6038340330123901,62,intervention
36,1878258,0.0212701517685233,0.01014976296573877,0.02935190228135065,0,0.7454280257225037,62,intervention
39,1887651,0.02115972873838817,0.01013846974819898,0.02915080408396685,0,0.5265645980834961,62,intervention
42,1908410,0.02162467885970342,0.01035778131335973,0.0297178653103496,0,0.5816529989242554,62,intervention
45,1870014,0.02161283975242792,0.01039312314242124,0.02979576638994942,0,0.6610233187675476,62,intervention
48,1811520,0.02121615179100421,0.01009949576109647,0.02931832581868729,0,0.566896915435791,62,intervention
0,2367560,0.02113070989282648,0.01009745616465807,0.02914366790665399,0,0.5744583010673523,63,intervention
3,2427362,0.02127676286633593,0.01019003521651029,0.02931915684031779,0,0.6113660335540771,63,intervention
6,2369248,0.0212205438776308,0.01010505203157663,0.02915021884527032,0,0.5744583010673523,63,intervention
9,2383152,0.0215778650723544,0.01041570212692022,0.02973138374028394,0,0.7618948817253113,63,intervention
12,2392920,0.02132718625472235,0.01019616983830928,0.02971669505080648,0,1.557576060295105,63,intervention
15,2376468,0.02145088334131519,0.01022590510547161,0.03120798219308801,0,2.298906087875366,63,intervention
18,2398825,0.02159130981212101,0.01022313255816698,0.03512354465020222,0,5.330940246582031,63,intervention
21,2346988,0.02123671021145018,0.01018474344164133,0.02929063052540796,0,0.7047480344772339,63,intervention
24,2379234,0.02125979944378069,0.01016408950090408,0.0301304365990092,0,1.93026340007782,63,intervention
27,2389387,0.02141549082260661,0.01024587079882621,0.02956620752777618,0,0.621270477771759,63,intervention
30,2382182,0.02152533473267223,0.01022556331008672,0.03065756473830385,0,1.870497465133667,63,intervention
33,2355441,0.02196530172585938,0.01041577104479074,0.03173521136999968,0,2.1805527210235596,63,intervention
36,2410720,0.02187731875269382,0.0103261349722743,0.04344373486514587,0,14.05664348602295,63,intervention
39,2389860,0.02134762647248076,0.01021586917340755,0.02940282662497019,0,0.7498953342437744,63,intervention
42,2383260,0.02138306180586243,0.01025164779275655,0.02949991460195521,0,0.7106826901435852,63,intervention
45,2404701,0.02119715034598431,0.01015836931765079,0.02915705570947382,0,0.7454280257225037,63,intervention
48,2410128,0.02139345363730472,0.01018666569143533,0.0304300908085721,0,2.2203829288482666,63,intervention
0,2162960,0.02117119077973827,0.01009745616465807,0.02915667244573641,0,0.6075363755226135,64,intervention
3,2194462,0.02155618519011775,0.01028440427035093,0.0296755732771011,0,0.5424096584320068,64,intervention
6,2266187,0.02150806775826734,0.01032782811671495,0.02959929897518808,0,0.6129453182220459,64,intervention
9,2238600,0.02160946645730421,0.01029649283736944,0.02979777891126153,0,0.5744583010673523,64,intervention
12,2196264,0.02121590371339487,0.01010818034410476,0.02922217004886824,0,0.6490405201911926,64,intervention
15,2158784,0.02131290978255513,0.01019003521651029,0.02926533743571345,0,0.6287680268287659,64,intervention
18,2170075,0.0217446858041732,0.01041232794523239,0.03010890771301339,0,0.9395516514778136,64,intervention
21,2185728,0.02197279528806614,0.01057121250778436,0.03022605701428511,0,0.7454280257225037,64,intervention
24,2173861,0.02137329881595472,0.01028176397085189,0.02935421308000209,0,0.6278530359268188,64,intervention
27,2172816,0.02128641436618254,0.01017665863037109,0.02930701893774353,0,0.6013466715812683,64,intervention
30,2208422,0.02181318784700907,0.0104772699996829,0.02997582252694321,0,0.9142566919326782,64,intervention
33,2181446,0.02159582094660888,0.01032442972064018,0.02986242046472076,0,0.5869632363319397,64,intervention
36,2179413,0.02112228661435327,0.01009745616465807,0.02905038506779772,0,0.6129453182220459,64,intervention
39,2203848,0.0212918281929473,0.01018039416521787,0.02928525680314002,0,0.5089103579521179,64,intervention
42,2197993,0.02168164348488854,0.0103808818385005,0.02989523731157448,0,0.566896915435791,64,intervention
45,2195826,0.02167651170349145,0.0104080094024539,0.02988127623827116,0,0.566896915435791,64,intervention
48,2167128,0.02126753047182495,0.01021586917340755,0.02922071252555306,0,0.6354645490646362,64,intervention
0,2922360,0.021277551221367,0.01018666569143533,0.02927771053940403,0,0.5341722369194031,65,intervention
3,2896804,0.0213731732069939,0.0101961325854063,0.02945306424816673,0,0.6779300570487976,65,intervention
6,2829088,0.02135031269579596,0.01019617915153503,0.02937373879691536,0,0.5784626603126526,65,intervention
9,2907009,0.02174762976833051,0.01043082028627395,0.03013663293350185,0,0.8129153251647949,65,intervention
12,2884812,0.02124135983548891,0.01010818034410476,0.02932744300334387,0,0.6656426191329956,65,intervention
15,2844252,0.02120712406340037,0.01012185029685497,0.02927392004764103,0,0.8250330090522766,65,intervention
18,2871258,0.02186003568173988,0.01049436163157224,0.03016585447655896,0,0.7301731109619141,65,intervention
21,2881234,0.02141476796609949,0.01022921875119209,0.02958577918392013,0,0.7240395545959473,65,intervention
24,2817342,0.02129549593854824,0.01014187838882207,0.02940881517117909,0,0.566896915435791,65,intervention
27,2906904,0.02125698870334125,0.01014187838882207,0.02926361431903229,0,0.7517086863517761,65,intervention
30,2918960,0.02173338575914179,0.01041974779218435,0.02996784045107576,0,0.6919954419136047,65,intervention
33,2912032,0.02164193814669102,0.01037433464080095,0.02985196718162024,0,0.710858941078186,65,intervention
36,2975504,0.0210723703408054,0.01009025704115629,0.0290768911482242,0,0.6711089015007019,65,intervention
39,2867942,0.02127042405507369,0.01020472031086683,0.02925272328013003,0,0.6073164939880371,65,intervention
42,2920677,0.02132080779359038,0.01020378991961479,0.02932112105851103,0,0.5227924585342407,65,intervention
45,2905278,0.02170532226346375,0.01041232794523239,0.02988204196622543,0,0.59593266248703,65,intervention
48,2836670,0.02124404210064251,0.01013434585183858,0.0292198904165097,0,0.7630063891410828,65,intervention
0,2651792,0.02113397043747265,0.01014187838882207,0.02899676003751824,0,0.5729954838752747,66,intervention
3,2646504,0.02123109430810756,0.01013091392815113,0.02918089761350315,0,0.5737170577049255,66,intervention
6,2709240,0.02172935913589045,0.01041577104479074,0.02988827928385293,0,0.566896915435791,66,intervention
9,2690688,0.0214222766778326,0.01028176397085189,0.02940052263061524,0,0.5225260257720947,66,intervention
12,2654875,0.021202194392955,0.01011159271001815,0.02924410060924926,0,0.7199380993843079,66,intervention
15,2728143,0.02143644509997012,0.0102739417925477,0.02955048386733047,0,0.6153317093849182,66,intervention
18,2715615,0.02171770431391145,0.01043082028627395,0.02985219784355237,0,0.6705918312072754,66,intervention
21,2680000,0.0211954391266117,0.01016408950090408,0.02913100400793816,0,0.6767114400863647,66,intervention
24,2714608,0.02143662593461058,0.01028747949749231,0.02947918963258503,0,0.6122516989707947,66,intervention
27,2687408,0.02118106371106583,0.01015603635460138,0.02912692213110553,0,0.6035445332527161,66,intervention
30,2611312,0.02143379920833382,0.01021746080368757,0.02954927582138868,0,0.6129453182220459,66,intervention
33,2659992,0.02140392897768099,0.01018320582807064,0.02950123824213233,0,0.5728082060813904,66,intervention
36,2675407,0.02120676184026158,0.01016408950090408,0.02914903285287667,0,0.566896915435791,66,intervention
39,2657048,0.02132764776787688,0.01019003521651029,0.02934965399708171,0,0.4789689779281616,66,intervention
42,2688511,0.02174392967458729,0.01045881211757659,0.02986639894004189,0,0.646826446056366,66,intervention
45,2701062,0.02127723935577331,0.01014131773263216,0.02930784318316142,0,0.5588042140007019,66,intervention
48,2639949,0.0211299532441498,0.01009745616465807,0.02904525478288665,0,0.6073164939880371,66,intervention
0,1905540,0.02120428759270482,0.01015533600002527,0.02914784973147848,0,0.5528262853622437,67,intervention
3,1908540,0.02129428052356693,0.01015836931765079,0.0292541934979875,0,0.5856934785842896,67,intervention
6,1893120,0.0217632953420491,0.01043082028627395,0.02987177844371445,0,0.5679451823234558,67,intervention
9,1938846,0.0212609989365867,0.01017405651509761,0.02926599901239219,0,0.5065930485725403,67,intervention
12,1916684,0.02137016185534499,0.01022590510547161,0.02939168326674224,0,0.6073164939880371,67,intervention
15,1934712,0.02132958281391083,0.01014976296573877,0.0294037821500708,0,0.566896915435791,67,intervention
18,1933470,0.02164472012833899,0.01034844201058149,0.02976657865967235,0,0.566896915435791,67,intervention
21,1894746,0.02214321553104947,0.01062482502311468,0.03046852410006022,0,0.6122516989707947,67,intervention
24,1970855,0.02119835221868172,0.01011298410594463,0.02913135184861237,0,0.6280452013015747,67,intervention
27,1958544,0.02121542590963826,0.0101230964064598,0.02918273330249972,0,0.5737672448158264,67,intervention
30,1934737,0.02162906341754297,0.01033048518002033,0.029751851472378,0,0.6129453182220459,67,intervention
33,1929317,0.02186649019327807,0.01047122851014137,0.02999257722653208,0,0.566896915435791,67,intervention
36,1916730,0.02115525121756103,0.01011653337627649,0.02908891793047656,0,0.5679451823234558,67,intervention
39,1927860,0.02115671542153303,0.01009680330753326,0.02910984073262134,0,0.6013466715812683,67,intervention
42,1923408,0.02134157662485351,0.01019817870110273,0.02928525153184794,0,0.6780120730400085,67,intervention
45,1929240,0.02134583916624371,0.01019616983830928,0.02931535161040028,0,0.566896915435791,67,intervention
48,1972438,0.02122249201956724,0.01012286450713872,0.02925445185197578,0,0.5367595553398132,67,intervention
0,2060318,0.02138244068714118,0.01022406760603189,0.02950800775624341,0,0.6767114400863647,68,intervention
3,2033412,0.02158390947755966,0.01028747949749231,0.02983760273603359,0,0.6841755509376526,68,intervention
6,2003400,0.02128900186779139,0.01016768999397754,0.02932311103005816,0,0.5923457741737366,68,intervention
9,1972530,0.02171883517956266,0.01025634631514549,0.03635579886181859,0,5.100185871124268,68,intervention
12,2059104,0.02129831068591748,0.01009680330753326,0.03104783436456608,0,2.3781330585479736,68,intervention
15,2018512,0.02154917481134006,0.01024166215211153,0.03038033221318929,0,1.8270111083984375,68,intervention
18,2022906,0.02176269178073151,0.01032171677798032,0.03284615857327167,0,2.96671986579895,68,intervention
21,2011636,0.02182731870797939,0.01039798650890588,0.03050246097540046,0,2.1262598037719727,68,intervention
24,2043314,0.02176296943854867,0.01029190607368946,0.03425243802121316,0,5.904978275299072,68,intervention
27,2059538,0.0213540840343774,0.01019817870110273,0.0299414398643879,0,1.3837323188781738,68,intervention
30,2039962,0.0214139057603735,0.01027282048016786,0.02951948567730319,0,0.5783015489578247,68,intervention
33,2020632,0.02128117560973544,0.01023594196885824,0.02928882140961205,0,0.5478178858757019,68,intervention
36,2038400,0.0214005710755168,0.01019003521651029,0.02979322210347577,0,1.3458620309829712,68,intervention
39,2044704,0.02161769395579572,0.01036980375647544,0.02984197914003056,0,0.7668420672416687,68,intervention
42,2042820,0.02138112990524184,0.01018666569143533,0.0302682776014962,0,1.798719882965088,68,intervention
45,2033251,0.02134303807297683,0.01024872809648513,0.0293846023400031,0,0.5321779251098633,68,intervention
48,2052813,0.0213615387152852,0.01017950288951397,0.03003649914956416,0,1.807435154914856,68,intervention
0,2358671,0.02113537386882233,0.01009745616465807,0.02909210640282846,0,0.5106838941574097,69,intervention
3,2290410,0.02112905137211458,0.01011402159929275,0.02909545108171199,0,0.5911686420440674,69,intervention
6,2294441,0.0218168675329763,0.0105180237442255,0.03005000316360795,0,0.6834600567817688,69,intervention
9,2324784,0.02115281179729577,0.01010818034410476,0.02920273334999418,0,0.5265645980834961,69,intervention
12,2302880,0.02126020388651106,0.01018881052732467,0.02926264141465807,0,0.5679451823234558,69,intervention
15,2295258,0.02133863475406103,0.01018039416521787,0.02940776321233156,0,0.6009652614593506,69,intervention
18,2293929,0.02163323996592645,0.01034844201058149,0.02975781727846743,0,0.5866675972938538,69,intervention
21,2292654,0.02152895178637054,0.01030012872070074,0.02969603707416319,0,0.6109079718589783,69,intervention
24,2272839,0.02127142082470933,0.01018039416521787,0.02939167713409969,0,0.6546949148178101,69,intervention
27,2312892,0.021476047271055652,0.01028499472886324,0.02957149848017483,0,0.5987581014633179,69,intervention
30,2254560,0.02139991387878292,0.01021558325737714,0.02950581388260339,0,0.7385059595108032,69,intervention
33,2253572,0.02153780360521903,0.01029190607368946,0.02956906160545858,0,0.566896915435791,69,intervention
36,2244996,0.02153816755167366,0.01025302521884441,0.02968446104323952,0,0.8362576961517334,69,intervention
39,2283510,0.02117884370930513,0.01009854767471551,0.0292544458900444,0,0.674080491065979,69,intervention
42,2281896,0.02143408657243179,0.01021051127463579,0.02961479537040623,0,0.8484119176864624,69,intervention
45,2257640,0.02174352981679122,0.01041232794523239,0.02995785908918501,0,0.9192841053009032,69,intervention
48,2239006,0.02135351625382368,0.01020899228751659,0.02949389302344963,0,0.8647798299789429,69,intervention
0,2006593,0.02119163650861116,0.01011159271001815,0.02912325146086705,0,0.5065930485725403,7,intervention
3,1943980,0.02187607835640625,0.01016877964138984,0.05308908242709549,0,12.903606414794922,7,intervention
6,1966304,0.02126771284962057,0.01015910878777504,0.02919103955569394,0,0.6013466715812683,7,intervention
9,1939005,0.02126506414771317,0.01020103227347135,0.02929421085222497,0,0.566896915435791,7,intervention
12,1967056,0.02149863167077746,0.01032442972064018,0.029582959547166,0,0.625591516494751,7,intervention
15,2011330,0.02128567320238229,0.01018708478659391,0.02926192227460243,0,0.561063289642334,7,intervention
18,1984884,0.0213449563637318,0.01021051127463579,0.02945283982411631,0,0.566896915435791,7,intervention
21,1962796,0.02165103497863653,0.01036149635910987,0.02975133509421404,0,0.5744583010673523,7,intervention
24,1958000,0.02143795192385257,0.0102657014504075,0.02948104332850142,0,0.5265645980834961,7,intervention
27,2028208,0.02121655295345139,0.01014187838882207,0.02918236278090984,0,0.5915927290916443,7,intervention
30,1966728,0.0215656752877982,0.01033053826540708,0.02962969237701597,0,0.566896915435791,7,intervention
33,1937076,0.02195950518180918,0.01049334462732076,0.03028426943489443,0,0.6841755509376526,7,intervention
36,1964875,0.02115777211788123,0.01013434585183858,0.02912550770982483,0,0.5728082060813904,7,intervention
39,2009428,0.02129185318389942,0.01018039416521787,0.02938667111722156,0,0.6073164939880371,7,intervention
42,1962796,0.0223847281500391,0.01071409694850444,0.03095572820029627,0,0.748447597026825,7,intervention
45,1891188,0.02141671210641647,0.01027532387524843,0.02939893388757644,0,0.514768123626709,7,intervention
48,1980063,0.02130503708614264,0.01018039416521787,0.02936092461196325,0,0.566896915435791,7,intervention
0,2122705,0.02130508953097983,0.01023883651942014,0.0294687601495654,0,1.242454171180725,70,intervention
3,2129588,0.02132152865480182,0.01020899228751659,0.02940359525279598,0,0.5416393280029297,70,intervention
6,2106300,0.02159564040014657,0.01030264981091022,0.02987731762061314,0,0.7705700993537903,70,intervention
9,2145936,0.02149059342542852,0.01029190607368946,0.02974873312372945,0,1.161558985710144,70,intervention
12,2095124,0.02124650980980149,0.01010415144264698,0.03001877142506486,0,2.031524658203125,70,intervention
15,2140113,0.02127980039601541,0.01019329857081174,0.02939362998589344,0,0.566896915435791,70,intervention
18,2122593,0.02164738652208733,0.0103092361241579,0.03047108832347194,0,1.6759364604949951,70,intervention
21,2129760,0.02159508450950668,0.01033352501690387,0.02979296897082964,0,0.6841755509376526,70,intervention
24,2100810,0.02167772529849934,0.01018940284848213,0.03861397337976608,0,6.389383316040039,70,intervention
27,2079750,0.02133345817762118,0.01014976296573877,0.03014945450132371,0,1.900542378425598,70,intervention
30,2144670,0.02165958891205797,0.01036011613905429,0.02984750583923158,0,0.52690589427948,70,intervention
33,2110848,0.02137241268873083,0.01023655012249946,0.02963880485162885,0,1.4692564010620115,70,intervention
36,2131375,0.02140337845714892,0.01021051127463579,0.03130551855140184,0,2.8820455074310303,70,intervention
39,2067808,0.02123695756813946,0.01011122111231088,0.02923540477931117,0,0.646826446056366,70,intervention
42,2106762,0.02138419536812136,0.01019817870110273,0.02974487733022369,0,0.995569348335266,70,intervention
45,2090907,0.02137168472379855,0.01015836931765079,0.02974045200659243,0,1.6060667037963867,70,intervention
48,2096668,0.02133769805760929,0.01018474344164133,0.02952797642464296,0,0.8138113617897034,70,intervention
0,2430999,0.02137495654616949,0.01019816659390926,0.02949838977710752,0,0.566896915435791,71,intervention
3,2419936,0.02125190871284048,0.01014187838882207,0.02925957755693564,0,0.5528262853622437,71,intervention
6,2463604,0.02158867096504795,0.01036625634878873,0.02974816215784063,0,0.6841755509376526,71,intervention
9,2458300,0.02160014022137196,0.01041232794523239,0.02971893885840315,0,0.6153317093849182,71,intervention
12,2447376,0.02149448096418541,0.01029172167181968,0.02957026078982514,0,0.646826446056366,71,intervention
15,2437540,0.02136314191188098,0.01019817870110273,0.02957321429837715,0,0.6194418668746948,71,intervention
18,2413122,0.02121857614310128,0.01014846842736005,0.02912174677824773,0,0.6841755509376526,71,intervention
21,2482704,0.02138604655399907,0.01029653660953044,0.02950959544905118,0,0.575614869594574,71,intervention
24,2464490,0.02130243305056052,0.01019109971821308,0.02934991032382727,0,0.5924255847930908,71,intervention
27,2503680,0.02126207337370157,0.01015836931765079,0.02928483572648724,0,0.6129453182220459,71,intervention
30,2463278,0.0215986805538398,0.01032064296305179,0.02971693323652249,0,0.6841755509376526,71,intervention
33,2448666,0.02183522372372771,0.0104352505877614,0.0301058936109827,0,0.646826446056366,71,intervention
36,2520882,0.02120581630734627,0.01016545295715332,0.02922277469309946,0,0.6233354210853577,71,intervention
39,2439535,0.02129405866150555,0.01015836931765079,0.02939367756872464,0,0.646826446056366,71,intervention
42,2485956,0.02143903847017336,0.01028747949749231,0.02953268528236477,0,0.5744583010673523,71,intervention
45,2497445,0.02149498229302028,0.01029190607368946,0.0296420869001217,0,0.6841755509376526,71,intervention
48,2461524,0.02123443793638337,0.01014187838882207,0.02923689778432208,0,0.566896915435791,71,intervention
0,2365188,0.0213329554166696,0.01025998406112194,0.02939414298682903,0,0.9327654242515564,72,intervention
3,2274060,0.02154556566256773,0.01025529392063617,0.03000212340409369,0,1.352660059928894,72,intervention
6,2307192,0.02141138835435596,0.01020899228751659,0.02973226802493032,0,0.9321143627166748,72,intervention
9,2307361,0.02153143046001853,0.01025845110416412,0.02995640899799634,0,1.1088343858718872,72,intervention
12,2343945,0.02123978635607799,0.01014187838882207,0.02946475216701007,0,1.0689940452575684,72,intervention
15,2371456,0.02155087969544071,0.01029190607368946,0.02977726735182675,0,0.6372702717781067,72,intervention
18,2319520,0.02148486307933142,0.01023707911372184,0.02967759001213514,0,0.9310494661331176,72,intervention
21,2325481,0.02155893334544711,0.01029190607368946,0.02973554369228,0,0.7768388390541077,72,intervention
24,2328555,0.02124219058045862,0.01018666569143533,0.02923118669792761,0,0.5089103579521179,72,intervention
27,2345480,0.02121277639636205,0.01015533600002527,0.02967150146130591,0,1.2651821374893188,72,intervention
30,2327094,0.02140230669656113,0.01011848263442516,0.03399449301823402,0,5.102040767669678,72,intervention
33,2307360,0.02130944457086018,0.01015836931765079,0.0294931081031463,0,0.839962899684906,72,intervention
36,2377508,0.02151922612028362,0.0103092361241579,0.02961070459701582,0,0.7240395545959473,72,intervention
39,2340899,0.02128874690041241,0.01014187838882207,0.02953523871321292,0,1.1194993257522583,72,intervention
42,2379300,0.0217284819584365,0.01043082028627395,0.02992640149249621,0,0.6546949148178101,72,intervention
45,2316160,0.02210965119416378,0.0103092361241579,0.04958836264975931,0,12.19363498687744,72,intervention
48,2283021,0.02124985541969691,0.01018584426492452,0.02928097860721479,0,0.6841755509376526,72,intervention
0,2990048,0.02126397806150556,0.01014187838882207,0.02931449352611941,0,0.6009652614593506,73,intervention
3,3043170,0.02126724943205721,0.01011506933718919,0.029833498392984822,0,2.0328831672668457,73,intervention
6,2979746,0.02157056360596432,0.01037773583084344,0.02970715558379573,0,0.5744583010673523,73,intervention
9,3049450,0.02122166179051037,0.01013755705207586,0.02930397745908338,0,0.6325857043266296,73,intervention
12,2953152,0.02113217931562111,0.01009680330753326,0.02905061278527376,0,0.6129453182220459,73,intervention
15,2951124,0.02135858141851546,0.01023045368492603,0.0293564324892713,0,0.5478178858757019,73,intervention
18,3037688,0.02174308282045895,0.01036895718425512,0.03018315166184513,0,1.0769128799438477,73,intervention
21,2959938,0.02158780736188855,0.01028378121554851,0.02973124005183286,0,0.5435335636138916,73,intervention
24,3011654,0.02125193994489887,0.01014187838882207,0.02924103537366833,0,0.566896915435791,73,intervention
27,2944172,0.02125432943524458,0.01011413894593715,0.02933465755184214,0,0.7057810425758362,73,intervention
30,2969990,0.02125729269034827,0.01013939455151558,0.02933637432644103,0,0.7937158346176147,73,intervention
33,3037373,0.0216913018142774,0.01041232794523239,0.02983208743399114,0,0.7317703366279602,73,intervention
36,2930503,0.02125316210231203,0.01015836931765079,0.02925036264587672,0,0.6841755509376526,73,intervention
39,2970452,0.02136471835773785,0.01018881052732467,0.02951266386644784,0,0.9757264256477356,73,intervention
42,2980592,0.02171579738296159,0.01041570212692022,0.02993785857047069,0,0.9200096726417542,73,intervention
45,3057246,0.02122493477435847,0.01018474344164133,0.02919976503645368,0,0.5679451823234558,73,intervention
48,2937715,0.02144033581531382,0.01024536695331335,0.02952527378714021,0,0.5594295859336853,73,intervention
0,2197764,0.02120115346932552,0.01012404728680849,0.02918729208159657,0,0.6546710729598999,74,intervention
3,2199168,0.02130515331071049,0.01015521585941314,0.0293638986732162,0,0.5605268478393555,74,intervention
6,2205104,0.02154929180630558,0.01032442972064018,0.02963595219628272,0,0.6983616948127747,74,intervention
9,2202220,0.02144622968332909,0.01025845110416412,0.02949852508319436,0,0.7551047205924988,74,intervention
12,2254412,0.02142251708235952,0.01020474452525377,0.03270137323209936,0,4.602527618408203,74,intervention
15,2206638,0.02136658037190401,0.01018474344164133,0.02990810487735611,0,1.5227444171905518,74,intervention
18,2212626,0.02144543026439922,0.01026304718106985,0.02953827977677919,0,0.566896915435791,74,intervention
21,2203738,0.02144124809857414,0.01028378121554851,0.02953178666286999,0,0.6129453182220459,74,intervention
24,2236500,0.02138840428455933,0.01020986773073673,0.02943696630121963,0,0.5866675972938538,74,intervention
27,2212656,0.02120466705758543,0.01012749224901199,0.02915699569712492,0,0.5265645980834961,74,intervention
30,2214108,0.02112417667390981,0.01009745616465807,0.02911908159224623,0,0.7106826901435852,74,intervention
33,2221560,0.0213971036246177,0.01020378991961479,0.02947226916234599,0,0.566896915435791,74,intervention
36,2233528,0.02127638304722756,0.01016428600996732,0.02927859702536398,0,0.6165194511413574,74,intervention
39,2165292,0.02155540444549625,0.0101820770651102,0.03415417728648453,0,3.6248161792755127,74,intervention
42,2260092,0.02143641661341301,0.01027111522853374,0.029567160788825,0,0.564775824546814,74,intervention
45,2238012,0.02113087568535682,0.01008121203631162,0.02912468439863382,0,0.5001779794692993,74,intervention
48,2272536,0.0213112533273162,0.01018565986305475,0.02932664600927133,0,0.5866675972938538,74,intervention
0,1906872,0.02133682937351461,0.01013091392815113,0.02940557005832289,0,0.6767114400863647,75,intervention
3,1968756,0.02130229440254004,0.01017777062952518,0.02931505374324234,0,0.5022333860397339,75,intervention
6,1956301,0.02180695492412462,0.01043082028627395,0.03006158788302559,0,0.566896915435791,75,intervention
9,1999072,0.02214560134231916,0.01062482502311468,0.03064740357651739,0,0.962418794631958,75,intervention
12,1996792,0.02136962550023,0.01021051127463579,0.02934029513734324,0,0.48569703102111816,75,intervention
15,1971360,0.0210252708402179,0.01007323712110519,0.02892947956122713,0,0.5382449626922607,75,intervention
18,1960344,0.02159705744820758,0.01031852327287197,0.02972584118305469,0,0.6129453182220459,75,intervention
21,1946608,0.02199198186406974,0.01056268438696861,0.0303210674340231,0,0.5530667304992676,75,intervention
24,1974170,0.02108128225744331,0.01007644645869731,0.0290265957095422,0,0.6921196579933167,75,intervention
27,1975812,0.02140753026873844,0.01026107557117939,0.02954433006329165,0,0.7815737724304199,75,intervention
30,1974170,0.02150744856808713,0.01029190607368946,0.02959171699743044,0,0.6129453182220459,75,intervention
33,1910436,0.02118801101257934,0.01009680330753326,0.02923695532574164,0,0.7106826901435852,75,intervention
36,1995344,0.02123612840626036,0.01014550123363733,0.02933488966938885,0,0.6841755509376526,75,intervention
39,1970127,0.02129657538363059,0.01015836931765079,0.02937999310980159,0,0.5265645980834961,75,intervention
42,1981308,0.02131387779602878,0.01018881052732467,0.02930545113762334,0,0.5395437479019165,75,intervention
45,1928297,0.02122095332679203,0.01010243501514196,0.02919962291022315,0,0.566896915435791,75,intervention
48,1940360,0.02112196825470543,0.01009286008775234,0.02904385596354005,0,0.6445474624633789,75,intervention
0,3973770,0.02129878264064311,0.01021142024546861,0.02928504435924967,0,0.7263093590736389,76,intervention
3,3891640,0.02146814216583247,0.01021051127463579,0.02994578764296212,0,1.72603178024292,76,intervention
6,3999984,0.02129516929428868,0.01018474344164133,0.02945422153523332,0,1.041958212852478,76,intervention
9,3957604,0.02175817132070478,0.01043082028627395,0.02989661296026465,0,0.564775824546814,76,intervention
12,3983820,0.02134571652135888,0.01018039416521787,0.02975243693837821,0,1.5634398460388184,76,intervention
15,4013992,0.02125308743536461,0.01012404728680849,0.02929543028121078,0,0.6841755509376526,76,intervention
18,3997658,0.02126182202113837,0.01014405582100153,0.02927291515477967,0,0.7282088994979858,76,intervention
21,4031103,0.02139003855230989,0.01019817870110273,0.02945068633880473,0,0.6841755509376526,76,intervention
24,3987928,0.02128919817630804,0.01013091392815113,0.02936444505132219,0,0.6611572504043579,76,intervention
27,4029946,0.02147648989913557,0.01025084871798753,0.02963236840406292,0,0.8903784155845642,76,intervention
30,4047783,0.02146071956110815,0.01025845110416412,0.02954276712416112,0,0.6841755509376526,76,intervention
33,3993996,0.02139194108216226,0.01021222490817308,0.02947115870765453,0,0.5924255847930908,76,intervention
36,4003985,0.02161635951274585,0.01009745616465807,0.04673343614993607,0,11.21003246307373,76,intervention
39,4056180,0.02123038744981918,0.01015143655240535,0.02936527594657811,0,0.7129204273223877,76,intervention
42,3987784,0.02140145287829326,0.01025223731994628,0.0295565232521383,0,0.9254726767539978,76,intervention
45,3950150,0.0216315976762003,0.01029190607368946,0.03115880831867262,0,2.6627371311187744,76,intervention
48,3976035,0.02167763738760664,0.01017077267169952,0.04312425060303019,0,9.77502155303955,76,intervention
0,2362716,0.02121368535007689,0.01016939245164394,0.02932137309318948,0,0.7570147514343262,77,intervention
3,2314092,0.02114238474779983,0.01010599080473184,0.02927992288068475,0,0.9267223477363586,77,intervention
6,2312145,0.02157921563413142,0.01041232794523239,0.02978642415324762,0,0.8222136497497559,77,intervention
9,2334672,0.0217340672770628,0.01041232794523239,0.02999233642215636,0,0.6972541213035583,77,intervention
12,2323416,0.0213556136428976,0.0101961325854063,0.02947882882771051,0,0.566896915435791,77,intervention
15,2324988,0.02125061815540017,0.01018039416521787,0.02934321819914953,0,0.6841755509376526,77,intervention
18,2332848,0.02131938193293455,0.0101961325854063,0.02937810549424657,0,0.566896915435791,77,intervention
21,2409784,0.02117401765904258,0.01016939245164394,0.02916621701246794,0,0.6112267374992371,77,intervention
24,2300914,0.02170512463764854,0.01041264925152063,0.03053680365872398,0,1.6761308908462524,77,intervention
27,2361585,0.02121019012577643,0.01015836931765079,0.02924729605823997,0,0.6546710729598999,77,intervention
30,2269080,0.02148911805781446,0.01027712039649486,0.02956990601524301,0,0.6332722306251526,77,intervention
33,2316950,0.02172401566616029,0.01041577104479074,0.030005102917771,0,0.8328524231910706,77,intervention
36,2262764,0.02105905200064279,0.01007323712110519,0.02899419925953924,0,0.566896915435791,77,intervention
39,2312600,0.02128267176153238,0.01019725762307643,0.02933003826086259,0,0.6546949148178101,77,intervention
42,2351220,0.02138920633448632,0.01022313255816698,0.02949853806838899,0,0.6130600571632385,77,intervention
45,2366112,0.02179849294217615,0.01050933729857206,0.03004417969952661,0,0.6546949148178101,77,intervention
48,2354781,0.02118735243058193,0.01013919059187173,0.02920380241971993,0,0.6325857043266296,77,intervention
0,2202247,0.0213256298507439,0.01019109971821308,0.02928607219448396,0,0.7106826901435852,78,intervention
3,2175525,0.02139944131451495,0.01024753227829933,0.02948628199296876,0,0.566896915435791,78,intervention
6,2182976,0.02136830706704341,0.01019817870110273,0.02942527517893875,0,0.5732651948928833,78,intervention
9,2260422,0.021531347504579,0.01024753227829933,0.03154724586901053,0,4.211524486541748,78,intervention
12,2224110,0.02136941762474165,0.01025104615837335,0.02942396485464277,0,0.6281329393386841,78,intervention
15,2240480,0.02136573091698961,0.01024425867944955,0.0293787961314568,0,0.514768123626709,78,intervention
18,2215576,0.02117089803605996,0.01010505203157663,0.0291985730716025,0,0.5089103579521179,78,intervention
21,2169648,0.02154157377781466,0.01029190607368946,0.02971233170683132,0,0.646826446056366,78,intervention
24,2201680,0.02123195860513452,0.01015836931765079,0.02928866986361447,0,0.6767114400863647,78,intervention
27,2231840,0.02140660448457969,0.01028641499578952,0.02949512457414971,0,0.5744583010673523,78,intervention
30,2162340,0.02200008137463905,0.01055414974689483,0.03016501743909836,0,0.646826446056366,78,intervention
33,2160300,0.02126736536819348,0.01019003521651029,0.02923750023571741,0,0.5185244083404541,78,intervention
36,2218604,0.02133653851005105,0.01017220877110958,0.02940924078215198,0,0.5511287450790405,78,intervention
39,2137155,0.02129246098657087,0.01019003521651029,0.02941755993651697,0,0.99903005361557,78,intervention
42,2199289,0.0214919853450153,0.01034123264253139,0.0295967481885108,0,0.5343884229660034,78,intervention
45,2222856,0.02144113892133692,0.01027149986475706,0.02953875209311713,0,0.6515085697174072,78,intervention
48,2222937,0.02122663146457908,0.01015836931765079,0.02922088139055129,0,0.7903282046318054,78,intervention
0,2022993,0.02156132575631922,0.01035106275230646,0.0296737903595221,0,0.6216570734977722,79,intervention
3,1997875,0.02119746018742901,0.01009745616465807,0.0293264694091585,0,0.8170737624168396,79,intervention
6,1993674,0.02167953404008087,0.01041232794523239,0.02983416119239275,0,0.7815737724304199,79,intervention
9,1980874,0.02134876839739673,0.01020438410341739,0.02950995000245066,0,1.087598443031311,79,intervention
12,1996860,0.02152444990151089,0.01031966228038072,0.02957783808642359,0,0.6546949148178101,79,intervention
15,1937934,0.02127885847394255,0.01019003521651029,0.02933019412312423,0,0.5343884229660034,79,intervention
18,2030490,0.02119441017484519,0.01014187838882207,0.02918987470946846,0,0.6841755509376526,79,intervention
21,2030490,0.02142862749041636,0.01027532387524843,0.0295746546773963,0,0.6767114400863647,79,intervention
24,1988896,0.02126951554191488,0.01015673950314521,0.02932674794750332,0,0.6379503607749939,79,intervention
27,1982942,0.02128203698271742,0.0101230964064598,0.02938850904590224,0,0.7384682893753052,79,intervention
30,2012472,0.02133140372972001,0.01018881052732467,0.02948478897100795,0,0.49214521050453186,79,intervention
33,2018603,0.02153219761779537,0.01027245819568634,0.0298050140002296,0,0.6009652614593506,79,intervention
36,1985891,0.02141768960873224,0.01019003521651029,0.02953170018058199,0,0.4789689779281616,79,intervention
39,2028689,0.02118524713645479,0.01016669906675815,0.02908880438357627,0,0.5343884229660034,79,intervention
42,2005480,0.02124053488261933,0.01012496836483478,0.02939486285269075,0,0.8071123957633972,79,intervention
45,1998830,0.0215404502390813,0.0103092361241579,0.02980259601917007,0,0.7856940627098083,79,intervention
48,1995048,0.02129546152053076,0.01014415733516216,0.02933541403621166,0,0.5459489822387695,79,intervention
0,2530381,0.02115662248091349,0.01009680330753326,0.02913563647619995,0,0.5784626603126526,8,intervention
3,2461400,0.02138746603750587,0.01024536695331335,0.02940321653997467,0,0.6841755509376526,8,intervention
6,2518040,0.02173175558031312,0.01043082028627395,0.02988772855792818,0,0.6013466715812683,8,intervention
9,2543001,0.02116919121691303,0.01013846974819898,0.02911345726247851,0,0.5477128624916077,8,intervention
12,2530192,0.02129331976100781,0.01019003521651029,0.02926559547035862,0,0.5477128624916077,8,intervention
15,2510544,0.02143849889610468,0.010235887952148909,0.02957950553505058,0,0.6841755509376526,8,intervention
18,2496300,0.021658996947108,0.01040655374526977,0.02978138268275638,0,0.6129453182220459,8,intervention
21,2479725,0.02142610356343106,0.0101961325854063,0.02947844892942522,0,0.5311801433563232,8,intervention
24,2466164,0.02117111465355134,0.01013091392815113,0.02911193831097214,0,0.4711044430732727,8,intervention
27,2534383,0.02140379967528807,0.01029117219150066,0.02943848037835297,0,0.5334551334381104,8,intervention
30,2473653,0.02164230606894366,0.01041232794523239,0.0299597849906941,0,0.9117262363433838,8,intervention
33,2547622,0.0213557930403134,0.01025635842233896,0.02936376198239703,0,0.5695227980613708,8,intervention
36,2528130,0.02122241063834015,0.0101377060636878,0.02930633964855341,0,0.7047480344772339,8,intervention
39,2586460,0.02134450486481371,0.01020199060440063,0.02940288598277948,0,0.7598896026611328,8,intervention
42,2506031,0.02137681878559992,0.01018039416521787,0.029465031535709,0,0.5829152464866638,8,intervention
45,2584575,0.02150982294507576,0.0103092361241579,0.02960809400924513,0,0.7943238615989685,8,intervention
48,2577387,0.02136788304773565,0.01027048844844102,0.02939275710609776,0,0.5813720226287842,8,intervention
0,2333046,0.0212721865986446,0.01015533600002527,0.0293157428045575,0,0.5936068296432495,80,intervention
3,2334159,0.02141551621763915,0.01023541949689388,0.02960100025179648,0,1.1638396978378296,80,intervention
6,2313152,0.02161842047855501,0.01041232794523239,0.02980270551250813,0,0.672001302242279,80,intervention
9,2313970,0.02124123182139248,0.01014483626931905,0.02924862936548168,0,0.6013466715812683,80,intervention
12,2261760,0.02135770399079011,0.01022313255816698,0.02939254158848427,0,0.566896915435791,80,intervention
15,2274702,0.02130630084126532,0.01018708478659391,0.0292999585724357,0,0.6129453182220459,80,intervention
18,2299716,0.02152328355463658,0.01029415894299745,0.02962905074745037,0,0.566896915435791,80,intervention
21,2283085,0.02166877955612442,0.01035648304969072,0.02999194687289702,0,1.1901825666427612,80,intervention
24,2211844,0.0213100397541946,0.01017491333186626,0.02931716571249125,0,0.638528048992157,80,intervention
27,2223056,0.02120750640965395,0.01013434585183858,0.02915975929791611,0,0.6129453182220459,80,intervention
30,2283040,0.02135793727820511,0.0101961325854063,0.02948869739613825,0,0.8222811222076416,80,intervention
33,2329446,0.02146929772479747,0.01029415894299745,0.02955390701460926,0,0.566896915435791,80,intervention
36,2277990,0.02121216819497816,0.01009966991841793,0.02926956152846087,0,0.8482258319854736,80,intervention
39,2272424,0.02131206489128605,0.01021051127463579,0.02936752009303961,0,0.5813720226287842,80,intervention
42,2242980,0.02126982830775024,0.01015143655240535,0.02924028899519104,0,0.7047480344772339,80,intervention
45,2266488,0.02134383241844649,0.01019003521651029,0.02937120962228457,0,0.7454280257225037,80,intervention
48,2262818,0.0212172049190527,0.0101230964064598,0.02921120475016525,0,0.5686612129211426,80,intervention
0,2912070,0.0213374985723842,0.01021051127463579,0.02941124353107307,0,0.6018474102020264,81,intervention
3,2961552,0.0212395088318086,0.01017634943127632,0.02918246418538359,0,0.5123178958892822,81,intervention
6,2922234,0.02145260849799261,0.0102657014504075,0.02954985886681987,0,0.600493848323822,81,intervention
9,2908620,0.02136428755517938,0.01022590510547161,0.02945023927119703,0,0.5759917497634888,81,intervention
12,2965220,0.02129943699775831,0.01018666569143533,0.02934161690768694,0,0.5873621106147766,81,intervention
15,2937507,0.02134679553608579,0.01024872809648513,0.02950511747708459,0,1.0221749544143677,81,intervention
18,2925304,0.02142088747294665,0.01024690549820661,0.02946916564646223,0,0.5477128624916077,81,intervention
21,2977110,0.02147546631292803,0.0103092361241579,0.029490815755891,0,0.6857874393463135,81,intervention
24,2877650,0.02130393122698561,0.01015603635460138,0.02983210110931972,0,1.5425971746444702,81,intervention
27,2923811,0.021261487114443742,0.01019109971821308,0.02938744640726363,0,0.8466725945472717,81,intervention
30,2942868,0.02169791923499266,0.01040921546518802,0.02988032165417854,0,0.6013466715812683,81,intervention
33,2944640,0.02145077699994229,0.0102657014504075,0.02949453033977935,0,0.564775824546814,81,intervention
36,2920656,0.02142587904810971,0.01022406760603189,0.02980585006053131,0,1.3540089130401611,81,intervention
39,2949716,0.02146823877025318,0.0101961325854063,0.0316599086447746,0,4.358185768127441,81,intervention
42,2903495,0.02153020408918229,0.01029190607368946,0.02972129275160987,0,0.706511914730072,81,intervention
45,2922048,0.02123519243514162,0.01014187838882207,0.02920098738249696,0,0.7454280257225037,81,intervention
48,2888144,0.02126261391305841,0.01017531007528305,0.02929473696938837,0,0.6841755509376526,81,intervention
0,2376210,0.02130805753150069,0.01022313255816698,0.02933141216885486,0,0.6780120730400085,82,intervention
3,2404925,0.02129814365628134,0.01021142024546861,0.02931416914781914,0,0.7454280257225037,82,intervention
6,2397642,0.02112016620604348,0.01013091392815113,0.02908200507057004,0,0.6129453182220459,82,intervention
9,2365380,0.02167405476467428,0.01041232794523239,0.029891984568503,0,0.6491889357566833,82,intervention
12,2447588,0.02116041787149964,0.01017239224165678,0.02914025760588699,0,0.7454280257225037,82,intervention
15,2393013,0.02123467150594047,0.01013434585183858,0.02925808321513071,0,0.6841755509376526,82,intervention
18,2379150,0.0215797108960639,0.01029415894299745,0.02994728273241747,0,0.9691652059555054,82,intervention
21,2385438,0.02163646186386737,0.01037773583084344,0.02989563661033333,0,0.6073858141899109,82,intervention
24,2376112,0.02120769278279446,0.01014976296573877,0.02917755337063753,0,0.5679451823234558,82,intervention
27,2452235,0.02126561856090479,0.01018881052732467,0.02938214643566522,0,0.6383491158485413,82,intervention
30,2421135,0.02165287768369742,0.01039604749530553,0.02991725255602802,0,0.6841755509376526,82,intervention
33,2446047,0.02125785002000517,0.01019003521651029,0.02927807146735888,0,0.5065930485725403,82,intervention
36,2382086,0.02114488660180247,0.01009745616465807,0.02911708611469104,0,0.6679729223251343,82,intervention
39,2450410,0.0212436059107579,0.01021051127463579,0.02928327127742399,0,0.621270477771759,82,intervention
42,2414772,0.02123602435963752,0.01015836931765079,0.02930200063990926,0,0.5265645980834961,82,intervention
45,2424149,0.02135739356406055,0.01023714244365692,0.02935339453886103,0,0.6633915305137634,82,intervention
48,2394600,0.02128861855546263,0.01018039416521787,0.02928351100158049,0,0.600493848323822,82,intervention
0,2179780,0.02116262117501362,0.01010818034410476,0.02912656724642313,0,0.6129453182220459,83,intervention
3,2234976,0.02135507826527758,0.0102657014504075,0.02941514293839888,0,0.566896915435791,83,intervention
6,2221560,0.02133946351888511,0.01021051127463579,0.02934801682755076,0,0.6841755509376526,83,intervention
9,2218580,0.0213202766949317,0.01017153263092041,0.02942343209728692,0,0.5679451823234558,83,intervention
12,2172676,0.02128896087899597,0.0101961325854063,0.02932449774975014,0,0.6325857043266296,83,intervention
15,2185932,0.02104378063979023,0.01005160063505172,0.02896214077556325,0,0.5679451823234558,83,intervention
18,2166759,0.02136236933196567,0.01020774897187948,0.02945109175161244,0,0.5744583010673523,83,intervention
21,2202252,0.02129645187141061,0.01024230942130088,0.02930766254720206,0,0.5482248663902283,83,intervention
24,2178252,0.02123825058095304,0.01009745616465807,0.02933250440678733,0,0.49621522426605225,83,intervention
27,2209526,0.02127570326884974,0.01016877964138984,0.02930957283768878,0,1.0785797834396362,83,intervention
30,2199285,0.02137998129362023,0.01024084817618131,0.02941089537765089,0,0.5477128624916077,83,intervention
33,2181240,0.02119767228881509,0.01018474344164133,0.02916569555754468,0,0.5482248663902283,83,intervention
36,2194732,0.02119576414952767,0.01014187838882207,0.02914246828761089,0,0.5424096584320068,83,intervention
39,2197800,0.02127940804326015,0.01017777062952518,0.02924385282913008,0,0.539517343044281,83,intervention
42,2149075,0.02136112462583789,0.01025842409580946,0.02936420367320094,0,0.5250997543334961,83,intervention
45,2215590,0.02133007740162212,0.01018039416521787,0.02935621643566242,0,0.4789689779281616,83,intervention
48,2166663,0.02101588347793035,0.01005160063505172,0.02889970429236454,0,0.566896915435791,83,intervention
0,3763980,0.02130946974832761,0.01018943451344966,0.02928359047233413,0,0.6346561908721924,84,intervention
3,3774673,0.02142717160306187,0.01027693971991539,0.02959921675189339,0,0.6453569531440735,84,intervention
6,3786970,0.02129071161526774,0.01014415733516216,0.02928235084084849,0,0.616151750087738,84,intervention
9,3739680,0.02149362476998577,0.01025699637830257,0.02962163071905092,0,0.671474039554596,84,intervention
12,3817092,0.02174161319994801,0.01029190607368946,0.03400707977759242,0,5.308103084564209,84,intervention
15,3806630,0.02128651571768938,0.01017665863037109,0.02934722143845945,0,0.6718325614929199,84,intervention
18,3779358,0.02171156521492556,0.01041232794523239,0.02990355278369244,0,0.646826446056366,84,intervention
21,3737366,0.02131215973472371,0.01013434585183858,0.02940657502146238,0,0.6490405201911926,84,intervention
24,3754548,0.02141388470806298,0.01014415733516216,0.03371737453593879,0,5.210671424865723,84,intervention
27,3745608,0.02142090014227088,0.01027808338403701,0.02942200158944922,0,0.566896915435791,84,intervention
30,3747255,0.02145247632426513,0.01026951801031828,0.02952794784506267,0,0.566896915435791,84,intervention
33,3695250,0.02181417928904879,0.01042789407074451,0.03019504960934448,0,1.0019409656524658,84,intervention
36,3774642,0.02116772111813259,0.01009680330753326,0.02930659055122211,0,1.2095032930374146,84,intervention
39,3748550,0.02134309473360725,0.01019003521651029,0.02936466753238602,0,0.5938355326652527,84,intervention
42,3745654,0.02148466926633181,0.01027532387524843,0.0297158595277713,0,1.2410334348678589,84,intervention
45,3749652,0.02139476713143892,0.01020899228751659,0.02946611692385947,0,0.641059398651123,84,intervention
48,3772550,0.02137258243836148,0.01020320504903793,0.02954527180671533,0,0.9511607885360718,84,intervention
0,2805600,0.02137273816677852,0.01022556331008672,0.02950219440288814,0,0.8883857727050781,85,intervention
3,2798893,0.02129111469453758,0.01017491333186626,0.02926088693208013,0,0.6841755509376526,85,intervention
6,2852621,0.02176002234846095,0.01040921546518802,0.03004218923816833,0,0.6373187303543091,85,intervention
9,2785392,0.02147287087803279,0.0102332467213273,0.02963989349124753,0,1.0151612758636477,85,intervention
12,2756954,0.02129265430233845,0.01017417944967746,0.02927125698967241,0,0.6112286448478699,85,intervention
15,2777220,0.02141548234297546,0.01019817870110273,0.02953400798362887,0,0.6841755509376526,85,intervention
18,2820700,0.02166948286794699,0.01034712325781583,0.02995431976338918,0,1.1241213083267212,85,intervention
21,2819032,0.02107779241290096,0.01007654145359993,0.02902134620268603,0,0.5983755588531494,85,intervention
24,2818600,0.02140613168097476,0.01022449880838394,0.02944255713467736,0,0.6129453182220459,85,intervention
27,2810442,0.02119057398923651,0.01012404728680849,0.02926766270152864,0,1.1833350658416748,85,intervention
30,2830734,0.02161637643001337,0.01029962673783302,0.02980197585508595,0,0.8611662983894348,85,intervention
33,2803938,0.02184181667398891,0.01043082028627395,0.03025046700942929,0,1.5465539693832395,85,intervention
36,2848944,0.02124042318406234,0.01007654145359993,0.03081304344078599,0,2.7195630073547363,85,intervention
39,2848815,0.02144720375409623,0.0102657014504075,0.02954189451190913,0,0.566896915435791,85,intervention
42,2762123,0.02124491925090664,0.01014187838882207,0.02922985575007269,0,0.566896915435791,85,intervention
45,2834100,0.02137038165880106,0.01019003521651029,0.02947993652090583,0,0.7626336812973022,85,intervention
48,2787074,0.02119660961696059,0.0101375700905919,0.02916731534135,0,0.623552680015564,85,intervention
0,2491320,0.02138545558771784,0.01021318882703781,0.0296092139850999,0,1.0678552389144895,86,intervention
3,2492917,0.02110622563671186,0.01009680330753326,0.02902756052778903,0,0.5106523036956787,86,intervention
6,2501130,0.02122554704798202,0.01015603635460138,0.02929003748207257,0,0.6857874393463135,86,intervention
9,2478778,0.02137623637299584,0.01021586917340755,0.02940822528493093,0,0.7551798224449158,86,intervention
12,2464416,0.02112572356800144,0.01010505203157663,0.02913917144155704,0,1.0222193002700806,86,intervention
15,2430480,0.02142348384163682,0.01013091392815113,0.03339191267253267,0,5.812685012817383,86,intervention
18,2417925,0.02205612127342077,0.01023541949689388,0.05190591688964836,0,9.994140625,86,intervention
21,2397832,0.02166755481108466,0.01034922525286674,0.02997843970177416,0,0.9159799218177797,86,intervention
24,2416470,0.02126051430557762,0.01009966991841793,0.0293251165394542,0,0.6841755509376526,86,intervention
27,2397850,0.02131831755802374,0.01014577597379684,0.02932231431905801,0,0.5103011727333069,86,intervention
30,2463148,0.02123128447745056,0.01011834759265184,0.02927483237997649,0,0.8608815670013428,86,intervention
33,2433599,0.02156116215979284,0.01030782330781221,0.02984246957506441,0,1.0607954263687134,86,intervention
36,2397796,0.0213464532438166,0.01018474344164133,0.02957023557503546,0,1.0932369232177734,86,intervention
39,2430445,0.02128486974627196,0.01015005074441433,0.02955715032059113,0,1.6886234283447266,86,intervention
42,2453832,0.02187472720648732,0.01043556630611419,0.03045747550045944,0,1.3946901559829712,86,intervention
45,2446080,0.02208409065615143,0.01021051127463579,0.05725517683043667,0,10.456339836120604,86,intervention
48,2430400,0.02130305675427055,0.01010818034410476,0.02979453154241652,0,1.5264540910720823,86,intervention
0,1787373,0.02132204698585114,0.01019817870110273,0.0292530137545249,0,0.566896915435791,87,intervention
3,1826496,0.02160062579769016,0.01032442972064018,0.029743077768493,0,0.6613544821739197,87,intervention
6,1809864,0.02135837658800949,0.01022247597575187,0.02938555246095144,0,0.566896915435791,87,intervention
9,1816263,0.02118780294192338,0.01015533600002527,0.02912852930045537,0,0.5265645980834961,87,intervention
12,1829046,0.02135607623561206,0.01024587079882621,0.02939053773012357,0,0.7135950326919556,87,intervention
15,1827804,0.02129130308085893,0.01014187838882207,0.02934508365012779,0,0.5482248663902283,87,intervention
18,1822590,0.02157005236754932,0.01034712325781583,0.02978050844036377,0,0.6129453182220459,87,intervention
21,1832916,0.02149896782917166,0.0103092361241579,0.02958134212622972,0,0.5869632363319397,87,intervention
24,1802128,0.02119485108402446,0.01010818034410476,0.02919217893449035,0,0.6546949148178101,87,intervention
27,1796884,0.02117302112028057,0.01009745616465807,0.02907580786488454,0,0.5147079229354858,87,intervention
30,1801656,0.0214401659525786,0.01021142024546861,0.02958422588005523,0,0.514768123626709,87,intervention
33,1802174,0.02134863806316496,0.01022232882678508,0.0294302974068119,0,0.5744583010673523,87,intervention
36,1804972,0.02135588128003348,0.01018881052732467,0.02942209316769365,0,0.5265645980834961,87,intervention
39,1837308,0.02135100529117881,0.01020356640219688,0.02937856960845127,0,0.566896915435791,87,intervention
42,1819797,0.02119241116762929,0.01008457969874143,0.0291835486741358,0,0.566896915435791,87,intervention
45,1799242,0.02146692769423614,0.01025021355599165,0.02953908985791793,0,0.710858941078186,87,intervention
48,1822356,0.02125087619925328,0.01016700640320777,0.02929614797564842,0,0.5271666049957275,87,intervention
0,3030856,0.02123414592564793,0.01017808075994253,0.02931812088369666,0,0.665464460849762,88,intervention
3,3046464,0.02140346514900067,0.01029478479176759,0.02946564854872736,0,0.566896915435791,88,intervention
6,3052944,0.0214953334221588,0.0103092361241579,0.0295909612761135,0,0.657128095626831,88,intervention
9,2986956,0.02191899200324923,0.010456926189363,0.03111612128087264,0,2.3282546997070312,88,intervention
12,2973224,0.02119045861681172,0.01014187838882207,0.0291434092294237,0,0.566896915435791,88,intervention
15,2983326,0.02111263136877906,0.01009680330753326,0.02905400562282159,0,0.527621328830719,88,intervention
18,2979396,0.02132837227298909,0.01015715114772319,0.02935017450455819,0,0.7674083709716797,88,intervention
21,2976700,0.02192096383173909,0.01051506493240594,0.03012172929331204,0,0.646826446056366,88,intervention
24,3030681,0.02123467322127659,0.01014187838882207,0.02925551831598547,0,0.6767114400863647,88,intervention
27,3053376,0.02163842262153955,0.01037773583084344,0.02980408519264898,0,0.6841755509376526,88,intervention
30,2933840,0.02152926074406223,0.01026028487831354,0.02970664328613567,0,0.5744114518165588,88,intervention
33,3016356,0.02125052804294111,0.01014187838882207,0.02931059493536795,0,0.5265645980834961,88,intervention
36,2918930,0.02108674009957934,0.01009680330753326,0.02903605825633038,0,0.5594295859336853,88,intervention
39,2956524,0.02128159482828771,0.01013768836855888,0.02937613958455126,0,0.752223551273346,88,intervention
42,3069104,0.02131170649931387,0.01021145284175872,0.02934982282748201,0,0.6546949148178101,88,intervention
45,3014676,0.0214673040436264,0.0103092361241579,0.02955453786537931,0,0.5813720226287842,88,intervention
48,3002448,0.02126286903564771,0.01019003521651029,0.0292906017449694,0,0.778173565864563,88,intervention
0,3699918,0.0211473532736822,0.01009745616465807,0.02914011924461312,0,0.6780120730400085,89,intervention
3,3663504,0.02124723148488444,0.01018474344164133,0.02919806275149914,0,0.566896915435791,89,intervention
6,3678717,0.02151688916346386,0.0102657014504075,0.02969580181507406,0,1.0914056301116943,89,intervention
9,3749160,0.02117852166344025,0.01009680330753326,0.02918685157642547,0,1.1014125347137451,89,intervention
12,3670110,0.021309158308011118,0.01015673950314521,0.02934906732762971,0,0.6456171870231628,89,intervention
15,3679312,0.02130143807200251,0.01015836931765079,0.02946848519915537,0,0.8690528869628906,89,intervention
18,3654144,0.02142476259692187,0.01023541949689388,0.02952538757901985,0,0.6230547428131104,89,intervention
21,3740034,0.02146200579764314,0.01027532387524843,0.02960152001666259,0,0.6612520217895508,89,intervention
24,3663828,0.02155896944105272,0.01028378121554851,0.03051614208188828,0,2.7651376724243164,89,intervention
27,3766230,0.02120582652571537,0.01013289298862218,0.02920731906248128,0,0.9225278496742249,89,intervention
30,3725498,0.02188182096468581,0.01047814171761274,0.03012955336836411,0,0.6841755509376526,89,intervention
33,3642985,0.02143399852975919,0.01025635842233896,0.02950761406248247,0,0.7543994188308716,89,intervention
36,3655494,0.02115974549320027,0.01012286450713872,0.02911843679712828,0,0.5729940533638,89,intervention
39,3634248,0.02124486824482861,0.01011118292808532,0.02926029128084161,0,0.6633915305137634,89,intervention
42,3674454,0.02135862717052974,0.01018881052732467,0.02941827099473601,0,0.8275150656700134,89,intervention
45,3629811,0.02143654437676154,0.0102657014504075,0.02955761829741045,0,0.6546710729598999,89,intervention
48,3667658,0.02139202624431078,0.01020899228751659,0.02973869790657225,0,1.3980170488357544,89,intervention
0,2564530,0.02162503854490236,0.01034765504300594,0.02972656104362945,0,0.7240395545959473,9,intervention
3,2556477,0.02140404811880769,0.0101961325854063,0.02940854049065786,0,0.6377550959587097,9,intervention
6,2544918,0.02171151353434166,0.01041391398757696,0.02986086778093869,0,0.566896915435791,9,intervention
9,2552515,0.02143986692070927,0.0102332467213273,0.02948647375878558,0,0.566896915435791,9,intervention
12,2646688,0.02115091738561197,0.01009854767471551,0.02909770371752706,0,0.566896915435791,9,intervention
15,2631450,0.02132274358070516,0.01019817870110273,0.02927428058684038,0,0.5089103579521179,9,intervention
18,2513258,0.02201426110563628,0.01055298931896686,0.03030733295405436,0,0.6073858141899109,9,intervention
21,2553870,0.02149971553098661,0.01028631348162889,0.02958001867435947,0,0.566896915435791,9,intervention
24,2548722,0.02129652653268262,0.01018039416521787,0.02933875213702609,0,0.568489134311676,9,intervention
27,2586216,0.0212072313745566,0.01014187838882207,0.02913254355373177,0,0.6841755509376526,9,intervention
30,2599506,0.02135592587292177,0.01025962736457586,0.02930639253607443,0,0.7047480344772339,9,intervention
33,2578147,0.02150898433090559,0.01027781050652265,0.02961824703016228,0,0.6013466715812683,9,intervention
36,2583984,0.02130280027951419,0.01020816527307033,0.0293129321131113,0,0.6325857043266296,9,intervention
39,2546487,0.02129214601863863,0.01016594562679529,0.02931109285200382,0,0.5813720226287842,9,intervention
42,2533888,0.02121120048786204,0.01014187838882207,0.02923580908949616,0,0.5594295859336853,9,intervention
45,2496420,0.02126397972356347,0.01009745616465807,0.02929390459822707,0,0.7454280257225037,9,intervention
48,2583816,0.02119079564863565,0.01009949576109647,0.0292535731357225,0,0.566896915435791,9,intervention
0,2070721,0.02143001471442052,0.01029415894299745,0.02946430701945172,0,0.6841755509376526,90,intervention
3,2119855,0.02133059331854855,0.01017354428768158,0.0295111843559662,0,0.8994728922843933,90,intervention
6,2146144,0.02136499401634684,0.01024690549820661,0.02937433367862238,0,0.5477128624916077,90,intervention
9,2149140,0.02130389886959105,0.01019617915153503,0.02936961087819154,0,0.6857874393463135,90,intervention
12,2124216,0.02147825065383659,0.01022313255816698,0.03028779227499018,0,1.945423245429993,90,intervention
15,2088009,0.02126411747960387,0.01017665863037109,0.02920499359277328,0,0.646826446056366,90,intervention
18,2153446,0.02134743969946254,0.01018809527158737,0.02933149436881253,0,0.646282434463501,90,intervention
21,2116769,0.02180689788058849,0.0104586174711585,0.03040714020175281,0,1.6970480680465698,90,intervention
24,2095184,0.02119188085278999,0.01009680330753326,0.0292502649649551,0,0.566896915435791,90,intervention
27,2121152,0.02138722341078381,0.01021142024546861,0.02944199132099583,0,0.666388988494873,90,intervention
30,2077892,0.02158383338312287,0.01032417081296444,0.02975401094736984,0,0.8250330090522766,90,intervention
33,2103878,0.02144452247285628,0.01025302521884441,0.02946171218326489,0,0.5759917497634888,90,intervention
36,2140248,0.0212677368407807,0.01018039416521787,0.02927314022179621,0,0.5424096584320068,90,intervention
39,2165312,0.02128036146865421,0.01014709193259477,0.02935982332118361,0,0.9212868809700012,90,intervention
42,2128677,0.02125994663050513,0.01020852196961641,0.02919361521296313,0,0.473224401473999,90,intervention
45,2141832,0.02177276922009806,0.01014187838882207,0.04243593228582762,0,6.530242443084717,90,intervention
48,2118018,0.02137971697114754,0.01027808338403701,0.02946228013298982,0,0.7061572074890137,90,intervention
0,2425804,0.02114518317029696,0.01010818034410476,0.02915119986313977,0,1.0298107862472534,91,intervention
3,2411688,0.02125758697376367,0.01017153263092041,0.02940249764761674,0,0.9603841304779052,91,intervention
6,2386664,0.02127224572238013,0.0101178977638483,0.02945966966523647,0,1.1232842206954956,91,intervention
9,2400930,0.02149402447344496,0.01025640219449997,0.02991704064695005,0,1.5375771522521973,91,intervention
12,2399280,0.02139081303127069,0.01022629626095295,0.02970932657389656,0,1.4810866117477417,91,intervention
15,2403960,0.02161054464189727,0.01021197158843278,0.0325674393406854,0,4.519583225250244,91,intervention
18,2383920,0.02154763386531939,0.01022417563945055,0.03160760614617947,0,2.590686321258545,91,intervention
21,2351550,0.02185828340299549,0.01041232794523239,0.03240202864933906,0,4.0942301750183105,91,intervention
24,2421100,0.02138480408377822,0.01019817870110273,0.02977716401121294,0,1.089257001876831,91,intervention
27,2390112,0.02154448112761177,0.01022786926478147,0.03265145559649586,0,3.81338095664978,91,intervention
30,2402484,0.02177827096617654,0.01041232794523239,0.03019579295310382,0,1.1833350658416748,91,intervention
33,2450634,0.02185386106057947,0.01033648662269115,0.03561726760897291,0,5.357786178588867,91,intervention
36,2420652,0.02130754781952359,0.01024166215211153,0.029321132192223,0,0.566896915435791,91,intervention
39,2394700,0.02119788325824416,0.01012286450713872,0.02923746738058714,0,0.5606502890586853,91,intervention
42,2402379,0.02158770423433228,0.01030148845165968,0.02977752837967504,0,0.5915927290916443,91,intervention
45,2402436,0.02172521996633123,0.01036267355084419,0.03009237977203338,0,1.060604214668274,91,intervention
48,2372760,0.0217143445672855,0.01022590510547161,0.03614076010117204,0,5.039566993713379,91,intervention
0,1404125,0.02132592740202739,0.01027059368789196,0.0293384776815053,0,0.646826446056366,92,intervention
3,1430407,0.0214434885213048,0.01038636267185211,0.02960729664219073,0,0.5477128624916077,92,intervention
6,1402950,0.02108362632137515,0.01005160063505172,0.02909843386215819,0,0.6841755509376526,92,intervention
9,1408888,0.02164817677012782,0.01043082028627395,0.02980213792439902,0,0.5421155691146851,92,intervention
12,1390758,0.02132176127830748,0.01025021355599165,0.02927865509391239,0,0.5477128624916077,92,intervention
15,1395702,0.02116954132570487,0.01014187838882207,0.02914995366983471,0,0.5270437598228455,92,intervention
18,1438150,0.02174227300465552,0.01042654644697904,0.02986304474119551,0,0.7240395545959473,92,intervention
21,1421456,0.02131460614574703,0.01022313255816698,0.02943998388768778,0,0.5423440337181091,92,intervention
24,1417080,0.0215549973016435,0.01032442972064018,0.02972486385981554,0,0.566896915435791,92,intervention
27,1378020,0.02114195863419744,0.0101230964064598,0.02922128636015905,0,0.5866675972938538,92,intervention
30,1418742,0.02211791501410174,0.01065963134169578,0.03029027651368807,0,0.7031702399253845,92,intervention
33,1404125,0.02166883762645905,0.01043842453509569,0.02978843306464482,0,0.5165367722511292,92,intervention
36,1388482,0.02151274925696526,0.0103092361241579,0.02972701514583631,0,0.4832799732685089,92,intervention
39,1412226,0.02130386413327214,0.01014709193259477,0.02942329107087156,0,0.5482248663902283,92,intervention
42,1397926,0.0211746366999373,0.01015836931765079,0.02920092323126235,0,0.566896915435791,92,intervention
45,1405068,0.02142164671763173,0.01020899228751659,0.02957844712916084,0,0.566896915435791,92,intervention
48,1429791,0.02135210022691058,0.01021301560103893,0.02937501153891463,0,0.4920819401741028,92,intervention
0,1965114,0.02135912666019011,0.01019109971821308,0.02946828263069079,0,0.6013466715812683,93,intervention
3,2018016,0.02127046967705406,0.01017634943127632,0.02951277066849719,0,1.1930434703826904,93,intervention
6,1995273,0.02143464925954931,0.01025084871798753,0.02968417354047914,0,0.8094865679740906,93,intervention
9,2020715,0.02104725307581728,0.01005901582539081,0.02894807067255113,0,0.5265645980834961,93,intervention
12,1981788,0.02125901893495346,0.01012489944696426,0.02931791334892512,0,0.7643834352493286,93,intervention
15,1978625,0.02129847437419969,0.01011653337627649,0.02935164316461803,0,0.5983755588531494,93,intervention
18,2009096,0.02220049582772662,0.01067436020821333,0.03054342130517086,0,0.6768876910209656,93,intervention
21,1994604,0.0217068800535184,0.01042699068784713,0.02983505900836463,0,0.566896915435791,93,intervention
24,1977936,0.02120286975481439,0.01009745616465807,0.0292115346946809,0,0.6129453182220459,93,intervention
27,2018800,0.02122271581559554,0.01018553040921688,0.02934931859871068,0,0.7997775077819824,93,intervention
30,1965200,0.02151091453167376,0.01027282048016786,0.02979692457908735,0,0.8156283497810364,93,intervention
33,2013498,0.02134293668707665,0.01020774897187948,0.03001178506485565,0,1.7210729122161863,93,intervention
36,1946016,0.02147558525401937,0.0102351913228631,0.03131420904649346,0,3.2908098697662354,93,intervention
39,1958444,0.02121985130378274,0.01009680330753326,0.03008399406481559,0,1.7170758247375488,93,intervention
42,1983681,0.02135205874356763,0.01019388809800148,0.02942942666558993,0,0.566896915435791,93,intervention
45,2004380,0.02172449388878608,0.01029190607368946,0.03235022451089004,0,3.38953161239624,93,intervention
48,1972200,0.02144593740848436,0.0102478303015232,0.02969551588225458,0,0.973520278930664,93,intervention
0,2894920,0.02118073153034566,0.01010505203157663,0.02910098977850916,0,0.566896915435791,94,intervention
3,2932314,0.0213069258313268,0.01015533600002527,0.02935690889728316,0,0.6841755509376526,94,intervention
6,2945380,0.0217856613168513,0.01041232794523239,0.03006952481790742,0,0.8872823715209961,94,intervention
9,2872961,0.02157545525548862,0.01029190607368946,0.02975678803218561,0,0.997090756893158,94,intervention
12,2970151,0.02120583310676397,0.01014187838882207,0.02923156706736265,0,0.6301500797271729,94,intervention
15,2941081,0.02126687675487795,0.0101230964064598,0.02932583340716611,0,0.5924170613288879,94,intervention
18,2972778,0.02171536433547873,0.01041577104479074,0.02986066285836604,0,0.6230547428131104,94,intervention
21,2955490,0.02184054121430538,0.01047122851014137,0.03011450213637553,0,0.7240395545959473,94,intervention
24,2962750,0.02139413769607569,0.01021475158631801,0.02944714997069212,0,0.746805727481842,94,intervention
27,2964936,0.02143691034741862,0.01021142024546861,0.02967567803459911,0,0.8899045586585999,94,intervention
30,2939200,0.02184606147898505,0.01047122851014137,0.03000125907688526,0,0.6841755509376526,94,intervention
33,2977851,0.02171316828364228,0.01037773583084344,0.03121185672675642,0,2.7117202281951904,94,intervention
36,2981853,0.02138978710695607,0.01020356640219688,0.02976947589926511,0,1.5098036527633667,94,intervention
39,2950003,0.02141643635080924,0.01025635842233896,0.02947082392821958,0,0.5813720226287842,94,intervention
42,2978955,0.02139430369460217,0.01024753227829933,0.02950993740230917,0,0.9299399256706238,94,intervention
45,2985200,0.0212860830489855,0.01021051127463579,0.02928932442979459,0,0.6841755509376526,94,intervention
48,2928362,0.02130764666096789,0.01018039416521787,0.02934156601284619,0,0.6129453182220459,94,intervention
0,3095828,0.02132474706265577,0.01018492504954338,0.02976795935703094,0,1.5219155550003052,95,intervention
3,3090539,0.02122442275795661,0.01014105789363384,0.02925489839319722,0,0.6763415932655334,95,intervention
6,3139903,0.0215705493279884,0.01031966228038072,0.02995213436673599,0,1.0403178930282593,95,intervention
9,3074762,0.02173469977066748,0.01035480108112096,0.03128628316510059,0,3.0463674068450928,95,intervention
12,3062139,0.02131402067227536,0.01012821216136217,0.02966901982688284,0,1.3911848068237305,95,intervention
15,3067620,0.02148635857615331,0.01031966228038072,0.02961199726476368,0,0.6546949148178101,95,intervention
18,2992819,0.0220707123262812,0.01056268438696861,0.0307022009146286,0,1.298160433769226,95,intervention
21,3011960,0.02189259943725722,0.01029190607368946,0.03561070293740692,0,8.900118827819824,95,intervention
24,3020244,0.0213401265981472,0.01013755705207586,0.03250491966889429,0,3.9769341945648193,95,intervention
27,2999148,0.02391226594302431,0.01014187838882207,0.195108046577074,0,48.6329345703125,95,intervention
30,3037880,0.02124901106145984,0.01015836931765079,0.02932520981115876,0,0.8036831617355347,95,intervention
33,3069335,0.02156937268811036,0.01035480108112096,0.02987937838227383,0,1.1461386680603027,95,intervention
36,3060288,0.0213355096616626,0.01018039416521787,0.02967588417812509,0,1.2189857959747314,95,intervention
39,3058857,0.02246849584201412,0.01016042195260524,0.10143810024467324,0,35.02651596069336,95,intervention
42,3097500,0.02133616583107625,0.01018913742154836,0.02937666730074346,0,0.6841755509376526,95,intervention
45,3034548,0.02150307878707055,0.01028602384030819,0.0296603822022798,0,0.6255483627319336,95,intervention
48,3018864,0.02124849932175103,0.01011413894593715,0.02929442605728332,0,0.6418787240982056,95,intervention
0,3303304,0.02141519478501239,0.01025699637830257,0.02948269908796578,0,0.8367741107940674,96,intervention
3,3347058,0.02144295410941751,0.01029190607368946,0.02944954543233826,0,0.5482248663902283,96,intervention
6,3339666,0.02159300114768431,0.01036267355084419,0.02970308514531953,0,0.566896915435791,96,intervention
9,3301425,0.02154636369701349,0.0103261349722743,0.02965762925323234,0,0.6841755509376526,96,intervention
12,3326967,0.02131013333700232,0.01016744971275329,0.02939767469923747,0,0.5688398480415344,96,intervention
15,3306870,0.0213561560572751,0.01018666569143533,0.02945934142231242,0,0.6129453182220459,96,intervention
18,3297756,0.0214519575145293,0.01028015464544296,0.02950445265912764,0,0.7275655269622803,96,intervention
21,3315977,0.02135428391071579,0.01025722734630107,0.02934368863586348,0,0.711085855960846,96,intervention
24,3337145,0.02122595447669376,0.01014972385019064,0.02923924506185987,0,0.7777964472770691,96,intervention
27,3317860,0.0211749116416293,0.01010818034410476,0.02915389421315835,0,0.566896915435791,96,intervention
30,3354302,0.02161884326245129,0.0103535745292902,0.02996691359053044,0,0.6254006624221802,96,intervention
33,3243601,0.02144957002622742,0.01022313255816698,0.02954531368567796,0,0.7947307825088501,96,intervention
36,3337880,0.02122223001508274,0.01013091392815113,0.02918482348287632,0,0.5744583010673523,96,intervention
39,3343106,0.02120738137695424,0.01014846842736005,0.02923669096030425,0,0.6003366708755493,96,intervention
42,3288770,0.0212331458951234,0.01014577597379684,0.0292953026690018,0,0.5679451823234558,96,intervention
45,3299582,0.02132980459547249,0.01017220877110958,0.02936780731626423,0,0.7047480344772339,96,intervention
48,3294200,0.02136674405347037,0.01022696401923894,0.02947267782306689,0,0.680699348449707,96,intervention
0,3318163,0.02127030081143254,0.01017220877110958,0.02929223640433353,0,0.5744583010673523,97,intervention
3,3302250,0.02139241515571319,0.01027727965265512,0.02946236588094224,0,0.566896915435791,97,intervention
6,3316602,0.02188465492723714,0.01052020862698555,0.03011750434529298,0,0.6013466715812683,97,intervention
9,3276918,0.02113462381293975,0.01009949576109647,0.02908572702432214,0,0.566896915435791,97,intervention
12,3293441,0.0214199313447793,0.01022313255816698,0.02948163736026575,0,0.6841755509376526,97,intervention
15,3273828,0.02126554879103173,0.01013091392815113,0.02928764172269139,0,0.566896915435791,97,intervention
18,3269680,0.02147564486093249,0.01026371121406555,0.02959756598721697,0,0.6032311320304871,97,intervention
21,3292104,0.02120336466686716,0.01014187838882207,0.02916655353230567,0,0.511029064655304,97,intervention
24,3267840,0.02132729212443332,0.01022313255816698,0.02935576120792266,0,0.5744583010673523,97,intervention
27,3223268,0.02120250401407904,0.01014187838882207,0.0291609517355435,0,0.7454280257225037,97,intervention
30,3217211,0.02136326212559025,0.01022313255816698,0.02933278348376424,0,0.672001302242279,97,intervention
33,3277754,0.02115711047120298,0.01013748254626989,0.02905887063955309,0,0.7047480344772339,97,intervention
36,3228120,0.02134466131863276,0.01018515881150961,0.02935730652700175,0,0.7454280257225037,97,intervention
39,3297866,0.02117600633007026,0.01010505203157663,0.02916980463604334,0,0.606796145439148,97,intervention
42,3255290,0.02115699745328302,0.01009680330753326,0.02908630272982172,0,0.5679451823234558,97,intervention
45,3309248,0.02129612542464902,0.01018039416521787,0.02929507740214417,0,0.566896915435791,97,intervention
48,3288362,0.02127750182655231,0.01016939245164394,0.0292428261258936,0,0.5744583010673523,97,intervention
0,2267195,0.02304429972281659,0.01023045368492603,0.1126098043117535,0,26.350486755371097,98,intervention
3,2291940,0.02146061720454747,0.0101152416318655,0.03330845996408526,0,5.561242580413818,98,intervention
6,2284700,0.02164425651073953,0.0103092361241579,0.02986002111681174,0,0.8415737152099609,98,intervention
9,2258952,0.02247966724910819,0.01071409694850444,0.03372095299949153,0,4.432103157043457,98,intervention
12,2306736,0.02130544342684024,0.01019968371838331,0.02929873147594819,0,0.6129453182220459,98,intervention
15,2254160,0.02108418834294417,0.010071387514472,0.02922384014097812,0,1.009961724281311,98,intervention
18,2310514,0.02352068424646048,0.01059435401111841,0.1029194945414868,0,26.04166603088379,98,intervention
21,2267902,0.0216288542054863,0.01033324468880891,0.02986546785411343,0,0.8104247450828552,98,intervention
24,2261880,0.02117230329405076,0.01011840254068374,0.02911810903168463,0,0.6538751125335693,98,intervention
27,2258706,0.02142865958437588,0.01023406162858009,0.0295432237209552,0,0.5983755588531494,98,intervention
30,2255700,0.02158007524207434,0.01007403992116451,0.04300055066739541,0,7.974481582641602,98,intervention
33,2264184,0.02163914733982722,0.01037773583084344,0.02981581762322477,0,0.6122516989707947,98,intervention
36,2206926,0.02132645190261591,0.01018881052732467,0.02938507655120873,0,0.566896915435791,98,intervention
39,2282221,0.02128651774054731,0.01018881052732467,0.02920671276223236,0,0.6841755509376526,98,intervention
42,2295334,0.02144987228749559,0.01014187838882207,0.03401440311155594,0,4.525941848754883,98,intervention
45,2305992,0.02115816899509301,0.01009745616465807,0.02917317251142927,0,0.540841817855835,98,intervention
48,2229420,0.0212881365016643,0.01014187838882207,0.02931097769631156,0,0.5136807560920715,98,intervention
0,2591259,0.02138632508573932,0.0102332467213273,0.02967268657110924,0,1.20184063911438,99,intervention
3,2516265,0.02135347651592848,0.01018881052732467,0.0293936040752467,0,0.6841755509376526,99,intervention
6,2519650,0.02160480103491868,0.01032509375363588,0.02977731920926734,0,0.6681610345840454,99,intervention
9,2491390,0.02140230831958533,0.01020774897187948,0.02941610406089169,0,0.646826446056366,99,intervention
12,2523060,0.02125815465080049,0.01018039416521787,0.02926390119912391,0,0.5983755588531494,99,intervention
15,2509380,0.02152400193919772,0.01021746080368757,0.03036547472017586,0,1.7455068826675415,99,intervention
18,2540052,0.02137078946528579,0.01026761624962091,0.02944976438246546,0,0.6073164939880371,99,intervention
21,2498661,0.02131948225649042,0.0101961325854063,0.02943668280600547,0,0.5638229846954346,99,intervention
24,2526090,0.02135551244854094,0.01021051127463579,0.02938325179118376,0,0.5679451823234558,99,intervention
27,2561294,0.02156200204144407,0.01036149635910987,0.02967673575976578,0,0.6075363755226135,99,intervention
30,2518313,0.02145235143288218,0.01025582943111658,0.02963429363191473,0,0.7115868926048279,99,intervention
33,2498405,0.0213560624947682,0.01022590510547161,0.02943670044076094,0,0.621270477771759,99,intervention
36,2493890,0.02101761180000842,0.01002519484609365,0.02891865274977109,0,0.5331112146377563,99,intervention
39,2540260,0.02123141613084504,0.01013091392815113,0.02926561005211341,0,0.7375865578651428,99,intervention
42,2577520,0.0213000437727582,0.01016768999397754,0.02960600526235609,0,1.3795361518859863,99,intervention
45,2499336,0.02132943498331099,0.01019109971821308,0.02943660528905928,0,0.6309739947319031,99,intervention
48,2493414,0.02146337071729118,0.01025962736457586,0.02955624701527101,0,0.566896915435791,99,intervention
