Time,n_pairs,Value,median_r2,sd_r2,min_r2,max_r2,Seed,Model
0,2732408,0.02148363484740408,0.01026951801031828,0.02966976175908944,0,0.6846567988395691,1,control
3,2697254,0.0211989757729609,0.01014187838882207,0.02923836641713598,0,0.7947179675102234,1,control
6,2711984,0.02116782982527347,0.01012404728680849,0.02911891972939906,0,0.5744583010673523,1,control
9,2667722,0.02148254048397186,0.01029190607368946,0.02959240374333802,0,0.6153317093849182,1,control
12,2715760,0.02129383426931971,0.01016669906675815,0.03018923325807728,0,2.1419646739959717,1,control
15,2702672,0.02127663794422154,0.01017153263092041,0.02933074969687888,0,0.566896915435791,1,control
18,2685792,0.02419529023867561,0.01016408950090408,0.20577818604181153,0,80.0938491821289,1,control
21,2724148,0.02123017921898955,0.01014709193259477,0.02929765977088829,0,0.8846809267997742,1,control
24,2710656,0.02117081298430108,0.01014187838882207,0.02914641868907827,0,0.5343884229660034,1,control
27,2721411,0.02118603280959696,0.01013434585183858,0.02922229158674607,0,0.6994975805282593,1,control
30,2640624,0.02141931922263208,0.01025845110416412,0.02953092676809107,0,0.6613544821739197,1,control
33,2712509,0.0212526511273148,0.01014187838882207,0.02936459214220954,0,0.7346307635307312,1,control
36,2671548,0.02128103249965035,0.01015836931765079,0.02937967503757072,0,0.8879815340042114,1,control
39,2722059,0.02147641801523398,0.01021234504878521,0.0316955679604181,0,3.150838613510132,1,control
42,2742140,0.02119652780818544,0.01015673950314521,0.02920588994914568,0,0.8266931176185608,1,control
45,2754816,0.02120681330668568,0.01015533600002527,0.02923368365299232,0,0.5744583010673523,1,control
48,2699424,0.02130838652001209,0.01017665863037109,0.02949224333610872,0,0.9596315026283264,1,control
0,3265839,0.0213207564576297,0.01017491333186626,0.02930798627809722,0,0.6857874393463135,10,control
3,3414080,0.02138184832983097,0.01027532387524843,0.02937727444185973,0,0.568489134311676,10,control
6,3327025,0.02154034622961901,0.01029649283736944,0.02967233497234211,0,0.566896915435791,10,control
9,3301666,0.02156284137409232,0.01034491881728172,0.02967079997709243,0,0.6257174015045166,10,control
12,3354396,0.02122421734340134,0.01016118377447128,0.02921172509501554,0,0.6679729223251343,10,control
15,3325295,0.02119173652566852,0.0101154139265418,0.02920244443406087,0,0.5679451823234558,10,control
18,3261882,0.02127965329754531,0.01014908589422702,0.02928662545436444,0,0.5561864972114563,10,control
21,3280050,0.02123374527866379,0.01010505203157663,0.02926243496889729,0,0.7047480344772339,10,control
24,3305610,0.02118011341149824,0.01006897632032632,0.02929668469332281,0,0.6316068768501282,10,control
27,3278697,0.02119359858504996,0.01015836931765079,0.02914103046481978,0,0.731402575969696,10,control
30,3362715,0.02143176878111286,0.01028747949749231,0.02955124702884505,0,0.6416388154029846,10,control
33,3363668,0.02151385620233435,0.01031966228038072,0.02959896614256817,0,0.6841755509376526,10,control
36,3351312,0.02120963570681068,0.01017491333186626,0.02924232531729188,0,0.6456171870231628,10,control
39,3315106,0.02112366815886225,0.01010505203157663,0.0291042604683841,0,0.5866675972938538,10,control
42,3309390,0.0215033714266181,0.01030702888965606,0.0295728908009548,0,0.566896915435791,10,control
45,3298989,0.02127882186278537,0.01016013976186513,0.02933865535294229,0,0.5265645980834961,10,control
48,3366090,0.02124145357486344,0.01018474344164133,0.02918458199886208,0,0.6841755509376526,10,control
0,725040,0.0217003930454136,0.0103261349722743,0.03130236749011989,0,1.9959083795547483,100,control
3,763000,0.02388541206108086,0.01010818034410476,0.12990881195463058,0,16.56195640563965,100,control
6,753135,0.02143110430217346,0.01021051127463579,0.02972370078774868,0,0.7712174654006958,100,control
9,742110,0.02152378639806495,0.0102657014504075,0.03008800641531464,0,0.9087122678756714,100,control
12,751400,0.02142716708804418,0.01004673819988966,0.03694712925499101,0,3.8192005157470703,100,control
15,734349,0.02125455388609588,0.01011122111231088,0.02978575630051861,0,1.213298201560974,100,control
18,764618,0.02198644831129893,0.01015739887952804,0.04747858680697844,0,5.799049377441406,100,control
21,756024,0.02122737270437954,0.01019817870110273,0.02931035117197502,0,0.5744583010673523,100,control
24,721440,0.02109048428349159,0.01006022002547979,0.02907513141864688,0,0.5089103579521179,100,control
27,736950,0.02149791540994042,0.01021051127463579,0.0295825236407876,0,0.5176907181739807,100,control
30,746432,0.021615340585383,0.01031966228038072,0.0299055956165288,0,1.0541189908981323,100,control
33,758385,0.02140122256275276,0.01013456750661134,0.03144895966664309,0,2.323509931564331,100,control
36,755040,0.02140449796820219,0.01022313255816698,0.02950960070800663,0,0.635689377784729,100,control
39,723218,0.02193128676480364,0.01043082028627395,0.03045423698830865,0,0.8713963627815247,100,control
42,787446,0.02116700022379839,0.01018039416521787,0.02917243551096679,0,0.49621522426605225,100,control
45,745612,0.02164008198899979,0.01032442972064018,0.02978655995661077,0,0.5679451823234558,100,control
48,748144,0.02148799906662339,0.01020399667322635,0.02974046911363745,0,0.8628911375999451,100,control
0,355072,0.02125615670863572,0.01016828883439302,0.02929765321762305,0,0.44798406958580017,101,control
3,348000,0.02122142519622073,0.01006648875772953,0.02927238647737681,0,0.5312702059745789,101,control
6,357588,0.02105652972172333,0.01005322579294443,0.02919220803168197,0,0.514768123626709,101,control
9,363972,0.02175822653779877,0.01054311729967594,0.02994997668712991,0,0.4848719835281372,101,control
12,354590,0.02133650101606372,0.01025173999369144,0.02947125221651445,0,0.6841755509376526,101,control
15,362400,0.02116979674940806,0.01009680330753326,0.02920476745311634,0,0.4748336672782898,101,control
18,358765,0.02165243594487861,0.0104039292782545,0.0298599815617558,0,0.4643088579177856,101,control
21,353976,0.02151751963252852,0.01028691511601209,0.02978254888289624,0,0.4768790006637573,101,control
24,359380,0.02114524073423278,0.01009745616465807,0.02920963553112883,0,0.5894935131072998,101,control
27,356373,0.0214847025464926,0.01026951801031828,0.0293864895701947,0,0.4481491446495056,101,control
30,358200,0.02184474025455298,0.01049031224101781,0.03008090422431158,0,0.5120977163314819,101,control
33,363000,0.02162072781823716,0.01032201014459133,0.02988686773013716,0,0.566896915435791,101,control
36,359999,0.02179686549395385,0.01049067731946706,0.02988687195447363,0,0.47941654920578,101,control
39,367800,0.0210344272472851,0.01008698809891939,0.02890420940390803,0,0.4643088579177856,101,control
42,356120,0.02165880037361451,0.01043082028627395,0.02987682935580812,0,0.5434810519218445,101,control
45,362355,0.02160629921472143,0.0103092361241579,0.02976990254766157,0,0.5034059286117554,101,control
48,364735,0.02156958301328592,0.01041577104479074,0.02969522693655205,0,0.4953346848487854,101,control
0,2631425,0.02130910768076423,0.01014187838882207,0.0299238308839879,0,1.7531354427337646,102,control
3,2611432,0.02129118809594465,0.0101826200261712,0.02935431769181045,0,0.9734755754470824,102,control
6,2659677,0.02151126029622226,0.01027217134833335,0.02973987319524333,0,0.5890098214149475,102,control
9,2564379,0.02155357323210727,0.0103294076398015,0.02976255771410925,0,0.8448411822319031,102,control
12,2624460,0.02265023216056767,0.0103261349722743,0.08610517986839347,0,22.810043334960938,102,control
15,2609431,0.02138592687805638,0.01021746080368757,0.0296321627976459,0,0.981148362159729,102,control
18,2622024,0.02143929713138688,0.01028015464544296,0.02953900528485581,0,0.566896915435791,102,control
21,2649423,0.02157555510223975,0.01029649283736944,0.02985068824831366,0,0.6416125297546387,102,control
24,2609692,0.02134422257666886,0.01018492504954338,0.02951204156680548,0,1.1856987476348877,102,control
27,2648376,0.02149246508435816,0.01019879058003425,0.03305098083899453,0,3.731365203857422,102,control
30,2604635,0.02152287150869036,0.01028733421117067,0.02967921139385898,0,0.5866675972938538,102,control
33,2610615,0.02136831647100099,0.01018881052732467,0.02984602551110978,0,1.394993782043457,102,control
36,2587200,0.02133878201423804,0.01016408950090408,0.02966952442126038,0,1.3488504886627195,102,control
39,2550884,0.0213244906532399,0.01017220877110958,0.02949534821334316,0,0.7348383069038391,102,control
42,2602876,0.02149514154825368,0.0102657014504075,0.02964744214868141,0,0.9188957214355468,102,control
45,2618892,0.02130823660817423,0.01016408950090408,0.02948505665758098,0,0.7367787957191467,102,control
48,2557278,0.0214236492213436,0.01018474344164133,0.02987692037148344,0,1.63432514667511,102,control
0,18489831,0.02132611835998444,0.01017220877110958,0.02945069293024408,0,1.011380910873413,103,control
3,18502662,0.02145390356090956,0.01024506147950887,0.03007297138837435,0,2.2620151042938232,103,control
6,18744360,0.02142924582838533,0.01022556331008672,0.02964356222377837,0,1.2138503789901731,103,control
9,18913176,0.02245518293206531,0.01032891124486923,0.10748124626842466,0,54.98403549194336,103,control
12,18459780,0.02134883807354498,0.0101838894188404,0.02945673005280546,0,1.1370537281036377,103,control
15,18722893,0.02128105043547119,0.01014976296573877,0.02964992072571085,0,2.2344818115234375,103,control
18,18813796,0.0213175737450755,0.01016230974346399,0.02973207911203738,0,2.5038928985595703,103,control
21,18799452,0.02123855814259505,0.01011159271001815,0.02931290880811708,0,1.37357759475708,103,control
24,18475542,0.02140155018319747,0.01020899228751659,0.03018750420405536,0,2.838575839996338,103,control
27,18494298,0.02143020532106244,0.01018881052732467,0.03151034119663865,0,6.634683132171631,103,control
30,18584717,0.02125618611013603,0.01014890614897012,0.02943730154229417,0,4.83834171295166,103,control
33,18696135,0.02127592489228216,0.01014187838882207,0.02955696478853559,0,2.6639552116394043,103,control
36,18622484,0.02175011311088135,0.01019817870110273,0.05556902004564784,0,23.582780838012695,103,control
39,18403700,0.02139061655366266,0.01019453629851341,0.03022812318520203,0,4.228094100952148,103,control
42,18425400,0.02157903882533196,0.01029190607368946,0.030441133036644,0,3.278643846511841,103,control
45,18360069,0.02132414672147157,0.01018709596246481,0.02941976911580091,0,0.7824036478996277,103,control
48,18284112,0.02132901414280087,0.0101959491148591,0.02949719142239459,0,1.222002387046814,103,control
0,2414747,0.02127324040062983,0.01012185029685497,0.0292913568612627,0,0.618377149105072,104,control
3,2478544,0.02123265972987802,0.01014235895127058,0.0292287227822817,0,0.566896915435791,104,control
6,2473968,0.02132009819076873,0.01014669053256511,0.03049603163435141,0,1.9245004653930664,104,control
9,2461400,0.02156816591853818,0.0103261349722743,0.02976875827229396,0,0.9328000545501708,104,control
12,2494008,0.02137203287874954,0.01011830847710371,0.03114521852182282,0,2.7656779289245605,104,control
15,2489828,0.02150181723461745,0.01028872095048427,0.02973801866037212,0,1.1055055856704712,104,control
18,2472250,0.02124818242165544,0.0101230964064598,0.02948943028927014,0,1.0588622093200684,104,control
21,2445007,0.02157573834164624,0.01023714244365692,0.03218248063554248,0,4.979576110839844,104,control
24,2473653,0.02146333187131534,0.01022696401923894,0.03082839235955486,0,2.426337957382202,104,control
27,2483047,0.02139189047008725,0.01021142024546861,0.03008909637009359,0,1.9406161308288576,104,control
30,2486913,0.02121196666559145,0.01013846974819898,0.02923984654919369,0,0.6490405201911926,104,control
33,2508834,0.02164673016866888,0.01029415894299745,0.03243127534560691,0,3.514567613601685,104,control
36,2454705,0.02131645476126909,0.01021475158631801,0.02929491448667888,0,0.6035445332527161,104,control
39,2448384,0.02121618917390174,0.01011159271001815,0.02947115630633126,0,1.3605598211288452,104,control
42,2503706,0.02154811058506383,0.01027532387524843,0.030676436364375632,0,2.210927724838257,104,control
45,2471034,0.02140871872848755,0.01018039416521787,0.03024582033372969,0,1.8330036401748655,104,control
48,2433344,0.02143454426941327,0.01018423493951559,0.03018281134354778,0,1.840942621231079,104,control
0,424410,0.02121066751456662,0.01021586917340755,0.0292728462781517,0,0.4789689779281616,105,control
3,438696,0.02118229667624201,0.01029190607368946,0.02902311303517297,0,0.47941654920578,105,control
6,441600,0.02133076752424461,0.01019109971821308,0.02938968079876551,0,0.47459158301353455,105,control
9,430140,0.02149974929564837,0.01025842409580946,0.02968866351700661,0,0.457485169172287,105,control
12,412425,0.02103214885435897,0.01000859122723341,0.02905126140694559,0,0.4789689779281616,105,control
15,433202,0.02138452968177229,0.0102332467213273,0.02924924105164048,0,0.4685547649860382,105,control
18,443733,0.022058199326099,0.01054655667394399,0.03060372109518991,0,0.5447705984115601,105,control
21,433602,0.021386494101604078,0.01028733421117067,0.02942897697351054,0,0.4795866906642914,105,control
24,423512,0.02117176319593461,0.01014613639563322,0.029215206304248,0,0.5034059286117554,105,control
27,433552,0.02111092592549854,0.01008729357272386,0.02928331165533919,0,0.5288510918617249,105,control
30,430392,0.02161937090164429,0.01040614768862724,0.02976367887230555,0,0.6841755509376526,105,control
33,428989,0.02137534650233121,0.01024166215211153,0.02934845307394295,0,0.5434810519218445,105,control
36,428328,0.02141522618854159,0.01022677682340145,0.02962165913095614,0,0.5065930485725403,105,control
39,430311,0.02118747399588871,0.01014187838882207,0.02899974363483463,0,0.4587876200675965,105,control
42,439926,0.02125863096009307,0.01019003521651029,0.02935465650326973,0,0.4643088579177856,105,control
45,452605,0.02132366115623671,0.01019817870110273,0.02937409680703604,0,0.5679451823234558,105,control
48,425733,0.02149585480099768,0.01028631348162889,0.02964381253787414,0,0.4723615348339081,105,control
0,2729826,0.02131617571883386,0.01014415733516216,0.02936512366525257,0,0.7240395545959473,106,control
3,2889375,0.02124593985648439,0.01016939245164394,0.02927256076583297,0,0.7240395545959473,106,control
6,2752025,0.02158223873772961,0.01032442972064018,0.02969178938084089,0,0.564079761505127,106,control
9,2792580,0.02116528910281174,0.01009946316480636,0.0292223816404685,0,0.6633915305137634,106,control
12,2776982,0.02126228763776414,0.01014235895127058,0.02931967510428928,0,0.7237837910652161,106,control
15,2784117,0.02122790009441069,0.01018039416521787,0.02921349653608987,0,0.5568013787269592,106,control
18,2799270,0.02138389807232982,0.0102389482781291,0.02947113030651219,0,0.5744583010673523,106,control
21,2789840,0.02120713036205371,0.01014131773263216,0.02921112053348223,0,0.6325857043266296,106,control
24,2793780,0.02120235240328157,0.01012071222066879,0.02922966999182938,0,0.6748512983322144,106,control
27,2752380,0.02123873114205168,0.01015603635460138,0.02922778121246871,0,0.59593266248703,106,control
30,2829246,0.02125972938473329,0.0101256426423788,0.02929994498461503,0,0.5744583010673523,106,control
33,2828163,0.02117136518725323,0.01009854767471551,0.02914768269547696,0,0.5679451823234558,106,control
36,2815395,0.02137903726365659,0.01027217134833335,0.02940612855616615,0,0.5477128624916077,106,control
39,2770140,0.02122613394812508,0.01014187838882207,0.02915918881227332,0,0.7543994188308716,106,control
42,2821616,0.02163328151080962,0.01036267355084419,0.0297858392739276,0,1.1046645641326904,106,control
45,2818080,0.02135464763389064,0.01021051127463579,0.02944007914648153,0,0.6546949148178101,106,control
48,2691857,0.02134139877273037,0.01013434585183858,0.02944571375096838,0,0.5655374526977539,106,control
0,7911369,0.02133406082221533,0.01014976296573877,0.02959827616875098,0,1.5618492364883425,107,control
3,8129492,0.02128467405509343,0.01018474344164133,0.02935924369381278,0,0.7064813375473022,107,control
6,8054826,0.02128373818526608,0.01017665863037109,0.02944646265365607,0,1.8049732446670532,107,control
9,7996908,0.02140692367184918,0.01021051127463579,0.02945699490832673,0,0.6841755509376526,107,control
12,7959056,0.02136150077651458,0.01018039416521787,0.03003992297905814,0,2.316261053085327,107,control
15,8008171,0.02144055593749192,0.0102678183466196,0.02952585081220161,0,0.7061999440193176,107,control
18,8044400,0.02131054007778406,0.01018400304019451,0.02935331333989432,0,0.6780120730400085,107,control
21,7987620,0.02137506178549776,0.01015005074441433,0.03057818070865109,0,2.694941282272339,107,control
24,7969500,0.02128562234392216,0.01018039416521787,0.02933222848497091,0,0.6841755509376526,107,control
27,8141595,0.02123330500916405,0.01013091392815113,0.0292791736624179,0,1.3909902572631836,107,control
30,8011424,0.02123934177306901,0.01013091392815113,0.02930150032924276,0,1.1421834230422974,107,control
33,7982638,0.02122076177058059,0.01013175677508115,0.02923042890151432,0,0.6841755509376526,107,control
36,7960652,0.02123570222094632,0.01014106068760156,0.02925617018737471,0,0.6767114400863647,107,control
39,8006400,0.02122540908885619,0.01014976296573877,0.02918633961042765,0,0.6739063858985901,107,control
42,7938723,0.02119898466187623,0.01010818034410476,0.02921694726810333,0,0.721468448638916,107,control
45,8082070,0.02137228128796839,0.01013846974819898,0.03242352123190075,0,4.902371883392334,107,control
48,8075668,0.02131170930843256,0.01018039416521787,0.02935397336084135,0,0.829819917678833,107,control
0,2202267,0.02156010003580851,0.01027245819568634,0.02992696009602601,0,1.1701600551605225,108,control
3,2199855,0.02177676605308427,0.01018474344164133,0.04529685607734563,0,9.88220500946045,108,control
6,2213521,0.02118179292973899,0.01009745616465807,0.02921468018828629,0,0.6477403044700623,108,control
9,2181675,0.02136319431440047,0.01018474344164133,0.02960708101104051,0,0.815491259098053,108,control
12,2132405,0.02129913324436531,0.01018453203141689,0.02980377884110976,0,1.658350944519043,108,control
15,2182275,0.02125897510767637,0.01012286450713872,0.02943333958383877,0,1.0641955137252808,108,control
18,2165806,0.02125689565686831,0.0101230964064598,0.02956756606899823,0,1.572795867919922,108,control
21,2209788,0.02119502116675549,0.01009745616465807,0.02925197652268681,0,0.5934411883354187,108,control
24,2196040,0.02144732234090838,0.01022313255816698,0.02977723098037182,0,1.4203799962997437,108,control
27,2182770,0.02128418548372396,0.01009761914610862,0.03002406195238729,0,2.060077428817749,108,control
30,2241342,0.0216025540702946,0.01028281450271606,0.03180803094362187,0,2.97381329536438,108,control
33,2239644,0.02142056662854923,0.01019817870110273,0.02967071933042325,0,0.7240395545959473,108,control
36,2179926,0.02120880373073726,0.01014131773263216,0.02921473771349466,0,0.566896915435791,108,control
39,2162862,0.02127010852873528,0.01015228033065795,0.02960892063395608,0,1.5832719802856443,108,control
42,2150364,0.02162086676785561,0.0103092361241579,0.03014225896326186,0,1.55272376537323,108,control
45,2184941,0.02162836614007163,0.0102332467213273,0.03249749443501197,0,3.614279270172119,108,control
48,2154330,0.02187355438299914,0.01013671047985553,0.05440966046609039,0,10.847830772399902,108,control
0,392292,0.02110936828708819,0.01009745616465807,0.02903198876776844,0,0.5170512199401855,109,control
3,405744,0.02166360265443662,0.01041232794523239,0.02976617527079216,0,0.4748336672782898,109,control
6,402518,0.02133089816747428,0.01017491333186626,0.02943476392447992,0,0.4496232569217682,109,control
9,405000,0.0217966452694986,0.01053853053599596,0.0299594039747,0,0.5108935236930847,109,control
12,403704,0.02118540216696763,0.01015836931765079,0.02914609667435116,0,0.566896915435791,109,control
15,408296,0.0213410286307517,0.01021142024546861,0.02937154119888657,0,0.566896915435791,109,control
18,389790,0.02116664713628793,0.01011015381664037,0.02916882774242665,0,0.5065930485725403,109,control
21,431165,0.0213505851023755,0.01021197158843278,0.02950314402450442,0,0.49585404992103577,109,control
24,390589,0.02135155499617895,0.01017220877110958,0.02936178813730219,0,0.566896915435791,109,control
27,388722,0.02100299611132908,0.01007654145359993,0.02880618677982296,0,0.540841817855835,109,control
30,402284,0.02129322557157731,0.01025223731994628,0.02908997598320633,0,0.4688681066036224,109,control
33,394383,0.02141630720555532,0.01021142024546861,0.02951328931078951,0,0.5057430863380432,109,control
36,382486,0.02134619024783613,0.01018474344164133,0.02944515364181513,0,0.478777676820755,109,control
39,394320,0.0212440422292449,0.01019053161144256,0.02919949083652298,0,0.5136807560920715,109,control
42,392805,0.02162939699390377,0.010303795337677,0.02985579391343191,0,0.46277013421058655,109,control
45,391840,0.02114896347387805,0.01019141636788845,0.02905194785617214,0,0.4267212748527527,109,control
48,398762,0.02119098765314738,0.01013091392815113,0.0290851999808193,0,0.4483181834220886,109,control
0,1340577,0.02113410454699853,0.01009745616465807,0.02913531517041523,0,0.5744583010673523,11,control
3,1308240,0.02111308254259589,0.01014972385019064,0.02905255635316328,0,0.5089103579521179,11,control
6,1304836,0.02139959371467861,0.01027532387524843,0.02939587572713922,0,0.566896915435791,11,control
9,1331091,0.02189963690659561,0.0104872565716505,0.0300878319074379,0,0.746805727481842,11,control
12,1327592,0.02137631668824525,0.01025294139981269,0.02938206853011954,0,0.5099915862083435,11,control
15,1348214,0.02141293685018557,0.01023987680673599,0.02954271234435793,0,0.5028857588768005,11,control
18,1321580,0.02165820602819495,0.01041232794523239,0.02971170252940242,0,0.5594295859336853,11,control
21,1304400,0.02127875328077747,0.01016408950090408,0.02927184661468735,0,0.49621522426605225,11,control
24,1309091,0.02129646925993636,0.01014187838882207,0.02934825259259385,0,0.646826446056366,11,control
27,1337939,0.02099378070261457,0.01005999743938446,0.02900953213765338,0,0.7454280257225037,11,control
30,1329507,0.02171881270315821,0.01041232794523239,0.02989718704959244,0,0.5106523036956787,11,control
33,1305820,0.02130003443084738,0.01018666569143533,0.02931121904818796,0,0.6013466715812683,11,control
36,1351980,0.02139589694814101,0.01022313255816698,0.02949536789993104,0,0.6490405201911926,11,control
39,1333990,0.02117691762823486,0.01011653337627649,0.02915030114149006,0,0.5434810519218445,11,control
42,1368741,0.02147477151202488,0.01027246098965406,0.02966670710722812,0,0.709455668926239,11,control
45,1355835,0.0215049952468219,0.01030286028981208,0.02960728726918014,0,0.4789689779281616,11,control
48,1324079,0.0212848755885187,0.01014187838882207,0.02929020275694441,0,0.621270477771759,11,control
0,479400,0.02103603919283698,0.01010905671864748,0.02906825424304144,0,0.5065930485725403,110,control
3,465115,0.02123326165021833,0.01018039416521787,0.02934493032960908,0,0.4562092125415802,110,control
6,477337,0.02112646480786656,0.01006779354065656,0.02908058306286286,0,0.6325857043266296,110,control
9,482220,0.02132126572623643,0.01014405582100153,0.02941030542381238,0,0.5031179785728455,110,control
12,460992,0.02118627194162164,0.01018807850778102,0.02904044163928366,0,0.4784052073955536,110,control
15,480168,0.02137110362076316,0.01019985880702734,0.02945125064417066,0,0.5293641686439514,110,control
18,491392,0.0212152191448446,0.01013091392815113,0.02918362964986389,0,0.4789689779281616,110,control
21,469910,0.02175084679578108,0.01043636258691549,0.02998254470053056,0,0.4904272258281708,110,control
24,485808,0.02137680694917359,0.01028015464544296,0.02945283355342869,0,0.514768123626709,110,control
27,466425,0.02132865127734969,0.01022313255816698,0.02937625062363228,0,0.6490405201911926,110,control
30,479374,0.02119854279758698,0.01007654145359993,0.02925448926385958,0,0.4789689779281616,110,control
33,473319,0.02146287788793637,0.01024166215211153,0.02956219203717316,0,0.5873621106147766,110,control
36,476748,0.02121727943956637,0.01014187838882207,0.02925338948139695,0,0.5385596752166748,110,control
39,482288,0.02139295095612778,0.01023594196885824,0.02942864780092703,0,0.5099915862083435,110,control
42,479536,0.02147905127228692,0.01031500194221735,0.02958946879898086,0,0.5003678202629089,110,control
45,462990,0.02156889721750168,0.0103092361241579,0.02959546709620933,0,0.4913680851459503,110,control
48,461700,0.02126884123883481,0.01017364580184221,0.02921155584797046,0,0.5182639360427856,110,control
0,566254,0.02149174654876537,0.01026090048253536,0.0296726733915388,0,0.566896915435791,111,control
3,585029,0.02114542979233248,0.01008113101124763,0.02920378361999119,0,0.6633915305137634,111,control
6,570508,0.02148120077359912,0.01021051127463579,0.02967552388659094,0,0.566896915435791,111,control
9,569925,0.02117452290914471,0.01014972385019064,0.02907445607440479,0,0.6546949148178101,111,control
12,582105,0.02113715481580454,0.01013870444148779,0.02900150352602751,0,0.5036280155181885,111,control
15,581196,0.02145338303760516,0.01025084871798753,0.02950830724392734,0,0.5434810519218445,111,control
18,586587,0.02133074802260283,0.01025829557329416,0.02956957823825977,0,0.8618259429931641,111,control
21,562500,0.02172673811907197,0.01043082028627395,0.03005813958071605,0,0.6289101243019104,111,control
24,582800,0.02151076647782776,0.01030199322849512,0.02962236543057679,0,0.7240395545959473,111,control
27,577116,0.02147124146021916,0.01035090070217847,0.02939888166437063,0,0.49621522426605225,111,control
30,575912,0.02146555455460603,0.01036267355084419,0.02949035209069258,0,0.5241822600364685,111,control
33,571415,0.02169149783782393,0.01042083464562893,0.02998652459487556,0,0.5477128624916077,111,control
36,571247,0.02161437539195211,0.0103535745292902,0.02973911786683214,0,0.5655374526977539,111,control
39,578288,0.02142224978498908,0.0103092361241579,0.02922978338752029,0,0.4318656325340271,111,control
42,588966,0.0217636546788002,0.01044333167374134,0.02995078900942792,0,0.561765193939209,111,control
45,594562,0.02134317055827081,0.0102122463285923,0.02944251627345532,0,0.5065930485725403,111,control
48,571392,0.02153957943129367,0.01029468886554241,0.0297827389090202,0,0.5126069188117981,111,control
0,1176098,0.02128295803199026,0.01019003521651029,0.02929446317620828,0,0.5270437598228455,112,control
3,1162059,0.02116579764150711,0.01009745616465807,0.02905711676154667,0,0.7240395545959473,112,control
6,1192364,0.02144189120548213,0.01029190607368946,0.02963274990350021,0,0.6013466715812683,112,control
9,1156568,0.0216464983262638,0.01034844201058149,0.02986413423624106,0,0.568489134311676,112,control
12,1170660,0.02143788690053283,0.01030702888965606,0.02950168800121867,0,0.6841755509376526,112,control
15,1210680,0.02129603888949174,0.0102332467213273,0.02936683984934245,0,0.6841755509376526,112,control
18,1181560,0.02155383668489662,0.0103042060509324,0.02969204520075781,0,0.6711089015007019,112,control
21,1152400,0.02143335865164745,0.01021237671375274,0.02950692417342889,0,0.6129453182220459,112,control
24,1169510,0.02123976147824469,0.01012286450713872,0.02933812752053534,0,0.5334551334381104,112,control
27,1169600,0.0211811769934546,0.01009680330753326,0.02917784600809759,0,0.5136807560920715,112,control
30,1175055,0.02141121342815432,0.01030545681715011,0.02937385251631766,0,0.49585404992103577,112,control
33,1158840,0.02149233727600761,0.01030286028981208,0.02960787910663374,0,0.5726506114006042,112,control
36,1169300,0.02134495598567103,0.01020378991961479,0.02931751518958109,0,0.48736122250556946,112,control
39,1128876,0.02146337046679494,0.01025845110416412,0.02940595821380623,0,0.6546949148178101,112,control
42,1173970,0.02150394967876305,0.01034765504300594,0.02957138395029119,0,0.6075363755226135,112,control
45,1145940,0.02111049204789872,0.01011834759265184,0.0290129728476218,0,0.4768790006637573,112,control
48,1152246,0.02128529070096391,0.01018492504954338,0.029299926654454,0,0.527621328830719,112,control
0,154836,0.02142197154655379,0.01027245819568634,0.02930369596994625,0,0.4643088579177856,113,control
3,161483,0.02113125537937608,0.01010505203157663,0.02925789258277892,0,0.4543561339378357,113,control
6,153264,0.02147799496516608,0.0101961325854063,0.02945784494832162,0,0.4748336672782898,113,control
9,160979,0.02132217431494883,0.01009745616465807,0.02949069066785565,0,0.410610169172287,113,control
12,154125,0.02088644669833872,0.0099920192733407,0.02877178930943912,0,0.4138930737972259,113,control
15,153750,0.0212013178721363,0.01008880510926246,0.02921763149594999,0,0.410610169172287,113,control
18,153594,0.02171403590146911,0.01038636267185211,0.02988316194365908,0,0.5351670384407043,113,control
21,152810,0.02090386743433928,0.01002766285091638,0.02895163577005054,0,0.5034059286117554,113,control
24,151248,0.0213132317531366,0.01026951801031828,0.0293330596293403,0,0.4141658544540405,113,control
27,153495,0.02070494461528343,0.01002993714064359,0.02854404090633507,0,0.4267212748527527,113,control
30,152305,0.02144055581044074,0.01031866949051618,0.02934655823431128,0,0.5089103579521179,113,control
33,156560,0.02159703368254779,0.01041232794523239,0.02964423676695731,0,0.5065930485725403,113,control
36,148520,0.02134294765041674,0.01017509773373603,0.02949575652202421,0,0.5001779794692993,113,control
39,158340,0.02144382264568723,0.01022313255816698,0.02952072586676104,0,0.4318656325340271,113,control
42,164395,0.02199499553234072,0.01054049469530582,0.03033077791481972,0,0.5333820581436157,113,control
45,149513,0.02140381516278863,0.01022786926478147,0.02947629284863629,0,0.4018164277076721,113,control
48,152892,0.02130686957442181,0.01009745616465807,0.0294336678921802,0,0.44022005796432495,113,control
0,9125595,0.02138091839396784,0.01018039416521787,0.03009816111131778,0,2.3997435569763184,114,control
3,9025800,0.02150593736399072,0.01024385448545217,0.03000972617215216,0,1.7423406839370728,114,control
6,9136476,0.02144504559685939,0.01021051127463579,0.03245429072607827,0,5.049271106719971,114,control
9,9113344,0.02122422978449781,0.01014187838882207,0.0293014516906294,0,1.1665292978286743,114,control
12,9017292,0.02128857459043369,0.01015943381935358,0.02969953966418714,0,2.167425632476806,114,control
15,9136860,0.02132834043482016,0.01019817870110273,0.02942649113327828,0,0.7035356760025024,114,control
18,9168441,0.02273793871488964,0.01028010994195938,0.1301638809483432,0,64.258941650390625,114,control
21,9029724,0.0213271727801653,0.01018039416521787,0.02945931328627839,0,1.2852948904037476,114,control
24,9166842,0.02149510238804367,0.01018584426492452,0.03301779485811624,0,5.318513870239258,114,control
27,9090484,0.02162830897689309,0.01017220877110958,0.04340304779210188,0,13.886836051940918,114,control
30,9212940,0.02136542618211989,0.01019067037850618,0.02981652226854286,0,1.7298481464385986,114,control
33,9309102,0.02155705510169222,0.01018881052732467,0.03729844921998852,0,8.854985237121582,114,control
36,9026181,0.02153276565431431,0.01022498775273561,0.03437341114749882,0,6.318516731262207,114,control
39,9280609,0.0213521770263436,0.01022313255816698,0.02972228891780365,0,1.6613703966140747,114,control
42,9104202,0.02130018656441775,0.01014483626931905,0.02942588414037947,0,0.9001019597053528,114,control
45,9127995,0.02175658746622448,0.01028566993772983,0.03837923815853487,0,8.478610038757324,114,control
48,9128515,0.02139812421294681,0.01022313255816698,0.02962583889727049,0,1.8288779258728027,114,control
0,322044,0.02117926983058395,0.01011834759265184,0.02924164244658625,0,0.4643088579177856,115,control
3,303020,0.02161703812852839,0.0102657014504075,0.02976287002687967,0,0.5002899169921875,115,control
6,314640,0.02249983908429026,0.01079003512859344,0.03095326199424065,0,0.5265645980834961,115,control
9,324324,0.02137136414303516,0.01021051127463579,0.02943086108705641,0,0.5434992909431458,115,control
12,314154,0.02162896539442382,0.01036267355084419,0.02982768201291292,0,0.4401754140853882,115,control
15,318550,0.02125783896486142,0.01019003521651029,0.02939443777787542,0,0.566896915435791,115,control
18,321966,0.0218350108125892,0.01047097332775592,0.03007698703083421,0,0.4643088579177856,115,control
21,322588,0.0209931822330292,0.01005322579294443,0.02880624078595959,0,0.6841755509376526,115,control
24,321408,0.02126899244076164,0.01017950288951397,0.0293714309039655,0,0.4470674991607666,115,control
27,332242,0.02143970577479427,0.01025845110416412,0.02960188924631992,0,0.49621522426605225,115,control
30,311832,0.02189799941931389,0.01046247407793998,0.03018527738171429,0,0.42552611231803894,115,control
33,326522,0.02233139471493663,0.01066782884299755,0.03083198261068764,0,0.4748336672782898,115,control
36,304583,0.02114762617479418,0.01002147328108549,0.02898412406985889,0,0.3952876031398773,115,control
39,331751,0.02174899752631048,0.0105271702632308,0.02982018137507099,0,0.5265645980834961,115,control
42,312768,0.02149777742889247,0.01029415894299745,0.0295761772060363,0,0.49621522426605225,115,control
45,320307,0.02198097289253306,0.01051750313490629,0.03004348173611141,0,0.4643088579177856,115,control
48,332808,0.02131756425956451,0.01022313255816698,0.02923096627473664,0,0.44277504086494446,115,control
0,1404747,0.02138574618664131,0.0101961325854063,0.02945534235324395,0,0.522430419921875,116,control
3,1397115,0.0215559706320866,0.0103092361241579,0.02971379916648297,0,0.5866675972938538,116,control
6,1426074,0.02116873849903436,0.01009680330753326,0.02918896189818833,0,0.6287680268287659,116,control
9,1409776,0.02180082724764238,0.01043082028627395,0.03002252284982836,0,0.5766828060150146,116,control
12,1408825,0.02122417253028169,0.01015025284141302,0.02929619446554782,0,0.8266931176185608,116,control
15,1392930,0.02121188217232639,0.01009854767471551,0.02932779520380525,0,0.5482248663902283,116,control
18,1421504,0.02149912328875488,0.01022590510547161,0.02973294261147886,0,0.6153317093849182,116,control
21,1448070,0.02135953721099331,0.01021051127463579,0.02942158761867821,0,0.5265645980834961,116,control
24,1417290,0.02129029209282191,0.01018039416521787,0.02933151752942511,0,0.5744583010673523,116,control
27,1407813,0.02113261959944682,0.01014976296573877,0.02914743523224996,0,0.5732651948928833,116,control
30,1390948,0.02155169349234288,0.01031406223773956,0.02967313568041572,0,0.6018474102020264,116,control
33,1439919,0.02132252055346495,0.01011830847710371,0.02947369448155988,0,0.566896915435791,116,control
36,1396283,0.02135299485629679,0.0101892789825797,0.02950592914933537,0,0.6633915305137634,116,control
39,1424100,0.02137514373063367,0.01025635842233896,0.02941598538180521,0,0.646826446056366,116,control
42,1415371,0.02174423457078799,0.01041577104479074,0.02998108688605266,0,0.6249127984046936,116,control
45,1430092,0.02140216151198819,0.01027532387524843,0.02947534006777512,0,0.6721698045730591,116,control
48,1400252,0.02113506250549996,0.01009854767471551,0.02907454945576582,0,0.5367595553398132,116,control
0,9937704,0.0213510566629145,0.01020899228751659,0.02937643156524744,0,0.6841755509376526,117,control
3,10058340,0.02204245912733397,0.01018039416521787,0.07595293079259717,0,26.030820846557617,117,control
6,10163088,0.02144816719183471,0.01026699785143137,0.02959335351502252,0,1.3788002729415894,117,control
9,10074251,0.02132867787423636,0.01018474344164133,0.02940497901197829,0,0.822690486907959,117,control
12,10051960,0.02126118558018671,0.01018474344164133,0.02925536646860172,0,0.7122700214385986,117,control
15,9997920,0.02124957126783974,0.01015217881649732,0.02930258097506708,0,1.1632620096206665,117,control
18,10007676,0.02130539900995998,0.01018553040921688,0.02937027980117385,0,0.862949788570404,117,control
21,9991521,0.02133919221716861,0.01019817870110273,0.02945156124669047,0,1.1576274633407593,117,control
24,9915840,0.02128116256862544,0.01015715114772319,0.02931975451965043,0,0.6841755509376526,117,control
27,10064700,0.0212944248594404,0.01016669906675815,0.02935853746574648,0,0.9511802792549132,117,control
30,10045718,0.02121635736947362,0.01014187838882207,0.02927273950859216,0,1.0572885274887085,117,control
33,10029528,0.02132681710786703,0.01018881052732467,0.02936417405526818,0,0.6867982149124146,117,control
36,10236690,0.02124803244229046,0.01016408950090408,0.02924964780119575,0,0.6767114400863647,117,control
39,10109200,0.021218107094245,0.01013993192464113,0.02923628261406772,0,1.2082014083862305,117,control
42,9947427,0.02130256770367707,0.01014908589422702,0.02955850316416238,0,1.3709213733673096,117,control
45,10090150,0.02161540103313299,0.01032859366387128,0.0298827381195451,0,1.3252054452896118,117,control
48,10016864,0.0213173962563597,0.01019019726663827,0.02936180500270785,0,0.936572253704071,117,control
0,3702580,0.02135309927132022,0.01019817870110273,0.02972173139873595,0,1.2948040962219238,118,control
3,3593425,0.02167280039545952,0.01025634631514549,0.0375780165393623,0,6.257238388061523,118,control
6,3681500,0.02149546358872861,0.01018492504954338,0.03417682365809726,0,6.179076671600342,118,control
9,3664028,0.02122964500846356,0.01017311215400695,0.02959618541276053,0,1.5060689449310305,118,control
12,3617809,0.02143879719812259,0.01019048132002353,0.03027280194292227,0,1.7693676948547363,118,control
15,3599801,0.02135762013776888,0.01014187838882207,0.03084592768852752,0,2.67080020904541,118,control
18,3559686,0.02145527705902776,0.01018666569143533,0.02990207108027863,0,1.5804941654205322,118,control
21,3593052,0.02142701912532794,0.01017153263092041,0.03072151963424552,0,2.439608097076416,118,control
24,3591310,0.02236452125471535,0.01019003521651029,0.08396958689595752,0,23.108898162841797,118,control
27,3615168,0.02132859354238587,0.01018492504954338,0.02953177397696533,0,1.6953871250152588,118,control
30,3567476,0.02139564245758636,0.01020103227347135,0.02960684487862292,0,1.0354959964752195,118,control
33,3707774,0.02133700711664875,0.01020832546055317,0.02966773977504259,0,1.2420334815979004,118,control
36,3685803,0.02147695287404364,0.0102332467213273,0.0313928870832177,0,3.905968427658081,118,control
39,3638466,0.02143523315286117,0.01025084871798753,0.02961688907482075,0,0.7848837971687317,118,control
42,3616080,0.02155351169140532,0.01034491881728172,0.03008263884132944,0,1.4560600519180298,118,control
45,3684680,0.02146217002312205,0.01021051127463579,0.03246395504344426,0,3.938097476959229,118,control
48,3608025,0.02150840882816544,0.01020899228751659,0.03257062827080834,0,3.629375457763672,118,control
0,1924974,0.02132356230361868,0.01016408950090408,0.0293637694448804,0,0.6841755509376526,119,control
3,1955100,0.02139375945027588,0.01026393100619316,0.02936798545442425,0,0.566896915435791,119,control
6,1958360,0.02129981823934571,0.01019817870110273,0.0292999495416548,0,0.566896915435791,119,control
9,1947860,0.02114845354788911,0.0101199671626091,0.02907390178904932,0,0.6767114400863647,119,control
12,1961840,0.02118586130419465,0.01009680330753326,0.02918040947177615,0,0.6416125297546387,119,control
15,1987011,0.02114102014009761,0.01012821216136217,0.02904156432999361,0,0.5265645980834961,119,control
18,1950825,0.02134078327204191,0.01019445154815912,0.02938249916044747,0,0.5535022020339966,119,control
21,1977885,0.02104006088280942,0.01006173901259899,0.02906253463506077,0,0.5177479982376099,119,control
24,1977250,0.02125808529629432,0.01011413894593715,0.02931363454351739,0,0.6735215187072754,119,control
27,1935342,0.02125860019650399,0.01017645094543695,0.02925945604976519,0,0.5343884229660034,119,control
30,1928548,0.02114897984285787,0.01006093900650739,0.029132290008633,0,0.566896915435791,119,control
33,1975124,0.02129647780077058,0.01018039416521787,0.02943256038059686,0,1.3404074907302856,119,control
36,1931316,0.02119802162421252,0.01009854767471551,0.02918947940535122,0,0.5856093168258667,119,control
39,1971360,0.02137682849171177,0.01018881052732467,0.02947066842996311,0,0.5288510918617249,119,control
42,1943818,0.02148777272769192,0.01028382498770952,0.02961885589850399,0,0.5477128624916077,119,control
45,1923544,0.02120376541662236,0.01011834759265184,0.02925112028243635,0,1.117318630218506,119,control
48,1975158,0.02106750872886566,0.01005322579294443,0.02896325125451547,0,0.5265645980834961,119,control
0,1190281,0.02140794847003218,0.01019817870110273,0.02953987365359025,0,0.5983755588531494,12,control
3,1176120,0.02134379257496485,0.01022590510547161,0.02999452975738284,0,1.9985588788986208,12,control
6,1178100,0.02157868417027869,0.01039798650890588,0.02964281525567903,0,0.5511008501052856,12,control
9,1205435,0.02125902961206579,0.01012286450713872,0.02932607950704893,0,0.566896915435791,12,control
12,1169642,0.02123606219565377,0.01014493405818939,0.02920144062038535,0,0.5265645980834961,12,control
15,1190281,0.02173160797782776,0.01043082028627395,0.02998580172868177,0,0.7161716222763062,12,control
18,1165210,0.02149943978864413,0.01029415894299745,0.02963646392382605,0,0.7240395545959473,12,control
21,1190217,0.0215440681751229,0.01023571658879518,0.02992157339911816,0,0.9769747257232666,12,control
24,1188051,0.02139457112477476,0.01023594848811626,0.02966790001124022,0,1.1187055110931396,12,control
27,1189957,0.02136260131524097,0.01005999743938446,0.03472353449997523,0,3.2422516345977783,12,control
30,1170660,0.02115063075092427,0.01013121847063303,0.02909613988157332,0,0.5477128624916077,12,control
33,1184776,0.02141730347835857,0.01026951801031828,0.029409075732041,0,0.6679729223251343,12,control
36,1189170,0.02125996731551898,0.01019817870110273,0.02932711925646617,0,0.7815737724304199,12,control
39,1182584,0.02135599364560144,0.01019019726663827,0.02941093896758158,0,0.5343884229660034,12,control
42,1169600,0.02135335593894003,0.01013523899018764,0.02940304962540416,0,0.566896915435791,12,control
45,1193316,0.02130424274293458,0.01022590510547161,0.02930107784129254,0,0.5744583010673523,12,control
48,1194393,0.02124306200778427,0.01019003521651029,0.02930509596139316,0,0.4789689779281616,12,control
0,1822491,0.02149388087658549,0.01029190607368946,0.0296339248142068,0,0.6546949148178101,120,control
3,1837074,0.02133479351823746,0.01016610488295555,0.02945355715861305,0,0.8716171979904175,120,control
6,1806332,0.02147201199855115,0.0103092361241579,0.0295060443095211,0,0.5416393280029297,120,control
9,1800963,0.02141114423078498,0.01022384781390428,0.02948299184238393,0,0.9040160775184632,120,control
12,1806236,0.02120824174284405,0.01013091392815113,0.02915653146053141,0,0.6748512983322144,120,control
15,1842786,0.02149165042111139,0.01029415894299745,0.02958326901036728,0,0.566896915435791,120,control
18,1829236,0.02126898484342464,0.01018273085355758,0.02932644472695464,0,0.6841755509376526,120,control
21,1857760,0.02138108546488329,0.01018088776618242,0.02955250866570192,0,0.7215486168861389,120,control
24,1849519,0.02143424202459783,0.01025822572410106,0.02948232123291417,0,0.6013466715812683,120,control
27,1806287,0.0211609060193995,0.01014187838882207,0.02907806395368951,0,0.566896915435791,120,control
30,1821130,0.02170574564441111,0.01043082028627395,0.02984498838563111,0,0.6129453182220459,120,control
33,1867316,0.02120477559558683,0.01010505203157663,0.02922596391347205,0,0.566896915435791,120,control
36,1838252,0.02116390441289648,0.01011848263442516,0.02916128835595926,0,0.6857874393463135,120,control
39,1900260,0.02122196187602051,0.0101230964064598,0.02928111319795028,0,0.5941472053527832,120,control
42,1830509,0.02133338322103738,0.01023883651942014,0.02935381147439406,0,0.4944947063922882,120,control
45,1848168,0.02126079890101551,0.01019003521651029,0.02922353526250353,0,0.6196002960205078,120,control
48,1813050,0.02128990033952814,0.01013434585183858,0.02935050913662854,0,0.6857874393463135,120,control
0,10777248,0.02186633751612882,0.01018039416521787,0.06304148865824988,0,25.076356887817383,121,control
3,10840250,0.02161320242589482,0.0103092361241579,0.02994311828980454,0,1.4554277658462524,121,control
6,10817037,0.02137652758172187,0.0101826200261712,0.02964814748149982,0,1.2978163957595823,121,control
9,10876768,0.02131131408827649,0.01018844544887542,0.02944644195517039,0,1.2728739976882937,121,control
12,10827048,0.02142036873666629,0.01021051127463579,0.0308220358647153,0,3.220637798309326,121,control
15,11002264,0.02129402191331902,0.01014187838882207,0.02947932117315328,0,1.6099566221237185,121,control
18,10959410,0.02140646302248609,0.01021586917340755,0.02956148880710767,0,1.1298353672027588,121,control
21,10893294,0.02131572733686344,0.01018039416521787,0.02942170415333468,0,0.7059035301208496,121,control
24,10814226,0.02131527900511956,0.01018881052732467,0.02936910401488224,0,0.6546949148178101,121,control
27,11048951,0.02136387707656244,0.01019817870110273,0.02989890620674439,0,2.0972588062286377,121,control
30,10972654,0.0213073145599274,0.01018474344164133,0.02949834980309584,0,1.2707912921905518,121,control
33,10909800,0.02126505236067226,0.01017491333186626,0.02930653021907135,0,0.6841755509376526,121,control
36,10929536,0.02310976647193957,0.01019616983830928,0.19240299825667748,0,350.85443115234375,121,control
39,10978470,0.02131703427859567,0.01014976296573877,0.02981909079439253,0,1.6550748348236084,121,control
42,10730807,0.02165123914564189,0.010303795337677,0.03235121426443756,0,5.6844916343688965,121,control
45,10810719,0.02144163692837769,0.01024466659873724,0.02962236155567205,0,1.3697516918182373,121,control
48,10895976,0.02134862755811552,0.01018881052732467,0.02962360074846634,0,1.7139562368392944,121,control
0,9938160,0.02125087456774487,0.01013176795095205,0.02926699697263041,0,0.8376610279083252,122,control
3,9960522,0.02129822626963052,0.01016408950090408,0.02948927397060648,0,1.4115941524505615,122,control
6,9938046,0.0211804150059622,0.01012153178453445,0.02913686137464518,0,0.7986729145050049,122,control
9,9873666,0.02132841249449881,0.01019003521651029,0.02942944170041041,0,0.7430952787399292,122,control
12,9951624,0.02113689861862799,0.01010505203157663,0.02909590885874497,0,0.6013466715812683,122,control
15,9849480,0.0215730427938479,0.0103161409497261,0.02965348852165619,0,0.6013466715812683,122,control
18,10093750,0.02138991795033608,0.0102332467213273,0.02941290121245214,0,0.6377550959587097,122,control
21,9921131,0.02136685374439701,0.01020576898008585,0.0294378193152117,0,0.7809246182441711,122,control
24,10028733,0.02123325938142008,0.01014187838882207,0.0292476976174203,0,0.6841755509376526,122,control
27,9848202,0.02134034127030085,0.0101961325854063,0.02939039072004095,0,0.6129453182220459,122,control
30,10010455,0.02136481542119649,0.01025634631514549,0.02939352885553993,0,0.6857874393463135,122,control
33,9943156,0.02139357983692733,0.01026069652289152,0.02942117338632441,0,0.8722015023231506,122,control
36,10020852,0.02123854338433799,0.01012334041297435,0.02927031349111377,0,0.6841755509376526,122,control
39,9924720,0.02129539535075212,0.01017634943127632,0.02931694164943228,0,0.6841755509376526,122,control
42,10001088,0.02127107689693732,0.01016939245164394,0.02927502686906152,0,0.6280452013015747,122,control
45,9932079,0.02119889223033811,0.01014187838882207,0.02918754866511666,0,0.7927590608596802,122,control
48,9928292,0.02126601876959875,0.01014415733516216,0.02927800781006885,0,0.6235378980636597,122,control
0,17353252,0.02140458209760793,0.01018474344164133,0.03037421065272132,0,2.798940896987915,123,control
3,17598314,0.02190164241182882,0.01018553040921688,0.06709857696673284,0,27.64565658569336,123,control
6,17382500,0.02136004145899137,0.01013846974819898,0.03032088942831866,0,2.5478785037994385,123,control
9,17578848,0.02168233964609976,0.0103161409497261,0.03045229021743904,0,2.5126607418060303,123,control
12,17375690,0.02143040049488589,0.01018474344164133,0.03078404455087346,0,3.416602611541748,123,control
15,17448536,0.02142622299642257,0.01020652055740356,0.03070149213370793,0,3.08019495010376,123,control
18,17631894,0.02142545010107008,0.01019003521651029,0.03022833809010295,0,2.9430861473083496,123,control
21,17596670,0.02149540267398289,0.01023594196885824,0.02999784576731271,0,2.938155174255371,123,control
24,17398528,0.02124384122374304,0.0101375700905919,0.02936248722155199,0,1.1871769428253174,123,control
27,17201935,0.0213535536668555,0.01019592490047216,0.0296973522661403,0,1.7911683320999146,123,control
30,17508708,0.0215799533925921,0.01032416895031929,0.02990423818429807,0,1.1814744472503662,123,control
33,17737695,0.02132600830955001,0.01019816659390926,0.02945983924036292,0,0.976636290550232,123,control
36,17549840,0.02140515787870827,0.01018039416521787,0.03094684977856038,0,4.3613104820251465,123,control
39,17707050,0.02146981535195909,0.01018039416521787,0.03300653985255139,0,5.940711975097656,123,control
42,17649296,0.02146116575066419,0.01019471138715744,0.03143522025779609,0,16.36360740661621,123,control
45,17583636,0.02141612060519559,0.01019003521651029,0.03020995453985131,0,2.719190835952759,123,control
48,17272202,0.02134143704921606,0.01018492504954338,0.02964455284593905,0,1.6167627573013306,123,control
0,6795080,0.02127868572529607,0.01014344580471515,0.02944925900787648,0,1.144688606262207,124,control
3,6823264,0.02150594152205872,0.01027808338403701,0.02969663736747642,0,0.5965962409973145,124,control
6,6871756,0.02126658513254765,0.01014638133347034,0.02929585263002686,0,0.7968618273735046,124,control
9,6957444,0.02155329747618634,0.0103092361241579,0.029706104443031,0,0.8722015023231506,124,control
12,6838390,0.02138045129820212,0.01021746080368757,0.02950766114981328,0,0.9432114362716676,124,control
15,6913080,0.02129314096035358,0.01019592490047216,0.02932093327796179,0,0.6841755509376526,124,control
18,6705075,0.02128229877851789,0.01014187838882207,0.02934185861333897,0,1.0917030572891235,124,control
21,6855672,0.021266454450766092,0.01014415733516216,0.02926452720883188,0,0.9561765789985656,124,control
24,6923310,0.02137244774165989,0.01015836931765079,0.03078586998492195,0,3.0541489124298096,124,control
27,6853786,0.02121683299098593,0.01012286450713872,0.02919302257853985,0,0.7386412620544434,124,control
30,6881030,0.0215826821126327,0.0103092361241579,0.02974873292443501,0,0.8314459919929504,124,control
33,6837784,0.02151071811164927,0.01026951801031828,0.02965388904380571,0,0.819221556186676,124,control
36,6918880,0.02121145291498673,0.01013121847063303,0.02920332323062867,0,0.7240395545959473,124,control
39,6965068,0.02124794493849154,0.01013846974819898,0.02934918649070956,0,1.0537105798721311,124,control
42,6882102,0.02154366291466575,0.0103092361241579,0.02969232997995252,0,0.9395164251327516,124,control
45,6884535,0.02156787292632681,0.01029417105019092,0.0298010526100766,0,1.0391831398010254,124,control
48,6910680,0.02133732052426021,0.01016408950090408,0.02976279066657747,0,1.434414267539978,124,control
0,3455865,0.02128059816451344,0.0101761408150196,0.02924025726268998,0,0.5744583010673523,125,control
3,3568320,0.02125372711442931,0.01018420699983835,0.02945326504518589,0,0.992556095123291,125,control
6,3541888,0.02151163288662539,0.01022313255816698,0.03084371858094946,0,4.268774032592773,125,control
9,3491286,0.0213033151492507,0.01018881052732467,0.02941656252708293,0,0.8542319536209106,125,control
12,3511732,0.02122934875012931,0.01017220877110958,0.0292073933039126,0,0.6129453182220459,125,control
15,3506250,0.02126406111582488,0.01018917001783847,0.02922322442328791,0,0.561063289642334,125,control
18,3547570,0.02129386732857844,0.01019003521651029,0.0293805261471917,0,0.8484119176864624,125,control
21,3554978,0.02143313441039932,0.01028378121554851,0.02950483161022393,0,0.7301731109619141,125,control
24,3585340,0.0213758825652032,0.01020899228751659,0.02948015086727676,0,0.566896915435791,125,control
27,3478144,0.02128321085642988,0.01019003521651029,0.02928574363282001,0,0.6829131245613098,125,control
30,3585252,0.02130639278895154,0.0101788779720664,0.02969292894736391,0,1.8090918064117432,125,control
33,3485520,0.02121536876268634,0.01014131773263216,0.02920707709458298,0,0.6129453182220459,125,control
36,3523093,0.0212516347066035,0.01018474344164133,0.02927372716457867,0,0.8647008538246155,125,control
39,3502510,0.02141612852661413,0.01021558325737714,0.02957051473664182,0,1.0466771125793457,125,control
42,3496500,0.02141694167235988,0.01024426240473985,0.02940403638836486,0,0.5796167254447937,125,control
45,3483820,0.02131580706559548,0.01018709596246481,0.02942710479671574,0,0.566896915435791,125,control
48,3515609,0.02122823289264311,0.01014577597379684,0.02919739096967034,0,0.5744583010673523,125,control
0,1630200,0.02098143834943042,0.01006716769188642,0.02888524954586428,0,0.5511287450790405,126,control
3,1640912,0.02151625856229332,0.0103092361241579,0.02968784060601041,0,0.49621522426605225,126,control
6,1673860,0.02128609136799447,0.01019817870110273,0.02924135146449848,0,0.566896915435791,126,control
9,1617728,0.02133686404455019,0.01014187838882207,0.02956601483566836,0,1.3319203853607178,126,control
12,1592448,0.02140023070285882,0.01022188179194927,0.029503952770365358,0,0.5956670045852661,126,control
15,1699100,0.02167659640691535,0.01044567115604877,0.02978761451191956,0,0.5424096584320068,126,control
18,1670346,0.02141455220520883,0.01029342599213123,0.02954800910511666,0,0.7251442670822144,126,control
21,1643876,0.0213976687072081,0.01019003521651029,0.02961861717744328,0,0.809019923210144,126,control
24,1626088,0.02123777207968625,0.01013846974819898,0.02918098456898025,0,0.5424096584320068,126,control
27,1665010,0.02136625036947734,0.01018515881150961,0.02944737750365249,0,0.6416388154029846,126,control
30,1635357,0.02158833648584681,0.01032416895031929,0.02975231123967341,0,0.6153317093849182,126,control
33,1616384,0.02142785985029915,0.01026466116309166,0.02956120384619866,0,0.6075363755226135,126,control
36,1616656,0.02127053419258167,0.01014972385019064,0.02931008404639977,0,1.095211148262024,126,control
39,1626088,0.02111259302780159,0.01010818034410476,0.02909602555531324,0,0.7240395545959473,126,control
42,1653600,0.0211631885117131,0.01012286450713872,0.02910970394123355,0,0.5754531621932983,126,control
45,1610874,0.02150173289949636,0.01029190607368946,0.02948587419800004,0,0.5150874257087708,126,control
48,1661160,0.02157277108012541,0.01039296761155128,0.0296725855709523,0,0.5922722816467285,126,control
0,10039302,0.02127239449982432,0.01016939245164394,0.02934886791042139,0,0.6630057692527771,127,control
3,9916197,0.02127981637900246,0.01018039416521787,0.02933817688851358,0,0.6490405201911926,127,control
6,9878224,0.02144358449526911,0.01025635842233896,0.02956292468475113,0,0.6841755509376526,127,control
9,10045640,0.02132297991972547,0.01021584309637546,0.02939085011542023,0,0.7570943236351013,127,control
12,9931932,0.02123742022987189,0.01015715114772319,0.02922185146808762,0,0.6841755509376526,127,control
15,9998235,0.02128476380810802,0.01018565986305475,0.02935084226065551,0,0.7533518671989441,127,control
18,9925308,0.02141122398328115,0.01027217134833335,0.02950132349092168,0,0.6841755509376526,127,control
21,9880942,0.02128290738225706,0.01018386520445346,0.02932815327089398,0,0.7574973106384277,127,control
24,9834480,0.0212273969564493,0.01014187838882207,0.02932739204135271,0,0.9343451857566832,127,control
27,10027389,0.02143923528587019,0.0101961325854063,0.03235769886905073,0,5.6169257164001465,127,control
30,9941400,0.02133503118872353,0.01021142024546861,0.02997734547932154,0,2.6595640182495117,127,control
33,9858156,0.0214757460878676,0.01029649283736944,0.02958831675345919,0,0.6546949148178101,127,control
36,9852960,0.02135992342430739,0.01024536695331335,0.02939970702239659,0,0.8722015023231506,127,control
39,9909895,0.02129927657707222,0.01019453629851341,0.0293987063405637,0,0.8394257426261902,127,control
42,9994432,0.02144356767477843,0.01019817870110273,0.03399903292915755,0,5.923457622528076,127,control
45,9768478,0.02131112071422733,0.0101961325854063,0.02934663984150097,0,0.6841755509376526,127,control
48,9868560,0.02136358645164668,0.01022313255816698,0.02940231498824281,0,0.6129453182220459,127,control
0,552045,0.02139458526582825,0.01026951801031828,0.02942587762741938,0,0.4914114475250244,128,control
3,542222,0.02143008435087205,0.01028733421117067,0.02944707684721861,0,0.618377149105072,128,control
6,522680,0.02171168744802137,0.01041577104479074,0.02989302015748033,0,0.6841755509376526,128,control
9,533624,0.02147429301304128,0.01023045368492603,0.02965854519212827,0,0.4748336672782898,128,control
12,544644,0.02142003827203995,0.01022313255816698,0.02954870463821259,0,0.5754531621932983,128,control
15,545310,0.02098845141508683,0.01000590529292821,0.0291075791396479,0,0.566896915435791,128,control
18,537208,0.02101386713902595,0.01005351450294256,0.02873771096118022,0,0.49621522426605225,128,control
21,537225,0.02121144805870361,0.01014187838882207,0.02921390544164258,0,0.5477128624916077,128,control
24,534261,0.02118326873097329,0.01009680330753326,0.02912953862207095,0,0.5737612843513489,128,control
27,536526,0.02148879830067692,0.01037433464080095,0.02954606661492264,0,0.566896915435791,128,control
30,530656,0.02162355870402307,0.0103092361241579,0.029731411360971,0,0.4668029844760895,128,control
33,532875,0.02129752831233585,0.01014187838882207,0.02939802377394948,0,0.5983755588531494,128,control
36,533588,0.02132536698130242,0.01028504781424999,0.02921738713369024,0,0.5424096584320068,128,control
39,530656,0.02128635474056383,0.01014187838882207,0.02934584844261744,0,0.4748336672782898,128,control
42,527790,0.02107291823443745,0.01010357588529586,0.02902693238746084,0,0.5136807560920715,128,control
45,531360,0.02142515354663822,0.01027532387524843,0.02932367561578857,0,0.47941654920578,128,control
48,538752,0.0213991526195612,0.01027855277061462,0.02934767395506775,0,0.457485169172287,128,control
0,10493760,0.02129765874784045,0.01017491333186626,0.02970854522426958,0,2.076549530029297,129,control
3,10416750,0.02128948688007072,0.01018039416521787,0.02937080018336828,0,0.6857874393463135,129,control
6,10368384,0.02141863812539504,0.01022590510547161,0.02950163008658159,0,0.6216570734977722,129,control
9,10640320,0.02133614924082201,0.01022313255816698,0.02943252918721437,0,0.7055234909057617,129,control
12,10530024,0.02119904921332301,0.01014187838882207,0.02920963371936468,0,0.6841755509376526,129,control
15,10294316,0.02121900485808777,0.01015223003923893,0.02919334630933668,0,0.7240395545959473,129,control
18,10403838,0.0212217343476039,0.01013304106891155,0.02938295688479887,0,2.132890462875366,129,control
21,10634072,0.02123928465215923,0.01016230974346399,0.02929914609337414,0,0.8642550110816956,129,control
24,10455102,0.02128339290571191,0.0101286694407463,0.0303074264874274,0,3.373594284057617,129,control
27,10436124,0.02126865302958681,0.01017220877110958,0.02928528673749498,0,0.6767114400863647,129,control
30,10438920,0.02161004861840292,0.01018553040921688,0.04627103882653348,0,15.31619930267334,129,control
33,10403610,0.0215356700615637,0.0103092361241579,0.029646911064531722,0,0.6841755509376526,129,control
36,10520220,0.02142186859213148,0.01019109971821308,0.03258939613101832,0,6.049466609954834,129,control
39,10598070,0.02130570505846536,0.01021586917340755,0.02936912489071026,0,1.0293495655059814,129,control
42,10471527,0.02121029446682763,0.01015836931765079,0.02919322381841309,0,0.8261147141456604,129,control
45,10387729,0.02149427759096087,0.01027769036591053,0.03006814406334443,0,3.2700273990631104,129,control
48,10358736,0.02117946900532746,0.01013919059187173,0.02915524891984409,0,0.6122516989707947,129,control
0,973180,0.02113718314819478,0.01016744971275329,0.02896331321422517,0,0.6841755509376526,13,control
3,955476,0.02136984105905594,0.01020899228751659,0.02944564326853877,0,0.5434810519218445,13,control
6,928302,0.02133554269390693,0.01014187838882207,0.02939836577689771,0,0.6129453182220459,13,control
9,972171,0.0216892101352184,0.01035778131335973,0.02983787592572758,0,0.547423243522644,13,control
12,982056,0.02147980689057233,0.01028631348162889,0.0296356348139405,0,0.522346019744873,13,control
15,966288,0.02128540299335695,0.01016744971275329,0.02926299264885843,0,0.5784626603126526,13,control
18,950525,0.02183907126172238,0.01043082028627395,0.0301630247243744,0,0.5611834526062012,13,control
21,961324,0.02127253860057322,0.01019817870110273,0.02917341299117864,0,0.4849319756031037,13,control
24,976140,0.0213099188309083,0.01019942481070756,0.02932716341135527,0,0.6341500282287598,13,control
27,961198,0.02130011322793213,0.0102332467213273,0.02914902665536549,0,0.6325857043266296,13,control
30,987012,0.02165523460331992,0.01037773583084344,0.02977516309431776,0,0.6447427868843079,13,control
33,958425,0.02084366739233272,0.01000590529292821,0.02874573795466539,0,0.566896915435791,13,control
36,967230,0.0212041047109276,0.01014187838882207,0.02926432889249282,0,0.5104839205741882,13,control
39,977000,0.02135110218766504,0.0101961325854063,0.02935484188135663,0,0.4560038149356842,13,control
42,944784,0.02123274040715719,0.01015533600002527,0.02917789593773465,0,0.6841755509376526,13,control
45,962192,0.02158140259140664,0.01032442972064018,0.02972407371199067,0,0.5434810519218445,13,control
48,948532,0.02134805070926469,0.0102332467213273,0.02937068732426304,0,0.6249127984046936,13,control
0,1477060,0.02150267824744253,0.01029190607368946,0.02966685084686867,0,0.6073858141899109,130,control
3,1501298,0.021351192425639,0.01014187838882207,0.03030041214712555,0,1.7523186206817627,130,control
6,1478332,0.0213809751643324,0.01022590510547161,0.02957375320500649,0,0.7454280257225037,130,control
9,1475901,0.02127419171861393,0.01018708478659391,0.02924738468365942,0,0.5346450209617615,130,control
12,1504230,0.02131128685744383,0.01015143655240535,0.02935820760151664,0,0.566896915435791,130,control
15,1499394,0.02118422707840035,0.01018039416521787,0.02908699038252998,0,0.4768790006637573,130,control
18,1482306,0.02136675267735412,0.01019453629851341,0.02946408375132751,0,0.5424096584320068,130,control
21,1473796,0.0212565372675909,0.01017883140593767,0.02923454223813095,0,0.646826446056366,130,control
24,1471200,0.02132039445345714,0.01014972385019064,0.02935915237996638,0,0.8853158950805664,130,control
27,1477368,0.02122091763541014,0.01013870444148779,0.02933604161111119,0,0.7106826901435852,130,control
30,1461240,0.02125589576216241,0.01011628564447164,0.02945232430794763,0,0.9598050713539124,130,control
33,1495608,0.021207621019993,0.01019003521651029,0.02913833200815388,0,0.5533496737480164,130,control
36,1475004,0.02127736199394142,0.01014187838882207,0.02928660063008072,0,0.4748336672782898,130,control
39,1491906,0.02139086261957764,0.01022556331008672,0.02953018965535585,0,0.6013466715812683,130,control
42,1482276,0.02135167965506411,0.01020899228751659,0.02941373660349848,0,0.5182639360427856,130,control
45,1467712,0.02120373313966537,0.01014187838882207,0.02921746004773642,0,0.5744583010673523,130,control
48,1507815,0.0212680398849639,0.01017850171774625,0.0292761638209887,0,0.5434810519218445,130,control
0,2715855,0.02114289700442334,0.01009745616465807,0.02915802383658887,0,0.5695227980613708,131,control
3,2785032,0.02125878538388429,0.01021020766347646,0.02929511791422509,0,0.5744583010673523,131,control
6,2738449,0.02136450542280553,0.01022590510547161,0.02946149186926393,0,0.6346561908721924,131,control
9,2778264,0.02135178815859879,0.01025842409580946,0.02939934961318938,0,0.566896915435791,131,control
12,2761988,0.02117969713359184,0.01010818034410476,0.02922300490460313,0,0.6841755509376526,131,control
15,2737130,0.02121213214286697,0.01017417944967746,0.0291910177607079,0,0.5667126774787903,131,control
18,2722211,0.02127680520004199,0.01015603635460138,0.02928759638309539,0,0.5983755588531494,131,control
21,2721204,0.02135642033292835,0.01024536695331335,0.02948919953016839,0,0.6841755509376526,131,control
24,2703918,0.0213139534569166,0.01016939245164394,0.0293907766687468,0,0.6841755509376526,131,control
27,2714880,0.02128274881648617,0.01014976296573877,0.02935751691108828,0,0.618377149105072,131,control
30,2677262,0.02129173482484087,0.01018708478659391,0.02928562855696175,0,0.5866675972938538,131,control
33,2702615,0.02143852379667404,0.01021142024546861,0.02952797512942771,0,0.618377149105072,131,control
36,2706678,0.02148358023044421,0.01028499472886324,0.02956596938266674,0,0.6075363755226135,131,control
39,2679285,0.02125622082040952,0.01013870444148779,0.02935289879288715,0,0.6129453182220459,131,control
42,2704368,0.02131158724992648,0.01022146735340356,0.02936704828998328,0,0.8654996752738953,131,control
45,2681274,0.02140670906965389,0.01027282048016786,0.02945211141598607,0,0.7240395545959473,131,control
48,2714226,0.02135331716657711,0.01019445154815912,0.02939762845838674,0,0.5265645980834961,131,control
0,814044,0.02130224681622092,0.01020899228751659,0.02935063269986054,0,0.4365679919719696,132,control
3,817848,0.02132491219045171,0.01020852196961641,0.02931491718811392,0,0.43638861179351807,132,control
6,815662,0.02114309913730933,0.01006554067134857,0.02919661676004511,0,0.49621522426605225,132,control
9,811442,0.02140988076775707,0.01029190607368946,0.0294702464409254,0,0.6360959410667419,132,control
12,797790,0.02126842827344,0.01013434585183858,0.02932214630023898,0,0.5106523036956787,132,control
15,818449,0.02142080090854198,0.01034337282180786,0.02949638863042643,0,0.5001779794692993,132,control
18,831488,0.02156332489834676,0.01026437990367412,0.02973463081627362,0,0.527621328830719,132,control
21,834496,0.02191312731960809,0.01043082028627395,0.03044765867717485,0,0.8704801797866821,132,control
24,839007,0.02136145830298561,0.0102332467213273,0.02952084481481129,0,0.5136807560920715,132,control
27,815085,0.02116382802684466,0.01010441780090332,0.02921293676917008,0,0.5784626603126526,132,control
30,805248,0.021560839992581,0.01023714244365692,0.02996334633689522,0,0.6153317093849182,132,control
33,828360,0.02111700067694009,0.01007654145359993,0.02909240794619905,0,0.5334551334381104,132,control
36,799668,0.021363324469847,0.0102657014504075,0.02936282850780444,0,0.566896915435791,132,control
39,811440,0.02138527821505331,0.01029172167181968,0.02937118638419931,0,0.5434810519218445,132,control
42,793352,0.02130699401675766,0.01025998778641223,0.029167619829155,0,0.5265645980834961,132,control
45,821424,0.02148415706585062,0.01032921019941568,0.02943022913381667,0,0.5606502890586853,132,control
48,785540,0.02117491465828263,0.01012030150741338,0.02908110438543817,0,0.566896915435791,132,control
0,1857328,0.0212599633020647,0.01014187838882207,0.02962813496181844,0,2.5704684257507324,133,control
3,1849479,0.02143907507872175,0.01024690549820661,0.02954868511215976,0,0.6546949148178101,133,control
6,1853410,0.02196015225961774,0.01050933729857206,0.0302564224447061,0,0.5744583010673523,133,control
9,1834364,0.02163741389753329,0.0103535745292902,0.02976570245096045,0,0.5936068296432495,133,control
12,1839336,0.0211827648950596,0.01009745616465807,0.02913175987381937,0,0.6546949148178101,133,control
15,1860375,0.02148864556383156,0.01015603635460138,0.0323606024809438,0,2.8987343311309814,133,control
18,1818960,0.02170032187363706,0.01037773583084344,0.02993217851594231,0,0.9028047919273376,133,control
21,1884105,0.02195981086026328,0.01041570212692022,0.03597468107740261,0,4.103515625,133,control
24,1845480,0.02121870484248639,0.01015533600002527,0.02919863413862837,0,0.5477128624916077,133,control
27,1825796,0.02137374214458911,0.01021475158631801,0.02951945513421942,0,0.6987040638923645,133,control
30,1848700,0.0215867189246224,0.01040149293839931,0.0296741357320891,0,0.5856934785842896,133,control
33,1858826,0.02158635287336709,0.01029190607368946,0.03001816023377357,0,1.0250173807144165,133,control
36,1883000,0.02146769206452116,0.01022556331008672,0.02965710762424734,0,0.5918256640434265,133,control
39,1854963,0.02115918581203633,0.01009745616465807,0.02917700682010598,0,0.9142566919326782,133,control
42,1852065,0.02107294366328849,0.01008729357272386,0.02897535792046752,0,0.6075363755226135,133,control
45,1839540,0.02137516782822826,0.01025635842233896,0.02947345961554205,0,0.6546949148178101,133,control
48,1833548,0.02147901896585991,0.01027748547494411,0.02957053654963421,0,0.6284762024879456,133,control
0,6192542,0.02120771035871643,0.01013755705207586,0.02926491190216399,0,0.9996173977851868,134,control
3,6165264,0.02136931646682704,0.01021051127463579,0.0297038742551507,0,1.8771952390670776,134,control
6,6172710,0.02121582254192263,0.01013091392815113,0.02932862605823269,0,1.0075252056121826,134,control
9,6136446,0.02146808135297259,0.01028043683618307,0.02966631144474675,0,0.9268116354942322,134,control
12,6212346,0.02133314462391101,0.01019003521651029,0.02943316963533512,0,0.9775919914245604,134,control
15,6147878,0.02125296755470743,0.01014056149870157,0.02928767342758403,0,0.8063570261001587,134,control
18,6067572,0.02137374126595453,0.0101961325854063,0.02943990253925605,0,0.621270477771759,134,control
21,6237476,0.02135391856676212,0.01021051127463579,0.02943120772111165,0,0.840080201625824,134,control
24,6224701,0.02132021384926944,0.01022149994969368,0.02934740149574362,0,0.7241265177726746,134,control
27,6217162,0.02134619519594775,0.01015836931765079,0.03025204495729002,0,3.1976356506347656,134,control
30,6076081,0.02153937418325232,0.01022313255816698,0.0321699647515988,0,5.443089485168457,134,control
33,6267440,0.02142830237298748,0.01027727965265512,0.02954658085168273,0,0.7662593722343445,134,control
36,6162716,0.02130045338514721,0.01018666569143533,0.02934802362714311,0,0.8291871547698975,134,control
39,6193752,0.02144374093706039,0.01029190607368946,0.02950536397483761,0,0.5983755588531494,134,control
42,6194925,0.02125928583610278,0.01020899228751659,0.02929348648628708,0,0.6129453182220459,134,control
45,6150364,0.02125341125582655,0.01016408950090408,0.02935561803816386,0,1.168049693107605,134,control
48,6137734,0.02141883812590864,0.01019109971821308,0.03212163399135304,0,4.828147888183594,134,control
0,1425411,0.021312990425111,0.01025635842233896,0.02934221285169251,0,0.5477128624916077,135,control
3,1377082,0.02136788381583346,0.01015533600002527,0.03033471043802169,0,1.5579842329025269,135,control
6,1393200,0.02139593378457127,0.01021051127463579,0.02964384591303232,0,0.8315128087997437,135,control
9,1437201,0.02185581446882868,0.01033379137516021,0.03694486150387399,0,4.194843769073486,135,control
12,1372340,0.02209350221822608,0.01029649283736944,0.04960763934480689,0,8.67006778717041,135,control
15,1381338,0.02113010016121965,0.01010818034410476,0.0291456831882671,0,0.49621522426605225,135,control
18,1399005,0.0211930682998628,0.01013434585183858,0.02917140797877806,0,0.5089103579521179,135,control
21,1395810,0.02136690875151116,0.01020899228751659,0.02939720852319295,0,0.568489134311676,135,control
24,1398276,0.02137573289574701,0.01016408950090408,0.03010678045371022,0,1.657492756843567,135,control
27,1368756,0.02120691480184742,0.01009745616465807,0.0292528542757823,0,0.514768123626709,135,control
30,1404224,0.02131412074251419,0.0101961325854063,0.02937246581446029,0,0.4789689779281616,135,control
33,1390464,0.02127894042790772,0.01014187838882207,0.02943490432455485,0,0.8696660399436951,135,control
36,1399200,0.02140829854737291,0.01025699637830257,0.02991595392840991,0,1.9375617504119873,135,control
39,1382927,0.02128780415914416,0.01014187838882207,0.02937574231029035,0,0.6846525073051453,135,control
42,1414778,0.02106842396036451,0.01006648875772953,0.02900673914304894,0,0.5028857588768005,135,control
45,1417290,0.02179467149052927,0.01044333167374134,0.02994576816897331,0,0.5482248663902283,135,control
48,1421924,0.02129308215518537,0.01016408950090408,0.02936142545804684,0,0.5150874257087708,135,control
0,5279360,0.02211275609566401,0.0101892789825797,0.07854298658638956,0,23.66694068908691,136,control
3,5202000,0.02127448516409142,0.01017665863037109,0.02927322983990953,0,0.7240395545959473,136,control
6,5127850,0.02133307221160695,0.01016408950090408,0.02939770860777889,0,0.6129453182220459,136,control
9,5251524,0.02128196200746364,0.01017634943127632,0.02937349034670453,0,0.6560004353523254,136,control
12,5258736,0.0212788695387866,0.01016408950090408,0.02931455753430958,0,0.7106826901435852,136,control
15,5260132,0.02150183220933439,0.01013091392815113,0.03446430091690556,0,6.712233066558838,136,control
18,5137264,0.02146584951903175,0.01029071025550365,0.02952038753386902,0,0.7815737724304199,136,control
21,5201582,0.02151086147071173,0.01022313255816698,0.0300274462553071,0,2.9519166946411133,136,control
24,5130144,0.0212435385324545,0.01016545295715332,0.02927774991052775,0,1.2250511646270752,136,control
27,5240478,0.02383949400985443,0.01012286450713872,0.2150785670119255,0,75.51107025146484,136,control
30,5230200,0.02127788724477575,0.0101666348055005,0.0295539475157815,0,1.3215031623840332,136,control
33,5259492,0.02136473582585258,0.01019817870110273,0.02959839648561304,0,1.878858208656311,136,control
36,5213112,0.02118171917412787,0.0101230964064598,0.02917092243320129,0,0.8636776804924011,136,control
39,5181852,0.02121175149344528,0.01017491333186626,0.02919628672918433,0,0.6767114400863647,136,control
42,5224500,0.02140680128372114,0.01021558325737714,0.02969715905230723,0,1.4353646039962769,136,control
45,5296900,0.02145514418240879,0.01019516680389642,0.03422512935488554,0,6.106052875518799,136,control
48,5103178,0.0213542201263917,0.01014187838882207,0.03030957879551381,0,3.319669008255005,136,control
0,7545048,0.02123248029205902,0.01018339022994041,0.02923715966175112,0,0.6464564800262451,137,control
3,7407684,0.02208576088593141,0.01010818034410476,0.0834038127877458,0,26.080814361572266,137,control
6,7589241,0.02132050485903027,0.01021051127463579,0.02937820758502086,0,0.5693933367729187,137,control
9,7403517,0.02161435443640931,0.01035480108112096,0.02975565141152125,0,0.566896915435791,137,control
12,7419447,0.02139103453405313,0.01021142024546861,0.02948568373575404,0,0.6841755509376526,137,control
15,7390060,0.02154789760114986,0.01016545295715332,0.03704931165272079,0,10.134628295898438,137,control
18,7526412,0.02126643631902457,0.01015603635460138,0.02926954218972532,0,0.6252098679542542,137,control
21,7367640,0.02144643800594666,0.01022590510547161,0.03024203819009105,0,2.1757724285125732,137,control
24,7498192,0.02131278515941089,0.01019968371838331,0.02936390093047635,0,0.7796298265457153,137,control
27,7316664,0.02123237507080141,0.01017220877110958,0.02920274405511953,0,0.7551798224449158,137,control
30,7343811,0.02117437078511189,0.01011668425053358,0.02912156244335664,0,0.5977372527122498,137,control
33,7400938,0.02123584750496494,0.01014415733516216,0.02922097030269329,0,0.6841755509376526,137,control
36,7395030,0.02123745186902718,0.01017491333186626,0.02928423310600205,0,0.7598896026611328,137,control
39,7424664,0.02122015933145602,0.01014187838882207,0.02922914538564901,0,0.7106826901435852,137,control
42,7423024,0.02147320714717571,0.01029190607368946,0.029555291858713362,0,0.6841755509376526,137,control
45,7502208,0.021419202743512,0.01024072710424661,0.02951376345968208,0,0.775370180606842,137,control
48,7408884,0.02131340920083359,0.01018504239618778,0.02961198068898166,0,1.306645154953003,137,control
0,2984220,0.02123965625824894,0.01018039416521787,0.02924977107254204,0,0.6546949148178101,138,control
3,2972908,0.02113672603848292,0.01013091392815113,0.02912255181703556,0,0.5424096584320068,138,control
6,2876055,0.02134254872920049,0.01019003521651029,0.03107130474266268,0,3.2972371578216553,138,control
9,2933928,0.02129995875392366,0.01017491333186626,0.02927741694591857,0,0.6841755509376526,138,control
12,2967640,0.02122127093400108,0.01013621687889099,0.0292155270682144,0,0.5859276652336121,138,control
15,2947248,0.02131968204416811,0.01015836931765079,0.02939569261187058,0,0.5440720915794373,138,control
18,2917712,0.02125768749662023,0.0101961325854063,0.02924518530618314,0,0.5744583010673523,138,control
21,2937220,0.02130045294137283,0.01016456726938486,0.02934195064287515,0,0.6278530359268188,138,control
24,2940384,0.02123792424505681,0.01020075660198927,0.02919523871380777,0,0.5968539714813232,138,control
27,2908028,0.02117630860178049,0.01009949576109647,0.02914877804283371,0,0.646826446056366,138,control
30,2948546,0.02151951137799433,0.010303795337677,0.02963575797119041,0,0.566896915435791,138,control
33,2951682,0.02136797298654912,0.0102389482781291,0.02940405963662136,0,0.6206362843513489,138,control
36,2926845,0.02121999794202588,0.01018474344164133,0.02922587266250109,0,0.5434810519218445,138,control
39,2921688,0.02136473649012213,0.01020195800811052,0.02935854548926637,0,0.5089103579521179,138,control
42,2949924,0.02119486551972873,0.01010818034410476,0.02919914805895199,0,0.5089103579521179,138,control
45,3015233,0.02130551179198813,0.0102657014504075,0.02933630004746574,0,0.575614869594574,138,control
48,2980592,0.02117808977181379,0.01015673950314521,0.02912192570173386,0,0.7602879405021667,138,control
0,5407875,0.02121227889016179,0.01013289298862218,0.02921599158400072,0,0.6349311470985413,139,control
3,5395845,0.0212709583715953,0.01014846842736005,0.02926204677978606,0,0.6073164939880371,139,control
6,5354371,0.02128991154757815,0.01014976296573877,0.02935000547388424,0,0.9418850541114808,139,control
9,5261347,0.0216718484105797,0.01038429047912359,0.02982512233143377,0,0.7060611844062805,139,control
12,5357200,0.02127507835463476,0.01013091392815113,0.02927876895262609,0,0.5482248663902283,139,control
15,5418359,0.02132770740265052,0.0101395733654499,0.02942902830781974,0,0.7454280257225037,139,control
18,5384610,0.02146296885136696,0.01026951801031828,0.02964812875675561,0,1.103461742401123,139,control
21,5395653,0.02139877203492247,0.0102657014504075,0.02942393003747988,0,0.5869959592819214,139,control
24,5451264,0.02135389117911592,0.01019109971821308,0.02939315039358447,0,0.6773763298988342,139,control
27,5446595,0.02134061580195828,0.01021051127463579,0.02937371596176631,0,0.6841755509376526,139,control
30,5429508,0.02145410515440165,0.01024425867944955,0.02953604749242055,0,0.6841755509376526,139,control
33,5381724,0.02135684610279189,0.01017892453819513,0.02941700170884807,0,0.6996846795082092,139,control
36,5331312,0.02122477331751894,0.01011413894593715,0.02921264156209625,0,0.8581907749176025,139,control
39,5331225,0.0213439719219152,0.0101820770651102,0.02937627165490889,0,0.6841755509376526,139,control
42,5368440,0.02119195908998351,0.01009966991841793,0.02912059294346941,0,0.772180438041687,139,control
45,5475404,0.02115631819166672,0.01009745616465807,0.02914663000950622,0,0.8849963545799255,139,control
48,5505412,0.0213850152568648,0.01019003521651029,0.02956038137817964,0,1.0888839960098269,139,control
0,3738416,0.0213175531226182,0.01021051127463579,0.02932684563023999,0,0.6610233187675476,14,control
3,3782925,0.02127089309052613,0.01019019726663827,0.02932911032493524,0,0.5805565118789673,14,control
6,3773234,0.02154273741603576,0.01033776625990867,0.02966612726669695,0,0.878882110118866,14,control
9,3718872,0.02120778600333385,0.01014235895127058,0.02920217325756526,0,0.6553743481636047,14,control
12,3744144,0.02126378361086922,0.01015836931765079,0.02927401365798195,0,0.6075363755226135,14,control
15,3718840,0.02149356349314664,0.01022658869624137,0.03127719157858303,0,3.838404417037964,14,control
18,3682545,0.0214413242745119,0.01025873702019453,0.02963086763877212,0,1.1874693632125854,14,control
21,3777120,0.02133331078596145,0.01019968371838331,0.02944118982494672,0,0.7454280257225037,14,control
24,3703194,0.02147127793122716,0.01021142024546861,0.02970368630884789,0,1.106719136238098,14,control
27,3672916,0.02127030408176425,0.01016408950090408,0.02948421107883993,0,1.1832818984985352,14,control
30,3812146,0.02125473355409864,0.01017533987760543,0.02927764693822643,0,0.646826446056366,14,control
33,3757752,0.0213844580254507,0.01022313255816698,0.02947815826003615,0,0.5794985294342041,14,control
36,3788850,0.02118655278482141,0.01014483626931905,0.02917461896283318,0,0.7454280257225037,14,control
39,3751869,0.02131687021704257,0.01019329857081174,0.02936272042466128,0,0.6858644485473633,14,control
42,3810204,0.02124305818237516,0.01017808075994253,0.02934357071673243,0,0.7666987776756287,14,control
45,3775128,0.0212425125930124,0.01014187838882207,0.0292763378431066,0,0.6320762634277344,14,control
48,3808242,0.02132455989001485,0.01022424083203077,0.02939496321709284,0,0.7106826901435852,14,control
0,6095952,0.02129903523942579,0.01014187838882207,0.02951942894503953,0,1.4032015800476074,140,control
3,6080672,0.02127895657670292,0.01014187838882207,0.02931312400842232,0,0.6841755509376526,140,control
6,6130567,0.02134371872811967,0.01019817870110273,0.02941913900597288,0,0.9117262363433838,140,control
9,5997201,0.0212486515803194,0.01013091392815113,0.02928079421332432,0,0.6287680268287659,140,control
12,6118190,0.02138776568857415,0.01021870318800211,0.02943413133239164,0,0.6546949148178101,140,control
15,6117992,0.0214000325276165,0.0102332467213273,0.02946038378192801,0,0.7454280257225037,140,control
18,6100675,0.02127854344206753,0.01014972385019064,0.02928040501180306,0,0.8376610279083252,140,control
21,6127638,0.02133201468799679,0.0101820770651102,0.02937737020524188,0,0.6841755509376526,140,control
24,6066248,0.02138027656372877,0.01021197158843278,0.02940482306415304,0,0.6857874393463135,140,control
27,6230015,0.02130298698091811,0.01018039416521787,0.02934356762453515,0,0.6287680268287659,140,control
30,6093420,0.02124033167821206,0.01014599576592445,0.02922443552652965,0,0.6129453182220459,140,control
33,6115533,0.02129589756122345,0.01014187838882207,0.02927132782681033,0,0.9441028833389282,140,control
36,6034372,0.02124124990891023,0.01011653337627649,0.02920558273255157,0,0.9400111436843872,140,control
39,6185144,0.02120729294875248,0.01014187838882207,0.02923953220944708,0,0.6767114400863647,140,control
42,6197590,0.02135232275628171,0.01021475158631801,0.02934135953552253,0,0.6841755509376526,140,control
45,6212250,0.02129467369085023,0.01018039416521787,0.02925936667467806,0,0.7301731109619141,140,control
48,6169295,0.02132537645641033,0.01021051127463579,0.02927551867305852,0,0.6841755509376526,140,control
0,778848,0.02121823164027793,0.01005322579294443,0.03102993953174439,0,2.34603214263916,141,control
3,761046,0.02105282071002132,0.01005322579294443,0.03020088729929521,0,2.3532845973968506,141,control
6,796400,0.0212406644440722,0.01015836931765079,0.02921365848495503,0,0.5679451823234558,141,control
9,762762,0.02124758448182783,0.01009680330753326,0.02946363411852066,0,0.6841755509376526,141,control
12,758810,0.02136595968586506,0.01018920820206403,0.02934546471997535,0,0.5418888926506042,141,control
15,762080,0.0215176836045934,0.0103092361241579,0.02958821367897906,0,0.5478178858757019,141,control
18,777563,0.02147843214152904,0.01029415894299745,0.02948291081284394,0,0.564775824546814,141,control
21,748388,0.02127459366399903,0.01010818034410476,0.02948689301608199,0,0.568489134311676,141,control
24,755380,0.02143119595066254,0.01018039416521787,0.02958979665826061,0,0.6129453182220459,141,control
27,756510,0.02123271694496231,0.01015836931765079,0.02912897842068026,0,0.5915927290916443,141,control
30,771617,0.02133784174883365,0.01019817870110273,0.02936438336083451,0,0.5553241968154907,141,control
33,748278,0.02128379408734859,0.01019817870110273,0.02926098935436777,0,0.457485169172287,141,control
36,768042,0.02119063879566674,0.01013091392815113,0.029163429702788998,0,0.4789689779281616,141,control
39,747054,0.02123417937622708,0.01018553040921688,0.02933270630542349,0,0.7119035124778748,141,control
42,754160,0.02131029875402732,0.01017077267169952,0.0292614838694911,0,0.5434810519218445,141,control
45,764150,0.02129691233260416,0.01016408950090408,0.02922694547078871,0,0.457485169172287,141,control
48,757390,0.02127797919951995,0.0101230964064598,0.02929710970732673,0,0.5627048015594482,141,control
0,1473760,0.02119799040679099,0.01013434585183858,0.02924586217339715,0,1.0217230319976809,142,control
3,1472492,0.02106419829557587,0.01005322579294443,0.02915021069057754,0,1.0412328243255615,142,control
6,1516536,0.02188676419193779,0.01047066133469343,0.03076324526811217,0,1.493830323219299,142,control
9,1512819,0.02164299883329752,0.01036267355084419,0.03008808723916594,0,1.072326421737671,142,control
12,1470066,0.02128034370799217,0.01013091392815113,0.0294610924161209,0,0.77198725938797,142,control
15,1528926,0.02135171393416365,0.01016408950090408,0.02953809052357011,0,0.9640478491783142,142,control
18,1523438,0.02170327403466475,0.01040614768862724,0.0301322308607101,0,0.9101306796073914,142,control
21,1533726,0.02136648749981141,0.01013434585183858,0.02950166990986607,0,0.566896915435791,142,control
24,1515352,0.02132255035154669,0.01018915511667728,0.02942621048347377,0,0.6822298765182495,142,control
27,1499400,0.02134492591604978,0.0101961325854063,0.02949402072312621,0,0.8565011620521545,142,control
30,1495245,0.02146569780585521,0.01018421165645122,0.02982200567966418,0,1.064624547958374,142,control
33,1509156,0.02158463951056884,0.01026951801031828,0.03027164806999152,0,1.34593403339386,142,control
36,1498151,0.02134863235400175,0.0101761408150196,0.02948326090113429,0,0.6641566157341003,142,control
39,1500616,0.02146735191208697,0.01026711147278547,0.0296450173637239,0,0.6582186222076416,142,control
42,1488391,0.0214411899158929,0.01023541949689388,0.02958956868750581,0,0.6009652614593506,142,control
45,1507948,0.02151329488940252,0.01029190607368946,0.02972476364719582,0,0.6569933295249939,142,control
48,1510416,0.02128566721979214,0.01015715114772319,0.02938948134397733,0,0.6366532444953918,142,control
0,731124,0.02103190053601732,0.01010818034410476,0.0288903457972295,0,0.5343884229660034,143,control
3,758582,0.02149793253037924,0.01034922525286674,0.02948087453969263,0,0.5034059286117554,143,control
6,727130,0.02198493748677836,0.01054116431623697,0.03038655405461149,0,0.5688398480415344,143,control
9,729000,0.02131696344192674,0.01018492504954338,0.0293960082795921,0,0.4691268801689148,143,control
12,746100,0.02114812845952245,0.01015025284141302,0.02904403169207954,0,0.46465399861335754,143,control
15,716534,0.02103038366910313,0.01005891989916563,0.02897300336995082,0,0.561063289642334,143,control
18,748034,0.02158314660945943,0.01041570212692022,0.02968643148362693,0,0.7454280257225037,143,control
21,726980,0.02140689530296698,0.01023594196885824,0.02955711705074411,0,0.4990747570991516,143,control
24,730398,0.02141224129223712,0.01025845110416412,0.02940670000222324,0,0.4967349171638489,143,control
27,723330,0.02151527838642683,0.01034844201058149,0.0295684712733016,0,0.6490405201911926,143,control
30,722358,0.02118891946576755,0.01008031982928514,0.02925357194001151,0,0.6748512983322144,143,control
33,738304,0.02144366108257562,0.01025658659636974,0.02954971133288266,0,0.7454280257225037,143,control
36,722358,0.02133751406812649,0.01019003521651029,0.02934104917454163,0,0.5679451823234558,143,control
39,737664,0.02101370736076159,0.01007654145359993,0.02898784000009184,0,0.6009652614593506,143,control
42,716320,0.02158861306744756,0.01032442972064018,0.02967104336007396,0,0.5757994651794434,143,control
45,748098,0.02158618424075736,0.01033344492316246,0.02980205555353241,0,0.4962525963783264,143,control
48,733549,0.02104291575111304,0.01002993714064359,0.02899802871148919,0,0.5265645980834961,143,control
0,4302494,0.02130128373301025,0.01019003521651029,0.02931152779779904,0,0.7746918797492981,144,control
3,4382900,0.02117961616699215,0.01013919059187173,0.0291540932708985,0,0.566896915435791,144,control
6,4459919,0.0211958126037803,0.01010742131620645,0.02921919161015545,0,0.6841755509376526,144,control
9,4474218,0.02126189814746111,0.01018039416521787,0.02920590587582767,0,0.566896915435791,144,control
12,4344438,0.021293464664259,0.01015836931765079,0.029306293368522172,0,0.566896915435791,144,control
15,4382586,0.02127430457166586,0.01018039416521787,0.02930526356023775,0,0.566896915435791,144,control
18,4389560,0.02126036671377552,0.01014972385019064,0.02929007730458773,0,0.6490405201911926,144,control
21,4380762,0.02118167052600699,0.01010818034410476,0.02916512120022074,0,0.6841755509376526,144,control
24,4410378,0.02124396798528077,0.01015217881649732,0.02925925616331274,0,0.5700867772102356,144,control
27,4446200,0.02126129547027792,0.01015836931765079,0.02930802914959881,0,0.5813720226287842,144,control
30,4387869,0.02142546706069705,0.01027149986475706,0.02953661821776426,0,0.6490405201911926,144,control
33,4428614,0.02128279584211051,0.01016408950090408,0.02934259528404773,0,0.910353183746338,144,control
36,4428540,0.02125485117557121,0.01015473529696464,0.02926595926247766,0,0.6712232828140259,144,control
39,4370212,0.02114024011592434,0.01009680330753326,0.02912617210912369,0,0.6216570734977722,144,control
42,4432074,0.02135014411333448,0.01020356640219688,0.02941063392604219,0,0.6073858141899109,144,control
45,4351320,0.02150725213312075,0.01027808338403701,0.02963990471495646,0,0.5744583010673523,144,control
48,4437600,0.0215737620932407,0.01037773583084344,0.0296403418071514,0,0.6841755509376526,144,control
0,1408848,0.02148557080652432,0.0103261349722743,0.02954949536422444,0,0.6416125297546387,145,control
3,1382940,0.0212100304979728,0.01015836931765079,0.02922236665930702,0,0.6857874393463135,145,control
6,1370917,0.02152217976216027,0.01027149986475706,0.02957218571940404,0,0.6073164939880371,145,control
9,1389680,0.02129255560026132,0.01012286450713872,0.02928244920127366,0,0.5150874257087708,145,control
12,1411335,0.02130426244035802,0.01018553040921688,0.02938718576121355,0,0.5477128624916077,145,control
15,1398096,0.02134289543992918,0.01019003521651029,0.02937687085759248,0,0.5424096584320068,145,control
18,1382751,0.02140219650137833,0.01021586917340755,0.02944197373398736,0,0.566896915435791,145,control
21,1370050,0.02142595161016144,0.01021051127463579,0.02946869366134849,0,0.5065930485725403,145,control
24,1358378,0.0212774714564657,0.01012821216136217,0.02929741713973722,0,0.5173555612564087,145,control
27,1376970,0.02114855915014502,0.01009745616465807,0.02914831876902757,0,0.4867383539676666,145,control
30,1388520,0.02122028383910421,0.0101065244525671,0.02918601214997951,0,0.566896915435791,145,control
33,1407752,0.02172328967077288,0.01041232794523239,0.02993468402347338,0,0.6073858141899109,145,control
36,1376992,0.02117335173644428,0.01009680330753326,0.02922154161040815,0,0.6538751125335693,145,control
39,1386450,0.02134492259359317,0.0102302823215723,0.02922580915214923,0,0.5983755588531494,145,control
42,1394725,0.02154092922245139,0.01032231748104095,0.02955746288272359,0,0.5062153339385986,145,control
45,1364223,0.02150885807640792,0.01025021355599165,0.02963652175711645,0,0.566896915435791,145,control
48,1388862,0.0213871044302736,0.01010905671864748,0.02964230223868577,0,1.166229248046875,145,control
0,907425,0.02134329242204173,0.0101961325854063,0.02930500796644168,0,0.48277780413627625,146,control
3,881685,0.02145708359848442,0.0103092361241579,0.02933158905122515,0,0.6841755509376526,146,control
6,906264,0.02144130647067163,0.01026098802685737,0.02951842903465225,0,0.637870192527771,146,control
9,885666,0.02123814706250554,0.01017531007528305,0.02912247035951148,0,0.514768123626709,146,control
12,865240,0.02129841625772147,0.01018474344164133,0.02937160195051802,0,0.7289713025093079,146,control
15,888160,0.0214056289478137,0.01021051127463579,0.02945272377624984,0,0.4789689779281616,146,control
18,875910,0.02130241556836232,0.01021051127463579,0.02932354627435355,0,0.5482248663902283,146,control
21,871200,0.02164136501390203,0.01035778131335973,0.02971682076883995,0,0.5039365291595459,146,control
24,885192,0.02136076139126813,0.01018039416521787,0.02934792853603936,0,0.6129453182220459,146,control
27,872360,0.0212853981326337,0.01019109971821308,0.02927612944933982,0,0.6857874393463135,146,control
30,892125,0.02130438144569379,0.0101961325854063,0.02924826784791903,0,0.49621522426605225,146,control
33,891210,0.02147266615688189,0.01028538588434457,0.02954232951184856,0,0.6779300570487976,146,control
36,910564,0.02104707371439503,0.01009745616465807,0.02893335537024838,0,0.4789689779281616,146,control
39,886964,0.02140896512444619,0.01021197158843278,0.02945940282633862,0,0.6546949148178101,146,control
42,883670,0.0215014982257737,0.01026437990367412,0.02960456084230223,0,0.489848792552948,146,control
45,886666,0.02106104850464897,0.01008129306137561,0.02891613062037382,0,0.6841755509376526,146,control
48,880542,0.02146010285192942,0.01019003521651029,0.02955939327364943,0,0.6841755509376526,146,control
0,1658510,0.02415762951527309,0.01020899228751659,0.16322341159518738,0,53.74104690551758,147,control
3,1621227,0.02123643683712525,0.01016545295715332,0.02914018495412372,0,0.6841755509376526,147,control
6,1610400,0.02145505912718532,0.01018474344164133,0.02988132932866168,0,1.178205132484436,147,control
9,1589392,0.02205111989144258,0.0106032844632864,0.03063489231622178,0,1.722245693206787,147,control
12,1601445,0.02118812908257033,0.01007644645869731,0.02984945689167744,0,1.8196861743927,147,control
15,1586304,0.02142657078623392,0.01021142024546861,0.02955351138553702,0,0.5758687257766724,147,control
18,1586639,0.02168290284461298,0.01040171459317207,0.03008285743064123,0,0.8383893966674805,147,control
21,1601075,0.02145909236934488,0.01022313255816698,0.02970833158000592,0,0.9557744860649108,147,control
24,1610196,0.021384445897645762,0.01016230974346399,0.02986918260738139,0,1.549453616142273,147,control
27,1607902,0.02328425079250388,0.01022313255816698,0.10744331692060154,0,27.16387367248535,147,control
30,1583637,0.02128356796062283,0.01011015381664037,0.02935887107030482,0,0.6416125297546387,147,control
33,1587868,0.02137522306863381,0.01026951801031828,0.02960677955736856,0,1.26360285282135,147,control
36,1603694,0.02126871467598873,0.01014187838882207,0.02941790020836014,0,0.7097082138061523,147,control
39,1597770,0.02128284101126098,0.01014051400125026,0.02959739932864357,0,1.573309302330017,147,control
42,1609632,0.02142034940734621,0.01023714244365692,0.02955884105649807,0,0.6371647715568542,147,control
45,1564446,0.02173011287698337,0.01040614768862724,0.03094898479351434,0,1.8723573684692385,147,control
48,1581408,0.02181674005508797,0.01029190607368946,0.03413218361955195,0,3.962338447570801,147,control
0,6239043,0.02145165576991561,0.01020832546055317,0.03108669746884145,0,3.639806270599365,148,control
3,6188623,0.02128931728924566,0.01010818034410476,0.02961754863668741,0,1.3928362131118774,148,control
6,6142362,0.02206888435522919,0.01027282048016786,0.0636328459251577,0,18.90888023376465,148,control
9,6185206,0.02133647375559338,0.0101820770651102,0.02954925064438433,0,1.0742353200912476,148,control
12,6229116,0.02144776896528447,0.01021145284175872,0.03098604676207552,0,3.21517562866211,148,control
15,6206642,0.02127981400320902,0.01016408950090408,0.02970999993308945,0,1.6849223375320437,148,control
18,6220970,0.02165240146905407,0.01028378121554851,0.03288526509268263,0,3.9311137199401855,148,control
21,6201888,0.02156169908830606,0.01022921223193407,0.03227744174720994,0,4.1829328536987305,148,control
24,6259163,0.02137432415935392,0.01016408950090408,0.02972867983463261,0,1.6383033990859983,148,control
27,6224064,0.02144724081475602,0.01016700640320777,0.03175267910631889,0,4.767083168029785,148,control
30,6224400,0.0220880626191124,0.01034844201058149,0.0521714268748156,0,13.654400825500488,148,control
33,6261954,0.02144201724594792,0.01020399667322635,0.03041161379857962,0,2.87323260307312,148,control
36,6198731,0.02155429696913004,0.01020899228751659,0.03414491266759486,0,5.597187042236328,148,control
39,6127212,0.0214110945293404,0.01018039416521787,0.0311699115404723,0,3.88996148109436,148,control
42,6314269,0.02174834197478501,0.01040077209472656,0.03051983758016589,0,1.6958250999450684,148,control
45,6212050,0.02136763972713946,0.01021051127463579,0.02958154368161117,0,1.2209577560424805,148,control
48,6174741,0.0213169872267677,0.01018474344164133,0.02954580761387809,0,1.876816749572754,148,control
0,2952898,0.02145215725580794,0.01025635842233896,0.02957766403779404,0,0.6268792748451233,149,control
3,2875356,0.02150316148293897,0.01029190607368946,0.02958238505860848,0,0.7240395545959473,149,control
6,2858076,0.02144108946114056,0.01022313255816698,0.02953635591270668,0,0.6711089015007019,149,control
9,2948720,0.0214874041678243,0.01033352501690387,0.02956221748912272,0,0.6129453182220459,149,control
12,2994924,0.02112503071026713,0.01011206209659576,0.02908874759720279,0,0.575614869594574,149,control
15,2934680,0.02131702349755185,0.01021051127463579,0.02937121225020902,0,0.6280452013015747,149,control
18,2920379,0.02158917205726146,0.01033237855881452,0.02979893767559423,0,0.6018474102020264,149,control
21,2869608,0.02172567517116978,0.01041232794523239,0.02989485247189436,0,0.6760522723197937,149,control
24,2954431,0.02121688195622588,0.01015630457550287,0.02921161398416742,0,0.6325857043266296,149,control
27,2900367,0.02120580199356246,0.01015533600002527,0.02923705950500161,0,0.8421003222465515,149,control
30,2904960,0.02150772507083223,0.0103557351976633,0.02964315689995233,0,0.600493848323822,149,control
33,2919744,0.02125929862487471,0.01014187838882207,0.02928727487567627,0,0.6546949148178101,149,control
36,2944550,0.02125806736009506,0.01017220877110958,0.02923240943228013,0,0.5333820581436157,149,control
39,2960022,0.02143200956318641,0.01029190607368946,0.02944579098520019,0,0.5941830277442932,149,control
42,2940300,0.02152521789237592,0.01032442972064018,0.02964056177232065,0,0.6621294617652893,149,control
45,2925692,0.02141497140559525,0.01018881052732467,0.02964453549769346,0,0.876315712928772,149,control
48,2950038,0.02118137245682298,0.01013397891074419,0.02925852187550961,0,0.6385349035263062,149,control
0,1597687,0.02128697407556677,0.01017311215400695,0.02937184702055856,0,0.5802510976791382,15,control
3,1570005,0.02150773273755058,0.01029190607368946,0.0300350124767804,0,1.5377901792526243,15,control
6,1611618,0.02117111543346816,0.01009680330753326,0.02927945911462035,0,0.7631621360778809,15,control
9,1629410,0.02135222480382278,0.0101986089721322,0.02947938256707128,0,0.5153576731681824,15,control
12,1617968,0.02136458993472623,0.01027486100792884,0.0293850271040828,0,0.606989324092865,15,control
15,1566162,0.02153354047140144,0.01029190607368946,0.02959652123176914,0,0.5936068296432495,15,control
18,1591370,0.02165033750899349,0.01037645898759365,0.02991793162820121,0,0.6778536438941956,15,control
21,1624350,0.02130178474891365,0.01020491309463977,0.02942851868267862,0,0.6532347202301025,15,control
24,1582555,0.02139497854836387,0.01022590510547161,0.02939819145096608,0,0.4654772281646729,15,control
27,1620529,0.02228905873109372,0.01029190607368946,0.06591715176852657,0,14.401928901672363,15,control
30,1572395,0.02171880551801743,0.01041232794523239,0.03001771046270618,0,0.6804322600364685,15,control
33,1555876,0.02127708288261118,0.0101230964064598,0.03045049676417132,0,2.3346898555755615,15,control
36,1563730,0.02138055538141604,0.01016408950090408,0.02975855293595043,0,0.8829978704452515,15,control
39,1590096,0.02125473704326561,0.01013121847063303,0.02941316677357978,0,0.9165018200874328,15,control
42,1567500,0.02149130232527851,0.01029190607368946,0.02978318599199425,0,0.9492350220680236,15,control
45,1553706,0.02122455462737191,0.01009680330753326,0.02942581562157075,0,1.259979248046875,15,control
48,1567423,0.02125543061288828,0.01019817870110273,0.02925275524999778,0,0.566896915435791,15,control
0,1311009,0.02117804448040224,0.01014972385019064,0.02909890421824889,0,0.590000569820404,150,control
3,1314000,0.02134195914985401,0.01022556331008672,0.0293356732300671,0,0.5448959469795227,150,control
6,1346688,0.02143088862750762,0.01027532387524843,0.02952340492054998,0,0.49621522426605225,150,control
9,1344330,0.02144236965124751,0.01029415894299745,0.02946735740131363,0,0.5477128624916077,150,control
12,1301040,0.02129602753065411,0.01016877964138984,0.02927137865078435,0,0.5511287450790405,150,control
15,1352373,0.02133598371385528,0.01019817870110273,0.02941342071888194,0,0.566896915435791,150,control
18,1338360,0.02141030421161367,0.01019003521651029,0.02956449221831123,0,0.6787295341491699,150,control
21,1308511,0.02131985808765494,0.01020899228751659,0.02942437405258611,0,0.49621522426605225,150,control
24,1340640,0.02105607993784528,0.01007323712110519,0.02900493365275358,0,0.6841755509376526,150,control
27,1307320,0.02119827694440632,0.01014972385019064,0.02919120895675367,0,0.5679451823234558,150,control
30,1325940,0.02133223482621338,0.01019011624157428,0.02937830980137155,0,0.5737672448158264,150,control
33,1329120,0.02129550564405294,0.0101961325854063,0.02937361198771849,0,0.6748512983322144,150,control
36,1336140,0.02121205348304114,0.01018474344164133,0.02916838235625941,0,0.5737672448158264,150,control
39,1314450,0.02143215592956306,0.01027245819568634,0.02948506955495893,0,0.5089103579521179,150,control
42,1301845,0.02151962678427761,0.01028499472886324,0.02972857421120258,0,0.75608229637146,150,control
45,1326908,0.02168918784923643,0.01041232794523239,0.0298730953350053,0,0.5057430863380432,150,control
48,1306328,0.02155588869771614,0.01029653660953044,0.02965875514663647,0,0.5732651948928833,150,control
0,2459640,0.02125392820525024,0.01014187838882207,0.02928069483589998,0,0.6391092538833618,151,control
3,2473800,0.02148248432155274,0.01029415894299745,0.02952490283371969,0,0.566896915435791,151,control
6,2531942,0.02153977762474516,0.01023707911372184,0.02969080305331944,0,0.646826446056366,151,control
9,2526168,0.02141426668253007,0.01024329476058483,0.02943939867075963,0,0.514768123626709,151,control
12,2556776,0.02143750398694812,0.01027426775544881,0.02945512653314478,0,0.6129453182220459,151,control
15,2510088,0.02112255388519729,0.0101178977638483,0.02910587978159402,0,0.7368083000183105,151,control
18,2510040,0.0214832120207546,0.01025845110416412,0.02966163850319103,0,0.71094512939453125,151,control
21,2498720,0.02159824979407386,0.01034011598676443,0.02970241257750515,0,0.6841755509376526,151,control
24,2521623,0.02141793025980033,0.01025223731994628,0.02946462341254895,0,0.6032311320304871,151,control
27,2515990,0.0212549010081383,0.01015715114772319,0.02918019767677994,0,0.5744583010673523,151,control
30,2554272,0.02141680915205474,0.0102657014504075,0.0294787119856089,0,0.5528262853622437,151,control
33,2496399,0.02159460041635024,0.01036267355084419,0.02969114462418717,0,0.6325857043266296,151,control
36,2488044,0.02113764727896688,0.01009680330753326,0.02915227517300783,0,0.566896915435791,151,control
39,2483415,0.02120857642843264,0.01013434585183858,0.02919519650395825,0,0.5343884229660034,151,control
42,2466164,0.02142301510722971,0.01014187838882207,0.03455686214536134,0,4.3613104820251465,151,control
45,2491945,0.02148222276076885,0.01029415894299745,0.02960562913537576,0,0.6585207581520081,151,control
48,2494548,0.02130520775446034,0.01014415733516216,0.02935695954685546,0,0.5866675972938538,151,control
0,2626741,0.02114378802994599,0.01009680330753326,0.02911324991866015,0,0.646826446056366,152,control
3,2657600,0.02147526933261358,0.01026951801031828,0.02959216509126697,0,0.5873621106147766,152,control
6,2570660,0.02135947494353025,0.01022658869624137,0.0294356415219841,0,0.7074430584907532,152,control
9,2567136,0.02162267273322348,0.0103092361241579,0.02985115920438851,0,0.8096941113471985,152,control
12,2560340,0.02133991934600528,0.01014187838882207,0.02934882629055713,0,0.748447597026825,152,control
15,2598350,0.02157368723471431,0.01034337282180786,0.02964183903342216,0,0.6129453182220459,152,control
18,2601030,0.02138044537593736,0.01023594196885824,0.02938940476648517,0,0.5136807560920715,152,control
21,2595742,0.02131602584827386,0.01015473529696464,0.02936090729271302,0,0.5035660266876221,152,control
24,2606648,0.02120614915087386,0.01014187838882207,0.02917130539490767,0,0.6841755509376526,152,control
27,2516888,0.02140329504845809,0.01023707911372184,0.02947191528109218,0,0.5482248663902283,152,control
30,2568240,0.02121944868190989,0.01009745616465807,0.02924495417475327,0,0.583214282989502,152,control
33,2617736,0.02158724187084382,0.01032442972064018,0.02975561643329904,0,0.6073858141899109,152,control
36,2582334,0.02112372118495779,0.01009680330753326,0.02906737427902747,0,0.5136807560920715,152,control
39,2634696,0.02125155978753608,0.01015533600002527,0.02929450472724188,0,0.8161114454269409,152,control
42,2584368,0.02134312152035065,0.01019003521651029,0.02943848885505424,0,0.8009302616119385,152,control
45,2613856,0.02143206330105335,0.01025164779275655,0.02949661094533746,0,0.681734025478363,152,control
48,2588768,0.02123556039310662,0.01013434585183858,0.02918033248678428,0,0.646826446056366,152,control
0,4073511,0.02123158337567429,0.01017883140593767,0.02920288330350005,0,0.5983755588531494,153,control
3,4105895,0.02133330494300221,0.01019817870110273,0.02937693353827844,0,0.5759119987487793,153,control
6,4115124,0.02128159346854251,0.01022313255816698,0.02926717812849123,0,0.6633915305137634,153,control
9,4113156,0.02150490808926534,0.01029415894299745,0.02964291513329668,0,0.6195765733718872,153,control
12,4004784,0.02127137006283779,0.01015894301235675,0.02925712383863341,0,0.646826446056366,153,control
15,4021325,0.02118783672231985,0.01009680330753326,0.02917344517081383,0,0.5831181406974792,153,control
18,4180187,0.02128741047895157,0.01019445154815912,0.02930242862114191,0,0.5983755588531494,153,control
21,4110441,0.02116553856668178,0.01011668425053358,0.02914598326799343,0,0.8443093299865723,153,control
24,4113156,0.02142032623352416,0.01022837869822979,0.02947582640765068,0,0.6507840752601624,153,control
27,4080216,0.02121330052721148,0.01013870444148779,0.02925009867737376,0,0.6129453182220459,153,control
30,4088072,0.02129178157357072,0.01018474344164133,0.02924538766089137,0,0.6129453182220459,153,control
33,4080085,0.02119371315716589,0.01009745616465807,0.02924019649992548,0,0.7655505537986755,153,control
36,4108364,0.02126922368965862,0.01019817870110273,0.02927997277980419,0,0.600493848323822,153,control
39,4067424,0.02128612183757919,0.01018474344164133,0.02935899774621003,0,0.6841755509376526,153,control
42,4132395,0.02120685806385332,0.01013671047985553,0.02921288182995561,0,0.5744583010673523,153,control
45,4016115,0.02131160029824121,0.01018039416521787,0.02936080509584762,0,0.5856093168258667,153,control
48,4037280,0.02125691416565811,0.01011506933718919,0.02926872374856417,0,0.7106710076332092,153,control
0,2120270,0.02135622992818466,0.01018881052732467,0.03093241707846694,0,2.6763222217559814,154,control
3,2125662,0.0253808271606122,0.01029190607368946,0.24446277867647623,0,53.99028778076172,154,control
6,2114909,0.02145410995564572,0.01019003521651029,0.03047530172409255,0,2.144257068634033,154,control
9,2100651,0.02133069040102982,0.01014187838882207,0.02949519990188639,0,1.101355791091919,154,control
12,2212056,0.02116273968837552,0.01009680330753326,0.02920329064280979,0,0.5434810519218445,154,control
15,2147970,0.02120512475065469,0.01015603635460138,0.029233196084985,0,0.566896915435791,154,control
18,2132410,0.02165117407471174,0.01022313255816698,0.03304904288852512,0,3.477010726928711,154,control
21,2145325,0.0212171094612691,0.01014131586998701,0.02919035424079657,0,0.6129453182220459,154,control
24,2146634,0.02129513818861528,0.01015491504222154,0.02926050192455707,0,0.7244670391082764,154,control
27,2099899,0.02111824318916236,0.01010818034410476,0.02908019665083024,0,0.7024887800216675,154,control
30,2119260,0.0214620843735443,0.01023707911372184,0.0295764299639706,0,0.6130081415176392,154,control
33,2152626,0.02128293296481459,0.01009680330753326,0.03149027286742558,0,3.691643714904785,154,control
36,2114088,0.02133217947908196,0.01019002124667167,0.02941038929485777,0,0.5273109078407288,154,control
39,2163830,0.02110005822122619,0.01008152775466442,0.02916148415841373,0,0.5089317560195923,154,control
42,2116588,0.02125040465471678,0.01010818034410476,0.02926929084778219,0,0.731342077255249,154,control
45,2183955,0.02277714325855565,0.01013091392815113,0.10406705426656258,0,29.507793426513672,154,control
48,2147860,0.02139699266261985,0.01019985880702734,0.02962227151906897,0,0.9713294506072998,154,control
0,844880,0.02145364077726737,0.0103092361241579,0.02946227388654004,0,0.4875970184803009,155,control
3,856088,0.02165295523400278,0.01041577104479074,0.02970395785302097,0,0.5170512199401855,155,control
6,854320,0.0216791370822532,0.01048323512077331,0.02980538438039166,0,0.566896915435791,155,control
9,836069,0.02108142847525308,0.01014187838882207,0.02893221338886279,0,0.566896915435791,155,control
12,838615,0.02154035779179335,0.01037645898759365,0.02962915649031812,0,0.5924255847930908,155,control
15,832546,0.02142194157799374,0.01033983658999204,0.02940089302448609,0,0.457485169172287,155,control
18,841206,0.02131154256662459,0.01019003521651029,0.02935285143875627,0,0.566896915435791,155,control
21,851568,0.02564885480625207,0.01023045368492603,0.23489751848287985,0,43.88362503051758,155,control
24,846000,0.02142658603474965,0.01029415894299745,0.02950833384796218,0,0.57880699634552,155,control
27,839592,0.02105687194903063,0.01002416666597128,0.0290462826156638,0,0.4773620665073395,155,control
30,855336,0.02158383649759534,0.01036149635910987,0.02989346966164522,0,0.8008914589881897,155,control
33,850934,0.02119817233856829,0.01014931499958038,0.02913336696529291,0,0.566896915435791,155,control
36,847457,0.02111821932224481,0.01013919059187173,0.02920727577947279,0,0.5866675972938538,155,control
39,842099,0.02129472659571774,0.01020899228751659,0.02926905928412609,0,0.5866675972938538,155,control
42,847152,0.0213282271040133,0.01020899228751659,0.029337914246409032,0,0.5142720937728882,155,control
45,843262,0.02110331534234085,0.01009745616465807,0.02918916954222575,0,0.6075363755226135,155,control
48,837000,0.02113163688294966,0.01010818034410476,0.02916640594963224,0,0.5477128624916077,155,control
0,309650,0.02159177550391083,0.01041020359843969,0.02981913622225869,0,0.4677289724349976,156,control
3,305808,0.02144978862572382,0.01018039416521787,0.02968872190582973,0,0.5170512199401855,156,control
6,315840,0.02120649040768762,0.01013784483075141,0.02935626888384977,0,0.4266720116138458,156,control
9,319784,0.02129561258331274,0.01015166193246841,0.02936499185352479,0,0.4365679919719696,156,control
12,320320,0.02114891167392067,0.01006832718849182,0.02912710116677128,0,0.4748336672782898,156,control
15,318095,0.02101424057647617,0.01009680330753326,0.02887937744494259,0,0.49621522426605225,156,control
18,320331,0.02143175539872747,0.01028733421117067,0.02937826128746705,0,0.4795443117618561,156,control
21,316386,0.02192714024256461,0.01044824160635471,0.03012978085802509,0,0.4519524276256562,156,control
24,313028,0.02141288735587374,0.01027532387524843,0.02928087951155187,0,0.42628854513168335,156,control
27,315262,0.02160973825171759,0.01028386875987053,0.02962794061386617,0,0.4789689779281616,156,control
30,323102,0.02126435541826102,0.01014187838882207,0.02918954163671155,0,0.6009652614593506,156,control
33,317532,0.02189713075278212,0.01045478880405426,0.03006851909015575,0,0.540841817855835,156,control
36,320340,0.02164047568391628,0.01048464886844158,0.02964163617681517,0,0.7275655269622803,156,control
39,313591,0.02132034368138372,0.0101961325854063,0.02922951554787169,0,0.4723615348339081,156,control
42,313038,0.02182487877137489,0.01048995368182659,0.0299352013238631,0,0.6679729223251343,156,control
45,321425,0.02135544276864036,0.01021051127463579,0.02922688938181529,0,0.38532307744026184,156,control
48,310800,0.02135346683948291,0.01014352031052112,0.02943652993801508,0,0.4358648955821991,156,control
0,2103644,0.02137543894502872,0.01017491333186626,0.02943496226521164,0,0.6841755509376526,157,control
3,2217117,0.02139563646473274,0.01022797171026468,0.02965714589169537,0,1.0836615562438965,157,control
6,2150620,0.02154377595246544,0.01029415894299745,0.03061919865199851,0,1.9677152633666992,157,control
9,2180052,0.02116871816433096,0.01010987348854541,0.02925533634840287,0,0.6841755509376526,157,control
12,2172532,0.02173275662950031,0.01021142024546861,0.03310597010905195,0,2.8811726570129395,157,control
15,2162280,0.02129964692306588,0.01017153263092041,0.02943927156973543,0,0.9840370416641236,157,control
18,2240960,0.0215776218932721,0.01032859366387128,0.0298943765131703,0,1.1685060262680054,157,control
21,2131071,0.02162551869096286,0.0103092361241579,0.02998797284511781,0,1.6380573511123655,157,control
24,2187437,0.02125541414306358,0.01014187838882207,0.02924740260372931,0,0.610708475112915,157,control
27,2197386,0.0212220530222864,0.01015533600002527,0.02922730991600173,0,0.7377374768257141,157,control
30,2188050,0.02152078714483844,0.01020899228751659,0.03248075533283808,0,4.3205180168151855,157,control
33,2180032,0.0214891799136367,0.01029342599213123,0.02965586087849965,0,0.7876244187355042,157,control
36,2182356,0.02126486002528474,0.01014187838882207,0.02933656055777914,0,0.7042970657348633,157,control
39,2168244,0.02142374326876311,0.01018039416521787,0.02987423455102299,0,0.9846513271331788,157,control
42,2211105,0.02173768340319971,0.01034765504300594,0.03045621994338099,0,1.6944659948349,157,control
45,2158438,0.02140492637672354,0.01021142024546861,0.02953367179981406,0,0.7134474515914917,157,control
48,2215626,0.0211897168474697,0.0101256426423788,0.02927180994523238,0,0.7858964204788208,157,control
0,4206345,0.02150531991676563,0.01019003521651029,0.03305842654739012,0,3.937161684036255,158,control
3,4216706,0.02160965456388985,0.0101820770651102,0.03630076039274983,0,8.218684196472168,158,control
6,4171800,0.02140146682789041,0.01014131773263216,0.03118129381760734,0,3.767117977142334,158,control
9,4245660,0.02147626405224658,0.01030167378485202,0.02972692836861304,0,1.0735459327697754,158,control
12,4262004,0.0212901585264558,0.01019439473748207,0.02937487869746226,0,0.701499879360199,158,control
15,4175802,0.02116607076887397,0.01011206209659576,0.02912299835657257,0,0.5477128624916077,158,control
18,4141200,0.02138807272828234,0.01022449880838394,0.02949333236274903,0,0.6841755509376526,158,control
21,4155476,0.02126786918212781,0.01014846842736005,0.02929990096531664,0,0.7454280257225037,158,control
24,4202496,0.02140294287439531,0.01019817870110273,0.03013158279914904,0,2.723804712295532,158,control
27,4262118,0.0212133119009975,0.01015836931765079,0.02928872994337754,0,0.912306547164917,158,control
30,4159378,0.02129324805934921,0.01014577597379684,0.02954290158207894,0,1.7002609968185425,158,control
33,4135102,0.02152124778813435,0.01030286028981208,0.0295963510898946,0,0.646826446056366,158,control
36,4165665,0.0214357710881899,0.01020378991961479,0.03056694702180892,0,1.9107362031936648,158,control
39,4181904,0.02137713216749149,0.01019817870110273,0.02952785301895869,0,0.865085780620575,158,control
42,4161600,0.02127062790156221,0.01018039416521787,0.0293607446867652,0,0.5343884229660034,158,control
45,4145152,0.02134991103772809,0.01020264439284801,0.02935821648592544,0,0.6385349035263062,158,control
48,4196112,0.02134900764080049,0.01021336298435926,0.02946158530059246,0,0.566896915435791,158,control
0,373221,0.0213803591305645,0.01015836931765079,0.02955113673758801,0,0.5434810519218445,159,control
3,388446,0.0215950267883064,0.01028499472886324,0.02982919354829285,0,0.49621522426605225,159,control
6,380608,0.0216858159901087,0.01043515931814909,0.02985639803518049,0,0.5744583010673523,159,control
9,385577,0.0216019750503386,0.01036625634878873,0.02990587480392548,0,0.7764635682106018,159,control
12,380653,0.02151115844040135,0.01032859366387128,0.02983465528648335,0,0.566896915435791,159,control
15,389255,0.02110188223956508,0.01009680330753326,0.02913940374828769,0,0.5448959469795227,159,control
18,389015,0.02142478562829635,0.01016440708190202,0.02978523294072493,0,0.5034059286117554,159,control
21,381300,0.0215990454990462,0.01033751852810382,0.02985697867944288,0,0.4748336672782898,159,control
24,393646,0.02127420703935447,0.01014187838882207,0.02949800868698816,0,0.4543561339378357,159,control
27,379916,0.02134966043934949,0.01022313255816698,0.02922963689984916,0,0.5385596752166748,159,control
30,377741,0.02118709169168635,0.01022313255816698,0.02899003752889131,0,0.6346264481544495,159,control
33,391840,0.02157799647661185,0.01043842453509569,0.02963019069837104,0,0.5369536876678467,159,control
36,384714,0.02130724768704653,0.01025527250021696,0.02914260700355255,0,0.5136807560920715,159,control
39,389868,0.02179873903681608,0.01043082028627395,0.03009894643190484,0,0.5240172743797302,159,control
42,383624,0.02130458961216968,0.0101961325854063,0.02950762454084508,0,0.5187407732009888,159,control
45,383474,0.0221196478621257,0.01065963134169578,0.03035539367432496,0,0.5902326703071594,159,control
48,376110,0.02159414112226175,0.0103473886847496,0.02996978875014955,0,0.6397719979286194,159,control
0,4604640,0.02131400209147761,0.01014415733516216,0.02940116405464626,0,0.6416388154029846,16,control
3,4661181,0.0213490185780508,0.01017491333186626,0.03119829807138468,0,4.201498985290527,16,control
6,4717583,0.02129163949736453,0.01009745616465807,0.03088937293093766,0,3.216981887817383,16,control
9,4658912,0.02145077659972604,0.01028378121554851,0.02947119741841595,0,0.5679451823234558,16,control
12,4672076,0.02137792649849816,0.01009680330753326,0.0358399820500852,0,7.033529281616211,16,control
15,4645908,0.02152217997018804,0.01017417944967746,0.0325653736826598,0,4.8674845695495605,16,control
18,4562480,0.02200345362595167,0.01045000553131103,0.03228061635833085,0,2.8294546604156494,16,control
21,4682887,0.02145078955597049,0.01023707911372184,0.02979005344414914,0,1.3017311096191406,16,control
24,4637550,0.02135434621208184,0.01018881052732467,0.02953821250648888,0,1.0879820585250854,16,control
27,4719156,0.0214214244142891,0.01025084871798753,0.02979289457553078,0,1.4429243803024292,16,control
30,4538940,0.02164560481686122,0.01029172167181968,0.03084832337673478,0,2.0601565837860107,16,control
33,4590216,0.02139236132884687,0.0101961325854063,0.03029967070363952,0,2.103752851486206,16,control
36,4577448,0.02138915510882222,0.01021051127463579,0.02958364227227791,0,1.0412328243255615,16,control
39,4577350,0.02129404112652237,0.01019388809800148,0.0293520533297386,0,0.7405057549476624,16,control
42,4792918,0.02133866239060177,0.01022844854742288,0.02937583929316018,0,0.6857874393463135,16,control
45,4613879,0.02125902443266719,0.01015533600002527,0.02930750738616224,0,0.6979445815086365,16,control
48,4713192,0.02120958820180542,0.01015473529696464,0.02918777664850857,0,0.6333568096160889,16,control
0,2480141,0.02121941283144338,0.01016097795218229,0.02922402696547223,0,0.6073858141899109,160,control
3,2425500,0.02136127752693181,0.0101961325854063,0.0294189684854262,0,0.646826446056366,160,control
6,2503184,0.02105986098412153,0.01006779354065656,0.02899431339439168,0,0.6780120730400085,160,control
9,2436696,0.02123335049680643,0.01010428741574287,0.02921381491869237,0,0.566896915435791,160,control
12,2497518,0.02116315784062503,0.01009821519255638,0.02911971774306795,0,0.5679451823234558,160,control
15,2529534,0.02112507347171918,0.01009745616465807,0.02911086144396758,0,0.7454280257225037,160,control
18,2483580,0.02143917011281554,0.01025021355599165,0.02955542359206511,0,0.5679126381874084,160,control
21,2474133,0.02127320774252196,0.01018474344164133,0.02927211630574679,0,0.6841755509376526,160,control
24,2441274,0.02129478266853027,0.01017220877110958,0.02932784030587739,0,0.6073164939880371,160,control
27,2442825,0.0213622834135058,0.01019003521651029,0.02939744714768234,0,0.6857874393463135,160,control
30,2475630,0.0213163864737829,0.01021142024546861,0.02929319939102694,0,0.5679451823234558,160,control
33,2454960,0.02168325923464536,0.01036721095442771,0.02983239451770522,0,0.6767114400863647,160,control
36,2450580,0.02149923830785889,0.01028747949749231,0.0295283472311608,0,0.5265645980834961,160,control
39,2427243,0.02145988278365574,0.01029190607368946,0.02952400870698103,0,0.5983755588531494,160,control
42,2452307,0.02145217669378715,0.01024437136948108,0.02954400206206016,0,0.8722015023231506,160,control
45,2461277,0.02130787582681308,0.01021197158843278,0.02927562869475804,0,0.5815610289573669,160,control
48,2458503,0.02122026886837763,0.01015533600002527,0.02913016157732518,0,0.6129453182220459,160,control
0,1524741,0.02110425481522055,0.01010505203157663,0.0289938004392581,0,0.6013466715812683,161,control
3,1556046,0.02143920311160548,0.01024690549820661,0.02953565561115007,0,0.6546949148178101,161,control
6,1565550,0.02133829720224059,0.01029649283736944,0.02933704116312224,0,0.566896915435791,161,control
9,1454211,0.02115084014993181,0.01009745616465807,0.02908809076184347,0,0.5136807560920715,161,control
12,1524784,0.02123643169032892,0.01019445154815912,0.02918451559817885,0,0.5265645980834961,161,control
15,1522080,0.02144132130442757,0.01027831714600324,0.02949915341277284,0,0.6073858141899109,161,control
18,1496140,0.02147120023315425,0.0102842990309,0.02957670060423713,0,0.8722015023231506,161,control
21,1545692,0.02129963490170969,0.010198924690485,0.02936416681137084,0,0.566896915435791,161,control
24,1525468,0.02131356464958896,0.01016939245164394,0.02930154204384633,0,0.6841755509376526,161,control
27,1515165,0.02133550139835647,0.01019003521651029,0.0294024702563091,0,0.6767114400863647,161,control
30,1530650,0.02161680741054176,0.01041232794523239,0.02973457946783405,0,0.885861337184906,161,control
33,1502400,0.02133825652252919,0.01021796558052301,0.02939029995180393,0,0.8722015023231506,161,control
36,1478367,0.02103029758523908,0.01009745616465807,0.02891561848555062,0,0.5737672448158264,161,control
39,1494126,0.02125050513882946,0.01010599080473184,0.02932723990529209,0,0.5240172743797302,161,control
42,1523178,0.02110799047799077,0.01009680330753326,0.02908875044474122,0,0.6841755509376526,161,control
45,1495245,0.02119042309275089,0.01012429315596819,0.02910694501506895,0,0.5367595553398132,161,control
48,1554996,0.02129580899213505,0.01015194598585367,0.02937520383029492,0,0.646826446056366,161,control
0,1482435,0.0211471963609589,0.01014187838882207,0.02910766724689439,0,0.5621379613876343,162,control
3,1484424,0.02524110346941335,0.01018474344164133,0.2264521283111091,0,43.2432975769043,162,control
6,1522227,0.0213441583154397,0.01028015464544296,0.02940120667019797,0,0.7686771750450134,162,control
9,1521828,0.02157872334589518,0.01032416895031929,0.02983517317092423,0,0.8033822178840637,162,control
12,1511604,0.02123505175380332,0.01014577597379684,0.02932798666548446,0,0.7852085828781128,162,control
15,1531990,0.02139008620978955,0.01021142024546861,0.02955242870122949,0,0.5479316115379333,162,control
18,1496082,0.02136192640163696,0.01019817870110273,0.02938711166178086,0,0.8250330090522766,162,control
21,1507232,0.02127740323805142,0.01017220877110958,0.0294653064983342,0,0.9083470106124878,162,control
24,1476510,0.02261612756363223,0.01015533600002527,0.08353617505002808,0,19.870569229125977,162,control
27,1450170,0.02131010396872389,0.01018339022994041,0.02930090741020141,0,0.6032311320304871,162,control
30,1502347,0.02159561711506773,0.01033379137516021,0.02972217858443612,0,0.5057430863380432,162,control
33,1515615,0.02135695557630346,0.01019817870110273,0.02941554584008815,0,0.6941725015640259,162,control
36,1476180,0.02133891777819016,0.01018708478659391,0.02945804127222589,0,0.6298815608024597,162,control
39,1507455,0.0213603293324441,0.01023045368492603,0.02938571421396893,0,0.5343884229660034,162,control
42,1496572,0.02138523688698608,0.01026951801031828,0.02951436027950858,0,0.5902136564254761,162,control
45,1500044,0.02173114953365211,0.01015154924243688,0.03735878827951945,0,11.802637100219728,162,control
48,1480189,0.02134557176125004,0.01018553040921688,0.02943653325823432,0,0.7692802548408508,162,control
0,4068900,0.02123561590699561,0.01016408950090408,0.02932898847954213,0,0.6626027226448059,163,control
3,3975636,0.02131473674763,0.01018039416521787,0.02955348002972322,0,1.4209548234939575,163,control
6,4003640,0.02137642988008594,0.01022313255816698,0.02939386062210954,0,0.566896915435791,163,control
9,3984752,0.02132096907392977,0.0101820770651102,0.02941001417785089,0,0.7199968695640564,163,control
12,4049286,0.02134209883876656,0.01020811032503843,0.02948320403185965,0,0.8233556151390076,163,control
15,4007104,0.02134586585489142,0.01017883140593767,0.02939852238556899,0,0.956453800201416,163,control
18,4003101,0.02127419008404407,0.01014187838882207,0.02937162066377078,0,0.8393698930740356,163,control
21,3977424,0.02121550139217358,0.01009745616465807,0.02925324314193163,0,0.8425009250640869,163,control
24,4001697,0.02123914306225118,0.01014577597379684,0.02924667120768707,0,0.6230547428131104,163,control
27,4042440,0.02128259691790023,0.01016408950090408,0.02940815613204442,0,0.8222820162773132,163,control
30,4014167,0.02175069098783125,0.01044501457363367,0.03007607174057207,0,1.0430138111114502,163,control
33,4024782,0.02135207229912393,0.01018039416521787,0.02950724689240768,0,0.7669172883033752,163,control
36,4053987,0.0214266651906164,0.01019616983830928,0.03047785813362587,0,2.041278600692749,163,control
39,4088866,0.02155316140242521,0.01032859366387128,0.02972483888195655,0,0.6013466715812683,163,control
42,4136315,0.02161300690926324,0.0103092361241579,0.03159047493422373,0,3.740267753601074,163,control
45,3983391,0.02126579478008596,0.01016939245164394,0.02931025571185867,0,0.7980311512947083,163,control
48,3997298,0.02127559399770525,0.01018039416521787,0.02930374363106428,0,0.7368083000183105,163,control
0,1113024,0.02143385608061807,0.01029190607368946,0.02940109745172249,0,0.5594295859336853,164,control
3,1093387,0.02131999263413214,0.01019817870110273,0.02925844072565218,0,0.5136807560920715,164,control
6,1119003,0.02132212587367944,0.01024166215211153,0.02923282841200841,0,0.5784626603126526,164,control
9,1096264,0.02141173829654029,0.01029190607368946,0.02940213882452373,0,0.5343884229660034,164,control
12,1105100,0.02122990235322945,0.01016230974346399,0.02921301181647816,0,0.514768123626709,164,control
15,1093491,0.0215522504790316,0.01036267355084419,0.02964251303831656,0,0.5343884229660034,164,control
18,1102290,0.02174820852712473,0.01043082028627395,0.03003576597773962,0,0.566896915435791,164,control
21,1126323,0.02182618435810403,0.0104662450030446,0.03002785718849419,0,0.5474990010261536,164,control
24,1129550,0.02112620890515978,0.01009745616465807,0.02915020459950242,0,0.5351670384407043,164,control
27,1106415,0.02110140847319223,0.01012286450713872,0.02894966093152869,0,0.4944947063922882,164,control
30,1068930,0.02217635154064479,0.01062782667577266,0.03076452528948804,0,0.6129453182220459,164,control
33,1100638,0.02140907229250575,0.01027781050652265,0.02947113360200181,0,0.4789689779281616,164,control
36,1083581,0.02122812399992099,0.01013465877622366,0.029248593062666,0,0.5702458024024963,164,control
39,1132348,0.02115209514754626,0.01010542549192905,0.0291228090353724,0,0.566896915435791,164,control
42,1101971,0.02131567374906923,0.01020378991961479,0.02921201239435486,0,0.6546949148178101,164,control
45,1081884,0.02144789133946073,0.01029190607368946,0.02952099597659887,0,0.5003678202629089,164,control
48,1119610,0.02118661507399046,0.01017808075994253,0.02915468638044031,0,0.5424096584320068,164,control
0,839882,0.02111505594869651,0.01013091392815113,0.02909888137339677,0,0.566896915435791,165,control
3,850020,0.02104282393289281,0.01000859122723341,0.02894586103803304,0,0.5932769775390625,165,control
6,863628,0.02123234744744814,0.01016545295715332,0.0292770966253895,0,0.5744583010673523,165,control
9,856544,0.02150340520675161,0.01031966228038072,0.02965797612728728,0,0.48501056432724,165,control
12,844417,0.02124710725385443,0.01014187838882207,0.0294359448517086,0,0.933807373046875,165,control
15,864324,0.02142375647788346,0.01029190607368946,0.02949251372063064,0,0.4748336672782898,165,control
18,839916,0.02129300213010201,0.01018039416521787,0.02930561709628165,0,0.4795866906642914,165,control
21,875028,0.02170312824729814,0.01043082028627395,0.0297603186929657,0,0.6075363755226135,165,control
24,844161,0.02107633355676211,0.01008367538452148,0.02893724607665742,0,0.6035445332527161,165,control
27,875871,0.02145443199876312,0.01033006142824888,0.0294532523836405,0,0.5971647500991821,165,control
30,845348,0.02125824778146758,0.0101961325854063,0.02923144166385407,0,0.5065930485725403,165,control
33,852670,0.02121315037285067,0.01011923514306545,0.02922729206205451,0,0.522346019744873,165,control
36,876095,0.02135314763365873,0.01024072710424661,0.029473168288530142,0,0.5655374526977539,165,control
39,877953,0.02133266425167546,0.01019003521651029,0.02945467348184305,0,0.7602298855781555,165,control
42,866736,0.02154943791959316,0.01035778131335973,0.02960749387359909,0,0.566896915435791,165,control
45,841794,0.0217758904438879,0.01042639836668968,0.03002943306593851,0,0.5082549452781677,165,control
48,850950,0.02142430318104729,0.01014415733516216,0.03128503723914688,0,2.185762643814087,165,control
0,1390724,0.02118318451123345,0.01010357588529586,0.02933119864074752,0,0.6430750489234924,166,control
3,1362200,0.02147078245180162,0.01024166215211153,0.03001105614270441,0,1.4576514959335327,166,control
6,1376970,0.02138427339666031,0.01024350430816412,0.02962989946808138,0,1.2638577222824097,166,control
9,1350310,0.021505412381924872,0.01029190607368946,0.02957949408151605,0,0.5463816523551941,166,control
12,1372812,0.02107428024570733,0.01006716769188642,0.029083595173367,0,0.5553241968154907,166,control
15,1337962,0.02128960036434741,0.01014187838882207,0.02955825839608988,0,0.8753485679626465,166,control
18,1342470,0.02169226560046244,0.01029597409069538,0.02992547970679293,0,0.5679451823234558,166,control
21,1333320,0.02164084673245041,0.01020816527307033,0.0331059001548769,0,2.6128036975860596,166,control
24,1366406,0.02134152449883462,0.01017491333186626,0.02991395528293437,0,1.4261033535003662,166,control
27,1369984,0.02145534526519059,0.0102302823215723,0.02967921055162904,0,0.6215612292289734,166,control
30,1354080,0.02127740190733663,0.01010742131620645,0.02945784581900472,0,0.7576019763946533,166,control
33,1358766,0.02173261049366224,0.01031091623008251,0.03080520987315857,0,1.838972330093384,166,control
36,1353698,0.02143252332354016,0.01024166215211153,0.02951280564943141,0,0.9176661372184752,166,control
39,1325064,0.02153484264759465,0.01027808338403701,0.02969479233818206,0,0.5924255847930908,166,control
42,1341111,0.02123682020263993,0.01014976296573877,0.02930865987888174,0,0.6725347638130188,166,control
45,1360624,0.021335593766979,0.01014187838882207,0.02945353082316731,0,0.6745486855506897,166,control
48,1385080,0.02129326692822451,0.01016408950090408,0.02927680535264342,0,0.566896915435791,166,control
0,1548774,0.0213711913886026,0.01015836931765079,0.02977271527615489,0,1.3490880727767944,167,control
3,1510405,0.02177286480670705,0.01038960088044405,0.03177334370584205,0,2.795128345489502,167,control
6,1509957,0.02157058480435124,0.01019817870110273,0.03124495314978503,0,2.8548967838287354,167,control
9,1552467,0.0214813554965255,0.01028857566416263,0.02969463211538039,0,0.849469780921936,167,control
12,1528930,0.02141669673575616,0.01021142024546861,0.02961329171669174,0,0.758179247379303,167,control
15,1528800,0.02132544448651503,0.01015673950314521,0.02946619578119522,0,0.5715783834457397,167,control
18,1537599,0.02117468924247658,0.01012286450713872,0.02925813276699883,0,0.6281978487968445,167,control
21,1521972,0.02129395417481708,0.01018474344164133,0.02950377619724767,0,1.4069479703903198,167,control
24,1516086,0.02128891799121056,0.01016853377223014,0.02931833134412332,0,0.5477128624916077,167,control
27,1524864,0.02137865021465802,0.01020813733339309,0.02954169956787014,0,0.6161190867424011,167,control
30,1556250,0.02138380262563634,0.01018474344164133,0.03029099471095106,0,1.3597465753555298,167,control
33,1507980,0.02148912568938391,0.01020774897187948,0.03007615798597944,0,1.3602768182754517,167,control
36,1541082,0.02131583258039147,0.01019817870110273,0.02932259697119482,0,0.5089103579521179,167,control
39,1554984,0.02167971301226194,0.01041232794523239,0.02994716237845841,0,0.6435362100601196,167,control
42,1551198,0.02152634817082652,0.01026951801031828,0.02997641788839794,0,0.9958930611610411,167,control
45,1532523,0.02127877696842555,0.01019817870110273,0.02941605861254858,0,0.7442899942398071,167,control
48,1563618,0.02119328713024513,0.01014187838882207,0.02921933341778706,0,0.49621522426605225,167,control
0,462279,0.02105487861251608,0.01002428960055112,0.0290885747884757,0,0.4827171266078949,168,control
3,454920,0.02147484805707449,0.0102463886141777,0.02939612135130429,0,0.4729156494140625,168,control
6,469371,0.02135161964142861,0.01020899228751659,0.0295123730439768,0,0.5250997543334961,168,control
9,457800,0.02175608679002117,0.01041232794523239,0.03005736462553065,0,0.5170512199401855,168,control
12,452253,0.02128084492279695,0.01009745616465807,0.02925378261644691,0,0.5136807560920715,168,control
15,455748,0.02117845231052914,0.01005160063505172,0.02938871725746871,0,0.4556729793548584,168,control
18,467127,0.02173619878161539,0.01041232794523239,0.02995264408911732,0,0.514768123626709,168,control
21,453760,0.02142941026857531,0.01029190607368946,0.02951063815988485,0,0.49621522426605225,168,control
24,459982,0.02124236078280001,0.01015219558030366,0.02926112297603078,0,0.4272082149982453,168,control
27,459606,0.02128025252307376,0.01021051127463579,0.02917555730641573,0,0.4811410903930664,168,control
30,456895,0.02157741604583637,0.01035737060010433,0.02965136177012354,0,0.6032311320304871,168,control
33,457272,0.02127636646530931,0.01019817870110273,0.02926561760185301,0,0.5065930485725403,168,control
36,461120,0.02126839884950945,0.01026951801031828,0.02933610593079269,0,0.566896915435791,168,control
39,461311,0.02105952070615437,0.01007654145359993,0.02878295218165725,0,0.5034059286117554,168,control
42,452610,0.02142800528031042,0.01019518822431564,0.02942850804452551,0,0.566896915435791,168,control
45,457412,0.02172863074367733,0.01043556630611419,0.02981072153727512,0,0.4810672700405121,168,control
48,462737,0.02106022713298797,0.01009444799274206,0.02892960864660512,0,0.4672832489013672,168,control
0,13875155,0.02133782711706697,0.01019003521651029,0.02950917435692146,0,0.8110467791557312,169,control
3,13654012,0.02138143847011901,0.01015836931765079,0.0304592923999779,0,2.7490174770355225,169,control
6,13772703,0.0215365781510296,0.01030009798705577,0.02970483579990342,0,1.2381727695465088,169,control
9,13990985,0.02123906876228758,0.01016825903207063,0.02944735376509102,0,1.6399003267288208,169,control
12,13626366,0.02366929575094663,0.01016488391906023,0.23546359049194052,0,97.7742156982422,169,control
15,13779370,0.02134728888683291,0.01018320582807064,0.02972705648912203,0,2.4415433406829834,169,control
18,13971960,0.02164218406974986,0.01027532387524843,0.03107267887572847,0,3.66696572303772,169,control
21,13811064,0.02145311430502564,0.01020899228751659,0.03070308671348166,0,2.9340755939483643,169,control
24,13868736,0.02133784150098917,0.01017950288951397,0.02995497525378675,0,3.5458898544311523,169,control
27,13880125,0.02147685669042275,0.01027245819568634,0.03002339318162572,0,2.066420555114746,169,control
30,13714029,0.02148151583790401,0.01020356640219688,0.03131460356635782,0,7.70231819152832,169,control
33,13736814,0.02287747064917525,0.01020899228751659,0.1540639218216244,0,189.02557373046875,169,control
36,13813920,0.02167689767086809,0.01017220877110958,0.04807854052127192,0,21.192440032958984,169,control
39,13681268,0.02135496884145756,0.01018881052732467,0.02961758244044248,0,1.954440951347351,169,control
42,13674137,0.02148143776882482,0.01018708478659391,0.03156663359051419,0,4.1492228507995605,169,control
45,13790616,0.02192013306156252,0.01018584426492452,0.07288783671512757,0,29.247922897338867,169,control
48,13688446,0.02131576669068555,0.01014187838882207,0.02983090414444682,0,2.4183239936828613,169,control
0,2942758,0.02114802790191508,0.01009680330753326,0.02914076848255915,0,0.5702458024024963,17,control
3,2951083,0.02146766881738307,0.01029415894299745,0.02957846419033115,0,0.7454280257225037,17,control
6,2922234,0.02164462493247745,0.01036624237895011,0.02974930642848138,0,0.566896915435791,17,control
9,3008488,0.02125114635386623,0.01014972385019064,0.02930130137156631,0,0.8484119176864624,17,control
12,2932474,0.02124914957978177,0.01014187838882207,0.02924173602646055,0,0.7799861431121826,17,control
15,2999680,0.02126886178367847,0.01018039416521787,0.02929545780122099,0,0.6346561908721924,17,control
18,2985695,0.02143601422772014,0.01027693971991539,0.02952382989086566,0,0.6779300570487976,17,control
21,2939480,0.02144481599902937,0.01027532387524843,0.02952024894737687,0,0.5744583010673523,17,control
24,2953186,0.02122830480797702,0.01009949576109647,0.02928536528852075,0,0.5954251289367676,17,control
27,2964608,0.02129462147888398,0.01014976296573877,0.02927488851512444,0,0.522346019744873,17,control
30,2942598,0.02126785299427536,0.01014976296573877,0.02929559215760531,0,0.566896915435791,17,control
33,3036304,0.02127711183444119,0.01021051127463579,0.02927600820001955,0,0.566896915435791,17,control
36,2962962,0.0212566923888961,0.01019000075757503,0.02924577903610026,0,0.6416388154029846,17,control
39,3001544,0.0211821085646905,0.01014405582100153,0.02917536790853526,0,0.6287680268287659,17,control
42,2937675,0.02180103280962641,0.01043842453509569,0.03017394663143424,0,0.566896915435791,17,control
45,2966874,0.02119499880144321,0.01011653337627649,0.0292415480449387,0,0.566896915435791,17,control
48,2968704,0.02124971553794058,0.01010818034410476,0.02927771745242609,0,0.646826446056366,17,control
0,3623292,0.02116664958554916,0.01009745616465807,0.02908058285819405,0,0.5786335468292236,170,control
3,3581556,0.02129840697822842,0.01014187838882207,0.02930398980954272,0,0.6546949148178101,170,control
6,3596502,0.02148625307601105,0.01026951801031828,0.02959306557209077,0,0.7454280257225037,170,control
9,3609879,0.02132882811157282,0.01019329857081174,0.0293755163493612,0,0.566896915435791,170,control
12,3653676,0.02121903763322564,0.01014187838882207,0.0292080703680442,0,0.574341893196106,170,control
15,3751953,0.02139039935310772,0.01025699637830257,0.02949998357505028,0,1.0072323083877563,170,control
18,3682365,0.02132680146814535,0.01018039416521787,0.02935165141366292,0,0.5679126381874084,170,control
21,3623310,0.02130370248202633,0.01018039416521787,0.0293087842321384,0,0.6841755509376526,170,control
24,3627010,0.02128621964566092,0.01018709596246481,0.02928842542230871,0,0.7301731109619141,170,control
27,3564540,0.02133591634671157,0.01017491333186626,0.0293935271203804,0,1.0223050117492676,170,control
30,3564480,0.02133350360311082,0.0101961325854063,0.02930282484341745,0,0.667235255241394,170,control
33,3640415,0.02130254102573486,0.01019003521651029,0.02932467557178201,0,0.5744583010673523,170,control
36,3667125,0.02135226035601214,0.01025635842233896,0.02945838954481362,0,0.7473645806312561,170,control
39,3609271,0.02128623120088945,0.01014976296573877,0.02932964644959238,0,0.6014882922172546,170,control
42,3655708,0.02124765444379901,0.01018515881150961,0.02937564420779549,0,0.9530309438705444,170,control
45,3621309,0.02128392072064849,0.01018474344164133,0.02932609070150642,0,0.6841755509376526,170,control
48,3589040,0.0212124016812837,0.01011413894593715,0.02921532600506057,0,0.6546949148178101,170,control
0,1664096,0.02109730500692248,0.01007149368524551,0.02905421945040525,0,0.5150874257087708,171,control
3,1667862,0.02122272750495268,0.01015836931765079,0.02932259208494899,0,0.5334551334381104,171,control
6,1680882,0.02140217629175896,0.01022844854742288,0.02944987126809632,0,0.5688632130622864,171,control
9,1652454,0.02139250113258373,0.01024166215211153,0.0294466327879002,0,0.5034059286117554,171,control
12,1653771,0.02125917958504232,0.0101230964064598,0.02924845767738394,0,0.646826446056366,171,control
15,1678210,0.02124432283599519,0.01018666569143533,0.02930117788606614,0,0.638528048992157,171,control
18,1674355,0.02189703676575358,0.01051640044897794,0.03021701704489962,0,0.6129453182220459,171,control
21,1701708,0.02116906498528297,0.01009882893413305,0.02923092784993363,0,0.5477128624916077,171,control
24,1658880,0.02125001194976575,0.01015223003923893,0.02934046660081341,0,0.6613544821739197,171,control
27,1608882,0.02125484341960568,0.01017220877110958,0.02924871816697723,0,0.5478178858757019,171,control
30,1639668,0.02126704545304503,0.01019329857081174,0.02929308028619605,0,0.5523577332496643,171,control
33,1692501,0.02128413437507127,0.01017417944967746,0.02932843643232596,0,0.5434810519218445,171,control
36,1666485,0.02133069119515439,0.01025699637830257,0.02947653974624516,0,0.9142566919326782,171,control
39,1704198,0.021257108521538,0.0101961325854063,0.0292912973400778,0,0.566896915435791,171,control
42,1675718,0.02121124639374885,0.01011834759265184,0.02925310805334776,0,0.5679451823234558,171,control
45,1619124,0.02150601229338664,0.01033237855881452,0.02949387358008056,0,0.5813720226287842,171,control
48,1695060,0.02109032162659127,0.01013434585183858,0.02905012675110176,0,0.49621522426605225,171,control
0,3898608,0.02139664436192283,0.0102332467213273,0.02948467028234385,0,0.6546949148178101,172,control
3,3896627,0.02134571320749929,0.01019817870110273,0.02937165157429975,0,0.5932769775390625,172,control
6,3817716,0.02131471096892643,0.01019453629851341,0.02939050516856396,0,0.6841755509376526,172,control
9,3823980,0.021410349819866,0.0102332467213273,0.02945080067826975,0,0.5495739579200745,172,control
12,3817947,0.02137294374847459,0.01024291198700666,0.02939551748223678,0,0.6298815608024597,172,control
15,3863190,0.02140550511766728,0.01021746080368757,0.02948585341024499,0,0.6546949148178101,172,control
18,3864931,0.02129153998610372,0.01020508166402578,0.02925299986359645,0,0.5866675972938538,172,control
21,3823824,0.02156055446847366,0.01033576671034097,0.02963752284429054,0,0.600493848323822,172,control
24,3853080,0.0214220436374407,0.0102332467213273,0.02942913513155374,0,0.6612520217895508,172,control
27,3861029,0.02121888485818657,0.01013870444148779,0.02917898469595662,0,0.8250330090522766,172,control
30,3915712,0.02130601583502344,0.01017491333186626,0.02933485920163842,0,0.6841755509376526,172,control
33,3934116,0.02124195983251092,0.01014187838882207,0.0292377648145921,0,0.6129453182220459,172,control
36,3886812,0.02118392662602354,0.01013091392815113,0.0291735653983965,0,0.8618645668029785,172,control
39,3880675,0.02124436623849307,0.01017665863037109,0.02919204546476919,0,0.6829131245613098,172,control
42,3853080,0.02139342979005764,0.01020192727446556,0.02943823695254819,0,0.6153317093849182,172,control
45,3795170,0.02127815397378637,0.01014976296573877,0.02929809053433234,0,0.6546949148178101,172,control
48,3906420,0.02123585393718648,0.01012206729501485,0.02924442999388675,0,0.600493848323822,172,control
0,1609080,0.02113854481287894,0.01013434585183858,0.02909600796123192,0,0.6546949148178101,173,control
3,1626660,0.02124648746989475,0.01018039416521787,0.0292171974015259,0,0.5232921242713928,173,control
6,1667816,0.02126330096535298,0.01015533600002527,0.02935579211858632,0,0.6767114400863647,173,control
9,1636848,0.0211447905820833,0.01010818034410476,0.02906825990344554,0,0.6129453182220459,173,control
12,1617968,0.02140330112643712,0.01022313255816698,0.02947743115000192,0,0.6129453182220459,173,control
15,1659992,0.02143453369940403,0.01027149986475706,0.02955848582814588,0,0.6325857043266296,173,control
18,1646040,0.02140825576716295,0.01029190607368946,0.02941006739739365,0,0.4784042537212372,173,control
21,1619853,0.02141239191806359,0.01018881052732467,0.02947444068796664,0,0.566896915435791,173,control
24,1603890,0.02116882961235999,0.01011506933718919,0.02915713931135086,0,0.5399535894393921,173,control
27,1635585,0.0214319722891267,0.01028691511601209,0.02953873134129693,0,0.5424096584320068,173,control
30,1635672,0.02132952783116018,0.01021558325737714,0.02934669337357406,0,0.566896915435791,173,control
33,1662538,0.02135698962962862,0.0102389482781291,0.02945952379045519,0,0.566896915435791,173,control
36,1640285,0.02146112090504404,0.01028378121554851,0.0294810194241043,0,0.6445474624633789,173,control
39,1685957,0.0212489183682413,0.01019817870110273,0.02928711227961597,0,0.5873621106147766,173,control
42,1649830,0.0213890683855538,0.01020899228751659,0.02946011480981237,0,0.5233724117279053,173,control
45,1654702,0.02110898101364932,0.0101065244525671,0.02907145371936768,0,0.566896915435791,173,control
48,1649520,0.02121290551161762,0.01009680330753326,0.0292390570693473,0,0.5350978970527649,173,control
0,1268660,0.02117634691916668,0.01013846974819898,0.02908909508832538,0,0.5813720226287842,174,control
3,1255518,0.02119551979873806,0.0100997881963849,0.02918657732827902,0,0.8722015023231506,174,control
6,1284766,0.0216173812128271,0.0103261349722743,0.02985738830404343,0,0.6073858141899109,174,control
9,1298328,0.02131764194908393,0.01018039416521787,0.0294201871892368,0,0.59593266248703,174,control
12,1287034,0.0216611138599864,0.01032442972064018,0.02982202194079886,0,0.5106523036956787,174,control
15,1252112,0.02126641040490569,0.01011159271001815,0.02922610104253485,0,0.6841755509376526,174,control
18,1281303,0.02156882209973618,0.01032442972064018,0.02971086385500869,0,0.566896915435791,174,control
21,1279986,0.02129703606948396,0.01017220877110958,0.02927427362837503,0,0.522346019744873,174,control
24,1294963,0.02134724130942755,0.01016230974346399,0.029356665899935,0,0.5326621532440186,174,control
27,1291590,0.02104151575952771,0.01005891989916563,0.02883569404526799,0,0.5089103579521179,174,control
30,1281388,0.02128870524070041,0.01015910878777504,0.02926369337630148,0,0.6032311320304871,174,control
33,1306413,0.02129360046924822,0.01014187838882207,0.02934946421584817,0,0.4811410903930664,174,control
36,1276539,0.02111530804481196,0.01006781682372093,0.02898968937468518,0,0.646826446056366,174,control
39,1274577,0.02135590621399385,0.01018039416521787,0.02938342318464316,0,0.5754531621932983,174,control
42,1304083,0.02141862380055577,0.01019003521651029,0.02951478284525268,0,0.6767114400863647,174,control
45,1292760,0.02114179779809645,0.01009680330753326,0.02914922696479278,0,0.5333143472671509,174,control
48,1270104,0.02127747920445472,0.01016825903207063,0.02922323508742953,0,0.5983755588531494,174,control
0,863464,0.02102556963316498,0.01005160063505172,0.02895131504826035,0,0.5343884229660034,175,control
3,881848,0.0212162917776658,0.01021020766347646,0.02915355620390437,0,0.5812798142433167,175,control
6,864000,0.02104838118359055,0.01015836931765079,0.02874776227609919,0,0.4748336672782898,175,control
9,890175,0.02131594328779326,0.01018881052732467,0.02931523616002307,0,0.5065930485725403,175,control
12,832993,0.02105756517614164,0.01004857011139392,0.02903090061466331,0,0.566896915435791,175,control
15,877344,0.02119513137337688,0.01014187838882207,0.02911073105505907,0,0.566896915435791,175,control
18,855950,0.02189516696809754,0.01054655667394399,0.03025186879395044,0,0.5983755588531494,175,control
21,836201,0.02148701114489774,0.01028499472886324,0.02949127412611312,0,0.5265645980834961,175,control
24,876040,0.02131218393173314,0.01015221327543258,0.0292606684025964,0,0.5483357906341553,175,control
27,894340,0.02121338537087737,0.01016230974346399,0.02920336007851012,0,0.5477128624916077,175,control
30,859606,0.02164290057228517,0.01041570212692022,0.02975326982407766,0,0.5343884229660034,175,control
33,858130,0.02126895586748286,0.01014187838882207,0.02938048737563085,0,0.566896915435791,175,control
36,874348,0.02127271796647741,0.01023541949689388,0.02924522774971273,0,0.4620300829410553,175,control
39,868095,0.02146276347689083,0.01029190607368946,0.02943722691977322,0,0.5265645980834961,175,control
42,856368,0.02166498431842187,0.01041577104479074,0.02976855717540201,0,0.5057430863380432,175,control
45,879852,0.02122908368997802,0.01013091392815113,0.02921308983036133,0,0.7106826901435852,175,control
48,876570,0.02126557622522386,0.01013289298862218,0.02933314968567104,0,0.4748336672782898,175,control
0,1159920,0.02116229664488283,0.01009949576109647,0.02905417682496831,0,0.5482248663902283,176,control
3,1132047,0.021087520922404,0.01009703893214464,0.02902755957813798,0,0.5265645980834961,176,control
6,1145958,0.02171352749285991,0.01040536910295486,0.02981751115936619,0,0.6090602874755859,176,control
9,1164192,0.0212859114736979,0.01018039416521787,0.02931666206795536,0,0.7047480344772339,176,control
12,1172873,0.02123834899346964,0.0101838894188404,0.02916309697735827,0,0.5136807560920715,176,control
15,1148056,0.02133222547317182,0.01021727081388235,0.02931096649475046,0,0.566896915435791,176,control
18,1132071,0.02144979444847335,0.01022590510547161,0.029461036130812,0,0.568489134311676,176,control
21,1150250,0.02150699003659304,0.0102950818836689,0.02951371379029591,0,0.5477128624916077,176,control
24,1150214,0.02127613076274123,0.01016877964138984,0.02927984692515465,0,0.5478178858757019,176,control
27,1143800,0.02106340137336852,0.01001267693936824,0.02900145347066174,0,0.5065930485725403,176,control
30,1135278,0.02123551177352588,0.01009082794189453,0.02925078020710428,0,0.5266135334968567,176,control
33,1156694,0.02110884083283853,0.01011653337627649,0.02905110687756532,0,0.5813720226287842,176,control
36,1146960,0.02120635142307082,0.01014915108680725,0.0291934034562463,0,0.5585421323776245,176,control
39,1138488,0.02169388969356172,0.01039117109030485,0.02986919343076072,0,0.646826446056366,176,control
42,1174912,0.02151911667327271,0.01028315164148807,0.03082302348920514,0,1.9172546863555908,176,control
45,1159904,0.02144197290998703,0.01021586917340755,0.02952278061108829,0,0.5424096584320068,176,control
48,1143818,0.02126329418832848,0.01017491333186626,0.02931612369776105,0,0.566896915435791,176,control
0,240091,0.02160697685584632,0.01041577104479074,0.02972958945009915,0,0.45265570282936096,177,control
3,237626,0.02142262182236512,0.01015836931765079,0.02970673362668624,0,0.7205772399902344,177,control
6,239121,0.02119719353532873,0.01017220877110958,0.02902229217595739,0,0.4698392450809479,177,control
9,241566,0.02107485828441983,0.01000859122723341,0.02891250771751461,0,0.5170512199401855,177,control
12,233760,0.02121485773319537,0.01021142024546861,0.02902438681583402,0,0.5424096584320068,177,control
15,246960,0.02110774767060722,0.0102302823215723,0.02871995903232479,0,0.40794962644577026,177,control
18,239608,0.02156401688049414,0.01025124359875917,0.02995153618156986,0,0.4496232569217682,177,control
21,236662,0.02129878379863108,0.01014044135808944,0.02943617493050811,0,0.4789689779281616,177,control
24,241152,0.02108102648901062,0.0101961325854063,0.02906034475208982,0,0.48289212584495544,177,control
27,243915,0.02159403268390158,0.0104662450030446,0.0294275943366723,0,0.410610169172287,177,control
30,227032,0.02197244940145596,0.01063420251011848,0.03012426980071886,0,0.48736122250556946,177,control
33,223585,0.02141333932029281,0.01021746080368757,0.0293512552560482,0,0.46824410557746887,177,control
36,228950,0.02133330913941223,0.01009745616465807,0.02931914244506373,0,0.4018164277076721,177,control
39,242968,0.02135293741346739,0.01013091392815113,0.02960261192815739,0,0.48991209268569946,177,control
42,228872,0.02172627692012655,0.01045000553131103,0.02978448661681734,0,0.516998291015625,177,control
45,225094,0.02176313057783062,0.01043082028627395,0.02979686443444999,0,0.3874766528606415,177,control
48,231660,0.021593571355486,0.01029190607368946,0.0300954119179333,0,0.6841755509376526,177,control
0,475200,0.02126633247624951,0.01018039416521787,0.02923153914799064,0,0.5478178858757019,178,control
3,462898,0.02155187447156976,0.01032564416527748,0.02962980002644052,0,0.8994471430778503,178,control
6,455178,0.02144788363747426,0.01023036800324916,0.02943780538864985,0,0.6431050300598145,178,control
9,473922,0.02170940231187742,0.01041264925152063,0.0298764456784575,0,0.5233259201049805,178,control
12,470470,0.02111469818317358,0.01007654145359993,0.02915916837664706,0,0.646826446056366,178,control
15,477416,0.02142420779516371,0.0102302823215723,0.02944947740415436,0,0.44802984595298767,178,control
18,471010,0.02162901713685951,0.01041232794523239,0.02972046264823878,0,0.6652394533157349,178,control
21,476034,0.02137024460998433,0.01025529392063617,0.02939495146507837,0,0.566896915435791,178,control
24,474150,0.02155591863958813,0.01036267355084419,0.02951084236473955,0,0.5150874257087708,178,control
27,458544,0.02130916007664742,0.01018915511667728,0.02943665034413764,0,0.557250440120697,178,control
30,471900,0.02167410814225728,0.01034712325781583,0.02997796428544653,0,0.6994975805282593,178,control
33,451223,0.02179590379297108,0.01037773583084344,0.03001483704360578,0,0.48501056432724,178,control
36,465156,0.02121556783646044,0.01022313255816698,0.02900981306796683,0,0.4620300829410553,178,control
39,478464,0.02149192968371521,0.01023541949689388,0.02991231989532156,0,0.9673388600349426,178,control
42,458916,0.02157006109532711,0.01032442972064018,0.02970554109876602,0,0.6841755509376526,178,control
45,457520,0.02125988233040304,0.01017883140593767,0.02917515024625716,0,0.4789689779281616,178,control
48,475104,0.02119677173823413,0.01013091392815113,0.02910743148595059,0,0.414667695760727,178,control
0,4642089,0.02137080570525399,0.01022313255816698,0.02968973678548277,0,1.258993148803711,179,control
3,4619251,0.02146111564054872,0.01013434585183858,0.03175454534985631,0,2.2602899074554443,179,control
6,4620490,0.02116125459956563,0.01010818034410476,0.02926519894073282,0,1.180254340171814,179,control
9,4609686,0.02153576217599164,0.01030320953577756,0.02962115158807979,0,0.6129453182220459,179,control
12,4566650,0.02140045577876124,0.01010916382074356,0.03166531246995922,0,4.039200782775879,179,control
15,4572630,0.02123657784057329,0.01010505203157663,0.0292977506984548,0,0.9962438344955444,179,control
18,4690300,0.0218256214054856,0.01044824160635471,0.0300481339284888,0,0.7534236311912537,179,control
21,4637941,0.02118157577683773,0.01010905671864748,0.02916254638209757,0,0.6571735143661499,179,control
24,4497259,0.02120287153996932,0.01013091392815113,0.02919308695302605,0,0.646826446056366,179,control
27,4568070,0.02118486363572947,0.01009680330753326,0.02928342654316612,0,0.8450316786766052,179,control
30,4698232,0.02123958933026126,0.01017153263092041,0.02925009299650088,0,0.613581657409668,179,control
33,4580517,0.02134536923249019,0.01014187838882207,0.03010801863763656,0,2.299389123916626,179,control
36,4575756,0.02128161909409755,0.01014187838882207,0.02930829133050345,0,0.6546949148178101,179,control
39,4595841,0.02110661690575208,0.01009680330753326,0.02912475857780468,0,0.6149736642837524,179,control
42,4676805,0.02128436692968714,0.01016408950090408,0.02927547229777637,0,0.5594295859336853,179,control
45,4661370,0.02135492437065178,0.01019817870110273,0.02935667141694983,0,0.566896915435791,179,control
48,4607584,0.02131876588585995,0.01021051127463579,0.02958125615756208,0,1.514111042022705,179,control
0,625680,0.02112560184252034,0.01010145712643861,0.02914897761836754,0,0.566896915435791,18,control
3,643976,0.02115178133499248,0.01009680330753326,0.02914799366875297,0,0.7551798224449158,18,control
6,642400,0.0211870107667486,0.01009680330753326,0.02913047776344455,0,0.5137273669242859,18,control
9,634382,0.02138469016447103,0.01024166215211153,0.02948685273832,0,0.49621522426605225,18,control
12,609174,0.02134375771190342,0.01015836931765079,0.02939919233185691,0,0.4789689779281616,18,control
15,647976,0.02157260446485706,0.010292649269104,0.02978151050173123,0,0.527621328830719,18,control
18,626452,0.02125181045884418,0.01012404728680849,0.0292642228458022,0,0.6075363755226135,18,control
21,632009,0.02140000926529733,0.01018881052732467,0.02942380365239685,0,0.5784018635749817,18,control
24,624099,0.02137802793383106,0.01019842736423015,0.02950800947120065,0,0.5424096584320068,18,control
27,623304,0.02119964101136385,0.01014051400125026,0.02917801351195203,0,0.5001779794692993,18,control
30,628653,0.02159008681976652,0.01018881052732467,0.02986444114127405,0,0.4726572334766388,18,control
33,637582,0.0218002202148375,0.01049266289919614,0.02990234525092323,0,0.4518206715583801,18,control
36,628000,0.02130123240542844,0.01017220877110958,0.02928802936921817,0,0.4811410903930664,18,control
39,617627,0.02132358305987905,0.01013121847063303,0.02939980979709422,0,0.5334551334381104,18,control
42,643140,0.02133949837550851,0.01020899228751659,0.02933535056789592,0,0.5983755588531494,18,control
45,635173,0.02128821386220581,0.01018039416521787,0.02932236809024622,0,0.5983755588531494,18,control
48,617571,0.02126323967500314,0.01009745616465807,0.02922857078920368,0,0.45492425560951233,18,control
0,1662304,0.02149321263494687,0.01027532387524843,0.02962531484963066,0,0.6976386308670044,180,control
3,1654702,0.02125673797846065,0.01014187838882207,0.02924408115675851,0,0.7551798224449158,180,control
6,1635560,0.02106149951252652,0.01010818034410476,0.02896182208966479,0,0.6841755509376526,180,control
9,1645920,0.02150688403036623,0.01036267355084419,0.02952977148651779,0,0.6841755509376526,180,control
12,1649010,0.02107780074483301,0.01007654145359993,0.02898698795634503,0,0.566896915435791,180,control
15,1607248,0.02139584178479424,0.0101714888587594,0.02941018470294493,0,0.6287680268287659,180,control
18,1667102,0.02129657519698017,0.01021826732903719,0.02926664553278426,0,0.6546949148178101,180,control
21,1629212,0.02119883383603509,0.0101624596863985,0.02918204116095448,0,0.6546949148178101,180,control
24,1607295,0.0212917633684493,0.01015946734696626,0.02926255251129956,0,0.5072846412658691,180,control
27,1663739,0.0211173999302086,0.01009680330753326,0.02907441087173634,0,0.5331023931503296,180,control
30,1652270,0.02182407713256314,0.01050416380167007,0.03003621658302505,0,0.6831604242324829,180,control
33,1672636,0.0212993121355235,0.01019003521651029,0.02939553811728596,0,0.8652342557907104,180,control
36,1645248,0.02133891463026202,0.0101961325854063,0.02932997530256541,0,0.566896915435791,180,control
39,1638924,0.02094111085804775,0.01002519484609365,0.02886484359821175,0,0.566896915435791,180,control
42,1649010,0.02147375822556869,0.01029190607368946,0.02955920476872084,0,0.6767114400863647,180,control
45,1657104,0.02206433349647352,0.01058440282940864,0.03043325945516138,0,0.5528262853622437,180,control
48,1689744,0.02129848336468467,0.01021142024546861,0.02933029575649965,0,0.6490405201911926,180,control
0,3655934,0.02130629913154911,0.01018039416521787,0.02933242048941608,0,0.6822298765182495,181,control
3,3686064,0.02148571183924019,0.01014187838882207,0.03627237187895768,0,5.586296558380127,181,control
6,3676086,0.02126893934402973,0.01015533600002527,0.02930075495760938,0,0.9553964138031006,181,control
9,3717072,0.02134146782029084,0.01021051127463579,0.02939434464325451,0,0.7240395545959473,181,control
12,3633840,0.02117955156820047,0.01009745616465807,0.02918119597637297,0,0.5866675972938538,181,control
15,3761508,0.02132912235305766,0.01019615121185779,0.0293791405663196,0,0.5477128624916077,181,control
18,3605020,0.02133830569595202,0.01018039416521787,0.0293478510720234,0,0.7114706039428711,181,control
21,3729154,0.02173605017406828,0.01039798650890588,0.03033877342419613,0,1.5068751573562622,181,control
24,3732768,0.02125636349102798,0.01013121847063303,0.02943072961387162,0,1.167938470840454,181,control
27,3726383,0.02137513442782683,0.01018474344164133,0.03027275761244605,0,1.9342284202575684,181,control
30,3669780,0.02137910247446404,0.01015715114772319,0.02944445722565868,0,0.646826446056366,181,control
33,3716164,0.0212512023908142,0.01011834759265184,0.02927747794235942,0,0.561063289642334,181,control
36,3698751,0.02120476638987832,0.01009680330753326,0.0297166332511917,0,1.720247507095337,181,control
39,3752380,0.02135471874022558,0.0101961325854063,0.02941380527586326,0,0.8699824810028076,181,control
42,3722924,0.02138258111244442,0.01024291198700666,0.02946448112298364,0,0.6841755509376526,181,control
45,3741738,0.02130434693296006,0.01018039416521787,0.02932256784114426,0,0.6129453182220459,181,control
48,3654116,0.02126421153855207,0.01012286450713872,0.02926604371529823,0,0.6841755509376526,181,control
0,2495671,0.02114955445846058,0.01010818034410476,0.02915836784059878,0,0.5732651948928833,182,control
3,2439336,0.02132812285218165,0.01017239224165678,0.02937131271589961,0,0.6129453182220459,182,control
6,2464664,0.02133435331295937,0.01019003521651029,0.02945949355308859,0,0.953271508216858,182,control
9,2518086,0.02170811743696356,0.010292649269104,0.03143607327040586,0,3.588839292526245,182,control
12,2511441,0.02113520357903441,0.01014976296573877,0.02905765734935167,0,0.5866675972938538,182,control
15,2475252,0.02122909145641811,0.01017220877110958,0.02921318082839263,0,0.6571735143661499,182,control
18,2478689,0.02159822426276246,0.0103535745292902,0.02979065683479928,0,0.6841755509376526,182,control
21,2474642,0.0211430581097873,0.01009680330753326,0.02910669694697288,0,0.6095219254493713,182,control
24,2468422,0.02127347173287809,0.01014187838882207,0.02938607162732016,0,0.566896915435791,182,control
27,2437290,0.02120218923226695,0.01017220877110958,0.02911557591997267,0,0.566896915435791,182,control
30,2524704,0.02113810795205869,0.01009680330753326,0.02946030856249151,0,2.126117467880249,182,control
33,2473352,0.0211845758182866,0.01015673950314521,0.02919017178501311,0,0.7240395545959473,182,control
36,2505022,0.02130101125145942,0.01019817870110273,0.02929359817739709,0,0.566896915435791,182,control
39,2481276,0.02123683058631714,0.01013091392815113,0.02925521464423265,0,0.566896915435791,182,control
42,2421880,0.02116135600141572,0.01010505203157663,0.02906696395955959,0,0.566896915435791,182,control
45,2469159,0.02124549641110407,0.01019003521651029,0.02918250724596717,0,0.5702458024024963,182,control
48,2527620,0.02123039609782152,0.01019003521651029,0.02926720906477091,0,0.5813720226287842,182,control
0,293222,0.02060842811180878,0.00980581995099783,0.02840589682549304,0,0.4920819401741028,183,control
3,307904,0.02152260683860945,0.01033428683876991,0.02958516546422395,0,0.4543561339378357,183,control
6,280370,0.02123284423489799,0.01009184308350086,0.02929526646589556,0,0.4820522367954254,183,control
9,284622,0.02214030222985228,0.01062782667577266,0.03040025036018783,0,0.4789689779281616,183,control
12,299208,0.02157626826932869,0.01041232794523239,0.02958575367418331,0,0.4257298707962036,183,control
15,298035,0.02087486720878354,0.01000436302274465,0.0286448142458513,0,0.4219329357147217,183,control
18,308508,0.02161008027304931,0.01036267355084419,0.02960236070024508,0,0.5796167254447937,183,control
21,285634,0.02195469875957583,0.01043842453509569,0.03033544874798651,0,0.5034059286117554,183,control
24,293700,0.02142365137603396,0.01031245104968547,0.02947430061819776,0,0.5533496737480164,183,control
27,301944,0.02158393345536751,0.01029190607368946,0.02965275493240086,0,0.4365679919719696,183,control
30,299184,0.02141812079017269,0.01021197158843278,0.029665456973791,0,0.5983755588531494,183,control
33,295935,0.02278215811298877,0.01109565515071153,0.0314681102966775,0,0.8722015023231506,183,control
36,297558,0.02128415687284483,0.01021142024546861,0.02922665802341455,0,0.5533496737480164,183,control
39,295390,0.02132061166581674,0.01013106666505336,0.02955074808121113,0,0.4503103792667389,183,control
42,298112,0.02112081306419414,0.01009680330753326,0.02924596109764029,0,0.6009652614593506,183,control
45,277680,0.02164291439571865,0.01037935074418783,0.02988280470248357,0,0.47459158301353455,183,control
48,302994,0.02113068504240525,0.01020899228751659,0.02903894236428235,0,0.4691268801689148,183,control
0,7441357,0.02203677454217563,0.01028378121554851,0.05779169423128881,0,25.303430557250977,184,control
3,7483462,0.02127172215012894,0.01018228381872177,0.02927757276817388,0,0.6841755509376526,184,control
6,7346682,0.02143485444351044,0.01019243616610765,0.0301299201429405,0,2.006772041320801,184,control
9,7480422,0.02210818298383451,0.01016939245164394,0.07922168178073859,0,23.46675682067871,184,control
12,7420868,0.02138688933991065,0.01019003521651029,0.02998433780473986,0,2.434736967086792,184,control
15,7549605,0.02122418255501696,0.0101230964064598,0.02922882956170182,0,0.6633915305137634,184,control
18,7380774,0.02129499474882297,0.0101961325854063,0.02933006446598313,0,0.7605371475219727,184,control
21,7295328,0.02128181675140691,0.01014846842736005,0.02938301205016219,0,1.1179982423782349,184,control
24,7440290,0.02127099238617618,0.01014106068760156,0.02943000632516816,0,1.208393931388855,184,control
27,7483425,0.0214454245650252,0.01025635842233896,0.02968368529795159,0,1.5033358335494995,184,control
30,7482780,0.02127082936178405,0.01017491333186626,0.02927990767492322,0,0.7063820958137512,184,control
33,7502271,0.02159230513977164,0.01015533600002527,0.03823683433896488,0,9.71702003479004,184,control
36,7458546,0.02141741770218531,0.01024072710424661,0.02961730722014559,0,1.3552179336547852,184,control
39,7387308,0.02129396728362198,0.01016408950090408,0.02933031439319702,0,0.7748263478279114,184,control
42,7541784,0.02156219487175337,0.01032416895031929,0.02975009854548236,0,1.3932496309280396,184,control
45,7431053,0.02155980997979497,0.01024690549820661,0.03155416243418093,0,4.087682247161865,184,control
48,7341698,0.02121968749719642,0.01011848263442516,0.02925482507775188,0,1.2745760679244995,184,control
0,2362368,0.02137017518575042,0.01015533600002527,0.03009440070699414,0,1.6754052639007568,185,control
3,2386989,0.021223346020861,0.01009745616465807,0.02921604670703236,0,0.8467752933502197,185,control
6,2351412,0.02137994642690533,0.01020811032503843,0.02941070843215027,0,0.6841755509376526,185,control
9,2427040,0.02370061026306,0.01040614768862724,0.13028567413560596,0,40.97893142700195,185,control
12,2342248,0.02127430277314158,0.01011413894593715,0.02954864085765951,0,1.1265720129013062,185,control
15,2348004,0.02138377596547435,0.01019109971821308,0.02990107143893524,0,1.7676018476486206,185,control
18,2334528,0.02153754888311383,0.01026393100619316,0.03029820013527418,0,1.7857142686843872,185,control
21,2376222,0.02193798534642379,0.01007073186337947,0.058836415042129,0,11.629881858825684,185,control
24,2368232,0.02122124424590514,0.01018708478659391,0.02918770102952215,0,0.566896915435791,185,control
27,2346624,0.02258676277767255,0.01014187838882207,0.09290366247811396,0,23.86158561706543,185,control
30,2363876,0.02174477730238154,0.0103557351976633,0.03167226819450805,0,2.4936277866363525,185,control
33,2414555,0.02158107165334638,0.0103092361241579,0.02971688448959736,0,0.6633915305137634,185,control
36,2320962,0.02211426174151613,0.01017994806170463,0.06451732345956031,0,13.652527809143066,185,control
39,2338908,0.02127798223825148,0.01014187838882207,0.02940296758556685,0,0.6984667181968689,185,control
42,2293290,0.02147079739773141,0.01028176397085189,0.02956108741256401,0,0.6841755509376526,185,control
45,2394600,0.02146688157049344,0.01021301560103893,0.03100422585176671,0,2.9203600883483887,185,control
48,2345436,0.02296288012579826,0.01014187838882207,0.1237187851754283,0,40.273399353027344,185,control
0,2020390,0.02134108152942705,0.0101961325854063,0.02938912641753025,0,0.5442970395088196,186,control
3,2031994,0.02154259386176864,0.01031536422669887,0.02964062917455429,0,0.6129453182220459,186,control
6,2014950,0.02120777661277328,0.01014415733516216,0.02906363022112051,0,0.4967349171638489,186,control
9,2073519,0.02146185544076686,0.0102842990309,0.02954713309102603,0,0.5265645980834961,186,control
12,2067808,0.02121372374995992,0.01010818034410476,0.0292756141423184,0,0.5477128624916077,186,control
15,2077880,0.02122595672126681,0.01019246876239776,0.02921653972800009,0,0.6013466715812683,186,control
18,2061996,0.02155513282914514,0.01029623392969369,0.02974314206420295,0,0.5866675972938538,186,control
21,2090907,0.02127364136190595,0.01017883140593767,0.02931446734798137,0,0.5919857621192932,186,control
24,2062060,0.02121898925196562,0.01013878360390663,0.02916064885999053,0,0.566896915435791,186,control
27,2014968,0.02129473586840837,0.01016939245164394,0.02936701131741477,0,0.5106523036956787,186,control
30,2030481,0.02162017454294132,0.01041232794523239,0.02972872365504673,0,0.6841755509376526,186,control
33,2044900,0.02125281902573556,0.01020986773073673,0.02933328693073307,0,0.7021157145500183,186,control
36,2111128,0.02121907909159465,0.01013434585183858,0.02924271742348628,0,0.5089317560195923,186,control
39,2076256,0.02139137701099767,0.01027693971991539,0.0293663997084038,0,0.566896915435791,186,control
42,2109624,0.02151747148440892,0.01041232794523239,0.02966698403201372,0,0.7175059914588928,186,control
45,2017820,0.02172218952367766,0.01041232794523239,0.02991529800263303,0,0.566896915435791,186,control
48,2085132,0.02122813813119715,0.01019067037850618,0.02923193939340378,0,0.5170512199401855,186,control
0,3027404,0.02116988959932748,0.01009680330753326,0.02921744743938818,0,0.6013466715812683,187,control
3,3118272,0.02123920954924384,0.01013176795095205,0.0292126905103895,0,0.5744583010673523,187,control
6,3041052,0.02124657872011587,0.01014187838882207,0.02920970041666967,0,0.6275004744529724,187,control
9,3057120,0.02144923029765729,0.01024303305894136,0.02951040093146376,0,0.600493848323822,187,control
12,3136080,0.02118834107024519,0.01009949576109647,0.02921723886451092,0,0.6546949148178101,187,control
15,3135912,0.02128536130364236,0.01018881052732467,0.0293205179391324,0,0.6779300570487976,187,control
18,3089723,0.02118561914775601,0.01014187838882207,0.02911256281717478,0,0.8722015023231506,187,control
21,3077764,0.02124039305489086,0.01015836931765079,0.02919258620408212,0,0.568110466003418,187,control
24,3044184,0.02132211912910245,0.01018474344164133,0.02927949605666712,0,0.5655374526977539,187,control
27,3092112,0.02131726123370917,0.01019388809800148,0.02939370013733321,0,0.7539608478546143,187,control
30,3093885,0.02136521415563693,0.01020899228751659,0.02939286005894771,0,0.6018508076667786,187,control
33,3140886,0.02113092560665677,0.01009128708392381,0.02910277820959369,0,0.5395437479019165,187,control
36,3116570,0.02121107300125448,0.01013434585183858,0.02915277301089619,0,0.5089103579521179,187,control
39,3074580,0.02123211776598281,0.01013671047985553,0.02926085118022475,0,0.6295321583747864,187,control
42,3109660,0.02118658941649054,0.01012821216136217,0.02915133109027194,0,0.5744583010673523,187,control
45,3146820,0.02164427975583676,0.01041445322334766,0.02980619290373168,0,0.5679451823234558,187,control
48,3086373,0.02126495408592015,0.01014187838882207,0.02928419378496271,0,0.5983755588531494,187,control
0,759759,0.02107947011298556,0.01009680330753326,0.02903289252005562,0,0.5001779794692993,188,control
3,771060,0.02120495600439771,0.0101065244525671,0.02917647394464083,0,0.4789689779281616,188,control
6,792648,0.02097121320216538,0.01002519484609365,0.02884451498231105,0,0.4691099226474762,188,control
9,762450,0.02134919552541179,0.01025699637830257,0.02931077825327177,0,0.5866675972938538,188,control
12,762029,0.02141405386640122,0.01026043388992548,0.02934237294589904,0,0.44525083899497986,188,control
15,760284,0.02118308179564421,0.01016442663967609,0.02905229152002201,0,0.5482248663902283,188,control
18,783978,0.02132228172505664,0.01019109971821308,0.02932007680204008,0,0.4789689779281616,188,control
21,777563,0.02201216641925455,0.01059375051409006,0.03034821201131831,0,0.6129453182220459,188,control
24,798036,0.02152636295784564,0.01040432509034872,0.02956966697061381,0,0.566896915435791,188,control
27,758520,0.02128850644016856,0.01013434585183858,0.02937219545692239,0,0.4543561339378357,188,control
30,777994,0.02127236183891636,0.01019977126270532,0.02933652292410094,0,0.5168951749801636,188,control
33,783768,0.02133612376197072,0.01026951801031828,0.02935372271938839,0,0.5065930485725403,188,control
36,780440,0.02135685248252563,0.01028015464544296,0.02926835111760679,0,0.5489892363548279,188,control
39,785672,0.02122500712565273,0.01011015381664037,0.02925875679376791,0,0.5034059286117554,188,control
42,771741,0.02174393235516947,0.01041570212692022,0.02994764177346154,0,0.5511287450790405,188,control
45,769850,0.02150440265687814,0.01029190607368946,0.02962436411629272,0,0.5744583010673523,188,control
48,783804,0.02123613575632502,0.01014187838882207,0.0292443494563396,0,0.5136807560920715,188,control
0,2279956,0.02121197345059234,0.01010905671864748,0.0292933171247803,0,0.6857874393463135,189,control
3,2298175,0.02131669305274979,0.01022406760603189,0.02933559234898264,0,0.566896915435791,189,control
6,2251500,0.02141362127439973,0.01022313255816698,0.02944501270426064,0,0.5423440337181091,189,control
9,2229013,0.02174134183005296,0.01043556630611419,0.02996274360326727,0,0.5933746099472046,189,control
12,2257234,0.02114022464386749,0.01009745616465807,0.02909198027543041,0,0.547423243522644,189,control
15,2173730,0.02148107817485463,0.01026951801031828,0.02955609547759679,0,0.5796167254447937,189,control
18,2190399,0.02113426013496283,0.01010789535939693,0.02904639733147314,0,0.5265645980834961,189,control
21,2215212,0.02158731719300486,0.01035737060010433,0.02975441311493977,0,0.6841755509376526,189,control
24,2224362,0.0211858817531492,0.01011297851800918,0.02919103195052946,0,0.814466118812561,189,control
27,2217120,0.02128193579443934,0.01014187838882207,0.02929834683691288,0,0.7212456464767456,189,control
30,2188890,0.02112818079780102,0.01009745616465807,0.02905319924885578,0,0.5424096584320068,189,control
33,2202000,0.02134317295892921,0.01017883140593767,0.02937932468408531,0,0.5424096584320068,189,control
36,2249999,0.0215076758891148,0.01032442972064018,0.02968651263683197,0,0.5034059286117554,189,control
39,2231867,0.02120487446826572,0.01013434585183858,0.02913517849346891,0,0.6546949148178101,189,control
42,2249831,0.02125446002574067,0.01017665863037109,0.02924373885850908,0,0.6777530908584595,189,control
45,2264829,0.02131526547532657,0.01019003521651029,0.02936273619016303,0,0.6112286448478699,189,control
48,2227500,0.02127186551699073,0.01021197158843278,0.0292867223058532,0,0.566896915435791,189,control
0,2261991,0.02142295310384623,0.01029415894299745,0.02979982893797166,0,1.2030478715896606,19,control
3,2271906,0.02125949333527318,0.01009745616465807,0.03071844771662248,0,2.8784117698669434,19,control
6,2225164,0.0214412718038682,0.01020899228751659,0.03013537883444917,0,1.7602702379226685,19,control
9,2239985,0.02141563859593092,0.01026386860758066,0.02950767729810653,0,0.5919857621192932,19,control
12,2275362,0.02137593855397038,0.01022590510547161,0.02940231984333032,0,0.5414292216300964,19,control
15,2222932,0.02142463191507313,0.01023045368492603,0.02962357914943438,0,0.5822816491127014,19,control
18,2247310,0.02140381187630527,0.01024072710424661,0.02963729910975429,0,1.069043517112732,19,control
21,2250850,0.02157736804083029,0.01036095153540372,0.02991950005954694,0,1.035775065422058,19,control
24,2315808,0.02145130206188304,0.0102657014504075,0.02975088777024494,0,1.0674699544906616,19,control
27,2220400,0.02148549441211499,0.01019243616610765,0.03017076586475701,0,1.4549627304077148,19,control
30,2289492,0.02230969819782486,0.01062782667577266,0.0314197006285481,0,1.8415898084640503,19,control
33,2283372,0.02150538907513828,0.01025302521884441,0.03072683152550216,0,2.174861431121826,19,control
36,2238700,0.02134055211099332,0.01015836931765079,0.02936658617039263,0,0.7047480344772339,19,control
39,2263261,0.02119348377994625,0.01014981139451265,0.02920042989096183,0,0.6841755509376526,19,control
42,2271224,0.02206905831235193,0.01029415894299745,0.04774865646316362,0,12.666049003601074,19,control
45,2303028,0.02125873597115997,0.0101961325854063,0.02928167521447432,0,0.6898085474967957,19,control
48,2257409,0.02150428334975713,0.0102302823215723,0.03094595406024812,0,3.2916393280029297,19,control
0,7795228,0.02129398594444958,0.01015715114772319,0.02933426710752325,0,0.6841755509376526,190,control
3,7728319,0.02127572841860673,0.01015166193246841,0.02927952977599229,0,0.6780120730400085,190,control
6,7675560,0.02141834291961319,0.01022590510547161,0.02958570512764857,0,1.3379591703414917,190,control
9,7703244,0.02129178830440628,0.01018474344164133,0.02931456480427418,0,0.941181182861328,190,control
12,7792010,0.02121597852484092,0.01015836931765079,0.02918174089677032,0,0.646826446056366,190,control
15,7800800,0.0212542586970656,0.01014187838882207,0.02925815503698824,0,0.6401609182357788,190,control
18,7717275,0.02145262408646114,0.01026951801031828,0.02963378917519508,0,1.181047439575195,190,control
21,7915740,0.02141061517380985,0.01022449880838394,0.02951552781254026,0,0.9794018864631652,190,control
24,7717275,0.0211625919585879,0.01013176795095205,0.02913081747431649,0,0.6361842751502991,190,control
27,7836208,0.0218724714723431,0.01016042195260524,0.05985716521734097,0,18.24213409423828,190,control
30,7758854,0.02122291188627218,0.01014187838882207,0.02919526929028011,0,0.7815737724304199,190,control
33,7758668,0.02150989094230159,0.01029649283736944,0.02960063226072031,0,0.6633915305137634,190,control
36,7847070,0.02127317802271389,0.01016877964138984,0.02926559508472679,0,0.686599612236023,190,control
39,7747860,0.0212510424044183,0.01013365294784307,0.03043122222027087,0,3.039212465286255,190,control
42,7789672,0.0212857113484727,0.01016408950090408,0.02926647079223704,0,0.646826446056366,190,control
45,7758080,0.02135868722638346,0.01021051127463579,0.02936296514395694,0,0.6710686683654785,190,control
48,7799480,0.02120886493178875,0.01014972385019064,0.02921040931280861,0,0.7860184907913208,190,control
0,887360,0.02134117686388637,0.01021142024546861,0.02961736639893439,0,1.0109227895736694,191,control
3,901520,0.02108881606620396,0.01007443107664585,0.02910577596011769,0,0.5343884229660034,191,control
6,897736,0.02137773150967412,0.01016408950090408,0.02943040052579124,0,0.5983755588531494,191,control
9,891036,0.02177862207782889,0.01043082028627395,0.02997811151604915,0,0.5256311893463135,191,control
12,922450,0.02125034366638288,0.01018474344164133,0.02926970650352886,0,0.5416393280029297,191,control
15,896325,0.02133886939745394,0.01024432107806205,0.02939605046981266,0,0.5089103579521179,191,control
18,929954,0.02191457145497192,0.01060826331377029,0.03030810720134276,0,0.6841755509376526,191,control
21,917755,0.02163045485074875,0.01041020359843969,0.02975399784028439,0,0.4789689779281616,191,control
24,910112,0.02137961152933822,0.0102332467213273,0.02955014666291751,0,0.5983755588531494,191,control
27,883584,0.02119715826410738,0.01014187838882207,0.02922343738350267,0,0.4496232569217682,191,control
30,904352,0.0218591305952657,0.01050586812198162,0.03014323133060513,0,0.566896915435791,191,control
33,929280,0.02127511804299395,0.01019109971821308,0.02939874002151878,0,0.5694893598556519,191,control
36,921479,0.02118617338959006,0.0101407766342163,0.02916277286413353,0,0.5869632363319397,191,control
39,904320,0.02126662365624696,0.01019003521651029,0.02934334440588083,0,0.5796167254447937,191,control
42,930784,0.02140456686187299,0.01029554847627878,0.02943246286564558,0,0.522346019744873,191,control
45,923325,0.0214196299589778,0.01029190607368946,0.02938603465675813,0,0.566896915435791,191,control
48,932184,0.02138870009458589,0.01028164569288492,0.02944784755044538,0,0.5482248663902283,191,control
0,1274605,0.0214684258694235,0.01029415894299745,0.02945059125559122,0,0.5227924585342407,192,control
3,1269729,0.02134140328174585,0.01021051127463579,0.02926012469777221,0,0.5744583010673523,192,control
6,1232096,0.02138759220623364,0.01023594476282596,0.02930029612489236,0,0.6075363755226135,192,control
9,1251012,0.0214860847846271,0.01024872809648513,0.0295548456675265,0,0.6073858141899109,192,control
12,1239826,0.02134747862335677,0.01016230974346399,0.0294002098136117,0,0.6780120730400085,192,control
15,1273470,0.02126513799162877,0.01016594562679529,0.02928305276037872,0,0.5170512199401855,192,control
18,1254396,0.02126910446277389,0.01017220877110958,0.02934146303698513,0,0.5526943802833557,192,control
21,1281420,0.02131575495966722,0.01019003521651029,0.02935952770855207,0,0.6073858141899109,192,control
24,1252112,0.02126643083324066,0.01015533600002527,0.02927019524511295,0,0.4789689779281616,192,control
27,1268960,0.02123103769539091,0.01018474344164133,0.0291339745968472,0,0.5482248663902283,192,control
30,1265400,0.02149320128199277,0.01029190607368946,0.02964448383041768,0,0.6129453182220459,192,control
33,1284822,0.02136532220462615,0.01025070529431104,0.02942345350936952,0,0.5136807560920715,192,control
36,1288216,0.02120172068577839,0.01011792477220296,0.02926389310799031,0,0.566896915435791,192,control
39,1272348,0.02108684578229626,0.01008862815797329,0.02902200176029519,0,0.5151479244232178,192,control
42,1260004,0.02167894154081033,0.01041232794523239,0.02978931534312169,0,0.7047480344772339,192,control
45,1289358,0.02169224106610468,0.01041232794523239,0.02994217059320815,0,0.5813720226287842,192,control
48,1308732,0.02127838824902489,0.01020899228751659,0.02927346235958311,0,0.5098482370376587,192,control
0,746100,0.0214006402977543,0.01029190607368946,0.03005504508868201,0,1.8393837213516235,193,control
3,756714,0.02120273224804748,0.01014187838882207,0.02920597875099978,0,0.9297670125961304,193,control
6,747450,0.02116754088014958,0.01006781682372093,0.02923690736646059,0,0.4890928566455841,193,control
9,737870,0.02152574906985986,0.0102332467213273,0.02989288337542605,0,0.9105231761932372,193,control
12,746289,0.02133806034757582,0.01019109971821308,0.02949557281055873,0,0.6095021367073059,193,control
15,737334,0.02116265255804718,0.00999526865780353,0.03127735726493424,0,2.127897024154663,193,control
18,721600,0.02192525980175301,0.01041570212692022,0.03023801019975656,0,0.514768123626709,193,control
21,749892,0.0214587853041853,0.01020774897187948,0.02962387059747331,0,0.566896915435791,193,control
24,724748,0.02110754332059241,0.01000859122723341,0.02945517132888925,0,1.258188009262085,193,control
27,763344,0.02152815175498454,0.01029190607368946,0.02976224792094719,0,0.5582978129386902,193,control
30,742266,0.02178477653465188,0.01027204748243093,0.03405165678391515,0,3.2990081310272217,193,control
33,746172,0.02170135404590919,0.01032379176467657,0.03084173696696802,0,1.659738063812256,193,control
36,739640,0.0214067152524986,0.01021586917340755,0.02942553783173049,0,0.5008650422096252,193,control
39,748995,0.02115057742522057,0.01009745616465807,0.02918355736520336,0,0.5073279142379761,193,control
42,739468,0.02161102830547676,0.01034922525286674,0.03006347998461608,0,1.0001099109649658,193,control
45,747000,0.02197677167053288,0.01029190607368946,0.03844635717169894,0,3.5715579986572266,193,control
48,752335,0.02122143943753105,0.01005999743938446,0.02946919054099256,0,0.5866675972938538,193,control
0,364176,0.02138722744291519,0.0102478303015232,0.02954829270262035,0,0.5956984758377075,194,control
3,380820,0.02161882578470489,0.01043082028627395,0.02952658269562699,0,0.5065930485725403,194,control
6,377325,0.02159433809073881,0.0103092361241579,0.03059828574374987,0,1.3475899696350098,194,control
9,374400,0.02121738488175779,0.01012334041297435,0.02906179936297539,0,0.42552611231803894,194,control
12,390195,0.02130614610822245,0.01021746080368757,0.02944129128250759,0,0.8481132984161377,194,control
15,381480,0.02175465777733131,0.01038816478103399,0.03017965073193625,0,0.6918973326683044,194,control
18,389784,0.02180362974554629,0.01041577104479074,0.03193779804790102,0,1.4212934970855713,194,control
21,381786,0.02180681939268235,0.01032442972064018,0.03227949754953697,0,1.589213252067566,194,control
24,382005,0.02121724040624407,0.01009703893214464,0.02921020193708163,0,0.4493632018566131,194,control
27,364770,0.02912802331997636,0.0103092361241579,0.35048638444188096,0,52.37153244018555,194,control
30,385332,0.0223746571535838,0.0107034845277667,0.03343607440061644,0,1.9757604598999023,194,control
33,380046,0.02181550308061376,0.01041232794523239,0.02998338004967667,0,0.49621522426605225,194,control
36,389270,0.02160585541643451,0.01027647778391838,0.03413880674077323,0,2.598752498626709,194,control
39,384644,0.02115343464808598,0.01011206209659576,0.02952157814571238,0,0.6890621185302734,194,control
42,379500,0.02166594969335585,0.01036622654646635,0.0306700632779395,0,1.246020793914795,194,control
45,390944,0.02209013939961359,0.0105246677994728,0.03190001204694611,0,1.6565446853637695,194,control
48,383616,0.02156889943582262,0.01018039416521787,0.03072315901965359,0,1.510570049285889,194,control
0,119188,0.02147543182938723,0.01045857369899749,0.02931003039205001,0,0.4088829457759857,195,control
3,117393,0.02163813225168717,0.01035778131335973,0.0295382310624525,0,0.42552611231803894,195,control
6,118608,0.02161276562148885,0.01041098311543464,0.02949957431229851,0,0.5744583010673523,195,control
9,116350,0.02108563134250784,0.00999208260327577,0.02911695124948326,0,0.4768790006637573,195,control
12,117613,0.02128035774822774,0.01015223003923893,0.02921797112203934,0,0.4811410903930664,195,control
15,116550,0.02077152619203772,0.00995714403688907,0.02852616431274106,0,0.4496232569217682,195,control
18,116708,0.0215270618499077,0.01030853018164634,0.0295750454778315,0,0.42552611231803894,195,control
21,114492,0.02139675159360127,0.01022792048752307,0.02936012586451671,0,0.3714502453804016,195,control
24,115934,0.02122027457467696,0.01011721603572368,0.02908680798560716,0,0.5434810519218445,195,control
27,115584,0.02150056202527414,0.01014187838882207,0.02971441492716694,0,0.4018164277076721,195,control
30,112488,0.02241942407286965,0.01082182023674249,0.03099577115017322,0,0.566896915435791,195,control
33,114840,0.02107146982168924,0.01005635689944028,0.0289769332002325,0,0.3779441714286804,195,control
36,117480,0.02087340885560395,0.00995635706931352,0.0287697152621828,0,0.4358648955821991,195,control
39,117528,0.02203077526508229,0.01057029142975807,0.03021561045854103,0,0.4643088579177856,195,control
42,116112,0.02179128422532143,0.01040421053767204,0.03009111971019168,0,0.428742915391922,195,control
45,117393,0.02109092104070974,0.01008547469973564,0.0288189532402971,0,0.3433991074562073,195,control
48,117034,0.0209369810750182,0.01005999743938446,0.02879914262145438,0,0.5001779794692993,195,control
0,12295122,0.02131377562900596,0.0101961325854063,0.02942832364977811,0,0.7434173822402954,196,control
3,12064446,0.0216652319960919,0.01015946734696626,0.04828708043203792,0,19.482093811035156,196,control
6,12068315,0.02129927969823434,0.01017491333186626,0.02934300436340003,0,0.646826446056366,196,control
9,11986836,0.02150824641100968,0.01026333961635828,0.02976412885178527,0,1.4170349836349487,196,control
12,12019305,0.02176612629246668,0.01017695479094982,0.05423768001173313,0,17.486101150512695,196,control
15,12131145,0.02128643913907915,0.01014051400125026,0.02964903126155816,0,1.5446953773498535,196,control
18,12073776,0.02127530644140349,0.01017892453819513,0.0292816901702408,0,0.785795271396637,196,control
21,12005325,0.02136017837507261,0.0102389482781291,0.0294273828494922,0,0.686599612236023,196,control
24,11915148,0.02137853000090596,0.01020899228751659,0.02951352304272742,0,1.496349573135376,196,control
27,12061720,0.02134308666736104,0.01019968371838331,0.02938783602259049,0,0.6758295893669128,196,control
30,11994776,0.02129493475840731,0.01015673950314521,0.02955636360393298,0,2.02467679977417,196,control
33,12175554,0.02128857713892623,0.01018474344164133,0.02935671651027607,0,0.754034161567688,196,control
36,11991885,0.02133931880197213,0.01016939245164394,0.02939422469648102,0,0.8623716831207275,196,control
39,11967540,0.02125772540727912,0.01016939245164394,0.02927326075711657,0,0.7348716259002686,196,control
42,12113850,0.0212825349165808,0.01015836931765079,0.02930202696229529,0,0.8012030124664307,196,control
45,12344526,0.0213360044692998,0.01019003521651029,0.02950793134533021,0,1.1914911270141602,196,control
48,11994026,0.02119074316847628,0.01013993192464113,0.02916060271106499,0,0.7531365752220154,196,control
0,570738,0.02129421243992322,0.0101961325854063,0.0293227724029039,0,0.6078379154205322,197,control
3,566200,0.02093286183029681,0.01004217844456434,0.02880338355948426,0,0.5423440337181091,197,control
6,562500,0.02139442831810662,0.01023714244365692,0.02935290226214773,0,0.5168379545211792,197,control
9,571487,0.02118954191264315,0.01015673950314521,0.02908700832605969,0,0.4789689779281616,197,control
12,577596,0.02113643579538437,0.01014187838882207,0.02897522665457481,0,0.4789689779281616,197,control
15,587520,0.02128912944451606,0.01010513212531805,0.02945381064415035,0,0.5382612347602844,197,control
18,564732,0.02121396508833312,0.01009201630949974,0.02926928115357156,0,0.566896915435791,197,control
21,579810,0.02169355457497077,0.01039625890552997,0.03007477485220462,0,0.4729156494140625,197,control
24,570768,0.02141523471346007,0.01020792964845895,0.02949069104269894,0,0.566896915435791,197,control
27,572905,0.02130168350367943,0.01022313255816698,0.02923593393466175,0,0.41429072618484497,197,control
30,569198,0.0213780703818456,0.01029190607368946,0.02944118194759538,0,0.4824316501617432,197,control
33,563920,0.02141086498604763,0.01027808338403701,0.02958165695334651,0,0.5265645980834961,197,control
36,562496,0.0214198451309505,0.01023707911372184,0.02945254572885064,0,0.5737672448158264,197,control
39,557909,0.02157729018922252,0.01022186409682035,0.03001553863650458,0,0.6129453182220459,197,control
42,555714,0.02145866449684637,0.0103092361241579,0.02940923274001878,0,0.46796098351478577,197,control
45,534261,0.02220977851626868,0.01065651327371597,0.03049019980511614,0,0.566896915435791,197,control
48,543834,0.0213151268700311,0.01016545295715332,0.02933576116234476,0,0.4789689779281616,197,control
0,1819510,0.02132325288961149,0.01011834759265184,0.0320724466282708,0,2.9186348915100098,198,control
3,1863660,0.02136788946360904,0.01018039416521787,0.02949639749147057,0,0.9062227010726928,198,control
6,1873080,0.02131482050242414,0.01018881052732467,0.02939205469944699,0,0.6841755509376526,198,control
9,1890594,0.021690890109087108,0.01034712325781583,0.03078804227001875,0,1.8671146631240845,198,control
12,1906820,0.02140980383669002,0.01021301560103893,0.03026747097821779,0,1.9801818132400513,198,control
15,1960530,0.0214444384770953,0.0102769611403346,0.02983099371380028,0,1.0316027402877808,198,control
18,1886580,0.02154308322638172,0.01034712325781583,0.0298306990406404,0,1.172249674797058,198,control
21,1851537,0.02172178459106913,0.01037773583084344,0.0299500491195778,0,0.5784626603126526,198,control
24,1898041,0.02130559815259232,0.01020774897187948,0.0293384326433193,0,0.5983755588531494,198,control
27,1900764,0.02130191904252725,0.01019968371838331,0.02932284544905842,0,0.6841755509376526,198,control
30,1914231,0.0218981406524297,0.01046149712055921,0.03040451071031747,0,1.095932126045227,198,control
33,1867168,0.02151713576209461,0.0103535745292902,0.0295823121911895,0,0.6075363755226135,198,control
36,1877340,0.02138410653147516,0.01018474344164133,0.02984473302212788,0,1.0586330890655518,198,control
39,1895403,0.02141751401967714,0.01019329857081174,0.0297838605369062,0,1.281411051750183,198,control
42,1882274,0.02112780696120817,0.01007654145359993,0.02927081614513213,0,0.9512052536010742,198,control
45,1861016,0.0211558786238584,0.01013091392815113,0.02919744392684619,0,0.5679126381874084,198,control
48,1894529,0.02134998839468105,0.01022658869624137,0.02946023796399737,0,0.6841755509376526,198,control
0,1254076,0.0214365706751426,0.01019003521651029,0.02989572427205298,0,1.3273276090621948,199,control
3,1274641,0.0213208782714897,0.01018039416521787,0.02948834203208,0,0.9313827157020568,199,control
6,1292688,0.0215606776806044,0.01007654145359993,0.04517342979961267,0,8.143728256225586,199,control
9,1274632,0.02137131877827924,0.01021237671375274,0.02956470734676475,0,0.914906919002533,199,control
12,1296072,0.02176902650371357,0.01015491504222154,0.04266096845935739,0,7.384470462799072,199,control
15,1258883,0.02144841942561281,0.01029190607368946,0.0295123416290752,0,0.5170512199401855,199,control
18,1287441,0.02179400733387678,0.01036267355084419,0.03061598526978591,0,1.3031058311462402,199,control
21,1281360,0.02108518263089732,0.01009082794189453,0.02906314702392815,0,0.7534236311912537,199,control
24,1278030,0.0215424067963389,0.01030286028981208,0.0297297301331144,0,0.566896915435791,199,control
27,1283464,0.02156024650905755,0.01025223731994628,0.02974484945569033,0,0.5424096584320068,199,control
30,1273510,0.02126507317429959,0.01014187838882207,0.02941858671642348,0,0.6100745797157288,199,control
33,1280202,0.02145801297497615,0.01022313255816698,0.02968895221622441,0,0.5924170613288879,199,control
36,1299584,0.0214303235640871,0.01024587079882621,0.02974030427281222,0,0.958660125732422,199,control
39,1300738,0.0214212021369481,0.01010505203157663,0.03232858846173293,0,3.5418312549591064,199,control
42,1285892,0.02132374530376345,0.01014868728816509,0.02943465015271542,0,0.5744583010673523,199,control
45,1301880,0.02133630274023891,0.0101961325854063,0.02957693964928096,0,1.1754114627838137,199,control
48,1285940,0.02143027200434489,0.01027149986475706,0.02967629895548085,0,0.9094664454460144,199,control
0,3753036,0.02143754281284778,0.01014550123363733,0.03203424905087916,0,3.7428877353668217,2,control
3,3775245,0.0232130349428214,0.01014976296573877,0.1456668962770745,0,44.14521026611328,2,control
6,3689917,0.02154553520461995,0.01028043683618307,0.03052395199476892,0,2.327810764312744,2,control
9,3707044,0.02143968590055903,0.01017220877110958,0.03086180145699663,0,7.061694145202637,2,control
12,3779120,0.0213479135111187,0.01018039416521787,0.02980912541327498,0,1.529355525970459,2,control
15,3796272,0.02130674464029907,0.01010505203157663,0.03062290829788268,0,2.5834078788757324,2,control
18,3702944,0.02150853902829042,0.01029415894299745,0.02981771114081142,0,1.389615178108215,2,control
21,3713208,0.02152964213663379,0.01026090048253536,0.03069529840613885,0,2.4313266277313232,2,control
24,3783564,0.0213096038050018,0.01019067037850618,0.02958898945647025,0,1.6162070035934448,2,control
27,3788842,0.02167113645402593,0.01019592490047216,0.04150505643004799,0,7.274489402770996,2,control
30,3772604,0.02145526837912699,0.01026951801031828,0.02979042355538767,0,0.8825533390045166,2,control
33,3699846,0.02136696694380824,0.01019003521651029,0.02950050576963847,0,0.7275655269622803,2,control
36,3632772,0.02120929346725721,0.01010905671864748,0.02925545749024804,0,1.038939356803894,2,control
39,3751905,0.02153442630893319,0.01021586917340755,0.03163822735630191,0,3.2502880096435547,2,control
42,3748092,0.0214059082284041,0.01022313255816698,0.03017100299259462,0,1.888089299201965,2,control
45,3740292,0.02171358348340814,0.01023045368492603,0.03924601751519924,0,7.19194221496582,2,control
48,3709467,0.02126068153944016,0.01017417944967746,0.02927587992079982,0,0.6841755509376526,2,control
0,1404150,0.021438655624127,0.01025699637830257,0.02950850098097569,0,0.6356661319732666,20,control
3,1399550,0.02118853899876996,0.01012429315596819,0.02915477873055481,0,0.6122516989707947,20,control
6,1407525,0.02142617745358099,0.01027242559939622,0.0294551882493775,0,0.48991209268569946,20,control
9,1397185,0.02158631260398935,0.01033237855881452,0.02971867795678636,0,0.6546949148178101,20,control
12,1413891,0.02130333760928248,0.0101820295676589,0.02936178987310188,0,0.5434810519218445,20,control
15,1463496,0.02132743547758654,0.0101961325854063,0.02939470114787344,0,0.792039692401886,20,control
18,1423700,0.02120164204656238,0.01014846842736005,0.02919751381486988,0,0.7240395545959473,20,control
21,1439394,0.02133384738107011,0.01018881052732467,0.02955145934162277,0,1.1133943796157837,20,control
24,1421313,0.02114028154471717,0.01009946316480636,0.02911662737959769,0,0.5744583010673523,20,control
27,1455553,0.02148680430011057,0.01025634631514549,0.02973528856073325,0,0.666388988494873,20,control
30,1415011,0.02135651513221174,0.01021234504878521,0.02942656438434656,0,0.4723615348339081,20,control
33,1420076,0.02136109227820193,0.01018474344164133,0.02931133608820864,0,0.4789689779281616,20,control
36,1402800,0.02134506967838794,0.01019003521651029,0.0293788489075267,0,0.566896915435791,20,control
39,1420796,0.02137675960363179,0.01017220877110958,0.02947695269317204,0,0.7617677450180054,20,control
42,1401148,0.02130560511584221,0.0102302823215723,0.02930035278007032,0,0.5265645980834961,20,control
45,1404096,0.02166792728904902,0.01041577104479074,0.02977175272186558,0,0.622937798500061,20,control
48,1385694,0.02118882636117763,0.01009854767471551,0.02922933688543369,0,0.5796167254447937,20,control
0,1810000,0.02120041893178874,0.01009745616465807,0.02921488778905542,0,0.5679451823234558,200,control
3,1776754,0.02106220091561444,0.01004217844456434,0.02906126063864582,0,0.6133325695991516,200,control
6,1782144,0.02114829004370369,0.01009680330753326,0.02916461919809557,0,0.924505352973938,200,control
9,1829414,0.02117049837575185,0.01014976296573877,0.02911394016154282,0,0.5864747762680054,200,control
12,1816920,0.02114668704107039,0.01009745616465807,0.02910313908575174,0,0.6841755509376526,200,control
15,1817280,0.02122733889178517,0.01013870444148779,0.02913645781241066,0,0.5265645980834961,200,control
18,1800000,0.02120817166338376,0.01010818034410476,0.02918381309017074,0,0.5679451823234558,200,control
21,1775336,0.02164459895360762,0.01039154548197984,0.02978668491837952,0,0.6129453182220459,200,control
24,1813872,0.02125809341534131,0.01014669053256511,0.02929261563846323,0,0.566896915435791,200,control
27,1819910,0.02124159884242969,0.01009680330753326,0.02941415714408388,0,0.8210272192955017,200,control
30,1779590,0.02121390601465777,0.01014972385019064,0.02910692491174131,0,0.49585404992103577,200,control
33,1787454,0.0212676707789164,0.01013091392815113,0.02926265643167914,0,0.5679451823234558,200,control
36,1772533,0.02130173633032693,0.01015836931765079,0.02934119035460326,0,0.5477128624916077,200,control
39,1796144,0.02120218369278536,0.01011159271001815,0.02923319852253196,0,0.566896915435791,200,control
42,1768053,0.02114752396311997,0.01013091392815113,0.02914913693239311,0,0.6612520217895508,200,control
45,1794075,0.021319906645108,0.01018039416521787,0.02936505336725426,0,0.6172168254852295,200,control
48,1753704,0.02140093402531532,0.01021051127463579,0.0294739753621491,0,0.6841755509376526,200,control
0,1070784,0.02142709335034179,0.01022313255816698,0.02951143839686259,0,0.482875257730484,21,control
3,1074885,0.02115157689427597,0.01011015381664037,0.02910121442432061,0,0.5065930485725403,21,control
6,1075080,0.02149831888189302,0.01035778131335973,0.02957797049808006,0,0.6129453182220459,21,control
9,1065816,0.02188706988919427,0.01044824160635471,0.03031238824114272,0,0.8604086637496948,21,control
12,1101924,0.02119115123704609,0.01009680330753326,0.02926381083136972,0,0.6841755509376526,21,control
15,1080504,0.02136698320963105,0.01024617068469524,0.02935244323302117,0,0.6122516989707947,21,control
18,1066893,0.02160504067168809,0.01029190607368946,0.02978958447795039,0,0.5008650422096252,21,control
21,1095150,0.02114289755094292,0.0101230964064598,0.02915873577593441,0,0.6841755509376526,21,control
24,1076250,0.02118205651594936,0.01013434585183858,0.02914640829137498,0,0.5343884229660034,21,control
27,1054473,0.02121507953671492,0.01014187838882207,0.02923060914355973,0,0.6841755509376526,21,control
30,1068867,0.02133952115129028,0.01024432107806205,0.02932579488689974,0,0.5478178858757019,21,control
33,1086426,0.02162961643757759,0.0103261349722743,0.02981581104668185,0,0.6490405201911926,21,control
36,1074469,0.02127571206743727,0.01019817870110273,0.02927662631047362,0,0.566896915435791,21,control
39,1099242,0.02129831369340883,0.01018708478659391,0.02925139438333818,0,0.566896915435791,21,control
42,1052480,0.02109197673733138,0.01007323712110519,0.02902124419810056,0,0.505874752998352,21,control
45,1074200,0.02122314826467461,0.01018584426492452,0.02912495859285895,0,0.6717333793640137,21,control
48,1100352,0.02151141978784225,0.01037330459803342,0.0295878522813616,0,1.038444995880127,21,control
0,663368,0.02135836050220985,0.01018553040921688,0.02941314616518047,0,0.5632533431053162,22,control
3,683865,0.02123970289440155,0.01018384099006652,0.02919854911426471,0,0.48736122250556946,22,control
6,686382,0.02121053551411455,0.01010505203157663,0.02924315223689795,0,0.4705411195755005,22,control
9,684756,0.0212847149977869,0.01018039416521787,0.02929219739254293,0,0.6088271737098694,22,control
12,660744,0.02113989217251726,0.01009680330753326,0.02901769361421626,0,0.566896915435791,22,control
15,674832,0.02135919027594137,0.01027532387524843,0.02945285534855029,0,0.5744583010673523,22,control
18,673214,0.02132589964530486,0.01028378121554851,0.02937532796678715,0,0.566896915435791,22,control
21,665631,0.0211490465982226,0.01014106068760156,0.02903974007554402,0,0.4789689779281616,22,control
24,666660,0.02169481149288226,0.01041232794523239,0.02974232387622174,0,0.4496232569217682,22,control
27,670565,0.0213593191511308,0.01029190607368946,0.02942165158379751,0,0.5679451823234558,22,control
30,666670,0.02134262103115986,0.01012334041297435,0.0294072931323722,0,0.4789689779281616,22,control
33,683046,0.02138525804615164,0.01028499472886324,0.02930557353743334,0,0.6073858141899109,22,control
36,680625,0.02133774848369356,0.0102084307000041,0.02944171272355827,0,0.4643088579177856,22,control
39,651200,0.02121750648501276,0.01014187838882207,0.02916281240867021,0,0.4920819401741028,22,control
42,682260,0.02142173952421556,0.01025921385735273,0.02941908173908117,0,0.5399988889694214,22,control
45,689640,0.02125370020218217,0.01019043382257223,0.02920828993934211,0,0.4748336672782898,22,control
48,676296,0.02129829819592831,0.0101961325854063,0.02939492671402178,0,0.5367595553398132,22,control
0,499833,0.02116423092623536,0.01017220877110958,0.02912866837877148,0,0.49621522426605225,23,control
3,467170,0.02154703402147869,0.01033237855881452,0.02963394733724117,0,0.566896915435791,23,control
6,489964,0.02201220429078722,0.01059393864125013,0.03034065298795457,0,0.5163255929946899,23,control
9,493450,0.02119375244847102,0.01010546181350946,0.02920306225288784,0,0.566896915435791,23,control
12,476000,0.02111007000193111,0.01009680330753326,0.02909292982457047,0,0.4267212748527527,23,control
15,488601,0.0213731669088752,0.01026951801031828,0.0293740197252672,0,0.5232921242713928,23,control
18,478170,0.02161786818324352,0.01041577104479074,0.02963409900346093,0,0.4993771016597748,23,control
21,480248,0.0212874039924848,0.01022313255816698,0.0292388008732699,0,0.514768123626709,23,control
24,483708,0.02148586120053687,0.01029190607368946,0.02961307033630076,0,0.5065930485725403,23,control
27,484407,0.02128165475821288,0.01014187838882207,0.0293790345310676,0,0.5873621106147766,23,control
30,476084,0.02173986091425259,0.01033099181950092,0.02994920654413505,0,0.5482248663902283,23,control
33,478855,0.02166019900019616,0.01041232794523239,0.0296702867026745,0,0.5482248663902283,23,control
36,483708,0.02115045018232202,0.01009745616465807,0.0291382774376566,0,0.4543561339378357,23,control
39,476075,0.02183432318008365,0.01049266289919614,0.03007052677098753,0,0.4901569187641144,23,control
42,494205,0.02162570147065746,0.01039798650890588,0.02972237546694738,0,0.6129453182220459,23,control
45,480245,0.02167197746571291,0.01038381084799766,0.02999501746854823,0,0.5250997543334961,23,control
48,486476,0.02124215991208088,0.01014187838882207,0.02914078904400978,0,0.5120977163314819,23,control
0,2508800,0.02130068973069697,0.01018384099006652,0.02931553110597216,0,0.5324156880378723,24,control
3,2602830,0.0213093820205522,0.01018039416521787,0.02932135869362336,0,0.6841755509376526,24,control
6,2553028,0.02138248798571413,0.01025634631514549,0.02939892480672202,0,0.5744583010673523,24,control
9,2563152,0.02139737981885713,0.01019592490047216,0.02948515815989125,0,0.5744732618331909,24,control
12,2518544,0.02127828016457989,0.01017665863037109,0.02927552233196049,0,0.566896915435791,24,control
15,2529690,0.02127527482473646,0.01019067037850618,0.02931008884145917,0,0.568489134311676,24,control
18,2548810,0.02120932182820995,0.01013434585183858,0.02924329578454304,0,0.6841755509376526,24,control
21,2553408,0.02127057786637923,0.01017206814140081,0.02926030892017649,0,0.646826446056366,24,control
24,2543961,0.02119897703106778,0.01014415733516216,0.0291982487785705,0,0.5065930485725403,24,control
27,2545578,0.02133185205316038,0.0102371945977211,0.02933764043090509,0,0.5416393280029297,24,control
30,2519884,0.02148131248249958,0.01028747949749231,0.02956275374304178,0,0.566896915435791,24,control
33,2544016,0.02116468640539982,0.01008019410073757,0.02917478666324368,0,0.646826446056366,24,control
36,2582440,0.02133875449808836,0.01017777062952518,0.02941295998646927,0,0.6813903450965881,24,control
39,2587032,0.02118187147574488,0.01014415733516216,0.02918116592272912,0,0.6129453182220459,24,control
42,2520066,0.02137772038542972,0.01025302521884441,0.02945040768749208,0,0.6857874393463135,24,control
45,2609750,0.02137332518027036,0.01022576540708541,0.02950927607338374,0,1.014146089553833,24,control
48,2524920,0.02141223504200226,0.01027532387524843,0.02952740945604914,0,0.5802510976791382,24,control
0,799578,0.02149270239606019,0.010292649269104,0.02956954691335035,0,0.6110967397689819,25,control
3,777324,0.02134059155483043,0.01018474344164133,0.02935642520366916,0,0.5089103579521179,25,control
6,772764,0.02152463948632184,0.01028067711740732,0.0296917023939579,0,0.5266135334968567,25,control
9,770960,0.02161558494968338,0.01034270040690898,0.02986831391156609,0,0.5265645980834961,25,control
12,770892,0.0210919377861023,0.01001938432455062,0.02909681746039177,0,0.4756527841091156,25,control
15,791076,0.02102897624947279,0.01005765795707702,0.02893144053793062,0,0.5418926477432251,25,control
18,780556,0.02127878197151993,0.0101961325854063,0.02908642996935918,0,0.5265645980834961,25,control
21,760750,0.02161498181636786,0.01026951801031828,0.02966912721877004,0,0.5744583010673523,25,control
24,773916,0.02121193956418509,0.01009680330753326,0.02927327719089163,0,0.4789689779281616,25,control
27,765744,0.02119648684818976,0.01011668425053358,0.02915066332026875,0,0.6129453182220459,25,control
30,790508,0.02156128545967672,0.01026904303580522,0.02973427592505899,0,0.566896915435791,25,control
33,775585,0.02186278323609295,0.0104586174711585,0.03022966013696965,0,0.646826446056366,25,control
36,789232,0.02121452512827617,0.01007212698459625,0.0292348207621876,0,0.5477128624916077,25,control
39,797350,0.02118394689774984,0.01018300466239452,0.029202964949591,0,0.4920111000537872,25,control
42,784096,0.02106499638830094,0.01005554571747779,0.02907115962276064,0,0.4789689779281616,25,control
45,781584,0.02177636650708448,0.01043947506695985,0.03001574854925954,0,0.49621522426605225,25,control
48,785070,0.02138749186393751,0.01017187070101499,0.02944484744426611,0,0.5136807560920715,25,control
0,4440300,0.02129957142977597,0.01017491333186626,0.02954693871468809,0,1.3607325553894043,26,control
3,4601300,0.02135017980107201,0.01020816527307033,0.02940319901920231,0,0.6153317093849182,26,control
6,4557990,0.02117628511505087,0.01009745616465807,0.02917242606199414,0,0.6705660820007324,26,control
9,4536152,0.02122157351852779,0.01014976296573877,0.02917979445352948,0,0.600493848323822,26,control
12,4475434,0.02124354459276093,0.01017883140593767,0.02922488835461938,0,0.6649728417396545,26,control
15,4497913,0.02148326410970464,0.01014187838882207,0.036401561910068,0,7.221785068511963,26,control
18,4554744,0.02121545349607571,0.01018553040921688,0.02917481564604511,0,0.5679451823234558,26,control
21,4537592,0.02147586084283878,0.01029172167181968,0.02957038453892214,0,0.6075363755226135,26,control
24,4501045,0.02146030298503214,0.01018943451344966,0.03098958873857265,0,2.2262444496154785,26,control
27,4509718,0.02133422006465195,0.01021142024546861,0.02936699659681798,0,0.6841755509376526,26,control
30,4518096,0.02171306854175616,0.01037716586142778,0.02997921521250705,0,0.9799275398254396,26,control
33,4537254,0.02129427514131939,0.01015836931765079,0.02939090035061304,0,0.6546949148178101,26,control
36,4538863,0.02131164305037706,0.01019817870110273,0.02942595460551054,0,1.0557597875595093,26,control
39,4572544,0.02132639808089358,0.01019388809800148,0.02949400145951184,0,1.1469188928604126,26,control
42,4490177,0.02139018960174027,0.01015533600002527,0.03105629846541866,0,3.1189286708831787,26,control
45,4478256,0.02133281617934857,0.01019003521651029,0.02932597620294709,0,0.5482248663902283,26,control
48,4553050,0.02123237743689796,0.01019003521651029,0.02924138609795297,0,0.6129453182220459,26,control
0,3232480,0.02124111824769998,0.01018039416521787,0.02926205738454756,0,0.625591516494751,27,control
3,3248796,0.02128465928576738,0.01018474344164133,0.029302702052196192,0,0.6585434079170227,27,control
6,3250640,0.02162862047212841,0.01036918349564075,0.02981235229220044,0,0.5732651948928833,27,control
9,3270652,0.02141658112498625,0.01025634631514549,0.0295259147679704,0,0.7047480344772339,27,control
12,3258016,0.02135838496873592,0.01024166215211153,0.02945536084200872,0,0.804040789604187,27,control
15,3232608,0.0211752482939661,0.01009946316480636,0.02915696204591753,0,0.7240395545959473,27,control
18,3191582,0.02121850218396985,0.01018474344164133,0.02920614007324543,0,0.5104839205741882,27,control
21,3234362,0.02137268466303038,0.01022786926478147,0.02945278582872137,0,0.566896915435791,27,control
24,3234446,0.02128229062229388,0.01014187838882207,0.02941753256521756,0,0.99966299533844,27,control
27,3272360,0.02126027031499943,0.01019000075757503,0.02930806574157795,0,0.5679451823234558,27,control
30,3263332,0.0216163888085927,0.0103092361241579,0.02986998687837606,0,0.7284502983093262,27,control
33,3221701,0.02133261339952918,0.01025569159537553,0.02937881768985597,0,0.6780120730400085,27,control
36,3290155,0.02142956806299731,0.01028176397085189,0.02958269873357538,0,0.5856934785842896,27,control
39,3169998,0.02152724616473181,0.0101826200261712,0.0338888238515453,0,4.349342346191406,27,control
42,3220200,0.02159350587721494,0.01030286028981208,0.02974559744582678,0,0.5744583010673523,27,control
45,3198690,0.02131599447165201,0.01014976296573877,0.02938427742172917,0,0.5744583010673523,27,control
48,3145296,0.02121498494725211,0.01010818034410476,0.02921869796327635,0,0.5866675972938538,27,control
0,12837825,0.0212874769657804,0.01017802208662033,0.02955485070562815,0,1.410789966583252,28,control
3,13103104,0.02132804146516319,0.01019516680389642,0.02995134188900181,0,2.8939852714538574,28,control
6,12834304,0.02142353129795281,0.0101838894188404,0.03087742871865224,0,4.750614643096924,28,control
9,12938408,0.02142549884683152,0.01027532387524843,0.02961775381217424,0,1.0976107120513916,28,control
12,12816384,0.02169995040832485,0.01019879058003425,0.0442019078213994,0,16.752023696899414,28,control
15,12769692,0.02126089488657972,0.0101377060636878,0.02953046991328449,0,1.609758734703064,28,control
18,12698530,0.02158052658542926,0.01029415894299745,0.03055789277437036,0,3.9392454624176025,28,control
21,12931191,0.02131946971291281,0.01016405504196882,0.02994080619704638,0,2.2413151264190674,28,control
24,12670034,0.02130836500886277,0.01017153263092041,0.02939873069106997,0,0.9486787915229796,28,control
27,12791046,0.02482734599775635,0.01018708478659391,0.36948470930777966,0,163.58779907226562,28,control
30,12684126,0.021629237833510562,0.01029071025550365,0.03108086400125277,0,3.2972371578216553,28,control
33,12741324,0.0214077044384985,0.01014187838882207,0.03156297275069324,0,3.566600561141968,28,control
36,12977766,0.02136478002166264,0.0101961325854063,0.02967882633523379,0,1.4489796161651611,28,control
39,12834066,0.02126879301888283,0.01016939245164394,0.02929718150113203,0,0.7368083000183105,28,control
42,12887956,0.02131418064692528,0.01018039416521787,0.02984628265576279,0,2.620863437652588,28,control
45,12981593,0.02127425119419549,0.01014187838882207,0.02946466025738754,0,1.446712851524353,28,control
48,12920418,0.0214045895739668,0.0101961325854063,0.03046267873699438,0,7.293822765350342,28,control
0,5538715,0.02137523446991648,0.01021586917340755,0.02939322588850362,0,0.566896915435791,29,control
3,5618725,0.02139397339952849,0.01018708478659391,0.03053606511219997,0,2.460726022720337,29,control
6,5516712,0.02126816902084169,0.01019616983830928,0.02927422764743103,0,0.7240395545959473,29,control
9,5509886,0.02170126731009879,0.01041013468056917,0.03000365568461887,0,0.7883251905441284,29,control
12,5588012,0.02126670459776115,0.0101961325854063,0.02928455915802043,0,0.646826446056366,29,control
15,5530608,0.02122928884788482,0.01014187838882207,0.02926439447607613,0,0.7534236311912537,29,control
18,5604676,0.02139287356174629,0.01021237671375274,0.02947968598962976,0,0.6841755509376526,29,control
21,5692096,0.02125761358312541,0.01018039416521787,0.02953734899260074,0,1.3962939977645874,29,control
24,5517700,0.0212140690187209,0.01011506933718919,0.0292179805096016,0,0.5983755588531494,29,control
27,5523920,0.02126455096186843,0.01014187838882207,0.02929740129803073,0,0.5796167254447937,29,control
30,5625855,0.02118375475492827,0.01015673950314521,0.02921042288404559,0,0.6841755509376526,29,control
33,5530140,0.02139738414201491,0.01021746080368757,0.02952793420548819,0,0.5786335468292236,29,control
36,5562016,0.02113500221132978,0.01009745616465807,0.02910673445664745,0,0.6925321817398071,29,control
39,5450704,0.02135922187387542,0.01021051127463579,0.02943439148736481,0,0.7551798224449158,29,control
42,5577819,0.02132636800975686,0.01020852196961641,0.02938401668228774,0,0.6841755509376526,29,control
45,5643855,0.02122214842901578,0.01019003521651029,0.02920515754204915,0,0.675635814666748,29,control
48,5486494,0.02131897349038923,0.01020899228751659,0.02936208743173889,0,0.6767114400863647,29,control
0,5685028,0.0213139183884363,0.0101230964064598,0.02947302388853559,0,1.1938135623931885,3,control
3,5810130,0.02123625610774278,0.0101961325854063,0.02917689116867718,0,0.657128095626831,3,control
6,5725920,0.02155397374712598,0.01032416895031929,0.02966745322832233,0,0.621270477771759,3,control
9,5711904,0.0214710682490396,0.01021586917340755,0.02988226781747392,0,1.6845533847808838,3,control
12,5870848,0.02147818699665701,0.0102657014504075,0.0296238694666212,0,1.0469491481781006,3,control
15,5845499,0.02135319109327875,0.01018881052732467,0.02953084059956434,0,0.8638375997543335,3,control
18,5719266,0.02134827667391302,0.01014972385019064,0.03011779316784207,0,2.472473621368408,3,control
21,5815150,0.02135931186184834,0.01016408950090408,0.02944878265649347,0,0.7551798224449158,3,control
24,5863480,0.02145421228971643,0.01025635842233896,0.03071347475636595,0,2.3549604415893555,3,control
27,5779135,0.02170787377618458,0.01014577597379684,0.04912797032253835,0,13.450779914855955,3,control
30,5823500,0.02128010229665147,0.01017883140593767,0.02934247348747544,0,0.6841755509376526,3,control
33,5909592,0.02123298258242043,0.01012071222066879,0.02926068770621183,0,0.7015390396118164,3,control
36,5827035,0.02122420775477266,0.01011834759265184,0.02926763224539713,0,0.6997895836830139,3,control
39,5780138,0.02150176556157405,0.01018039416521787,0.03304961298715211,0,5.471877098083496,3,control
42,5821125,0.02135024664503041,0.01019019726663827,0.02953751303194816,0,1.2838313579559326,3,control
45,5785674,0.02146878199671854,0.01019109971821308,0.03194748973620431,0,3.4779350757598877,3,control
48,5805534,0.02169141402833662,0.01019003521651029,0.04290097442837846,0,11.539566040039062,3,control
0,638648,0.0211120717996485,0.01010818034410476,0.02892994317114129,0,0.5089103579521179,30,control
3,632247,0.02114234387878967,0.01017220877110958,0.02894939494576786,0,0.458650678396225,30,control
6,636790,0.02134409939071359,0.01021558325737714,0.02933258707964647,0,0.5759917497634888,30,control
9,631828,0.02133233169472963,0.01018039416521787,0.02938706564364635,0,0.4789689779281616,30,control
12,627888,0.02151776975078186,0.0102882357314229,0.02962802634819872,0,0.6009652614593506,30,control
15,641346,0.02121284630232327,0.01009680330753326,0.02921757669201627,0,0.6137984395027161,30,control
18,658119,0.02122972654573471,0.01018039416521787,0.02924911827239588,0,0.4173902571201325,30,control
21,622251,0.02138490141063224,0.01022313255816698,0.0294074308028192,0,0.5606502890586853,30,control
24,635304,0.02123819659807709,0.01008734479546547,0.0298602975230355,0,1.2841871976852417,30,control
27,627480,0.02123679928053264,0.01013621687889099,0.02930723391633783,0,0.5266622304916382,30,control
30,621270,0.02147648025226039,0.01023036800324916,0.02960096390069477,0,0.5227924585342407,30,control
33,634106,0.02159401210765919,0.01036707963794469,0.02963048384054101,0,0.514768123626709,30,control
36,650925,0.02127599719323408,0.01019817870110273,0.02931170858965852,0,0.4789689779281616,30,control
39,649386,0.02429753815491456,0.0104529783129692,0.12253045715488836,0,22.720815658569336,30,control
42,642579,0.02179820635260372,0.0103261349722743,0.03268121553880531,0,2.701388120651245,30,control
45,629432,0.02140337011452138,0.01021746080368757,0.02937915748533341,0,0.4723615348339081,30,control
48,647701,0.02135313311488753,0.01025845110416412,0.02936126328957692,0,1.0114938020706177,30,control
0,2470428,0.02126025944165547,0.01014972385019064,0.0292987236271254,0,0.638528048992157,31,control
3,2482688,0.0211668508964668,0.01018039416521787,0.0290725215633277,0,0.5655374526977539,31,control
6,2507960,0.02146931909072078,0.01029620412737131,0.02958751701964827,0,0.5784626603126526,31,control
9,2456964,0.02159550252214907,0.01036895718425512,0.02975136710178695,0,0.621270477771759,31,control
12,2432969,0.02118594708657809,0.01010505203157663,0.02919050455614785,0,0.5784626603126526,31,control
15,2427348,0.0213890081020472,0.01024072710424661,0.02946877205783984,0,0.5900521874427795,31,control
18,2450160,0.02153613094015384,0.0103261349722743,0.02967752220462393,0,0.646826446056366,31,control
21,2461184,0.021530202832462,0.01030696090310812,0.02964062652121059,0,0.5744583010673523,31,control
24,2473458,0.02112542512155128,0.01010818034410476,0.02914318738745239,0,0.6841755509376526,31,control
27,2499452,0.02108284689350285,0.01009680330753326,0.02911515613210861,0,0.5679451823234558,31,control
30,2468748,0.02124899278873576,0.01020774897187948,0.02927652600876085,0,0.6841755509376526,31,control
33,2469348,0.02141336235099989,0.01025635842233896,0.02949180120643285,0,0.5679451823234558,31,control
36,2399295,0.02125438908720739,0.01018474344164133,0.02929723192502088,0,0.6385349035263062,31,control
39,2486810,0.02120904906985448,0.01013664435595274,0.02924122309684093,0,0.5343884229660034,31,control
42,2507004,0.02139539961317915,0.01028872095048427,0.02941435535660842,0,0.6129453182220459,31,control
45,2482837,0.02162595618022558,0.01041570212692022,0.0297251707926327,0,0.566896915435791,31,control
48,2461560,0.02134577494989566,0.01021142024546861,0.02943453672807145,0,0.566896915435791,31,control
0,488178,0.02118336807738076,0.01009745616465807,0.02912779258884168,0,0.5062153339385986,32,control
3,497178,0.02133821783266909,0.01009021513164043,0.02952443231347323,0,0.4904272258281708,32,control
6,482001,0.02154832509808189,0.01027532387524843,0.0296212735823165,0,0.5526943802833557,32,control
9,485523,0.02128612364841265,0.01014187838882207,0.02932862228305099,0,0.4729071259498596,32,control
12,490825,0.02139162899544602,0.01022313255816698,0.02948716426530462,0,0.5470408797264099,32,control
15,500108,0.02137675760877357,0.01017883140593767,0.02940242988453714,0,0.6129453182220459,32,control
18,489159,0.02144682428900861,0.01028378121554851,0.029518729661815,0,0.4652027189731598,32,control
21,475920,0.02176218995775985,0.01034947205334901,0.02987523800070175,0,0.514768123626709,32,control
24,479886,0.02115592970973951,0.01009680330753326,0.02897338442260363,0,0.4789689779281616,32,control
27,479024,0.02097433265060949,0.01000859122723341,0.02881974149306718,0,0.44018393754959106,32,control
30,476805,0.02229975466763896,0.01062782667577266,0.03073655794774747,0,0.5825232863426208,32,control
33,488844,0.02169315715844979,0.01035778131335973,0.02981689683278942,0,0.6129453182220459,32,control
36,492384,0.02110677720977998,0.01009745616465807,0.0289082444996606,0,0.4606434404850006,32,control
39,479752,0.02151605090771621,0.01022786926478147,0.02963715544354134,0,0.6767114400863647,32,control
42,500639,0.02132149270864394,0.01016768999397754,0.02946659615307773,0,0.49621522426605225,32,control
45,482460,0.02155842220877237,0.01028994470834732,0.0297358803215099,0,0.566896915435791,32,control
48,477568,0.02124650033498874,0.01011834759265184,0.02919756719865826,0,0.5856934785842896,32,control
0,390225,0.02106157045536542,0.01009450852870941,0.02890500225544506,0,0.4318656325340271,33,control
3,395764,0.02068517665821038,0.00993620697408914,0.02836251301731057,0,0.43524008989334106,33,control
6,396611,0.0212682701852727,0.01010818034410476,0.0294773119584416,0,0.5102040767669678,33,control
9,390908,0.02208178223695908,0.01062782667577266,0.03042455032009962,0,0.646826446056366,33,control
12,386688,0.0208993683373394,0.01007323712110519,0.02860602697230463,0,0.4543561339378357,33,control
15,399228,0.02116109001627254,0.01005160063505172,0.02910733444890147,0,0.4789689779281616,33,control
18,394506,0.02144768996446592,0.01029190607368946,0.02946049420999995,0,0.42670565843582153,33,control
21,391515,0.02154780906085655,0.01036267355084419,0.02956094406075526,0,0.42670565843582153,33,control
24,397677,0.02111932696282425,0.01009949576109647,0.02913061527108574,0,0.566896915435791,33,control
27,397632,0.02124581179687759,0.01019817870110273,0.02921831742711518,0,0.4543561339378357,33,control
30,386080,0.02132892286153515,0.01030158996582031,0.02911012551606233,0,0.4067315757274628,33,control
33,404670,0.02134257928528241,0.01025635842233896,0.02932424899077343,0,0.564775824546814,33,control
36,399255,0.02124431107783806,0.0101826200261712,0.0292133728711889,0,0.5089103579521179,33,control
39,402936,0.02089161923962674,0.01000859122723341,0.02888513467013825,0,0.46465399861335754,33,control
42,401112,0.02154318131660017,0.01025298330932855,0.02978722761897776,0,0.5679451823234558,33,control
45,402441,0.02164547975678932,0.01041577104479074,0.02959637774125629,0,0.4723615348339081,33,control
48,402864,0.0213655658981023,0.01015836931765079,0.02951343800104584,0,0.451708048582077,33,control
0,1769108,0.02135922600334227,0.01021586917340755,0.02933027003873857,0,0.566896915435791,34,control
3,1736100,0.02179808354771973,0.01009854767471551,0.0496046041412437,0,10.928751945495604,34,control
6,1693396,0.02162863685494989,0.01029190607368946,0.03028753154770044,0,1.1502087116241455,34,control
9,1739674,0.02131721536573109,0.01014972385019064,0.03025528883314017,0,1.5818616151809692,34,control
12,1737736,0.02130381574771585,0.01019439473748207,0.02938186401655845,0,0.6028755903244019,34,control
15,1740774,0.02138035649419755,0.01018474344164133,0.0294966092458686,0,0.6075363755226135,34,control
18,1732889,0.0215755106521,0.01032372750341892,0.02972385361306532,0,0.5784626603126526,34,control
21,1729548,0.02186194589722268,0.01018039416521787,0.04415108059243495,0,7.140296936035156,34,control
24,1766380,0.0213484914901377,0.01015228033065795,0.02973722470854868,0,1.1695650815963743,34,control
27,1752740,0.02098163637923414,0.01005160063505172,0.02887759608295047,0,0.566896915435791,34,control
30,1749368,0.02166302884477628,0.01032254379242658,0.03061704448738169,0,1.8502291440963743,34,control
33,1759470,0.02164215921189452,0.01031966228038072,0.03017658200114071,0,1.500625729560852,34,control
36,1787784,0.02150750452835146,0.01032307092100381,0.02965554654258339,0,0.5906139016151428,34,control
39,1765930,0.02127221867524083,0.0101826200261712,0.02938323513861571,0,0.8477166295051575,34,control
42,1775445,0.02179322807432063,0.01035316754132509,0.03197651573647246,0,2.762248992919922,34,control
45,1793448,0.02135165953132715,0.01015745662152767,0.02953360575421734,0,1.0614264011383057,34,control
48,1783098,0.02129079286563724,0.01018474344164133,0.02930936507505693,0,0.646826446056366,34,control
0,655700,0.02141239376177496,0.01021142024546861,0.02979494794951172,0,0.8890440464019775,35,control
3,643734,0.02147890087708295,0.01022313255816698,0.02973648863681444,0,0.7107404470443726,35,control
6,658944,0.02110012147640976,0.01009745616465807,0.02964507918559948,0,1.403061866760254,35,control
9,668163,0.02158226163364891,0.01040462125092744,0.02962673746697404,0,0.49621522426605225,35,control
12,650288,0.02150239885043781,0.01025369577109813,0.03000374944610684,0,1.1446504592895508,35,control
15,650136,0.03117475990239008,0.0103092361241579,0.4701211931045668,0,83.30914306640625,35,control
18,645232,0.02150068197365475,0.01029190607368946,0.02983536377603739,0,1.3047943115234375,35,control
21,640338,0.02165087716552195,0.010303795337677,0.02978777672125411,0,0.49621522426605225,35,control
24,627456,0.02109306603061049,0.01006779354065656,0.02904024402646838,0,0.514768123626709,35,control
27,653997,0.0212543534213709,0.01012539770454168,0.02974441275424492,0,0.999914050102234,35,control
30,638205,0.02158224363554118,0.0102739417925477,0.02997483742183798,0,0.7038490772247314,35,control
33,620460,0.02138467712157821,0.0101855956017971,0.03123509407869514,0,2.4208266735076904,35,control
36,644962,0.02147835929725047,0.010292649269104,0.02969066415740506,0,0.7893015146255493,35,control
39,640872,0.0215359977508526,0.01031320728361606,0.03046979804737762,0,1.437122464179993,35,control
42,617712,0.0216492495384575,0.01032442972064018,0.02992773463266819,0,0.6627116203308105,35,control
45,643720,0.02138589262442194,0.0101961325854063,0.02980616407895304,0,1.0006942749023438,35,control
48,634884,0.02170797988476539,0.0103092361241579,0.03009835977716002,0,0.8724199533462524,35,control
0,933012,0.02139705773051772,0.01028378121554851,0.02936052720870939,0,0.6036132574081421,36,control
3,942832,0.02136788136349839,0.01019003521651029,0.0295333230932101,0,0.7399044632911682,36,control
6,954205,0.0211887383563862,0.01009680330753326,0.0294036087928079,0,1.1651761531829834,36,control
9,938897,0.02140974397395055,0.01025634631514549,0.02950262642564571,0,0.6612520217895508,36,control
12,960391,0.02124694631324748,0.01009680330753326,0.02937212756907043,0,0.5346614122390747,36,control
15,917188,0.02149591107844973,0.01023541949689388,0.03119287660316984,0,1.6741174459457395,36,control
18,943806,0.02161571800798201,0.01035075727850198,0.02978588445005134,0,0.5711418986320496,36,control
21,935784,0.02121799057445857,0.0101206162944436,0.02932518969169654,0,0.6073164939880371,36,control
24,947592,0.02140550519753833,0.01018809527158737,0.03002297330899146,0,1.4883259534835815,36,control
27,928320,0.02147543219301856,0.010292649269104,0.02959449642504356,0,0.4898119270801544,36,control
30,947396,0.02109435546803649,0.01010505203157663,0.02903666725251235,0,0.6225541234016418,36,control
33,955486,0.02141095078744537,0.01029190607368946,0.02953575564892208,0,0.6002156734466553,36,control
36,958437,0.02139224362800364,0.010292649269104,0.02937565279847865,0,0.5960503220558167,36,control
39,947520,0.02126190489134413,0.01013091392815113,0.02949933222115398,0,1.0266647338867188,36,control
42,959348,0.02137867463829788,0.01026951801031828,0.02955561750646013,0,0.8141248822212219,36,control
45,942645,0.02143999698320238,0.01020899228751659,0.02955101621397821,0,0.49621522426605225,36,control
48,960076,0.02158699438764837,0.01029190607368946,0.02976599482495194,0,0.5265645980834961,36,control
0,2427360,0.0212565029422914,0.01018881052732467,0.02924348864663874,0,0.5866675972938538,37,control
3,2447504,0.02108916551319446,0.01010818034410476,0.02899507436935981,0,0.6129453182220459,37,control
6,2422686,0.02131527851889096,0.01018039416521787,0.02938841178469838,0,0.772180438041687,37,control
9,2445471,0.02126201679469326,0.01017417944967746,0.02925778097856845,0,0.7524412870407104,37,control
12,2455233,0.02114466314376011,0.01013022940605878,0.02917763144155466,0,0.6013466715812683,37,control
15,2458224,0.02137764351873206,0.01021051127463579,0.02945516930680933,0,0.6490405201911926,37,control
18,2414915,0.02126210054036495,0.01015514507889747,0.02924543052786265,0,0.5399535894393921,37,control
21,2420511,0.02144331600754455,0.01026090048253536,0.02946184745779475,0,0.5737612843513489,37,control
24,2417625,0.02127603456462971,0.01017153263092041,0.02932808060278526,0,0.6073164939880371,37,control
27,2466314,0.02118315132707918,0.01013846974819898,0.02916087000314336,0,0.6075363755226135,37,control
30,2437940,0.02149716031654533,0.01027282048016786,0.02960065221431256,0,0.7454280257225037,37,control
33,2421100,0.02132682981119862,0.01019067037850618,0.02933031362614466,0,0.5478178858757019,37,control
36,2418009,0.02125907815325534,0.01013091392815113,0.0293013051431205,0,0.6129453182220459,37,control
39,2414907,0.02169554850384844,0.01039707940071821,0.0298918659748402,0,0.6129453182220459,37,control
42,2436640,0.02129548330370985,0.01019003521651029,0.02927393726440792,0,0.5744583010673523,37,control
45,2433479,0.02137607665751135,0.01019003521651029,0.02944748884656093,0,0.5103011727333069,37,control
48,2421127,0.02111244607143707,0.01009021513164043,0.02910182100397942,0,0.5528262853622437,37,control
0,8297008,0.02129699782191864,0.0101961325854063,0.02936540868483275,0,0.8878939747810364,38,control
3,8415632,0.02126914640786746,0.0101820770651102,0.02961650557410656,0,1.693766951560974,38,control
6,8251250,0.02157589111720364,0.0103261349722743,0.02973394387131932,0,1.3267830610275269,38,control
9,8303042,0.0212779531148713,0.01017220877110958,0.02948238536910521,0,1.3542537689208984,38,control
12,8213632,0.02131102621713918,0.01016669906675815,0.02940454546549887,0,1.1187055110931396,38,control
15,8248368,0.02128106558896727,0.01014187838882207,0.02935888044493879,0,1.2543842792510986,38,control
18,8378020,0.02121473400920009,0.01014415733516216,0.02923880242102756,0,0.7740688323974609,38,control
21,8225303,0.02142530235088755,0.01018474344164133,0.03050225224251616,0,2.9937903881073,38,control
24,8278746,0.02125722213548847,0.01015653368085622,0.02934306436467957,0,0.8196561932563782,38,control
27,8291430,0.02129311313944366,0.01018492504954338,0.02932162193425262,0,0.8812686800956726,38,control
30,8302802,0.02130866586901908,0.0101961325854063,0.02935800626016362,0,0.9372720718383788,38,control
33,8377824,0.02455434644262171,0.01022786926478147,0.29464024655144777,0,106.45572662353516,38,control
36,8308800,0.02127355018336153,0.01017491333186626,0.02951046065191773,0,1.310468316078186,38,control
39,8381024,0.02126472227270803,0.01014051400125026,0.02929322679604372,0,0.7815737724304199,38,control
42,8297238,0.0213841050974106,0.01022406760603189,0.02945640471634443,0,0.6408421397209167,38,control
45,8316672,0.0213494521728122,0.0101961325854063,0.02939835053912959,0,0.6780120730400085,38,control
48,8122464,0.02123983580764316,0.01012286450713872,0.02936730238301837,0,1.0412328243255615,38,control
0,1139999,0.02111871614272703,0.01009745616465807,0.02907004419600509,0,0.4832799732685089,39,control
3,1157712,0.0212279657522187,0.01011834759265184,0.02926590439177073,0,0.566896915435791,39,control
6,1132854,0.02152729634347736,0.01029190607368946,0.02961307572115324,0,0.7498953342437744,39,control
9,1145914,0.02119100791148364,0.01015638746321201,0.02921247340598094,0,0.5346450209617615,39,control
12,1145550,0.02141293791182164,0.01022313255816698,0.02944397255818113,0,0.5324156880378723,39,control
15,1135995,0.02145267567059691,0.01025842409580946,0.02958126336261462,0,0.6402634382247925,39,control
18,1153187,0.02129185884702488,0.01019109971821308,0.02930584070190017,0,0.5089103579521179,39,control
21,1155301,0.0215346180018232,0.01036267355084419,0.02960648636774449,0,0.5089103579521179,39,control
24,1140624,0.02140482079087905,0.0102389482781291,0.02941544956105801,0,0.5227924585342407,39,control
27,1169370,0.02115256441718903,0.01012774650007486,0.02913300850958755,0,0.5585421323776245,39,control
30,1172864,0.02139276945228759,0.01025845110416412,0.0293157698992448,0,0.566896915435791,39,control
33,1157767,0.02135554473623226,0.01021586917340755,0.02935572065372672,0,0.4643088579177856,39,control
36,1184700,0.02128449732236337,0.01017239224165678,0.02935571154651363,0,0.52360600233078,39,control
39,1146960,0.02117901642141763,0.01009745616465807,0.0291634994723533,0,0.5972177982330322,39,control
42,1121417,0.02145021699808908,0.01028015464544296,0.02952291285000646,0,0.5744583010673523,39,control
45,1140608,0.02177814989326487,0.01042654644697904,0.02993281330283766,0,0.4789689779281616,39,control
48,1145814,0.02117813944839683,0.01012777537107467,0.02917989889473427,0,0.5106838941574097,39,control
0,2618730,0.02122166090644792,0.01015836931765079,0.02915850592373783,0,0.566896915435791,4,control
3,2523625,0.02116550338936303,0.01009745616465807,0.0291172708801683,0,0.5936326384544373,4,control
6,2642010,0.02119464467804902,0.01011506933718919,0.02917757189877652,0,0.6632429361343384,4,control
9,2537288,0.02126962448072753,0.01014187838882207,0.02930231136355258,0,0.6827318072319031,4,control
12,2609420,0.02127585038132599,0.01017153263092041,0.02933216132090218,0,0.566896915435791,4,control
15,2559984,0.02158345808505252,0.01031866949051618,0.02972164471453557,0,0.5814760327339172,4,control
18,2598348,0.02130006840634182,0.0101961325854063,0.02931067536363425,0,0.5265645980834961,4,control
21,2584014,0.0214120070938484,0.01025699637830257,0.02941553219566352,0,0.772180438041687,4,control
24,2564100,0.02143656617184775,0.01024919003248214,0.0295177287755045,0,0.6153317093849182,4,control
27,2568768,0.02104537228602832,0.01005322579294443,0.02894140699772826,0,0.566896915435791,4,control
30,2596776,0.02122330605702376,0.01009680330753326,0.02922479039376748,0,0.6073858141899109,4,control
33,2569652,0.02161147914629183,0.01032379176467657,0.0297379958659904,0,0.564775824546814,4,control
36,2554962,0.02122757574569697,0.01017491333186626,0.02917685996681875,0,0.5482248663902283,4,control
39,2572780,0.02134109888082222,0.01017892453819513,0.0293341442313517,0,0.566896915435791,4,control
42,2589368,0.02122619035682823,0.01014106068760156,0.02927690523680645,0,0.6287680268287659,4,control
45,2557938,0.02117493788165442,0.01011413894593715,0.02912316212325976,0,0.4789689779281616,4,control
48,2575800,0.021238919974502,0.01015143655240535,0.02921504514663455,0,0.7454280257225037,4,control
0,1806327,0.0212726452327852,0.01009854767471551,0.02947155307928531,0,1.6613576412200928,40,control
3,1850918,0.02144776134219939,0.01023556850850582,0.02960350923930982,0,0.6174935698509216,40,control
6,1876875,0.02131672380767703,0.01016828883439302,0.02959826027561611,0,1.308215618133545,40,control
9,1871168,0.02211432182759687,0.01018039416521787,0.0609243213595109,0,11.199602127075195,40,control
12,1802000,0.02153832000280515,0.01023283135145902,0.03467320000758989,0,4.360718727111816,40,control
15,1853500,0.02135368683100937,0.01025223731994628,0.02933453998612037,0,0.5434810519218445,40,control
18,1826172,0.02149987012045095,0.01026951801031828,0.02966280569437086,0,0.5477128624916077,40,control
21,1858950,0.03007270873314742,0.01019003521651029,0.5608092014335121,0,236.06234741210935,40,control
24,1838735,0.0212412636876793,0.01018474344164133,0.02923396417340414,0,0.5102040767669678,40,control
27,1830600,0.02118956413097508,0.01014187838882207,0.0292289590646731,0,0.9572952389717102,40,control
30,1835736,0.02157409584554519,0.01032509375363588,0.0297217282469718,0,0.6679729223251343,40,control
33,1846712,0.02120507227749762,0.01009805221110582,0.02917649778397758,0,0.5612673759460449,40,control
36,1885065,0.02122660194195807,0.01015943381935358,0.0292756903322951,0,0.6797199249267578,40,control
39,1835961,0.02131820872814832,0.01020356640219688,0.02937374668029063,0,0.5603287816047668,40,control
42,1853640,0.02136354592991705,0.01021746080368757,0.02951158338276028,0,0.7150050401687622,40,control
45,1850958,0.02156925118598921,0.01026951801031828,0.0305237519221765,0,1.868927001953125,40,control
48,1825165,0.02144944359083225,0.01019243616610765,0.0299013095706589,0,1.2320462465286257,40,control
0,1368644,0.02128929525723804,0.01022313255816698,0.02934822077138248,0,0.5744583010673523,41,control
3,1367051,0.02135906774710028,0.0102332467213273,0.02948830031506236,0,0.6803979873657227,41,control
6,1378240,0.02126953910155758,0.01013091392815113,0.03101642195287656,0,1.8942774534225464,41,control
9,1344308,0.02134953642942471,0.01019002124667167,0.02950154754541303,0,0.6445781588554382,41,control
12,1343085,0.02132591198511353,0.01018915511667728,0.02941503984212112,0,0.5866675972938538,41,control
15,1365086,0.02119256332152603,0.01014187838882207,0.02922374372615754,0,0.49621522426605225,41,control
18,1361720,0.02098934759523738,0.01005160063505172,0.02889456549652531,0,0.6073858141899109,41,control
21,1389365,0.02138415463692531,0.01026090048253536,0.02944291487085308,0,0.5679451823234558,41,control
24,1367178,0.02127343527965065,0.01018039416521787,0.02924242074157126,0,0.6841755509376526,41,control
27,1387008,0.02117169464413131,0.01015910878777504,0.02918800446613247,0,0.6546949148178101,41,control
30,1379450,0.02126188982022548,0.01017665863037109,0.02922255689278417,0,0.646826446056366,41,control
33,1366032,0.02137164009334149,0.01029190607368946,0.02939717234740329,0,0.8898908495903015,41,control
36,1371225,0.0213730644624772,0.01027635391801595,0.02929803856979215,0,0.4890928566455841,41,control
39,1348926,0.02115926827042547,0.01010818034410476,0.02922876500923842,0,0.5635713338851929,41,control
42,1393274,0.02148789092341936,0.01036625634878873,0.02960708635211178,0,0.5343884229660034,41,control
45,1393550,0.02166820198356677,0.01041232794523239,0.02986686637085704,0,0.5034059286117554,41,control
48,1365182,0.02121688713029132,0.01014976296573877,0.02925382318776762,0,0.566896915435791,41,control
0,817880,0.02128935928308881,0.01015225518494844,0.02930211328275127,0,0.5343884229660034,42,control
3,848097,0.02116083378873402,0.01015715114772319,0.02906265778848128,0,0.6841755509376526,42,control
6,835396,0.02120781544777853,0.01017220877110958,0.02913961119350026,0,0.5478178858757019,42,control
9,816130,0.02116839655568825,0.01013091392815113,0.02908679185154297,0,0.5065930485725403,42,control
12,819840,0.02091089835336739,0.0100424587726593,0.028796584001851,0,0.566896915435791,42,control
15,803622,0.02116871594350974,0.0101065244525671,0.02916626907161346,0,0.566896915435791,42,control
18,828075,0.02127207925112764,0.01015682052820921,0.0293827980012081,0,0.5796167254447937,42,control
21,840889,0.0217982386501798,0.01043082028627395,0.03033393719380651,0,0.5867758989334106,42,control
24,840489,0.02113157113957613,0.01013939455151558,0.02912446638270771,0,0.5744583010673523,42,control
27,823544,0.02146673406542058,0.01031917240470647,0.02943655290158933,0,0.49585404992103577,42,control
30,820667,0.02144454045465356,0.01025962736457586,0.02947267901610729,0,0.5557124614715576,42,control
33,831740,0.02115314728106334,0.01009745616465807,0.02911212527492585,0,0.5265645980834961,42,control
36,837125,0.02106507412016045,0.01006093900650739,0.02908738420175752,0,0.5240172743797302,42,control
39,830760,0.02172787322003274,0.01041577104479074,0.02990975843893716,0,0.566896915435791,42,control
42,817152,0.02121403684921436,0.01002301275730133,0.02933431218145064,0,0.5655374526977539,42,control
45,820836,0.02124000938566404,0.01018709596246481,0.02922977320475253,0,0.6185430884361267,42,control
48,835252,0.02145230192719347,0.01022313255816698,0.02958431458597298,0,0.6841755509376526,42,control
0,625456,0.02105621923264986,0.01002416666597128,0.02903266335522683,0,0.6073858141899109,43,control
3,640644,0.02126797112528746,0.01017301715910434,0.02923850512245286,0,0.566896915435791,43,control
6,628680,0.0216965660532525,0.0104039441794157,0.02985764441437469,0,0.6780120730400085,43,control
9,623004,0.02152618518099434,0.01029190607368946,0.02972682919948186,0,0.566896915435791,43,control
12,596624,0.0210925081620939,0.01009541004896164,0.02901646925231545,0,0.5065930485725403,43,control
15,637530,0.02126129445440422,0.01019003521651029,0.02904902825841097,0,0.6129453182220459,43,control
18,636404,0.02191918766866178,0.01049431506544351,0.03018138368946045,0,0.5103011727333069,43,control
21,635065,0.02184234428766965,0.01043082028627395,0.03005069716935164,0,0.566896915435791,43,control
24,637590,0.02107931953468647,0.01009082794189453,0.02904187421886554,0,0.5886213183403015,43,control
27,621642,0.0216656460577373,0.01039798650890588,0.02979180109704534,0,0.5150874257087708,43,control
30,617747,0.02133920864780115,0.0101230964064598,0.02931866570932549,0,0.5237836241722107,43,control
33,628705,0.02164586724758134,0.01036843843758106,0.02982211788413125,0,0.514768123626709,43,control
36,644808,0.02125484217490078,0.01014972385019064,0.02936533039760217,0,0.566896915435791,43,control
39,627714,0.02165694334614794,0.0103594958782196,0.02991834948929244,0,0.4789689779281616,43,control
42,610670,0.02157526955408501,0.0102389482781291,0.02977518686619325,0,0.4643088579177856,43,control
45,630315,0.02152427219533842,0.01032416895031929,0.02961278397640873,0,0.6354645490646362,43,control
48,622505,0.02136019754482513,0.0101961325854063,0.02936135993659604,0,0.5089103579521179,43,control
0,1395936,0.02105322156820599,0.01007654145359993,0.02902394761632751,0,0.5434810519218445,44,control
3,1393580,0.02120944278964646,0.01013755705207586,0.02910950016597853,0,0.5367595553398132,44,control
6,1365832,0.0212584855685859,0.01014976296573877,0.02933371200856885,0,0.566896915435791,44,control
9,1371241,0.02171405131642101,0.01036267355084419,0.02990538859363537,0,0.5270437598228455,44,control
12,1407650,0.02152064140911711,0.01033922657370567,0.02966401613878301,0,0.5737672448158264,44,control
15,1399320,0.02124106461976164,0.01015533600002527,0.02927832332696781,0,0.5142674446105957,44,control
18,1400330,0.02194007959833596,0.01051750313490629,0.03029325324033086,0,0.6346561908721924,44,control
21,1389920,0.02117849577441766,0.0101230964064598,0.02922497419758232,0,0.6841755509376526,44,control
24,1380621,0.02149145316958925,0.01035480108112096,0.02958474582208663,0,0.6018474102020264,44,control
27,1386266,0.02130244838386681,0.01014187838882207,0.02938198992522972,0,0.46009111404418945,44,control
30,1414890,0.02179469179626578,0.01050586812198162,0.02988829211029758,0,0.6445474624633789,44,control
33,1425536,0.02120078090163257,0.01015143655240535,0.02928221385091774,0,0.5169816017150879,44,control
36,1407710,0.02133661408117899,0.01023724768310785,0.02933713212769822,0,0.5477128624916077,44,control
39,1394736,0.02156467274239516,0.01042878907173872,0.02967050109955805,0,0.7895376682281494,44,control
42,1404161,0.02136430253264592,0.01021237671375274,0.0294101963353174,0,0.5759917497634888,44,control
45,1410860,0.02124132464132682,0.01010505203157663,0.02923523268685155,0,0.6035445332527161,44,control
48,1390016,0.0213488914757245,0.01024690549820661,0.02935594502600815,0,0.5533496737480164,44,control
0,5736009,0.02128621387876614,0.01017292216420173,0.02927272443515221,0,0.5744583010673523,45,control
3,5733558,0.0212770184252314,0.01014235895127058,0.02934420973795701,0,0.7240395545959473,45,control
6,5709470,0.02130394900364027,0.01019003521651029,0.02975943666773123,0,2.1064255237579346,45,control
9,5682087,0.02126427052414685,0.01016408950090408,0.02930397779955983,0,0.6563380360603333,45,control
12,5771700,0.0238531192533736,0.01021201536059379,0.21413443330059673,0,73.35356140136719,45,control
15,5710944,0.02133263620291541,0.01020899228751659,0.029668126800220702,0,1.4705523252487185,45,control
18,5588207,0.02132068859955059,0.01014976296573877,0.02935230777213964,0,0.5983755588531494,45,control
21,5685684,0.02121028751048922,0.01011413894593715,0.02920959240781729,0,0.7543994188308716,45,control
24,5688081,0.02127996928622921,0.01016545295715332,0.02934846190279852,0,0.6841755509376526,45,control
27,5750115,0.02233882334458951,0.0101826200261712,0.09211662301045592,0,28.735694885253903,45,control
30,5664000,0.02127932017489795,0.01015143655240535,0.02997254862450506,0,1.9682024717330933,45,control
33,5640625,0.02145990198319055,0.01017665863037109,0.03225245292053785,0,4.762810707092285,45,control
36,5657206,0.02127212367658294,0.01014187838882207,0.02950325259452005,0,1.3993037939071655,45,control
39,5774360,0.0214015682908881,0.01019817870110273,0.03079253709216379,0,3.099531888961792,45,control
42,5724056,0.0212146864498194,0.0101388618350029,0.02924981095209271,0,0.7454280257225037,45,control
45,5757510,0.02137322305347146,0.01021051127463579,0.02966803959089765,0,1.4682215452194214,45,control
48,5723406,0.02129386204963048,0.01018474344164133,0.02938366866703016,0,0.8405943512916565,45,control
0,4242096,0.0213878713150834,0.01020899228751659,0.02958302337585164,0,1.1218219995498655,46,control
3,4206594,0.02116558917734538,0.01009692717343568,0.0291529658486036,0,0.5612673759460449,46,control
6,4221360,0.02128337099917079,0.01018039416521787,0.029283281222965,0,0.5983755588531494,46,control
9,4204200,0.02122916950938514,0.01012543495744466,0.02933025489275079,0,0.6711089015007019,46,control
12,4166739,0.02136228055954512,0.01018039416521787,0.02941947477528684,0,0.6129453182220459,46,control
15,4131227,0.02115908502384803,0.0101230964064598,0.02911366361395047,0,0.6705918312072754,46,control
18,4233552,0.02126486874948046,0.01013091392815113,0.029277504680205,0,0.6153317093849182,46,control
21,4230954,0.02135258489053795,0.01018474344164133,0.02938120809751497,0,0.566896915435791,46,control
24,4192446,0.02129594157352583,0.01015603635460138,0.02931636350867748,0,0.59593266248703,46,control
27,4287330,0.02117068258537278,0.01010818034410476,0.0291388714783072,0,0.6346561908721924,46,control
30,4203576,0.02120142957283596,0.01014868728816509,0.02923947312134495,0,0.6287680268287659,46,control
33,4275577,0.02127722594922432,0.01018708478659391,0.02934791163874658,0,0.7106826901435852,46,control
36,4094940,0.02131424917057701,0.01015739887952804,0.02935929082817882,0,0.778173565864563,46,control
39,4214691,0.02140400905666016,0.01023594196885824,0.02948108759302871,0,0.566896915435791,46,control
42,4192776,0.02117280403538678,0.01009745616465807,0.02918418784209618,0,0.566896915435791,46,control
45,4180288,0.02129535118689649,0.01018474344164133,0.02934235940477659,0,0.5996981263160706,46,control
48,4195620,0.02166033431385733,0.01020811032503843,0.03815026052327158,0,5.604322910308838,46,control
0,1493140,0.0212406101326881,0.01009680330753326,0.02927854540600614,0,0.5089103579521179,47,control
3,1506726,0.02134065893559758,0.01021867804229259,0.02939942464172273,0,0.566896915435791,47,control
6,1494434,0.02126054061520231,0.01013434585183858,0.02921616517155114,0,0.566896915435791,47,control
9,1535808,0.02148365275468975,0.01027693971991539,0.02956287963321165,0,0.6416125297546387,47,control
12,1517703,0.02110562277438536,0.01008074451237917,0.02897254644142835,0,0.5089103579521179,47,control
15,1495608,0.02113416374696333,0.01007654145359993,0.02908295913273924,0,0.5136807560920715,47,control
18,1490816,0.02118167301072245,0.01009680330753326,0.02919118775937776,0,0.49621522426605225,47,control
21,1521282,0.02122827916342868,0.01014187838882207,0.0291552467006788,0,0.5866675972938538,47,control
24,1471144,0.02118698330217463,0.01013121847063303,0.02919392166966408,0,0.561063289642334,47,control
27,1471200,0.02130825370892498,0.01013767067342996,0.02939406385406115,0,0.5182639360427856,47,control
30,1466352,0.02161923327103521,0.01034712325781583,0.02969889093634302,0,0.5679451823234558,47,control
33,1479800,0.02191582483387742,0.01048256177455186,0.03015282613377504,0,0.5001779794692993,47,control
36,1479762,0.02121683229418221,0.01011159271001815,0.02912317342340197,0,0.566896915435791,47,control
39,1488384,0.0212273554354065,0.01009680330753326,0.02925469811946419,0,0.6841755509376526,47,control
42,1471144,0.02145380063091344,0.01021051127463579,0.02964138780264946,0,0.6129453182220459,47,control
45,1529845,0.02131387374222024,0.0101666348055005,0.0293390415672651,0,0.5553101301193237,47,control
48,1514128,0.02121994446048751,0.01009680330753326,0.02928797097238834,0,0.7031702399253845,47,control
0,3753774,0.02129125859480572,0.01017220877110958,0.02928824768147882,0,0.6278948187828064,48,control
3,3678660,0.02137449369386284,0.0102657014504075,0.02943273887523018,0,1.0623736381530762,48,control
6,3699810,0.02122792350570325,0.01009745616465807,0.02939496236181719,0,1.0576074123382568,48,control
9,3711330,0.02130004790278913,0.01018474344164133,0.02937800765058126,0,0.7212521433830261,48,control
12,3676734,0.02150761368552218,0.01028378121554851,0.03111089499026421,0,3.2348110675811768,48,control
15,3679830,0.02132367158184539,0.01017634943127632,0.029403318480686,0,0.8470550179481506,48,control
18,3749570,0.02212124867868338,0.01059293653815984,0.03079499800139034,0,1.690244436264038,48,control
21,3670732,0.02117930657069677,0.01009778305888176,0.02931474446744721,0,0.7987855076789856,48,control
24,3680432,0.02138459055429772,0.0101961325854063,0.02951527293909692,0,0.8597453832626343,48,control
27,3707244,0.02146174989937488,0.01026304718106985,0.02961951505632915,0,1.2457425594329834,48,control
30,3672882,0.02143696169488019,0.01022313255816698,0.02950854917022244,0,0.7208535075187683,48,control
33,3682560,0.02118000030576705,0.0101230964064598,0.0292374337020273,0,1.3281018733978271,48,control
36,3646008,0.02130956465778728,0.01017883140593767,0.02949740329011076,0,0.8007980585098267,48,control
39,3695896,0.02124296525046834,0.01016610488295555,0.02928788073749426,0,0.6073858141899109,48,control
42,3694003,0.02149471375189346,0.01026900112628936,0.02986725253575327,0,1.3834443092346191,48,control
45,3705561,0.02175692692999237,0.01040614768862724,0.03161129206195364,0,3.0921459197998047,48,control
48,3619234,0.0212932650347712,0.01016545295715332,0.02942197471800736,0,1.1429026126861572,48,control
0,3742544,0.02159245587572982,0.0101961325854063,0.03524133737708836,0,8.042132377624512,49,control
3,3768339,0.02125682048257966,0.01018039416521787,0.02924980280584424,0,0.7368083000183105,49,control
6,3735342,0.02141181531625617,0.01022590510547161,0.029598488610193312,0,0.8845416307449341,49,control
9,3728530,0.02140062153488431,0.01012903917580843,0.0322399806764618,0,3.782606840133667,49,control
12,3740744,0.02126788209950965,0.01018666569143533,0.02926175390911482,0,0.6841755509376526,49,control
15,3661896,0.02136260271660327,0.01020378991961479,0.02943563621743418,0,0.5334551334381104,49,control
18,3699794,0.02141866322416951,0.01022313255816698,0.02952231926961602,0,0.566896915435791,49,control
21,3625140,0.02144136832782534,0.01022786926478147,0.02973050302674531,0,1.944280028343201,49,control
24,3714048,0.02142080141537146,0.01021050289273262,0.02968031802943307,0,0.963544487953186,49,control
27,3732664,0.02132509745988959,0.01018881052732467,0.02937200709869693,0,0.564775824546814,49,control
30,3779820,0.02139474157056128,0.01019003521651029,0.03081004088085743,0,2.4990742206573486,49,control
33,3689082,0.02131954028487133,0.01020729728043079,0.02935646693609326,0,0.5528262853622437,49,control
36,3707172,0.02135076415282871,0.01020378991961479,0.02956038719518463,0,1.0073864459991455,49,control
39,3678480,0.02141829291210992,0.01021586917340755,0.02971287186222916,0,1.233718991279602,49,control
42,3663670,0.02137233577014249,0.01021051127463579,0.02948724084626961,0,0.7692506909370422,49,control
45,3766457,0.02139695526761954,0.01022313255816698,0.02979810631371399,0,1.271343469619751,49,control
48,3648204,0.02367155178874905,0.01016877964138984,0.1839020922682495,0,47.34798812866211,49,control
0,701568,0.02143038634294056,0.01029415894299745,0.02939820915626037,0,0.47286224365234375,5,control
3,700245,0.0211385772652407,0.01009745616465807,0.02917206969541534,0,0.7501552700996399,5,control
6,701274,0.02132620015920009,0.01021051127463579,0.02938543063902645,0,0.5265645980834961,5,control
9,690742,0.02181052524719042,0.01044476125389337,0.02987438875270042,0,0.5265645980834961,5,control
12,714688,0.02131092868875022,0.01016877964138984,0.02925612388830916,0,0.5343884229660034,5,control
15,697358,0.02114737384059041,0.01010505203157663,0.02908797989501512,0,0.5034059286117554,5,control
18,695970,0.02134406473785847,0.01019109971821308,0.02951863888299022,0,0.5266135334968567,5,control
21,692928,0.02140105433304999,0.01022696401923894,0.02949811795971997,0,0.5891916751861572,5,control
24,719880,0.02122526423922819,0.01019003521651029,0.02920425983267947,0,0.5869632363319397,5,control
27,714270,0.02126945955441397,0.01013091392815113,0.02940165551894592,0,0.5318834781646729,5,control
30,710622,0.02098765337051003,0.01009680330753326,0.02883272246236354,0,0.5065930485725403,5,control
33,691182,0.02135872022605544,0.01022313255816698,0.02934280263018157,0,0.4756533205509186,5,control
36,709650,0.02124296390369555,0.01009680330753326,0.02921810119206135,0,0.6278530359268188,5,control
39,719777,0.02115598918144812,0.01014187838882207,0.02913700162698889,0,0.4789689779281616,5,control
42,693360,0.02113031298081012,0.01010818034410476,0.0290161194924463,0,0.566896915435791,5,control
45,690270,0.02172739031614169,0.01043082028627395,0.02982012530346184,0,0.5744583010673523,5,control
48,720317,0.02149309964079601,0.01029190607368946,0.02958787521805586,0,0.43773558735847473,5,control
0,1815600,0.02120059696053906,0.01011172216385603,0.02922442953110141,0,0.566896915435791,50,control
3,1827895,0.02116864943676078,0.01012429315596819,0.02917283921576432,0,0.5382449626922607,50,control
6,1842300,0.02155880947661292,0.01029190607368946,0.0298845196668844,0,0.9247856736183168,50,control
9,1784727,0.02157277956321621,0.01030320953577756,0.02970583907687066,0,0.5645971298217773,50,control
12,1887392,0.02162113741355584,0.0103261349722743,0.03007613036858168,0,1.1184428930282593,50,control
15,1851360,0.02134258337035613,0.01015836931765079,0.029329795295708,0,0.646826446056366,50,control
18,1830573,0.02123333108427443,0.01010202150791883,0.02924495287247578,0,0.48736122250556946,50,control
21,1816479,0.02162487376614331,0.01039798650890588,0.02975820782513271,0,0.7106826901435852,50,control
24,1849311,0.02122264898365381,0.01013091392815113,0.02928912206381568,0,0.6841755509376526,50,control
27,1833147,0.02136661535204227,0.01019817870110273,0.0295774958209353,0,1.5819774866104126,50,control
30,1829880,0.02106479299494507,0.01006629224866628,0.02904299650325801,0,0.6841755509376526,50,control
33,1856350,0.02145442323048295,0.01029190607368946,0.02954966731860208,0,0.5424096584320068,50,control
36,1851876,0.02145413101971154,0.01026951801031828,0.02954649968877107,0,0.6841755509376526,50,control
39,1842566,0.02127880025170559,0.01014976296573877,0.02933448284104554,0,0.5744583010673523,50,control
42,1821539,0.02142415808391901,0.01022313255816698,0.02949242171647192,0,0.7551798224449158,50,control
45,1845390,0.02124683738450097,0.01019003521651029,0.029284078838215,0,0.5271241068840027,50,control
48,1798085,0.02113816718671019,0.01007654145359993,0.02912367120011745,0,0.6841755509376526,50,control
0,4791685,0.0214471762008759,0.01025699637830257,0.02956789551298142,0,0.8503401279449463,51,control
3,4796100,0.02156132624806678,0.01022072695195674,0.03389361141263416,0,7.354865074157715,51,control
6,4875239,0.0213685597534634,0.01014187838882207,0.03117284386345754,0,3.4936225414276123,51,control
9,4793700,0.02131908661874468,0.01018160674721002,0.02934005569458659,0,0.6767114400863647,51,control
12,4787340,0.02136781781161496,0.01015836931765079,0.03030660428833447,0,2.086013078689575,51,control
15,4767660,0.02140814728988993,0.0101961325854063,0.02966934845594008,0,1.1970635652542114,51,control
18,4835457,0.02142919612806201,0.01025223731994628,0.02954425575218836,0,0.9247377514839172,51,control
21,4857535,0.0216128941727407,0.01029415894299745,0.03078720217884508,0,2.3789095878601074,51,control
24,4866267,0.02126586194134169,0.01012334041297435,0.02958509988545738,0,1.5103704929351809,51,control
27,4842200,0.02137794219838946,0.01018039416521787,0.0299573837033204,0,2.5065338611602783,51,control
30,4807036,0.02121953993965769,0.01013137679547071,0.02922720236487853,0,0.8522565364837646,51,control
33,4850950,0.02144995143776766,0.01019109971821308,0.03146981276215004,0,4.031993865966797,51,control
36,4793908,0.02117735290401235,0.01011413894593715,0.0291697639649182,0,0.6726891398429871,51,control
39,4754508,0.02128269732958595,0.01015910878777504,0.02930031406161227,0,0.6767114400863647,51,control
42,4901792,0.02133614299578364,0.01022313255816698,0.02939143472325145,0,0.6951007843017578,51,control
45,4796036,0.02156472732402558,0.01030199322849512,0.02963961823133835,0,0.7668420672416687,51,control
48,4784506,0.02122312099933918,0.01013091392815113,0.02921171448385608,0,0.6546949148178101,51,control
0,9372752,0.02138486616439178,0.01017239224165678,0.03033168917545225,0,2.857370138168335,52,control
3,9378774,0.02126922075077468,0.01019003521651029,0.02933559489419947,0,0.6841755509376526,52,control
6,9281030,0.02129477937279198,0.01018816046416759,0.02940071265970514,0,1.275638461112976,52,control
9,9296176,0.02150485191059416,0.0102332467213273,0.03213533418985635,0,3.893925428390503,52,control
12,9443304,0.02154208514858768,0.01018881052732467,0.03548916821487161,0,9.37786102294922,52,control
15,9219630,0.02132127751204732,0.01014187838882207,0.03026748633233649,0,2.812424421310425,52,control
18,9177564,0.02128583920025497,0.01016408950090408,0.02934956147433238,0,0.73860931396484375,52,control
21,9449220,0.02133426721034225,0.01020899228751659,0.0294872769288227,0,1.1908937692642212,52,control
24,9474048,0.02232604982007275,0.0102332467213273,0.09997119963660928,0,41.96879577636719,52,control
27,9339127,0.0214439003017363,0.01022844854742288,0.03109607806300946,0,5.461485385894775,52,control
30,9326915,0.02134331188123592,0.01021051127463579,0.02939022995647427,0,0.7788669466972351,52,control
33,9268924,0.02136088074830088,0.01019817870110273,0.029540022227779,0,1.0441004037857056,52,control
36,9262880,0.02135980777296427,0.01019817870110273,0.02952892507347172,0,1.1607455015182495,52,control
39,9323790,0.02125520904467344,0.01017528120428323,0.02935824123553506,0,1.403864502906799,52,control
42,9284193,0.02159337917359442,0.01029190607368946,0.03002206421356716,0,1.5577067136764526,52,control
45,9394224,0.02167871587001926,0.01034014951437711,0.03202824518912725,0,6.134714603424072,52,control
48,9205131,0.02138858634035489,0.01017220877110958,0.02968462500242232,0,1.2291597127914429,52,control
0,4540677,0.02128435664420868,0.01013919059187173,0.02934178337355666,0,0.6006178259849548,53,control
3,4666704,0.02125610524453342,0.01014051400125026,0.0293251704729547,0,0.6767114400863647,53,control
6,4534068,0.02129970251233291,0.01015910878777504,0.02936695587584627,0,0.7684846520423889,53,control
9,4611336,0.02130251586637415,0.01023594848811626,0.02933019577578962,0,0.6288807392120361,53,control
12,4581530,0.0213529470164665,0.01019003521651029,0.02950803839843622,0,1.1549237966537476,53,control
15,4676026,0.02141117483344249,0.01018039416521787,0.03053409638132182,0,2.911329984664917,53,control
18,4635393,0.02149752365780934,0.01021586917340755,0.03328153047759717,0,6.168440818786621,53,control
21,4721304,0.02141431464004264,0.01025569159537553,0.02965477066948076,0,1.0514999628067017,53,control
24,4613783,0.02141413949320824,0.01025634631514549,0.02946769181963653,0,0.6490405201911926,53,control
27,4598178,0.02228214431897404,0.01018039416521787,0.08672761027399921,0,21.776077270507812,53,control
30,4660257,0.02162822631816573,0.01036625634878873,0.03014032670662489,0,1.3688558340072632,53,control
33,4566144,0.02131713443706648,0.01016408950090408,0.02948359804942432,0,1.3701002597808838,53,control
36,4534560,0.02143793940504901,0.01018881052732467,0.03136221907067092,0,5.230121612548828,53,control
39,4602898,0.02139653995953925,0.01019817870110273,0.02999770494249905,0,1.9714080095291135,53,control
42,4582032,0.02161287159982844,0.0103261349722743,0.03039220475533173,0,1.7870304584503174,53,control
45,4534428,0.02130092237937998,0.01015836931765079,0.02939579359050833,0,0.7671400308609009,53,control
48,4553280,0.02117142812914944,0.01009680330753326,0.02932581111620585,0,0.8917315006256104,53,control
0,5581386,0.02130576417721252,0.01013919059187173,0.03009145324323129,0,2.479234457015991,54,control
3,5642994,0.02120960477729382,0.01011015381664037,0.02919081261809828,0,0.5813720226287842,54,control
6,5714380,0.02163307717215592,0.01022313255816698,0.03219514345809667,0,4.371525287628174,54,control
9,5716872,0.02138494499049112,0.01019003521651029,0.02950474243859152,0,1.145194172859192,54,control
12,5671540,0.02124352399438714,0.01013091392815113,0.02958016749372426,0,1.5214555263519287,54,control
15,5702015,0.02134467871906994,0.01019439473748207,0.02954448273789312,0,2.0598225593566895,54,control
18,5715792,0.02148383168687663,0.01020474452525377,0.0307454908340364,0,3.0434398651123047,54,control
21,5590354,0.02122628079531107,0.01012404728680849,0.0294034914257413,0,1.0815198421478271,54,control
24,5654523,0.02127035284330084,0.01018039416521787,0.02927672863902071,0,0.622090220451355,54,control
27,5602680,0.02137509446039183,0.01018474344164133,0.02988767521667428,0,2.1723358631134033,54,control
30,5681000,0.02149104633525769,0.01027282048016786,0.02957455658278748,0,0.6546949148178101,54,control
33,5645207,0.02125630284470539,0.01015836931765079,0.02931664114884531,0,0.8377172350883484,54,control
36,5664175,0.02132094710439066,0.01017491333186626,0.02940183228241456,0,0.8547289371490479,54,control
39,5684848,0.02137725097016436,0.01018039416521787,0.0297766523770312,0,1.6517903804779053,54,control
42,5676216,0.02126731112703632,0.01013091392815113,0.02943625358763175,0,1.2477688789367676,54,control
45,5607415,0.02141536721023747,0.01018247660249471,0.03009279438972289,0,2.8145651817321777,54,control
48,5683440,0.02127428425889058,0.01018039416521787,0.0292806703049929,0,0.6416388154029846,54,control
0,548981,0.02125113545850055,0.01009745616465807,0.02935147960445265,0,0.6767114400863647,55,control
3,545292,0.02115980545990155,0.01009680330753326,0.02909891174769858,0,0.5478178858757019,55,control
6,544244,0.02114846635541883,0.01018039416521787,0.02900165825409394,0,0.5089103579521179,55,control
9,558450,0.02127340255501158,0.01021051127463579,0.02913269597825072,0,0.5688398480415344,55,control
12,555740,0.02118602784353538,0.01010505203157663,0.02913034778166562,0,0.566896915435791,55,control
15,553974,0.02140497022285611,0.01036625634878873,0.02938432689919838,0,0.4789689779281616,55,control
18,542769,0.02172398632846272,0.01043082028627395,0.02986669684276464,0,0.6129453182220459,55,control
21,554584,0.02172506305220428,0.010456926189363,0.02984872732246155,0,0.5424096584320068,55,control
24,548597,0.02118443617797335,0.01010243501514196,0.02924210368468202,0,0.5240172743797302,55,control
27,559652,0.02126776722583095,0.01022360008209943,0.02923236680292874,0,0.5367595553398132,55,control
30,546354,0.02192562677540372,0.01050639059394598,0.03017737289759159,0,0.6075363755226135,55,control
33,591374,0.02125793470159861,0.01022313255816698,0.02911221352166212,0,0.4670382142066955,55,control
36,552552,0.02152656040987066,0.0103535745292902,0.02967596661192543,0,0.5424096584320068,55,control
39,535383,0.02116960561101803,0.01005322579294443,0.02914957334530961,0,0.4862046539783478,55,control
42,551725,0.02159193138856863,0.01041232794523239,0.02963868282866488,0,0.4672832489013672,55,control
45,548757,0.02126371124904339,0.0101820770651102,0.02930295143342724,0,0.5759917497634888,55,control
48,554008,0.02100357583346609,0.01004371047019958,0.029026631819045,0,0.5477128624916077,55,control
0,1574701,0.02116690793858261,0.01009966991841793,0.02910011023142314,0,0.566896915435791,56,control
3,1605168,0.02151058901432558,0.01029190607368946,0.0298068140283076,0,0.7933202385902405,56,control
6,1602356,0.02187382035241291,0.01054851897060871,0.03008210246884234,0,0.566896915435791,56,control
9,1615245,0.02143738060519525,0.01027245819568634,0.02983074554979771,0,1.2839444875717163,56,control
12,1598688,0.02150212664537519,0.01019109971821308,0.03373922115305258,0,4.320187568664551,56,control
15,1563748,0.02133267054634975,0.01016545295715332,0.02970654160546992,0,1.007973313331604,56,control
18,1583402,0.02130501421356876,0.01014599576592445,0.02940646098572166,0,0.7888127565383911,56,control
21,1610980,0.02139929574553955,0.01025021355599165,0.02950497446947121,0,0.6546949148178101,56,control
24,1633506,0.02110954927423038,0.01009745616465807,0.02906762053596609,0,0.47043463587760925,56,control
27,1607724,0.02114660602270426,0.01010505203157663,0.02918609743811972,0,0.566896915435791,56,control
30,1656344,0.02128922445425226,0.01027410477399826,0.02925380661065615,0,0.5136807560920715,56,control
33,1612756,0.02129186796188029,0.01018039416521787,0.02936505270356168,0,0.7948259115219116,56,control
36,1635720,0.02129293616560294,0.01021142024546861,0.02933570637548119,0,0.8271421194076538,56,control
39,1591172,0.02125487299330687,0.01013106666505336,0.02937671858033607,0,0.6276503205299377,56,control
42,1661421,0.02121898241887642,0.01015877816826105,0.02923542393106582,0,0.5106523036956787,56,control
45,1645128,0.02185876000238932,0.01044835709035396,0.03041726271771084,0,1.4247149229049685,56,control
48,1582443,0.02149877816062542,0.01027532387524843,0.02990552311320144,0,1.171926736831665,56,control
0,949784,0.02161414159627266,0.01036267355084419,0.02980670553039495,0,0.5478178858757019,57,control
3,958428,0.021463939995047,0.010292649269104,0.02943139574530737,0,0.566896915435791,57,control
6,966342,0.02130003168719522,0.01019388809800148,0.02932905704748748,0,0.6304863095283508,57,control
9,956340,0.02156493341859678,0.01041232794523239,0.0296520636505531,0,0.5182639360427856,57,control
12,931540,0.02109334001062292,0.01009680330753326,0.02911067388610095,0,0.4992017447948456,57,control
15,965790,0.02128442357212608,0.01022313255816698,0.02933386782595681,0,0.6841755509376526,57,control
18,969549,0.02132351255912586,0.01019968371838331,0.02934695628916507,0,0.5866675972938538,57,control
21,984000,0.02137841840191671,0.01027808338403701,0.02945443088016738,0,0.5655374526977539,57,control
24,941752,0.02105320861342724,0.01009680330753326,0.02900131366384127,0,0.566896915435791,57,control
27,948720,0.02126639670194345,0.01019937172532081,0.02931593017898378,0,0.6129453182220459,57,control
30,973808,0.02166146183820676,0.01042083464562893,0.02993001431925946,0,0.566896915435791,57,control
33,955374,0.02149209002022513,0.01036660186946392,0.02955338408134637,0,0.566896915435791,57,control
36,966033,0.02109203824147944,0.01009680330753326,0.02915173201625431,0,0.6767114400863647,57,control
39,973026,0.02132306140006887,0.01018039416521787,0.02937339756888129,0,0.5423440337181091,57,control
42,972630,0.02174669049148571,0.01041232794523239,0.03006066656297171,0,0.6348980665206909,57,control
45,955126,0.02155769345375704,0.01041232794523239,0.0296609559878775,0,0.5744583010673523,57,control
48,988758,0.02133887571346882,0.01024434622377157,0.02929956918445215,0,0.52360600233078,57,control
0,294250,0.02121512241480494,0.0101475790143013,0.02924845901972023,0,0.457485169172287,58,control
3,279697,0.02130988358762842,0.01020899228751659,0.02923457126231659,0,0.4911632537841797,58,control
6,285156,0.02144016121519687,0.01030702888965606,0.02949237029568921,0,0.49576371908187866,58,control
9,291004,0.02163958330787858,0.01043082028627395,0.02963139564655742,0,0.4365679919719696,58,control
12,285147,0.02182872378691295,0.01041232794523239,0.03014754707863128,0,0.5089103579521179,58,control
15,294276,0.02111969416526625,0.01000859122723341,0.02895097894187052,0,0.4587876200675965,58,control
18,282472,0.02132788097791995,0.01010818034410476,0.02935062916970486,0,0.4284054636955261,58,control
21,309662,0.02153764387680315,0.01032921019941568,0.02958492544269168,0,0.4643088579177856,58,control
24,291054,0.02143175955068355,0.0102332467213273,0.02953144809353415,0,0.49621522426605225,58,control
27,282855,0.02203382415705159,0.01051100250333547,0.03050428832512508,0,0.566896915435791,58,control
30,294833,0.02119576718507982,0.01008380018174648,0.02927981132120687,0,0.5488598942756653,58,control
33,292030,0.02149755032502242,0.01027583889663219,0.0295965660919767,0,0.4882357716560364,58,control
36,293700,0.02114504270078201,0.01010818034410476,0.02910819759068552,0,0.4789689779281616,58,control
39,298112,0.02124329924625048,0.01014187838882207,0.02936530328756842,0,0.646826446056366,58,control
42,303050,0.02232990895016031,0.01076465100049972,0.03075574414001699,0,0.4344520270824432,58,control
45,280896,0.02107401967498127,0.0101065244525671,0.02876447050918086,0,0.4090832471847534,58,control
48,284616,0.0211804084541275,0.01013091392815113,0.02927960266904437,0,0.618377149105072,58,control
0,2787048,0.02123619568299178,0.01019968371838331,0.02920274013944601,0,0.618377149105072,59,control
3,2752232,0.02135758063394812,0.01018492504954338,0.02943309474576677,0,0.5856093168258667,59,control
6,2791917,0.02155104445237208,0.0102332467213273,0.03144375386397612,0,3.691643714904785,59,control
9,2719032,0.02135367825212462,0.01021746080368757,0.02933872939901849,0,0.5737672448158264,59,control
12,2712285,0.02125690187315393,0.01019439473748207,0.02920481179873594,0,0.5477128624916077,59,control
15,2825761,0.02134651220144145,0.01025569159537553,0.02940481513056335,0,0.6700268387794495,59,control
18,2696043,0.02150133425100677,0.01025635842233896,0.02960455380018882,0,0.566896915435791,59,control
21,2793882,0.02149332331376702,0.01028928719460964,0.02951391732595934,0,0.5424096584320068,59,control
24,2783710,0.02156840248011276,0.01025845110416412,0.03124806260785127,0,2.712048292160034,59,control
27,2763886,0.02124025029124532,0.01011792477220296,0.02920750308051693,0,0.5744583010673523,59,control
30,2768832,0.02110333624771815,0.01010905671864748,0.02900486322029291,0,0.5098482370376587,59,control
33,2797166,0.02133381715926498,0.01015533600002527,0.02952404398935689,0,0.7942407131195068,59,control
36,2740524,0.02137445825274337,0.01022313255816698,0.02943470286622677,0,0.6841755509376526,59,control
39,2798913,0.02112921210405718,0.0101065244525671,0.02907817290359142,0,0.566896915435791,59,control
42,2778808,0.02140430860995008,0.01025845110416412,0.02948099409958723,0,0.566896915435791,59,control
45,2732288,0.02119409427527121,0.01013964973390102,0.02914965230336349,0,0.6841755509376526,59,control
48,2770560,0.02119564475521673,0.01013106666505336,0.0292222029516715,0,1.0089560747146606,59,control
0,3225591,0.021680121764914,0.01018039416521787,0.04203123860229529,0,8.450231552124023,6,control
3,3186224,0.02147102155465231,0.0102332467213273,0.02965887704928916,0,0.7931647896766663,6,control
6,3311824,0.02155092614164392,0.01016408950090408,0.03585174155346768,0,4.916818618774414,6,control
9,3259450,0.02180874132065646,0.01029190607368946,0.03811840396841488,0,7.341511249542236,6,control
12,3256110,0.02330082021630385,0.01022313255816698,0.14823117046587272,0,40.0860595703125,6,control
15,3258024,0.02162009176017575,0.01020399667322635,0.03334446585977755,0,5.481573104858398,6,control
18,3232723,0.02173027537730204,0.0101624596863985,0.04241088946969321,0,10.204081535339355,6,control
21,3251856,0.02156276597232295,0.01032058987766504,0.03016417213919108,0,2.977665662765503,6,control
24,3279432,0.02173171077339394,0.0103557351976633,0.03131794306555699,0,2.2033231258392334,6,control
27,3290340,0.02130718054314624,0.01013091392815113,0.02971933238350522,0,1.8435587882995603,6,control
30,3281112,0.02173491197203958,0.01041232794523239,0.03037792986379436,0,1.6953895092010498,6,control
33,3219360,0.02190801248028755,0.0102657014504075,0.04170445576423248,0,11.444122314453123,6,control
36,3288230,0.02136237177938309,0.01019968371838331,0.02987988861157716,0,1.415494084358215,6,control
39,3321374,0.02128521848184424,0.01010905671864748,0.03167542398408373,0,3.293809652328491,6,control
42,3247060,0.02152855604231144,0.01024536695331335,0.0307492804413061,0,2.127166509628296,6,control
45,3248850,0.02146354186468123,0.01020474452525377,0.03014412296624857,0,2.8854527473449707,6,control
48,3284944,0.02141204738841847,0.01019817870110273,0.03059348038357936,0,3.123698472976685,6,control
0,1195995,0.02104192799654449,0.01008739601820707,0.02899658481186983,0,0.5346450209617615,60,control
3,1159253,0.02183576245640908,0.01010505203157663,0.04836304908738279,0,10.922173500061035,60,control
6,1159353,0.0212548541713137,0.01016877964138984,0.02922468706956821,0,0.4898119270801544,60,control
9,1192208,0.02152230667387646,0.01029190607368946,0.02963863927134698,0,0.6490405201911926,60,control
12,1181900,0.02136310489087877,0.01019985880702734,0.02970758057883173,0,0.9383717775344848,60,control
15,1143368,0.02157879239656792,0.01032442972064018,0.02975279008416163,0,0.566896915435791,60,control
18,1177710,0.02178853355752043,0.0101961325854063,0.04199288723761221,0,5.38599967956543,60,control
21,1156628,0.02149553601705187,0.01032379176467657,0.02960020670002618,0,0.7355251312255859,60,control
24,1213212,0.02110515621289947,0.01006761938333511,0.02908841374699389,0,0.6841755509376526,60,control
27,1159605,0.0213930984015274,0.01018995884805917,0.02970364792114153,0,0.591609537601471,60,control
30,1179882,0.02166933567516552,0.01035778131335973,0.02999621362613257,0,0.6841755509376526,60,control
33,1184232,0.0213884140593956,0.01024506147950887,0.02958776997659771,0,0.7640137672424316,60,control
36,1178070,0.02119045000868578,0.01013434585183858,0.0291261338899926,0,0.514768123626709,60,control
39,1162980,0.02128116260878635,0.01010818034410476,0.02938892952444844,0,0.48991209268569946,60,control
42,1185296,0.0216428199041404,0.01042874343693256,0.02981919008490513,0,0.49621522426605225,60,control
45,1224210,0.02120353428931518,0.0101961325854063,0.029166823827617,0,0.5702458024024963,60,control
48,1185821,0.02115113605333821,0.01009745616465807,0.02925182169074506,0,0.5022333860397339,60,control
0,1583816,0.0211887564895044,0.01013919059187173,0.02919571414381426,0,0.561063289642334,61,control
3,1541082,0.02438108679006573,0.01031945273280143,0.17360640852933593,0,30.573062896728516,61,control
6,1589496,0.0212405385703616,0.01009745616465807,0.02921721329684046,0,0.5866675972938538,61,control
9,1585788,0.02145128363047058,0.01024753227829933,0.02946629579468636,0,0.6073164939880371,61,control
12,1573428,0.02115666551801387,0.01009745616465807,0.02913302909674978,0,0.564775824546814,61,control
15,1582443,0.02120363452651,0.01016939245164394,0.02910041247267865,0,0.49621522426605225,61,control
18,1593834,0.02190185039080578,0.01042876578867435,0.03023095910812052,0,1.2179964780807495,61,control
21,1561220,0.02143502911119342,0.01019003521651029,0.02947368680695911,0,0.566896915435791,61,control
24,1571492,0.02117914310484881,0.01014187838882207,0.02903119627276181,0,0.5333820581436157,61,control
27,1589952,0.0217140421991003,0.01032678131014108,0.03292906199687465,0,3.756998062133789,61,control
30,1592628,0.02145548040539557,0.01023045368492603,0.02958300067370151,0,0.6013466715812683,61,control
33,1593850,0.02134387207780076,0.01026951801031828,0.02924451450570898,0,0.5679451823234558,61,control
36,1577367,0.02127800950716475,0.01014187838882207,0.02925428480360891,0,0.6072061657905579,61,control
39,1543566,0.02141357851256543,0.01025302521884441,0.02955772695757625,0,0.9056379795074464,61,control
42,1582500,0.02243692701499483,0.0107163218781352,0.03128642128690192,0,0.7275655269622803,61,control
45,1580926,0.0217317682178513,0.01040200237184763,0.02992768782234576,0,0.5745763778686523,61,control
48,1560830,0.02121885369068082,0.01014187838882207,0.0292952338311708,0,0.561063289642334,61,control
0,543834,0.02122818623252733,0.01022590510547161,0.02921750765143328,0,0.6841755509376526,62,control
3,528525,0.02125908025262064,0.01017665863037109,0.02944923797392892,0,0.6613544821739197,62,control
6,524594,0.02160841714575768,0.01041570212692022,0.02984544689837942,0,0.49621522426605225,62,control
9,510300,0.02153904149173498,0.01029190607368946,0.02976888497703003,0,0.5031179785728455,62,control
12,530640,0.02112162196812366,0.01009745616465807,0.02897947868568736,0,0.40987932682037354,62,control
15,510901,0.02153737505077567,0.01032481621950864,0.02955445060215648,0,0.5434810519218445,62,control
18,516132,0.02151369957225217,0.01032564416527748,0.02976584736745568,0,0.4723615348339081,62,control
21,518848,0.02134103241686321,0.01028536818921566,0.02926671892206217,0,0.646826446056366,62,control
24,521088,0.02121686189076702,0.01015836931765079,0.02919509043260946,0,0.514768123626709,62,control
27,519720,0.02141736566042171,0.01019388809800148,0.02951305205314664,0,0.5057476162910461,62,control
30,525429,0.02114239264139087,0.01014187838882207,0.02910141729981139,0,0.5744583010673523,62,control
33,524870,0.02159928008553629,0.0103473886847496,0.0298588491333551,0,0.6496040225028992,62,control
36,523180,0.02101944729205699,0.01001747325062751,0.02888717212472543,0,0.4169341325759888,62,control
39,529840,0.02102024010771707,0.01006779354065656,0.02896236589506396,0,0.4789689779281616,62,control
42,505232,0.02166781777767943,0.01037773583084344,0.02995232104637985,0,0.5089103579521179,62,control
45,513190,0.02240922741399715,0.01076690107583999,0.03065179954158408,0,0.45109859108924866,62,control
48,508872,0.02147979970850417,0.01033766753971576,0.02939089839597473,0,0.457485169172287,62,control
0,1426568,0.02116947849384493,0.01011834759265184,0.02902921447729472,0,0.4643088579177856,63,control
3,1416545,0.02117043202835808,0.01009745616465807,0.02926580068615072,0,0.7775667309761047,63,control
6,1405130,0.02130628310787027,0.01018039416521787,0.02938774865033908,0,0.4789689779281616,63,control
9,1388670,0.02148436956695279,0.01024166215211153,0.02960710619044505,0,0.6841755509376526,63,control
12,1387832,0.02138131161702506,0.01021249964833259,0.02939295182198753,0,0.5434810519218445,63,control
15,1406568,0.02127513705089931,0.01014709193259477,0.02931176958481102,0,0.5723819732666016,63,control
18,1374165,0.02135738254985875,0.01025635842233896,0.02932068471328357,0,0.5702458024024963,63,control
21,1393080,0.02101909900267205,0.01001185365021228,0.02900733169304857,0,0.566896915435791,63,control
24,1368216,0.02129994947811228,0.01018039416521787,0.0293187981529611,0,0.5679451823234558,63,control
27,1395954,0.02112179150822245,0.01011122111231088,0.0290563826205082,0,0.5065930485725403,63,control
30,1415345,0.02124643610312841,0.01017911173403263,0.02939554909306191,0,0.8577378392219543,63,control
33,1389257,0.02141426477904228,0.01023714244365692,0.02943937623838986,0,0.6546710729598999,63,control
36,1375675,0.0212662425402414,0.01015533600002527,0.02930107652255408,0,0.5177479982376099,63,control
39,1372776,0.02143854781669826,0.01027149986475706,0.0296129130036075,0,0.566896915435791,63,control
42,1381990,0.02158032326990493,0.0103092361241579,0.02954627409002916,0,0.6088271737098694,63,control
45,1371450,0.0216702929099617,0.01037773583084344,0.02984231894506829,0,0.9247377514839172,63,control
48,1430784,0.02114611826841852,0.01009745616465807,0.02916299862290125,0,0.7454280257225037,63,control
0,4327328,0.02119674019253432,0.01013434585183858,0.02921267826163155,0,0.8161114454269409,64,control
3,4310262,0.0211526470879937,0.01011506933718919,0.02907466854600137,0,0.5089317560195923,64,control
6,4343458,0.0211570599939838,0.01011653337627649,0.02912288604961726,0,0.695690929889679,64,control
9,4268592,0.02135947528228705,0.01018666569143533,0.02990259406507712,0,2.364363193511963,64,control
12,4321838,0.02129440736599297,0.01021586917340755,0.02927197879949853,0,0.6375759840011597,64,control
15,4235990,0.02128986923125945,0.01015025284141302,0.02934049900174045,0,0.7461543083190918,64,control
18,4268394,0.02133524021789414,0.01017665863037109,0.02933898601155904,0,0.5424096584320068,64,control
21,4294430,0.02124209785533913,0.01015739887952804,0.02939164997291612,0,1.135037541389465,64,control
24,4285260,0.02119404706101901,0.01011297851800918,0.02919812238182724,0,0.5424096584320068,64,control
27,4315352,0.02132234333485434,0.01016097795218229,0.02939405253724026,0,0.7551798224449158,64,control
30,4228336,0.02139929533724865,0.0102332467213273,0.02941647106745156,0,0.7498953342437744,64,control
33,4446200,0.02133265780469586,0.0101961325854063,0.02936697835891442,0,0.6925208568572998,64,control
36,4308153,0.02132963209079375,0.01021051127463579,0.02932306504041644,0,0.6153317093849182,64,control
39,4333255,0.02118754042456642,0.01013121847063303,0.02911425008714635,0,0.5813720226287842,64,control
42,4258600,0.02138281012527063,0.01017777062952518,0.02957303345847927,0,1.2982640266418457,64,control
45,4306360,0.02131997190336819,0.01018474344164133,0.02938458346201829,0,0.6009652614593506,64,control
48,4293360,0.02126673387085789,0.01014187838882207,0.02927126573352331,0,0.6841755509376526,64,control
0,302708,0.02116769595851411,0.01020899228751659,0.02904357251533226,0,0.5343884229660034,65,control
3,299204,0.02107090186372138,0.01009745616465807,0.02887234407615477,0,0.410610169172287,65,control
6,322886,0.02146976807241627,0.01034014951437711,0.02961251889780301,0,0.5270437598228455,65,control
9,303025,0.02153741158419428,0.01033776625990867,0.0297696278458906,0,0.4840371906757355,65,control
12,315588,0.02095716948761137,0.0101230964064598,0.02873503903325464,0,0.6325857043266296,65,control
15,322380,0.0211807581887362,0.01012810878455638,0.02925787027865926,0,0.4723615348339081,65,control
18,313780,0.02165986007124447,0.01024315413087606,0.02995486813231819,0,0.646826446056366,65,control
21,308560,0.02151849289845382,0.0103261349722743,0.029724333255273742,0,0.646826446056366,65,control
24,302778,0.02095098599938449,0.01007832214236259,0.028724729034136,0,0.5477128624916077,65,control
27,299904,0.02189005016544112,0.0104529783129692,0.03009148477061345,0,0.4789689779281616,65,control
30,316100,0.02172053824271766,0.01051967218518257,0.02991764693012289,0,0.6407884359359741,65,control
33,317848,0.02123900661764937,0.01025845110416412,0.02943183626170304,0,0.5022333860397339,65,control
36,308028,0.0208573808260998,0.01004039123654365,0.02866705929803958,0,0.4018164277076721,65,control
39,317178,0.02124757245768114,0.01026079803705215,0.02915075643438356,0,0.4748336672782898,65,control
42,319395,0.02127172958748821,0.01019985880702734,0.02927868015758126,0,0.4691268801689148,65,control
45,301398,0.02146601186441717,0.01027532387524843,0.02969662259527927,0,0.49892404675483704,65,control
48,311040,0.02112043759230854,0.01016408950090408,0.02892874052062516,0,0.44665294885635376,65,control
0,3182640,0.02127498608182353,0.01014187838882207,0.02979028948934487,0,1.9695900678634644,66,control
3,3209362,0.02146517379713677,0.01014106068760156,0.03380836834874486,0,4.308772563934326,66,control
6,3256178,0.02142755688188578,0.01024084817618131,0.02952957075370578,0,0.6857874393463135,66,control
9,3142953,0.02127810902387148,0.01013939455151558,0.03012034217710978,0,2.306978702545166,66,control
12,3142953,0.02115655758247129,0.01009745616465807,0.02910517332709702,0,0.6490405201911926,66,control
15,3175163,0.02131372871208682,0.01018039416521787,0.02941192874994807,0,0.9424519538879396,66,control
18,3164816,0.02132188300799846,0.01020378991961479,0.02931179415105346,0,0.6177974939346313,66,control
21,3157665,0.02117032479866793,0.01009745616465807,0.0295996074002247,0,2.209432601928711,66,control
24,3155842,0.02255252662699757,0.01013091392815113,0.10210882290213125,0,36.7286491394043,66,control
27,3207485,0.02126186625139654,0.01012543495744466,0.02960778383551429,0,1.3940870761871338,66,control
30,3128520,0.02145266963514536,0.01022313255816698,0.02954286329534759,0,0.5447705984115601,66,control
33,3158514,0.02145578023057044,0.0102302823215723,0.03004960897302168,0,1.5853031873703003,66,control
36,3166488,0.02130671433021517,0.01017665863037109,0.02968746827249289,0,1.497913837432861,66,control
39,3170160,0.02114904380217435,0.01009854767471551,0.02921588584833768,0,0.8236246109008789,66,control
42,3143429,0.02141528012592056,0.01023045368492603,0.03041594798662867,0,1.918676257133484,66,control
45,3143448,0.02136621919781927,0.01026761624962091,0.02943645888410509,0,1.0237820148468018,66,control
48,3137792,0.02166365427728894,0.01026386860758066,0.03413228295232259,0,4.984628200531006,66,control
0,2301400,0.02112805449975377,0.01007175631821155,0.02913482335319828,0,0.8108752965927124,67,control
3,2342872,0.02142911489266332,0.01022313255816698,0.02954536356901996,0,1.1389575004577637,67,control
6,2334663,0.02124994711627123,0.01018474344164133,0.0293073861711318,0,0.8652570247650146,67,control
9,2313402,0.02132478747722457,0.01017491333186626,0.0294502452098751,0,0.8676236271858215,67,control
12,2370759,0.02159720017420642,0.01029620412737131,0.03126413029651438,0,2.61324405670166,67,control
15,2404305,0.02130505063402957,0.0101892789825797,0.02964421012159298,0,1.1081560850143433,67,control
18,2348645,0.02139873760418472,0.01015533600002527,0.0309458456979934,0,2.3166966438293457,67,control
21,2342665,0.02133718212334188,0.01024072710424661,0.02938817265505716,0,0.566896915435791,67,control
24,2341098,0.02128351698120148,0.01016648579388856,0.02929662009551623,0,0.6409624218940735,67,control
27,2325400,0.02141826793906745,0.01018039416521787,0.02991737803016507,0,1.2672061920166016,67,control
30,2349000,0.02139041826324972,0.01019003521651029,0.02975015790865409,0,1.2854726314544678,67,control
33,2310438,0.02125981392917787,0.01014187838882207,0.0292595736569647,0,0.5833917260169983,67,control
36,2322460,0.0215857054971885,0.01027532387524843,0.03051906868142101,0,1.7353880405426023,67,control
39,2343385,0.02145306002463629,0.0103092361241579,0.02953886989486208,0,0.6857874393463135,67,control
42,2318890,0.02130083079962727,0.01017417944967746,0.02963225125046119,0,1.3097069263458252,67,control
45,2293248,0.02143628986306846,0.01018626149743795,0.03167867740273309,0,2.8658692836761475,67,control
48,2359110,0.02139673059683216,0.01022313255816698,0.02968439825230498,0,1.1256308555603027,67,control
0,1660142,0.021276199158347,0.01014187838882207,0.02933496870987294,0,0.6129453182220459,68,control
3,1658919,0.02175563504540827,0.01037433464080095,0.03307962715804764,0,2.5471763610839844,68,control
6,1677009,0.0216837051714283,0.0102657014504075,0.03606214712599977,0,4.077314853668213,68,control
9,1746306,0.02162400445076368,0.01041770819574594,0.02983463749625563,0,0.6013466715812683,68,control
12,1695168,0.02132315552990399,0.01024163421243429,0.02932462112963575,0,0.5312702059745789,68,control
15,1651221,0.02126099540259669,0.01015673950314521,0.02925392936048726,0,0.5845517516136169,68,control
18,1674315,0.0212818136130519,0.01015228033065795,0.02932261703889824,0,0.7454280257225037,68,control
21,1705600,0.02117887030296187,0.01016877964138984,0.0290597685825345,0,0.5034059286117554,68,control
24,1675640,0.02116592245797163,0.01008074451237917,0.02921015921405002,0,0.7499355673789978,68,control
27,1705632,0.02130831628902741,0.01020177360624075,0.02932667229100204,0,0.5669360160827637,68,control
30,1688628,0.02156019873922361,0.0103261349722743,0.02969057690944606,0,0.6822298765182495,68,control
33,1641936,0.02099212480276111,0.01004409324377775,0.02883584096848273,0,0.566896915435791,68,control
36,1704288,0.02139225780911651,0.01023707911372184,0.02952726595711737,0,0.5478178858757019,68,control
39,1664084,0.02133703017439323,0.01025845110416412,0.02930798886604712,0,0.5744583010673523,68,control
42,1664019,0.02120088022744772,0.01016042195260524,0.02910043664999891,0,0.6278530359268188,68,control
45,1642002,0.02147449931420651,0.01029125414788723,0.02956585279417887,0,0.5912078619003296,68,control
48,1671840,0.02136174968800037,0.01027000602334737,0.02938804046971992,0,0.6073858141899109,68,control
0,3076395,0.02139608123552691,0.01024587079882621,0.02946330975489111,0,0.5120977163314819,69,control
3,3103620,0.02121717386703505,0.01013434585183858,0.02926567369051256,0,0.8014615178108215,69,control
6,3111212,0.02123415980900516,0.01014187838882207,0.02919148631154091,0,0.5482248663902283,69,control
9,3115200,0.02134248486931424,0.01017078757286071,0.02936734934827155,0,0.5813720226287842,69,control
12,3102726,0.0212793242150671,0.01011413894593715,0.02936554908138031,0,0.7551798224449158,69,control
15,3049842,0.02125274862514521,0.01014235895127058,0.02920209049409296,0,0.5266135334968567,69,control
18,3053744,0.02122901690690843,0.01013846974819898,0.02918723114063636,0,0.6013466715812683,69,control
21,3107593,0.02146632259227517,0.01028176397085189,0.02959726789755793,0,0.7240395545959473,69,control
24,3007498,0.02111654275417108,0.01005791127681732,0.02905454543040198,0,0.7454280257225037,69,control
27,3037565,0.02124938345288004,0.01013180613517761,0.02924782066168221,0,0.595050036907196,69,control
30,3118740,0.02140295125116137,0.01019817870110273,0.0294292590592862,0,0.5679451823234558,69,control
33,3074006,0.02128255060587792,0.01014908589422702,0.02930281188724243,0,0.566896915435791,69,control
36,3061924,0.02136727910876829,0.01021142024546861,0.02940171182922619,0,0.7454280257225037,69,control
39,3036000,0.02111338618265488,0.01009680330753326,0.02908656372583105,0,0.514768123626709,69,control
42,3095498,0.02145720568547282,0.01029415894299745,0.02946251910218973,0,0.5813720226287842,69,control
45,3036034,0.02132421456444625,0.01015943381935358,0.02939640012635169,0,0.7253237962722778,69,control
48,3102642,0.0215685999690954,0.01035480108112096,0.02970821691193673,0,0.7534236311912537,69,control
0,1084923,0.02122685982235243,0.01018039416521787,0.02931779286413424,0,0.5062265992164612,7,control
3,1059604,0.02139027473943142,0.01029190607368946,0.0294675149561839,0,0.5343884229660034,7,control
6,1054034,0.0213999604672526,0.01028058584779501,0.02947910682177714,0,0.5424096584320068,7,control
9,1057397,0.02122442588721424,0.01021142024546861,0.02927597373943778,0,0.6841755509376526,7,control
12,1089095,0.02173557462803147,0.01042639836668968,0.03004261021616119,0,0.6129453182220459,7,control
15,1053776,0.02111928080615679,0.01009680330753326,0.02912982438796259,0,0.5141398310661316,7,control
18,1040664,0.02141576603981604,0.01025699637830257,0.0295285826000278,0,0.514768123626709,7,control
21,1077076,0.02130382603366936,0.01021051127463579,0.02923840801111122,0,0.5265645980834961,7,control
24,1068427,0.02159379416779149,0.01039312314242124,0.02980191501043879,0,0.566896915435791,7,control
27,1037832,0.02109952026450708,0.01009680330753326,0.02898771712913813,0,0.524359405040741,7,control
30,1048478,0.02153106774477451,0.0103092361241579,0.02966997567398735,0,0.6325857043266296,7,control
33,1064448,0.02119732445955486,0.01018474344164133,0.02905995810876465,0,0.6546949148178101,7,control
36,1081770,0.02130661863015988,0.01022590510547161,0.02933576367671528,0,0.5265645980834961,7,control
39,1060171,0.02098183439904342,0.01005751173943281,0.02901216816802074,0,0.5136807560920715,7,control
42,1063088,0.02169687954099618,0.01043082028627395,0.02998946145269039,0,0.566896915435791,7,control
45,1063612,0.02127018919884461,0.01026856806129217,0.02930583485825026,0,0.6767114400863647,7,control
48,1056480,0.02115366054097917,0.01017220877110958,0.02919445596315354,0,0.8898908495903015,7,control
0,635184,0.02125157786918622,0.01013434585183858,0.0292605690376773,0,0.5511287450790405,70,control
3,626400,0.02112606454861243,0.01009966991841793,0.02903870822258937,0,0.49621522426605225,70,control
6,629486,0.02212330111603167,0.01055658981204032,0.03043721365478331,0,0.40837815403938293,70,control
9,620908,0.02136316770402791,0.01025635842233896,0.02933074286205399,0,0.5061122179031372,70,control
12,632710,0.02092735189449924,0.01002775598317384,0.02888142481220721,0,0.5744583010673523,70,control
15,631174,0.0211875467387774,0.01009745616465807,0.02926998320731185,0,0.5915927290916443,70,control
18,641600,0.02171893636336972,0.01040536910295486,0.02995734481841432,0,0.7454280257225037,70,control
21,642528,0.02155439009217078,0.0103092361241579,0.02969856438400137,0,0.5434810519218445,70,control
24,628833,0.02142153061172764,0.01029415894299745,0.02949752279133493,0,0.6378270983695984,70,control
27,633472,0.02126451074879814,0.0101961325854063,0.02916058501881572,0,0.49621522426605225,70,control
30,633516,0.02163189453227204,0.01040614768862724,0.02972395923562726,0,0.4794234931468963,70,control
33,630436,0.02134087757218146,0.01021142024546861,0.02941468741790872,0,0.4732392132282257,70,control
36,630924,0.02143118847927733,0.01027808338403701,0.02961434455407851,0,0.5227924585342407,70,control
39,624890,0.0213838465422926,0.01024072710424661,0.029509863943815,0,0.5754531621932983,70,control
42,612096,0.02215017454205698,0.01065963134169578,0.03046114156596446,0,0.5136807560920715,70,control
45,630240,0.02124841851659226,0.01021142024546861,0.02911159019769427,0,0.5915927290916443,70,control
48,633132,0.0213886657176601,0.01025845110416412,0.02942496985271505,0,0.457485169172287,70,control
0,6707700,0.02136463533169049,0.01022786926478147,0.02943175566127275,0,0.6240670680999756,71,control
3,6604884,0.02128596081277552,0.01015836931765079,0.02930589766335233,0,0.6215522289276123,71,control
6,6736200,0.02130939217487171,0.01018039416521787,0.02939500004673751,0,0.9105231761932372,71,control
9,6718364,0.02126894684049842,0.01015217881649732,0.02930686438845584,0,0.972927987575531,71,control
12,6658474,0.02136714863908638,0.01018881052732467,0.02948256647854368,0,0.8030552864074707,71,control
15,6617000,0.02124325991430703,0.01014187838882207,0.02923036192279365,0,0.6075363755226135,71,control
18,6751650,0.0212989723818121,0.01018474344164133,0.02938884752523644,0,0.5877342224121094,71,control
21,6684258,0.02131295790473725,0.01018039416521787,0.02937985429123966,0,0.6005115509033203,71,control
24,6663836,0.02236055486075969,0.01020816527307033,0.09236629986328718,0,31.77647590637207,71,control
27,6668800,0.02133260203130996,0.01017950288951397,0.03022240905703148,0,2.6460371017456055,71,control
30,6795549,0.02160929072685141,0.01035192422568798,0.03008884218215082,0,2.1286492347717285,71,control
33,6793660,0.02143515180793034,0.01026951801031828,0.02967006387942525,0,1.3893964290618896,71,control
36,6671489,0.02150077845203096,0.01028386875987053,0.0296413844447922,0,0.8972098231315613,71,control
39,6620160,0.02135776944714242,0.0101826200261712,0.02944528994672917,0,0.7114914655685425,71,control
42,6637422,0.02138014848574728,0.01014550123363733,0.03175285877419429,0,4.742297172546387,71,control
45,6731158,0.02136881113200778,0.01022590510547161,0.02942425778353716,0,0.6170244216918945,71,control
48,6651205,0.02133066985683925,0.01017491333186626,0.0294279928776086,0,0.7755956649780273,71,control
0,1055336,0.02125291916776282,0.01013919059187173,0.02923715101771063,0,0.5331023931503296,72,control
3,1088512,0.02160313890956167,0.01036909874528646,0.02973419727438598,0,0.5120977163314819,72,control
6,1089680,0.02154063595347057,0.01029190607368946,0.0297580476770246,0,0.48736122250556946,72,control
9,1059058,0.02154691212036757,0.010303795337677,0.02964376737768437,0,0.5679451823234558,72,control
12,1088136,0.02130983798030682,0.01019002869725227,0.02941317316332667,0,0.6822298765182495,72,control
15,1080288,0.02125253901483302,0.01017220877110958,0.0292797963784555,0,0.566896915435791,72,control
18,1084650,0.02119500244825613,0.01009745616465807,0.02907952356141208,0,0.566896915435791,72,control
21,1053052,0.02167224615027865,0.01034844201058149,0.02984207573273753,0,0.564775824546814,72,control
24,1069590,0.02149178312363214,0.01023045368492603,0.02979092551907765,0,0.5448959469795227,72,control
27,1087900,0.02123070649347599,0.01013289298862218,0.02926247357283317,0,0.4817076325416565,72,control
30,1062477,0.02146660238206125,0.01024690549820661,0.02958853660194166,0,0.566896915435791,72,control
33,1061510,0.02150224743323461,0.01025635842233896,0.02959692929291063,0,0.514768123626709,72,control
36,1064866,0.02125901731003593,0.01016939245164394,0.02925797778553214,0,0.6153317093849182,72,control
39,1068832,0.02127518039777711,0.01019003521651029,0.0292202896035183,0,0.5784018635749817,72,control
42,1067522,0.02123701838771026,0.01009745616465807,0.02922609486125913,0,0.5089103579521179,72,control
45,1074222,0.02158927461969805,0.01036267355084419,0.02962763584689971,0,0.566896915435791,72,control
48,1055546,0.02131494218753871,0.01021586917340755,0.02939535997234405,0,0.5057430863380432,72,control
0,3290587,0.02118070803576575,0.01012447942048311,0.02935617498454046,0,0.9828938841819764,73,control
3,3272381,0.02132718058014604,0.01019003521651029,0.02935907872349078,0,0.5983755588531494,73,control
6,3218180,0.02121353867064728,0.01009745616465807,0.02924600049753601,0,0.6509258151054382,73,control
9,3326447,0.02117027621884632,0.01009680330753326,0.02915809472155661,0,0.5705751180648804,73,control
12,3234560,0.02121815105623959,0.01010505203157663,0.02922181327850813,0,0.5813720226287842,73,control
15,3261380,0.02143411865705369,0.01024425867944955,0.02958030277134401,0,0.6461576819419861,73,control
18,3302604,0.02148796653807684,0.01026951801031828,0.02983339602236215,0,1.3194855451583862,73,control
21,3322600,0.02164684649706387,0.01039604749530553,0.02991619192052165,0,0.7629596590995789,73,control
24,3252192,0.02118613349828169,0.01017491333186626,0.02923574088297701,0,0.6490405201911926,73,control
27,3271697,0.02118646375248482,0.01010818034410476,0.02919488313668417,0,0.5983755588531494,73,control
30,3195084,0.02128126603315677,0.01018039416521787,0.0292198717638179,0,0.5686712265014648,73,control
33,3316992,0.02125220131977854,0.01014187838882207,0.0293145915884222,0,0.599632203578949,73,control
36,3239804,0.02131048071828093,0.01014972385019064,0.03026584548431342,0,1.835644006729126,73,control
39,3235672,0.0212894253069623,0.01014187838882207,0.02946289255852037,0,0.7875399589538574,73,control
42,3278452,0.02127841600516769,0.01019985880702734,0.02933991702514726,0,0.6968656182289124,73,control
45,3315992,0.02132298096025891,0.01018474344164133,0.02947544952856676,0,0.7159861922264099,73,control
48,3271256,0.02112392351040735,0.01008946355432272,0.02916233543321502,0,0.8214448690414429,73,control
0,391435,0.02116518313664794,0.01014187838882207,0.02906633765101963,0,0.42599889636039734,74,control
3,402136,0.02122260862299851,0.01014187838882207,0.02928663356027713,0,0.5378700494766235,74,control
6,397290,0.02200058435974142,0.01055414974689483,0.0301710277332866,0,0.566896915435791,74,control
9,390380,0.02144833371592777,0.01033776625990867,0.02949005315870723,0,0.4334127008914947,74,control
12,400545,0.02089026099368569,0.01005322579294443,0.0287627825973403,0,0.4789689779281616,74,control
15,398335,0.02127221415810571,0.01015946734696626,0.02952703754952638,0,0.49621522426605225,74,control
18,406720,0.02180359281598851,0.01046475674957037,0.03001371620593008,0,0.7240395545959473,74,control
21,404790,0.02154419881327754,0.01021051127463579,0.02985970643347426,0,0.45567798614501953,74,control
24,409860,0.02118842600498065,0.01017665863037109,0.02907603921965378,0,0.5131983160972595,74,control
27,407745,0.02135040381973985,0.01015603635460138,0.0294916313848004,0,0.564775824546814,74,control
30,399728,0.02136845489982175,0.01026951801031828,0.02930494594366791,0,0.566896915435791,74,control
33,401082,0.02149364542187241,0.0103092361241579,0.0296579852516932,0,0.6073164939880371,74,control
36,401595,0.02152091503093553,0.01029190607368946,0.02955157827411105,0,0.5672247409820557,74,control
39,405480,0.02134484485489242,0.01025842409580946,0.02931853215020528,0,0.4543561339378357,74,control
42,386595,0.02135275632416848,0.01025635842233896,0.02938314160570703,0,0.4789689779281616,74,control
45,391242,0.02126622439804357,0.01014187838882207,0.02930169021793774,0,0.6172168254852295,74,control
48,418320,0.02109111058884922,0.0101548247039318,0.0290303393302692,0,0.5477128624916077,74,control
0,6327756,0.02127295386274015,0.01019816659390926,0.02930881757233343,0,0.9118675589561462,75,control
3,6242501,0.02148768139502495,0.01022313255816698,0.03262094778326877,0,4.271420955657959,75,control
6,6246338,0.02133462974782891,0.01019817870110273,0.0293770388870729,0,0.646826446056366,75,control
9,6353930,0.02122666038977548,0.01018039416521787,0.02924509403543845,0,0.6498669981956482,75,control
12,6187230,0.02129441564897373,0.01016408950090408,0.02943135038132309,0,0.7712835669517517,75,control
15,6282444,0.02130226060589666,0.01017153263092041,0.02942785188109979,0,1.208073973655701,75,control
18,6237246,0.02119520688732246,0.01013434585183858,0.02919994996424534,0,0.6841755509376526,75,control
21,6358176,0.02131400851411577,0.0101961325854063,0.02935511531074086,0,0.6993784308433533,75,control
24,6260784,0.02120637183410758,0.01014187838882207,0.02928285953264755,0,0.940430462360382,75,control
27,6200930,0.02122225030173981,0.01013870444148779,0.02925476438122827,0,0.6500958204269409,75,control
30,6277430,0.02132352605483319,0.01017153263092041,0.02955652354594488,0,1.404325246810913,75,control
33,6241976,0.0270729900010714,0.0103763286024332,0.4769453470494146,0,158.49595642089844,75,control
36,6231026,0.02125549526798708,0.0101624596863985,0.02933974735578785,0,0.6633915305137634,75,control
39,6358805,0.02123329866921901,0.01018039416521787,0.02940034504614649,0,1.0050688982009888,75,control
42,6242244,0.02128341932395505,0.01017666421830654,0.02934400533229476,0,0.6986677050590515,75,control
45,6375915,0.02134632682928302,0.01019439473748207,0.02970173202887976,0,1.388310432434082,75,control
48,6108333,0.0214803357983504,0.01025569159537553,0.02960656648882392,0,0.8250330090522766,75,control
0,652023,0.0213049643954863,0.01017417944967746,0.02933481791563263,0,0.5333820581436157,76,control
3,642763,0.02102785229301739,0.01009015180170536,0.02891863105236881,0,0.4789689779281616,76,control
6,651846,0.02140217091707289,0.01027808338403701,0.02938992158497316,0,0.514768123626709,76,control
9,637825,0.02108218003976776,0.01004217844456434,0.02905947425580304,0,0.566896915435791,76,control
12,648907,0.02105014462906777,0.01005160063505172,0.02903290260031453,0,0.5343884229660034,76,control
15,643700,0.02144069515578765,0.01027488894760608,0.02958111964437495,0,0.5915927290916443,76,control
18,655428,0.02181537299915394,0.01041232794523239,0.03010359838337376,0,0.4723615348339081,76,control
21,640376,0.02113551739346136,0.01010505203157663,0.02906940404822834,0,0.4789689779281616,76,control
24,671376,0.02132720156627537,0.01018915511667728,0.02931822320231503,0,0.566896915435791,76,control
27,651064,0.02118679796537239,0.01016408950090408,0.02908752543943853,0,0.5265645980834961,76,control
30,672980,0.02171368623006581,0.01041577104479074,0.02990141957125837,0,0.6075363755226135,76,control
33,666366,0.021570199020859,0.01041232794523239,0.02963654337948073,0,0.5936068296432495,76,control
36,645060,0.02141123199478463,0.01027831714600324,0.02935442229879182,0,0.6841755509376526,76,control
39,662904,0.02158009436264464,0.0104252565652132,0.02959182911467197,0,0.5185244083404541,76,control
42,650100,0.02148935727213572,0.01036149635910987,0.02961664111418873,0,0.5367595553398132,76,control
45,675384,0.02142210618079787,0.01029190607368946,0.02955519731387336,0,0.566896915435791,76,control
48,650866,0.0212901861896611,0.01018666569143533,0.02932710066394471,0,0.48501056432724,76,control
0,5086350,0.02130966802516697,0.01018474344164133,0.02968597470899749,0,1.7022705078125,77,control
3,5068790,0.0213712347764827,0.01022313255816698,0.02945084281206859,0,0.63702392578125,77,control
6,5139120,0.02128402877688689,0.01019003521651029,0.02934384976734147,0,0.6841755509376526,77,control
9,5031045,0.02151210227370026,0.0103092361241579,0.02965062114303161,0,0.6555684208869934,77,control
12,5053503,0.02125402992474169,0.01014709193259477,0.0292784372013242,0,0.6841755509376526,77,control
15,5055662,0.02138964731173017,0.01019002124667167,0.02954068833420096,0,0.6841755509376526,77,control
18,5059698,0.02120633830978707,0.01013939455151558,0.02923589581949335,0,0.8563965559005737,77,control
21,5008628,0.02139703653295108,0.01024425867944955,0.02948273671271269,0,0.6546949148178101,77,control
24,4926160,0.02128172547701629,0.01017078757286071,0.02966885911366602,0,2.1241655349731445,77,control
27,5134740,0.02129766392948392,0.01019817870110273,0.02932863234744239,0,0.8329862356185913,77,control
30,5044500,0.02163263796474715,0.01038636267185211,0.02992419093440066,0,1.2752574682235718,77,control
33,5006274,0.02158586855655994,0.01029459200799465,0.03017583372994745,0,1.7422608137130735,77,control
36,5010840,0.02130872208458819,0.01014972385019064,0.02939033015647585,0,0.6822298765182495,77,control
39,5019834,0.02137933345718795,0.01016408950090408,0.03092670873537264,0,3.196805477142334,77,control
42,5008595,0.02137316332995236,0.01018515881150961,0.02970248978411902,0,1.3892853260040283,77,control
45,5105340,0.02162770282850328,0.01035736966878175,0.03007906419567191,0,1.4370568990707395,77,control
48,5049000,0.02130066148376406,0.01018881052732467,0.02942251024516585,0,0.5866675972938538,77,control
0,1622292,0.02133416969278049,0.01019897870719432,0.02951786896465936,0,0.7630324959754944,78,control
3,1613760,0.02137676049840553,0.01024690549820661,0.02940036279998588,0,0.566896915435791,78,control
6,1628522,0.02141249265664533,0.01018039416521787,0.03100603712899158,0,2.8741743564605713,78,control
9,1596126,0.02116428398125098,0.01009680330753326,0.0293717019290901,0,1.0895992517471311,78,control
12,1583992,0.02136291174971507,0.01021051127463579,0.02942372025184259,0,0.5911592841148376,78,control
15,1590260,0.02139803057387427,0.01010818034410476,0.03182778390944808,0,2.343535900115967,78,control
18,1623798,0.02158374870636792,0.0103261349722743,0.02966513902246493,0,0.5102040767669678,78,control
21,1581339,0.02124956108475066,0.01012071222066879,0.02926757861470691,0,0.6633915305137634,78,control
24,1580706,0.02139248950651911,0.01019003521651029,0.02963062183743838,0,0.6325857043266296,78,control
27,1597071,0.02136037700557723,0.0101230964064598,0.0311576394515109,0,2.1064014434814453,78,control
30,1600840,0.02137407406110326,0.01015910878777504,0.02947677662184342,0,0.6686034798622131,78,control
33,1564745,0.0217556040382604,0.01036267355084419,0.03191431913449975,0,2.426744222640991,78,control
36,1584825,0.02161250777852318,0.01027769036591053,0.03224515381161861,0,3.2475361824035645,78,control
39,1601856,0.02128174561680696,0.01017808075994253,0.0293047938121097,0,0.5106523036956787,78,control
42,1576752,0.02129714048700754,0.0101065244525671,0.0293242023929195,0,0.5265645980834961,78,control
45,1601795,0.02160381438776318,0.01022313255816698,0.0324200935885553,0,3.100309133529663,78,control
48,1579853,0.02138181109748552,0.01022844854742288,0.02946826189670798,0,0.5089103579521179,78,control
0,1088760,0.0209772356006096,0.01004217844456434,0.0288965559359918,0,0.6009652614593506,79,control
3,1113009,0.02137587436991179,0.0102332467213273,0.02945032311198839,0,0.6988416314125061,79,control
6,1082620,0.02155464522491926,0.01029190607368946,0.02977926318855659,0,0.5791801810264587,79,control
9,1072104,0.02197407375287749,0.01051391381770372,0.03021645412527621,0,0.566896915435791,79,control
12,1066054,0.02138453476915914,0.01021197158843278,0.02959368438776699,0,0.6078379154205322,79,control
15,1076400,0.02138472894883663,0.01022313255816698,0.02937278936000615,0,0.6013466715812683,79,control
18,1099112,0.02117984130642462,0.01015836931765079,0.02910862555308556,0,0.5240172743797302,79,control
21,1099350,0.02153953381399827,0.01032237336039543,0.02966231489158531,0,0.6075363755226135,79,control
24,1084666,0.02109522694158424,0.01002725306898355,0.02920514604854651,0,0.7052550911903381,79,control
27,1066893,0.02160645160546578,0.01040847320109605,0.02966049567904125,0,0.5007637739181519,79,control
30,1123575,0.02105634532237921,0.01008323300629854,0.02910778623407344,0,0.6546949148178101,79,control
33,1088886,0.02136503712753532,0.01019002869725227,0.02943023764376345,0,0.566896915435791,79,control
36,1108800,0.02150795861216591,0.0103535745292902,0.0296456517560569,0,0.540640115737915,79,control
39,1090938,0.02138859681811969,0.01022313255816698,0.02952812661689605,0,0.5003678202629089,79,control
42,1106560,0.02158482872695856,0.01037773583084344,0.02975121935912129,0,0.4688681066036224,79,control
45,1073247,0.02163683061748306,0.01039715949445962,0.02973313320071518,0,0.5434810519218445,79,control
48,1106700,0.02150687921238653,0.01027808338403701,0.02961802340731779,0,0.6633915305137634,79,control
0,3158683,0.02124528762661692,0.01012821216136217,0.0293014131385574,0,0.564775824546814,8,control
3,3207022,0.02117476173863885,0.01009745616465807,0.02915256332166146,0,0.6298815608024597,8,control
6,3175666,0.02134608466492431,0.01019445154815912,0.02939984415032541,0,0.566896915435791,8,control
9,3229446,0.02165981936259433,0.01036918349564075,0.02978888195389084,0,0.6546949148178101,8,control
12,3198082,0.02126958759502483,0.01014187838882207,0.02929595535280354,0,0.566896915435791,8,control
15,3243050,0.02125980931521628,0.01014187838882207,0.02929210061282019,0,0.5831181406974792,8,control
18,3178864,0.02114397910081543,0.01009680330753326,0.02910088982604389,0,0.5655374526977539,8,control
21,3221564,0.02181967029881816,0.0104367071762681,0.03001963022941939,0,0.6841755509376526,8,control
24,3226709,0.02128010410594445,0.01022313255816698,0.02928600429571082,0,0.6857874393463135,8,control
27,3163320,0.02142954500099857,0.0102739417925477,0.02947535687325336,0,0.6780120730400085,8,control
30,3229200,0.02182545786486948,0.01046446152031421,0.03009429029156527,0,0.6767114400863647,8,control
33,3276720,0.02148783309589733,0.01029415894299745,0.02961501430430484,0,0.6073164939880371,8,control
36,3253327,0.02122934429783399,0.01018881052732467,0.02922727506682016,0,0.7205665707588196,8,control
39,3295356,0.02130447253473754,0.01015836931765079,0.0294475070054607,0,0.6857874393463135,8,control
42,3215586,0.02135979055170468,0.01019817870110273,0.02935301101060763,0,0.7551798224449158,8,control
45,3237696,0.02165250197922996,0.0104248384013772,0.02975784717907246,0,0.6195179224014282,8,control
48,3258611,0.02126697799777531,0.01013434585183858,0.02929882015115173,0,0.6841755509376526,8,control
0,29921232,0.02188672588413308,0.01018039416521787,0.0700283489345599,0,41.236846923828125,80,control
3,30271560,0.02133013834102211,0.01019003521651029,0.02952798257575526,0,1.2750649452209473,80,control
6,30116322,0.02131207445472302,0.01019003521651029,0.02947625107342221,0,1.2631213665008545,80,control
9,30415231,0.021512320549385,0.01019003521651029,0.03286891979445768,0,11.552428245544434,80,control
12,30220260,0.02153113389041852,0.01019003521651029,0.03421538055093587,0,7.442254066467285,80,control
15,30363750,0.02136853254825391,0.01018039416521787,0.02987153808811616,0,2.1719465255737305,80,control
18,30644913,0.0213236193661977,0.0101826200261712,0.02974077127345345,0,1.8985224962234497,80,control
21,30194991,0.02143776208028579,0.01021051127463579,0.03143867859722571,0,6.067873954772949,80,control
24,30057356,0.02136050319880872,0.01017883140593767,0.02982371807307432,0,2.5184247493743896,80,control
27,30356480,0.02136372231147826,0.01019003521651029,0.02977391280202545,0,1.9947714805603027,80,control
30,29945808,0.02129702935880745,0.01016545295715332,0.02938828918106819,0,0.955117404460907,80,control
33,30380174,0.02134007366690021,0.01020899228751659,0.0295362831613323,0,1.346803903579712,80,control
36,30462580,0.02139073979042565,0.01021586917340755,0.03011638394838785,0,2.9548704624176025,80,control
39,30160246,0.02134266070612959,0.01017491333186626,0.03012798017778816,0,3.4677178859710693,80,control
42,30367320,0.02133213040309626,0.01016488391906023,0.03024710833999114,0,6.4876813888549805,80,control
45,30285948,0.02140947080973943,0.01019817870110273,0.03033871295583812,0,3.482836961746216,80,control
48,29618505,0.02130692116320053,0.01014187838882207,0.0294932045801321,0,1.652338624000549,80,control
0,1139500,0.02137264690577687,0.01019817870110273,0.02944889552118515,0,0.5625139474868774,81,control
3,1123575,0.02123264875717766,0.01017883140593767,0.02914354380948511,0,0.6129453182220459,81,control
6,1168545,0.02171386507683445,0.01041232794523239,0.0299676502187726,0,0.6546949148178101,81,control
9,1175020,0.02120600423254247,0.010130375623703,0.02923986092365621,0,0.5477128624916077,81,control
12,1169552,0.02111649799196049,0.01014187838882207,0.02906519852057809,0,0.6078379154205322,81,control
15,1164225,0.02156510898630893,0.01032159943133592,0.02976300788148855,0,0.5117484331130981,81,control
18,1176008,0.0215917662884747,0.010292649269104,0.02976789592308985,0,0.5270437598228455,81,control
21,1127843,0.02131197343784686,0.01014187838882207,0.0293382528890969,0,0.4869740903377533,81,control
24,1163757,0.02142074928671949,0.01025699637830257,0.0294476522799274,0,0.5735507011413574,81,control
27,1143800,0.02110431337386555,0.01011176779866218,0.02901424939262229,0,0.6129453182220459,81,control
30,1172745,0.02130826072362405,0.01020652055740356,0.02931960958405395,0,0.566896915435791,81,control
33,1163156,0.0215213087705068,0.01029415894299745,0.02962255127637011,0,0.5141398310661316,81,control
36,1180452,0.02135835125522934,0.0102332467213273,0.02936202455349242,0,0.5089103579521179,81,control
39,1132060,0.02125424394820846,0.01014187838882207,0.02936109950647242,0,0.6113660335540771,81,control
42,1148092,0.02143391600530728,0.01029190607368946,0.02947987069915145,0,0.566896915435791,81,control
45,1156320,0.02136383207343932,0.01027601677924394,0.02929051568482411,0,0.554598331451416,81,control
48,1166351,0.02127635518308749,0.01018039416521787,0.02922164098297948,0,0.6129453182220459,81,control
0,2949315,0.02129361161441533,0.01019000075757503,0.02930939640103732,0,0.618377149105072,82,control
3,2909595,0.02141325925589969,0.01020811032503843,0.02950162537378685,0,0.6095021367073059,82,control
6,2933640,0.02163090739769446,0.01034648716449737,0.0300692419586248,0,1.3602768182754517,82,control
9,2922656,0.02141791596130946,0.01022797171026468,0.02942043095779683,0,0.6679729223251343,82,control
12,2945670,0.0233837205549898,0.01022313255816698,0.14406743042049958,0,36.71984100341797,82,control
15,2908992,0.02128677670034305,0.01017220877110958,0.02930854794320944,0,0.8042952418327332,82,control
18,2941884,0.02152339436561054,0.01026856806129217,0.02984933565247392,0,1.5100082159042358,82,control
21,3001608,0.02144280937127066,0.01021142024546861,0.02980609599546914,0,1.594387769699097,82,control
24,2973125,0.02116358444680571,0.01010818034410476,0.02917114108502815,0,0.532882034778595,82,control
27,2959520,0.02120652703138997,0.01015223003923893,0.02914435329928048,0,0.5470408797264099,82,control
30,2914150,0.02118104885593321,0.01008398830890655,0.02925100984160763,0,0.9900990128517152,82,control
33,2964195,0.02123252010842175,0.01011306419968605,0.02928686720242644,0,0.8825082778930664,82,control
36,2926432,0.02149222193948822,0.01028025709092617,0.02955598259788656,0,0.566896915435791,82,control
39,2947454,0.02145509269542119,0.01028747949749231,0.02954553292160838,0,0.7301731109619141,82,control
42,2985408,0.02138734394929528,0.01024690549820661,0.02946242522372892,0,0.8250330090522766,82,control
45,3007008,0.02170600963705921,0.01041570212692022,0.02989890511311453,0,0.5813720226287842,82,control
48,2922150,0.02116801152011218,0.01010818034410476,0.02909766980200906,0,0.6841755509376526,82,control
0,775062,0.0212945621513232,0.0101961325854063,0.02929495376972165,0,0.646826446056366,83,control
3,784212,0.02150149673548749,0.01030164491385221,0.03008042593525716,0,0.8008914589881897,83,control
6,810722,0.02111487563777045,0.01013426389545202,0.02906435514763915,0,0.5744583010673523,83,control
9,771070,0.02186238787848332,0.01043082028627395,0.03003417757693921,0,0.5541696548461914,83,control
12,771960,0.0212168022528621,0.01010599080473184,0.02929328259696159,0,0.5034059286117554,83,control
15,778502,0.02127982949594693,0.01018474344164133,0.02931709455797854,0,0.7240395545959473,83,control
18,774640,0.02151061095799143,0.0103092361241579,0.02963058099316819,0,0.5089103579521179,83,control
21,804852,0.02137521870864108,0.0103092361241579,0.0294578155691903,0,0.6287680268287659,83,control
24,790856,0.02132041065012392,0.01021142024546861,0.02941036378751567,0,0.6073164939880371,83,control
27,818370,0.02142428983481379,0.01034316979348659,0.02940517136281881,0,0.5288801789283752,83,control
30,756337,0.02136041131209033,0.0101961325854063,0.0293798141971017,0,0.5343884229660034,83,control
33,800280,0.02152756152666317,0.01025699637830257,0.02974256583229255,0,0.5136807560920715,83,control
36,809008,0.02144653648580223,0.0103092361241579,0.02959056763247964,0,0.5708463191986084,83,control
39,786174,0.02113195509434136,0.01005545631051063,0.02917945400281925,0,0.457485169172287,83,control
42,786144,0.02143691491183016,0.01029190607368946,0.02945553777018053,0,0.5744583010673523,83,control
45,798648,0.02120308359903279,0.01009745616465807,0.02924368557583716,0,0.5022333860397339,83,control
48,790164,0.02130577248346548,0.01014187838882207,0.02936104458868925,0,0.4811410903930664,83,control
0,2057634,0.0213954110433297,0.01021746080368757,0.02953136563153988,0,0.5754531621932983,84,control
3,2124196,0.02158207294610081,0.0102769611403346,0.03073574973356909,0,1.4735575914382937,84,control
6,2072088,0.02143459062689531,0.01022449880838394,0.02997198471095289,0,1.2806134223937988,84,control
9,2053453,0.02201488829647684,0.01027808338403701,0.046830436812829473,0,8.56745719909668,84,control
12,2046324,0.02149901287529811,0.01022313255816698,0.02982925083863114,0,0.8785402178764343,84,control
15,2054902,0.0215095038514162,0.01022313255816698,0.02976290378445772,0,0.8574430346488953,84,control
18,2054910,0.02184458114988857,0.0103092361241579,0.03880880527349446,0,7.311980724334717,84,control
21,2079348,0.02153148249657905,0.01039707940071821,0.02970241177309281,0,0.8591672778129578,84,control
24,2093793,0.02143617204593774,0.01019003521651029,0.03032526675036105,0,2.2111573219299316,84,control
27,2093805,0.02136610719756547,0.01022313255816698,0.02947423398661345,0,0.8136677742004395,84,control
30,2079328,0.02125299241856653,0.01018039416521787,0.02929389777099594,0,0.580865740776062,84,control
33,2066376,0.02140621690418812,0.01027532387524843,0.02955213335031818,0,0.5924255847930908,84,control
36,2093808,0.0213699791921936,0.01027532387524843,0.02948592269330978,0,0.5723000168800354,84,control
39,2069252,0.0212382205011102,0.01011159271001815,0.02921950779113308,0,0.5873621106147766,84,control
42,2047320,0.02132527063699053,0.01022786926478147,0.0293146617521927,0,0.6032311320304871,84,control
45,2057718,0.02136698356280697,0.01019003521651029,0.02943400667984564,0,0.5796167254447937,84,control
48,2087625,0.02127075720663081,0.01016828883439302,0.02944911618494594,0,0.6957610845565796,84,control
0,8669970,0.021315166066624,0.01019003521651029,0.0294172939030918,0,0.7936955690383911,85,control
3,8717184,0.02133684557948039,0.01015491504222154,0.02997117544526675,0,2.012641191482544,85,control
6,8746464,0.02134475408481904,0.01020474452525377,0.02942974157420372,0,0.7106826901435852,85,control
9,8605350,0.02142980488319207,0.01024919003248214,0.02958392463639731,0,0.995183289051056,85,control
12,8696552,0.0212999062283365,0.01018039416521787,0.02957743160021223,0,1.4662230014801023,85,control
15,8726107,0.02129543869515091,0.01016922947019338,0.0293853512485835,0,0.7534549236297607,85,control
18,8575410,0.02119151937295352,0.01010505203157663,0.02913948978346584,0,0.6633915305137634,85,control
21,8669990,0.02180766232256991,0.01028631348162889,0.04027955073332028,0,10.692302703857422,85,control
24,8661168,0.02127253816422562,0.01018039416521787,0.02930050918505003,0,0.6841755509376526,85,control
27,8614104,0.02143660310142852,0.01020399667322635,0.03002193759157165,0,2.120157241821289,85,control
30,8678816,0.02125134904188417,0.01015836931765079,0.02928187018030918,0,0.7421994209289551,85,control
33,8729070,0.02126689223570177,0.01019003521651029,0.02927151413551402,0,0.7454280257225037,85,control
36,8667055,0.02134617203013659,0.01018708478659391,0.02955334936601914,0,1.387157320976257,85,control
39,8573120,0.02132407470201326,0.01019592490047216,0.02944744577776745,0,0.9087122678756714,85,control
42,8643591,0.02134736188365629,0.01021142024546861,0.02943371719587055,0,0.8595609664916992,85,control
45,8708400,0.02135309369111831,0.01014187838882207,0.0318447508560339,0,4.881096363067627,85,control
48,8754781,0.02131039156261874,0.01017220877110958,0.02937414191301033,0,0.7798638939857483,85,control
0,1630950,0.02121406368412469,0.01011653337627649,0.02922268470461286,0,0.5655374526977539,86,control
3,1549881,0.02123215629900716,0.01014131773263216,0.02924659845359344,0,0.7322701215744019,86,control
6,1609877,0.02152471380074545,0.01028378121554851,0.02977889592057227,0,0.5434810519218445,86,control
9,1597335,0.02133988101440952,0.01022590510547161,0.02932722972970271,0,0.566896915435791,86,control
12,1623750,0.02129025374800339,0.01018584426492452,0.02928080061352451,0,0.6711089015007019,86,control
15,1591002,0.02112967203359992,0.01009745616465807,0.02910414984188677,0,0.540640115737915,86,control
18,1600890,0.02139709389818288,0.01021586917340755,0.02952708264965088,0,0.5265645980834961,86,control
21,1612500,0.02151294729086798,0.01027282048016786,0.02964772283967321,0,0.613319993019104,86,control
24,1584640,0.02129388664409018,0.01016230974346399,0.02935492141395548,0,0.566896915435791,86,control
27,1600368,0.02124298526954226,0.01017220877110958,0.02930807889915405,0,0.5861449837684631,86,control
30,1573560,0.02144861654368195,0.01028176397085189,0.02952054067100397,0,0.48869553208351135,86,control
33,1565946,0.02148341380527347,0.0103092361241579,0.02956381535670357,0,0.5308684706687927,86,control
36,1573390,0.0211434743422037,0.01009680330753326,0.02912100547391197,0,0.758473813533783,86,control
39,1576911,0.02121893076894489,0.01010818034410476,0.02919228101229563,0,0.6129453182220459,86,control
42,1593400,0.02119622498340602,0.01013434585183858,0.02910509767389595,0,0.5434810519218445,86,control
45,1559601,0.02149137812341259,0.0102389482781291,0.02947641073045526,0,0.5679451823234558,86,control
48,1622176,0.02136589472559556,0.01018474344164133,0.02945250947646235,0,0.646826446056366,86,control
0,1826480,0.02110639884492322,0.01009854767471551,0.02909373762056277,0,0.5308684706687927,87,control
3,1775989,0.0211085541285003,0.01013091392815113,0.02899087237544889,0,0.566896915435791,87,control
6,1808584,0.02123219332713723,0.01019817870110273,0.02925235598075576,0,0.5516616702079773,87,control
9,1764702,0.02153588366601804,0.01036011613905429,0.02958003136217715,0,0.566896915435791,87,control
12,1760640,0.02128011035873001,0.01016408950090408,0.02925220591917029,0,0.514768123626709,87,control
15,1776489,0.02128137096984845,0.01019817870110273,0.02937129265191775,0,0.5477128624916077,87,control
18,1771200,0.02139559609968586,0.01021586917340755,0.02946502941620755,0,0.5343884229660034,87,control
21,1811275,0.02118324340781856,0.01013121847063303,0.02917416033363794,0,0.6018474102020264,87,control
24,1787169,0.02108947805910689,0.01009745616465807,0.02897793525539624,0,0.5902136564254761,87,control
27,1778532,0.02132857349795283,0.01018553040921688,0.02935851935004364,0,0.7454280257225037,87,control
30,1818362,0.02121662967256266,0.01018666569143533,0.02916471243898232,0,0.5103011727333069,87,control
33,1800974,0.02121163033633149,0.01009854767471551,0.0292121138556902,0,0.600493848323822,87,control
36,1774103,0.02120804633126939,0.01014976296573877,0.02927387715248382,0,0.6129453182220459,87,control
39,1788750,0.02129455160183623,0.01019003521651029,0.02933808794270858,0,0.5028857588768005,87,control
42,1781384,0.02146707742931891,0.01022043451666832,0.02964082863686616,0,0.6546949148178101,87,control
45,1738100,0.02172584943735,0.01041232794523239,0.02983481729892633,0,0.566896915435791,87,control
48,1774175,0.02121503991605251,0.01014187838882207,0.02916582435453175,0,0.5103011727333069,87,control
0,741032,0.02139300885710916,0.01021051127463579,0.0293271399344287,0,0.4789689779281616,88,control
3,734193,0.0214048625443416,0.01024291198700666,0.02949483452442447,0,0.49621522426605225,88,control
6,746487,0.0218360000344991,0.01049431506544351,0.02999976611141597,0,0.566896915435791,88,control
9,749920,0.02158527914624044,0.01031945273280143,0.02969191756413939,0,0.4768790006637573,88,control
12,740154,0.02118667876182765,0.01015836931765079,0.02902381367075132,0,0.5866675972938538,88,control
15,724120,0.02121569593382052,0.0101181361824274,0.02912188911461631,0,0.5106523036956787,88,control
18,756851,0.02131947775175981,0.01018039416521787,0.02921042400989489,0,0.5334551334381104,88,control
21,725022,0.02122407560315081,0.01013091392815113,0.02912478824990138,0,0.5022333860397339,88,control
24,758640,0.02132694667426592,0.01011402159929275,0.02941701697085602,0,0.6546949148178101,88,control
27,740304,0.02152867720944365,0.01026368048042059,0.02972339995110196,0,0.646826446056366,88,control
30,736148,0.02159357820926737,0.01028365269303321,0.02980508733734366,0,0.566896915435791,88,control
33,737737,0.02146484064836358,0.01025302521884441,0.02962967268561701,0,0.5688398480415344,88,control
36,732735,0.02118181883862834,0.01011159271001815,0.02916007750425129,0,0.45210370421409607,88,control
39,742072,0.02110340707749465,0.01010505203157663,0.02909861056033732,0,0.6633915305137634,88,control
42,748104,0.02141056589040027,0.01024833600968122,0.02951464098013686,0,0.49621522426605225,88,control
45,749060,0.02141338949909168,0.0102332467213273,0.02946766299301021,0,0.45628929138183594,88,control
48,733502,0.02119002955499252,0.01008398830890655,0.02917190748924807,0,0.4748336672782898,88,control
0,2617875,0.02121421582111556,0.01015836931765079,0.0292320454788963,0,0.595234215259552,89,control
3,2611447,0.02121491309606697,0.01013434585183858,0.02921306716672145,0,0.8484119176864624,89,control
6,2598495,0.02169870509679247,0.01036895718425512,0.02987535922701817,0,0.5796167254447937,89,control
9,2633840,0.02164897665545858,0.01034765504300594,0.02978578397686013,0,0.7301731109619141,89,control
12,2589734,0.02113144801496721,0.01006779354065656,0.02913056136480991,0,0.6546949148178101,89,control
15,2540611,0.02133697716582305,0.01019003521651029,0.02930535976159662,0,0.5723670125007629,89,control
18,2595372,0.02144263284495625,0.01027808338403701,0.02947481273011355,0,0.6841755509376526,89,control
21,2598463,0.02136694207168125,0.01019817870110273,0.02938258150988774,0,0.6780120730400085,89,control
24,2599604,0.02130181912637725,0.01021746080368757,0.02925505883897433,0,0.5104839205741882,89,control
27,2585583,0.02126168481051667,0.0101113086566329,0.02923353558713721,0,0.6822298765182495,89,control
30,2574288,0.02141581390606906,0.01026090048253536,0.0293758662979168,0,0.5744583010673523,89,control
33,2614289,0.0211734906105839,0.01010571792721748,0.02914561081970107,0,0.5679126381874084,89,control
36,2649984,0.02133542925285254,0.01018039416521787,0.02936530362167167,0,0.6078379154205322,89,control
39,2582385,0.0212106982606612,0.01009680330753326,0.02921933047839701,0,0.566896915435791,89,control
42,2582049,0.02129338848794335,0.01016877964138984,0.02928714364307296,0,0.4811410903930664,89,control
45,2607969,0.02118361591099948,0.01010505203157663,0.02910249713394136,0,0.6075363755226135,89,control
48,2577390,0.02128826116320634,0.01018709596246481,0.0292320464012932,0,0.5089103579521179,89,control
0,744573,0.02103185467654965,0.0100437793880701,0.02899916110210769,0,0.4789689779281616,9,control
3,735635,0.02116256706948732,0.01017491333186626,0.02911309347437488,0,0.4643088579177856,9,control
6,769860,0.02156707604018344,0.01036724541336298,0.02978272563586819,0,0.566896915435791,9,control
9,762496,0.02111637569011382,0.01009745616465807,0.02911668609731594,0,0.6538751125335693,9,control
12,758385,0.02116529745705973,0.01011413894593715,0.02922003630856127,0,0.566896915435791,9,control
15,745500,0.02101975547927499,0.01005322579294443,0.02888014195107426,0,0.48736122250556946,9,control
18,767910,0.02148595820546159,0.01034491881728172,0.02943472828300842,0,0.4890928566455841,9,control
21,763707,0.02164222974596378,0.01040200237184763,0.02991269107842623,0,0.6592710614204407,9,control
24,764540,0.02123088231444494,0.01011834759265184,0.02929091464938221,0,0.5866675972938538,9,control
27,748490,0.02116502866744421,0.01016408950090408,0.02917442193003515,0,0.6841755509376526,9,control
30,779870,0.02157839393180911,0.01041232794523239,0.02960853162840477,0,0.566896915435791,9,control
33,739704,0.02145707711355481,0.01020899228751659,0.02980923095109994,0,0.8752163648605347,9,control
36,758541,0.021323658625455,0.01017491333186626,0.02948035095278419,0,0.490107923746109,9,control
39,749700,0.02148301414836912,0.010292649269104,0.02967120013150371,0,0.5827537775039673,9,control
42,735764,0.02164120858515156,0.01032501179724931,0.02988843255028161,0,0.6129453182220459,9,control
45,758960,0.02135740007267504,0.01019445154815912,0.02940975507417153,0,0.564775824546814,9,control
48,748980,0.02123066644567331,0.01013289298862218,0.02917187694268384,0,0.5065930485725403,9,control
0,1617884,0.02129729546593376,0.01018474344164133,0.02937290755478134,0,0.646826446056366,90,control
3,1614765,0.02116869260256828,0.01013091392815113,0.02911481922050365,0,0.540640115737915,90,control
6,1581150,0.0217521525347327,0.0104662450030446,0.02988775912974116,0,0.5265645980834961,90,control
9,1581286,0.02143979024815615,0.01026951801031828,0.02946856358727012,0,0.514768123626709,90,control
12,1593774,0.021650791250223,0.01036267355084419,0.02980541009567398,0,0.49621522426605225,90,control
15,1564965,0.02125488500672009,0.01014577597379684,0.02922293841497768,0,0.5983755588531494,90,control
18,1572032,0.02151962275643136,0.0103092361241579,0.02955414570823961,0,0.566896915435791,90,control
21,1616670,0.02109518822651888,0.01008729357272386,0.02906558332873437,0,0.5477128624916077,90,control
24,1600125,0.02116948598950046,0.0101206162944436,0.02915130992820677,0,0.566896915435791,90,control
27,1577460,0.02121059081806057,0.0101230964064598,0.02912711638826233,0,0.561063289642334,90,control
30,1598904,0.02156111443504363,0.01036625634878873,0.02963981636632438,0,0.5813720226287842,90,control
33,1616160,0.02140148583809027,0.01019109971821308,0.0295648256058612,0,0.5477128624916077,90,control
36,1596402,0.02118301789100322,0.01014187838882207,0.0291809245847146,0,0.7731090784072876,90,control
39,1602720,0.02122765029207727,0.0101826200261712,0.02923057000995154,0,0.5744583010673523,90,control
42,1590876,0.02126980582040907,0.0101961325854063,0.02932318267041062,0,0.5856459140777588,90,control
45,1607383,0.02129306911860005,0.0101961325854063,0.02934700399405759,0,0.5240172743797302,90,control
48,1553580,0.02128420740930318,0.01019033975899219,0.02925632974324779,0,0.5477128624916077,90,control
0,1159353,0.02109766286200975,0.0101065244525671,0.02900991119147175,0,0.566896915435791,91,control
3,1154340,0.0212556678610178,0.01018881052732467,0.02916701926935565,0,0.6546949148178101,91,control
6,1099960,0.02105913355590956,0.01007218286395073,0.02895027539222429,0,0.5477128624916077,91,control
9,1086734,0.02160864418150564,0.01036267355084419,0.02970874447243047,0,0.6841755509376526,91,control
12,1126726,0.02120780427610225,0.01014187838882207,0.0292780705770049,0,0.5089103579521179,91,control
15,1160766,0.02131436157511849,0.01023707911372184,0.02918421256676962,0,0.4789689779281616,91,control
18,1164240,0.02140380876695655,0.0102389482781291,0.02943525469559862,0,0.5482248663902283,91,control
21,1150250,0.02148175254271196,0.01032859366387128,0.02938699491063526,0,0.4832799732685089,91,control
24,1138048,0.02125138627894352,0.01014187838882207,0.02925199115651078,0,0.5385596752166748,91,control
27,1150200,0.02126541177998991,0.01017883140593767,0.02923401937365896,0,0.4733356833457947,91,control
30,1137150,0.02125564115241872,0.01016408950090408,0.02922409899730425,0,0.5395437479019165,91,control
33,1135218,0.02137834461359354,0.01021142024546861,0.02942808806486636,0,0.6841755509376526,91,control
36,1135050,0.02132350269754372,0.01020015683025121,0.02945138891630794,0,0.6767114400863647,91,control
39,1142640,0.02139196626592721,0.01025842409580946,0.02949933189263667,0,0.48736122250556946,91,control
42,1133864,0.02111892877343799,0.01009745616465807,0.02906100005707743,0,0.6841755509376526,91,control
45,1150236,0.02107607524634085,0.0101377060636878,0.02896364436187424,0,0.5983755588531494,91,control
48,1135456,0.02120312368561636,0.01012334041297435,0.02919889964961432,0,0.5065930485725403,91,control
0,8262330,0.02136410081834003,0.01015836931765079,0.03117758155124978,0,3.564744710922241,92,control
3,8170980,0.02148789408235493,0.01014187838882207,0.03795953943310085,0,11.199602127075195,92,control
6,8303030,0.02125590622734328,0.01015514507889747,0.02924410923982347,0,0.6638518571853638,92,control
9,8236864,0.02122630326467845,0.01013091392815113,0.02938324633477172,0,1.4795539379119873,92,control
12,8125344,0.02123734686544787,0.01013434585183858,0.02929063991864422,0,1.0272897481918335,92,control
15,8305803,0.02124959864518962,0.01015836931765079,0.02925933251913783,0,0.7513681054115295,92,control
18,8167995,0.02143841155505961,0.01027808338403701,0.02956605582289212,0,0.8327160477638245,92,control
21,8287965,0.02129809622040027,0.01019003521651029,0.02931933430545493,0,0.6944304704666138,92,control
24,8136714,0.0214441650621752,0.01014187838882207,0.03298418336266146,0,8.108118057250977,92,control
27,8222400,0.02137830644528039,0.01018553040921688,0.02988128387964912,0,2.724090099334717,92,control
30,8259827,0.02163230453277043,0.01019003521651029,0.0397577335509644,0,12.921966552734377,92,control
33,8176630,0.02141634318288373,0.01025426480919122,0.02954902040656765,0,0.8221907615661621,92,control
36,8236704,0.02299622762864579,0.01018492504954338,0.15280346781135168,0,54.33146667480469,92,control
39,8213667,0.02128814541737358,0.01014976296573877,0.02940938842837462,0,0.9769747257232666,92,control
42,8205330,0.02132272091982808,0.01017239224165678,0.02964976659500744,0,1.7326184511184692,92,control
45,8228220,0.02152819977080669,0.01019003521651029,0.03448053429096259,0,6.867981910705566,92,control
48,8113932,0.02139882983045105,0.01017491333186626,0.030789635140199,0,3.556962490081787,92,control
0,377549,0.02137516853041375,0.01022590510547161,0.02936340538537401,0,0.5813720226287842,93,control
3,363906,0.02160876117954593,0.01031966228038072,0.02995017990280681,0,0.4138359129428863,93,control
6,362500,0.02161345148368345,0.01037773583084344,0.02969684242636219,0,0.5744583010673523,93,control
9,362406,0.02162000639087944,0.01030264981091022,0.03000804034290566,0,0.6129453182220459,93,control
12,371334,0.020936421053244222,0.01008236035704612,0.02869394368011912,0,0.5482248663902283,93,control
15,366752,0.02121634382862612,0.01022936590015888,0.02899335619676913,0,0.564775824546814,93,control
18,357782,0.02200165693639111,0.01050265505909919,0.0307291148022345,0,0.6129453182220459,93,control
21,375328,0.0215810087813826,0.01037773583084344,0.02965541638292482,0,0.5434810519218445,93,control
24,382910,0.02112689451081607,0.0101065244525671,0.02915357215102894,0,0.4543561339378357,93,control
27,351360,0.02102521342138302,0.01005337014794349,0.02875624040977432,0,0.566896915435791,93,control
30,360000,0.02183918024735873,0.01046456955373287,0.02996409662338614,0,0.4691268801689148,93,control
33,356454,0.02100453128461215,0.00995714403688907,0.02898705161137907,0,0.49621522426605225,93,control
36,363750,0.02119754297580858,0.01014976296573877,0.02912935920395765,0,0.46732160449028015,93,control
39,360760,0.02118245112507489,0.01005322579294443,0.0291771934125271,0,0.4318643808364868,93,control
42,367011,0.02131674213177884,0.0102678183466196,0.02939245247230512,0,0.5331023931503296,93,control
45,353664,0.0213712909735547,0.01027808338403701,0.02926124061382069,0,0.564079761505127,93,control
48,351453,0.02160569509611254,0.01032442972064018,0.02986903655669165,0,0.4789689779281616,93,control
0,5497155,0.02126743739474506,0.01016987022012472,0.02940373984176907,0,1.073771357536316,94,control
3,5505909,0.0213916682268292,0.01019109971821308,0.02948158363543391,0,0.6841755509376526,94,control
6,5500840,0.02266163496073198,0.01021586917340755,0.10790976757958108,0,38.29400634765625,94,control
9,5498752,0.02153638628556344,0.01020899228751659,0.03259010101882154,0,4.864076614379883,94,control
12,5585829,0.02141383140792952,0.01014187838882207,0.0306724853728124,0,2.8859310150146484,94,control
15,5563200,0.02143428807602774,0.01023655012249946,0.02973030433332174,0,1.17591655254364,94,control
18,5486055,0.02131201502925131,0.01017220877110958,0.02943602503980348,0,0.727810263633728,94,control
21,5514748,0.02164626630274413,0.01029415894299745,0.03107422296589457,0,2.579209089279175,94,control
24,5432140,0.0217089573758078,0.01035134866833686,0.030118087364495,0,1.2726179361343384,94,control
27,5545624,0.02149421873463381,0.01019842736423015,0.03072271139031859,0,2.8094992637634277,94,control
30,5577390,0.02138107385766277,0.01020899228751659,0.02961449418563857,0,1.2880140542984009,94,control
33,5480270,0.02151651270670887,0.01019388809800148,0.03190262090404137,0,4.098325252532959,94,control
36,5523546,0.02127608724184353,0.01015836931765079,0.02932336368431082,0,0.6894649863243103,94,control
39,5487022,0.02198795517258998,0.010198924690485,0.05577331780406113,0,13.160326957702637,94,control
42,5472538,0.02367222096351296,0.01022590510547161,0.1854630305644946,0,52.96178436279297,94,control
45,5509968,0.02118692279024906,0.01011506933718919,0.02922175522383445,0,0.8918223977088928,94,control
48,5531568,0.02127333429716597,0.01010505203157663,0.02996770854672842,0,2.1417672634124756,94,control
0,2216977,0.02155710163504583,0.01029190607368946,0.03077358221675026,0,2.3894426822662354,95,control
3,2199280,0.02140121810027328,0.01018809527158737,0.02976635121020475,0,1.8146895170211792,95,control
6,2154828,0.02118410544999328,0.01008074451237917,0.02971634159488595,0,2.0138278007507324,95,control
9,2206158,0.02202044831546387,0.0103092361241579,0.04661832141613137,0,8.92485237121582,95,control
12,2207940,0.02126198346250021,0.01009680330753326,0.03178115147843315,0,3.481451988220215,95,control
15,2186957,0.02143848870915431,0.01023594196885824,0.02958736139563128,0,0.7157772183418274,95,control
18,2202112,0.02149008934414355,0.01026951801031828,0.02967903218001307,0,0.6153317093849182,95,control
21,2187341,0.02148453595962224,0.01022556331008672,0.03022906228997256,0,2.0019302368164062,95,control
24,2181525,0.02304946830131429,0.01013091392815113,0.1279990573412748,0,31.569072723388672,95,control
27,2173280,0.02123417152632862,0.01015533600002527,0.02920349897081142,0,0.7454280257225037,95,control
30,2197696,0.02185667134951989,0.01046247407793998,0.03038456877290581,0,2.0468878746032715,95,control
33,2202087,0.02175135066636992,0.010303795337677,0.0335608717190903,0,3.616448640823364,95,control
36,2203500,0.02137026395398256,0.01018474344164133,0.0295189711140091,0,0.6684657335281372,95,control
39,2161990,0.02219101734813315,0.01016408950090408,0.05948323711617602,0,41.428924560546875,95,control
42,2191574,0.02139131817193364,0.01021142024546861,0.02945788086103774,0,0.7381911873817444,95,control
45,2191670,0.02209878646736115,0.01028176397085189,0.04493387328327771,0,7.539891719818115,95,control
48,2206368,0.02130329687693509,0.01010599080473184,0.03078820542999065,0,2.379960775375366,95,control
0,3477467,0.02126362227362661,0.01013870444148779,0.02935694394046327,0,1.0450252294540403,96,control
3,3479147,0.02133651928481232,0.01019817870110273,0.02960888965820989,0,1.5655100345611572,96,control
6,3455256,0.02316307613286808,0.01034922525286674,0.12106874506299006,0,35.83156967163086,96,control
9,3426646,0.02164669475927868,0.01030702888965606,0.03013986794539145,0,1.7938227653503418,96,control
12,3508596,0.02126732774431966,0.01014187838882207,0.02931235530554912,0,0.6841755509376526,96,control
15,3501180,0.02230759857702839,0.01018039416521787,0.0844106329764969,0,21.84804916381836,96,control
18,3510432,0.02179161095856148,0.01029190607368946,0.0372840080365514,0,8.273297309875488,96,control
21,3567165,0.02137032205397702,0.01018039416521787,0.02967242451886903,0,1.9121079444885256,96,control
24,3524675,0.02141122463668014,0.01019817870110273,0.03016412483776057,0,1.675298094749451,96,control
27,3490952,0.02135069273356113,0.01021142024546861,0.02943061182297967,0,0.8341569304466248,96,control
30,3483664,0.02130860042497127,0.01018039416521787,0.02940567301655579,0,0.6841755509376526,96,control
33,3435552,0.02119573564859224,0.0101256426423788,0.02918884320492384,0,0.61491459608078,96,control
36,3497210,0.02731834368995471,0.01009680330753326,0.4567158919614981,0,154.9770965576172,96,control
39,3494691,0.021521366819295,0.01028176397085189,0.02969460628879955,0,0.7459235191345215,96,control
42,3533418,0.0215674797687479,0.0103092361241579,0.02971090788948476,0,0.7843804955482483,96,control
45,3453945,0.02191270491096444,0.01035045180469751,0.03546783217022618,0,4.22578239440918,96,control
48,3514335,0.02129786929871085,0.01019616983830928,0.02979481792009508,0,1.829940676689148,96,control
0,3670615,0.02119869187141999,0.01014577597379684,0.0291815568844422,0,0.9280519485473632,97,control
3,3564519,0.02126172068900474,0.01013919059187173,0.02925924491380078,0,0.5679126381874084,97,control
6,3509010,0.02135827111315829,0.01019817870110273,0.02935190549472034,0,0.7454280257225037,97,control
9,3586912,0.02135008719966538,0.01019542198628187,0.02941290369878244,0,0.5679451823234558,97,control
12,3636325,0.02128411034798437,0.01018881052732467,0.02938050340724132,0,0.6841755509376526,97,control
15,3585132,0.02112039697820529,0.01010505203157663,0.02908280435637955,0,0.6841755509376526,97,control
18,3634040,0.02123817857558586,0.0101892789825797,0.02926410192276358,0,0.5983755588531494,97,control
21,3562150,0.02127753315037107,0.01014972385019064,0.02929726123009942,0,0.5983755588531494,97,control
24,3598560,0.02125857323997318,0.01013121847063303,0.02925553423957348,0,0.6432874202728271,97,control
27,3523128,0.02119354948225155,0.01013091392815113,0.02915325684448927,0,0.6129453182220459,97,control
30,3581526,0.0212956506816301,0.01016939245164394,0.02931257967643106,0,0.6959400177001953,97,control
33,3549440,0.02120287426970397,0.01009745616465807,0.02923122085237648,0,0.8202835321426392,97,control
36,3587211,0.02127904120520062,0.01014599576592445,0.02931311749167222,0,0.5796167254447937,97,control
39,3547560,0.02112037064109306,0.01009745616465807,0.02909957274886495,0,0.6013466715812683,97,control
42,3567880,0.02136449624229737,0.0101838894188404,0.029412206382937012,0,0.6073858141899109,97,control
45,3590584,0.02132122115667565,0.01020899228751659,0.0293909686148208,0,0.6280452013015747,97,control
48,3547570,0.02413083943867708,0.0101961325854063,0.20079104489386856,0,53.122520446777344,97,control
0,5385360,0.02129659195053081,0.01018039416521787,0.02941831430458318,0,1.143624782562256,98,control
3,5297179,0.02201917956128409,0.01018039416521787,0.0669871446118376,0,21.524234771728516,98,control
6,5315955,0.02130935406299271,0.01018492504954338,0.029381952059443,0,0.7888127565383911,98,control
9,5381376,0.02138305153022346,0.01021142024546861,0.02994611378969708,0,2.168087959289551,98,control
12,5373090,0.02126515855028931,0.01018039416521787,0.02934058149833418,0,0.760744035243988,98,control
15,5285894,0.02136844589624275,0.01021301560103893,0.02947848256012914,0,0.8669259548187256,98,control
18,5295642,0.02141024100956006,0.01021349430084228,0.02991224507355194,0,2.17038631439209,98,control
21,5248197,0.02136606830354447,0.01018039416521787,0.02963969862742721,0,1.1325887441635132,98,control
24,5275680,0.0212738808980211,0.01013091392815113,0.03038124228047182,0,3.0849485397338867,98,control
27,5315787,0.02131528633238695,0.01017153263092041,0.02996922201596689,0,2.1958718299865723,98,control
30,5380879,0.02132106077610842,0.01020899228751659,0.02935755703605299,0,0.6707680821418762,98,control
33,5313438,0.02150944898286428,0.0103092361241579,0.02964337653212728,0,0.5931125283241272,98,control
36,5282376,0.02147349557368292,0.01018666569143533,0.03163472839305532,0,4.261456489562988,98,control
39,5270592,0.02120599250351373,0.01012726407498121,0.02918742359332417,0,0.7368083000183105,98,control
42,5354048,0.02123152062120709,0.01015533600002527,0.0293252200719684,0,0.99296373128891,98,control
45,5233500,0.0213290083689989,0.01019019726663827,0.02951667551533773,0,1.1791267395019531,98,control
48,5320774,0.0214043322527992,0.0102769611403346,0.02943571041529104,0,0.6841755509376526,98,control
0,1314372,0.02134823460545723,0.01022424083203077,0.02944599057421293,0,0.5744583010673523,99,control
3,1321110,0.02149267405866156,0.01029190607368946,0.02971497098331219,0,0.7842600345611572,99,control
6,1289054,0.02151713838537923,0.01035581622272729,0.02954730943570361,0,0.5301576256752014,99,control
9,1299200,0.02130911690278992,0.01019817870110273,0.02936284424916728,0,0.5467590093612671,99,control
12,1280983,0.02129846721540755,0.01019817870110273,0.02930082601869429,0,0.5744583010673523,99,control
15,1268912,0.02169605637658435,0.01027532387524843,0.03590628768382512,0,3.702161073684693,99,control
18,1254396,0.02125019993634374,0.01019109971821308,0.02920723643667192,0,0.48736122250556946,99,control
21,1260000,0.02130750474288218,0.01017220877110958,0.02933137459817626,0,0.646826446056366,99,control
24,1300500,0.02134915830279994,0.01013091392815113,0.03005719011080487,0,1.6642543077468872,99,control
27,1293904,0.02135524763623886,0.01028499472886324,0.02935156085975762,0,0.5477128624916077,99,control
30,1274592,0.02113858715629308,0.01009680330753326,0.02914827285058269,0,0.5535022020339966,99,control
33,1296140,0.02124582865546186,0.01014187838882207,0.02940860622326719,0,0.566896915435791,99,control
36,1275638,0.02259021507075728,0.01028281450271606,0.07236998774544562,0,12.066818237304688,99,control
39,1280220,0.02129911573074882,0.01022658124566078,0.02933920006218189,0,0.5265645980834961,99,control
42,1261113,0.02131962254160134,0.01025294139981269,0.02939996064166982,0,0.514768123626709,99,control
45,1267827,0.02154007497545798,0.01031866949051618,0.0298886624337005,0,1.1275228261947632,99,control
48,1272335,0.02109500821898845,0.01009745616465807,0.02914528409981679,0,0.5983755588531494,99,control
0,5171529,0.02101479900636979,0.01004338730126619,0.02892741914455894,0,0.625591516494751,1,intervention
3,5121207,0.02137720767115469,0.01026722509413957,0.02930432191758823,0,0.566896915435791,1,intervention
6,5087632,0.02240603346805915,0.01073954906314611,0.03072618878242747,0,0.600493848323822,1,intervention
9,5077514,0.02135235162473279,0.01022786926478147,0.02946590632122898,0,0.7221360802650452,1,intervention
12,5064282,0.02132298655243886,0.01019019726663827,0.02936762044420032,0,0.5873621106147766,1,intervention
15,5086390,0.02132128129045046,0.01018474344164133,0.02946328936500637,0,0.7482098937034607,1,intervention
18,5122096,0.02209263379489991,0.01048172265291214,0.03423927316109543,0,5.733712673187256,1,intervention
21,5116944,0.02267742805009265,0.01098230853676796,0.03123600051087111,0,0.6612520217895508,1,intervention
24,5090454,0.02113934710883277,0.01009821519255638,0.02914434053124591,0,0.5812798142433167,1,intervention
27,5054088,0.02150910431076343,0.01029190607368946,0.02956444215948635,0,0.6748512983322144,1,intervention
30,5158556,0.02153768236068306,0.01029415894299745,0.02977590607990894,0,0.59593266248703,1,intervention
33,5038488,0.02189851438622411,0.01049384661018848,0.03014518421979296,0,0.8484119176864624,1,intervention
36,5079624,0.0212564482758153,0.01016669906675815,0.02931571035402177,0,0.6841755509376526,1,intervention
39,5096991,0.02131138928899278,0.01020199060440063,0.02932315559431629,0,0.9035035967826844,1,intervention
42,5207864,0.02162118385194908,0.01041232794523239,0.02979947236910977,0,0.6925321817398071,1,intervention
45,5142432,0.02130235681826887,0.01018039416521787,0.03017432941804771,0,2.6127583980560303,1,intervention
48,5024550,0.02129575821930996,0.01017220877110958,0.02931756107728085,0,0.8996964693069458,1,intervention
0,243411,0.02085877058140737,0.00983740203082561,0.02871142858908327,0,0.46678024530410767,10,intervention
3,247632,0.02166495496871087,0.01023568026721477,0.02988982135270505,0,0.5227924585342407,10,intervention
6,239778,0.0239585604638287,0.01181177515536546,0.03223710714449294,0,0.5434810519218445,10,intervention
9,271584,0.02435705379936876,0.01181868091225624,0.03334339489608918,0,0.5719663500785828,10,intervention
12,264887,0.02226681902482278,0.01066133845597505,0.03061285936294447,0,0.5836429595947266,10,intervention
15,263472,0.02100433351308688,0.00990932248532772,0.02935554873429747,0,0.7268444299697876,10,intervention
18,263588,0.02429150969235464,0.0115546565502882,0.03420211012899448,0,1.018773078918457,10,intervention
21,284878,0.02486001243408847,0.01194102875888347,0.03444084843681348,0,0.6490405201911926,10,intervention
24,287693,0.02138205291312476,0.01036625634878873,0.02943579944537339,0,0.4643088579177856,10,intervention
27,271092,0.02230488384497109,0.01061297953128814,0.03057711744995477,0,0.5136807560920715,10,intervention
30,277264,0.02433835001295315,0.01170527469366788,0.03381441866992629,0,0.6416125297546387,10,intervention
33,286972,0.02372939375793314,0.01146662607789039,0.0328111578270592,0,0.5035660266876221,10,intervention
36,267344,0.02119073579387917,0.01011830847710371,0.02907738772294539,0,0.41429072618484497,10,intervention
39,272853,0.02129750116351735,0.01014187838882207,0.02940247304130883,0,0.46277013421058655,10,intervention
42,279040,0.02198866396665755,0.01050586812198162,0.03034613781901699,0,0.4789689779281616,10,intervention
45,266848,0.02165681896850395,0.01038636267185211,0.02984099518969265,0,0.564775824546814,10,intervention
48,272626,0.02110987507536325,0.01008047256618738,0.02952601096975876,0,0.7809332013130188,10,intervention
0,469854,0.02127367214005157,0.01014187838882207,0.02912011310953588,0,0.496713250875473,100,intervention
3,440122,0.02239189868984189,0.01086030155420303,0.03075743091632531,0,0.4789689779281616,100,intervention
6,471276,0.02304837132866109,0.01128216832876205,0.03113544226900769,0,0.45603105425834656,100,intervention
9,469910,0.02413981532292588,0.01158973760902881,0.03307591591405205,0,0.6841755509376526,100,intervention
12,478062,0.02047288901826242,0.00975720211863517,0.02819669692990713,0,0.38138946890830994,100,intervention
15,490280,0.02216513354102249,0.01062782667577266,0.03052801642409152,0,0.4789689779281616,100,intervention
18,484806,0.02561352457209585,0.01236171461641788,0.03531146515522172,0,0.6633915305137634,100,intervention
21,485773,0.02189035087927278,0.01043842453509569,0.0303119509162306,0,0.4748336672782898,100,intervention
24,501215,0.0216402970901249,0.01028499472886324,0.02985961011881494,0,0.45603105425834656,100,intervention
27,488376,0.02189160733743554,0.01045439206063747,0.03024704878364079,0,0.5679451823234558,100,intervention
30,516672,0.0230408771537622,0.01115763932466507,0.03162122793472889,0,0.566896915435791,100,intervention
33,498834,0.02361591503357427,0.01131582632660865,0.0324358331210151,0,0.5281179547309875,100,intervention
36,510750,0.02146865904946036,0.01026951801031828,0.02962068075150593,0,0.5008650422096252,100,intervention
39,507000,0.02097044320688723,0.00995431933552026,0.02885867797151115,0,0.4543561339378357,100,intervention
42,499273,0.02157589935139568,0.0103092361241579,0.02962380401467866,0,0.5131701231002808,100,intervention
45,514848,0.02158365189874889,0.01031334605067968,0.02967626971258464,0,0.5000514984130859,100,intervention
48,515124,0.02135610063370105,0.01020180433988571,0.02927219384966926,0,0.5688398480415344,100,intervention
0,3825612,0.02133762525505179,0.01020399667322635,0.02930392142897189,0,0.6009652614593506,101,intervention
3,3896532,0.02155315161677457,0.01029190607368946,0.02981531505183514,0,0.6571735143661499,101,intervention
6,3932285,0.02291221777803668,0.01100691873580217,0.03157451480917821,0,0.6490405201911926,101,intervention
9,3923205,0.02196709118966747,0.01049819868057966,0.03044554575428242,0,1.1746498346328735,101,intervention
12,3912480,0.02160544474885334,0.01030689291656017,0.02988451689867279,0,0.5334551334381104,101,intervention
15,3977274,0.02178614811690705,0.01048323512077331,0.02996637671812194,0,0.7815737724304199,101,intervention
18,3857247,0.02200659494731604,0.01052353717386722,0.03022689857881236,0,0.6841755509376526,101,intervention
21,3920279,0.02243203640220418,0.01076949667185545,0.03114599281954379,0,0.8310558199882507,101,intervention
24,3845121,0.02133291007853312,0.0101838894188404,0.02937397720574416,0,0.7053439617156982,101,intervention
27,3863190,0.02146507475877235,0.01029190607368946,0.02950592475478751,0,0.6841755509376526,101,intervention
30,3928288,0.02206181558251173,0.01060264185070991,0.03033972850116796,0,0.6841755509376526,101,intervention
33,3876705,0.02227062320440419,0.01066233031451702,0.03070129213252726,0,0.6841755509376526,101,intervention
36,3925586,0.02182446387327433,0.0101961325854063,0.0454794232536056,0,10.892656326293944,101,intervention
39,3831534,0.02129797397759525,0.01018039416521787,0.0293708202694445,0,0.7454280257225037,101,intervention
42,3942180,0.02136106139421088,0.01024291198700666,0.02945070143538155,0,0.8129153251647949,101,intervention
45,3944075,0.02144218318907316,0.01028378121554851,0.0296205079647992,0,0.8936594128608704,101,intervention
48,3920175,0.02170585168702377,0.01035778131335973,0.03230511454798873,0,3.388654947280884,101,intervention
0,585081,0.02084893649679107,0.00993978139013052,0.02944181651116802,0,1.293329834938049,102,intervention
3,558744,0.02148453911639607,0.01014415733516216,0.02954770746233057,0,0.5744583010673523,102,intervention
6,581808,0.02266848641296338,0.01091579161584377,0.03105474392806316,0,0.5679451823234558,102,intervention
9,554976,0.0239918982174282,0.01147046126425266,0.0330998141347745,0,0.5732651948928833,102,intervention
12,571340,0.02104512964900189,0.01000309363007545,0.03026726188273352,0,1.8626132011413576,102,intervention
15,567580,0.02246808406597908,0.01048467773944139,0.03893525348392451,0,3.992711067199707,102,intervention
18,578018,0.02500491886100184,0.01203544344753027,0.03521956441427307,0,1.4434694051742554,102,intervention
21,598282,0.02372264037669087,0.01145847234874963,0.03266723758828417,0,0.6287680268287659,102,intervention
24,594437,0.02185467072111794,0.01048462092876434,0.02990532759859861,0,0.4515405595302582,102,intervention
27,601394,0.02166543438623963,0.01041232794523239,0.02979369399958571,0,0.6111524701118469,102,intervention
30,598212,0.02513521211670865,0.01227471604943275,0.0346092958274331,0,0.6009652614593506,102,intervention
33,598260,0.02357411038411073,0.01134040113538503,0.03268952911990317,0,0.8376610279083252,102,intervention
36,621690,0.02153524143172948,0.01014187838882207,0.03153859365159136,0,1.7379308938980105,102,intervention
39,600456,0.03098745621742081,0.01034069061279296,0.4591562073325594,0,78.783111572265625,102,intervention
42,613085,0.02173385275732664,0.010450329631567,0.02983273171830094,0,0.566896915435791,102,intervention
45,592128,0.02168756010548463,0.01031966228038072,0.03134964073171251,0,1.5857917070388794,102,intervention
48,609936,0.02099941791580357,0.01000436302274465,0.02896343877663278,0,0.49621522426605225,102,intervention
0,10074272,0.02145663330022842,0.01021051127463579,0.02972549516593745,0,1.4421643018722534,103,intervention
3,10190934,0.02132465787880681,0.01018039416521787,0.02942371037350524,0,0.9780818819999696,103,intervention
6,10114524,0.02223832325192939,0.01064065936952829,0.0314236168083264,0,3.769430637359619,103,intervention
9,10067796,0.02203113234504729,0.01056308951228857,0.03039382205911938,0,1.0027744770050049,103,intervention
12,10136956,0.02111316693631792,0.01011834759265184,0.02952488095236712,0,2.36027455329895,103,intervention
15,9952344,0.02134852724406869,0.01022313255816698,0.02944686585668157,0,0.818318784236908,103,intervention
18,10172260,0.0216642481035594,0.01040614768862724,0.03003351560606478,0,1.7485777139663696,103,intervention
21,10139480,0.02208390753087915,0.01060715317726135,0.03041819892595238,0,1.1300395727157593,103,intervention
24,10255250,0.02516486485419465,0.01021746080368757,0.3771730178177303,0,217.9359130859375,103,intervention
27,10073790,0.02113514107668871,0.01009680330753326,0.02910164261381045,0,0.8817692995071411,103,intervention
30,10063704,0.02149730980746628,0.01030199322849512,0.02965438612565935,0,0.6767114400863647,103,intervention
33,10131089,0.02241753107706773,0.01073435880243778,0.03091936159815627,0,0.656755268573761,103,intervention
36,10108164,0.02125399699447935,0.01013870444148779,0.02929388767951276,0,0.7748263478279114,103,intervention
39,10212652,0.02124927409940501,0.01015836931765079,0.02928139600043177,0,0.9829904437065125,103,intervention
42,10119080,0.02123718558457608,0.01010905671864748,0.02926982413176384,0,0.7551798224449158,103,intervention
45,10229410,0.02134967662275786,0.0101961325854063,0.02950625527283933,0,0.995225727558136,103,intervention
48,10073600,0.02121043048071103,0.01013091392815113,0.02937528987150699,0,1.7422083616256714,103,intervention
0,977000,0.02257160310341179,0.01083448622375726,0.03093098159613477,0,0.4496232569217682,104,intervention
3,951594,0.02229661139957927,0.01068979129195213,0.03053744959998926,0,0.49813130497932434,104,intervention
6,976320,0.02272358138386655,0.01093693729490041,0.03122137553257097,0,0.6009652614593506,104,intervention
9,1001601,0.02214026453581379,0.01065963134169578,0.0302560350691223,0,0.5813720226287842,104,intervention
12,1005945,0.02266758246069521,0.01078790612518787,0.03141782473581298,0,0.5385596752166748,104,intervention
15,994950,0.02160046726957032,0.01038144156336784,0.02968965645976677,0,0.566896915435791,104,intervention
18,1020000,0.02337974678655311,0.01128134410828352,0.0321817039003533,0,0.6546949148178101,104,intervention
21,1001997,0.02334576690475591,0.01128436252474784,0.0321737769627364,0,0.5237836241722107,104,intervention
24,1007967,0.02126119223553623,0.0101961325854063,0.02923778724182245,0,0.5065930485725403,104,intervention
27,1021000,0.0216689673809662,0.01043082028627395,0.02980077315163422,0,0.5744583010673523,104,intervention
30,995000,0.02348731819000379,0.01128707639873027,0.03244126554918052,0,0.566896915435791,104,intervention
33,1021104,0.02278678608260174,0.01101392973214387,0.0314627927568965,0,0.646826446056366,104,intervention
36,988874,0.02142184849675674,0.01018039416521787,0.02950174442442813,0,0.6178317070007324,104,intervention
39,1009881,0.02114348811328871,0.01009680330753326,0.0291051674328756,0,0.49621522426605225,104,intervention
42,985905,0.02129589639423,0.01017417944967746,0.02930892940580783,0,0.5150874257087708,104,intervention
45,1026168,0.02123922682139387,0.01014577597379684,0.02928271400910011,0,0.646826446056366,104,intervention
48,1022922,0.02138741952229872,0.0102657014504075,0.02944511346429609,0,0.5482248663902283,104,intervention
0,941880,0.02278990309342389,0.01101208012551069,0.03190979833218331,0,1.2439303398132324,105,intervention
3,894187,0.02195493299022742,0.01032442972064018,0.03227349646635765,0,2.4295432567596436,105,intervention
6,934920,0.02413647229389672,0.0116244712844491,0.0334886507881903,0,0.9360381364822388,105,intervention
9,943559,0.02310466226754715,0.01110247056931257,0.032010068649181767,0,0.8932144045829773,105,intervention
12,951132,0.02174481952537318,0.01040582451969385,0.02995539667217971,0,0.641978919506073,105,intervention
15,938448,0.02249862473330738,0.01086044870316982,0.03154604603665588,0,1.478725552558899,105,intervention
18,917390,0.02289161201754918,0.01094322837889194,0.03161758478587229,0,0.8381975889205933,105,intervention
21,924000,0.02338015226157117,0.01123073045164346,0.03353670667631903,0,1.94866406917572,105,intervention
24,951055,0.02153663290739307,0.01032575592398643,0.02968411988043424,0,0.5065930485725403,105,intervention
27,944634,0.02235809148592625,0.01065710838884115,0.03078840122248697,0,0.6129453182220459,105,intervention
30,942622,0.02380519190536735,0.0115823857486248,0.0335508845753967,0,1.8181636333465576,105,intervention
33,961632,0.02446587358712277,0.01189286913722753,0.03375867362059041,0,0.7396953701972961,105,intervention
36,959244,0.02115717408332685,0.01006648875772953,0.02915822782160653,0,0.566896915435791,105,intervention
39,955126,0.02116565501718272,0.01009376905858516,0.02923407764055549,0,0.5679451823234558,105,intervention
42,952430,0.02128521136441813,0.01018565986305475,0.02940805360468284,0,0.5150874257087708,105,intervention
45,938964,0.02118369692850383,0.01009680330753326,0.02919602663929597,0,0.8484119176864624,105,intervention
48,953688,0.02115797706336722,0.01009082794189453,0.02919509427524451,0,0.5477128624916077,105,intervention
0,8477904,0.02141740886100536,0.01024425867944955,0.02942803204694624,0,0.7047830820083618,106,intervention
3,8614842,0.02144682256050748,0.01021051127463579,0.02966393260003362,0,1.690070867538452,106,intervention
6,8537232,0.02173274939458436,0.01041570212692022,0.02992917724615035,0,1.387157320976257,106,intervention
9,8628228,0.02195919531192597,0.01051233522593975,0.0303261903346052,0,0.6857874393463135,106,intervention
12,8422656,0.02124727900998176,0.01013176795095205,0.0292242305809556,0,0.566896915435791,106,intervention
15,8557262,0.02116080458093526,0.01012286450713872,0.02913524036249639,0,0.7551798224449158,106,intervention
18,8529016,0.02163235913250785,0.01033952366560697,0.02984135808899078,0,0.5866675972938538,106,intervention
21,8561553,0.02182255952944622,0.01045439206063747,0.03005363590274961,0,0.6841755509376526,106,intervention
24,8583540,0.02123928671565582,0.01018039416521787,0.02932082568694035,0,1.042704463005066,106,intervention
27,8552412,0.02134208649021553,0.01018474344164133,0.02970769975989426,0,1.4588831663131714,106,intervention
30,8445330,0.0218672505028468,0.01048954296857118,0.0301255350748958,0,0.6841755509376526,106,intervention
33,8429048,0.0218002769993038,0.01043082028627395,0.02997096692208047,0,0.6613544821739197,106,intervention
36,8646900,0.02127219148074148,0.01017600391060113,0.02931652163374131,0,0.9403637647628784,106,intervention
39,8579640,0.02117954214073753,0.01011159271001815,0.02920828015875557,0,0.8261731863021851,106,intervention
42,8575072,0.02122933237605255,0.01014187838882207,0.02932632074281482,0,1.1233421564102173,106,intervention
45,8542887,0.02123640686313237,0.01012071222066879,0.02929572891971463,0,0.7728534936904907,106,intervention
48,8676836,0.02123017502546328,0.01015673950314521,0.02926574606003173,0,0.8421003222465515,106,intervention
0,1170720,0.020804370058133,0.00997396651655435,0.02877206187795586,0,0.8641863465309143,107,intervention
3,1147037,0.02086205177089375,0.00992700736969709,0.02884307423320599,0,0.8124626874923706,107,intervention
6,1180350,0.02327106003758161,0.01114889979362487,0.03210649916518687,0,0.606347382068634,107,intervention
9,1134000,0.02305797314415635,0.01104374881833791,0.03273189771152726,0,1.541332483291626,107,intervention
12,1239870,0.02092063290958524,0.00996939279139041,0.02917984913212019,0,0.9564861059188844,107,intervention
15,1204416,0.02155450941821082,0.01026349235326051,0.03079253062225915,0,2.140716314315796,107,intervention
18,1220625,0.02428348679404225,0.01183059904724359,0.03345879145479405,0,0.646826446056366,107,intervention
21,1223010,0.0218536314186751,0.01043082028627395,0.03038186668613391,0,0.9503951072692872,107,intervention
24,1196787,0.02090092219930546,0.00994334742426872,0.03033992297951298,0,1.9964666366577148,107,intervention
27,1212840,0.02160712829430096,0.01027748547494411,0.03105597264067642,0,1.8676080703735352,107,intervention
30,1187844,0.02262016923306768,0.01080025546252727,0.03126349895993875,0,0.7338987588882446,107,intervention
33,1215984,0.02275973368163991,0.01100741699337959,0.03129706786386915,0,0.566896915435791,107,intervention
36,1207017,0.02144627912530666,0.01025223731994628,0.02961665853926109,0,0.5744583010673523,107,intervention
39,1241870,0.02127034842282559,0.01023045368492603,0.02927013787518913,0,0.566896915435791,107,intervention
42,1254076,0.021180244531072,0.01013671047985553,0.02906723644533155,0,0.5744583010673523,107,intervention
45,1243834,0.0212395030880943,0.01009745616465807,0.02927907694063327,0,0.49621522426605225,107,intervention
48,1255514,0.02141965136276426,0.01021051127463579,0.02961764256688217,0,0.6481953263282776,107,intervention
0,1656269,0.02250665827963973,0.01078012026846408,0.03093238471020393,0,0.6876628994941711,108,intervention
3,1726155,0.02159272359159024,0.01027808338403701,0.02990926885212291,0,0.6841755509376526,108,intervention
6,1634520,0.02174409413304256,0.01034765504300594,0.02998090217084907,0,0.5679451823234558,108,intervention
9,1717138,0.02295991095261281,0.0110121825709939,0.03180223358588113,0,0.955002784729004,108,intervention
12,1717030,0.02103525607388534,0.01006405521184206,0.0290000257402277,0,0.6073858141899109,108,intervention
15,1700127,0.02155002825878951,0.01029190607368946,0.02976951846965236,0,0.6679729223251343,108,intervention
18,1729225,0.02102091557240669,0.01009680330753326,0.02888576172132484,0,0.6841755509376526,108,intervention
21,1719570,0.02231186411390735,0.01074666902422905,0.03077133542338122,0,0.7551798224449158,108,intervention
24,1790180,0.02129149959940852,0.01025346666574478,0.02933881416848192,0,0.6841755509376526,108,intervention
27,1708245,0.02108385633693469,0.01007228437811136,0.02901701696831445,0,0.5434810519218445,108,intervention
30,1708053,0.02210424247808119,0.01053787395358085,0.03200540379724751,0,3.52758526802063,108,intervention
33,1709484,0.02274993680937653,0.01090226043015718,0.03153717191115866,0,1.1152656078338623,108,intervention
36,1731280,0.02134476255243867,0.01017220877110958,0.02950289382719361,0,0.6018474102020264,108,intervention
39,1735674,0.0213741582745012,0.01017354428768158,0.03148369895437934,0,2.426870822906494,108,intervention
42,1701720,0.02135046265704281,0.01020899228751659,0.02943336710663753,0,0.5919857621192932,108,intervention
45,1758051,0.02158044063370052,0.01035480108112096,0.0296425226694272,0,0.566896915435791,108,intervention
48,1763223,0.02140467960068725,0.01025635842233896,0.0295200760346753,0,0.5983755588531494,108,intervention
0,1010688,0.02139609011440419,0.01029190607368946,0.02931020717757558,0,0.5737672448158264,109,intervention
3,1011972,0.02098641324894332,0.01009082794189453,0.02888598079519812,0,0.5744583010673523,109,intervention
6,1029741,0.02365591806208068,0.01144777983427047,0.03252134133714032,0,0.5983755588531494,109,intervention
9,1003715,0.02194922240737585,0.0104772699996829,0.03022733241567788,0,0.5089103579521179,109,intervention
12,979110,0.02187809170086284,0.0104885371401906,0.0300794528731996,0,0.5001779794692993,109,intervention
15,971198,0.02311044624453086,0.01103234570473432,0.03190435158093807,0,0.735697329044342,109,intervention
18,999975,0.02305464066572321,0.0110121825709939,0.03251174533726032,0,1.4311561584472656,109,intervention
21,989989,0.02241051006651361,0.01076949667185545,0.03066013402024929,0,0.566896915435791,109,intervention
24,1007980,0.02143192242763683,0.01029190607368946,0.02943501852784462,0,0.4890928566455841,109,intervention
27,1007692,0.02217753206165053,0.01041020359843969,0.04098705036073623,0,5.303977012634277,109,intervention
30,1038352,0.02419438583432675,0.01175082568079233,0.03350047178966285,0,1.3737283945083618,109,intervention
33,1013012,0.02242348616435288,0.01068979129195213,0.03090968038907584,0,0.6711089015007019,109,intervention
36,999831,0.02153725451800973,0.01021746080368757,0.03040069809054683,0,1.3257020711898804,109,intervention
39,989769,0.02141741543528098,0.01014187838882207,0.03254443376249251,0,2.929060697555542,109,intervention
42,985688,0.02120081080772161,0.00999652408063411,0.03047274156955427,0,1.6863937377929688,109,intervention
45,996792,0.0212460246456061,0.01010505203157663,0.02925093686059945,0,0.5696967244148254,109,intervention
48,1037036,0.02150523650829271,0.01025569159537553,0.03049198755626186,0,2.2913730144500732,109,intervention
0,7126158,0.02118769200012601,0.01014187838882207,0.02929291516583746,0,0.8902277946472168,11,intervention
3,7134232,0.02150343207603857,0.01016408950090408,0.03851662851261327,0,9.62034797668457,11,intervention
6,7075575,0.02188404659662984,0.0104772699996829,0.03073046633896865,0,2.547283411026001,11,intervention
9,7204470,0.02174426482288199,0.01041232794523239,0.03013181667974622,0,1.2712863683700562,11,intervention
12,7107552,0.02123483779914708,0.01014976296573877,0.02951068283942637,0,1.3168731927871704,11,intervention
15,7051660,0.02213997781658561,0.01062251254916191,0.03052994473162165,0,0.8172492384910583,11,intervention
18,7072884,0.0219189575189968,0.01050586812198162,0.03038126319026401,0,0.7748263478279114,11,intervention
21,6903624,0.02281583306889366,0.01091579161584377,0.03191782539887609,0,1.8882057666778564,11,intervention
24,7091448,0.02188231734336914,0.0102158160880208,0.05864361707165707,0,18.83879852294922,11,intervention
27,7102176,0.0212485107446812,0.01014976296573877,0.02933845592865011,0,0.9305222630500792,11,intervention
30,7155624,0.02254005622855588,0.01083331927657127,0.03118199744341939,0,1.051235914230347,11,intervention
33,7059288,0.02188596789123859,0.01049431506544351,0.03010820784748311,0,0.6705918312072754,11,intervention
36,6995541,0.02124623742519817,0.01018881052732467,0.0292488796652551,0,0.566896915435791,11,intervention
39,6874875,0.02137972419590474,0.01024740934371948,0.0293953759985009,0,0.8024179339408875,11,intervention
42,7112825,0.02137421634812146,0.01016939245164394,0.03097940770706654,0,3.2244629859924316,11,intervention
45,6950790,0.02180163540521757,0.01018039416521787,0.05632662430332224,0,15.869182586669922,11,intervention
48,6979635,0.02135104238253279,0.01020811032503843,0.02940475768386308,0,0.6129453182220459,11,intervention
0,3726645,0.02137623041904069,0.01022406760603189,0.02945227114544834,0,0.7301731109619141,110,intervention
3,3733906,0.02224005294699227,0.01057466305792331,0.03524107960919865,0,5.779604434967041,110,intervention
6,3701335,0.02192766638676255,0.01050639059394598,0.03019071719707884,0,0.6857874393463135,110,intervention
9,3710646,0.02222694976651501,0.01066410169005394,0.03077761761514132,0,1.5524437427520752,110,intervention
12,3766640,0.02399547985225186,0.01012821216136217,0.21597564500325023,0,72.78611755371094,110,intervention
15,3703544,0.02182197218965013,0.01032470259815454,0.03450135430532668,0,4.929901123046875,110,intervention
18,3784590,0.02227296132174674,0.01065963134169578,0.03129193500401447,0,2.066242933273315,110,intervention
21,3773150,0.02186472464585115,0.01044333167374134,0.03018897301380851,0,1.1512435674667358,110,intervention
24,3666741,0.02134544439989362,0.01020811032503843,0.0294058270988284,0,0.6841755509376526,110,intervention
27,3707340,0.02153273330456372,0.01028499472886324,0.02966992595067425,0,0.5744583010673523,110,intervention
30,3726698,0.02194885895037995,0.01054403744637966,0.03028213307840701,0,0.6767114400863647,110,intervention
33,3726648,0.02171154342871658,0.01040171459317207,0.02989781153027817,0,0.6841755509376526,110,intervention
36,3718902,0.02124026997619013,0.01017777062952518,0.02918601878392227,0,0.7237837910652161,110,intervention
39,3743901,0.02127312880840617,0.01017808075994253,0.02933879390698136,0,0.6841755509376526,110,intervention
42,3804957,0.02137797174480953,0.01023045368492603,0.02947098399378935,0,0.6588088274002075,110,intervention
45,3749570,0.02115385716623791,0.01009680330753326,0.0291899429430104,0,0.566896915435791,110,intervention
48,3726788,0.02130696714076526,0.01017777062952518,0.02942538752035731,0,1.0141878128051758,110,intervention
0,2493477,0.02096999705848048,0.01004217844456434,0.02888300503724876,0,0.566896915435791,111,intervention
3,2476232,0.02153815046096289,0.01029190607368946,0.02966040063713681,0,0.5311801433563232,111,intervention
6,2497372,0.02215909385635417,0.01055414974689483,0.03056344983284211,0,0.6841755509376526,111,intervention
9,2501821,0.02196454666106342,0.01049183402210474,0.03012733676405138,0,0.4733006060123443,111,intervention
12,2464020,0.02170779524809655,0.01043082028627395,0.02983943191220017,0,0.5102040767669678,111,intervention
15,2492964,0.02141033677791616,0.01025845110416412,0.02937981698786515,0,0.5296655893325806,111,intervention
18,2525956,0.02200556792239837,0.01058253459632396,0.03025811259427131,0,0.7301731109619141,111,intervention
21,2510900,0.02204453978144067,0.01057387329638004,0.03038774626535868,0,0.7800900936126709,111,intervention
24,2479890,0.02128641782916565,0.01013434585183858,0.02929678130149267,0,0.6841755509376526,111,intervention
27,2409294,0.02189275731919152,0.01046459097415208,0.03009443235639886,0,0.566896915435791,111,intervention
30,2434860,0.02259933799809383,0.01090731192380189,0.03116074093334687,0,0.566896915435791,111,intervention
33,2375475,0.0228004235806552,0.0108999228104949,0.03134939681715028,0,0.6841755509376526,111,intervention
36,2450976,0.02125501936486088,0.01010780036449432,0.02928154432293379,0,0.566896915435791,111,intervention
39,2500996,0.0212898392499078,0.01020356640219688,0.02931032570478666,0,0.566896915435791,111,intervention
42,2455684,0.0213531524847651,0.01024425867944955,0.02941999576012624,0,0.5477128624916077,111,intervention
45,2442752,0.02133578960143984,0.0101855956017971,0.02936909350924622,0,0.6841755509376526,111,intervention
48,2488556,0.02121315646387956,0.0101206162944436,0.02929452414502142,0,0.6598182320594788,111,intervention
0,1318672,0.02221367004153131,0.01065963134169578,0.03038954994996372,0,0.566896915435791,112,intervention
3,1388842,0.02693305873804613,0.01047122851014137,0.2866641880761683,0,57.26879119873047,112,intervention
6,1386506,0.02310767689413481,0.01118841301649808,0.03230239240681393,0,0.6841755509376526,112,intervention
9,1388706,0.02304471965992095,0.0111163929104805,0.03181035068819506,0,0.6129453182220459,112,intervention
12,1399425,0.02100487447146951,0.01004217844456434,0.02902082308958784,0,0.6546949148178101,112,intervention
15,1388856,0.0215402393834429,0.0103092361241579,0.02976236684105166,0,0.566896915435791,112,intervention
18,1370070,0.0214080497921616,0.0101961325854063,0.02971043486687351,0,0.514768123626709,112,intervention
21,1400616,0.02191622309911459,0.01051233522593975,0.03018202761188683,0,0.5552011132240295,112,intervention
24,1394745,0.02176812657152087,0.0104194525629282,0.03008113766857377,0,0.6841755509376526,112,intervention
27,1377060,0.02143763916097592,0.01027262024581432,0.02955381605941932,0,0.5182639360427856,112,intervention
30,1367490,0.02228924786685153,0.01063589937984943,0.03073467022374893,0,0.6346561908721924,112,intervention
33,1385229,0.02234360108171043,0.01072307862341404,0.03076855408643686,0,0.6841755509376526,112,intervention
36,1352344,0.02133688666695488,0.01015143655240535,0.02950983414414787,0,0.7333447933197021,112,intervention
39,1361889,0.02137680161207118,0.01020378991961479,0.02952970377230673,0,0.5744583010673523,112,intervention
42,1397075,0.02122414926646381,0.01017153263092041,0.02920055777827341,0,0.6679729223251343,112,intervention
45,1370028,0.02138249431045143,0.01019003521651029,0.02965300760280246,0,1.1176432371139526,112,intervention
48,1401820,0.02140553888320437,0.01023045368492603,0.02952467666326049,0,0.6546949148178101,112,intervention
0,768026,0.02121101635530602,0.01021736580878496,0.02903105531482191,0,0.4789689779281616,113,intervention
3,744762,0.0217328236348479,0.0103092361241579,0.03012690282670871,0,0.5237153172492981,113,intervention
6,759696,0.02338138217182771,0.01136043388396501,0.03212386339448497,0,0.566896915435791,113,intervention
9,784653,0.02342457884274498,0.01138781756162643,0.03255415108618711,0,0.5242360234260559,113,intervention
12,759924,0.02143116183314796,0.01026429608464241,0.02938773018592728,0,0.6095021367073059,113,intervention
15,774786,0.02115971533899797,0.01012286450713872,0.02898506745219101,0,0.6546949148178101,113,intervention
18,769440,0.02248401743737012,0.01088593434542417,0.03075028471326192,0,0.5744583010673523,113,intervention
21,787319,0.02328751354440516,0.01128216832876205,0.03192932362431516,0,0.621270477771759,113,intervention
24,802644,0.02123228326487476,0.01019968371838331,0.02911235674766454,0,0.561063289642334,113,intervention
27,795240,0.02088093015474166,0.01003959123045206,0.02864879146340493,0,0.4748336672782898,113,intervention
30,792281,0.02376994058837993,0.01152981538325548,0.03263840752512098,0,0.5334551334381104,113,intervention
33,798321,0.02290129223570018,0.01109631545841693,0.03143027203193139,0,0.6129453182220459,113,intervention
36,781109,0.02138364562103703,0.01023714244365692,0.02955409196867953,0,0.5434810519218445,113,intervention
39,779055,0.02128290591469114,0.01018553040921688,0.02934525712456624,0,0.5039222836494446,113,intervention
42,787270,0.02160154646787296,0.01040614768862724,0.02958898335175273,0,0.5265645980834961,113,intervention
45,781660,0.02122129114165295,0.01019817870110273,0.02919898130372251,0,0.4515405595302582,113,intervention
48,758712,0.02123174848072846,0.01009745616465807,0.02918426946534819,0,0.6013466715812683,113,intervention
0,4086442,0.02099157906249969,0.0100139882415533,0.0289023477635757,0,0.5983755588531494,114,intervention
3,4074270,0.0219447675886253,0.01050933729857206,0.03025343363139552,0,0.867521345615387,114,intervention
6,4081820,0.02209907562115939,0.01057108771055936,0.03045003923424243,0,0.6633915305137634,114,intervention
9,4189309,0.02240451405766779,0.0107155255973339,0.03085410958836286,0,0.5953431129455566,114,intervention
12,4187952,0.02169391399527854,0.01041232794523239,0.02988450035093925,0,0.566896915435791,114,intervention
15,4151026,0.02164367160885688,0.0104194525629282,0.02976324763539181,0,0.5533496737480164,114,intervention
18,4179848,0.02199326685963752,0.01056268438696861,0.03032536397718844,0,0.7454280257225037,114,intervention
21,4139178,0.021958605394547,0.01054169703274965,0.03015524671707506,0,0.6490405201911926,114,intervention
24,4167482,0.02150435047822705,0.01027532387524843,0.02960389574382392,0,0.5744583010673523,114,intervention
27,4031943,0.02141534449659089,0.01018553040921688,0.03097324463613056,0,2.8820455074310303,114,intervention
30,4054092,0.02199210140408495,0.01057494152337312,0.03024353912297584,0,0.6762174367904663,114,intervention
33,4068000,0.02242735600803605,0.01076465100049972,0.03088356671057592,0,0.7240395545959473,114,intervention
36,4116777,0.02125857605245894,0.01019516680389642,0.02927136027944125,0,0.6346561908721924,114,intervention
39,4175340,0.02130816786360642,0.01019003521651029,0.02929215203230609,0,0.7538726329803467,114,intervention
42,4194303,0.02130276743846608,0.01017220877110958,0.02933666385755636,0,0.5813720226287842,114,intervention
45,4035885,0.02133486626409391,0.01019003521651029,0.02934788503433249,0,0.9687921404838562,114,intervention
48,4066266,0.02119739201400035,0.01013091392815113,0.02921632869585809,0,0.7398905158042908,114,intervention
0,5877208,0.02133024033766642,0.01015143655240535,0.02982013263089882,0,1.9151804447174072,115,intervention
3,5963914,0.02132915239750235,0.0101761408150196,0.02942758014325223,0,0.6416125297546387,115,intervention
6,5885740,0.02223775667756997,0.01065963134169578,0.0305931331009327,0,0.8363023996353149,115,intervention
9,5885145,0.02150178609067199,0.01028440427035093,0.02958214334399026,0,0.8001826405525208,115,intervention
12,5896556,0.02129297370099276,0.01018039416521787,0.02926539587138663,0,0.6129453182220459,115,intervention
15,5961250,0.02133121149993692,0.01019003521651029,0.02944754615590963,0,0.7240395545959473,115,intervention
18,5947738,0.021611633639127988,0.01031966228038072,0.02976812187849056,0,0.6841755509376526,115,intervention
21,5969936,0.02137335465596651,0.01019109971821308,0.02941496363472365,0,0.7673510909080505,115,intervention
24,5973264,0.02113412305760969,0.01009745616465807,0.02908921508240225,0,0.5744583010673523,115,intervention
27,5875848,0.02118390641539541,0.01010818034410476,0.0291502825186462,0,0.6613544821739197,115,intervention
30,6008662,0.02241098447132483,0.01077753119170665,0.03090382083661708,0,0.7301731109619141,115,intervention
33,6017406,0.02262515834542399,0.01088396646082401,0.03139231685281849,0,1.5342435836791992,115,intervention
36,6021027,0.0213353068543639,0.01021049451082944,0.02937032940657352,0,0.9533984661102296,115,intervention
39,5885146,0.02145673405781512,0.01019003521651029,0.02976440164470564,0,1.1927181482315063,115,intervention
42,5921052,0.02137889021346087,0.01018039416521787,0.03056878549720603,0,2.681169271469116,115,intervention
45,6163608,0.02123812518718332,0.01018039416521787,0.02930232938334936,0,0.746641993522644,115,intervention
48,5993430,0.02123195893738856,0.01013434585183858,0.02922180156757472,0,0.6841755509376526,115,intervention
0,1452024,0.0214628277643374,0.01026951801031828,0.02965786983365515,0,0.542521595954895,116,intervention
3,1424062,0.02169054097329119,0.01041974779218435,0.02970816038126438,0,0.5311801433563232,116,intervention
6,1426758,0.02253685690646893,0.01082597859203815,0.03092020258492716,0,0.7114914655685425,116,intervention
9,1405404,0.02256313560162811,0.01078656129539012,0.03108757354244614,0,0.6129453182220459,116,intervention
12,1462680,0.02135882422045244,0.01022590510547161,0.02937987116181389,0,0.6018474102020264,116,intervention
15,1441560,0.02269867247220676,0.01090491190552711,0.03140874644303268,0,0.6073164939880371,116,intervention
18,1442145,0.02277274210705314,0.01088639628142118,0.03191417641011386,0,0.6841755509376526,116,intervention
21,1434804,0.02243918738404616,0.01080025546252727,0.03071367773273119,0,0.5983755588531494,116,intervention
24,1437576,0.02189840011336091,0.0104662450030446,0.03020451325808387,0,0.5257095098495483,116,intervention
27,1440820,0.0212671730435206,0.01020899228751659,0.02932031260263948,0,0.6263098120689392,116,intervention
30,1432760,0.02247273885302871,0.01070822682231664,0.03109381464568677,0,0.646826446056366,116,intervention
33,1412376,0.02248234265107286,0.01077781803905963,0.0308737792444941,0,0.5987581014633179,116,intervention
36,1411662,0.0213163283296854,0.01015836931765079,0.02935608149027492,0,0.751304566860199,116,intervention
39,1445934,0.02110813516849043,0.01008729357272386,0.02912241874467259,0,0.566896915435791,116,intervention
42,1407762,0.02141109488063721,0.01025699637830257,0.02957778742972661,0,0.6075363755226135,116,intervention
45,1383096,0.02170707522014101,0.01041232794523239,0.02986163206162566,0,0.4590165317058563,116,intervention
48,1427944,0.02141748897868092,0.01024506147950887,0.02957771267631188,0,0.6841755509376526,116,intervention
0,4222630,0.02156576203337881,0.01027282048016786,0.03052664406740916,0,2.8322389125823975,117,intervention
3,4337666,0.02135948451205175,0.01024425867944955,0.02936322927118811,0,0.6841755509376526,117,intervention
6,4265534,0.0236507284178537,0.01112162601202726,0.05026166645721008,0,9.261491775512695,117,intervention
9,4292028,0.02195590440588288,0.01054333988577127,0.03034763149668893,0,0.9326781034469604,117,intervention
12,4297842,0.02195084414437999,0.01051233522593975,0.03023515112202321,0,0.6459049582481384,117,intervention
15,4354900,0.02183151775826513,0.01043082028627395,0.03095094179609716,0,3.193533182144165,117,intervention
18,4334099,0.02157417931427108,0.01027532387524843,0.03093110829868765,0,2.5127344131469727,117,intervention
21,4328160,0.02219165732701107,0.01063839439302682,0.03064514083730464,0,1.1242547035217283,117,intervention
24,4427580,0.0217594750970102,0.01043082028627395,0.02996061646979789,0,0.7748263478279114,117,intervention
27,4340847,0.02112522526483219,0.01011297851800918,0.029009680753252,0,0.6113660335540771,117,intervention
30,4397946,0.02227222748756456,0.01068979129195213,0.03064197788247933,0,0.6841755509376526,117,intervention
33,4363460,0.0218361286269478,0.01043907273560762,0.03006770448664495,0,0.6375759840011597,117,intervention
36,4405644,0.02141165507377575,0.01022313255816698,0.02973230398629731,0,1.5921496152877808,117,intervention
39,4393332,0.02137911824335874,0.01021746080368757,0.02951923077427819,0,0.6129453182220459,117,intervention
42,4399104,0.02114351730309222,0.01009745616465807,0.02916798332639602,0,0.7572602033615112,117,intervention
45,4382900,0.02150839100958761,0.0102769611403346,0.03029557991695442,0,1.7893390655517578,117,intervention
48,4466232,0.02113293801092725,0.01009745616465807,0.02921859415966801,0,1.0219149589538574,117,intervention
0,15035000,0.02140291326006841,0.01021142024546861,0.02952608027670025,0,0.7208535075187683,118,intervention
3,15225379,0.0218127728118664,0.010456926189363,0.02998194317420977,0,0.6287680268287659,118,intervention
6,15120430,0.02151096187780136,0.01026951801031828,0.02966869318014981,0,0.9459954500198364,118,intervention
9,15085231,0.0218111705986327,0.01040614768862724,0.03245908108386855,0,5.506669521331787,118,intervention
12,14984445,0.02179209318551057,0.01041570212692022,0.03003558587385024,0,0.9406574368476868,118,intervention
15,14868160,0.02133382313007984,0.01015910878777504,0.03037447045846411,0,3.494511604309082,118,intervention
18,15081500,0.02153384133293475,0.01028386875987053,0.02972655419572896,0,1.2638301849365234,118,intervention
21,15184493,0.02159866283182547,0.0103261349722743,0.0299311114612764,0,1.092589020729065,118,intervention
24,14903440,0.02116967547165673,0.01007112301886081,0.03096574095929928,0,5.211416244506836,118,intervention
27,15115455,0.02138325016405734,0.01021051127463579,0.02947340921650023,0,1.2110430002212524,118,intervention
30,15116535,0.02167729751469281,0.01032442972064018,0.031208526312227768,0,5.242046356201172,118,intervention
33,15097108,0.02138430747260776,0.01022313255816698,0.02945183481629969,0,0.8722015023231506,118,intervention
36,15077493,0.02132601322953374,0.01018666569143533,0.02965173390768071,0,1.910683274269104,118,intervention
39,15104540,0.0212483904863832,0.01014187838882207,0.02923620001688995,0,0.7463331818580627,118,intervention
42,15069395,0.02135770957301916,0.01017220877110958,0.02980151282096738,0,2.1084964275360107,118,intervention
45,15015369,0.02127060721983402,0.01014187838882207,0.02942370117661884,0,1.4699757099151611,118,intervention
48,15147543,0.02124862325811635,0.01014187838882207,0.02925191931878821,0,0.6841755509376526,118,intervention
0,4490017,0.02159483021020058,0.01026951801031828,0.03070257733400204,0,2.5143496990203857,119,intervention
3,4553700,0.02119973250972292,0.01016042195260524,0.02924963437688401,0,0.6017295718193054,119,intervention
6,4428900,0.02188818462391092,0.01044643856585025,0.03051198017828979,0,1.8451050519943235,119,intervention
9,4470604,0.0222775304842975,0.01067372597754001,0.03059492513405871,0,0.7240395545959473,119,intervention
12,4462546,0.02136137770430422,0.01021142024546861,0.02947416199981569,0,1.097177028656006,119,intervention
15,4443639,0.02165582008446432,0.01040293835103511,0.0297828199426144,0,0.6857874393463135,119,intervention
18,4510415,0.0224116516037861,0.01074666902422905,0.03096811871616445,0,0.6841755509376526,119,intervention
21,4496500,0.02230227616445776,0.0106932632625103,0.03075649237042663,0,0.6222256422042847,119,intervention
24,4405785,0.02174752740129684,0.01043082028627395,0.03004165685847435,0,0.8214921355247498,119,intervention
27,4524104,0.02085818521656148,0.0100040016695857,0.02878554972563588,0,0.7022138833999634,119,intervention
30,4472441,0.02219578577919201,0.01062782667577266,0.0315096051557605,0,2.9229319095611572,119,intervention
33,4462416,0.02275330570319859,0.01093292329460382,0.03202684567217744,0,1.8110854625701904,119,intervention
36,4511151,0.02228457965698797,0.01022313255816698,0.07655172501773139,0,22.02655029296875,119,intervention
39,4489720,0.02128418494106431,0.01018881052732467,0.0294598240791145,0,1.4285417795181274,119,intervention
42,4555824,0.02139918407839837,0.01027808338403701,0.02941380038871982,0,0.6129453182220459,119,intervention
45,4594590,0.02129485238725518,0.01019817870110273,0.02933864105878717,0,0.8781160116195679,119,intervention
48,4485880,0.02148169491792029,0.01021051127463579,0.03344565289628534,0,5.306813716888428,119,intervention
0,535295,0.02188386706265746,0.01041232794523239,0.03013119915521217,0,0.7240395545959473,12,intervention
3,578977,0.02185305867711375,0.01048939302563667,0.02994543554674567,0,0.5561864972114563,12,intervention
6,547584,0.02457347135461011,0.01205586176365614,0.03351873246539414,0,0.5924255847930908,12,intervention
9,544068,0.02313852393510554,0.01111360732465982,0.03179834205311635,0,0.6075363755226135,12,intervention
12,572824,0.02126231386847257,0.01010505203157663,0.02926868599365563,0,0.5533496737480164,12,intervention
15,585900,0.02073269130642401,0.00982754118740558,0.02862033270912466,0,0.4789689779281616,12,intervention
18,569881,0.0249135092414179,0.0122296018525958,0.03395763402188832,0,0.53445965051651,12,intervention
21,554881,0.02314179614580991,0.01107874885201454,0.03233806609175639,0,0.7748263478279114,12,intervention
24,573674,0.02163109740151794,0.01036724541336298,0.03001885398982588,0,0.4723615348339081,12,intervention
27,597493,0.02137766730870032,0.01021051127463579,0.02938339547702343,0,0.4723615348339081,12,intervention
30,578204,0.02458221589020539,0.01198412384837865,0.03366842694327848,0,0.566896915435791,12,intervention
33,583680,0.02389300681019145,0.01161317620426416,0.03282625120979411,0,0.5477128624916077,12,intervention
36,603713,0.02104921594291739,0.00997326802462339,0.02913496936194935,0,0.5744583010673523,12,intervention
39,589628,0.02144257231432386,0.01026461832225322,0.02950924933368773,0,0.566896915435791,12,intervention
42,578318,0.02118541485113233,0.01019317470490932,0.02904924274625756,0,0.4789689779281616,12,intervention
45,588168,0.02143807616025336,0.01025223731994628,0.02947555002512603,0,0.5679451823234558,12,intervention
48,594216,0.02153093804030246,0.01033051125705242,0.02949890445352233,0,0.4543561339378357,12,intervention
0,5006043,0.02113773281023508,0.01009745616465807,0.02909501507047357,0,0.5643538236618042,120,intervention
3,4944240,0.02146547877141729,0.01026437990367412,0.02956300320849373,0,0.6490405201911926,120,intervention
6,4770780,0.02234582830784564,0.01066233031451702,0.03077219056467903,0,0.6053589582443237,120,intervention
9,4879238,0.02211240005952194,0.01060420554131269,0.03054080779983597,0,0.9020150899887084,120,intervention
12,4980303,0.02106456768743897,0.01009854767471551,0.02902950223995499,0,0.6075363755226135,120,intervention
15,4966114,0.02163386581322821,0.0103808818385005,0.02976027742768444,0,0.566896915435791,120,intervention
18,5070543,0.02195164680402232,0.01059533841907978,0.03020061870662992,0,0.7368083000183105,120,intervention
21,4868136,0.02222310179306083,0.01065219659358263,0.03053881701126897,0,0.6113660335540771,120,intervention
24,4928000,0.02150247456185925,0.01029190607368946,0.0296007078016377,0,0.566896915435791,120,intervention
27,4982650,0.0214139970946089,0.01029415894299745,0.02941986393918538,0,0.5983755588531494,120,intervention
30,4928814,0.02188186273849158,0.01043082028627395,0.03027631502436982,0,1.9058741331100464,120,intervention
33,4881291,0.02152501631424121,0.01029190607368946,0.02966439353855751,0,0.71746426820755,120,intervention
36,4946918,0.02133064519439241,0.01022556331008672,0.0293462527870316,0,0.6841755509376526,120,intervention
39,4832982,0.02128715969104077,0.01019003521651029,0.02931434956371509,0,0.7598754167556763,120,intervention
42,4889472,0.02125892642121342,0.01013091392815113,0.02929747209796355,0,0.6933917999267578,120,intervention
45,5046300,0.02140737712132647,0.0102302823215723,0.02951561668768536,0,0.8489407300949097,120,intervention
48,5034167,0.02123829690267301,0.01015653368085622,0.0293101220355566,0,1.1720073223114014,120,intervention
0,19437048,0.02125636743974763,0.01014976296573877,0.02927853425727445,0,0.7498953342437744,121,intervention
3,19337075,0.02127418770022032,0.01011306419968605,0.03102832635709556,0,4.480411529541016,121,intervention
6,19297632,0.02157258175946684,0.01031966228038072,0.02981296358806683,0,1.2156440019607544,121,intervention
9,19437210,0.02207667861701806,0.01053589861840009,0.03207986176685282,0,5.155776023864746,121,intervention
12,19017828,0.02147667965584696,0.01014187838882207,0.03576269454283171,0,6.906735420227051,121,intervention
15,19312938,0.02141497145314213,0.01021142024546861,0.03069005565296153,0,4.052961826324463,121,intervention
18,19181484,0.02183574161190115,0.01041232794523239,0.03099124057732668,0,2.861076831817627,121,intervention
21,19132525,0.02211020441775919,0.01058663707226514,0.03050594780366261,0,0.8140438795089722,121,intervention
24,19247319,0.02147369493546501,0.01023167558014392,0.03079430346705658,0,8.104101181030273,121,intervention
27,19298682,0.02141620054343462,0.01014709193259477,0.03507948689144716,0,9.950872421264648,121,intervention
30,19390991,0.02183090484699587,0.01041570212692022,0.03060243855657583,0,2.2452101707458496,121,intervention
33,19330696,0.02189092804441861,0.01043082028627395,0.03136460157974861,0,4.4640703201293945,121,intervention
36,19065354,0.02132784577196175,0.01017153263092041,0.02959217583870565,0,2.3426599502563477,121,intervention
39,19270638,0.02135148192453104,0.01018039416521787,0.03005517167754068,0,2.7831883430480957,121,intervention
42,19592044,0.02179685491330621,0.01018666569143533,0.06098797325252562,0,23.584848403930664,121,intervention
45,19184880,0.02140745378455637,0.01022556331008672,0.02957968737469415,0,1.041974663734436,121,intervention
48,19200888,0.02152221101201407,0.01021586917340755,0.0326363745361681,0,5.940711975097656,121,intervention
0,4259255,0.02113755393337718,0.01000859122723341,0.03392530123320645,0,6.060374736785889,122,intervention
3,4258030,0.02356695025327386,0.01049266289919614,0.14044616885348854,0,47.94791793823242,122,intervention
6,4226607,0.02188622576531524,0.01049533952027559,0.03008135595240798,0,0.7748263478279114,122,intervention
9,4261854,0.0215085829856577,0.01029190607368946,0.02951980173590551,0,0.583214282989502,122,intervention
12,4273366,0.02145054405290328,0.01025845110416412,0.0295480736194954,0,0.6490405201911926,122,intervention
15,4336566,0.02138080851954258,0.01022313255816698,0.02950673188814335,0,0.7589436769485474,122,intervention
18,4264224,0.02252688103719288,0.01076944358646869,0.03139439540413987,0,2.03987455368042,122,intervention
21,4232376,0.02196207333168402,0.01045272964984178,0.0307774038423822,0,2.686842918395996,122,intervention
24,4349238,0.02130773961478006,0.01020899228751659,0.02931828601772172,0,0.6082150340080261,122,intervention
27,4262130,0.02103933842785221,0.01006779354065656,0.02894389003528754,0,0.5296655893325806,122,intervention
30,4319610,0.02298194794404727,0.01109908428043127,0.03188878075049607,0,1.6403977870941162,122,intervention
33,4306830,0.02180705916004111,0.01040614768862724,0.03002502973612245,0,0.7275655269622803,122,intervention
36,4305336,0.02140885358254775,0.01018474344164133,0.03010635264135979,0,2.1329495906829834,122,intervention
39,4311810,0.02138303665826667,0.01021051127463579,0.02949141046410749,0,0.6767114400863647,122,intervention
42,4338160,0.02150107957165261,0.01029190607368946,0.02956328197605287,0,0.574341893196106,122,intervention
45,4249752,0.02186373275955374,0.01009680330753326,0.06372230249762262,0,17.519548416137695,122,intervention
48,4320006,0.02126493565526947,0.01013091392815113,0.02931323144670484,0,0.5813720226287842,122,intervention
0,499749,0.02262883038965692,0.01082622911781072,0.03124448739253465,0,0.7515827417373657,123,intervention
3,486494,0.02133422193562136,0.01009745616465807,0.029577535082621242,0,0.6254919171333313,123,intervention
6,499705,0.0225381238849741,0.01065963134169578,0.03519813330508109,0,2.791951894760132,123,intervention
9,520550,0.02291336119518261,0.01089897844940424,0.03444207201028466,0,2.451669931411743,123,intervention
12,532164,0.02155682642723189,0.01026856806129217,0.02969982914974407,0,0.8354250192642212,123,intervention
15,531425,0.02062522808212541,0.00979215838015079,0.02857539371012042,0,0.52360600233078,123,intervention
18,512431,0.02366507320267433,0.01128707639873027,0.03278791681091408,0,0.5243741273880005,123,intervention
21,530556,0.0232859773226478,0.01128665544092655,0.03212302800742168,0,0.5478178858757019,123,intervention
24,519840,0.02145825951062572,0.01018039416521787,0.03018215222137261,0,1.2446880340576172,123,intervention
27,537253,0.02105003243255194,0.01009680330753326,0.02908837445996908,0,0.566896915435791,123,intervention
30,547564,0.02314556764628626,0.01116678211838007,0.03175929271874769,0,0.4966228306293487,123,intervention
33,532704,0.0233569096576658,0.01128216832876205,0.03206638785148846,0,0.6546949148178101,123,intervention
36,548250,0.02145307592410727,0.01029190607368946,0.02957664997017963,0,0.4867383539676666,123,intervention
39,549810,0.02105884067992903,0.01009082794189453,0.02907330470569732,0,0.5170512199401855,123,intervention
42,535002,0.02804559763473764,0.01041232794523239,0.29970981723526724,0,60.51947784423828,123,intervention
45,529980,0.02192984415323046,0.01054655667394399,0.03024181536758162,0,0.6377180218696594,123,intervention
48,542430,0.0214960612804132,0.01035748608410358,0.02957772765710915,0,0.5008650422096252,123,intervention
0,2345310,0.02117225433938508,0.01005322579294443,0.0300936895291618,0,2.3861584663391113,124,intervention
3,2369970,0.02181601664689203,0.01041570212692022,0.03016527353440496,0,0.8785402178764343,124,intervention
6,2353147,0.02265036456831589,0.01076465100049972,0.03217201284144565,0,1.8593443632125857,124,intervention
9,2401824,0.02193373773259034,0.0105190547183156,0.03029693249749082,0,0.6417661309242249,124,intervention
12,2483751,0.02186863289561506,0.01047861389815807,0.03014848700904743,0,0.6779300570487976,124,intervention
15,2319504,0.02152990626762757,0.01025635842233896,0.0295505118345743,0,0.5003678202629089,124,intervention
18,2427168,0.02256403787780065,0.0108640044927597,0.03106748705031519,0,0.646826446056366,124,intervention
21,2431968,0.02258256002347808,0.01082872971892356,0.03112625053402613,0,0.6018474102020264,124,intervention
24,2458399,0.02137134109548609,0.01022313255816698,0.0295301914397792,0,0.6546949148178101,124,intervention
27,2474265,0.02141056409579966,0.01022590510547161,0.02957885925197669,0,0.666388988494873,124,intervention
30,2419424,0.0223949959131347,0.01075854990631342,0.03086483750967411,0,0.6613544821739197,124,intervention
33,2461745,0.02208969849418351,0.01046438235789537,0.03470772792048181,0,4.331063270568848,124,intervention
36,2505873,0.02144392644326638,0.01016408950090408,0.03309254400379866,0,4.1852521896362305,124,intervention
39,2447450,0.02132367177103826,0.01012404728680849,0.03051661095481178,0,2.61293888092041,124,intervention
42,2438210,0.02146590863841012,0.01027282048016786,0.03004437820700435,0,1.4531128406524658,124,intervention
45,2425596,0.02235019188098687,0.01014187838882207,0.08075432751521527,0,16.461984634399414,124,intervention
48,2436640,0.02145749464628216,0.01029190607368946,0.02947408846583718,0,0.613581657409668,124,intervention
0,352640,0.02083808410714564,0.009916502982378,0.02875393631113946,0,0.566896915435791,125,intervention
3,358800,0.02309343851500344,0.0109927449375391,0.03187383009726964,0,0.4009902179241181,125,intervention
6,381248,0.0244721197586159,0.01184375770390033,0.03415028085176255,0,0.6767114400863647,125,intervention
9,394188,0.02387987737669405,0.01157031208276748,0.03280033324191426,0,0.5296655893325806,125,intervention
12,382522,0.02176071372920118,0.01055183447897434,0.02983231568824647,0,0.4687645137310028,125,intervention
15,381668,0.02083162465141234,0.01002903189510107,0.02834210927254392,0,0.4018164277076721,125,intervention
18,367812,0.02448567429845557,0.01178403105586767,0.03400990092906195,0,0.6705918312072754,125,intervention
21,405756,0.02268243981108547,0.01092638727277517,0.03166469367509721,0,0.5089103579521179,125,intervention
24,395808,0.02139076374547231,0.01029190607368946,0.02943884474940053,0,0.49621522426605225,125,intervention
27,392482,0.02140971975576844,0.01028631348162889,0.02942862141219927,0,0.457485169172287,125,intervention
30,385637,0.02466105118342509,0.0119841918349266,0.03395281303119991,0,0.5879432559013367,125,intervention
33,375156,0.0239257152051546,0.01152142044156789,0.03298787840757974,0,0.5232205390930176,125,intervention
36,385560,0.02135466836616675,0.01015836931765079,0.02943609516922247,0,0.457485169172287,125,intervention
39,393666,0.0211250831296322,0.01014104671776294,0.02908156847321839,0,0.7240395545959473,125,intervention
42,381066,0.02124074648541631,0.01009745616465807,0.02985980230491874,0,0.8767455220222473,125,intervention
45,389980,0.02168587770337282,0.01041232794523239,0.02988564316199415,0,0.5813720226287842,125,intervention
48,384300,0.02166407598138448,0.01029623392969369,0.03104715037492065,0,1.363170146942139,125,intervention
0,761345,0.02182512183587557,0.01049183402210474,0.03002606699819991,0,0.566896915435791,126,intervention
3,761688,0.02167190460532787,0.01043082028627395,0.02961976501559356,0,0.5744583010673523,126,intervention
6,758252,0.02361862880853103,0.01144211925566196,0.03252250696421398,0,0.5754531621932983,126,intervention
9,783978,0.0227685053783316,0.01090065017342567,0.03146120212780984,0,0.5265645980834961,126,intervention
12,754052,0.0215220341998302,0.01023594848811626,0.02970158563259353,0,0.566896915435791,126,intervention
15,777780,0.02176208074841373,0.01043082028627395,0.0298243734054412,0,0.457485169172287,126,intervention
18,815360,0.02287681674446642,0.01093292329460382,0.03151105603979123,0,0.514768123626709,126,intervention
21,809975,0.02343669776117061,0.01136220898479223,0.0320658125851935,0,0.5424096584320068,126,intervention
24,806395,0.0219997349969283,0.01054049469530582,0.03055545377022512,0,0.7240395545959473,126,intervention
27,822165,0.0212752185750652,0.01015228033065795,0.02940770304304047,0,0.5533496737480164,126,intervention
30,841804,0.02462208641004497,0.01197501830756664,0.03384324934889526,0,0.6992263197898865,126,intervention
33,799974,0.02371072174536603,0.0115481624379754,0.03244395244127174,0,0.6287680268287659,126,intervention
36,815328,0.02134726501809292,0.01028691511601209,0.02939811618668079,0,0.6009652614593506,126,intervention
39,775992,0.02117411502472235,0.01011668425053358,0.02912311775692572,0,0.5614652037620544,126,intervention
42,803710,0.02140032545682217,0.01027623564004898,0.02956103055978397,0,0.566896915435791,126,intervention
45,825342,0.02142238987604434,0.01029190607368946,0.02941295897276688,0,0.5737672448158264,126,intervention
48,791190,0.02124852344243584,0.01019817870110273,0.02914326035197001,0,0.4594759941101074,126,intervention
0,2014960,0.02272115334901402,0.01025634631514549,0.08570651859718055,0,23.456697463989254,127,intervention
3,2027772,0.02121665351382222,0.01007774658501148,0.0298400500759886,0,1.7347906827926636,127,intervention
6,2028694,0.0230967459415031,0.0105009377002716,0.07274425981072824,0,18.440305709838867,127,intervention
9,2074440,0.02239929767868466,0.01074666902422905,0.03094289001558826,0,0.7106826901435852,127,intervention
12,2011960,0.02140371214949763,0.01011830847710371,0.03493962489285262,0,4.0958943367004395,127,intervention
15,2004912,0.02086881564680892,0.00999586563557386,0.02873325474057229,0,0.5022333860397339,127,intervention
18,2044059,0.02252241760261104,0.01077515166252851,0.03277633375527442,0,3.937161684036255,127,intervention
21,2086729,0.02353443853952727,0.01121725607663393,0.03562256105228923,0,3.7392055988311768,127,intervention
24,2074800,0.0216021630250912,0.01036040857434272,0.03008712895208605,0,1.616817593574524,127,intervention
27,2041910,0.02207897705045024,0.01041570212692022,0.03939773009318634,0,11.27466106414795,127,intervention
30,2098701,0.02277775723159711,0.01083710603415966,0.03536174816531788,0,3.2671637535095215,127,intervention
33,2004800,0.02309006492403756,0.0110975531861186,0.03173204442997061,0,0.7070440649986267,127,intervention
36,2041717,0.02240750691593155,0.01015025284141302,0.06470318797187131,0,11.233052253723145,127,intervention
39,2002518,0.02137539162120405,0.01021586917340755,0.02954289405358667,0,0.9460676908493042,127,intervention
42,1981308,0.02135065085785003,0.01017883140593767,0.02950969324733144,0,0.5964096188545227,127,intervention
45,2042414,0.02191140773422471,0.01026951801031828,0.04186896605588521,0,6.802748680114746,127,intervention
48,2009499,0.02164440587128357,0.01017368584871292,0.03764292672134766,0,6.689834117889404,127,intervention
0,4769456,0.02128455319384772,0.01014976296573877,0.02945404187822146,0,0.7566325664520264,128,intervention
3,4771984,0.02147826761353141,0.01024425867944955,0.0296061218611459,0,0.6546949148178101,128,intervention
6,4734967,0.02207832149892469,0.01043082028627395,0.03375160791242831,0,4.861715793609619,128,intervention
9,4806750,0.02180492919589911,0.0104403980076313,0.03010236169371132,0,0.689885139465332,128,intervention
12,4727458,0.02189658668253889,0.01043082028627395,0.03171033218559992,0,2.716259479522705,128,intervention
15,4710078,0.02145918240963564,0.01022629626095295,0.02981592946112651,0,1.2699182033538818,128,intervention
18,4719600,0.0253602853452374,0.01120874192565679,0.17775629624963482,0,75.75757598876953,128,intervention
21,4799581,0.0220087514584863,0.0104054482653737,0.04268109703166858,0,9.272921562194824,128,intervention
24,4795875,0.02181677726315896,0.01027808338403701,0.03687460363088055,0,6.278459548950195,128,intervention
27,4850734,0.02139245689969621,0.01022417563945055,0.02966648668590332,0,1.344169020652771,128,intervention
30,4813600,0.02175169721015031,0.01036267355084419,0.03051325371393474,0,1.5749647617340088,128,intervention
33,4824060,0.0221901247380095,0.01062782667577266,0.03057330588880766,0,0.6841755509376526,128,intervention
36,4822412,0.02134117212695064,0.01018274016678333,0.02948956872377972,0,0.956428050994873,128,intervention
39,4793910,0.02121492898616955,0.01013434585183858,0.02923968933460656,0,0.7454280257225037,128,intervention
42,4798158,0.02250931146285,0.01022313255816698,0.0843599156166626,0,22.715839385986328,128,intervention
45,4791717,0.02136717213914331,0.01014187838882207,0.03029772267818773,0,2.234168529510498,128,intervention
48,4745730,0.02139772902811304,0.01019725762307643,0.02958352671186791,0,1.305311918258667,128,intervention
0,1407650,0.02098002988970133,0.01004269905388355,0.02882959613550839,0,0.4789689779281616,129,intervention
3,1411328,0.02092612652503417,0.01000859122723341,0.02896676197224228,0,0.4817076325416565,129,intervention
6,1330430,0.02228396059374864,0.01072698645293712,0.03064362706119251,0,0.566896915435791,129,intervention
9,1355928,0.02277550883163298,0.01091590337455272,0.03159396051858703,0,0.7944281697273254,129,intervention
12,1352448,0.02161178408244305,0.0103092361241579,0.02967187781352398,0,0.6287680268287659,129,intervention
15,1348972,0.0209607144649407,0.01005322579294443,0.02879207733808737,0,0.5796167254447937,129,intervention
18,1346628,0.02315618046255881,0.01110734045505523,0.03184327921793716,0,0.646826446056366,129,intervention
21,1381728,0.02228797299640814,0.01068093907088041,0.03066860962528006,0,0.618008553981781,129,intervention
24,1380369,0.02124309631219504,0.01009745616465807,0.02934915577537376,0,0.6129453182220459,129,intervention
27,1373580,0.02145517500167645,0.0101961325854063,0.02952724319672265,0,0.5477128624916077,129,intervention
30,1364224,0.02306145951574517,0.01115606632083654,0.03167535940121403,0,0.5744583010673523,129,intervention
33,1374744,0.02238990640313765,0.01073398254811763,0.03081995035997675,0,0.5553241968154907,129,intervention
36,1387540,0.02133888267621292,0.01021746080368757,0.02940982138688014,0,0.5747051239013672,129,intervention
39,1407762,0.02123108542049158,0.01019109971821308,0.0291490029539407,0,0.6018474102020264,129,intervention
42,1372392,0.02131012638666972,0.01018709037452936,0.02935090024386645,0,0.5434810519218445,129,intervention
45,1382975,0.02139233340225249,0.01025635842233896,0.02947258226654324,0,0.566896915435791,129,intervention
48,1395810,0.02105441907949056,0.01005322579294443,0.02893604368228567,0,0.5065930485725403,129,intervention
0,514155,0.02067257972478178,0.00984189938753843,0.02852000188604437,0,0.566896915435791,13,intervention
3,519440,0.02175302058266636,0.01041577104479074,0.03004630490951156,0,0.4925136864185333,13,intervention
6,527383,0.02318480913878518,0.01128707639873027,0.0317965777272005,0,0.48122096061706543,13,intervention
9,546576,0.02241463197706448,0.01084617525339126,0.03078673234405352,0,0.5744583010673523,13,intervention
12,548057,0.02080700924482336,0.01001141779124736,0.0285800680032581,0,0.646826446056366,13,intervention
15,537312,0.02139612097230569,0.01017220877110958,0.02967977490455709,0,0.5089103579521179,13,intervention
18,551889,0.02265118174540449,0.01080258935689926,0.03165870056575212,0,0.6075363755226135,13,intervention
21,565212,0.02320795478514972,0.01107935048639774,0.03211352775762237,0,0.566896915435791,13,intervention
24,584907,0.02147311723469574,0.01019817870110273,0.02962012670918011,0,0.5482248663902283,13,intervention
27,550184,0.02108877956567527,0.01014577597379684,0.02895803102901136,0,0.5065930485725403,13,intervention
30,562845,0.02307996666693082,0.01111103035509586,0.03183788248244257,0,0.566896915435791,13,intervention
33,575836,0.02501552263261039,0.01207869499921798,0.03486848900979637,0,0.7551798224449158,13,intervention
36,579348,0.02114135008125654,0.01007323712110519,0.02921527183692325,0,0.5240172743797302,13,intervention
39,554064,0.02113242380571751,0.01010818034410476,0.02898152980204121,0,0.4789689779281616,13,intervention
42,552388,0.02175551458889996,0.01040614768862724,0.03002050563501353,0,0.5136807560920715,13,intervention
45,568230,0.02128116386916267,0.0101961325854063,0.02933748858396465,0,0.6129453182220459,13,intervention
48,571102,0.02123041563213058,0.01013846974819898,0.02924785693291017,0,0.5343884229660034,13,intervention
0,10988118,0.02172335085625789,0.01029190607368946,0.03964516284154435,0,20.1385498046875,130,intervention
3,11239905,0.02131766994115531,0.01020378991961479,0.02945392543001282,0,1.1600714921951294,130,intervention
6,11056298,0.02213371135947198,0.01062033604830503,0.03053789660170238,0,1.0928813219070437,130,intervention
9,10988880,0.02148261737192041,0.01029415894299745,0.02957021645949521,0,0.7325765490531921,130,intervention
12,11136650,0.02163304255584797,0.0103092361241579,0.03093978511323605,0,3.3227219581604004,130,intervention
15,11097463,0.02141727062601429,0.01028378121554851,0.0295986036689569,0,1.4557199478149414,130,intervention
18,11207482,0.02173255536797203,0.01041232794523239,0.03000790013387554,0,1.0412328243255615,130,intervention
21,11014920,0.02148579284842559,0.01027282048016786,0.02961524443254129,0,1.0088965892791748,130,intervention
24,11107530,0.02127212047112867,0.01016230974346399,0.02929707929886004,0,0.7219514846801758,130,intervention
27,11032084,0.02148577645207697,0.01026951801031828,0.02959155345194544,0,0.6871435642242432,130,intervention
30,11105580,0.02174671774888937,0.01041577104479074,0.0301891378914344,0,1.6918672323226929,130,intervention
33,11211445,0.02169263577845131,0.01041232794523239,0.02991430582866916,0,0.6648691892623901,130,intervention
36,10989678,0.02142716232459355,0.01019109971821308,0.03179901183707989,0,4.4128241539001465,130,intervention
39,11149290,0.0213282319717243,0.01019067037850618,0.02939581494157289,0,0.8963780999183655,130,intervention
42,11017216,0.02120738363831024,0.01014972385019064,0.02922233240039581,0,0.6841755509376526,130,intervention
45,11080125,0.02138343408876272,0.01020899228751659,0.02951071073995687,0,0.7512000203132629,130,intervention
48,11082659,0.02129953674088544,0.01016877964138984,0.0293787822127876,0,0.6365737318992615,130,intervention
0,625056,0.02096990709660497,0.01009745616465807,0.02863685011540825,0,0.5046299695968628,131,intervention
3,621828,0.02099396136783526,0.01004217844456434,0.02895003804531792,0,0.5461884140968323,131,intervention
6,618640,0.02362133972170001,0.01138554513454437,0.0323984993771279,0,0.5388439893722534,131,intervention
9,644728,0.02282320603603078,0.01104301493614912,0.03127603688597048,0,0.8263949751853943,131,intervention
12,653856,0.0213046624038241,0.01018039416521787,0.02921607987130601,0,0.4768790006637573,131,intervention
15,645260,0.02130510313469336,0.01010905671864748,0.02987509332835839,0,1.0768566131591797,131,intervention
18,659400,0.02287958943227508,0.01104731950908899,0.03134704511191748,0,0.49585404992103577,131,intervention
21,648852,0.02379996185418972,0.01159631181508302,0.03271869129612061,0,0.6490405201911926,131,intervention
24,650232,0.02163936332508027,0.01038399618119001,0.029812816523986,0,0.6005875468254089,131,intervention
27,660608,0.02243073781550058,0.01071738824248313,0.03090488218933232,0,0.5679451823234558,131,intervention
30,666462,0.02255521715629832,0.01088396646082401,0.03104782376914007,0,0.5840983390808105,131,intervention
33,654828,0.02315392538626735,0.01120556239038705,0.03183107036007068,0,0.5533496737480164,131,intervention
36,665415,0.02128086032660312,0.01007403992116451,0.03030600259003595,0,1.875120520591736,131,intervention
39,659088,0.02135118939666098,0.01022590510547161,0.02948830301492662,0,0.6715186834335327,131,intervention
42,678351,0.02143912453489485,0.01027282048016786,0.02969820506356946,0,0.566896915435791,131,intervention
45,654534,0.02163651547870144,0.0103092361241579,0.03000525349521717,0,1.2108895778656006,131,intervention
48,686032,0.02175047795633794,0.01025842409580946,0.03601904463865759,0,4.123298168182373,131,intervention
0,1038879,0.02159019826799569,0.01034765504300594,0.02974802411344374,0,0.6633915305137634,132,intervention
3,1009625,0.02120900759694277,0.01009680330753326,0.0292899083906846,0,0.566896915435791,132,intervention
6,1038000,0.02236452305820542,0.01082597859203815,0.03064398884441607,0,0.5743158459663391,132,intervention
9,1041740,0.02392498731691684,0.01148247253149747,0.03408859079577434,0,1.0412328243255615,132,intervention
12,1037736,0.02183570626641635,0.010515290312469,0.03004997434715073,0,0.6216570734977722,132,intervention
15,1052051,0.02138182976374037,0.01016939245164394,0.02948409054679074,0,0.5089103579521179,132,intervention
18,1048432,0.02279533746582546,0.01093292329460382,0.03123628266026358,0,0.566896915435791,132,intervention
21,1089152,0.02357859502444261,0.01144920941442251,0.03238416879102172,0,0.5744583010673523,132,intervention
24,1087593,0.02107274939709236,0.01007654145359993,0.0291093154533985,0,0.5482248663902283,132,intervention
27,1083005,0.02093940283269885,0.00996784586459398,0.02878232653213817,0,0.566896915435791,132,intervention
30,1063686,0.02407639698114272,0.01158355455845594,0.03338191977161257,0,0.7047480344772339,132,intervention
33,1080180,0.02279853878508254,0.01098630670458078,0.0312272580083219,0,0.566896915435791,132,intervention
36,1077552,0.02142595696560365,0.01024228334426879,0.02952479139136352,0,0.6118003129959106,132,intervention
39,1071880,0.02132224988131548,0.01018039416521787,0.02934336549509064,0,0.6009652614593506,132,intervention
42,1056640,0.0212664178787864,0.01021030824631452,0.02921964250741859,0,0.5744583010673523,132,intervention
45,1062120,0.02160943591453042,0.01032509375363588,0.02975526812625336,0,0.566896915435791,132,intervention
48,1078896,0.02125822779145417,0.01020899228751659,0.02915117061639296,0,0.5367595553398132,132,intervention
0,1087335,0.02156781571522537,0.01034844201058149,0.02967383138764134,0,0.6172168254852295,133,intervention
3,1065866,0.02126928676584039,0.01017665863037109,0.02905678941628098,0,0.4543561339378357,133,intervention
6,1068627,0.02267061387974253,0.01100691873580217,0.03081633331455456,0,0.5284335017204285,133,intervention
9,1125376,0.02288901018304723,0.01103475783020258,0.03147978819313926,0,0.522346019744873,133,intervention
12,1061112,0.02186817923088136,0.0104529783129692,0.02994576650793881,0,0.566896915435791,133,intervention
15,1092352,0.02169176728581671,0.0103535745292902,0.02999106457567464,0,0.6088271737098694,133,intervention
18,1082312,0.02343967499476885,0.01128216832876205,0.03210306649391498,0,0.6129453182220459,133,intervention
21,1081450,0.02302856100596866,0.0111362924799323,0.03160711436718286,0,0.6490405201911926,133,intervention
24,1080511,0.02119267118024015,0.01009680330753326,0.02921793992900794,0,0.5265645980834961,133,intervention
27,1126688,0.02165633474133591,0.01029190607368946,0.02998121434639792,0,0.566896915435791,133,intervention
30,1101476,0.02176421258103846,0.01041570212692022,0.02993683562042909,0,0.6705918312072754,133,intervention
33,1090620,0.02288232855460984,0.011025320738554,0.03156800607272438,0,0.7598896026611328,133,intervention
36,1095425,0.02121464534720765,0.0101256426423788,0.02918115899017909,0,0.5545288324356079,133,intervention
39,1099380,0.02122990575595397,0.01014187838882207,0.02916516087375642,0,0.613581657409668,133,intervention
42,1083000,0.02173773264989222,0.01042699161916971,0.02985160995468901,0,0.5679451823234558,133,intervention
45,1097404,0.02133738390552265,0.01021051127463579,0.02936331672544902,0,0.566896915435791,133,intervention
48,1126755,0.02140983852641023,0.01026951801031828,0.02940707163837758,0,0.6841755509376526,133,intervention
0,849816,0.02153390917731516,0.0103594958782196,0.02935577576151499,0,0.5089103579521179,134,intervention
3,858753,0.02119018704043381,0.01009745616465807,0.02927815651399477,0,0.5482248663902283,134,intervention
6,866320,0.0221853245473236,0.01056921482086181,0.0305346615336927,0,0.568489134311676,134,intervention
9,868854,0.02256932918280388,0.0108807235956192,0.03099692156439566,0,0.7550228834152222,134,intervention
12,880937,0.02091059454449836,0.01000590529292821,0.0290170248014362,0,0.7240756750106812,134,intervention
15,884856,0.02216818097048942,0.01057856250554323,0.03072428331390142,0,0.5280277729034424,134,intervention
18,838956,0.02376437718347745,0.01146010961383581,0.03289843892700813,0,0.5302269458770752,134,intervention
21,872610,0.02370175459680253,0.01141555234789848,0.03277593933764591,0,0.6018474102020264,134,intervention
24,867535,0.02126339781866042,0.01013091392815113,0.02919860607299063,0,0.46009111404418945,134,intervention
27,894380,0.02114931008446797,0.01013091392815113,0.02923909762881915,0,0.6129453182220459,134,intervention
30,869400,0.02417579982268721,0.01173591706901788,0.0333285039047728,0,0.6841755509376526,134,intervention
33,858800,0.02310857722693658,0.01113982684910297,0.03171435471171092,0,0.540640115737915,134,intervention
36,891150,0.02116102002194509,0.01008901745080947,0.02911188379979303,0,0.5983755588531494,134,intervention
39,882871,0.02132360512518717,0.01019003521651029,0.02935445696646167,0,0.4818147122859955,134,intervention
42,896080,0.02177483071587651,0.01045470405369997,0.02979534075176301,0,0.5477128624916077,134,intervention
45,903617,0.02148808462277766,0.01019817870110273,0.0297501203101113,0,0.5343884229660034,134,intervention
48,887168,0.02144768215176839,0.01025845110416412,0.02953003303517653,0,0.48991209268569946,134,intervention
0,503258,0.02149641241328349,0.01019003521651029,0.02956469023966979,0,0.4242936670780182,135,intervention
3,537093,0.02090705918159722,0.01000859122723341,0.02862518925533349,0,0.5434810519218445,135,intervention
6,511634,0.02301229807185523,0.01093292329460382,0.03193486146744184,0,0.5089103579521179,135,intervention
9,534336,0.02479605189739277,0.01206741482019424,0.03406653034293235,0,0.566896915435791,135,intervention
12,521268,0.02202234214127106,0.01048343069851398,0.03029564050291389,0,0.4890928566455841,135,intervention
15,529948,0.02002480973585384,0.00940618105232715,0.02770329074775292,0,0.5442970395088196,135,intervention
18,527760,0.02650582937220153,0.0128073114901781,0.03706855401466722,0,0.5031179785728455,135,intervention
21,544628,0.02384964597999094,0.01159378420561552,0.03295695306149461,0,0.566896915435791,135,intervention
24,516960,0.0217875405042404,0.01041232794523239,0.03002024948926236,0,0.525083065032959,135,intervention
27,548334,0.02087777994191813,0.00958748441189527,0.04319049977803588,0,4.384341239929199,135,intervention
30,544523,0.02466027357228122,0.01194930355995893,0.0342322919202225,0,0.9761752486228944,135,intervention
33,535050,0.02769466101283615,0.01195031218230724,0.16257748527242816,0,29.67081642150879,135,intervention
36,540870,0.02116930738517816,0.01009680330753326,0.02936596260437842,0,0.566896915435791,135,intervention
39,545896,0.02115827749422585,0.01011791080236435,0.02915298720462625,0,0.514768123626709,135,intervention
42,546117,0.02146172121110285,0.0103092361241579,0.02945143773892838,0,0.5257095098495483,135,intervention
45,563220,0.02163707510477437,0.01041974779218435,0.02981808554575971,0,0.5105213522911072,135,intervention
48,557984,0.02126137595216204,0.01014187838882207,0.02955397339771165,0,0.7744210958480835,135,intervention
0,605642,0.02232569975688086,0.01064289081841707,0.03048794283691554,0,0.47941654920578,136,intervention
3,631944,0.02135205117656042,0.01009692717343568,0.02952069579273197,0,0.4946392476558686,136,intervention
6,638112,0.02452189908821933,0.01179368235170841,0.03383154925024187,0,0.6841755509376526,136,intervention
9,642270,0.02288461910044684,0.01103382557630539,0.03143343035207578,0,0.4895348250865936,136,intervention
12,678076,0.02096314524519004,0.00999420322477817,0.02886492877102668,0,0.6129453182220459,136,intervention
15,644184,0.02317961109424277,0.01115606632083654,0.0317668341100208,0,0.48501056432724,136,intervention
18,662781,0.0236456750474922,0.0114875640720129,0.03239303614032374,0,0.566896915435791,136,intervention
21,679329,0.02293774328806116,0.01111518684774637,0.0315285719153443,0,0.6767114400863647,136,intervention
24,676126,0.02110667663340751,0.01009745616465807,0.02905380267730962,0,0.4789689779281616,136,intervention
27,677040,0.02110476227825289,0.01009680330753326,0.02920303005085327,0,0.5679451823234558,136,intervention
30,653120,0.02365113929767951,0.01136030349880457,0.03258551952478084,0,0.5983755588531494,136,intervention
33,686880,0.02346437632418733,0.01128216832876205,0.0324588066412835,0,0.566896915435791,136,intervention
36,688611,0.02115244456981958,0.01015836931765079,0.02908757298880498,0,0.5845517516136169,136,intervention
39,692989,0.0213056073227004,0.01014187838882207,0.02961902359809179,0,0.8043133020401001,136,intervention
42,668868,0.02180110404834169,0.01041570212692022,0.03008065637004636,0,0.5100446939468384,136,intervention
45,658292,0.0211061366100223,0.0100868958979845,0.02905404797047459,0,0.6013466715812683,136,intervention
48,687608,0.02152190164793709,0.01028386875987053,0.02968813662390705,0,0.5679451823234558,136,intervention
0,1730538,0.02173146813568541,0.01041527464985847,0.02977042830756538,0,0.5136807560920715,137,intervention
3,1782221,0.022016063422639,0.01062033604830503,0.03022887906943652,0,0.5936068296432495,137,intervention
6,1722276,0.02210754215877732,0.01062782667577266,0.03024577374433323,0,0.5089103579521179,137,intervention
9,1759392,0.02204625008398017,0.01057494152337312,0.03024322905873206,0,0.7240395545959473,137,intervention
12,1784607,0.02145662046830036,0.01022696401923894,0.02954520105939029,0,0.6841755509376526,137,intervention
15,1744977,0.02161008510657836,0.01032442972064018,0.02964206700887945,0,0.7319377064704895,137,intervention
18,1801926,0.02219453233708579,0.01062033604830503,0.03047019349830998,0,0.6073858141899109,137,intervention
21,1778012,0.02263063003123966,0.01091579161584377,0.03104206964948913,0,0.7969040274620056,137,intervention
24,1802034,0.02113539590328458,0.01009946316480636,0.0290798994613198,0,0.5679126381874084,137,intervention
27,1796884,0.02124538240797684,0.01013091392815113,0.02928684240436605,0,0.6822298765182495,137,intervention
30,1819797,0.02280729262679771,0.01102365087717771,0.03142488875259452,0,0.8722015023231506,137,intervention
33,1804980,0.02214088133826006,0.01059731096029281,0.03044805458955943,0,0.7566356062889099,137,intervention
36,1818110,0.0214286055625773,0.01034123264253139,0.02957446557857434,0,0.6841755509376526,137,intervention
39,1796868,0.02117207259530938,0.01013091392815113,0.02915295245450107,0,0.7012926340103149,137,intervention
42,1838336,0.02136228549301797,0.01016939245164394,0.02955577185177267,0,0.6038140058517456,137,intervention
45,1804980,0.0218525286298465,0.01043082028627395,0.03010934245645296,0,0.646826446056366,137,intervention
48,1800964,0.02107309784739598,0.01009745616465807,0.02900016589451021,0,0.5001779794692993,137,intervention
0,1528800,0.02133626055133764,0.01020271051675081,0.0293183352339065,0,0.5424096584320068,138,intervention
3,1539648,0.021963452914017072,0.01050586812198162,0.03021275282078091,0,0.5533496737480164,138,intervention
6,1490724,0.02273828909157367,0.01091516576707363,0.03140215972224159,0,0.7454280257225037,138,intervention
9,1489684,0.02228608972983857,0.01068979129195213,0.03054509637851533,0,0.53445965051651,138,intervention
12,1543440,0.02146458798144858,0.01036770548671484,0.02948281066052401,0,0.5744583010673523,138,intervention
15,1553052,0.0221229544119505,0.01062782667577266,0.03036137395842923,0,0.6841755509376526,138,intervention
18,1581752,0.02326294159286571,0.01125170569866895,0.03216649541062624,0,0.6767114400863647,138,intervention
21,1535836,0.02295026416260974,0.01109380461275577,0.03147532477991398,0,0.646826446056366,138,intervention
24,1522367,0.02103174927807724,0.01000859122723341,0.02897393476492327,0,0.5099915862083435,138,intervention
27,1548932,0.02173081139988295,0.01041232794523239,0.029952392402258,0,0.566896915435791,138,intervention
30,1570800,0.02206012214619468,0.01062482502311468,0.03037394769401634,0,0.566896915435791,138,intervention
33,1554225,0.02236615850880199,0.01068399380892515,0.03082900597295381,0,0.5594295859336853,138,intervention
36,1532976,0.02139877943509708,0.01018666569143533,0.02949315937175521,0,0.5561465620994568,138,intervention
39,1551528,0.02135265924852051,0.01022313255816698,0.02946011602357177,0,0.566896915435791,138,intervention
42,1560552,0.02115367750956326,0.01010905671864748,0.02913825051787309,0,0.6129453182220459,138,intervention
45,1558900,0.02147010660921998,0.01029415894299745,0.02955314353123634,0,0.5477128624916077,138,intervention
48,1559194,0.021204862025363,0.01017665863037109,0.02916466240103245,0,0.646826446056366,138,intervention
0,905280,0.0223262913518809,0.01062033604830503,0.03088177558710369,0,0.6278530359268188,139,intervention
3,875004,0.02103601022270611,0.00999239925295114,0.02983618298611817,0,1.28935706615448,139,intervention
6,898668,0.02198805799825862,0.01054169703274965,0.03061620087159867,0,0.8487770557403564,139,intervention
9,892848,0.02270911331751918,0.01065219659358263,0.03723766396599606,0,3.4521901607513428,139,intervention
12,940275,0.02139688491887592,0.01028378121554851,0.02948911547472355,0,0.5227924585342407,139,intervention
15,902176,0.02168300529597128,0.01029190607368946,0.02978901516741549,0,0.4795866906642914,139,intervention
18,919617,0.02364647242835063,0.01146179903298616,0.03277711725001769,0,0.6748512983322144,139,intervention
21,916156,0.02377090839531503,0.01143292430788278,0.03270394720417358,0,0.5089103579521179,139,intervention
24,915593,0.02115596827377569,0.01006671506911516,0.02909638775579241,0,0.48736122250556946,139,intervention
27,921519,0.0221683445494441,0.01065963134169578,0.03082318750226268,0,0.8419008851051331,139,intervention
30,909142,0.02273324913422019,0.01090958248823881,0.03150407017776089,0,0.6078379154205322,139,intervention
33,883536,0.02207452014934589,0.01060313265770673,0.03034157593918856,0,0.5227924585342407,139,intervention
36,882648,0.02122365402264762,0.01013846974819898,0.02923083492893955,0,0.6129453182220459,139,intervention
39,915833,0.02121594719825702,0.01014187838882207,0.02931800293386363,0,0.566896915435791,139,intervention
42,883276,0.02197354544251602,0.01054655667394399,0.03017874731489382,0,0.5796167254447937,139,intervention
45,912978,0.0216713962238538,0.0103808818385005,0.02975636237197401,0,0.6841755509376526,139,intervention
48,889149,0.02093736162517429,0.01003369037061929,0.0287673020605129,0,0.566896915435791,139,intervention
0,4391452,0.02130854379586872,0.0101230964064598,0.02934247508067589,0,0.6122516989707947,14,intervention
3,4442935,0.02130598873624804,0.01017883140593767,0.02928647441460129,0,0.6490405201911926,14,intervention
6,4428840,0.02164559495850283,0.01025012508034706,0.03432334712780767,0,6.197814464569092,14,intervention
9,4509351,0.0226067760536368,0.01083710603415966,0.03162798910132926,0,1.405664324760437,14,intervention
12,4427889,0.02116032863632714,0.01009680330753326,0.02918609113166301,0,0.8448867201805115,14,intervention
15,4389714,0.02176652183060495,0.01043082028627395,0.02987211654555191,0,0.6994975805282593,14,intervention
18,4406751,0.02342669280698378,0.01062782667577266,0.10565187568558217,0,30.262104034423828,14,intervention
21,4496100,0.02247079149283249,0.01075916457921266,0.03172211962876121,0,2.714491367340088,14,intervention
24,4429176,0.02156025325728486,0.01029649283736944,0.02975274127840085,0,1.1848227977752686,14,intervention
27,4512508,0.02159236020773051,0.01034712325781583,0.02967931806003891,0,0.8129153251647949,14,intervention
30,4469218,0.02194759187562906,0.01056531630456447,0.0302375706113,0,0.6546949148178101,14,intervention
33,4424010,0.02213224002573003,0.01064897235482931,0.03053655541626442,0,1.275737762451172,14,intervention
36,4416468,0.02127746235089916,0.0101230964064598,0.02934104534067553,0,0.566896915435791,14,intervention
39,4403097,0.02129961757958583,0.01017883140593767,0.02931769622773422,0,0.7368083000183105,14,intervention
42,4416288,0.02144940481172378,0.01028352417051792,0.02977491707421009,0,2.351644992828369,14,intervention
45,4397344,0.02122502280270521,0.01014187838882207,0.0291914539282586,0,0.5679451823234558,14,intervention
48,4425052,0.02145788810281163,0.01026951801031828,0.02953847080203117,0,0.7301731109619141,14,intervention
0,272734,0.02134546701736473,0.01020811032503843,0.02927126037550364,0,0.4607282876968384,140,intervention
3,272824,0.02101355511816876,0.00995714403688907,0.02897087162403432,0,0.3958873450756073,140,intervention
6,257176,0.02496702319209321,0.01208937913179397,0.03406807955200352,0,0.5568013787269592,140,intervention
9,278720,0.02467011693474316,0.01192221697419881,0.03406430902945197,0,0.5265645980834961,140,intervention
12,281986,0.02258538373933964,0.01080264244228601,0.03097016584577906,0,0.3644556701183319,140,intervention
15,289380,0.02270116061115106,0.01097546145319938,0.03096531337434576,0,0.5477128624916077,140,intervention
18,292842,0.02591729954953004,0.01250500231981277,0.03592598388170077,0,0.5367595553398132,140,intervention
21,285384,0.0236091960095236,0.0113211665302515,0.03214245568221093,0,0.4643088579177856,140,intervention
24,298112,0.02175248817181772,0.01041570212692022,0.02996346903324431,0,0.4581424295902252,140,intervention
27,297514,0.0223287411898532,0.01081934105604887,0.03043143698287999,0,0.4643088579177856,140,intervention
30,290904,0.02600718008865316,0.01271530333906412,0.03589866568530521,0,0.8045137524604797,140,intervention
33,289323,0.025989650043112,0.0127123212441802,0.03568701682250092,0,0.5744583010673523,140,intervention
36,296370,0.02124373368818617,0.01035142876207828,0.02908873238159277,0,0.4668888747692108,140,intervention
39,287830,0.02097926404216063,0.01006765104830265,0.02888359190844812,0,0.4520080387592316,140,intervention
42,293202,0.02203382852261553,0.01062782667577266,0.0300465746033776,0,0.47768405079841614,140,intervention
45,292138,0.02144580307737004,0.01025711186230182,0.02935023421858039,0,0.4365679919719696,140,intervention
48,293764,0.02151245105201379,0.01032012607902288,0.02956652706785993,0,0.42552611231803894,140,intervention
0,7514843,0.02146411594252255,0.01025294139981269,0.0296080212870916,0,0.6841755509376526,141,intervention
3,7539602,0.02121980948514379,0.01014415733516216,0.0292162981755238,0,0.5744583010673523,141,intervention
6,7414696,0.02205816294743342,0.01055110618472099,0.03042097304742678,0,1.2427059412002563,141,intervention
9,7422600,0.02212327921491227,0.01055414974689483,0.03045125974591638,0,0.7593368291854858,141,intervention
12,7497030,0.02162920415462883,0.01036149635910987,0.02974511953934333,0,0.6841755509376526,141,intervention
15,7453650,0.02158218095618692,0.01031966228038072,0.02971682611641179,0,0.6832138299942017,141,intervention
18,7564870,0.02187565846532499,0.01051059830933809,0.03018488227155334,0,1.1740400791168213,141,intervention
21,7514416,0.02174045788856387,0.01041232794523239,0.02995435681505567,0,0.6490405201911926,141,intervention
24,7533869,0.02141425325924826,0.01021558325737714,0.02950100204452989,0,1.516098141670227,141,intervention
27,7579212,0.02145957028845277,0.01025021355599165,0.02962063453355576,0,1.04918110370636,141,intervention
30,7540812,0.02152834921504894,0.01027808338403701,0.02974787811456026,0,0.9642091989517212,141,intervention
33,7480225,0.02145964191565896,0.01025454420596361,0.02955178830061925,0,0.934114158153534,141,intervention
36,7542332,0.02128250954808593,0.01018998026847839,0.02934300970432271,0,0.6822298765182495,141,intervention
39,7460672,0.02129072177643719,0.01017628610134124,0.02930335491613113,0,0.8324459195137024,141,intervention
42,7433646,0.02157727687235904,0.01034712325781583,0.02969083698820081,0,0.6841755509376526,141,intervention
45,7488300,0.02156604177583384,0.01030272990465164,0.02965804207094644,0,0.6129453182220459,141,intervention
48,7567997,0.02122368656661897,0.01016939245164394,0.02925407288142935,0,0.7551798224449158,141,intervention
0,303432,0.02119470954330679,0.01016408950090408,0.02913296799601784,0,0.42552611231803894,142,intervention
3,287196,0.02226704466739127,0.01062782667577266,0.03050217578170751,0,0.46277013421058655,142,intervention
6,296408,0.02566032681139567,0.01236171461641788,0.03545124996274292,0,0.625591516494751,142,intervention
9,330264,0.02437726009239315,0.01185271143913269,0.03371669332378439,0,0.5996981263160706,142,intervention
12,315172,0.02196264570329401,0.01043082028627395,0.03018556395644468,0,0.41580772399902344,142,intervention
15,321408,0.0202544086389485,0.00969445798546075,0.02747154652101469,0,0.410610169172287,142,intervention
18,347504,0.02222214137410853,0.01068588718771934,0.03066707029209171,0,0.4520080387592316,142,intervention
21,324500,0.0232726319466933,0.0110975531861186,0.03229181790445833,0,0.5541696548461914,142,intervention
24,344313,0.02246118223513727,0.0107826953753829,0.03095960535555531,0,0.564775824546814,142,intervention
27,330780,0.02150973749779134,0.01010428741574287,0.03000703546562174,0,0.47560998797416687,142,intervention
30,345912,0.02582590537356651,0.01253584772348404,0.03608827639129627,0,0.7368083000183105,142,intervention
33,349181,0.02509097329289995,0.01230037119239568,0.03485107463549132,0,0.6153317093849182,142,intervention
36,345695,0.02136496108305241,0.01029190607368946,0.02918885607540101,0,0.4318643808364868,142,intervention
39,337417,0.02135380701651015,0.01020199060440063,0.02930789982263748,0,0.4789689779281616,142,intervention
42,332310,0.02152315815433692,0.01029415894299745,0.02947422087457868,0,0.4358648955821991,142,intervention
45,347400,0.02155156560516977,0.010292649269104,0.02993235008585639,0,0.566896915435791,142,intervention
48,334642,0.02119799634885368,0.01009692717343568,0.02939008050776916,0,0.4691268801689148,142,intervention
0,545637,0.022140351345802618,0.01057387329638004,0.03054631937408697,0,0.49621522426605225,143,intervention
3,537966,0.0213943371101852,0.01025223731994628,0.02926901342059708,0,0.42555588483810425,143,intervention
6,562379,0.02264616624548945,0.01089814305305481,0.03117081149582996,0,0.7454280257225037,143,intervention
9,550563,0.02361838229103313,0.01140586379915475,0.03253832110193023,0,0.5326621532440186,143,intervention
12,576568,0.0219300471706741,0.01045239716768264,0.03029309408411963,0,0.5106523036956787,143,intervention
15,569240,0.0213569247154169,0.01015533600002527,0.02968954301638599,0,0.514768123626709,143,intervention
18,567760,0.02415860055975581,0.01168562099337577,0.03363856222451707,0,0.5928049683570862,143,intervention
21,589680,0.02377054807287239,0.01150951534509658,0.03255151689380576,0,0.5744583010673523,143,intervention
24,596516,0.02202833438254553,0.01062040124088525,0.03009151147609567,0,0.4789689779281616,143,intervention
27,604044,0.02150977066417306,0.01041232794523239,0.02950901126436791,0,0.5034059286117554,143,intervention
30,582282,0.02368594570966668,0.01140337809920311,0.03254814184080464,0,0.6841755509376526,143,intervention
33,608111,0.02333511374661889,0.0113211665302515,0.03196194266373278,0,0.6490405201911926,143,intervention
36,597750,0.02118474664425356,0.01018039416521787,0.02902135096174604,0,0.514768123626709,143,intervention
39,602140,0.0210868737947529,0.01006476208567619,0.02894318342946516,0,0.4009902179241181,143,intervention
42,598282,0.02144176923572046,0.01020816527307033,0.02953196901053065,0,0.5816541910171509,143,intervention
45,585060,0.0215290171858679,0.01029190607368946,0.02961210840431098,0,0.47941654920578,143,intervention
48,589500,0.02105456428358965,0.01006779354065656,0.02891444597622107,0,0.5185244083404541,143,intervention
0,7952857,0.02101271673188056,0.01005351450294256,0.02888151459754593,0,0.772180438041687,144,intervention
3,7893800,0.02157203311056912,0.01032859366387128,0.02965719480701859,0,0.6959964632987976,144,intervention
6,7974140,0.02172265482626722,0.01040171459317207,0.02996364850506258,0,1.1767547130584717,144,intervention
9,7989056,0.02213386134903777,0.01062782667577266,0.03045291879513354,0,0.7551798224449158,144,intervention
12,7717657,0.02141263178668602,0.01023987680673599,0.02950935932453461,0,0.8030565977096558,144,intervention
15,7855452,0.02174644391624989,0.01043082028627395,0.03003261688624965,0,1.2980386018753052,144,intervention
18,7981515,0.02218879252311381,0.01066233031451702,0.03049162775653115,0,0.6613544821739197,144,intervention
21,7984856,0.02211431967348244,0.01062033604830503,0.03045297144373053,0,0.6490405201911926,144,intervention
24,7952568,0.02124834512627132,0.01013091392815113,0.02968268194701389,0,2.0331389904022217,144,intervention
27,8097306,0.02103062693998936,0.0100618777796626,0.02901101776991184,0,0.7316101789474487,144,intervention
30,7859607,0.022119570054021,0.01064493972808122,0.03044037492526006,0,0.8522529602050781,144,intervention
33,8032325,0.02195548222404393,0.01051750313490629,0.03025036656262817,0,0.753068745136261,144,intervention
36,7983251,0.02119394796172788,0.01010818034410476,0.0292340312611839,0,0.7454280257225037,144,intervention
39,7927389,0.02126205203372887,0.01016987022012472,0.02938632480078787,0,1.260565996170044,144,intervention
42,7909720,0.02132637005375548,0.01018626149743795,0.02936829085370122,0,1.0945099592208862,144,intervention
45,7964568,0.02121018127314027,0.01010818034410476,0.02923129759473477,0,0.956453800201416,144,intervention
48,7722924,0.02129436784254013,0.010155666619539261,0.0293193454048886,0,0.7089244723320007,144,intervention
0,577276,0.02166031246199962,0.01032442972064018,0.02971939230083533,0,0.4789689779281616,145,intervention
3,564480,0.02091766275837531,0.00995666347444057,0.02872862722079132,0,0.574341893196106,145,intervention
6,572136,0.02349464160750763,0.01128620933741331,0.03227263360061656,0,0.5265645980834961,145,intervention
9,589836,0.02364132644082545,0.01143132336437702,0.03259576626699859,0,0.6287680268287659,145,intervention
12,615284,0.02134740650169349,0.01012286450713872,0.02949031609428611,0,0.4811410903930664,145,intervention
15,627126,0.02155523450965085,0.01029415894299745,0.02954058967477145,0,0.6013466715812683,145,intervention
18,618345,0.02287112793609497,0.0110975531861186,0.03172472349856756,0,0.646826446056366,145,intervention
21,596646,0.02296473132112683,0.01103382557630539,0.03150319881215685,0,0.4543561339378357,145,intervention
24,616630,0.02123030124235424,0.01018100045621395,0.02929663959918548,0,0.4365679919719696,145,intervention
27,604555,0.02195228471192128,0.01055191829800605,0.02988616460256104,0,0.4366017878055573,145,intervention
30,612360,0.02399640413990634,0.01162354741245508,0.03311345666921895,0,0.6075363755226135,145,intervention
33,606265,0.02231991062306805,0.01061046589165926,0.03086212918050309,0,0.5304133296012878,145,intervention
36,605250,0.02140571542173443,0.01021301560103893,0.02936460190617331,0,0.6075363755226135,145,intervention
39,628224,0.02144754488165666,0.0102389482781291,0.02949706797395056,0,0.4327253997325897,145,intervention
42,634032,0.02149469999288143,0.01025845110416412,0.02955054111087961,0,0.5065930485725403,145,intervention
45,636846,0.02148567733234391,0.0103092361241579,0.0295798231362523,0,0.6129453182220459,145,intervention
48,627900,0.02129323307051396,0.0101598035544157,0.02938910153258585,0,0.4824316501617432,145,intervention
0,2701080,0.02114660637750886,0.01009680330753326,0.02906476465973374,0,0.5813720226287842,146,intervention
3,2758752,0.0287683925870817,0.01019003521651029,0.5253845956082326,0,182.99996948242188,146,intervention
6,2798880,0.0225225565654202,0.01082465797662735,0.03094426491704702,0,0.5482248663902283,146,intervention
9,2692781,0.02384586060886495,0.01147046126425266,0.03320618133428641,0,0.8250330090522766,146,intervention
12,2772176,0.02160829311853574,0.01029649283736944,0.02994586977328793,0,1.0927122831344604,146,intervention
15,2757696,0.02187388997310329,0.01029190607368946,0.04296337357239158,0,8.776346206665039,146,intervention
18,2720844,0.02562758023753778,0.01081189420074224,0.20565298479476887,0,43.501163482666016,146,intervention
21,2725576,0.02241503832817724,0.01075240783393383,0.03103531508864217,0,0.643730640411377,146,intervention
24,2720850,0.02140964968817508,0.01020824536681175,0.02950459470930225,0,0.5866675972938538,146,intervention
27,2719005,0.02106708116163799,0.01004857011139392,0.02939050483928824,0,1.69200336933136,146,intervention
30,2732265,0.02263984935377865,0.01084617525339126,0.03111984823287966,0,0.5089103579521179,146,intervention
33,2755500,0.02271883311600474,0.01090958248823881,0.03130020323063923,0,0.7611700892448425,146,intervention
36,2729040,0.02132364230728735,0.01013919059187173,0.02977581660841798,0,1.5618492364883425,146,intervention
39,2785497,0.02139606495655967,0.01019617915153503,0.02951835078429415,0,0.640860378742218,146,intervention
42,2719120,0.02160391854708288,0.01014972385019064,0.04072214179593583,0,11.893037796020508,146,intervention
45,2717550,0.02144973792522194,0.01018474344164133,0.03027505507414712,0,2.1371140480041504,146,intervention
48,2690734,0.02138535303507614,0.01021475158631801,0.02965593662201593,0,1.5648072957992554,146,intervention
0,2313080,0.02073447917911155,0.00990905053913593,0.0284688146698316,0,0.5655374526977539,147,intervention
3,2272400,0.02231266079808832,0.01068979129195213,0.03066776451997579,0,0.566896915435791,147,intervention
6,2251444,0.02376572440010457,0.0114933755248785,0.03269591131379792,0,0.6325857043266296,147,intervention
9,2213948,0.02185441324083776,0.01043525896966457,0.03001088602138781,0,0.5825232863426208,147,intervention
12,2272526,0.02087628615349672,0.01000144239515066,0.02860190246876549,0,0.46732160449028015,147,intervention
15,2337837,0.02127386952337661,0.01014187838882207,0.02940524188422298,0,0.6416125297546387,147,intervention
18,2316484,0.02356201017645566,0.01131664309650659,0.03233716809986636,0,0.566896915435791,147,intervention
21,2371591,0.02192611700272896,0.01059731096029281,0.03026654547805094,0,0.6075363755226135,147,intervention
24,2351592,0.02145574909467796,0.01026304718106985,0.0295404893812346,0,0.7815737724304199,147,intervention
27,2304786,0.02191057756547097,0.01050963997840881,0.03013443739784086,0,0.5744583010673523,147,intervention
30,2345420,0.0228260253210553,0.01092034298926591,0.03207706231173137,0,1.0664459466934204,147,intervention
33,2397880,0.0214942955691689,0.01031966228038072,0.02960764356121672,0,0.5983755588531494,147,intervention
36,2410166,0.02142078637027399,0.01026393100619316,0.02955446355265685,0,1.10737144947052,147,intervention
39,2357208,0.02100689069368134,0.01007524318993091,0.02893043043212676,0,0.7135950326919556,147,intervention
42,2327094,0.0213849164985992,0.0102739417925477,0.0295381094680396,0,0.9235812425613404,147,intervention
45,2425806,0.02117643639855186,0.01009854767471551,0.02921395756175664,0,0.5195340514183044,147,intervention
48,2356189,0.02120870611705659,0.01013434585183858,0.02971120863834045,0,1.6147292852401731,147,intervention
0,869465,0.02153362728184641,0.01040171459317207,0.02978522758659996,0,0.5594295859336853,148,intervention
3,898508,0.02237569164656623,0.01075044553726911,0.03060770161606268,0,0.5227924585342407,148,intervention
6,885916,0.02297603927134775,0.01111992448568344,0.0317492112715415,0,0.6416388154029846,148,intervention
9,885916,0.02312446707749939,0.01120795495808124,0.03185822829414309,0,0.5165367722511292,148,intervention
12,893968,0.02095227171866973,0.01004338730126619,0.02893977380536704,0,0.566896915435791,148,intervention
15,904846,0.02137974617203285,0.0103092361241579,0.02945356388802927,0,0.566896915435791,148,intervention
18,909716,0.02276679359192929,0.011016177944839,0.03146966508864105,0,0.5866675972938538,148,intervention
21,905679,0.0236019063401826,0.01138804480433464,0.03260784760358001,0,0.5311801433563232,148,intervention
24,899310,0.02159796103621287,0.01041232794523239,0.02973890304621874,0,0.4768790006637573,148,intervention
27,879840,0.02140702329209756,0.01022610068321228,0.02949316800248742,0,0.5367595553398132,148,intervention
30,899232,0.02364294251689428,0.01131606474518776,0.03328710003005642,0,0.6767114400863647,148,intervention
33,888993,0.0225510521303686,0.01086030155420303,0.03105836487207412,0,0.566896915435791,148,intervention
36,889024,0.02130831495544372,0.01019003521651029,0.02939931847025742,0,0.6032311320304871,148,intervention
39,872256,0.0213692092932487,0.01025845110416412,0.02948483024725941,0,0.5382612347602844,148,intervention
42,892050,0.0213480846391463,0.0102332467213273,0.02940739371332246,0,0.5679126381874084,148,intervention
45,887339,0.02151198707909312,0.01028437633067369,0.02964355273140514,0,0.566896915435791,148,intervention
48,876726,0.02114260248280929,0.01009680330753326,0.02916796642493949,0,0.4824316501617432,148,intervention
0,562379,0.02112609932645392,0.01006591878831386,0.02908996322865643,0,0.49221381545066833,149,intervention
3,563976,0.02191217331163191,0.01061458606272935,0.02983587063103302,0,0.5103011727333069,149,intervention
6,597504,0.02406384654220501,0.0117776645347476,0.03302123141513006,0,0.5265645980834961,149,intervention
9,585484,0.02420681304361081,0.01170603092759847,0.03314972385391458,0,0.6416125297546387,149,intervention
12,582822,0.02099891135081451,0.01005160063505172,0.02879690158426262,0,0.566896915435791,149,intervention
15,594832,0.02166997992868428,0.01037184335291385,0.029676467928365,0,0.42552611231803894,149,intervention
18,592611,0.02242319579628081,0.01075854990631342,0.03071099204772557,0,0.5827571153640747,149,intervention
21,617396,0.02304130019068839,0.01110283192247152,0.03225603822920018,0,0.5866675972938538,149,intervention
24,604434,0.02143850284303872,0.0102657014504075,0.02949528752013622,0,0.5478178858757019,149,intervention
27,590410,0.02087132960636684,0.01000436302274465,0.02861730857555771,0,0.5170512199401855,149,intervention
30,591428,0.02541394734432944,0.01239483151584863,0.03507698980906781,0,0.6129453182220459,149,intervention
33,595623,0.02276161334703649,0.01079230103641748,0.03133317936783757,0,0.5744583010673523,149,intervention
36,574722,0.02127672819915326,0.0101961325854063,0.02937920351866992,0,0.917765498161316,149,intervention
39,582750,0.02124223114971786,0.01011791080236435,0.02925149921959444,0,0.42552611231803894,149,intervention
42,572110,0.02125672932319829,0.01010392140597105,0.02939609469480559,0,0.5265645980834961,149,intervention
45,556347,0.02187318309424203,0.01036040857434272,0.0304619898783877,0,0.9737637042999268,149,intervention
48,577344,0.02143132545857936,0.01027532387524843,0.02941231548883221,0,0.6287680268287659,149,intervention
0,471396,0.02209293328453694,0.01062782667577266,0.03016553169009133,0,0.5153576731681824,15,intervention
3,416702,0.02177206824281923,0.01034165918827056,0.03015389435000027,0,0.4789689779281616,15,intervention
6,461820,0.02572379535997811,0.01265863887965679,0.0346833334073908,0,0.5936068296432495,15,intervention
9,475844,0.02321823588102019,0.01107874885201454,0.03213616440798632,0,0.6138178110122681,15,intervention
12,500735,0.02229356782366474,0.01068917941302061,0.03071491161756505,0,0.4772317111492157,15,intervention
15,467735,0.02291847950247456,0.01103475783020258,0.0311706057410428,0,0.558779239654541,15,intervention
18,504468,0.02405042240793735,0.01180950924754142,0.03301212258024037,0,0.5265645980834961,15,intervention
21,501942,0.02566201834801697,0.01204142160713672,0.05042064591737351,0,6.434234142303467,15,intervention
24,482001,0.02129023359737812,0.01009680330753326,0.02984971624261214,0,1.1051682233810425,15,intervention
27,477417,0.02209246260166088,0.01046247407793998,0.03098743537762905,0,0.6287680268287659,15,intervention
30,485025,0.0251168363521592,0.01195778790861368,0.03660738610525347,0,2.3154687881469727,15,intervention
33,481347,0.02341852467020382,0.01128620933741331,0.03216875111119234,0,0.5081033110618591,15,intervention
36,492363,0.02116549704880789,0.01005322579294443,0.02916739304743556,0,0.5395848155021667,15,intervention
39,483630,0.02118236052777062,0.01014187838882207,0.02901477452359071,0,0.41664010286331177,15,intervention
42,492548,0.02138122452972654,0.01014187838882207,0.03070763301494696,0,1.6411904096603394,15,intervention
45,469670,0.02164334977665984,0.01022313255816698,0.03003500505796193,0,0.842632532119751,15,intervention
48,498722,0.02158870567083733,0.01022424083203077,0.03044035166465088,0,1.3738588094711304,15,intervention
0,2778048,0.02113595000949957,0.0101407766342163,0.02905453240463909,0,0.5265645980834961,150,intervention
3,2694216,0.02129777789161787,0.01015751436352729,0.02925549845691753,0,0.5227924585342407,150,intervention
6,2724130,0.02364773330399089,0.01140586379915475,0.03248279623861765,0,0.6129453182220459,150,intervention
9,2748864,0.02155491612769551,0.010303795337677,0.02973308715064905,0,0.5744583010673523,150,intervention
12,2760240,0.02106783484290257,0.01009745616465807,0.0289709371379102,0,0.6298815608024597,150,intervention
15,2687954,0.02138069702145383,0.01022590510547161,0.02939560948551118,0,0.4972478449344635,150,intervention
18,2720794,0.02176472832135394,0.0103808818385005,0.02993501279034454,0,0.5744583010673523,150,intervention
21,2732384,0.02188120757907891,0.01049265172332525,0.03010329732832241,0,0.6590422987937927,150,intervention
24,2727396,0.02115127188674723,0.01009680330753326,0.02920885454315171,0,0.6857874393463135,150,intervention
27,2741660,0.02158375199366901,0.0103535745292902,0.02965303713467712,0,0.5866675972938538,150,intervention
30,2705904,0.02222338968441642,0.01065963134169578,0.03047750006728764,0,0.646826446056366,150,intervention
33,2708832,0.02241403649287696,0.01068979129195213,0.03082986518678746,0,0.7240395545959473,150,intervention
36,2686904,0.0212595056099001,0.01018039416521787,0.02926011649290699,0,0.8722015023231506,150,intervention
39,2695323,0.02126707989314461,0.01017491333186626,0.0292129962908516,0,0.6378270983695984,150,intervention
42,2686032,0.02141665591339257,0.01029190607368946,0.02943107516461325,0,0.6129453182220459,150,intervention
45,2728743,0.02120887848293993,0.01010818034410476,0.02919334636739729,0,0.6841755509376526,150,intervention
48,2705800,0.02124559389390356,0.01015219558030366,0.02918490435660084,0,0.6075363755226135,150,intervention
0,3247209,0.0212873248303363,0.01014187838882207,0.02935648689232311,0,0.564775824546814,151,intervention
3,3252300,0.021669406035642082,0.01041232794523239,0.02970588136800124,0,0.649869978427887,151,intervention
6,3277320,0.02209453118281999,0.01060274522751569,0.03030392386711625,0,0.5700867772102356,151,intervention
9,3320246,0.02235495445531228,0.01077781803905963,0.03063288399056902,0,0.5645709037780762,151,intervention
12,3260362,0.02167342724714138,0.01041232794523239,0.02996948017153889,0,0.6538751125335693,151,intervention
15,3338720,0.02116437380656285,0.01010505203157663,0.02918244143464788,0,0.5915927290916443,151,intervention
18,3176046,0.02252412195183649,0.01086312998086214,0.03103766490501101,0,0.6841755509376526,151,intervention
21,3248076,0.02185631612081913,0.01043082028627395,0.0300994249067277,0,0.7368083000183105,151,intervention
24,3258036,0.02153372273863876,0.0103092361241579,0.02963571246421139,0,0.6013466715812683,151,intervention
27,3183824,0.02139097707594651,0.0102657014504075,0.02945354014739338,0,0.5265645980834961,151,intervention
30,3237010,0.02256627172958036,0.01084617525339126,0.03112145196102366,0,0.5856093168258667,151,intervention
33,3278352,0.02280398448863079,0.01099320407956838,0.03136752944441145,0,1.0881723165512085,151,intervention
36,3289300,0.02133340987383871,0.01021051127463579,0.02933546918631831,0,0.5744583010673523,151,intervention
39,3359172,0.0212784053932364,0.01015673950314521,0.02935533472185423,0,0.6841755509376526,151,intervention
42,3269112,0.02123788708315255,0.01017042435705661,0.0292387904609176,0,0.6779300570487976,151,intervention
45,3308600,0.02147021944374733,0.01023714244365692,0.0295238850390444,0,0.566896915435791,151,intervention
48,3298573,0.02125509555204791,0.01016417983919382,0.02924757097225468,0,0.5729954838752747,151,intervention
0,5207328,0.02141988850628079,0.0102739417925477,0.02950109590463772,0,0.6032311320304871,152,intervention
3,5103096,0.02132006289544856,0.01017950288951397,0.02933842912020413,0,0.6075363755226135,152,intervention
6,5145960,0.02184425807582946,0.01049067731946706,0.03002454919377999,0,0.5679451823234558,152,intervention
9,5144610,0.02279757581090206,0.0108988219872117,0.03189980741077976,0,0.7829336524009705,152,intervention
12,5208725,0.02133192846536033,0.01018474344164133,0.02949686731355587,0,0.693747341632843,152,intervention
15,5093756,0.02117399848016908,0.01009854767471551,0.02914829690649127,0,0.6220015287399292,152,intervention
18,5147550,0.02645918156623192,0.01045206375420093,0.3673838390650035,0,112.88092041015624,152,intervention
21,5090913,0.02229449156069689,0.01066233031451702,0.03070026938665574,0,0.6129453182220459,152,intervention
24,5212116,0.02136958937194107,0.0102657014504075,0.02935608094011584,0,0.6841755509376526,152,intervention
27,5155422,0.02150929415983996,0.01029417105019092,0.02968966951658605,0,0.5841904878616333,152,intervention
30,5178151,0.022126160728977,0.01062782667577266,0.03044712464770603,0,0.6812483072280884,152,intervention
33,5233926,0.02152953659285347,0.0103092361241579,0.02966744396272928,0,0.6841755509376526,152,intervention
36,5103534,0.02132057262884324,0.01019003521651029,0.02940759550543002,0,1.2750097513198853,152,intervention
39,5099490,0.02126206356371828,0.01015491504222154,0.02930068197932507,0,0.7454280257225037,152,intervention
42,5139204,0.02127340307979614,0.01014187838882207,0.0293710753014854,0,1.044174075126648,152,intervention
45,5185674,0.02148469945542785,0.01027769036591053,0.02968080569375236,0,1.402554273605347,152,intervention
48,5144112,0.02129585326398594,0.01015836931765079,0.02927810757936589,0,0.5802510976791382,152,intervention
0,4844145,0.02102726596379538,0.00997336488217115,0.03108347798916195,0,3.833811283111572,153,intervention
3,4963980,0.02208802212994872,0.0104772699996829,0.03193260416139226,0,3.767117977142334,153,intervention
6,4984054,0.02183698584113391,0.01043082028627395,0.03042700833856504,0,1.906788110733032,153,intervention
9,4997304,0.02149680601157499,0.01027532387524843,0.02975143887777341,0,1.0061596632003784,153,intervention
12,4968245,0.02153179336714188,0.01026951801031828,0.02988257186879981,0,1.582987666130066,153,intervention
15,4915040,0.02196739703707894,0.01051750313490629,0.03026094592132954,0,0.6841755509376526,153,intervention
18,4981799,0.02164951628389669,0.0103092361241579,0.03000947892010827,0,1.1521944999694824,153,intervention
21,4933872,0.02183725593024486,0.01045439206063747,0.03012150898503897,0,0.820091962814331,153,intervention
24,5080435,0.02134732332149167,0.01019003521651029,0.02935376017381284,0,0.621270477771759,153,intervention
27,5005986,0.02168765214690106,0.01029649283736944,0.03257145721876887,0,4.8585100173950195,153,intervention
30,5073756,0.0220919918821567,0.01060641929507255,0.03078718402866961,0,1.6288238763809204,153,intervention
33,5116643,0.02342321546551387,0.01063688471913337,0.10263932292071372,0,31.394670486450195,153,intervention
36,5082770,0.02132635815723087,0.01020899228751659,0.02935785488377134,0,0.9420486092567444,153,intervention
39,4932825,0.0213120042207715,0.01017054170370102,0.02941979802641478,0,0.9091580510139464,153,intervention
42,5008500,0.02206761226553455,0.01014846842736005,0.07449038429670973,0,21.66977882385254,153,intervention
45,5015150,0.02137241305606884,0.01022313255816698,0.02947108209067786,0,1.049899935722351,153,intervention
48,5062139,0.02119103479909129,0.01009745616465807,0.02915602856733275,0,0.6836979389190674,153,intervention
0,151438,0.02081617310917289,0.01000859122723341,0.02859899654989851,0,0.3427954912185669,154,intervention
3,146566,0.0220248548130949,0.01059731096029281,0.0300893005622508,0,0.4789689779281616,154,intervention
6,140220,0.02788298783858545,0.01335665211081504,0.03878002497241699,0,0.5533496737480164,154,intervention
9,142486,0.02481883406296344,0.01215132698416709,0.03359360025684264,0,0.6129453182220459,154,intervention
12,145097,0.02104995337717661,0.01006591878831386,0.02859381239667668,0,0.35892966389656067,154,intervention
15,159294,0.02144488763849559,0.01043082028627395,0.02906884315426694,0,0.4229087233543396,154,intervention
18,157779,0.02336845850291006,0.01151216868311166,0.03146767546098674,0,0.4016610085964203,154,intervention
21,154611,0.0256720090824055,0.01240531075745821,0.03501008983454828,0,0.48736122250556946,154,intervention
24,157920,0.02166195040087665,0.01043082028627395,0.02939557289492794,0,0.4281432926654816,154,intervention
27,168844,0.02025479559390091,0.00958381034433841,0.02797863157578389,0,0.3691137135028839,154,intervention
30,168597,0.0252723498274239,0.01254757400602102,0.03428383099933957,0,0.42599889636039734,154,intervention
33,171227,0.02621054796366921,0.0128073114901781,0.03678304086086829,0,0.566896915435791,154,intervention
36,163829,0.02216940503207056,0.01062860805541277,0.03050759857516582,0,0.4152287244796753,154,intervention
39,166566,0.02152046972766407,0.0103398198261857,0.02954178039370558,0,0.404419869184494,154,intervention
42,168725,0.0211316974291865,0.01015836931765079,0.02896617792235631,0,0.41256725788116455,154,intervention
45,164320,0.02183902648910651,0.01055414974689483,0.03003860054301699,0,0.4411427676677704,154,intervention
48,160388,0.02131332277622247,0.01028599496930837,0.02940852656104108,0,0.410610169172287,154,intervention
0,2331608,0.02100874409961978,0.01004232466220855,0.02890163434524183,0,0.6853487491607666,155,intervention
3,2308374,0.02149436857416002,0.01037992164492607,0.02954316040651358,0,0.5533496737480164,155,intervention
6,2321010,0.02285998483585339,0.01099875383079052,0.03156934131137033,0,0.5416393280029297,155,intervention
9,2305836,0.02285040853416766,0.01102558523416519,0.0313511081506736,0,0.540841817855835,155,intervention
12,2385370,0.02137754570859743,0.01026090048253536,0.0293806272513255,0,0.574341893196106,155,intervention
15,2295176,0.02177222021797834,0.0103261349722743,0.03278859034945559,0,2.8210701942443848,155,intervention
18,2356104,0.02201582876272547,0.01054655667394399,0.03031837454100833,0,0.6073858141899109,155,intervention
21,2302734,0.02221924176485027,0.01062482502311468,0.0306437212343408,0,0.6073164939880371,155,intervention
24,2307192,0.02154759989650986,0.01036267355084419,0.02963349870520067,0,0.7072367072105408,155,intervention
27,2308770,0.02146334716413971,0.01022590510547161,0.02958502615651267,0,0.5382612347602844,155,intervention
30,2362288,0.02267553489501862,0.01097677368670702,0.03116022442879335,0,0.6841755509376526,155,intervention
33,2331473,0.0223283861378393,0.01068979129195213,0.03071024023417847,0,0.5675617456436157,155,intervention
36,2336040,0.02136282286955274,0.0101961325854063,0.02942962127763683,0,0.8886385560035706,155,intervention
39,2403498,0.02116934802941289,0.01009745616465807,0.02909406891719276,0,0.6129453182220459,155,intervention
42,2345112,0.02129959792739757,0.01018474344164133,0.0293200182010181,0,0.6013466715812683,155,intervention
45,2297680,0.02135040181615982,0.01019003521651029,0.02939384371831657,0,0.6562107801437378,155,intervention
48,2331648,0.02118145737987753,0.01009745616465807,0.02912889046309693,0,0.566896915435791,155,intervention
0,788242,0.02186998035342502,0.01040614768862724,0.03049189678733703,0,0.5266135334968567,156,intervention
3,778300,0.02211113650158731,0.01063811685889959,0.03028401476865844,0,0.5585421323776245,156,intervention
6,784826,0.0227061017475777,0.0109927449375391,0.03101853525879595,0,0.5547524690628052,156,intervention
9,801164,0.02290551367969511,0.01116678211838007,0.03134114609858204,0,0.618377149105072,156,intervention
12,803825,0.02152235074610812,0.01025084871798753,0.02994783492379754,0,0.5136807560920715,156,intervention
15,800360,0.02187575929820168,0.01048954296857118,0.02991673948415212,0,0.566896915435791,156,intervention
18,810348,0.0245701643021379,0.01197501830756664,0.03346760441349668,0,0.47941654920578,156,intervention
21,792880,0.02239621620838265,0.01077641732990741,0.03073131527643288,0,0.5251331925392151,156,intervention
24,790280,0.02093676729448554,0.01005322579294443,0.02879350205997044,0,0.5334551334381104,156,intervention
27,809710,0.02180316660429147,0.01043082028627395,0.03001749043074763,0,0.6841755509376526,156,intervention
30,821560,0.02328945299005592,0.0112641816958785,0.03194605556119759,0,0.5983755588531494,156,intervention
33,810250,0.02325530660178727,0.0112729100510478,0.03184173981671784,0,0.6490405201911926,156,intervention
36,831728,0.02132255270562687,0.01025635842233896,0.02931163363755725,0,0.5434810519218445,156,intervention
39,824992,0.021221674226812,0.01014187838882207,0.02923628749502506,0,0.4543561339378357,156,intervention
42,827888,0.02167363593841422,0.01044219359755516,0.02972406257941522,0,0.6129453182220459,156,intervention
45,817520,0.0212577521185485,0.01018961891531944,0.02922497659666083,0,0.7240395545959473,156,intervention
48,833344,0.02114315725778078,0.01011668425053358,0.02920931183203441,0,0.4974751770496368,156,intervention
0,504000,0.02209847334855722,0.01057108771055936,0.03043642403009484,0,0.48736122250556946,157,intervention
3,505768,0.02189642711842264,0.01041885092854499,0.03026189937816778,0,0.44018393754959106,157,intervention
6,512923,0.02432901216571069,0.01169580873101949,0.03472940190613843,0,0.6767114400863647,157,intervention
9,511081,0.02341783226316501,0.01128707639873027,0.03193975860425208,0,0.5270437598228455,157,intervention
12,515822,0.02058641245296138,0.00985202193260192,0.0283420767342205,0,0.4520080387592316,157,intervention
15,546816,0.02180237866949646,0.0104662450030446,0.02992686111660699,0,0.5089103579521179,157,intervention
18,518064,0.02328881483996307,0.01130150444805622,0.03144500568991055,0,0.4748336672782898,157,intervention
21,527340,0.0237436000328544,0.01158501580357551,0.03263849038305479,0,0.566896915435791,157,intervention
24,545637,0.02096724391722774,0.01000859122723341,0.02897110401844797,0,0.4893432557582855,157,intervention
27,545221,0.02050583909095811,0.00975139997899532,0.02833319635734825,0,0.4789689779281616,157,intervention
30,541970,0.02344644220278465,0.01130766421556472,0.03226960358080286,0,0.7543994188308716,157,intervention
33,562548,0.02250917896980379,0.01092034298926591,0.03104447505762138,0,0.566896915435791,157,intervention
36,540618,0.02117975606552917,0.01009854767471551,0.02924950760736424,0,0.4789689779281616,157,intervention
39,536848,0.02132733621089159,0.01019109971821308,0.02934160627142034,0,0.5655374526977539,157,intervention
42,545032,0.02153817130731693,0.01029190607368946,0.02975261113836348,0,0.45265570282936096,157,intervention
45,543526,0.02151312193514739,0.0103092361241579,0.02967094281703073,0,0.646826446056366,157,intervention
48,509860,0.02118181653765695,0.01016545295715332,0.02912803247443048,0,0.6129453182220459,157,intervention
0,1186954,0.02163119420749535,0.01042083464562893,0.02983547498372094,0,0.5265645980834961,158,intervention
3,1154088,0.02189839344323314,0.0104662450030446,0.03019337573719284,0,0.4295085370540619,158,intervention
6,1179227,0.02422648844104464,0.01177204493433237,0.03329266610516632,0,0.6841755509376526,158,intervention
9,1226094,0.02193927306755198,0.01050963997840881,0.03017504020928068,0,0.5265645980834961,158,intervention
12,1173322,0.02339623115363988,0.0104586174711585,0.09174915759494076,0,15.681452751159668,158,intervention
15,1182720,0.02214112690257236,0.01064659655094146,0.03035971852335191,0,0.5475566387176514,158,intervention
18,1199418,0.02251510547892641,0.01077047456055879,0.03115697258516016,0,0.6546949148178101,158,intervention
21,1219000,0.02322948274592361,0.01117445714771747,0.03193933724397052,0,0.7391568422317505,158,intervention
24,1244880,0.0215903583240039,0.01031406223773956,0.03073705348587775,0,1.5084112882614136,158,intervention
27,1227583,0.02142273134320377,0.01018492504954338,0.03016151558134352,0,1.6420379877090454,158,intervention
30,1224070,0.0226988319419912,0.01090154610574245,0.03198442028245928,0,1.410789966583252,158,intervention
33,1257860,0.02420692525789113,0.01168049592524767,0.03415034675389556,0,1.897808313369751,158,intervention
36,1222836,0.02118067615141462,0.01008074451237917,0.02923560523262891,0,0.5102624893188477,158,intervention
39,1235126,0.02132913746521097,0.01017491333186626,0.02940019419340011,0,0.4723615348339081,158,intervention
42,1223640,0.02132392328152335,0.01025294139981269,0.02933947375242707,0,0.646826446056366,158,intervention
45,1262070,0.02159453940395994,0.01033827476203441,0.02998459853747422,0,0.8129153251647949,158,intervention
48,1228562,0.02125558376869189,0.01015836931765079,0.02934052800282738,0,0.527621328830719,158,intervention
0,2884792,0.02194839849400576,0.01048704423010349,0.03032149748706232,0,0.5938355326652527,159,intervention
3,2889900,0.02177392556753466,0.01041232794523239,0.0300558716398807,0,0.8166173100471497,159,intervention
6,2832485,0.02199081719167504,0.01043082028627395,0.03460508629188127,0,4.757055759429932,159,intervention
9,2944655,0.02177100106970125,0.01041232794523239,0.03010226210814685,0,0.6406480669975281,159,intervention
12,2941161,0.02097852239967601,0.01000859122723341,0.02904473262235215,0,0.7240395545959473,159,intervention
15,2896660,0.02089324776721007,0.01000852324068546,0.02877550230610019,0,0.566896915435791,159,intervention
18,2929232,0.02305808234581971,0.01112661883234977,0.03168031451468126,0,0.8991094827651978,159,intervention
21,2965088,0.02245994603228176,0.01076465100049972,0.0309439210757409,0,0.9142566919326782,159,intervention
24,2972172,0.02175012161762774,0.0104039441794157,0.03062750642875374,0,1.800220012664795,159,intervention
27,2901900,0.0214885383280875,0.01029190607368946,0.02948082870808759,0,0.6129453182220459,159,intervention
30,2966250,0.021916893932577428,0.0104662450030446,0.03075392719752287,0,2.0287437438964844,159,intervention
33,2949650,0.02229805914838785,0.01068205945193767,0.03072815245137646,0,0.6841755509376526,159,intervention
36,2881296,0.02119149742181777,0.01010818034410476,0.0291683123109288,0,0.7368083000183105,159,intervention
39,2844276,0.02141304177958245,0.01022590510547161,0.0294924691825963,0,0.6490405201911926,159,intervention
42,2893337,0.02134525974545773,0.01022830791771411,0.0293590634990729,0,0.7454280257225037,159,intervention
45,2968440,0.02144209362232681,0.01027111522853374,0.02950368894859252,0,0.6073858141899109,159,intervention
48,2951380,0.02123528976472687,0.01014106068760156,0.02923214864247713,0,0.6633915305137634,159,intervention
0,2778885,0.02151121365856158,0.0103092361241579,0.02960328824037792,0,0.590380847454071,16,intervention
3,2743992,0.02125319194958632,0.01016445457935333,0.02926423851722525,0,0.6611399054527283,16,intervention
6,2768815,0.02268562198151203,0.01092802267521619,0.03105793286898789,0,0.5813720226287842,16,intervention
9,2742111,0.0219037128327999,0.01055160351097583,0.03013802659570052,0,0.7454280257225037,16,intervention
12,2725797,0.02113791717968197,0.01009745616465807,0.02907366981661169,0,0.5265645980834961,16,intervention
15,2733852,0.02117543665450901,0.01010505203157663,0.02907177111669692,0,0.568489134311676,16,intervention
18,2762100,0.02176296660826778,0.01046620961278677,0.02999334176734314,0,0.6633915305137634,16,intervention
21,2748915,0.02214997656590134,0.01062033604830503,0.03053282317705325,0,0.6841755509376526,16,intervention
24,2727342,0.02111729798045498,0.01009680330753326,0.02910302865779664,0,0.6490405201911926,16,intervention
27,2710780,0.0212962515591385,0.01019817870110273,0.02930972283553405,0,0.5732651948928833,16,intervention
30,2793900,0.02259120376428178,0.01091327797621488,0.03113259938247372,0,0.6445474624633789,16,intervention
33,2738800,0.02176622657480871,0.01043082028627395,0.03002238744103707,0,0.7035055756568909,16,intervention
36,2673104,0.02122529248839778,0.01011413894593715,0.02923374187108436,0,0.6748842597007751,16,intervention
39,2721600,0.02139760063999725,0.010235887952148909,0.02945009094585876,0,0.646826446056366,16,intervention
42,2665054,0.0212871307143925,0.01019067037850618,0.02924234238986428,0,0.6841755509376526,16,intervention
45,2674804,0.02127200662188252,0.01012823544442653,0.02926850177582312,0,0.5679451823234558,16,intervention
48,2675871,0.02128743831790416,0.01012286450713872,0.02931162024937225,0,0.6073858141899109,16,intervention
0,2346394,0.02149122837092107,0.01029649283736944,0.029482719897072,0,0.5089103579521179,160,intervention
3,2268786,0.02118776791005864,0.01008417829871177,0.02920549625760125,0,0.607815682888031,160,intervention
6,2339379,0.02244356222946559,0.01077434606850147,0.03105102370872051,0,0.6841755509376526,160,intervention
9,2300644,0.02203080387701823,0.01054790243506431,0.03038434523278544,0,0.7933202385902405,160,intervention
12,2309616,0.02145258610788511,0.01021558325737714,0.02957140900756078,0,0.566896915435791,160,intervention
15,2347366,0.02114462257543675,0.01009745616465807,0.02926163615660068,0,0.566896915435791,160,intervention
18,2295000,0.02231248880576862,0.01069426815956831,0.03056967872962763,0,0.6075363755226135,160,intervention
21,2280817,0.02300311395439474,0.01103766914457082,0.03164714833808069,0,0.6013466715812683,160,intervention
24,2382724,0.02107250591149418,0.01009680330753326,0.02896860478837536,0,0.5533496737480164,160,intervention
27,2397040,0.02167460716152845,0.01043082028627395,0.02981347552285829,0,0.5754531621932983,160,intervention
30,2335992,0.02215701002269837,0.01062782667577266,0.03052179766312991,0,0.566896915435791,160,intervention
33,2372656,0.02238393339105741,0.01080025546252727,0.03073045215000488,0,0.7454280257225037,160,intervention
36,2379825,0.02142632678377527,0.01023883651942014,0.02947397732229736,0,0.5423440337181091,160,intervention
39,2344622,0.02155944012568098,0.0103092361241579,0.02966679101683328,0,0.566896915435791,160,intervention
42,2354856,0.02139264648489198,0.0101961325854063,0.02942996160629576,0,0.6014378666877747,160,intervention
45,2394368,0.02128049972755107,0.01017354428768158,0.02921972897224746,0,0.566896915435791,160,intervention
48,2337300,0.02122575263085712,0.0101011274382472,0.02919044710829716,0,0.5679451823234558,160,intervention
0,978782,0.02165625008088711,0.01041232794523239,0.0298157129170989,0,0.5367595553398132,161,intervention
3,922528,0.02182394200616073,0.01044643856585025,0.03014585142363511,0,0.5744583010673523,161,intervention
6,960960,0.02266142755661755,0.01093530934303999,0.03097995800956228,0,0.4890928566455841,161,intervention
9,987940,0.0224865868410168,0.0108988219872117,0.03073154475980579,0,0.5477128624916077,161,intervention
12,1004988,0.02238919518797592,0.01076944358646869,0.03108813801478768,0,0.5599691271781921,161,intervention
15,1004756,0.02258103064277478,0.01078864000737667,0.031228214196752,0,0.5919857621192932,161,intervention
18,990760,0.02307102787250745,0.01111103035509586,0.03206141899799881,0,0.6129453182220459,161,intervention
21,1012220,0.02294097414423081,0.01111360732465982,0.03175725067504691,0,0.6075363755226135,161,intervention
24,985490,0.02199448801074287,0.01056065782904625,0.03039758391202523,0,0.566896915435791,161,intervention
27,996672,0.02173295322885414,0.0103808818385005,0.0300705329980419,0,0.6416388154029846,161,intervention
30,979800,0.02300482091339072,0.01113934535533189,0.03169297679902513,0,0.52360600233078,161,intervention
33,999779,0.02276837444654783,0.01108992286026477,0.03123516818098023,0,0.540640115737915,161,intervention
36,991908,0.02138976167958584,0.01025302521884441,0.02941313333816701,0,0.518211841583252,161,intervention
39,991746,0.02137759902011496,0.01025084871798753,0.0294734076971846,0,0.566896915435791,161,intervention
42,1001814,0.02147848795108184,0.01028378121554851,0.02960187616166926,0,0.5754531621932983,161,intervention
45,1018842,0.02131257117199586,0.01026951801031828,0.02932775051765904,0,0.566896915435791,161,intervention
48,1009736,0.02114233344772392,0.01009680330753326,0.02921329137239315,0,0.5856093168258667,161,intervention
0,7414693,0.02147957819619357,0.01027162559330463,0.02962342950419319,0,0.7062552571296692,162,intervention
3,7177998,0.02159813822809128,0.0103092361241579,0.03006244570926963,0,2.057553768157959,162,intervention
6,7272209,0.02242149405439247,0.01071594655513763,0.03084047025433073,0,0.677627682685852,162,intervention
9,7021539,0.02199045831625033,0.01051100250333547,0.03028635358023969,0,1.1746180057525637,162,intervention
12,7390230,0.02125373947239138,0.01016230974346399,0.02930536452752765,0,1.194376826286316,162,intervention
15,7262664,0.02170875460411767,0.01027532387524843,0.03335360587063069,0,3.846293210983277,162,intervention
18,7214475,0.02215952788388464,0.01062782667577266,0.03063882118250224,0,1.4024897813796997,162,intervention
21,7171635,0.02207346591100722,0.01055885944515466,0.03114454739738178,0,3.372846841812134,162,intervention
24,7326000,0.02124257357973937,0.01009703893214464,0.02986228903478047,0,2.066420555114746,162,intervention
27,7292688,0.02161001081839979,0.01033576671034097,0.03002523892757207,0,1.52898371219635,162,intervention
30,7231850,0.02173463967045277,0.01038643904030323,0.03046295585538002,0,2.04778790473938,162,intervention
33,7284520,0.02180083630628073,0.01041770819574594,0.03021307583330889,0,1.1277276277542114,162,intervention
36,7292460,0.02130747932880559,0.01019003521651029,0.02936344080078971,0,0.6897217631340027,162,intervention
39,7275750,0.02136904385011628,0.0101961325854063,0.02964710027648202,0,1.4356391429901123,162,intervention
42,7273613,0.02129266593178842,0.01014187838882207,0.02947407733150855,0,1.1769490242004397,162,intervention
45,7171459,0.02141194636739701,0.01019968371838331,0.03024663844458481,0,3.2823731899261475,162,intervention
48,7248800,0.02167448688968257,0.01029190607368946,0.03266366270200162,0,6.3232340812683105,162,intervention
0,2305840,0.02123677736619751,0.01014526281505823,0.02917112690343345,0,0.5890173316001892,163,intervention
3,2274063,0.02157301129380197,0.01033576671034097,0.02971242670338448,0,0.5744583010673523,163,intervention
6,2268027,0.02288427844516926,0.01103017386049032,0.031529975175867087,0,0.7036703824996948,163,intervention
9,2281580,0.02174871101103559,0.01036267355084419,0.02998441377744349,0,0.6951104998588562,163,intervention
12,2258960,0.02156234012260816,0.0103092361241579,0.02976530654631306,0,0.618377149105072,163,intervention
15,2290610,0.02209125598389126,0.01061679329723119,0.03048101677994268,0,0.7543289065361023,163,intervention
18,2249936,0.02203071825549255,0.01062782667577266,0.03023012011611822,0,0.5422121286392212,163,intervention
21,2261820,0.02253335432084277,0.01079347264021635,0.03111772941612581,0,0.6841755509376526,163,intervention
24,2313432,0.02127299802573502,0.01019003521651029,0.029342891921627,0,0.7106826901435852,163,intervention
27,2324044,0.02109122114843871,0.010087203234434119,0.02904465027438913,0,0.7254270911216736,163,intervention
30,2272556,0.02278743713515872,0.011016177944839,0.03146560325758834,0,0.6841755509376526,163,intervention
33,2284326,0.02208674235800508,0.01062782667577266,0.03036633816301332,0,0.6129453182220459,163,intervention
36,2335932,0.02141593201921323,0.01029415894299745,0.02945897703978174,0,0.6129453182220459,163,intervention
39,2382350,0.02127286344345275,0.01018039416521787,0.02934874087128421,0,0.7748263478279114,163,intervention
42,2322572,0.02137989384881498,0.0102302823215723,0.02943126597244714,0,0.5644778609275818,163,intervention
45,2286095,0.02129740623983872,0.01017220877110958,0.02930315858777911,0,0.5270437598228455,163,intervention
48,2328555,0.02117963654295056,0.01013091392815113,0.02919389095685811,0,0.7551798224449158,163,intervention
0,6222721,0.02116168609970907,0.01009745616465807,0.02921637079488656,0,1.0412328243255615,164,intervention
3,6226767,0.02124544478685674,0.01016669906675815,0.02932827689348684,0,0.8722015023231506,164,intervention
6,6348551,0.0214043898128722,0.01027149986475706,0.02947036083689259,0,1.0554845333099363,164,intervention
9,6249848,0.02201229486704633,0.0105612026527524,0.03039326733405213,0,0.6841755509376526,164,intervention
12,6325088,0.02140340648697814,0.01019109971821308,0.02948302529043156,0,0.6841755509376526,164,intervention
15,6191576,0.02172947831275472,0.01041232794523239,0.0299409614536108,0,0.8624358177185059,164,intervention
18,6200985,0.02156971641114098,0.010292649269104,0.0300315041582545,0,1.989286422729492,164,intervention
21,6289492,0.02292968870672076,0.01103042345494031,0.0318170588673376,0,1.2650434970855713,164,intervention
24,6264962,0.02120283195838417,0.01012286450713872,0.02927134318854099,0,0.7952021360397339,164,intervention
27,6227014,0.02154426652743071,0.01032372750341892,0.02968417289633343,0,0.7240395545959473,164,intervention
30,6280953,0.02270806522772465,0.01091579161584377,0.03134461743728657,0,1.151662826538086,164,intervention
33,6251508,0.02218277991658336,0.01062963623553514,0.0305470265998155,0,0.6303806900978088,164,intervention
36,6337515,0.02143429371382809,0.01027532387524843,0.02972638207065401,0,1.322382926940918,164,intervention
39,6171748,0.02130335708630263,0.01016545295715332,0.02947975949045189,0,0.8355916738510132,164,intervention
42,6243557,0.02138331003310308,0.01022590510547161,0.02955005272878085,0,0.897797703742981,164,intervention
45,6294728,0.02131852428796176,0.01018881052732467,0.02939875001070962,0,0.7223019003868103,164,intervention
48,6280820,0.02187209239112229,0.01018039416521787,0.06004774994811848,0,16.37877655029297,164,intervention
0,1165188,0.02079502384701303,0.0099553233012557,0.02862094707888004,0,0.5227924585342407,165,intervention
3,1108184,0.02233564390630809,0.01063420251011848,0.03088862600254319,0,0.5477128624916077,165,intervention
6,1145418,0.02269851032854413,0.01105294004082679,0.03085318615542535,0,0.5271666049957275,165,intervention
9,1133549,0.02299738098260926,0.01107874885201454,0.03163330799142212,0,0.566896915435791,165,intervention
12,1171804,0.0214648085177978,0.0103594958782196,0.02935207489090673,0,0.49621522426605225,165,intervention
15,1173930,0.02141656031398267,0.01025223731994628,0.02993643576085889,0,0.566896915435791,165,intervention
18,1160994,0.02311016576130885,0.01105178985744714,0.03202969251566526,0,0.6490405201911926,165,intervention
21,1127835,0.02088973336503255,0.01001198682934045,0.02875786759977594,0,0.5065930485725403,165,intervention
24,1196692,0.02100915921556652,0.01004857011139392,0.02893331683047673,0,0.5873621106147766,165,intervention
27,1175031,0.02157476094097657,0.01039296761155128,0.02955004095046983,0,0.6346561908721924,165,intervention
30,1181040,0.02280886307338051,0.01091579161584377,0.03132521798023836,0,0.5744583010673523,165,intervention
33,1188918,0.02192409785015736,0.01050266064703464,0.03021008927493217,0,0.566896915435791,165,intervention
36,1182626,0.02113795016619215,0.01015836931765079,0.02900069447611657,0,0.524914026260376,165,intervention
39,1177125,0.02137689957025026,0.01019048132002353,0.02941770501447226,0,0.6129453182220459,165,intervention
42,1156194,0.0212732796123902,0.01015836931765079,0.02927994189429891,0,0.621270477771759,165,intervention
45,1193346,0.02141384855689606,0.01024343632161617,0.0294449270333726,0,0.6546949148178101,165,intervention
48,1170580,0.0211895600031225,0.01010905671864748,0.02915920277358048,0,0.522346019744873,165,intervention
0,5221125,0.02190390052289644,0.01056420337408781,0.03010612772161136,0,0.6009652614593506,166,intervention
3,5132448,0.02155379037183387,0.0103092361241579,0.02988485735652443,0,1.1543198823928833,166,intervention
6,5012760,0.02178599650169913,0.01037645898759365,0.03298770651883585,0,4.854554176330566,166,intervention
9,5303553,0.02320057430163802,0.01123632583767175,0.03199990154205753,0,0.9191992282867432,166,intervention
12,5139225,0.02110723915341416,0.01007654145359993,0.02913369042945809,0,0.7723872065544128,166,intervention
15,5155128,0.02123659475922137,0.01019000075757503,0.02960047435866064,0,2.434083938598633,166,intervention
18,5241790,0.02151875272015716,0.01030320953577756,0.03047958806377558,0,2.4535927772521973,166,intervention
21,5116448,0.02273945845423211,0.01091579161584377,0.03134676118434985,0,0.7748263478279114,166,intervention
24,5262211,0.021452835620004,0.01029190607368946,0.02957096529172302,0,0.919383704662323,166,intervention
27,5177768,0.0210442705491592,0.01007654145359993,0.02896516465762962,0,0.618377149105072,166,intervention
30,5283012,0.02208608037272595,0.01062040124088525,0.03034712280326367,0,0.6679729223251343,166,intervention
33,5159502,0.02235177093835962,0.01073819398880004,0.0309191887604512,0,1.0360909700393677,166,intervention
36,5103056,0.02127639218879713,0.01015228033065795,0.02934420920359466,0,0.6283117532730103,166,intervention
39,5205222,0.02138309108848774,0.01023582555353641,0.02967353282407907,0,1.1684842109680176,166,intervention
42,5071455,0.02133175291401611,0.01021051127463579,0.02935081846631395,0,0.7099963426589966,166,intervention
45,5196118,0.02134151337957475,0.01017883140593767,0.02949940308795831,0,0.8625736236572266,166,intervention
48,5127804,0.02137634360007418,0.01019109971821308,0.03041980730892377,0,2.9303083419799805,166,intervention
0,3953482,0.02101932575282551,0.01004217844456434,0.02898020881601171,0,0.8428496718406677,167,intervention
3,3861000,0.02167587435404193,0.0103092361241579,0.03150519693398788,0,3.767117977142334,167,intervention
6,3963792,0.02225718789883117,0.01065841224044561,0.03065900788481108,0,1.4370379447937012,167,intervention
9,4041768,0.02151424605383755,0.01030545681715011,0.02960227035159347,0,0.8258377909660339,167,intervention
12,3971320,0.02116633188728597,0.01010505203157663,0.029066665134918922,0,0.566896915435791,167,intervention
15,4081868,0.02138363445808177,0.01029190607368946,0.02938854957584498,0,0.568489134311676,167,intervention
18,3977380,0.0230988189392571,0.01113719306886196,0.03183460474731171,0,0.6841755509376526,167,intervention
21,4069926,0.02157976373430791,0.0103261349722743,0.02982978294608603,0,0.6994975805282593,167,intervention
24,3970824,0.02155882485569142,0.01022313255816698,0.03307208805529334,0,4.470376968383789,167,intervention
27,3946488,0.02144311963268269,0.01027000602334737,0.02948450890401604,0,0.6857874393463135,167,intervention
30,4026753,0.02236831893789678,0.0107480389997363,0.03080426242735805,0,0.6129453182220459,167,intervention
33,4116357,0.02205779131400717,0.01063132192939519,0.03043541049076269,0,0.7454280257225037,167,intervention
36,4072035,0.02117135457076547,0.01014976296573877,0.02914692468858383,0,0.5679451823234558,167,intervention
39,4044040,0.02124834109485652,0.01017077267169952,0.02931736747888832,0,0.8250330090522766,167,intervention
42,3993496,0.02151669533388057,0.01028176397085189,0.02971900906593291,0,0.90203058719635,167,intervention
45,3989626,0.02139636886347627,0.01025426480919122,0.02945103668902335,0,0.5744583010673523,167,intervention
48,3969636,0.02126810187724186,0.01018474344164133,0.0292730525624007,0,0.5744583010673523,167,intervention
0,5733588,0.02128980441331136,0.01016408950090408,0.02934627435599688,0,1.0377135276794434,168,intervention
3,5849122,0.02126636901722325,0.01014051400125026,0.02943130681285265,0,1.1409612894058228,168,intervention
6,5799066,0.02249074054997385,0.01072551310062408,0.03163183592494815,0,2.009634017944336,168,intervention
9,5808254,0.02264111451235642,0.01085458509624004,0.03128532079621383,0,0.862949788570404,168,intervention
12,5730212,0.02150945396787425,0.01014846842736005,0.03260734693979771,0,5.200573921203613,168,intervention
15,5773925,0.02131268927336906,0.01010818034410476,0.02997409314628433,0,1.897579312324524,168,intervention
18,5884800,0.02271236404499783,0.01028378121554851,0.10712461257163752,0,34.53966522216797,168,intervention
21,5870304,0.02207522678954288,0.01056268438696861,0.03048184613597843,0,1.2283375263214111,168,intervention
24,5813772,0.02136241947031733,0.01013289298862218,0.03129624885549791,0,3.6501340866088863,168,intervention
27,5720703,0.02148064988937205,0.01020356640219688,0.03063561506332609,0,3.052530527114868,168,intervention
30,5743673,0.02288320433769341,0.01100242976099252,0.03143892179352527,0,0.5829152464866638,168,intervention
33,5790052,0.02523324582081595,0.01041232794523239,0.29812939238121006,0,129.17617797851562,168,intervention
36,5766602,0.02133349883539194,0.01014051400125026,0.02964897545714145,0,1.547646403312683,168,intervention
39,5776212,0.02140349816003154,0.01015533600002527,0.03068989690216796,0,2.4846949577331543,168,intervention
42,5760760,0.02136486585910862,0.01017220877110958,0.02953324176740168,0,1.184861183166504,168,intervention
45,5918760,0.02135863520644581,0.01018039416521787,0.0294392964827141,0,0.6910526752471924,168,intervention
48,5828088,0.02124858901263654,0.01014187838882207,0.02965679526134049,0,2.11413311958313,168,intervention
0,2875932,0.0217253403462795,0.01043082028627395,0.02974812195098403,0,0.832928478717804,169,intervention
3,2873664,0.02142921056332474,0.01029190607368946,0.02937382691874685,0,0.5983755588531494,169,intervention
6,2910400,0.02332916443715113,0.01120795495808124,0.03476092050171549,0,2.871096611022949,169,intervention
9,2925430,0.0218599206406035,0.01050332095474004,0.02995736267661283,0,0.566896915435791,169,intervention
12,3022965,0.02129782513965786,0.01015836931765079,0.02934942127025209,0,1.2253262996673584,169,intervention
15,2962440,0.02166935785511776,0.01036267355084419,0.02974993579043671,0,0.566896915435791,169,intervention
18,3009549,0.02201785821922895,0.01055414974689483,0.03040763342121105,0,0.7301731109619141,169,intervention
21,2956650,0.0218534690118077,0.01049440819770097,0.03012985567333568,0,0.5523422956466675,169,intervention
24,2977294,0.02139240451283858,0.01025699637830257,0.02942753633944498,0,0.566896915435791,169,intervention
27,2954736,0.02130137533337972,0.0101230964064598,0.03053633233978549,0,3.818016767501831,169,intervention
30,2906496,0.02267731741926895,0.01091579161584377,0.03112618110814711,0,1.0412328243255615,169,intervention
33,2970880,0.02285977312909547,0.01102927885949611,0.03161349113352938,0,0.7764635682106018,169,intervention
36,2961400,0.02144457198489991,0.01014429330825805,0.03100290644414614,0,2.8923134803771973,169,intervention
39,2985695,0.02136121188327671,0.01020774897187948,0.02944862890017306,0,0.6841755509376526,169,intervention
42,3029130,0.02132817601867081,0.01020378991961479,0.02938167261802569,0,0.6841755509376526,169,intervention
45,3034563,0.02149503663985631,0.01027808338403701,0.03006493738010814,0,2.338449716567993,169,intervention
48,2954232,0.02119776195281635,0.01014187838882207,0.0291282820562169,0,0.566896915435791,169,intervention
0,2009174,0.02078091634098209,0.00994436349719762,0.02860402043287138,0,0.566896915435791,17,intervention
3,1994286,0.02167665420688643,0.01038174889981746,0.02965871595239566,0,0.5744583010673523,17,intervention
6,1968345,0.02180774919669936,0.01041232794523239,0.02997929745888482,0,0.566896915435791,17,intervention
9,2049060,0.02178975395461278,0.01043082028627395,0.02980871567287946,0,0.5744583010673523,17,intervention
12,1979585,0.02148271434537358,0.01027149986475706,0.0295415377195022,0,0.5169872641563416,17,intervention
15,2035305,0.02143629649723715,0.01024072710424661,0.0296435134504555,0,0.6711089015007019,17,intervention
18,2021508,0.02278320805810026,0.01096756104379892,0.03139726255670773,0,0.6255710124969482,17,intervention
21,2028330,0.02205887777340476,0.01054655667394399,0.03040317307709896,0,0.6416388154029846,17,intervention
24,2013365,0.02155808249939572,0.01031406223773956,0.02966244782473388,0,0.646826446056366,17,intervention
27,1990345,0.02117857294826602,0.0101375700905919,0.02894848611198524,0,0.4789689779281616,17,intervention
30,2006289,0.02197583719894764,0.01055414974689483,0.03023868463519016,0,0.6129453182220459,17,intervention
33,1962132,0.02271731585933814,0.01090557221323251,0.03135365385829673,0,1.0067538022994995,17,intervention
36,1994034,0.02137124296860748,0.01018881052732467,0.0294343499743452,0,0.5731635093688965,17,intervention
39,1989300,0.02152602720914858,0.01029190607368946,0.02964257526954242,0,0.5750839114189148,17,intervention
42,1965028,0.02144142169111431,0.01027693971991539,0.02950231968100333,0,0.646826446056366,17,intervention
45,1997460,0.02125408805706922,0.01014187838882207,0.02928577473735485,0,0.566896915435791,17,intervention
48,2012472,0.02137374949640364,0.01024466659873724,0.02945604759970447,0,0.5311801433563232,17,intervention
0,573786,0.02054381761087022,0.00972972717136144,0.02817513567849804,0,0.5022333860397339,170,intervention
3,579462,0.02142103597984536,0.0102332467213273,0.02947894446867106,0,0.5813720226287842,170,intervention
6,574560,0.02493766932628204,0.01201114989817142,0.03466549381356652,0,0.6857874393463135,170,intervention
9,583440,0.023174741203977,0.01119368895888328,0.03179410457158191,0,0.5478178858757019,170,intervention
12,586675,0.02234498253055153,0.01065589115023613,0.03094998198634262,0,0.6129453182220459,170,intervention
15,563010,0.0212784734815131,0.009916502982378,0.03268250355079861,0,2.1125149726867676,170,intervention
18,532275,0.02231317523197194,0.01077781803905963,0.03053695587713196,0,0.49621522426605225,170,intervention
21,598290,0.02276869951620815,0.01093292329460382,0.03156111962975248,0,0.6013466715812683,170,intervention
24,602950,0.02152047956425829,0.01009745616465807,0.03009941422216424,0,1.0099902153015137,170,intervention
27,594440,0.02195664062692278,0.01055749412626028,0.03042518875992685,0,0.6238834857940674,170,intervention
30,590520,0.0225872946401585,0.0108416574075818,0.03099613833192675,0,0.6841755509376526,170,intervention
33,592124,0.02336677328961632,0.01127820834517479,0.03211070071389556,0,0.49585404992103577,170,intervention
36,571500,0.02123626188783671,0.01009680330753326,0.02936809165315117,0,0.49621522426605225,170,intervention
39,584460,0.0213117865527754,0.01016118377447128,0.02929376366383991,0,0.4643088579177856,170,intervention
42,592851,0.02126373846791977,0.01018515881150961,0.02934529120638767,0,0.625605583190918,170,intervention
45,591297,0.02126812199085814,0.01019173208624124,0.02927751790116668,0,0.6233354210853577,170,intervention
48,592891,0.02142227552585216,0.0101256426423788,0.02969590385233197,0,0.5477128624916077,170,intervention
0,415968,0.02145808932676102,0.0102575272321701,0.02912396644304411,0,0.4018164277076721,171,intervention
3,433656,0.02167250904143551,0.01021736580878496,0.02999215041010415,0,0.4643088579177856,171,intervention
6,421476,0.02486134483227204,0.01190952584147453,0.03428679340677721,0,0.5022333860397339,171,intervention
9,421344,0.02399296507538153,0.01158355455845594,0.03298766805420121,0,0.5318834781646729,171,intervention
12,408759,0.021708696057286,0.0103808818385005,0.02999769846635939,0,0.4904272258281708,171,intervention
15,424072,0.02102138502744768,0.01004217844456434,0.02886115125058428,0,0.4530507028102875,171,intervention
18,412824,0.02649690285287978,0.01284420676529407,0.03690099764777303,0,0.6095021367073059,171,intervention
21,443072,0.02406653615548571,0.01164101157337427,0.03320789314494841,0,0.5241822600364685,171,intervention
24,450840,0.02160574466944528,0.01029649283736944,0.02973011107375768,0,0.4515405595302582,171,intervention
27,432150,0.02227847125430776,0.01075916457921266,0.03063279584515172,0,0.566896915435791,171,intervention
30,446850,0.02362350741814272,0.01144211925566196,0.03264410534337384,0,0.5846036076545715,171,intervention
33,415378,0.02333300891790704,0.01128216832876205,0.03211093893120639,0,0.49621522426605225,171,intervention
36,429650,0.02089252261244239,0.01001185365021228,0.02874542682280812,0,0.4643088579177856,171,intervention
39,424446,0.02122596291835081,0.01017220877110958,0.02912259694125999,0,0.457485169172287,171,intervention
42,429660,0.02120771733686438,0.01017417944967746,0.02925436533551596,0,0.47951334714889526,171,intervention
45,427667,0.02159950338522787,0.01041232794523239,0.02968975263352568,0,0.5089103579521179,171,intervention
48,421201,0.02111443438784284,0.01007654145359993,0.02897774341482327,0,0.646826446056366,171,intervention
0,1491412,0.02084372315195578,0.00992830656468868,0.02864495576097471,0,0.49585404992103577,172,intervention
3,1566663,0.02215330146813046,0.01062033604830503,0.03042009803874888,0,0.5983755588531494,172,intervention
6,1559677,0.02185987573492751,0.01047576311975717,0.03014990480763169,0,0.6018474102020264,172,intervention
9,1525144,0.02253766383085619,0.01080449111759662,0.03086319295603978,0,0.5533496737480164,172,intervention
12,1583360,0.02195179254177266,0.01060641929507255,0.03015544509700319,0,0.5367595553398132,172,intervention
15,1573390,0.02175672065161428,0.01043082028627395,0.02988011718092265,0,0.5877342224121094,172,intervention
18,1601148,0.02320679064701907,0.01121725607663393,0.03201576723022718,0,0.5784626603126526,172,intervention
21,1562139,0.02351848681432997,0.01129643060266971,0.03239353391080249,0,0.7301731109619141,172,intervention
24,1564217,0.02156571521926709,0.01029190607368946,0.02964656785514876,0,0.566896915435791,172,intervention
27,1587479,0.02183965128281027,0.01054169703274965,0.03001266215737639,0,0.6249127984046936,172,intervention
30,1529944,0.02224008616543556,0.01065963134169578,0.03054250857813797,0,0.5813720226287842,172,intervention
33,1562304,0.02198913461113611,0.01052020862698555,0.03026962289452005,0,0.566896915435791,172,intervention
36,1586068,0.02126042000843281,0.01018474344164133,0.02908992864513084,0,0.5099915862083435,172,intervention
39,1606316,0.02123158005591518,0.01013870444148779,0.02927563817951902,0,0.5744583010673523,172,intervention
42,1605854,0.02137680093462897,0.01029190607368946,0.02946249653800342,0,0.5744583010673523,172,intervention
45,1612275,0.02137558510776059,0.01026951801031828,0.02934995590701583,0,0.5679451823234558,172,intervention
48,1570842,0.02155994148294726,0.01036267355084419,0.02958563746504024,0,0.5120977163314819,172,intervention
0,2171182,0.02136998233345376,0.01022313255816698,0.02937240107317229,0,0.5866675972938538,173,intervention
3,2284560,0.02155992209272776,0.01032416895031929,0.02963823618019467,0,0.4794234931468963,173,intervention
6,2187392,0.02252821863033601,0.01074666902422905,0.03109062853060876,0,0.6129453182220459,173,intervention
9,2155008,0.02245715159451839,0.01072248443961143,0.030909277532225488,0,0.5744583010673523,173,intervention
12,2144650,0.02167353784064751,0.01035648304969072,0.02989501897493063,0,0.7454280257225037,173,intervention
15,2206827,0.02166647084559167,0.01022561267018318,0.03729005144949485,0,5.705502033233643,173,intervention
18,2249991,0.02262413730312957,0.01090021431446075,0.03106716692286294,0,0.5432599782943726,173,intervention
21,2239506,0.02322053423494861,0.01115338783711195,0.03210683178778332,0,0.7047480344772339,173,intervention
24,2205224,0.02133979569167176,0.0101826200261712,0.02937781683349447,0,0.6935210227966309,173,intervention
27,2240960,0.02208143425299428,0.01062782667577266,0.0304185480777391,0,0.6322667002677917,173,intervention
30,2263514,0.02266025620670365,0.01088396646082401,0.03119221416647644,0,0.6053027510643005,173,intervention
33,2255563,0.02308582303245316,0.01111513003706932,0.03181310716381947,0,0.6767114400863647,173,intervention
36,2258720,0.02150926312973932,0.01019830256700515,0.03220196462586346,0,3.5187394618988037,173,intervention
39,2311788,0.02146335949525448,0.01027149986475706,0.02961580091057834,0,0.65776824951171875,173,intervention
42,2245320,0.02133244376772974,0.01021746080368757,0.02933689292680466,0,0.5463636517524719,173,intervention
45,2292718,0.02165099535735368,0.01035778131335973,0.03029911021376111,0,1.8168604373931885,173,intervention
48,2276825,0.02129427531973525,0.01018474344164133,0.02929625114750811,0,0.6572092175483704,173,intervention
0,1982066,0.02173817755880033,0.01036980375647544,0.02997392561388601,0,0.6013466715812683,174,intervention
3,2085930,0.02094632404495416,0.01001209951937198,0.02884682829017678,0,0.5346450209617615,174,intervention
6,1998240,0.02169639277670435,0.01041570212692022,0.02989067591600951,0,0.6679729223251343,174,intervention
9,2024096,0.02316478839038538,0.01112378947436809,0.031932832120972,0,0.5983755588531494,174,intervention
12,2040520,0.02122707809610007,0.01015286613255739,0.02924050280243842,0,0.7368083000183105,174,intervention
15,1995432,0.02116314095583587,0.01012404728680849,0.0291577018815327,0,0.5605268478393555,174,intervention
18,2009717,0.02218178464204278,0.01060935948044061,0.03047235936804068,0,0.5813720226287842,174,intervention
21,2011712,0.02188185434319657,0.01052143983542919,0.03011785649644393,0,0.5745471119880676,174,intervention
24,2011536,0.02113977807481225,0.01010905671864748,0.02914271215621696,0,0.6129453182220459,174,intervention
27,2027394,0.02122351880848143,0.01013426389545202,0.02914481712373709,0,0.6075363755226135,174,intervention
30,1977864,0.02224271558044785,0.01063757296651601,0.03061643704302094,0,0.6841755509376526,174,intervention
33,2025092,0.02232804700681234,0.01068482268601656,0.03075616464097411,0,0.7031702399253845,174,intervention
36,2011625,0.02128123677522416,0.01018039416521787,0.02936424249509488,0,0.7051038146018982,174,intervention
39,2006499,0.02110937312858792,0.01010818034410476,0.02904159398091636,0,0.6153317093849182,174,intervention
42,2041257,0.02122816518131996,0.01014187838882207,0.02925565207570364,0,0.7240395545959473,174,intervention
45,2021243,0.02152257094340716,0.01034844201058149,0.02969055819114013,0,0.6287680268287659,174,intervention
48,2048223,0.02125628717937898,0.01015473529696464,0.02925955855176498,0,0.5478178858757019,174,intervention
0,635500,0.02094477674538484,0.01007323712110519,0.02864487873446536,0,0.5057430863380432,175,intervention
3,604504,0.02141630019939561,0.01036267355084419,0.0291808245863564,0,0.4097482860088349,175,intervention
6,606265,0.02310143639011538,0.01114751957356929,0.03174277884298268,0,0.6147918701171875,175,intervention
9,641537,0.02370308492352461,0.01156925316900014,0.03254190507155558,0,0.5702458024024963,175,intervention
12,660953,0.02126192968419294,0.01024919003248214,0.02929289342394936,0,0.4941537380218506,175,intervention
15,642130,0.02211040046230854,0.01051750313490629,0.03061919568437669,0,0.5324156880378723,175,intervention
18,635700,0.02195298302908003,0.01054116431623697,0.02994237629661737,0,0.5418926477432251,175,intervention
21,633567,0.02269953228693006,0.01099919155240058,0.03121354808933373,0,0.49214521050453186,175,intervention
24,644805,0.02071623242957418,0.0099561596289277,0.0283623003903374,0,0.45781856775283813,175,intervention
27,654445,0.02197172246344312,0.01054693199694156,0.03030682427096686,0,0.4990524053573608,175,intervention
30,646316,0.02494811097859824,0.01195779535919427,0.03463016822753036,0,0.5553101301193237,175,intervention
33,638145,0.02334049903366069,0.0113152377307415,0.03205403711773998,0,0.6546949148178101,175,intervention
36,655200,0.0211164226644748,0.01011668425053358,0.02906750593465984,0,0.564775824546814,175,intervention
39,656075,0.02128179136024082,0.01014415733516216,0.02927594899662568,0,0.4789689779281616,175,intervention
42,640770,0.02111435722650269,0.01008323300629854,0.02908216363465803,0,0.5744583010673523,175,intervention
45,648674,0.02133938623276634,0.01022313255816698,0.02939415614093309,0,0.566896915435791,175,intervention
48,649572,0.02150061359042123,0.01025667786598205,0.02958940631756531,0,0.566896915435791,175,intervention
0,17883072,0.02167879242426046,0.01024385448545217,0.0370311913712732,0,11.349761009216309,176,intervention
3,17983872,0.02168764990103452,0.01035210955888032,0.03007012927808583,0,1.2417081594467163,176,intervention
6,18047946,0.02199737953811541,0.01052746828645467,0.03076160350033331,0,1.87082040309906,176,intervention
9,18129540,0.02149559711384092,0.01025635842233896,0.02982725675279117,0,1.5100812911987305,176,intervention
12,18137637,0.02135423116034188,0.01012821216136217,0.03066166458288553,0,4.333186626434326,176,intervention
15,18189201,0.02132457203221332,0.0101838894188404,0.02973822414251981,0,3.14447021484375,176,intervention
18,17902286,0.02159220070018049,0.01025538891553878,0.03180784721330165,0,5.904151916503906,176,intervention
21,18081000,0.02203395558733528,0.01042878907173872,0.03678996552802981,0,9.718173027038574,176,intervention
24,18160326,0.02137632761625958,0.01019817870110273,0.02988848723737081,0,2.164837598800659,176,intervention
27,18103425,0.02160013038741158,0.0102654006332159,0.03263623146930234,0,6.953178882598877,176,intervention
30,18095360,0.02215341961882776,0.01059952285140752,0.03095282772410819,0,2.1861724853515625,176,intervention
33,18023620,0.02227488246038545,0.01044824160635471,0.04383722752722855,0,15.396159172058104,176,intervention
36,18027940,0.02150091336022466,0.01020774897187948,0.03294707964685046,0,6.7680134773254395,176,intervention
39,18045455,0.02138911526393168,0.01022313255816698,0.02987963947004805,0,1.75974440574646,176,intervention
42,17820852,0.02146660725033698,0.01021746080368757,0.03002376190134992,0,1.471919298171997,176,intervention
45,18168816,0.02162130615813411,0.0103092361241579,0.03039455771070579,0,1.760547399520874,176,intervention
48,17866568,0.02134233713411807,0.01016987022012472,0.02950006599459798,0,0.9512082934379578,176,intervention
0,365264,0.02217587071642962,0.01061439141631126,0.03041151187700316,0,0.4643088579177856,177,intervention
3,371460,0.02090950759268487,0.01001617219299078,0.02871089119672775,0,0.4057401418685913,177,intervention
6,356384,0.02303267261461996,0.01101018581539392,0.03215654736700477,0,0.5927017331123352,177,intervention
9,367011,0.02374853183241244,0.01141783129423856,0.0324704457530873,0,0.489848792552948,177,intervention
12,375760,0.02099910940460807,0.01007323712110519,0.02867970519163978,0,0.45548078417778015,177,intervention
15,384780,0.02140460895458879,0.01012286450713872,0.02949866892834896,0,0.5001134276390076,177,intervention
18,385800,0.02397394341509288,0.01158355455845594,0.03298139163156222,0,0.5065930485725403,177,intervention
21,395012,0.02244957994478444,0.01070822682231664,0.03086528940927099,0,0.4810672700405121,177,intervention
24,402534,0.02168254417278393,0.01040024496614933,0.02977928942372921,0,0.4789689779281616,177,intervention
27,398157,0.0216739126035753,0.01040200237184763,0.02962201406877449,0,0.5754531621932983,177,intervention
30,415961,0.02581542237162558,0.01269509457051754,0.03535875595539334,0,0.6945234537124634,177,intervention
33,410865,0.02469003904031852,0.01196649484336376,0.03397400762407212,0,0.7164192795753479,177,intervention
36,405705,0.02096640016778626,0.01006832718849182,0.02874057605455585,0,0.481665313243866,177,intervention
39,397258,0.02140746901753166,0.01019453629851341,0.02947602993773643,0,0.45603105425834656,177,intervention
42,403398,0.02131610250903316,0.01015223003923893,0.0294238691351673,0,0.4789689779281616,177,intervention
45,400520,0.02179340951392793,0.01043082028627395,0.02995646496266349,0,0.4587876200675965,177,intervention
48,423576,0.021376330196088,0.01036149635910987,0.02931074513954389,0,0.48736122250556946,177,intervention
0,5195614,0.02144732780467204,0.0102478303015232,0.03046715557815993,0,2.1068339347839355,178,intervention
3,5047853,0.02163446899533054,0.01037773583084344,0.02970497263475973,0,0.7454280257225037,178,intervention
6,5179590,0.0219263841550362,0.01050102151930332,0.03016572642335407,0,0.646826446056366,178,intervention
9,5112419,0.02250685750928547,0.01051750313490629,0.05675028844753054,0,13.392379760742188,178,intervention
12,5039078,0.02130271988909222,0.01016230974346399,0.02952502480558464,0,1.3326226472854614,178,intervention
15,5066496,0.02149071720942022,0.0103092361241579,0.0294192412328493,0,0.6657078266143799,178,intervention
18,5073200,0.02211739034366031,0.0104936696588993,0.03491301680100084,0,4.960317611694336,178,intervention
21,5040916,0.02205828903464708,0.01051640044897794,0.03217757471340785,0,3.9992806911468506,178,intervention
24,5093373,0.02169347829625767,0.01038636267185211,0.03015659336399537,0,1.2611610889434814,178,intervention
27,5001253,0.0214080267055664,0.0102657014504075,0.02943641497370387,0,0.7368083000183105,178,intervention
30,5164380,0.0218083832019673,0.01041694544255733,0.03022862370276736,0,1.1497119665145874,178,intervention
33,4988547,0.02154100429106143,0.01029190607368946,0.0298913173714649,0,1.4055933952331543,178,intervention
36,5073200,0.02126447017334933,0.01015223003923893,0.0292853508026337,0,0.625605583190918,178,intervention
39,5039720,0.02132164526209047,0.01021783147007227,0.02932833119269818,0,0.7050100564956665,178,intervention
42,5016648,0.024022099276158,0.01019985880702734,0.2139085242140264,0,62.05527114868164,178,intervention
45,5074956,0.02130838152463068,0.01018474344164133,0.02960595549231754,0,1.7800356149673462,178,intervention
48,5009242,0.02145823463746904,0.01022313255816698,0.03010995500559642,0,2.263385772705078,178,intervention
0,1836972,0.02158284257196198,0.0104011446237564,0.02968588792250029,0,0.5688398480415344,179,intervention
3,1824840,0.02139922218300172,0.010303795337677,0.02933912404371971,0,0.6841755509376526,179,intervention
6,1877890,0.02362524868998314,0.01139396149665117,0.03267360285575675,0,0.6013466715812683,179,intervention
9,1862384,0.02263081153510262,0.01085458509624004,0.03119236270641575,0,0.6607996225357056,179,intervention
12,1856473,0.02126909830864081,0.01014187838882207,0.02940002320034389,0,0.5237836241722107,179,intervention
15,1812682,0.02126313087308318,0.01017491333186626,0.02930223044082698,0,0.566896915435791,179,intervention
18,1859407,0.02170453333913318,0.01041232794523239,0.02997614748022195,0,0.6402634382247925,179,intervention
21,1817640,0.02285061179194044,0.01098683942109346,0.0314977579787556,0,0.6416388154029846,179,intervention
24,1848510,0.02169882235376752,0.01039534155279398,0.03002479110121042,0,0.7063820958137512,179,intervention
27,1866392,0.02121307114312076,0.01014187838882207,0.02927441844022302,0,0.5983755588531494,179,intervention
30,1867606,0.02275901691136867,0.01099756825715303,0.03136638879893951,0,0.7551798224449158,179,intervention
33,1862325,0.02214415219818912,0.01064395811408758,0.03054084787994657,0,0.646826446056366,179,intervention
36,1908845,0.0212324828773805,0.01018039416521787,0.02932636354625394,0,0.566896915435791,179,intervention
39,1883104,0.02145026568607432,0.01029539294540882,0.02948364901678171,0,0.5334551334381104,179,intervention
42,1876000,0.02141487000030115,0.01028536818921566,0.02946508071524746,0,0.5113443732261658,179,intervention
45,1923295,0.02144290032410718,0.01027808338403701,0.02955717175184589,0,0.7119035124778748,179,intervention
48,1868399,0.02114840645736306,0.01007654145359993,0.02919271879856886,0,0.8484119176864624,179,intervention
0,929856,0.02188530407060238,0.01043082028627395,0.03012416964179857,0,0.6841755509376526,18,intervention
3,872610,0.02222347828867409,0.01062242221087217,0.03053961496317936,0,0.5150874257087708,18,intervention
6,939811,0.02293047181484479,0.01108184736222028,0.03151224405336731,0,0.5744583010673523,18,intervention
9,911088,0.02284290826758339,0.01109005324542522,0.03133626447746892,0,0.540640115737915,18,intervention
12,921723,0.02134751831570318,0.01018709596246481,0.02935850317566817,0,0.5089103579521179,18,intervention
15,944622,0.02069093174966769,0.00984632782638073,0.02840833272420502,0,0.566896915435791,18,intervention
18,922984,0.02229509531874428,0.01069285441190004,0.03083841514345207,0,0.6841755509376526,18,intervention
21,936870,0.02321133097479142,0.01120944414287805,0.031870928506306,0,0.7748263478279114,18,intervention
24,929740,0.02162868510568671,0.01041232794523239,0.0297786864879265,0,0.566896915435791,18,intervention
27,942848,0.02103177975109052,0.01005860511213541,0.02890751428483055,0,0.48991209268569946,18,intervention
30,909816,0.02249275477520063,0.01087467651814222,0.0310993051815114,0,0.646826446056366,18,intervention
33,939614,0.02295603396641311,0.011016177944839,0.0317009629362138,0,0.6841755509376526,18,intervention
36,940905,0.02137082099936215,0.01020474452525377,0.02939245357347346,0,0.566896915435791,18,intervention
39,964410,0.02138166498254939,0.01028378121554851,0.02939965210259423,0,0.5326621532440186,18,intervention
42,937068,0.02138664315022612,0.01027532387524843,0.02940445556524532,0,0.5265645980834961,18,intervention
45,964993,0.02110397802566552,0.0101375700905919,0.02904324858697443,0,0.566896915435791,18,intervention
48,935936,0.0211426110863664,0.010151928290724751,0.02897020224859784,0,0.755180835723877,18,intervention
0,3171957,0.02116359601588732,0.01009680330753326,0.02926119334798825,0,0.7947880029678345,180,intervention
3,3102810,0.02151660501355416,0.01025223731994628,0.0297897302390272,0,0.8906282186508179,180,intervention
6,3174899,0.02312328368603563,0.011082767508924,0.03246228822351921,0,1.354519248008728,180,intervention
9,3235776,0.02273162514892241,0.01078012026846408,0.03453943169582303,0,4.839133262634277,180,intervention
12,3242577,0.02112225617004485,0.01009680330753326,0.02970412554610198,0,2.2036542892456055,180,intervention
15,3227984,0.02121040156095615,0.01014187838882207,0.0299518032752049,0,1.9539457559585571,180,intervention
18,3220425,0.02226744238179894,0.01065963134169578,0.03066539688924555,0,0.9310494661331176,180,intervention
21,3269680,0.02184462637237124,0.01043082028627395,0.03014548798624779,0,1.064056634902954,180,intervention
24,3310448,0.02133127515840283,0.01022406760603189,0.02936618866591442,0,0.621270477771759,180,intervention
27,3243457,0.02124156260854243,0.01010818034410476,0.02941343550830279,0,0.901180624961853,180,intervention
30,3259800,0.02544793346402155,0.01041688024997711,0.27544458859456267,0,89.78981018066406,180,intervention
33,3270166,0.02246824574250519,0.01065963134169578,0.03581057816712624,0,5.149336338043213,180,intervention
36,3252610,0.02189759983719617,0.01027085445821285,0.04927888573510448,0,14.602096557617188,180,intervention
39,3223580,0.0213909338090082,0.01017491333186626,0.02957538692827432,0,1.3168323040008545,180,intervention
42,3282503,0.02145122801332126,0.01029190607368946,0.02950510865764414,0,0.5265645980834961,180,intervention
45,3261572,0.02143055835638991,0.01024587079882621,0.02958307807217832,0,0.7041976451873779,180,intervention
48,3230406,0.02174142137098025,0.01021586917340755,0.04156075615332482,0,7.823827266693115,180,intervention
0,766480,0.02166528471714246,0.0103092361241579,0.02970615886901776,0,0.6129453182220459,181,intervention
3,746496,0.0215788787937596,0.01041570212692022,0.02954646783816645,0,0.4811410903930664,181,intervention
6,808828,0.0218498831622817,0.01041232794523239,0.03027356725721755,0,0.5535022020339966,181,intervention
9,796500,0.0243217844035559,0.01185223087668418,0.03334776757517622,0,0.566896915435791,181,intervention
12,770884,0.02145428872701963,0.01023045368492603,0.0295937212814548,0,0.6013466715812683,181,intervention
15,792934,0.02181999042326898,0.0103092361241579,0.03567068968306133,0,4.012874126434326,181,intervention
18,825370,0.02376056518691474,0.01143135316669941,0.03299682167354798,0,1.2147716283798218,181,intervention
21,797400,0.02313018369835997,0.01112804003059864,0.03172464536931457,0,0.6346561908721924,181,intervention
24,831708,0.02128888342499312,0.01007654145359993,0.02979607412526028,0,1.2406107187271118,181,intervention
27,839862,0.0222133585927793,0.01061321888118982,0.03079094449709757,0,0.5679451823234558,181,intervention
30,834210,0.02501213733290355,0.01221913006156683,0.03499208071949301,0,1.2738618850708008,181,intervention
33,822585,0.02315654945368536,0.01127189211547374,0.03207564878813868,0,0.5679451823234558,181,intervention
36,809964,0.02119140287366402,0.01009745616465807,0.02919594701315455,0,0.5343884229660034,181,intervention
39,811752,0.021189971172454,0.01018039416521787,0.02912641666242072,0,0.5007637739181519,181,intervention
42,787626,0.02162156926407664,0.01037773583084344,0.02964304407164916,0,0.5477128624916077,181,intervention
45,799890,0.0215595302043119,0.01029190607368946,0.02972452962358233,0,0.6346561908721924,181,intervention
48,812546,0.02137122653429964,0.01016319915652275,0.02946137258534078,0,0.49621522426605225,181,intervention
0,1927860,0.02065042717258921,0.00983740203082561,0.02881413652930217,0,1.2650467157363892,182,intervention
3,1951545,0.021711475452926,0.01041232794523239,0.02979627945022282,0,0.5679451823234558,182,intervention
6,1897296,0.0234322199075294,0.01128620933741331,0.03237456059904461,0,1.060259222984314,182,intervention
9,1950200,0.02205764395017366,0.01054655667394399,0.03046330042544817,0,0.566896915435791,182,intervention
12,1948560,0.02111222000781615,0.01009745616465807,0.02927598320039447,0,0.5866675972938538,182,intervention
15,1961398,0.02154555700462733,0.0103535745292902,0.02970979008364745,0,0.6894838809967041,182,intervention
18,1908500,0.02232044660002745,0.01077781803905963,0.03066122967997583,0,0.5416715145111084,182,intervention
21,1908470,0.02227882789864818,0.01066233031451702,0.03086881721379298,0,1.0498570203781128,182,intervention
24,1940160,0.0215998489139535,0.01029415894299745,0.02995940425235574,0,1.0405097007751465,182,intervention
27,1950170,0.02160062030506231,0.01041232794523239,0.0297196372362592,0,0.5856934785842896,182,intervention
30,1929240,0.02280130941129232,0.0110276248306036,0.03128770396640804,0,0.5936068296432495,182,intervention
33,1947310,0.02344078499978931,0.0113243767991662,0.0325787110657032,0,1.101589322090149,182,intervention
36,1875518,0.02128349884174606,0.01015223003923893,0.02937424006427616,0,0.7862570285797119,182,intervention
39,1914042,0.02129936811897511,0.01019147038459777,0.02933117006970498,0,0.621270477771759,182,intervention
42,1930578,0.021176897368337,0.01015223003923893,0.02914535588839697,0,0.6129453182220459,182,intervention
45,1886496,0.02142200670463026,0.01025223731994628,0.02949785217626043,0,0.5744583010673523,182,intervention
48,1883624,0.02133974028105583,0.01020652055740356,0.02933774296706308,0,0.646826446056366,182,intervention
0,1899140,0.02174499391160988,0.01043082028627395,0.03001426032576342,0,0.8273965120315552,183,intervention
3,1876539,0.02181373233021377,0.01041570212692022,0.03129626845765547,0,1.803000569343567,183,intervention
6,1865700,0.02199467741527366,0.01056268438696861,0.03020044811776505,0,0.540841817855835,183,intervention
9,1890518,0.02284127174381381,0.01093693729490041,0.03131716580874956,0,0.6841755509376526,183,intervention
12,1934520,0.02123678009893384,0.01013091392815113,0.02932139650141123,0,0.7412893772125244,183,intervention
15,1972410,0.02181657622998944,0.01041577104479074,0.03083524287988135,0,2.08371639251709,183,intervention
18,1959048,0.02177548668395782,0.01043082028627395,0.02995519398764283,0,0.5866675972938538,183,intervention
21,1961840,0.02169449717672307,0.01030689291656017,0.03022291915161618,0,1.21333909034729,183,intervention
24,1965243,0.02146462159882464,0.01021142024546861,0.03012559595745735,0,1.5229142904281616,183,intervention
27,1976736,0.02157539184758673,0.01021746080368757,0.03144399625443883,0,2.413527250289917,183,intervention
30,1948087,0.02217132112299734,0.01062033604830503,0.03037895412425784,0,0.5679451823234558,183,intervention
33,1936988,0.02228496052672098,0.0106759313493967,0.03069369888415013,0,0.7543994188308716,183,intervention
36,1958138,0.02118775521876811,0.01015533600002527,0.02916728603821012,0,0.621270477771759,183,intervention
39,1973925,0.02120654586670115,0.01011143997311592,0.02923498565616947,0,0.7368083000183105,183,intervention
42,1941242,0.02151028971266821,0.01026115752756595,0.029675173499756,0,0.8121896982192993,183,intervention
45,1925919,0.02130262168729798,0.01017491333186626,0.0293699003193686,0,0.5744583010673523,183,intervention
48,1966874,0.02121199830807949,0.01013784483075141,0.02924100423506408,0,0.5744583010673523,183,intervention
0,1957080,0.0220168132519384,0.01055414974689483,0.03025734947461721,0,0.564775824546814,184,intervention
3,2003620,0.02108345350693298,0.01009745616465807,0.02908150588313859,0,0.5533496737480164,184,intervention
6,1971167,0.02266512441561383,0.01091579161584377,0.03124236294481605,0,0.646826446056366,184,intervention
9,2013237,0.02219294983609532,0.01062782667577266,0.03058402374811318,0,0.6779300570487976,184,intervention
12,2065806,0.02123420991174816,0.01017220877110958,0.02920362448789897,0,0.5136807560920715,184,intervention
15,2067795,0.02199872322541216,0.01060680765658617,0.03047548433795787,0,0.6088271737098694,184,intervention
18,2057784,0.02378684179385086,0.01157938130199909,0.03282618100154477,0,0.6780120730400085,184,intervention
21,2079363,0.02182391131633419,0.01056950259953737,0.03009294805697818,0,0.5477128624916077,184,intervention
24,2000768,0.02135265798083939,0.01027532387524843,0.02935420746569527,0,0.566896915435791,184,intervention
27,2086578,0.02132847426313708,0.0101961325854063,0.02941041538667841,0,0.7106826901435852,184,intervention
30,2007633,0.02294555231474593,0.01108453515917062,0.03160954898994962,0,0.6129453182220459,184,intervention
33,2086448,0.02332667330095429,0.011289793998003,0.03209701363137262,0,0.6841755509376526,184,intervention
36,2073599,0.02119481209562533,0.01015166193246841,0.02915573009795465,0,0.6129453182220459,184,intervention
39,2092290,0.02179781392148207,0.01027693971991539,0.04150311094482831,0,8.2644624710083,184,intervention
42,2070552,0.02177139607294774,0.01043082028627395,0.03019921245497395,0,1.1547571420669556,184,intervention
45,2054920,0.02122381285213931,0.01018794625997543,0.02930162620980875,0,0.621270477771759,184,intervention
48,2080764,0.02125098285372978,0.01015836931765079,0.02933988157548589,0,0.8486053943634033,184,intervention
0,7297596,0.02139257896483283,0.01025845110416412,0.02955144146946313,0,1.1419917345046997,185,intervention
3,7235700,0.02122477063883892,0.01015228033065795,0.02929582052080078,0,0.566896915435791,185,intervention
6,7042627,0.02238195043849049,0.01078207232058048,0.03083416074176807,0,0.6122516989707947,185,intervention
9,7195624,0.02250734806756836,0.01077781803905963,0.03104005875506142,0,0.746805727481842,185,intervention
12,7190202,0.02131660873979453,0.01019003521651029,0.02939912353291875,0,1.014614820480347,185,intervention
15,7160447,0.0211321666113174,0.01009680330753326,0.02912601835407331,0,0.5988609194755554,185,intervention
18,7122936,0.02208363564285521,0.01062501780688762,0.03046821584590073,0,0.7748263478279114,185,intervention
21,7139440,0.02308062997450032,0.0111599275842309,0.03175107532770622,0,0.7933202385902405,185,intervention
24,7147530,0.02128573800833643,0.01014976296573877,0.02934464600768047,0,1.000009059906006,185,intervention
27,7165653,0.02137049475797225,0.01024587079882621,0.02942691173028474,0,0.7541547417640686,185,intervention
30,7390170,0.02170616644408192,0.01041232794523239,0.02991941409464818,0,0.7543994188308716,185,intervention
33,7308156,0.02200762433171818,0.01055414974689483,0.03038610080554288,0,0.8486053943634033,185,intervention
36,7209104,0.02153068186356226,0.0103092361241579,0.02973984323574328,0,0.8608913421630859,185,intervention
39,7147572,0.02111787373623733,0.01007654145359993,0.02912624502208997,0,0.6121533513069153,185,intervention
42,7257467,0.02153031985834531,0.01018039416521787,0.03389613764125718,0,5.97999382019043,185,intervention
45,7179700,0.02159117989352009,0.01027059368789196,0.0328440741069003,0,6.91761589050293,185,intervention
48,7182175,0.02133070070267172,0.01021558325737714,0.02937529498179087,0,0.6679729223251343,185,intervention
0,635850,0.0220816043264883,0.0104662450030446,0.03038464028715653,0,0.4789689779281616,186,intervention
3,657525,0.02055392320159483,0.00980407558381557,0.02822330285139949,0,0.44488081336021423,186,intervention
6,662580,0.0234087166857567,0.01142771821469068,0.03190160381303724,0,0.5470408797264099,186,intervention
9,664578,0.02280390545275495,0.01104731950908899,0.03125088693197448,0,0.7047480344772339,186,intervention
12,649536,0.02133470722759101,0.01019003521651029,0.02947808267997281,0,0.5775101780891418,186,intervention
15,648852,0.02124525533622801,0.01018474344164133,0.02919530821874666,0,0.5136807560920715,186,intervention
18,657045,0.02319543053508515,0.0111599275842309,0.03186727198728507,0,0.5106523036956787,186,intervention
21,676888,0.02276765614441927,0.01097553689032793,0.03134217075643625,0,0.5424096584320068,186,intervention
24,694710,0.02120112016304148,0.01016669906675815,0.02956062818752473,0,1.2230257987976074,186,intervention
27,687160,0.02148902951249032,0.01035581622272729,0.02955171490095173,0,0.5265645980834961,186,intervention
30,690417,0.02437678816203992,0.01194427162408828,0.03401039414610474,0,0.8209337592124939,186,intervention
33,681651,0.02323429744623211,0.01109330262988805,0.03206661341915959,0,0.6249127984046936,186,intervention
36,666600,0.021237569763924678,0.01010868977755308,0.02960025428765192,0,0.9418940544128418,186,intervention
39,672351,0.02156283604327874,0.01022313255816698,0.03138148740748684,0,1.5629299879074097,186,intervention
42,687225,0.02153375368316317,0.01029415894299745,0.03006346701689235,0,0.7983092069625854,186,intervention
45,667464,0.02116960071263364,0.01013969630002975,0.02916001096577924,0,0.6858715415000916,186,intervention
48,697988,0.02105240114504172,0.01010415144264698,0.02903389519536525,0,0.6538751125335693,186,intervention
0,2207132,0.02159603658785892,0.0103261349722743,0.02988235452661235,0,1.1153855323791504,187,intervention
3,2151204,0.02202663172289782,0.01058671344071626,0.0305974675469159,0,1.5490761995315552,187,intervention
6,2167613,0.02242379286854474,0.01066233031451702,0.03150204599798013,0,1.4701613187789917,187,intervention
9,2137276,0.02247401746327466,0.01070822682231664,0.03180680168515935,0,2.6886963844299316,187,intervention
12,2180505,0.02150453660938623,0.01030286028981208,0.02966419402819815,0,0.618377149105072,187,intervention
15,2183610,0.0220921582937903,0.01009680330753326,0.06730647156458264,0,15.209218978881836,187,intervention
18,2229282,0.02263090633837252,0.01043082028627395,0.05089360743996005,0,8.078530311584473,187,intervention
21,2155436,0.02358811142390154,0.01137832459062337,0.03253422479276488,0,0.8722015023231506,187,intervention
24,2169396,0.02142395610785714,0.010292649269104,0.0294403240260263,0,0.5856934785842896,187,intervention
27,2119412,0.02135242046945336,0.01009680330753326,0.03186494845517976,0,2.7651376724243164,187,intervention
30,2176288,0.02253947598974284,0.01077491231262683,0.03221968007577144,0,2.6986398696899414,187,intervention
33,2114164,0.02284744695000865,0.0110121825709939,0.03142526337376887,0,0.6841755509376526,187,intervention
36,2112012,0.02124174418235792,0.01013289298862218,0.02939015054591478,0,0.9016257524490356,187,intervention
39,2161378,0.02126677802775017,0.01014187838882207,0.02967009815331614,0,0.9278438687324524,187,intervention
42,2143500,0.02183152965909181,0.01021586917340755,0.04458125039693069,0,14.794256210327148,187,intervention
45,2099718,0.02145878129761474,0.01025426480919122,0.02982815344565809,0,1.4830409288406372,187,intervention
48,2091600,0.02148749630784261,0.01018626149743795,0.03172924722180111,0,3.7674174308776855,187,intervention
0,962640,0.02198754160616127,0.01061819121241569,0.03014794720752088,0,0.5219147205352783,188,intervention
3,974780,0.02075210087241911,0.00990187469869852,0.02861702156564182,0,0.5416393280029297,188,intervention
6,968856,0.02305085514108619,0.01098630670458078,0.03202119246749937,0,0.6416125297546387,188,intervention
9,989614,0.02401498629268511,0.01164111215621233,0.03293172518357735,0,0.566896915435791,188,intervention
12,997194,0.02133218262890894,0.01019329857081174,0.02926166524644329,0,0.648663341999054,188,intervention
15,1003950,0.02224585293282296,0.01068053860217332,0.03077745770772446,0,0.646826446056366,188,intervention
18,990264,0.02247054012362219,0.01086607202887535,0.0307275715087697,0,0.566896915435791,188,intervention
21,1000557,0.02268735428404787,0.01091590337455272,0.03106079798243969,0,0.4654377102851868,188,intervention
24,1003808,0.0216203277061146,0.01036267355084419,0.02970562713104122,0,0.5568013787269592,188,intervention
27,990080,0.02118297360896156,0.01006761938333511,0.02951196176995194,0,0.5477128624916077,188,intervention
30,976600,0.02373496989150835,0.01140007004141807,0.03351876723916818,0,0.7748263478279114,188,intervention
33,985236,0.0224966672099705,0.01088080741465091,0.03100025927331951,0,0.6841755509376526,188,intervention
36,984972,0.02133670000308334,0.0101838894188404,0.02943101899466579,0,0.6153317093849182,188,intervention
39,989538,0.0214166721331839,0.01023594196885824,0.02950115450219878,0,0.566896915435791,188,intervention
42,964494,0.02173675635806283,0.01040614768862724,0.0299214187200237,0,0.6490405201911926,188,intervention
45,979076,0.02143799895655743,0.01029649283736944,0.02955160021880866,0,0.566896915435791,188,intervention
48,983439,0.02112946768788644,0.01011150982230901,0.02913142535599134,0,0.5089103579521179,188,intervention
0,1377952,0.02176276066798032,0.0104662450030446,0.0300309072434017,0,0.49621522426605225,189,intervention
3,1336167,0.02139416290639164,0.01020899228751659,0.02943188765583586,0,0.5265645980834961,189,intervention
6,1365350,0.0224097282183386,0.01078205183148384,0.03084803877946527,0,0.6546949148178101,189,intervention
9,1318590,0.02314944941122961,0.0111409081146121,0.03171595867425717,0,0.5866675972938538,189,intervention
12,1386388,0.02098049510439267,0.01009680330753326,0.0288007811638052,0,0.4789689779281616,189,intervention
15,1374204,0.02107699955192798,0.01019516680389642,0.02883733874859609,0,0.618377149105072,189,intervention
18,1340603,0.02202240254773061,0.01058253459632396,0.03015972611393754,0,0.6009652614593506,189,intervention
21,1348776,0.02328862872695689,0.01128620933741331,0.03204173719905453,0,0.566896915435791,189,intervention
24,1343978,0.02125795627664954,0.01018553040921688,0.02923759822894188,0,0.5784626603126526,189,intervention
27,1332738,0.02130159313302358,0.01019985880702734,0.02931628119287991,0,0.6377180218696594,189,intervention
30,1325946,0.02264596754047904,0.01085360813885927,0.03123420893979431,0,0.6489587426185608,189,intervention
33,1343790,0.02251492890372254,0.01086361426860094,0.03089086100227544,0,0.6636807322502136,189,intervention
36,1370880,0.02121695617162735,0.01018553040921688,0.02906043700944556,0,0.6325857043266296,189,intervention
39,1330256,0.02135093189646056,0.0102349929511547,0.02942897847702776,0,0.601918637752533,189,intervention
42,1337336,0.02166832406928266,0.01038636267185211,0.02991676706051347,0,0.652259349822998,189,intervention
45,1366200,0.02127138717035742,0.01021142024546861,0.02921849918984504,0,0.5744583010673523,189,intervention
48,1328016,0.02117666593302402,0.01011122111231088,0.02913663557360784,0,0.5528262853622437,189,intervention
0,10066244,0.02160943572827123,0.0103092361241579,0.03023043420546083,0,2.014340877532959,19,intervention
3,9963320,0.02118166651282086,0.01009680330753326,0.02954956292481375,0,1.65834641456604,19,intervention
6,9951716,0.02177564330139413,0.01041232794523239,0.02999953669196153,0,0.7927590608596802,19,intervention
9,10020095,0.02196557168538024,0.01048543397337198,0.03147933119894981,0,4.472817420959473,19,intervention
12,10062176,0.02126830580403669,0.01014405582100153,0.02947024506166314,0,1.4757044315338137,19,intervention
15,9837696,0.02141967675072513,0.01016488391906023,0.03089868335485959,0,3.148695945739746,19,intervention
18,9901062,0.02235803805521319,0.01068917941302061,0.03095407306474561,0,1.1277707815170288,19,intervention
21,9876080,0.02250800655879625,0.01059991307556629,0.05209421078483188,0,17.06739616394043,19,intervention
24,10122616,0.02138405558088043,0.01024166215211153,0.02953340393844836,0,1.64042329788208,19,intervention
27,9772890,0.02146849962910624,0.01028378121554851,0.02956307128510101,0,0.962652325630188,19,intervention
30,9932709,0.0218744963830849,0.01043636258691549,0.03033695523792926,0,1.810962438583374,19,intervention
33,9994320,0.02202881408078682,0.01057108771055936,0.03031777972043427,0,0.6062502264976501,19,intervention
36,9951765,0.02130826096979985,0.01017665863037109,0.02951519670469028,0,1.1231719255447388,19,intervention
39,10038080,0.02138086285428871,0.01015836931765079,0.03107611198664018,0,6.300430774688721,19,intervention
42,9866780,0.02135821733587352,0.01016939245164394,0.02956299622863914,0,1.2052432298660278,19,intervention
45,9925125,0.02155377936455468,0.01019003521651029,0.03591027504677936,0,7.096020698547363,19,intervention
48,10063201,0.02133152024806003,0.01018474344164133,0.02938358972516363,0,0.8275103569030762,19,intervention
0,10989176,0.02148667653790702,0.01027808338403701,0.02983355110280501,0,1.651559591293335,190,intervention
3,10865352,0.02125157664918347,0.01015836931765079,0.02926251019044162,0,0.7977619767189026,190,intervention
6,10969088,0.0220540298716174,0.01062033604830503,0.03043278702466435,0,0.9424519538879396,190,intervention
9,10712513,0.02148087117010177,0.0102657014504075,0.02958302835348481,0,0.7748263478279114,190,intervention
12,11045470,0.02748856313452281,0.0103535745292902,0.5777753849718574,0,278.991943359375,190,intervention
15,10966032,0.02171137956648025,0.0103808818385005,0.02996651524281653,0,1.0067538022994995,190,intervention
18,10833762,0.02167744095832195,0.01037156023085117,0.02986635802334308,0,0.9421268105506896,190,intervention
21,10774716,0.0218213305345294,0.01040171459317207,0.03128159179794306,0,3.925096273422241,190,intervention
24,10901523,0.02139607852177992,0.01019067037850618,0.02963288655661869,0,1.2478265762329102,190,intervention
27,10800620,0.02133536724155261,0.01014187838882207,0.0298885563236402,0,3.165041208267212,190,intervention
30,10783908,0.02189256292946527,0.01041232794523239,0.03321458107643411,0,5.695228099822998,190,intervention
33,10984980,0.02147796563696853,0.01028378121554851,0.0296760808705109,0,0.767661988735199,190,intervention
36,10981920,0.02131503475239942,0.01021116785705089,0.02938649246943725,0,0.8525232672691345,190,intervention
39,10982067,0.02136591950820445,0.01013091392815113,0.03277823236667201,0,7.028321743011475,190,intervention
42,10768186,0.02207090095086532,0.01014187838882207,0.08325867067846604,0,131.6403045654297,190,intervention
45,10879862,0.02136306806881406,0.01017491333186626,0.02970945495972147,0,2.4747817516326904,190,intervention
48,10901979,0.0213575589667499,0.01019003521651029,0.02976265234057487,0,1.952551245689392,190,intervention
0,3914505,0.02098026427557144,0.01005999743938446,0.02883922318191523,0,0.5270437598228455,191,intervention
3,3873352,0.02127955214631026,0.01014187838882207,0.02930016599542989,0,0.566896915435791,191,intervention
6,3892533,0.02131541104994315,0.01019817870110273,0.02934674596764887,0,0.5679451823234558,191,intervention
9,3882992,0.02182317592596167,0.01045500207692384,0.02997909403364748,0,0.646826446056366,191,intervention
12,3856068,0.02138854512674612,0.01024432107806205,0.02938383163782679,0,0.5744583010673523,191,intervention
15,3917230,0.02102958473961454,0.01001742668449878,0.02900229112075079,0,0.6075363755226135,191,intervention
18,3861000,0.02152105930798148,0.01028386875987053,0.02951858721188955,0,0.566896915435791,191,intervention
21,3959739,0.02242085271722094,0.01076944358646869,0.03090849297810286,0,0.7454280257225037,191,intervention
24,4012008,0.02148602553136882,0.01025845110416412,0.02964054910859063,0,0.6280452013015747,191,intervention
27,3952023,0.02160048211372933,0.01036267355084419,0.02966293068830473,0,0.6490405201911926,191,intervention
30,3918330,0.02393663182425234,0.01158403698354959,0.03311378599698427,0,0.9280519485473632,191,intervention
33,3945876,0.02208190904964572,0.01056940108537674,0.03033013829076579,0,0.5996981263160706,191,intervention
36,3973490,0.02135027642907477,0.01021516695618629,0.02935307858621441,0,0.5932769775390625,191,intervention
39,3981028,0.02120186080798771,0.01014187838882207,0.02923999920035821,0,0.6088271737098694,191,intervention
42,3999984,0.02135864637463124,0.01021586917340755,0.02938152029217739,0,0.646826446056366,191,intervention
45,4018869,0.02158980127041045,0.01030620280653238,0.02967386554570426,0,0.5861449837684631,191,intervention
48,3928000,0.02116747292846707,0.01009680330753326,0.0291305082747614,0,0.6841755509376526,191,intervention
0,850080,0.02100188254667,0.01000859122723341,0.02905498842716647,0,0.724479615688324,192,intervention
3,861770,0.02116869705199239,0.01000859122723341,0.02931649286547721,0,0.6334773302078247,192,intervention
6,859984,0.02511868166357326,0.01212349440902471,0.03450386162559885,0,0.8608316779136658,192,intervention
9,844032,0.02325571598906213,0.01111360732465982,0.03205971355746859,0,0.6536799073219299,192,intervention
12,868224,0.02217299477429166,0.01055414974689483,0.0306494714613884,0,0.928769588470459,192,intervention
15,856170,0.02283523941728642,0.01091194711625576,0.03186846610576398,0,0.8915642499923706,192,intervention
18,878400,0.02298717570243189,0.01102558523416519,0.03143259459975223,0,0.5836429595947266,192,intervention
21,847917,0.02383592979686799,0.01156925316900014,0.03267417665934855,0,0.7002742886543274,192,intervention
24,867999,0.02138276948252108,0.01027245819568634,0.0293140508916278,0,0.5270437598228455,192,intervention
27,884112,0.02247480551468171,0.01074999757111072,0.0308959820827288,0,0.5915927290916443,192,intervention
30,885040,0.02263869720361866,0.01084617525339126,0.03116686447326758,0,0.5744583010673523,192,intervention
33,867272,0.02304945373102293,0.01111360732465982,0.03183932090431733,0,0.7279108762741089,192,intervention
36,880600,0.02128838327844588,0.01023651380091905,0.02934561204638203,0,0.514768123626709,192,intervention
39,844148,0.02148149759057762,0.01025635842233896,0.02967963681681124,0,0.6488599181175232,192,intervention
42,887108,0.02134118858073401,0.01015715114772319,0.029435807281673,0,0.5034059286117554,192,intervention
45,877128,0.02184896770321218,0.01046459097415208,0.03011044308290272,0,0.46009111404418945,192,intervention
48,884952,0.02143466104825886,0.01018708478659391,0.02973306016557662,0,0.8640334606170654,192,intervention
0,8897328,0.02097480016093204,0.01006262004375457,0.02908337817378126,0,1.023663878440857,193,intervention
3,8583456,0.0212296416650154,0.01013091392815113,0.029375980249549,0,1.2557060718536377,193,intervention
6,8872416,0.02154277042337236,0.01027611643075943,0.03140746947225233,0,3.6947312355041504,193,intervention
9,8696552,0.02177354561545915,0.01041232794523239,0.0302592379449035,0,1.4645670652389526,193,intervention
12,8911570,0.02194780706795447,0.01013091392815113,0.07375606596039617,0,28.085519790649418,193,intervention
15,8843776,0.02127205648645696,0.01013870444148779,0.02934239929066426,0,0.7411127686500549,193,intervention
18,8975055,0.02159558722282113,0.01030061487108469,0.03133151572370425,0,4.6889729499816895,193,intervention
21,8707872,0.02154073507946012,0.01029190607368946,0.02979447869554449,0,1.3265104293823242,193,intervention
24,8826672,0.0216348875565343,0.01019494794309139,0.03939189805219792,0,9.261491775512695,193,intervention
27,8844672,0.02139314327246136,0.01026393100619316,0.02960728723058693,0,1.116552233695984,193,intervention
30,8797155,0.02195104061068339,0.01048467773944139,0.03114256522478034,0,2.797671318054199,193,intervention
33,8964000,0.02157949903649957,0.0103261349722743,0.02967961352996009,0,0.9935323596000672,193,intervention
36,8814925,0.02119502506131619,0.01010242849588394,0.02922757770676541,0,0.6709986925125122,193,intervention
39,8800116,0.02131645475160654,0.0101086851209402,0.03026324437659749,0,2.449087381362915,193,intervention
42,8737900,0.02128069190910154,0.01012449152767658,0.02938419681977109,0,1.0768426656723022,193,intervention
45,8859462,0.02153947864318415,0.01028386875987053,0.02979184147977611,0,1.0605889558792114,193,intervention
48,8726035,0.02134159102848191,0.01016768999397754,0.02970538746231862,0,2.612708806991577,193,intervention
0,1250050,0.0215555262752707,0.0103776566684246,0.02955241849337449,0,0.7331142425537109,194,intervention
3,1284816,0.0209670468139934,0.00999448541551828,0.02917727427561158,0,0.6841755509376526,194,intervention
6,1311240,0.02254745879231999,0.01087055262178182,0.03109711238212463,0,0.6841755509376526,194,intervention
9,1345311,0.02232168397292722,0.01066233031451702,0.03098713769733768,0,0.6841755509376526,194,intervention
12,1328925,0.02151854475444092,0.01027693971991539,0.02997429527447116,0,0.8015469908714294,194,intervention
15,1355988,0.02132867529960682,0.01016408950090408,0.02930316211759908,0,0.566896915435791,194,intervention
18,1355508,0.0237938609953627,0.01155093871057033,0.03296832063061272,0,0.740732729434967,194,intervention
21,1343888,0.02308415421226376,0.0111409081146121,0.03189474446772873,0,0.6834600567817688,194,intervention
24,1353312,0.02167329861561698,0.0103092361241579,0.02989050707168742,0,0.5265645980834961,194,intervention
27,1381690,0.02196105517533294,0.01054655667394399,0.03022654171394505,0,0.5136807560920715,194,intervention
30,1364636,0.02211449049820539,0.01057146955281496,0.03076228412748771,0,0.7265522480010986,194,intervention
33,1368576,0.02194822711100542,0.01050102151930332,0.03070705592041145,0,1.0081217288970947,194,intervention
36,1365936,0.02150706604601152,0.01018474344164133,0.03273440326633232,0,2.917212724685669,194,intervention
39,1348872,0.02129884780810589,0.01011252030730247,0.02951188322179609,0,0.9809941649436952,194,intervention
42,1374165,0.02179306322848281,0.01041434798389673,0.03094854093275506,0,1.7308804988861084,194,intervention
45,1339696,0.02150835135409799,0.01029190607368946,0.03018496395423826,0,1.4751267433166504,194,intervention
48,1353671,0.02123900790264291,0.01011506933718919,0.02931123471721061,0,0.6136422157287598,194,intervention
0,3564103,0.02139653847564876,0.01016408950090408,0.03016640738497142,0,1.2362109422683716,195,intervention
3,3545289,0.02094223649664151,0.01000859122723341,0.02885195001441691,0,0.5949901938438416,195,intervention
6,3560369,0.0226377690218825,0.01079003512859344,0.0311219323969884,0,0.6129453182220459,195,intervention
9,3551704,0.02217685347524351,0.01065963134169578,0.03043853156938815,0,0.646826446056366,195,intervention
12,3540768,0.02118500066254835,0.01013091392815113,0.02930227795553301,0,1.3992037773132324,195,intervention
15,3588480,0.02105694879337272,0.01005999743938446,0.0290148291767691,0,0.5919877290725708,195,intervention
18,3551376,0.02237555941536502,0.01061561238020658,0.03845425978557493,0,5.275064468383789,195,intervention
21,3525860,0.0223351727317504,0.01068917941302061,0.03078654785504647,0,0.6841755509376526,195,intervention
24,3611300,0.02211365608563938,0.01022786926478147,0.05873745274137557,0,19.20942115783691,195,intervention
27,3606120,0.02337345091281615,0.01091516576707363,0.063267766461813,0,13.32655429840088,195,intervention
30,3639020,0.02187629155785231,0.01048467773944139,0.03040628718208592,0,0.912015974521637,195,intervention
33,3542814,0.02201781642666982,0.01055414974689483,0.03025790483827606,0,0.5674177408218384,195,intervention
36,3624687,0.02111134450394471,0.01009680330753326,0.02909870342344463,0,0.7815737724304199,195,intervention
39,3593916,0.02135401227345737,0.01018504239618778,0.02959085450375972,0,1.0825270414352417,195,intervention
42,3480800,0.02136598434633798,0.01023987680673599,0.02937048576690677,0,0.566896915435791,195,intervention
45,3565100,0.02129271814076435,0.01010818034410476,0.02940533563227889,0,0.7453791499137878,195,intervention
48,3516378,0.02143234617034313,0.01020378991961479,0.02959831094821164,0,0.8857829570770264,195,intervention
0,7469189,0.02130833262455504,0.01019453629851341,0.02931757115034003,0,0.6385349035263062,196,intervention
3,7537750,0.02123466962356289,0.01016939245164394,0.02924618603654242,0,0.8332754969596863,196,intervention
6,7502096,0.02155921633872873,0.01029190607368946,0.02976171028905925,0,0.6490405201911926,196,intervention
9,7691882,0.02155657337050292,0.01029190607368946,0.03134027011636415,0,4.6093597412109375,196,intervention
12,7617584,0.02148470747677453,0.010303795337677,0.02957099123281843,0,0.8513187766075134,196,intervention
15,7598110,0.02135637025165882,0.01021236088126897,0.02942122475092678,0,0.7240395545959473,196,intervention
18,7570732,0.02263937810730714,0.01092202216386795,0.03107484872673006,0,0.7679421901702881,196,intervention
21,7650707,0.02325411942891333,0.01116401795297861,0.03504507212958254,0,4.7318339347839355,196,intervention
24,7598110,0.02140322038884655,0.01018474344164133,0.03034553912499189,0,2.8104279041290283,196,intervention
27,7520706,0.0214673843083108,0.01022786926478147,0.0299331114701998,0,1.8120375871658323,196,intervention
30,7556712,0.02233410019963964,0.0107163218781352,0.03117350508038635,0,2.318819046020508,196,intervention
33,7539787,0.0279333227576619,0.01077781803905963,0.4926629237450083,0,320.94940185546875,196,intervention
36,7559244,0.02148259885426641,0.0101961325854063,0.03223716791817302,0,5.774512767791748,196,intervention
39,7639695,0.02142190156590191,0.01017220877110958,0.03104244691843665,0,3.3319449424743652,196,intervention
42,7634144,0.02128659776431731,0.01019003521651029,0.02930742472598641,0,0.6841755509376526,196,intervention
45,7493796,0.0212567402717261,0.01014187838882207,0.02949705802084484,0,1.6149342060089111,196,intervention
48,7625282,0.02127676764018499,0.01016545295715332,0.02935448595293013,0,0.9532164931297302,196,intervention
0,3129179,0.02129230406595319,0.01019725762307643,0.02926829482333531,0,0.5424096584320068,197,intervention
3,3095578,0.02105335313484646,0.01000859122723341,0.03132004812491344,0,4.53734016418457,197,intervention
6,3109141,0.02330382063777699,0.01054116431623697,0.10554846120064897,0,22.84762382507324,197,intervention
9,3097878,0.02289951344093975,0.01092202216386795,0.03471829183678258,0,4.631403923034668,197,intervention
12,3210039,0.02111086137418333,0.01009680330753326,0.02913905677295343,0,0.807253897190094,197,intervention
15,3162960,0.02143041119302296,0.01017883140593767,0.03082240523196508,0,2.222304582595825,197,intervention
18,3163314,0.02225737059137975,0.01047287415713071,0.03440996055304984,0,4.216742038726807,197,intervention
21,3158232,0.02209674572324779,0.01054747216403484,0.03090208922522161,0,1.649823784828186,197,intervention
24,3228144,0.0213142067605524,0.01018881052732467,0.02930502918625694,0,0.677627682685852,197,intervention
27,3183720,0.02173008456997913,0.01043556630611419,0.02979667980267495,0,0.566896915435791,197,intervention
30,3200131,0.02234720857690975,0.01063589937984943,0.03235655263696204,0,3.502985954284668,197,intervention
33,3154814,0.02217428588281427,0.01059456635266542,0.03093990982866954,0,1.782257080078125,197,intervention
36,3225604,0.02122855021642406,0.01018708478659391,0.02926583910094065,0,0.8854177594184875,197,intervention
39,3234294,0.02123479157895491,0.01018666569143533,0.02918394354207406,0,0.7240395545959473,197,intervention
42,3166096,0.02146236335481927,0.01013434585183858,0.03139805008297828,0,2.513960838317871,197,intervention
45,3195540,0.021306679107706,0.01016434654593467,0.02976743074382035,0,1.5465031862258911,197,intervention
48,3218250,0.02166023850303389,0.01019817870110273,0.03557426204566423,0,4.5581159591674805,197,intervention
0,1518300,0.02101039892239891,0.01006591878831386,0.02894682813883686,0,0.6220015287399292,198,intervention
3,1491682,0.02191465491203851,0.01054655667394399,0.03000183208769821,0,0.6129453182220459,198,intervention
6,1489438,0.02195369394047435,0.01049256511032581,0.03023585396819131,0,0.5065930485725403,198,intervention
9,1514870,0.02402152083163856,0.01158501580357551,0.033030890542758,0,0.6841755509376526,198,intervention
12,1508022,0.0216668899688679,0.01036267355084419,0.02988202172504283,0,0.6129453182220459,198,intervention
15,1457900,0.02172489684462062,0.01028043683618307,0.03039771597681451,0,1.5163763761520386,198,intervention
18,1512060,0.02209856959479908,0.01058784872293472,0.03057164105369358,0,0.6780120730400085,198,intervention
21,1567764,0.02275669835948822,0.01100985705852508,0.03142242677840451,0,0.7454280257225037,198,intervention
24,1493246,0.02130685045041571,0.01026333961635828,0.0292344427426439,0,0.583214282989502,198,intervention
27,1509072,0.02117677550634849,0.01009745616465807,0.02910046016168605,0,0.566896915435791,198,intervention
30,1515722,0.02331184034723109,0.01090810727328062,0.05397483443732644,0,10.628907203674316,198,intervention
33,1511997,0.02238434642678039,0.01074666902422905,0.03076454313644688,0,0.5150874257087708,198,intervention
36,1511219,0.02101991736247451,0.01005322579294443,0.02904280186255471,0,0.597105085849762,198,intervention
39,1529619,0.02144994132014668,0.01026313472539186,0.02954801907357213,0,0.5265645980834961,198,intervention
42,1485458,0.02134922723880525,0.01021674741059541,0.02933225398345997,0,0.5477128624916077,198,intervention
45,1497330,0.02107093330977048,0.01007644645869731,0.02900809201648602,0,0.6129453182220459,198,intervention
48,1504085,0.02108990763265393,0.01010505203157663,0.02897362504685968,0,0.5477128624916077,198,intervention
0,7601312,0.02309517846966739,0.0103092361241579,0.14373194643848897,0,61.16202926635742,199,intervention
3,7611516,0.02148908554517078,0.0103092361241579,0.02956464176087554,0,0.934235453605652,199,intervention
6,7640334,0.02179482092550335,0.01043082028627395,0.03011617612854046,0,0.7987855076789856,199,intervention
9,7611671,0.02191711897164009,0.01049179583787918,0.03113736444778052,0,3.2972371578216553,199,intervention
12,7596008,0.02143541028030791,0.01022590510547161,0.03102580515136708,0,2.912616491317749,199,intervention
15,7535118,0.0214255621599797,0.01025921385735273,0.02962191242814604,0,0.9476177096366882,199,intervention
18,7541274,0.02159614238066284,0.01032372750341892,0.03039887568607621,0,2.53750991821289,199,intervention
21,7502559,0.02129049800977926,0.01015473529696464,0.02944547168525109,0,1.1950303316116333,199,intervention
24,7526580,0.02109162005624122,0.01007403992116451,0.02916274644478802,0,0.8993644714355469,199,intervention
27,7504896,0.02145149168179253,0.01027282048016786,0.02955218158353619,0,0.7748263478279114,199,intervention
30,7410373,0.0225759335501115,0.01077781803905963,0.03159830374912426,0,2.153661012649536,199,intervention
33,7643568,0.02200588691680606,0.01054116431623697,0.03145713633601952,0,3.5254697799682617,199,intervention
36,7488794,0.02130936269814458,0.01012286450713872,0.02992291232888783,0,1.7177094221115112,199,intervention
39,7603315,0.02130566470240035,0.01018039416521787,0.0294607267394326,0,0.8582767248153687,199,intervention
42,7568202,0.0212406792195338,0.01015910878777504,0.02933150792328193,0,0.9412230849266052,199,intervention
45,7432304,0.02137552650323506,0.01019109971821308,0.02943621512997908,0,0.8142086863517761,199,intervention
48,7479990,0.02147203730993421,0.01021558325737714,0.03148806837282748,0,3.751532077789306,199,intervention
0,2881500,0.02113589768219771,0.01007323712110519,0.02923610342505172,0,0.7047480344772339,2,intervention
3,2836728,0.02108885417560157,0.01009680330753326,0.0290730886402795,0,0.566896915435791,2,intervention
6,2862695,0.02253085302405398,0.01077781803905963,0.0311123890929782,0,0.566896915435791,2,intervention
9,2843820,0.02258538296788665,0.01084757037460804,0.03095005176483509,0,0.6129453182220459,2,intervention
12,2800560,0.02121824997955873,0.01014187838882207,0.02914218880254827,0,0.5022333860397339,2,intervention
15,2800596,0.02102497176955487,0.01004602573812007,0.02905632391941947,0,0.566896915435791,2,intervention
18,2874630,0.02268426421995657,0.01100407820194959,0.03125546016167643,0,0.666388988494873,2,intervention
21,2765128,0.02203581700111545,0.01059079635888338,0.03033112640967078,0,0.6416125297546387,2,intervention
24,2768572,0.02120805336907051,0.01014187838882207,0.02912607179585325,0,0.566896915435791,2,intervention
27,2785120,0.02144567451125453,0.01028378121554851,0.02951725705714134,0,0.9512052536010742,2,intervention
30,2857658,0.02229549428551214,0.01067834813147783,0.03080369130073867,0,0.9925816059112548,2,intervention
33,2874690,0.02205570084012729,0.01062033604830503,0.03038164684075125,0,0.728863000869751,2,intervention
36,2807168,0.02135062546792858,0.01019445154815912,0.02943775989701068,0,0.6857874393463135,2,intervention
39,2829123,0.02122755549227088,0.01015533600002527,0.02958715445611975,0,1.2969598770141602,2,intervention
42,2893365,0.0214843229846249,0.01032307092100381,0.02953274039226698,0,0.5535022020339966,2,intervention
45,2872904,0.02117319975580791,0.01013091392815113,0.02917211930757183,0,0.6325857043266296,2,intervention
48,2862608,0.02127511044255952,0.01014187838882207,0.02940994633859593,0,0.8146120309829712,2,intervention
0,3265948,0.02166141511753364,0.01041232794523239,0.02976899757858791,0,0.540640115737915,20,intervention
3,3232075,0.02178511476299902,0.01043082028627395,0.0300071368223691,0,0.6841755509376526,20,intervention
6,3263260,0.02270967761403741,0.01093216333538293,0.03144444097828706,0,0.5771101713180542,20,intervention
9,3261960,0.02204279796908149,0.01056268438696861,0.0302749561253877,0,0.646826446056366,20,intervention
12,3272650,0.02125242204611473,0.01018039416521787,0.0292746997642747,0,0.6416388154029846,20,intervention
15,3262890,0.02168385650265493,0.01035045180469751,0.0299970703767229,0,0.6456171870231628,20,intervention
18,3317212,0.02311188233634575,0.01111193932592868,0.03212239960841372,0,0.7240395545959473,20,intervention
21,3296412,0.02192962045036724,0.01055749412626028,0.03018948798435413,0,0.5708463191986084,20,intervention
24,3261312,0.02137115762780188,0.01017230004072189,0.03101964421837247,0,3.94742202758789,20,intervention
27,3285046,0.02129107829524912,0.01018474344164133,0.02940171338120882,0,0.6195765733718872,20,intervention
30,3272432,0.02289952081530059,0.01092812698334455,0.03640034591805213,0,5.999484539031982,20,intervention
33,3239919,0.02141714151493951,0.01027808338403701,0.0295141445576569,0,0.7551798224449158,20,intervention
36,3236397,0.02121973576296523,0.01014187838882207,0.02922364664467395,0,0.6841755509376526,20,intervention
39,3265053,0.02121360059343193,0.01011015381664037,0.02928875139539807,0,0.6495012640953064,20,intervention
42,3277700,0.02149469786028945,0.0103092361241579,0.02963839438950097,0,0.663032591342926,20,intervention
45,3267036,0.02129361391457156,0.01019817870110273,0.02932246644170405,0,0.7240395545959473,20,intervention
48,3346014,0.02113185551359123,0.0101230964064598,0.02907316276960585,0,0.5265645980834961,20,intervention
0,1298388,0.02191871742588437,0.01054092496633529,0.03009361681234272,0,0.5252119898796082,200,intervention
3,1302980,0.020997764170067,0.01002903189510107,0.02893527694333863,0,0.5129534602165222,200,intervention
6,1257690,0.02278055378670074,0.01095407269895076,0.03123782928584512,0,0.6841755509376526,200,intervention
9,1285812,0.0234664342640636,0.01119035575538873,0.03300209619659194,0,1.822157382965088,200,intervention
12,1316414,0.02186241295375457,0.01042519882321357,0.03087536331920402,0,1.3740532398223877,200,intervention
15,1314082,0.02192184391508846,0.01043082028627395,0.03248438946515957,0,3.381014585494995,200,intervention
18,1312640,0.02393883148393389,0.01149206608533859,0.0349146987180314,0,2.210850715637207,200,intervention
21,1373440,0.02375641639373061,0.01149536203593015,0.03264926459877981,0,0.648663341999054,200,intervention
24,1293256,0.0213972965483324,0.01019817870110273,0.0296060333826797,0,0.8514090776443481,200,intervention
27,1327386,0.02127185192992738,0.01011997926980257,0.0296215490155933,0,0.9618269205093384,200,intervention
30,1309790,0.02261733652617143,0.01089552044868469,0.03108558388349379,0,0.7454280257225037,200,intervention
33,1349040,0.02353012531454613,0.01136717014014721,0.03239914481445745,0,0.6767114400863647,200,intervention
36,1357928,0.02119952564220869,0.01009745616465807,0.02915090665120921,0,0.5056641697883606,200,intervention
39,1321168,0.02144280294148874,0.01020652055740356,0.02961755156477258,0,0.5967819690704346,200,intervention
42,1345564,0.02155123620826487,0.01035179384052753,0.0297209664976932,0,0.7387933731079102,200,intervention
45,1304656,0.02142175414278224,0.01026951801031828,0.02946856408538291,0,0.5680514574050903,200,intervention
48,1318896,0.02131188925978108,0.01021051127463579,0.0293994402973606,0,0.6841755509376526,200,intervention
0,3617379,0.02143880234962544,0.01019817870110273,0.0309583100657584,0,2.778848648071289,21,intervention
3,3678528,0.02152276634340694,0.0103092361241579,0.03051718268283566,0,3.05236291885376,21,intervention
6,3506200,0.02242498537947292,0.01075854990631342,0.0309284441460768,0,0.8469729423522949,21,intervention
9,3625135,0.02215695490037318,0.01062782667577266,0.03052790138351883,0,0.624955952167511,21,intervention
12,3604300,0.02145144635333002,0.01021142024546861,0.0301946380235741,0,2.37365460395813,21,intervention
15,3631812,0.02137967368893215,0.01025845110416412,0.02941737276129348,0,0.6129453182220459,21,intervention
18,3583280,0.02195202603634511,0.0105612026527524,0.03014862611785229,0,0.600493848323822,21,intervention
21,3577682,0.02259569712794846,0.01089583057910204,0.03109281218978169,0,0.6841755509376526,21,intervention
24,3621405,0.02158050126019136,0.01036267355084419,0.02975189018467805,0,1.2483203411102295,21,intervention
27,3649998,0.02102403727592079,0.01007180567830801,0.02896225329531928,0,0.6780120730400085,21,intervention
30,3583328,0.02276337599015974,0.010953139513731,0.03127714696447215,0,0.6841755509376526,21,intervention
33,3597009,0.02196486146804778,0.01054718904197216,0.0301689087776385,0,0.5744583010673523,21,intervention
36,3615102,0.02140121222037735,0.01023883651942014,0.02951821274683048,0,0.7186512351036072,21,intervention
39,3571875,0.02124734838324902,0.01014846842736005,0.02942851324763515,0,1.2028528451919556,21,intervention
42,3522645,0.0211995749267622,0.01010742131620645,0.02919671417013691,0,0.7240395545959473,21,intervention
45,3573718,0.02124469759328431,0.01014187838882207,0.0292515231990669,0,0.6346561908721924,21,intervention
48,3634470,0.02138326518564641,0.01025454420596361,0.02945549731664422,0,0.969325840473175,21,intervention
0,3904351,0.0217314545720275,0.01039172615855932,0.03109211812551445,0,2.63450026512146,22,intervention
3,3888206,0.02102797319269623,0.01006648875772953,0.02895505009439781,0,0.8954346179962158,22,intervention
6,3892608,0.022062489748885,0.01057340484112501,0.030333194999103492,0,0.8045137524604797,22,intervention
9,3936220,0.02164145303395818,0.01035778131335973,0.03008671117788871,0,1.2809818983078003,22,intervention
12,3908465,0.02109372836104868,0.01005322579294443,0.02914702226477886,0,0.566896915435791,22,intervention
15,3868648,0.02135331496354256,0.01019516680389642,0.03005576224934795,0,2.167370080947876,22,intervention
18,3890666,0.02242779959523077,0.01068917941302061,0.03101285500076242,0,0.8081778287887573,22,intervention
21,3975892,0.02222622389641546,0.01062782667577266,0.03079428627399931,0,1.125432372093201,22,intervention
24,3930304,0.02129306467782968,0.01018474344164133,0.0293288614578608,0,0.5983755588531494,22,intervention
27,3956040,0.0207765826325351,0.0099378703162074,0.02857701200298539,0,0.657128095626831,22,intervention
30,3985922,0.02216754751621549,0.01062482502311468,0.03058520224465464,0,1.23701012134552,22,intervention
33,3857292,0.0241385278423287,0.01033379137516021,0.19083018410324692,0,54.70085144042969,22,intervention
36,3935631,0.02126737678567703,0.01018039416521787,0.02970703207513915,0,1.7172060012817385,22,intervention
39,3906090,0.02120783868241551,0.01012286450713872,0.02927188909032289,0,1.120830774307251,22,intervention
42,3860741,0.02154889248850033,0.01029190607368946,0.0296928448239847,0,0.6106111407279968,22,intervention
45,3878658,0.02134486622524985,0.01019879058003425,0.02943307495457009,0,0.566896915435791,22,intervention
48,3844845,0.02123910769074616,0.01010818034410476,0.02933885651682927,0,0.8142086863517761,22,intervention
0,488556,0.02219435613551453,0.01069353893399238,0.03034911213935793,0,0.5022333860397339,23,intervention
3,487740,0.02238404733759663,0.01080166827887296,0.03051275440637287,0,0.503265380859375,23,intervention
6,496672,0.02291376356219675,0.01100691873580217,0.03159560566054374,0,0.7551798224449158,23,intervention
9,497707,0.02321992001529616,0.01128620933741331,0.03171714550047051,0,0.6841755509376526,23,intervention
12,484182,0.02217587997051701,0.01061321888118982,0.030416704610204,0,0.5265645980834961,23,intervention
15,498106,0.02095384770819848,0.0099928705021739,0.02886496618462798,0,0.39869874715805054,23,intervention
18,513994,0.02633023803086186,0.01273685321211814,0.03771152399571706,0,0.8722015023231506,23,intervention
21,511872,0.02253287340688477,0.01076944358646869,0.03104674944390497,0,0.4578092396259308,23,intervention
24,482480,0.02266150665696757,0.01083760894834995,0.03128265640103386,0,0.5744583010673523,23,intervention
27,495176,0.02109689348380527,0.01002993714064359,0.02910601072986854,0,0.4789689779281616,23,intervention
30,502712,0.02272085456674507,0.01086597517132759,0.03116346727905619,0,0.566896915435791,23,intervention
33,496170,0.02205578008107088,0.01055183447897434,0.03035140232958257,0,0.566896915435791,23,intervention
36,524960,0.02127648418056811,0.01018881052732467,0.02926285072996263,0,0.5434810519218445,23,intervention
39,521048,0.02137937595594471,0.01024585217237472,0.0294842323173863,0,0.4709531366825104,23,intervention
42,519230,0.02125897804478348,0.01020899228751659,0.02914061768893898,0,0.4643088579177856,23,intervention
45,510534,0.02173580603170579,0.01029190607368946,0.03011150328902019,0,0.6767114400863647,23,intervention
48,515280,0.02137121734884257,0.01022590510547161,0.02940367623683677,0,0.5065930485725403,23,intervention
0,841254,0.02171993968220304,0.01013434585183858,0.0389305906346151,0,4.647019863128662,24,intervention
3,846618,0.02164029801933299,0.01009680330753326,0.03728424608652543,0,3.4593963623046875,24,intervention
6,875840,0.02303051602013754,0.01107738446444273,0.03159933027218908,0,0.5541696548461914,24,intervention
9,884997,0.02448350346650977,0.01169725786894559,0.04136483828067487,0,4.882378101348877,24,intervention
12,888765,0.02213854583041005,0.01060274522751569,0.03173302149523014,0,1.8511358499526975,24,intervention
15,886150,0.02288387615528838,0.01097084395587444,0.03175592929080755,0,0.9096978902816772,24,intervention
18,868624,0.02274906639277611,0.01085245516151189,0.03169596090333398,0,0.6767114400863647,24,intervention
21,899596,0.02261208753487198,0.01092755421996116,0.03106847222414034,0,0.5265645980834961,24,intervention
24,877680,0.02077614056830208,0.01001267693936824,0.02854106891436269,0,0.5424096584320068,24,intervention
27,881496,0.02301265174589853,0.01101833675056696,0.03180034932127065,0,0.6257408857345581,24,intervention
30,880510,0.02437432980933217,0.01183725055307149,0.03353928602354868,0,0.74344635009765625,24,intervention
33,860928,0.02312649116380552,0.0111461142078042,0.03189577947470159,0,0.720310389995575,24,intervention
36,854280,0.02134801093720329,0.01020813733339309,0.02925150072159106,0,0.5233724117279053,24,intervention
39,881717,0.02111343204554817,0.01010905671864748,0.02903842242770074,0,0.4789689779281616,24,intervention
42,856394,0.02152890215375177,0.01030782330781221,0.02965448671503431,0,0.4789689779281616,24,intervention
45,881621,0.02150114684043042,0.0103126298636198,0.02949145611775949,0,0.5270437598228455,24,intervention
48,859040,0.02169170767227901,0.01040510274469852,0.02988983015220202,0,0.5744583010673523,24,intervention
0,6356556,0.02170200330137395,0.01034765504300594,0.02997857195047106,0,0.6841755509376526,25,intervention
3,6491990,0.02114195497382892,0.01009745616465807,0.02911619652019812,0,0.6013466715812683,25,intervention
6,6422500,0.02211282556017352,0.01059435401111841,0.03053122751910446,0,0.8531469106674194,25,intervention
9,6461114,0.02230906785633125,0.01069715805351734,0.0307836351748986,0,0.7874510884284973,25,intervention
12,6460740,0.02141464596838296,0.01019817870110273,0.02992746933883338,0,1.8808655738830569,25,intervention
15,6573354,0.02121371323732937,0.01013755705207586,0.02935249481651613,0,0.7425368428230286,25,intervention
18,6401174,0.02147931828125076,0.01025084871798753,0.02959363935485348,0,0.6841755509376526,25,intervention
21,6330966,0.02291884668178315,0.01099858712404966,0.03164780979489886,0,1.050118327140808,25,intervention
24,6444921,0.02136935092914292,0.01018553040921688,0.02944498470622736,0,0.6841755509376526,25,intervention
27,6433768,0.02186901713112717,0.01041577104479074,0.03043611023514672,0,1.6926287412643433,25,intervention
30,6446510,0.0224473812393317,0.01078817527741193,0.03094558748020151,0,0.8137054443359375,25,intervention
33,6385176,0.02241287100249011,0.01068979129195213,0.03104860584044649,0,1.4588143825531006,25,intervention
36,6407790,0.02126038819751321,0.01016408950090408,0.02942938257493495,0,1.2625679969787598,25,intervention
39,6548490,0.02127518234774346,0.01011159271001815,0.02936178326274432,0,0.8556140661239624,25,intervention
42,6468800,0.0212939932890711,0.0101961325854063,0.02939530784416326,0,1.1681510210037231,25,intervention
45,6510700,0.02123822499772064,0.01015836931765079,0.0292490110993657,0,0.6887269616127014,25,intervention
48,6406932,0.02130085417045872,0.01017220877110958,0.0293600408933503,0,1.0719788074493408,25,intervention
0,6661461,0.02164439447632945,0.01036267355084419,0.02983217034156986,0,0.8465307354927063,26,intervention
3,6684798,0.0213618159169839,0.01022313255816698,0.02942501499825101,0,0.7443305253982544,26,intervention
6,6669174,0.02251506272009931,0.01080542523413896,0.03112695157612719,0,0.772180438041687,26,intervention
9,6579000,0.0221948354878153,0.01063041575253009,0.03047345765741027,0,0.7748263478279114,26,intervention
12,6707700,0.02172049093847574,0.01026951801031828,0.03407762183103952,0,5.350772380828857,26,intervention
15,6656319,0.0220532242491936,0.01043556630611419,0.03310548861933985,0,3.937161684036255,26,intervention
18,6684700,0.02216154007449602,0.01054655667394399,0.03429189893436612,0,5.102040767669678,26,intervention
21,6692085,0.02160173736288353,0.0103092361241579,0.0302947394712813,0,2.62477445602417,26,intervention
24,6651216,0.02180403389297342,0.01036625634878873,0.03276391728020422,0,3.776466608047486,26,intervention
27,6671105,0.02249427503948648,0.01029190607368946,0.0890342646455868,0,27.56204605102539,26,intervention
30,6767562,0.02233849056081949,0.01051391381770372,0.04419673695602576,0,13.333317756652832,26,intervention
33,6617646,0.02257097923499436,0.01058578211814165,0.05403772851443658,0,16.09206199645996,26,intervention
36,6766810,0.02137630809508487,0.01023045368492603,0.0294712585338656,0,0.6075363755226135,26,intervention
39,6762258,0.0213161147714944,0.01018709596246481,0.02980437551426132,0,2.263115167617798,26,intervention
42,6681864,0.02154010101008424,0.0102657014504075,0.02969399571917803,0,0.8250330090522766,26,intervention
45,6684720,0.02150159648095271,0.01028176397085189,0.02964230482489573,0,0.772180438041687,26,intervention
48,6819860,0.02129045238126406,0.01017491333186626,0.0293490926283085,0,0.646569550037384,26,intervention
0,575112,0.02193570562597786,0.01051750313490629,0.03019283159739005,0,0.6325857043266296,27,intervention
3,558376,0.02144749454456362,0.01026174146682024,0.02943392208318505,0,0.48070478439331055,27,intervention
6,521976,0.02486586058800281,0.01207869499921798,0.03394766081676323,0,0.4817076325416565,27,intervention
9,542420,0.02220369646917728,0.01055414974689483,0.03070887085838436,0,0.564775824546814,27,intervention
12,545896,0.0210072096386138,0.01000859122723341,0.02888609931949358,0,0.48736122250556946,27,intervention
15,576750,0.02163275984310308,0.01019817870110273,0.03262756869392352,0,2.1102328300476074,27,intervention
18,554961,0.02276682654397734,0.01092034298926591,0.03125901242494022,0,0.5265645980834961,27,intervention
21,569968,0.02317549110739359,0.01104731950908899,0.03199832378207196,0,0.6841755509376526,27,intervention
24,580355,0.02108607152741413,0.01009745616465807,0.02898097292817777,0,0.5003678202629089,27,intervention
27,574080,0.02187279078869852,0.01043082028627395,0.03015084818316064,0,0.5170512199401855,27,intervention
30,588354,0.02441751211440784,0.01178573817014694,0.03350742750945777,0,0.646826446056366,27,intervention
33,585948,0.02349171963430365,0.0113726882264018,0.03242898221043169,0,0.566896915435791,27,intervention
36,604324,0.02132456281213542,0.01025634631514549,0.02927857516992114,0,0.7734667658805847,27,intervention
39,565950,0.0213787205190669,0.01024715229868888,0.02942640485589097,0,0.4789689779281616,27,intervention
42,602490,0.02258468695628568,0.01008074451237917,0.08191673238853796,0,15.430420875549316,27,intervention
45,605088,0.02165754995481133,0.01021142024546861,0.03089598976193123,0,1.519568681716919,27,intervention
48,585948,0.02116353167515007,0.01009680330753326,0.02910664583930532,0,0.5265645980834961,27,intervention
0,4437252,0.0214163279520414,0.01026090048253536,0.02947681749453318,0,0.7471969723701477,28,intervention
3,4433074,0.02169368323960609,0.01041232794523239,0.03004084397356367,0,0.9957030415534972,28,intervention
6,4477452,0.02237570931174011,0.01068979129195213,0.03172343626404362,0,3.1561694145202637,28,intervention
9,4549464,0.02245819951320278,0.01062782667577266,0.03569185277698929,0,5.182278156280518,28,intervention
12,4515525,0.02147898408513846,0.01029190607368946,0.02988649368812961,0,1.8632851839065552,28,intervention
15,4417248,0.02112229051420152,0.01009854767471551,0.02906282311627977,0,0.7106826901435852,28,intervention
18,4526236,0.02221622706140851,0.01063420251011848,0.03126049467220552,0,1.6761226654052734,28,intervention
21,4409100,0.02280185532488552,0.01091579161584377,0.03181382141320475,0,1.621013641357422,28,intervention
24,4525750,0.02181559340154115,0.01041232794523239,0.03025860506743226,0,1.10512375831604,28,intervention
27,4483750,0.0212521689573172,0.0101206162944436,0.02945118641828202,0,1.0559732913970947,28,intervention
30,4431024,0.02278063015680113,0.01095221657305955,0.03142250864683281,0,0.7551798224449158,28,intervention
33,4538988,0.02356361142845018,0.01060715317726135,0.12346260643538837,0,54.3612174987793,28,intervention
36,4579584,0.02130764658675891,0.01015533600002527,0.02964024645496237,0,1.2965021133422852,28,intervention
39,4432668,0.02131845330418687,0.01022149994969368,0.02931610222817955,0,0.582387387752533,28,intervention
42,4494391,0.02147390010173795,0.01026304718106985,0.03016660818069389,0,2.0153322219848633,28,intervention
45,4534728,0.02153849702115183,0.01034300774335861,0.02966990497712638,0,1.0014199018478394,28,intervention
48,4521846,0.02136398034290726,0.01021586917340755,0.02953388107200235,0,0.7637187242507935,28,intervention
0,1943232,0.02193796288780947,0.0104772699996829,0.03017205648384296,0,0.568489134311676,29,intervention
3,1978060,0.02151118045691781,0.01024690177291631,0.03094759588444448,0,2.902061700820923,29,intervention
6,1969812,0.02199029540929506,0.01055414974689483,0.03025268629357735,0,0.5983755588531494,29,intervention
9,1973989,0.02245883189420232,0.01086607202887535,0.03087510954406977,0,0.5873621106147766,29,intervention
12,1986670,0.02162390916464598,0.0103261349722743,0.02973806735084546,0,0.527621328830719,29,intervention
15,1985265,0.02219745878889428,0.01062782667577266,0.03052687746913462,0,0.8900133371353149,29,intervention
18,1964112,0.02211839331545931,0.01060139574110508,0.03076284335842868,0,1.0464816093444824,29,intervention
21,1993623,0.02209761055533415,0.01062782667577266,0.03041866563855243,0,0.5786335468292236,29,intervention
24,2028738,0.02137903016625001,0.01026951801031828,0.02941298054004568,0,0.618377149105072,29,intervention
27,2006470,0.02094689383372304,0.01004409324377775,0.02893296458814292,0,0.566896915435791,29,intervention
30,1990597,0.02416109829652799,0.01152922119945287,0.04363525731014504,0,7.581110954284668,29,intervention
33,1995126,0.02256523803150548,0.01088080741465091,0.03129929898073893,0,0.8250330090522766,29,intervention
36,1986684,0.02132257747982913,0.01017491333186626,0.02944831376539687,0,0.6490405201911926,29,intervention
39,2000720,0.02132766234152635,0.01018966920673847,0.02939642469260843,0,0.566896915435791,29,intervention
42,1997952,0.02153386825085199,0.01027532387524843,0.02976310373254345,0,0.566896915435791,29,intervention
45,2000790,0.02117917901602544,0.01009745616465807,0.02910274555157522,0,0.5054531693458557,29,intervention
48,1999380,0.02134781808868482,0.01018584426492452,0.0295489416217311,0,0.7133203744888306,29,intervention
0,462660,0.02182551479251771,0.01048954296857118,0.02977387053983591,0,0.5089103579521179,3,intervention
3,448731,0.02103110181534956,0.01012404728680849,0.02869059699846693,0,0.5744583010673523,3,intervention
6,471786,0.02317405941572377,0.01118074543774128,0.03193765195663398,0,0.566896915435791,3,intervention
9,465786,0.02262163571831838,0.01089365128427743,0.03074312474798964,0,0.4643088579177856,3,intervention
12,471280,0.02107016623009079,0.01011015381664037,0.0288259505742805,0,0.4789689779281616,3,intervention
15,476550,0.02084441024216249,0.01000859122723341,0.02840855473718928,0,0.4411427676677704,3,intervention
18,500526,0.02424529157172656,0.01182213798165321,0.03302109061979484,0,0.46732160449028015,3,intervention
21,474696,0.02443686059323237,0.0118187190964818,0.03358939025243453,0,0.5521701574325562,3,intervention
24,468441,0.02184684225005584,0.01036625634878873,0.03009566328973945,0,0.514768123626709,3,intervention
27,511340,0.02161689397561617,0.01033075898885727,0.02986485065417734,0,0.5744583010673523,3,intervention
30,494991,0.02339984688323426,0.01128707639873027,0.0321092096462517,0,0.59593266248703,3,intervention
33,487200,0.02346838322489604,0.01128952205181121,0.03272953114210773,0,0.5983755588531494,3,intervention
36,509012,0.02136377340659881,0.01019453629851341,0.02931942773285167,0,0.457485169172287,3,intervention
39,504972,0.02120444521688576,0.01011298410594463,0.0292338569362189,0,0.43500182032585144,3,intervention
42,498996,0.02141172189126416,0.01021142024546861,0.02942958393462907,0,0.48736122250556946,3,intervention
45,497582,0.02179130370635635,0.01041577104479074,0.02990126517120766,0,0.7172186374664307,3,intervention
48,497952,0.02124228349763503,0.01008693687617778,0.02930274166886055,0,0.5434810519218445,3,intervention
0,4730586,0.02142851583029811,0.01018881052732467,0.02977060689281894,0,1.0677083730697632,30,intervention
3,4603317,0.02121317608260683,0.01010392140597105,0.02928254672607272,0,1.0390703678131104,30,intervention
6,4617515,0.0230954110868842,0.0110121825709939,0.0338627086065849,0,4.585727214813232,30,intervention
9,4680840,0.02327141401454648,0.0111851179972291,0.03223623095845582,0,0.8722015023231506,30,intervention
12,4629552,0.02123409693774823,0.01018754579126834,0.02916447305583267,0,0.905721127986908,30,intervention
15,4633498,0.02143469157687182,0.01022313255816698,0.03086768550539585,0,2.8118488788604736,30,intervention
18,4631158,0.02187269879322945,0.01041232794523239,0.03606407536053882,0,5.5574421882629395,30,intervention
21,4598906,0.02146544722440785,0.01028378121554851,0.02955907004438129,0,0.6663591265678406,30,intervention
24,4567360,0.02102556895353725,0.01006716769188642,0.0289747571332983,0,0.884731650352478,30,intervention
27,4660278,0.02175121330147174,0.01041570212692022,0.02995005502301107,0,0.6375759840011597,30,intervention
30,4549648,0.02150904486355234,0.01021746080368757,0.03036866544910985,0,2.971442699432373,30,intervention
33,4669733,0.02279932629091509,0.01087447721511125,0.03371605022994254,0,4.520834445953369,30,intervention
36,4610179,0.02126673872212889,0.01015910878777504,0.02935368014952402,0,0.7322003245353699,30,intervention
39,4605440,0.02139605219402859,0.01022313255816698,0.02948016926729228,0,0.6841755509376526,30,intervention
42,4622126,0.02130439073849254,0.01014187838882207,0.02945432151392999,0,1.070358157157898,30,intervention
45,4599324,0.02142960390288012,0.01018937118351459,0.02971306990519944,0,1.4594590663909912,30,intervention
48,4639860,0.02138200115779696,0.01018515881150961,0.03030756103591564,0,2.2305908203125,30,intervention
0,902823,0.0212466161289009,0.01009680330753326,0.02944122553822224,0,0.566896915435791,31,intervention
3,936936,0.02208585671648763,0.01055885944515466,0.03039776488763806,0,0.5477128624916077,31,intervention
6,925065,0.02172916546375809,0.01036149635910987,0.03003019487445118,0,0.5266135334968567,31,intervention
9,876162,0.02328443374018451,0.01113465800881385,0.03206517781374394,0,0.6346561908721924,31,intervention
12,922225,0.02107856970207559,0.01006405521184206,0.02904789176213102,0,0.595234215259552,31,intervention
15,934934,0.02046298994276845,0.00975041463971138,0.02817149239004668,0,0.5136807560920715,31,intervention
18,944793,0.02308381906956252,0.01108227204531431,0.03164796055077562,0,0.5424026846885681,31,intervention
21,957145,0.02250542038600349,0.01079003512859344,0.03106267536711886,0,0.6073164939880371,31,intervention
24,956272,0.02101797050159347,0.01002993714064359,0.02897083238955653,0,0.4702914357185364,31,intervention
27,954246,0.02110101661665805,0.01009680330753326,0.02899535946266083,0,0.5251331925392151,31,intervention
30,941318,0.02156006588417704,0.01029190607368946,0.0295948766522028,0,0.4789689779281616,31,intervention
33,939456,0.02273805628745836,0.01088667660951614,0.03131293182144146,0,0.6546949148178101,31,intervention
36,948147,0.02140966140382247,0.01023594848811626,0.02961146993622567,0,0.5744583010673523,31,intervention
39,930600,0.02134026028039158,0.01024437136948108,0.02931198391340712,0,0.5034059286117554,31,intervention
42,944300,0.02163351303618322,0.0103092361241579,0.02981757502596492,0,0.5679451823234558,31,intervention
45,956406,0.02153526130838624,0.01036267355084419,0.0295836569258005,0,0.566896915435791,31,intervention
48,940275,0.02109599205017709,0.01009680330753326,0.02902477532628092,0,0.566896915435791,31,intervention
0,799858,0.02065874526412824,0.00990278925746679,0.02834690981483612,0,0.46009111404418945,32,intervention
3,852752,0.02182564475292239,0.01048323512077331,0.03015913752984622,0,0.540640115737915,32,intervention
6,823514,0.02285991914254865,0.01093292329460382,0.03140458706190537,0,0.5136807560920715,32,intervention
9,829572,0.0226857803489575,0.01082946266978979,0.03145312225977936,0,0.5796167254447937,32,intervention
12,851292,0.02160384658118456,0.01030286028981208,0.02981215098512857,0,0.7524756193161011,32,intervention
15,875910,0.02079799243933952,0.00995953660458326,0.028463700453213642,0,0.4789689779281616,32,intervention
18,885843,0.02449544014018055,0.01195170823484659,0.03335172525092382,0,0.4724922180175781,32,intervention
21,859656,0.02274345715317891,0.01091579161584377,0.03118093182284261,0,0.6841755509376526,32,intervention
24,840600,0.02141143696851948,0.01015491504222154,0.02944083680896645,0,0.4789689779281616,32,intervention
27,894880,0.02061251771063826,0.00986405834555626,0.02829438744690439,0,0.45603105425834656,32,intervention
30,843042,0.02425415174882007,0.01173464953899383,0.03327649459027319,0,0.5919857621192932,32,intervention
33,828765,0.02343588679274583,0.01122808270156383,0.03214576804612974,0,0.566896915435791,32,intervention
36,864838,0.02143792062383823,0.01032491400837898,0.0293959862451456,0,0.6841755509376526,32,intervention
39,845311,0.02134202054669439,0.01019985880702734,0.02933745992547724,0,0.566896915435791,32,intervention
42,838916,0.02157759571110476,0.0103092361241579,0.02964230877419114,0,0.5744583010673523,32,intervention
45,840616,0.02138204430760126,0.01018474344164133,0.029450311344558,0,0.5098482370376587,32,intervention
48,843600,0.02111262258692367,0.01008031982928514,0.0291316697783943,0,0.7735637426376343,32,intervention
0,1163156,0.0209499922261752,0.01000859122723341,0.02891441300627838,0,0.4789689779281616,33,intervention
3,1183303,0.02156611594722811,0.01033339463174343,0.02950515230718376,0,0.5089103579521179,33,intervention
6,1176936,0.02349261646868598,0.0113001624122262,0.03223580039178032,0,0.566896915435791,33,intervention
9,1178502,0.02210507240019732,0.01057872362434864,0.03048059851633633,0,0.5477128624916077,33,intervention
12,1163838,0.02189803119331952,0.01041338965296745,0.0301317600752686,0,0.6404223442077637,33,intervention
15,1183068,0.02187028860300223,0.01051750313490629,0.03011919777505649,0,0.46024787425994873,33,intervention
18,1182644,0.02146424710997165,0.01019968371838331,0.029863486598844,0,0.8722015023231506,33,intervention
21,1152130,0.02293423712851851,0.01092034298926591,0.03150838174187682,0,0.6416125297546387,33,intervention
24,1180785,0.02129370945660879,0.01014187838882207,0.02937703647678176,0,0.566896915435791,33,intervention
27,1231811,0.02172356919470193,0.01046459097415208,0.02987092828942431,0,0.5754531621932983,33,intervention
30,1175720,0.02217754184812527,0.0106614651158452,0.03050528263903314,0,0.5331023931503296,33,intervention
33,1185821,0.02207968530881165,0.01062033604830503,0.03022724911392634,0,0.5416393280029297,33,intervention
36,1197280,0.02145270215388716,0.01028499472886324,0.02954759718352466,0,0.646826446056366,33,intervention
39,1154601,0.02117024474614799,0.01008074451237917,0.02912071282639562,0,0.5270437598228455,33,intervention
42,1168365,0.02133412343909507,0.01021051127463579,0.02934527085451329,0,0.5065938234329224,33,intervention
45,1172600,0.0219945348952867,0.01042639836668968,0.03263046697070317,0,4.55216646194458,33,intervention
48,1210108,0.0211915657280995,0.01015533600002527,0.02909842212529745,0,0.5744583010673523,33,intervention
0,4272368,0.0216180056898076,0.01027554646134376,0.03203198797583054,0,2.9143500328063965,34,intervention
3,4330032,0.02185845470404078,0.01046459097415208,0.03043771390681985,0,1.6840498447418213,34,intervention
6,4286914,0.02233002652501022,0.01062782667577266,0.03095904079540637,0,1.2230440378189087,34,intervention
9,4242975,0.02260950358715967,0.01081098336726427,0.03173461740824912,0,3.078845262527466,34,intervention
12,4296173,0.02141207636647948,0.01019109971821308,0.03064978741193999,0,2.9749510288238525,34,intervention
15,4256310,0.02090924889343204,0.00997642427682876,0.03019284098561528,0,3.343514204025269,34,intervention
18,4290770,0.02142680027833713,0.01028499472886324,0.02960972376748213,0,0.9221697449684144,34,intervention
21,4240670,0.0224545928155655,0.01072559040039777,0.0313962637211149,0,2.9866750240325928,34,intervention
24,4328480,0.02149999973102371,0.01024690549820661,0.03041735205914399,0,2.9640114307403564,34,intervention
27,4294200,0.02150962482857569,0.01023827772587537,0.03261496563765116,0,4.409036159515381,34,intervention
30,4241836,0.02221738366392084,0.01065064035356044,0.03060048384071831,0,0.6841755509376526,34,intervention
33,4211700,0.02201911042834741,0.01054655667394399,0.03037817936209502,0,0.958387851715088,34,intervention
36,4308687,0.02142453589010654,0.01017491333186626,0.03092901235873962,0,3.081615924835205,34,intervention
39,4218291,0.02147977804064701,0.01019003521651029,0.03445355322117412,0,7.749626159667969,34,intervention
42,4261560,0.02167278099026617,0.01039798650890588,0.03013757250793941,0,1.705661058425903,34,intervention
45,4284704,0.02137593720323002,0.01018708478659391,0.0297737623379734,0,1.8060156106948853,34,intervention
48,4190065,0.02126966145515759,0.01010505203157663,0.02935485120195849,0,0.722395658493042,34,intervention
0,321005,0.02133171944888371,0.01012286450713872,0.02935505190326244,0,0.6045867800712585,35,intervention
3,324500,0.02117274040123813,0.00989437568932771,0.02944343736061386,0,0.41429072618484497,35,intervention
6,328090,0.02445759353833024,0.01189286913722753,0.03325708637899304,0,0.482875257730484,35,intervention
9,350205,0.02407139016198926,0.01194102875888347,0.03252315452574168,0,0.5213006138801575,35,intervention
12,356406,0.02233223942002024,0.01062782667577266,0.03114870430001628,0,0.5034059286117554,35,intervention
15,355110,0.02265993571829475,0.01075916457921266,0.03148057388246789,0,0.5099915862083435,35,intervention
18,356865,0.02336538216503914,0.01115692034363746,0.03228286538711823,0,0.4904272258281708,35,intervention
21,369135,0.02346331979011395,0.01127610076218843,0.03207985488325785,0,0.5679451823234558,35,intervention
24,386954,0.02175778786652544,0.01053415704518556,0.02983462589492927,0,0.4327253997325897,35,intervention
27,392345,0.02217963799601748,0.01065651327371597,0.03043316691442845,0,0.4562092125415802,35,intervention
30,383500,0.02414760421911153,0.0117177814245224,0.0331349240791667,0,0.4643088579177856,35,intervention
33,385072,0.02380524215547006,0.01156126055866479,0.03262157355261091,0,0.5816541910171509,35,intervention
36,393452,0.02149939397998364,0.01022556331008672,0.02970173422831337,0,0.45480942726135254,35,intervention
39,373833,0.02120040796124634,0.0101961325854063,0.02916241168596656,0,0.46796098351478577,35,intervention
42,390128,0.02223768050199199,0.01065963134169578,0.03062869121615994,0,0.49621522426605225,35,intervention
45,387167,0.02148213881805178,0.01029190607368946,0.02959300798936544,0,0.596543550491333,35,intervention
48,374660,0.02154598683054715,0.01019985880702734,0.03133593237047825,0,1.7128926515579224,35,intervention
0,1586208,0.02106813552472057,0.01001542061567306,0.02900699484410077,0,0.564775824546814,36,intervention
3,1623416,0.02117904094648637,0.01007654145359993,0.02922129960832114,0,0.5605268478393555,36,intervention
6,1608324,0.02381509004924156,0.01147046126425266,0.03261704486835729,0,0.59593266248703,36,intervention
9,1576614,0.02352330827500346,0.01139147393405437,0.03227883241195127,0,0.5031179785728455,36,intervention
12,1675496,0.02139504410760033,0.01025699637830257,0.02949304762267865,0,0.6841755509376526,36,intervention
15,1654978,0.02137098257546849,0.01019003521651029,0.02934418130877365,0,0.5125834345817566,36,intervention
18,1670760,0.02192235170123262,0.01055885944515466,0.03014902661368742,0,0.7815737724304199,36,intervention
21,1612422,0.02288647193703401,0.01093292329460382,0.03150793646804651,0,0.5594295859336853,36,intervention
24,1609880,0.02212839165720226,0.01057108771055936,0.03058833034411353,0,0.6129453182220459,36,intervention
27,1631080,0.02158140322791564,0.0103092361241579,0.02966848946102659,0,0.5167376399040222,36,intervention
30,1643488,0.02275404556285741,0.01100985705852508,0.03131716660795952,0,0.5477128624916077,36,intervention
33,1598298,0.02230570285780791,0.0107163218781352,0.03061787405989698,0,0.600493848323822,36,intervention
36,1613742,0.02134286834095597,0.01018339022994041,0.02935616881360499,0,0.6287680268287659,36,intervention
39,1621476,0.02105806064219744,0.01005537528544664,0.02896414643613678,0,0.5983755588531494,36,intervention
42,1613956,0.02160270030666243,0.010292649269104,0.02973365833756201,0,0.566896915435791,36,intervention
45,1617048,0.02117800892536972,0.01008367538452148,0.02911104734457379,0,0.6841755509376526,36,intervention
48,1627129,0.02141709229120837,0.01021142024546861,0.02949985888130214,0,0.7301731109619141,36,intervention
0,5023266,0.02148192247650413,0.01025845110416412,0.02964405702605396,0,0.6994977593421936,37,intervention
3,5116150,0.0216350126169262,0.01036909874528646,0.02975074086435521,0,0.6213417053222656,37,intervention
6,5026693,0.02165283650754468,0.01029653660953044,0.02984950971760986,0,0.6841755509376526,37,intervention
9,5224300,0.02184376805487753,0.0104194525629282,0.03033745107417937,0,0.9909383058547974,37,intervention
12,5045873,0.02141941368038368,0.01020399667322635,0.02953429247567439,0,0.646826446056366,37,intervention
15,5122780,0.02204668042671915,0.01051750313490629,0.03058919217552344,0,1.6906503438949585,37,intervention
18,5125518,0.02163343961933715,0.01028386875987053,0.03079580471688049,0,2.800301313400269,37,intervention
21,5132330,0.02222689326560541,0.01062782667577266,0.03063564931967966,0,0.7932503819465637,37,intervention
24,5078864,0.02138145363764955,0.01022590510547161,0.02951282893770621,0,0.886572003364563,37,intervention
27,5178880,0.02136428471419546,0.01015673950314521,0.02969485643707134,0,1.3566246032714844,37,intervention
30,5091194,0.02210523090343265,0.01054655667394399,0.03069022999639643,0,1.0750741958618164,37,intervention
33,5090205,0.02167718421065257,0.01037645898759365,0.02979060428124319,0,0.6385349035263062,37,intervention
36,5084830,0.02138730275030326,0.01021051127463579,0.02956293282830718,0,0.9951439499855042,37,intervention
39,5132990,0.02120686802581064,0.01009745616465807,0.02962044018879152,0,1.74504554271698,37,intervention
42,5131766,0.02132430771708946,0.01019003521651029,0.02937594238224537,0,0.5448959469795227,37,intervention
45,5087370,0.02132367025674964,0.01020899228751659,0.02940571485119042,0,0.9584528207778932,37,intervention
48,5095200,0.0212410766351756,0.01018039416521787,0.02923872872829429,0,0.7611599564552307,37,intervention
0,3044349,0.02161137941070349,0.01036895718425512,0.0296911249651481,0,0.6841755509376526,38,intervention
3,3003690,0.02113377783808017,0.01009745616465807,0.02903574462798309,0,0.646826446056366,38,intervention
6,2959740,0.02142419082410129,0.01024166215211153,0.02942828612521004,0,0.5919857621192932,38,intervention
9,2995337,0.02169262807404019,0.01031757518649101,0.03335994048881108,0,6.590780258178711,38,intervention
12,2994761,0.02172147757814768,0.01039715949445962,0.02991517831440768,0,0.6988416314125061,38,intervention
15,3015873,0.02163014562171616,0.01035581622272729,0.02983395158179719,0,0.532882034778595,38,intervention
18,3017574,0.0215843736120773,0.01031966228038072,0.03004684074818309,0,1.4070385694503784,38,intervention
21,3051480,0.02180077154960534,0.01041570212692022,0.03021708658736013,0,0.6325857043266296,38,intervention
24,3023032,0.02145350269845181,0.01021746080368757,0.03110626503967628,0,3.415720224380493,38,intervention
27,3066420,0.0214160506887093,0.01027484890073537,0.02943437555883463,0,0.5669360160827637,38,intervention
30,3080520,0.02191234172893703,0.01050586812198162,0.03125672286742544,0,2.783386468887329,38,intervention
33,3153735,0.02335681908624437,0.01127063017338514,0.03300403467490612,0,2.698194742202759,38,intervention
36,3031077,0.02144607814541458,0.01018339022994041,0.03269498018388615,0,3.8312206268310542,38,intervention
39,3035656,0.02120582159422322,0.01015533600002527,0.02918981813734591,0,0.5744583010673523,38,intervention
42,3123406,0.02141691334529753,0.01025842409580946,0.02950947783049415,0,0.6129453182220459,38,intervention
45,3067740,0.02129752952055089,0.01020399667322635,0.0293269813384348,0,0.6129453182220459,38,intervention
48,3011888,0.0213627786645618,0.01019019726663827,0.02944848224975373,0,0.7925474047660828,38,intervention
0,1093902,0.02169574836509253,0.01036625634878873,0.03048378412355818,0,1.2698819637298584,39,intervention
3,1104480,0.02239022515241349,0.01064897235482931,0.03132904242111903,0,1.169909119606018,39,intervention
6,1051578,0.02425708572677896,0.01185374334454536,0.03324958851687811,0,1.049165964126587,39,intervention
9,1085760,0.02261927536233751,0.01088396646082401,0.03118275430891507,0,0.6542166471481323,39,intervention
12,1124654,0.02172709925755484,0.01028747949749231,0.03181203106007953,0,2.2873363494873047,39,intervention
15,1117245,0.0216238694654164,0.01029190607368946,0.02990041657413623,0,0.7210561633110046,39,intervention
18,1152330,0.02327235114611969,0.01116678211838007,0.03243527890809685,0,1.2830530405044556,39,intervention
21,1123564,0.02308695433453246,0.01118841301649808,0.03148175157627048,0,0.5434810519218445,39,intervention
24,1116036,0.02165329783216979,0.0100312540307641,0.04566216273733237,0,6.021143913269043,39,intervention
27,1102436,0.02128966863090543,0.01017153263092041,0.02929563368761587,0,0.49621522426605225,39,intervention
30,1136352,0.02358083957823439,0.01138745341449976,0.0327057622976996,0,1.3070018291473389,39,intervention
33,1121432,0.02237313287573494,0.01070431806147098,0.03070390019494188,0,0.5034059286117554,39,intervention
36,1108584,0.02375528637772692,0.01028499472886324,0.13215756490845745,0,34.72345733642578,39,intervention
39,1114050,0.02120985136619564,0.01014577597379684,0.02917900374103462,0,0.49642160534858704,39,intervention
42,1101378,0.02506802878909083,0.01036980375647544,0.19906337486357784,0,43.738128662109375,39,intervention
45,1152396,0.02157366525512825,0.01019003521651029,0.03251113834835376,0,2.369023323059082,39,intervention
48,1090740,0.02128031138668385,0.01013091392815113,0.02967029105086401,0,1.376841425895691,39,intervention
0,3550284,0.02073697838347514,0.00994436349719762,0.02861576761068998,0,0.5516616702079773,4,intervention
3,3546642,0.02111478639426816,0.01009680330753326,0.02915257398254036,0,0.6841755509376526,4,intervention
6,3547566,0.02281919759982252,0.01092421077191829,0.03160342501355748,0,0.7172200679779053,4,intervention
9,3530241,0.02208202241526497,0.01055414974689483,0.03043931796614179,0,0.917605459690094,4,intervention
12,3534175,0.02150629779799331,0.0103092361241579,0.02960145311823337,0,0.6605291366577148,4,intervention
15,3546516,0.02136175326267873,0.01021051127463579,0.02940069551611749,0,0.6215925812721252,4,intervention
18,3533959,0.02284545971229895,0.0110121825709939,0.03141529153576973,0,0.7534236311912537,4,intervention
21,3564375,0.02178717365180542,0.01047122851014137,0.03001751207788354,0,0.7551798224449158,4,intervention
24,3562644,0.02131876474492498,0.01022313255816698,0.02934616928143559,0,0.834824800491333,4,intervention
27,3572868,0.02107229489914663,0.01008074451237917,0.02894771155849757,0,0.600493848323822,4,intervention
30,3560669,0.02241379489375949,0.01079971622675657,0.03085566188465337,0,1.0607954263687134,4,intervention
33,3496779,0.02235584408450876,0.0107464762404561,0.03070742286510294,0,0.6546949148178101,4,intervention
36,3552441,0.02134387903088324,0.0101961325854063,0.02939901258932057,0,0.6314678192138672,4,intervention
39,3570190,0.02123801743300659,0.01009745616465807,0.02930430450966623,0,0.8103607892990112,4,intervention
42,3540042,0.02129398310428881,0.01014415733516216,0.02939642331989842,0,0.6745299100875854,4,intervention
45,3583448,0.02151223255708033,0.01029415894299745,0.02966642027120009,0,1.0044894218444824,4,intervention
48,3543650,0.02129033639364403,0.01014187838882207,0.0293088806065595,0,0.607815682888031,4,intervention
0,501942,0.02231483917120917,0.01068588718771934,0.03082460985130026,0,0.5170512199401855,40,intervention
3,510510,0.02071518244958965,0.009916502982378,0.0285298141127283,0,0.47459158301353455,40,intervention
6,497658,0.02201474894810189,0.01054747216403484,0.03016995133116046,0,0.5057430863380432,40,intervention
9,522629,0.02193450899062283,0.01055414974689483,0.03043643377329683,0,0.8376610279083252,40,intervention
12,518375,0.02119962728795757,0.01019516680389642,0.02918562134987364,0,0.4849854111671448,40,intervention
15,538731,0.0216993704614555,0.01043082028627395,0.03000862938601218,0,0.5227924585342407,40,intervention
18,519120,0.02285852272785893,0.01100691873580217,0.03124055878992449,0,0.44823676347732544,40,intervention
21,532038,0.02293245528179767,0.01100242976099252,0.03150730384515746,0,0.566896915435791,40,intervention
24,526995,0.0218755090850576,0.01049265172332525,0.0303468908544365,0,0.566896915435791,40,intervention
27,536424,0.02151950852633158,0.01023684628307819,0.03005808764149876,0,0.7551798224449158,40,intervention
30,529256,0.02338912765883515,0.01128707639873027,0.03208816448622797,0,0.531241238117218,40,intervention
33,504051,0.02344967327906128,0.01128994859755039,0.03217128588079528,0,0.5206164121627808,40,intervention
36,529046,0.02106520247761751,0.010087203234434119,0.02900169815138074,0,0.45603105425834656,40,intervention
39,531468,0.02141449255913181,0.01020399667322635,0.02943323767870561,0,0.42599889636039734,40,intervention
42,541880,0.02178223992020949,0.01025845110416412,0.03058551996821028,0,1.2881561517715454,40,intervention
45,533630,0.02201002493665801,0.01054116431623697,0.03023751483870361,0,0.7162706851959229,40,intervention
48,529146,0.02131969596324246,0.01019003521651029,0.02941925508498616,0,0.6129453182220459,40,intervention
0,9322056,0.02389550886787009,0.01019003521651029,0.2343264600845233,0,87.67354583740234,41,intervention
3,9377850,0.0218737132547862,0.01026951801031828,0.04736162362098344,0,11.231165885925291,41,intervention
6,9398420,0.02160138541033196,0.0103092361241579,0.02987284796041243,0,1.0757073163986206,41,intervention
9,9397856,0.02152844746372328,0.01028073485940694,0.02977689868793691,0,0.9054314494132996,41,intervention
12,9175114,0.02134691799582052,0.01013091392815113,0.03001620432539025,0,2.155683755874634,41,intervention
15,9345654,0.02139001009212546,0.01022313255816698,0.02955889939098808,0,1.1720290184020996,41,intervention
18,9241218,0.02190665170061823,0.01041232794523239,0.03140043301908304,0,3.644314765930176,41,intervention
21,9371790,0.02227896768949002,0.01049067731946706,0.04146559495739223,0,9.194360733032228,41,intervention
24,9316634,0.02141428636081695,0.0102513562887907,0.02972596803148814,0,1.6580768823623655,41,intervention
27,9416997,0.02158159982767437,0.01026333961635828,0.03250094651978749,0,4.7752580642700195,41,intervention
30,9313408,0.0219164282911161,0.01047774869948625,0.03057694379278188,0,2.0811591148376465,41,intervention
33,9380813,0.02189170109781038,0.01022313255816698,0.0508816822210907,0,34.68925857543945,41,intervention
36,9418277,0.02137827806916398,0.01017220877110958,0.02955991227493711,0,1.1197158098220823,41,intervention
39,9450910,0.02125212440272436,0.01014187838882207,0.02927655016928451,0,0.7691289782524109,41,intervention
42,9298520,0.02136813710488733,0.01018039416521787,0.02987646841446941,0,1.814691424369812,41,intervention
45,9412140,0.02213279870069543,0.01022590510547161,0.07074529546823376,0,20.519512176513672,41,intervention
48,9519440,0.02152234091564181,0.01018039416521787,0.03268401775443343,0,5.741780757904053,41,intervention
0,7444416,0.02194142070474278,0.01027808338403701,0.04945474140915981,0,12.593291282653809,42,intervention
3,7480098,0.02130939236936415,0.01018039416521787,0.0292688844261464,0,0.6857874393463135,42,intervention
6,7396719,0.02187826929574374,0.01050639059394598,0.03003981395619038,0,0.666388988494873,42,intervention
9,7511056,0.02210245539314977,0.01055206544697284,0.03051176649014506,0,1.030489802360535,42,intervention
12,7511145,0.02126408056525687,0.01017417944967746,0.02931759054955749,0,0.7977619767189026,42,intervention
15,7497402,0.02165239049232862,0.01036895718425512,0.02979234335759429,0,0.8150424957275391,42,intervention
18,7482096,0.0221907101377118,0.01064897235482931,0.03054088728956706,0,0.8762527704238892,42,intervention
21,7477521,0.02243298138041012,0.01075577642768621,0.03092606058961221,0,0.9276437759399414,42,intervention
24,7493728,0.02122185847429815,0.01016408950090408,0.02921366430747667,0,0.6490405201911926,42,intervention
27,7511481,0.02110768931248681,0.01009680330753326,0.02905619559638807,0,0.7498953342437744,42,intervention
30,7517540,0.02200833773527837,0.01055414974689483,0.03026602810848005,0,0.8722015023231506,42,intervention
33,7596400,0.02209710058397428,0.01059455424547195,0.03043716839990191,0,0.849962592124939,42,intervention
36,7575645,0.02121453780625915,0.01014187838882207,0.02919922778508325,0,0.6841755509376526,42,intervention
39,7512162,0.021280377563246,0.01018492504954338,0.02934089493779277,0,0.9330415725708008,42,intervention
42,7588000,0.02117632932049961,0.01011653337627649,0.02914845891425107,0,0.6195862293243408,42,intervention
45,7548903,0.02130172012062026,0.01018039416521787,0.02934902887041208,0,0.6346561908721924,42,intervention
48,7617498,0.02130276642061956,0.01014976296573877,0.02934720894841663,0,0.7598896026611328,42,intervention
0,5501370,0.02118498857615691,0.0101366126909852,0.02911892366523276,0,0.618443489074707,43,intervention
3,5382396,0.02138502978495694,0.0101961325854063,0.02945681008874866,0,0.566896915435791,43,intervention
6,5578819,0.02179316592284419,0.01042083464562893,0.03003899743783772,0,0.6129453182220459,43,intervention
9,5496674,0.02177194262238368,0.01041232794523239,0.02986986723127737,0,0.5841633677482605,43,intervention
12,5534400,0.02138497367151232,0.01022313255816698,0.02939790647005194,0,0.6346561908721924,43,intervention
15,5534244,0.02130034846136837,0.01018039416521787,0.02931778218065879,0,0.6325857043266296,43,intervention
18,5573592,0.02207443281774354,0.01059682667255401,0.0303751569780416,0,0.6623050570487976,43,intervention
21,5523660,0.02207534807774867,0.01060715317726135,0.0303977479758199,0,0.6841755509376526,43,intervention
24,5616644,0.02163326080038267,0.01034123264253139,0.02995604974678798,0,1.4524773359298706,43,intervention
27,5654848,0.02136783615659485,0.01019003521651029,0.03000762709566351,0,1.9942456483840945,43,intervention
30,5548338,0.02180200452171151,0.01043082028627395,0.03034059916208455,0,1.4623346328735352,43,intervention
33,5661370,0.02196802949212361,0.01051967218518257,0.03041971374847214,0,0.8608846068382263,43,intervention
36,5562492,0.02130751629615161,0.01018039416521787,0.02938450445642259,0,0.566896915435791,43,intervention
39,5637380,0.02137857555984716,0.01019817870110273,0.02946067729848228,0,0.9137349128723145,43,intervention
42,5614068,0.0213592334468997,0.0101961325854063,0.02952066852206918,0,1.2064869403839111,43,intervention
45,5538872,0.02151673591564279,0.01019003521651029,0.03505594245285485,0,7.625645637512207,43,intervention
48,5523920,0.02137811630574525,0.01019003521651029,0.02976125932368634,0,2.1786177158355713,43,intervention
0,6814470,0.0219014263946818,0.01034765504300594,0.03355532287027028,0,4.271453380584717,44,intervention
3,6850604,0.02118160366406948,0.01009745616465807,0.02951554068446421,0,1.661129593849182,44,intervention
6,6884647,0.02334305311434028,0.01043082028627395,0.1339134788967342,0,40.08746337890625,44,intervention
9,6810336,0.02159919878796167,0.0103092361241579,0.02982256202204862,0,1.1818017959594729,44,intervention
12,6817065,0.02136325232648811,0.01018339022994041,0.03040621285685058,0,3.3397488594055176,44,intervention
15,6858485,0.02224570267623074,0.01009680330753326,0.0874736698938288,0,114.53800201416016,44,intervention
18,6852628,0.02285178644761837,0.01077117305248975,0.04168938016890601,0,6.730565071105957,44,intervention
21,6777906,0.02156018406129542,0.0103092361241579,0.02986758800475909,0,1.3553831577301023,44,intervention
24,6882480,0.02146415917887725,0.0101826200261712,0.03184308798038406,0,3.838092088699341,44,intervention
27,6769443,0.02150671519764531,0.01018039416521787,0.03379479330333729,0,5.799049377441406,44,intervention
30,6934200,0.0218215278289442,0.01041661016643047,0.0301542737820662,0,0.9744519591331482,44,intervention
33,6866600,0.02204246952021656,0.0105828596279025,0.03042127999506322,0,1.0473445653915403,44,intervention
36,6874883,0.02143260711505457,0.01015561074018478,0.03198248329336095,0,3.902577400207519,44,intervention
39,6806817,0.02146881420453248,0.0101961325854063,0.0305799062450771,0,4.430286884307861,44,intervention
42,6762180,0.02140022469130929,0.01017883140593767,0.03007910330530672,0,2.521651268005371,44,intervention
45,6788124,0.02148874946990785,0.01024166215211153,0.03076223933311792,0,3.61444354057312,44,intervention
48,6759996,0.02142616902040228,0.01014187838882207,0.03170852450073908,0,3.37622332572937,44,intervention
0,1264488,0.02193646024987815,0.0104928407818079,0.0302727744545942,0,0.6129453182220459,45,intervention
3,1294995,0.02172414928075,0.01036267355084419,0.02984730410807429,0,0.6767114400863647,45,intervention
6,1256577,0.02241335364144409,0.01064803451299667,0.03099358255610557,0,0.6633915305137634,45,intervention
9,1322436,0.02362802142720141,0.01141373068094253,0.03264420838343938,0,0.6841755509376526,45,intervention
12,1322500,0.02108477728257093,0.01005322579294443,0.02897637724898785,0,0.5073279142379761,45,intervention
15,1309874,0.02199822934382062,0.01051511708647012,0.03026154798167467,0,0.5786335468292236,45,intervention
18,1341940,0.02359568707175364,0.01140042580664157,0.03232829487548218,0,0.566896915435791,45,intervention
21,1373388,0.02336862385214523,0.01124157011508941,0.03212390793982075,0,0.6404655575752258,45,intervention
24,1316484,0.02151535014274019,0.01027808338403701,0.02955429055850542,0,0.6841755509376526,45,intervention
27,1347840,0.02179794655419178,0.01041570212692022,0.02996466085219155,0,0.5343884229660034,45,intervention
30,1331691,0.02231670093362499,0.01067372597754001,0.03068732991927102,0,0.6490405201911926,45,intervention
33,1339624,0.02302406854690353,0.0111163929104805,0.03190339767076305,0,0.6612520217895508,45,intervention
36,1338613,0.0211900700968214,0.01014187838882207,0.02921532331677783,0,0.5511287450790405,45,intervention
39,1320057,0.02110731399638243,0.01009745616465807,0.02903163212574831,0,0.6841755509376526,45,intervention
42,1375913,0.02149090464884868,0.01036267355084419,0.02959122708164308,0,0.5744583010673523,45,intervention
45,1367728,0.02168650202109719,0.01041232794523239,0.02967872999014679,0,0.4789689779281616,45,intervention
48,1312170,0.02128873248966252,0.01014187838882207,0.02917922152211585,0,0.4723615348339081,45,intervention
0,4320720,0.0216132871469531,0.0102979065850377,0.02979566273245552,0,0.772180438041687,46,intervention
3,4494264,0.02169136946381401,0.01042442768812179,0.03000907968506657,0,0.6423462629318237,46,intervention
6,4371881,0.02197472899416154,0.01052439119666814,0.03028389972147105,0,0.758598804473877,46,intervention
9,4333940,0.02255899841338705,0.01080025546252727,0.03104547185587627,0,0.8722015023231506,46,intervention
12,4369880,0.02104835546739979,0.01009680330753326,0.029056218068165,0,1.165183424949646,46,intervention
15,4376295,0.02145455479498063,0.01027532387524843,0.0295866382297804,0,1.1222504377365112,46,intervention
18,4470954,0.02230035768473965,0.01068588718771934,0.03087381493791039,0,0.8516699075698853,46,intervention
21,4384352,0.02181998361766323,0.01043082028627395,0.0303760918406774,0,1.7122161388397217,46,intervention
24,4328018,0.0213778038582819,0.01020899228751659,0.02938442155186527,0,0.6416388154029846,46,intervention
27,4339166,0.02169325732310484,0.01041232794523239,0.02986094457210512,0,0.646826446056366,46,intervention
30,4422488,0.02141180331378091,0.01025223731994628,0.02989573248647491,0,1.3582115173339844,46,intervention
33,4380393,0.02230773092077312,0.01073359046131372,0.03072087267316832,0,0.7454280257225037,46,intervention
36,4386930,0.02136861284106532,0.01018474344164133,0.02976624252506876,0,1.4953205585479736,46,intervention
39,4374262,0.02127526423701289,0.01019445154815912,0.02930438257385906,0,0.6803445816040039,46,intervention
42,4416302,0.02134280464080142,0.01018553040921688,0.02948975502158208,0,0.8209976553916931,46,intervention
45,4409744,0.02133583857173267,0.01021142024546861,0.02941553911610444,0,0.7021157145500183,46,intervention
48,4334099,0.02128304765128264,0.01019445154815912,0.02930987918659396,0,0.7474962472915649,46,intervention
0,532080,0.02111967351430543,0.01012071222066879,0.02885854957017769,0,0.46732160449028015,47,intervention
3,543094,0.02224956504144596,0.01066233031451702,0.03066973271944928,0,0.4723615348339081,47,intervention
6,523692,0.02383063421207592,0.01140869315713644,0.03267713674952358,0,0.48558488488197327,47,intervention
9,538368,0.02336596325740136,0.01120030414313078,0.03214399335177594,0,0.6129453182220459,47,intervention
12,561885,0.02175458262651613,0.01051750313490629,0.02982002895174654,0,0.566896915435791,47,intervention
15,548856,0.02158675997526853,0.01029416546225547,0.02971646688638555,0,0.4518206715583801,47,intervention
18,568260,0.02447206282468634,0.0119412699714303,0.03322112913429553,0,0.564775824546814,47,intervention
21,570807,0.02205401201606603,0.0106032844632864,0.03010292560670348,0,0.508369505405426,47,intervention
24,591920,0.02182667984376461,0.01043842453509569,0.03008685494578381,0,0.5089103579521179,47,intervention
27,587866,0.02084965787695454,0.0100474115461111,0.028550503039144932,0,0.4967349171638489,47,intervention
30,582282,0.02366889424628545,0.01140586379915475,0.033266193002829,0,0.6613544821739197,47,intervention
33,581685,0.02238337633344305,0.0107826953753829,0.03106545783453381,0,0.6216570734977722,47,intervention
36,583167,0.0210660284351781,0.01000979728996753,0.02909979202497883,0,0.5482248663902283,47,intervention
39,599610,0.02154855830968412,0.01034844201058149,0.02968086992985787,0,0.522346019744873,47,intervention
42,590086,0.02191445052188227,0.01062782667577266,0.03014276033888617,0,0.5182639360427856,47,intervention
45,594706,0.02154267451422036,0.01035480108112096,0.02962417074364236,0,0.4811410903930664,47,intervention
48,584649,0.02110743747306045,0.01013434585183858,0.02901414155722061,0,0.5293691158294678,47,intervention
0,843612,0.02095658574106256,0.00999616179615259,0.02888755535752325,0,0.4832799732685089,48,intervention
3,870264,0.0211106205170941,0.0100344680249691,0.02907979938860462,0,0.5003678202629089,48,intervention
6,887264,0.02378395995792628,0.01159948576241731,0.03255511870994367,0,0.6075363755226135,48,intervention
9,903240,0.02243084308964427,0.01076140999794006,0.03086586045470108,0,0.6078379154205322,48,intervention
12,912798,0.02092174349360114,0.01007644645869731,0.02867720545025399,0,0.4964412748813629,48,intervention
15,924544,0.02195373169043994,0.01051506493240594,0.03030648226380584,0,0.6711089015007019,48,intervention
18,974814,0.0219801968012496,0.01059435401111841,0.0302443343015725,0,0.6073858141899109,48,intervention
21,937530,0.02221858944644511,0.01065963134169578,0.03075998913517975,0,0.566896915435791,48,intervention
24,936700,0.02089913076725157,0.01005322579294443,0.02885121588620945,0,0.4789689779281616,48,intervention
27,946473,0.02223416757321617,0.01065963134169578,0.03057436899729415,0,0.5757008194923401,48,intervention
30,956123,0.02255789816655245,0.01084617525339126,0.03094444026543559,0,0.6009652614593506,48,intervention
33,932480,0.02350015490350688,0.01129508763551712,0.03250422740146059,0,0.5816541910171509,48,intervention
36,940731,0.0213711786937499,0.01021051127463579,0.02949043283843902,0,0.6822298765182495,48,intervention
39,924372,0.02165449640411014,0.01041232794523239,0.0297253520410449,0,0.6841755509376526,48,intervention
42,963070,0.02134725698925946,0.01022590510547161,0.02942623193577144,0,0.566896915435791,48,intervention
45,927365,0.02131511458787823,0.01022313255816698,0.02927422677108466,0,0.564775824546814,48,intervention
48,943392,0.02123075555401286,0.01011648774147033,0.02928443571884702,0,0.5170512199401855,48,intervention
0,646272,0.02143825797537836,0.01015836931765079,0.02946262292114061,0,0.5983755588531494,49,intervention
3,666252,0.02171151965436205,0.01034765504300594,0.02985735142190887,0,0.5702574849128723,49,intervention
6,700565,0.02430878564049793,0.01184704713523387,0.03341168246732896,0,0.6546710729598999,49,intervention
9,648736,0.02298836774420594,0.01115606632083654,0.03124455793919815,0,0.5265645980834961,49,intervention
12,678780,0.02099825752148045,0.01006591878831386,0.02891444242590817,0,0.5265645980834961,49,intervention
15,669930,0.02065194979749662,0.00989385321736335,0.02838324561489793,0,0.600493848323822,49,intervention
18,674032,0.02413753654514533,0.01169828791171312,0.03310821646552327,0,0.5311801433563232,49,intervention
21,673680,0.02372596809807485,0.01156958565115928,0.03245678373666091,0,0.566896915435791,49,intervention
24,669075,0.02131730612288874,0.01011206209659576,0.02938614252787499,0,0.5089103579521179,49,intervention
27,670565,0.02272102434774878,0.01092812698334455,0.03122387825547315,0,0.5314626097679138,49,intervention
30,682682,0.02418983773284753,0.0116153722628951,0.03335905792853919,0,0.646826446056366,49,intervention
33,669922,0.02376922460259658,0.01156985014677047,0.03266186484777012,0,0.5467590093612671,49,intervention
36,685575,0.02127640900912604,0.01016408950090408,0.02912459698259271,0,0.4789689779281616,49,intervention
39,698048,0.02160961279347314,0.01027059368789196,0.02981229235862758,0,0.5136807560920715,49,intervention
42,687205,0.02198924480103339,0.01049067731946706,0.03049105279414999,0,0.6018474102020264,49,intervention
45,693056,0.02126683173351759,0.01010818034410476,0.02932827838159218,0,0.5702458024024963,49,intervention
48,656868,0.02108814234970403,0.01005160063505172,0.02897171055794672,0,0.45672649145126343,49,intervention
0,8538020,0.0212570896466206,0.01012823544442653,0.02927836641893171,0,0.8444176316261292,5,intervention
3,8581698,0.02194477286008248,0.01041232794523239,0.0390898815556997,0,10.709823608398438,5,intervention
6,8584899,0.02229859581958807,0.01063839439302682,0.03127727846023994,0,2.233182907104492,5,intervention
9,8681790,0.02140941432769423,0.01024291198700666,0.0294159414437631,0,0.6841755509376526,5,intervention
12,8576112,0.02153949734496017,0.01028499472886324,0.02974680551242909,0,0.8104247450828552,5,intervention
15,8664180,0.02114225096920909,0.01009745616465807,0.02915976120111706,0,0.6841755509376526,5,intervention
18,8602464,0.02213948998263793,0.01061243936419487,0.03063008731713286,0,1.1064192056655884,5,intervention
21,8779173,0.02254552518317726,0.01084617525339126,0.0310981388559707,0,1.0315243005752563,5,intervention
24,8581970,0.02134160671829827,0.01019003521651029,0.02937836662817833,0,0.9327731728553772,5,intervention
27,8608347,0.02127550974695652,0.01017239224165678,0.02922718101546312,0,0.6841755509376526,5,intervention
30,8575606,0.02147175653340087,0.01025635842233896,0.02960092666790552,0,0.8838412165641785,5,intervention
33,8573063,0.0218036480188782,0.01043082028627395,0.03009368241055911,0,0.8964507579803467,5,intervention
36,8643599,0.02131180290396659,0.01017311215400695,0.02937294718584421,0,0.97741103172302235,5,intervention
39,8643344,0.02133003831181189,0.01017220877110958,0.02947237286540427,0,1.1742080450057983,5,intervention
42,8625960,0.02127892203000302,0.01016744971275329,0.02931966315514632,0,0.646826446056366,5,intervention
45,8491296,0.02132237113384045,0.01018039416521787,0.02952567101442605,0,1.3470734357833862,5,intervention
48,8479719,0.02128650525091179,0.01016408950090408,0.02942261474096858,0,1.040074348449707,5,intervention
0,1974780,0.021449772962601,0.01028631348162889,0.02960980087619788,0,0.6378270983695984,50,intervention
3,1933117,0.02156495996443077,0.01027532387524843,0.02997915647903916,0,0.85015106201171875,50,intervention
6,1969212,0.02240202306578821,0.01067834813147783,0.03151780093635121,0,2.0381720066070557,50,intervention
9,1973856,0.02265714867395631,0.01090731192380189,0.03131663612321153,0,0.9234573841094972,50,intervention
12,1980126,0.02121778970816955,0.01010505203157663,0.02943204609990064,0,0.9119819402694702,50,intervention
15,1995728,0.02120236763133892,0.01018039416521787,0.02924066927186782,0,0.7454280257225037,50,intervention
18,1947916,0.02352360874358242,0.01139396149665117,0.03245110562754576,0,0.7220596671104431,50,intervention
21,1976052,0.02688690843944703,0.01121725607663393,0.23768791224492752,0,55.89189147949219,50,intervention
24,1946718,0.02167685279612042,0.01029415894299745,0.03023076048634467,0,0.8908997178077698,50,intervention
27,1925583,0.0215736896990474,0.01030545681715011,0.02991867367497134,0,1.3947821855545044,50,intervention
30,1941211,0.02271562341254521,0.01095916051417589,0.03139910633321727,0,0.5983755588531494,50,intervention
33,1900950,0.02259665534291092,0.0108807235956192,0.03108204711880554,0,0.5914403796195984,50,intervention
36,1979496,0.02168748097686754,0.01022590510547161,0.03749717072405901,0,15.439984321594238,50,intervention
39,1975315,0.02147500728238405,0.01009745616465807,0.03575282783933339,0,4.828557014465332,50,intervention
42,1959424,0.02133287285709781,0.01014187838882207,0.02993758334282103,0,1.8044471740722656,50,intervention
45,1963080,0.02178773300271138,0.01041020359843969,0.03008772403262302,0,0.940738320350647,50,intervention
48,1910046,0.02129957379185384,0.01011653337627649,0.02933578297579766,0,0.5265645980834961,50,intervention
0,2256705,0.02160620678793629,0.01040420029312372,0.02979552597800314,0,0.6129453182220459,51,intervention
3,2275510,0.02137222717647314,0.0102302823215723,0.02925536922722348,0,0.4739436209201813,51,intervention
6,2287873,0.02169605914443444,0.01040420029312372,0.02987793042497187,0,0.566896915435791,51,intervention
9,2309671,0.02196663436368539,0.01052494533360004,0.03032899558325266,0,0.5732651948928833,51,intervention
12,2260647,0.02135826283287848,0.01022313255816698,0.02933718981625746,0,0.5434810519218445,51,intervention
15,2272383,0.02105324205256002,0.01009680330753326,0.02889638756340126,0,0.6152739524841309,51,intervention
18,2283150,0.02156141279445064,0.01032379176467657,0.02955750498709438,0,0.5737672448158264,51,intervention
21,2237160,0.02170510212514537,0.0104248384013772,0.02973583124571842,0,0.595234215259552,51,intervention
24,2259415,0.020869234813913298,0.00996130239218473,0.02886048110037161,0,0.6544311046600342,51,intervention
27,2253979,0.02125706611223846,0.01009745616465807,0.0294242545209764,0,0.9750301837921144,51,intervention
30,2244510,0.022032352125383962,0.01052630040794611,0.03038498774834364,0,0.5744583010673523,51,intervention
33,2218058,0.02233867354121226,0.01064395811408758,0.03074574743134608,0,0.7047480344772339,51,intervention
36,2282032,0.02105732759211218,0.01007403992116451,0.02898595279414873,0,0.5034059286117554,51,intervention
39,2250378,0.02108010511309632,0.0100728515535593,0.02901177053913099,0,0.5434810519218445,51,intervention
42,2272215,0.02130567516311494,0.01016408950090408,0.02935124679803822,0,0.566896915435791,51,intervention
45,2260167,0.0213062613597539,0.01021586917340755,0.02924702815315792,0,0.5924255847930908,51,intervention
48,2242483,0.0211841099538997,0.01014187838882207,0.02914181495747481,0,0.5983755588531494,51,intervention
0,677732,0.02106462515532566,0.01006781682372093,0.02902365873325919,0,0.5265645980834961,52,intervention
3,655139,0.02056979249307007,0.00987001042813062,0.02814733924781714,0,0.4748336672782898,52,intervention
6,655017,0.02272871576913171,0.01084617525339126,0.0312500096761605,0,0.5265645980834961,52,intervention
9,686032,0.02408963512133004,0.01166175305843353,0.03306665855678226,0,0.5528262853622437,52,intervention
12,728875,0.0216314413311973,0.01041577104479074,0.02944610502329651,0,0.46087294816970825,52,intervention
15,713349,0.02132401669943849,0.01015836931765079,0.02938559062878318,0,0.50380706787109375,52,intervention
18,727593,0.02192919295417833,0.01042531430721283,0.03031316796408672,0,0.5065930485725403,52,intervention
21,705375,0.02345558889328208,0.01138804480433464,0.03200876568006958,0,0.6013466715812683,52,intervention
24,712167,0.02148225853868111,0.0103092361241579,0.02971851611831543,0,0.5232921242713928,52,intervention
27,740118,0.0212268238034551,0.01029415894299745,0.0290966742521813,0,0.646826446056366,52,intervention
30,731460,0.02341612318802287,0.01124897040426731,0.03234453664029536,0,0.5265645980834961,52,intervention
33,736560,0.02278182457451886,0.01091579161584377,0.03158088687650512,0,0.5983755588531494,52,intervention
36,719946,0.02144105816934595,0.01027245819568634,0.02951142844058655,0,0.5744583010673523,52,intervention
39,736912,0.02108903482083814,0.01009680330753326,0.02906810799586357,0,0.6416388154029846,52,intervention
42,737002,0.0218528397187442,0.0104770828038454,0.0300558814985544,0,0.5031179785728455,52,intervention
45,736812,0.02186285794910993,0.01051967218518257,0.0301913734221935,0,0.5089103579521179,52,intervention
48,738734,0.02139072011713001,0.01027769036591053,0.02930567513412683,0,0.5008650422096252,52,intervention
0,212485,0.02174128249035951,0.01027769036591053,0.03003658892113846,0,0.4365679919719696,53,intervention
3,205200,0.02304006428156634,0.01092224568128585,0.03199359208544439,0,0.4909738600254059,53,intervention
6,215247,0.02468477690727604,0.01194245554506778,0.03377817710683972,0,0.5446480512619019,53,intervention
9,241570,0.02563526143894886,0.0124120470136404,0.03568090775602386,0,0.7106826901435852,53,intervention
12,259081,0.02068660072360541,0.00983490981161594,0.02862988167344016,0,0.7454280257225037,53,intervention
15,251500,0.02018520615742227,0.00957323424518108,0.02787672454606143,0,0.5385596752166748,53,intervention
18,257514,0.02291425585133209,0.01081098336726427,0.0317246130361812,0,0.4348491132259369,53,intervention
21,269105,0.02383999835119972,0.01148418523371219,0.03280661211548628,0,0.566896915435791,53,intervention
24,271956,0.02111491984283577,0.01004217844456434,0.02929851813200891,0,0.6211691498756409,53,intervention
27,275088,0.02232335757055104,0.0106158722192049,0.03085413517626304,0,0.45332586765289307,53,intervention
30,278775,0.02702421150584491,0.01309726852923631,0.03747163674742329,0,0.5186957120895386,53,intervention
33,272384,0.02664145449501486,0.01299138739705085,0.03730194844457643,0,0.8898377418518066,53,intervention
36,284089,0.02129764596243052,0.01021586917340755,0.02995888253170837,0,0.911078691482544,53,intervention
39,270918,0.02156065094021494,0.01019817870110273,0.02988542663796924,0,0.5334551334381104,53,intervention
42,276667,0.02164283288845161,0.01021142024546861,0.03222119818414381,0,1.7012101411819458,53,intervention
45,268842,0.02113207507119634,0.01010415144264698,0.02913170126000453,0,0.4824316501617432,53,intervention
48,273504,0.02156211565789296,0.01035045180469751,0.02970467533670167,0,0.4543561339378357,53,intervention
0,2696085,0.02166587303929169,0.01041232794523239,0.02971359717211915,0,0.566896915435791,54,intervention
3,2741111,0.02183471966256063,0.01043082028627395,0.03015577023598671,0,0.7454280257225037,54,intervention
6,2745483,0.02235129412425616,0.01068979129195213,0.03076790042906691,0,0.6353330016136169,54,intervention
9,2773440,0.02177799563985522,0.01048954296857118,0.03012190354999125,0,0.8833069801330566,54,intervention
12,2784804,0.02148764648092885,0.010292649269104,0.02959413518651834,0,0.5737672448158264,54,intervention
15,2745392,0.02186512260550716,0.01043082028627395,0.03020237418019699,0,0.7563672661781311,54,intervention
18,2729092,0.02210907565138401,0.01059435401111841,0.03075971512236501,0,1.460238337516785,54,intervention
21,2698767,0.0221885624866106,0.01062033604830503,0.03047282788166927,0,1.0949140787124634,54,intervention
24,2703691,0.02121342246957757,0.01012963056564331,0.02921788401681708,0,0.5270437598228455,54,intervention
27,2767869,0.0216113884927797,0.01034337282180786,0.02977710000239563,0,0.6129453182220459,54,intervention
30,2762088,0.02219374845922078,0.01066410169005394,0.03061136179525684,0,0.9403634071350098,54,intervention
33,2661648,0.02256052451260225,0.01083710603415966,0.03104716598971803,0,0.6841755509376526,54,intervention
36,2765158,0.02132529583907753,0.01019003521651029,0.02952962289239395,0,0.7920169234275818,54,intervention
39,2736860,0.02156470935671901,0.01027532387524843,0.03168516764601825,0,3.307971715927124,54,intervention
42,2755355,0.02130906651976755,0.01014187838882207,0.02941205389045374,0,0.5478178858757019,54,intervention
45,2777040,0.02163332933307844,0.01018039416521787,0.0409716707775191,0,8.070070266723633,54,intervention
48,2709504,0.02129143684592064,0.01023714244365692,0.02930075029795183,0,0.7368083000183105,54,intervention
0,292410,0.02189706005463811,0.01040171459317207,0.03031505573316829,0,0.46009111404418945,55,intervention
3,302211,0.02210641164269684,0.01050748024135828,0.03014294024759923,0,0.4327253997325897,55,intervention
6,311040,0.02516837484320519,0.01234663464128971,0.03452297479037106,0,0.5343884229660034,55,intervention
9,311740,0.02205936458586528,0.01062782667577266,0.03019939205251847,0,0.5136807560920715,55,intervention
12,309536,0.02158700628996394,0.01027693971991539,0.02966683989815207,0,0.618377149105072,55,intervention
15,313888,0.02247348713659943,0.01055414974689483,0.03136759646966086,0,0.4964412748813629,55,intervention
18,321345,0.02352191349282846,0.01140869315713644,0.03242209073584374,0,0.503265380859375,55,intervention
21,318388,0.02396371185138111,0.01150366477668285,0.03328686057126179,0,0.5089103579521179,55,intervention
24,316026,0.02241587785346411,0.01075916457921266,0.03070265276550813,0,0.441251277923584,55,intervention
27,326340,0.02229859462403252,0.01075916457921266,0.03067912615616595,0,0.5477128624916077,55,intervention
30,317422,0.02474905909706417,0.01194245554506778,0.03378202321392584,0,0.6841755509376526,55,intervention
33,325752,0.02443463827789521,0.01199145149439573,0.03324575898829741,0,0.5407441258430481,55,intervention
36,334512,0.02116470648624167,0.01006809622049331,0.02926084637912716,0,0.566896915435791,55,intervention
39,330894,0.02107695336422588,0.01005791127681732,0.02893178407227554,0,0.5343884229660034,55,intervention
42,331890,0.0213721018289792,0.01009854767471551,0.02936534150106965,0,0.49621522426605225,55,intervention
45,315483,0.02208046819741051,0.01055414974689483,0.03040395281349939,0,0.6075363755226135,55,intervention
48,325641,0.02168460300198618,0.0104248384013772,0.02982266448377782,0,0.4824316501617432,55,intervention
0,7860108,0.02115320252237903,0.01009680330753326,0.02917801861572923,0,0.6073858141899109,56,intervention
3,7889258,0.02136347602985128,0.01019109971821308,0.02939784955879323,0,0.6841755509376526,56,intervention
6,7900455,0.02180187146950173,0.01041570212692022,0.03015553597447202,0,0.7869779467582703,56,intervention
9,7903980,0.02215440725800746,0.01063934992998838,0.03051294245001482,0,0.6018474102020264,56,intervention
12,7819609,0.02136460945131017,0.01022313255816698,0.02937041386521384,0,0.5784626603126526,56,intervention
15,7739550,0.02135177300776473,0.01020811032503843,0.02939498544797359,0,0.6129453182220459,56,intervention
18,7949214,0.02179128296320516,0.01043915096670389,0.0300078755188273,0,1.0672200918197632,56,intervention
21,8029304,0.02250963569628566,0.01086932141333818,0.03096342206200145,0,0.7100728154182434,56,intervention
24,7829777,0.02133543523625159,0.01018666569143533,0.02936625482262837,0,0.659852147102356,56,intervention
27,7953685,0.02134734309723713,0.01021746080368757,0.02943851321112451,0,0.6546710729598999,56,intervention
30,7942792,0.02180978368526369,0.01043082028627395,0.03000716361663843,0,0.6841755509376526,56,intervention
33,7923500,0.02192295113906899,0.01047122851014137,0.03016615679273861,0,0.6546949148178101,56,intervention
36,7930448,0.02117983016398906,0.01010513212531805,0.02912999402117646,0,0.6607996225357056,56,intervention
39,7848750,0.02120241622108407,0.01011834759265184,0.02920305164126632,0,0.5757400393486023,56,intervention
42,7970994,0.02125353824120713,0.01014131773263216,0.02928552961213323,0,0.6664812564849854,56,intervention
45,7894750,0.02123481845774834,0.01015533600002527,0.02919485943094071,0,0.6082150340080261,56,intervention
48,7896392,0.0212445162096713,0.0101065244525671,0.02925160259385629,0,0.6841755509376526,56,intervention
0,1361664,0.02101898186200074,0.01007654145359993,0.02888942422669608,0,0.5877342224121094,57,intervention
3,1321971,0.02085918960462967,0.00994436349719762,0.02887202127678324,0,0.694155216217041,57,intervention
6,1387540,0.02276377214044092,0.01094754133373499,0.0312899378770415,0,0.6622516512870789,57,intervention
9,1399368,0.02255612554052216,0.01086607202887535,0.03088547313962259,0,0.5250997543334961,57,intervention
12,1359540,0.02164192471712332,0.0103092361241579,0.02974802560449884,0,0.49621522426605225,57,intervention
15,1393398,0.02122040770357906,0.01017220877110958,0.02908753510130073,0,0.566896915435791,57,intervention
18,1367688,0.02323853566441972,0.0111337061971426,0.03201413920554127,0,0.770743191242218,57,intervention
21,1323540,0.02196991005362694,0.0104772699996829,0.03019741809899811,0,0.6181824803352356,57,intervention
24,1343280,0.02183358812271415,0.01043082028627395,0.03006664243393771,0,0.7240395545959473,57,intervention
27,1347905,0.02248391391486266,0.01077781803905963,0.03086049263737212,0,0.6904447078704834,57,intervention
30,1347296,0.02274088569211073,0.01086254138499498,0.03362188997606959,0,2.502422332763672,57,intervention
33,1368116,0.02304502648011722,0.01108206808567047,0.03181825515355242,0,0.6129453182220459,57,intervention
36,1365386,0.02147745720818261,0.01028034649789333,0.02962605683697718,0,0.5983755588531494,57,intervention
39,1355970,0.02124548705109713,0.01010905671864748,0.02938778062241555,0,0.9474148750305176,57,intervention
42,1359156,0.02155972180876235,0.01030169147998094,0.02992896323744722,0,1.050869107246399,57,intervention
45,1364160,0.02110900391415778,0.01007654145359993,0.0290708708362386,0,0.566896915435791,57,intervention
48,1345375,0.02140317845710139,0.01020195800811052,0.02946129466205296,0,0.566896915435791,57,intervention
0,4266234,0.02109096057188373,0.01006591878831386,0.0297589163718565,0,1.7542015314102173,58,intervention
3,4340752,0.0213226321147433,0.01019003521651029,0.02946248195025553,0,0.6171573400497437,58,intervention
6,4352360,0.02189778488933428,0.01047861389815807,0.03017435594475983,0,0.6215597987174988,58,intervention
9,4349371,0.0218648133330473,0.01049431506544351,0.03023347520778371,0,0.96386122703552235,58,intervention
12,4322064,0.02162667471573679,0.01036267355084419,0.02976180743219142,0,0.6841755509376526,58,intervention
15,4349187,0.02102997996820127,0.01005322579294443,0.02905648652877885,0,0.9033613801002502,58,intervention
18,4334550,0.02201694248107861,0.01057494152337312,0.03033388460372552,0,0.6930650472640991,58,intervention
21,4389860,0.02232528144547606,0.01068714074790477,0.030878773496786,0,1.0232423543930054,58,intervention
24,4297762,0.02154668269337368,0.01026951801031828,0.02985426219564166,0,1.0923850536346436,58,intervention
27,4334356,0.02128817475193258,0.01020899228751659,0.02925506843271805,0,0.5861449837684631,58,intervention
30,4303668,0.02186275031380331,0.01050586812198162,0.03014172949582986,0,0.6013466715812683,58,intervention
33,4386525,0.02193708202445856,0.01053333096206188,0.03025555908546812,0,0.6975222229957581,58,intervention
36,4331160,0.02122070776582736,0.01014187838882207,0.02924747187732899,0,0.9840370416641236,58,intervention
39,4311993,0.021260619426191,0.01013939455151558,0.02937018688387068,0,0.6645315885543823,58,intervention
42,4268352,0.02146451807315624,0.01025084871798753,0.02964628654200234,0,1.3358076810836792,58,intervention
45,4265030,0.02131030037677998,0.01014550123363733,0.02941061326866379,0,0.7649873495101929,58,intervention
48,4318830,0.0211872289471611,0.01011834759265184,0.02920437125010871,0,0.6841755509376526,58,intervention
0,8314566,0.02120619641199089,0.01018039416521787,0.02927595297342239,0,1.016038417816162,59,intervention
3,8216120,0.02178248446580673,0.01039798650890588,0.03037438758116439,0,1.7210164070129397,59,intervention
6,8110663,0.02183862332692702,0.01041577104479074,0.03016940272375298,0,1.0360311269760132,59,intervention
9,8144587,0.02165288392885087,0.01026466116309166,0.03370908333181835,0,5.6233930587768555,59,intervention
12,8165264,0.02159438744787933,0.01033576671034097,0.02971077042907536,0,0.70836639404296875,59,intervention
15,8256496,0.02130259336087662,0.01013176795095205,0.03050616115179757,0,4.106533527374268,59,intervention
18,8179024,0.0222496343779839,0.01064395811408758,0.03061108208018283,0,0.6841755509376526,59,intervention
21,8265576,0.02190072425838616,0.01031966228038072,0.04422183157668599,0,25.75146484375,59,intervention
24,8173760,0.02129809942782682,0.01014976296573877,0.02944434703203448,0,1.5225900411605835,59,intervention
27,8115357,0.02159304286778086,0.0103092361241579,0.03003059493105706,0,1.1242231130599976,59,intervention
30,8108254,0.02208167145693234,0.01058663707226514,0.03058337302579986,0,1.806570529937744,59,intervention
33,8182448,0.02205632326179983,0.01057830546051263,0.03043166900569691,0,1.3764729499816897,59,intervention
36,8125344,0.02132899173900291,0.01018039416521787,0.02940732883735949,0,1.0581843852996826,59,intervention
39,8199126,0.02144450444739992,0.01020899228751659,0.03003185070730683,0,2.192253351211548,59,intervention
42,8113862,0.02145182170244167,0.01019003521651029,0.03295757642684596,0,5.940711975097656,59,intervention
45,8231097,0.02128620694326926,0.01014187838882207,0.02950076796723756,0,1.0232805013656616,59,intervention
48,8065479,0.02132133869207481,0.01017311215400695,0.02960646732498807,0,1.488466739654541,59,intervention
0,358980,0.02177834175870964,0.01040614768862724,0.02985088137012364,0,0.410610169172287,6,intervention
3,361197,0.02187855065765728,0.0105240074917674,0.03008820950140644,0,0.4789689779281616,6,intervention
6,358146,0.02299758578757775,0.01100407820194959,0.03168656066405197,0,0.48464205861091614,6,intervention
9,353904,0.02532383120972317,0.01240469980984926,0.03506358394374757,0,0.6078379154205322,6,intervention
12,374535,0.02197695974812906,0.01056268438696861,0.03028180711746317,0,0.44699034094810486,6,intervention
15,356360,0.02152972831555786,0.01037836447358131,0.0294515736436404,0,0.5254047513008118,6,intervention
18,356934,0.02602299770568795,0.01262061391025781,0.03578742248454878,0,0.5702458024024963,6,intervention
21,378831,0.02417446077208027,0.01175842341035604,0.03298263163338822,0,0.6841755509376526,6,intervention
24,393080,0.02097407890244151,0.01007323712110519,0.02890899271994181,0,0.566896915435791,6,intervention
27,375753,0.02091426575579671,0.01009680330753326,0.02866462145329563,0,0.45603105425834656,6,intervention
30,382530,0.02510743819831847,0.01218243595212698,0.03446648615652739,0,0.4789689779281616,6,intervention
33,371956,0.02960301711207993,0.01092441007494926,0.29796365326481794,0,44.58774185180664,6,intervention
36,375066,0.02113264453941312,0.01009680330753326,0.02901552271910217,0,0.46796098351478577,6,intervention
39,383145,0.02167007460469958,0.0101838894188404,0.03594651846240341,0,2.422760009765625,6,intervention
42,374495,0.02211591038813053,0.01073193922638893,0.03035360950770154,0,0.8875679969787598,6,intervention
45,380653,0.02130832635942205,0.01017491333186626,0.02939597606878243,0,0.4980267584323883,6,intervention
48,387486,0.02169938501653828,0.01025298330932855,0.03529563278738478,0,2.562223434448242,6,intervention
0,656319,0.02144868761358573,0.01009444799274206,0.0298347921480419,0,0.6841755509376526,60,intervention
3,644425,0.02071088335436091,0.00979654490947723,0.02855264199689931,0,0.4071454107761383,60,intervention
6,659525,0.02290673873111835,0.01086597517132759,0.03173864653777451,0,0.504650354385376,60,intervention
9,629721,0.02595143682962181,0.01262100413441658,0.03562648633774134,0,0.765171468257904,60,intervention
12,692830,0.02107566471762451,0.01009680330753326,0.02892447606410058,0,0.5134412050247192,60,intervention
15,654336,0.0210684534793974,0.01008031982928514,0.02900995406475353,0,0.45507189631462097,60,intervention
18,685100,0.02304494526279456,0.01111360732465982,0.03165139181595061,0,0.5744583010673523,60,intervention
21,690404,0.02393118203985177,0.01159948576241731,0.03299979366306323,0,0.566896915435791,60,intervention
24,683220,0.02171679252567797,0.01038636267185211,0.0299056784129772,0,0.4789689779281616,60,intervention
27,703681,0.02257490186021182,0.01084617525339126,0.0310161298491872,0,0.5744583010673523,60,intervention
30,701375,0.02197935531642002,0.01053187251091003,0.03038784747866154,0,0.6013466715812683,60,intervention
33,683984,0.02315793177694478,0.01116666756570339,0.03195509006540149,0,0.5679451823234558,60,intervention
36,677250,0.02111554277706966,0.01009745616465807,0.02901997045594921,0,0.5477128624916077,60,intervention
39,664832,0.0214347561007903,0.01028281450271606,0.02945972203374376,0,0.6780120730400085,60,intervention
42,674246,0.02134794513962154,0.01023045368492603,0.02934018523060021,0,0.5434810519218445,60,intervention
45,678689,0.02151078879064076,0.01034382916986942,0.0295002592775775,0,0.6546710729598999,60,intervention
48,681210,0.02124659193857888,0.01017417944967746,0.02919828772998743,0,0.566896915435791,60,intervention
0,1930404,0.02094586480678252,0.01001096237450838,0.02892984808648911,0,0.6032311320304871,61,intervention
3,1885690,0.02157503526456826,0.01036262419074773,0.02965179581891293,0,0.6129453182220459,61,intervention
6,1902096,0.02266405316464401,0.01086607202887535,0.03113922408110295,0,0.6633915305137634,61,intervention
9,1968265,0.02282230413470561,0.01104731950908899,0.03117987888212856,0,0.5765171051025391,61,intervention
12,1924776,0.02135763749512791,0.01017634943127632,0.02930933334694259,0,0.566896915435791,61,intervention
15,1956877,0.02129466370917716,0.01014187838882207,0.02951084016254233,0,0.7301731109619141,61,intervention
18,1931259,0.02244952945369821,0.01077908370643854,0.0308231855399696,0,0.5318834781646729,61,intervention
21,1928025,0.02227415791512806,0.01063420251011848,0.0306354299149095,0,0.6571735143661499,61,intervention
24,1973584,0.02124026416992434,0.01014483626931905,0.02926659792641636,0,0.6325857043266296,61,intervention
27,1963602,0.02166240160373877,0.01042878907173872,0.02983123199336938,0,0.6767114400863647,61,intervention
30,1948695,0.0223855818152484,0.01075916457921266,0.03070897665993085,0,0.5786335468292236,61,intervention
33,1920980,0.02248850950454842,0.01081098336726427,0.03088684245353259,0,0.5385596752166748,61,intervention
36,1938784,0.02116517072094376,0.01014187838882207,0.02905912069033679,0,0.621270477771759,61,intervention
39,2023494,0.02139143319033725,0.01019269227981567,0.0295073453267706,0,0.5476737022399902,61,intervention
42,1974098,0.02115930865146028,0.01009745616465807,0.02908522386981192,0,0.6129453182220459,61,intervention
45,1949972,0.02128659376435826,0.01016545295715332,0.02931928142855596,0,0.4723615348339081,61,intervention
48,2004272,0.02128029571171925,0.01019109971821308,0.02928122147000517,0,0.4789689779281616,61,intervention
0,11870210,0.02242241308236606,0.01020816527307033,0.1102715626883715,0,48.80743789672851,62,intervention
3,11781714,0.0220863552298389,0.01021051127463579,0.06067881501126565,0,27.04146957397461,62,intervention
6,11826712,0.02204755199249745,0.01054205652326345,0.0316863973230006,0,4.719156265258789,62,intervention
9,11930112,0.02183977348738791,0.01034765504300594,0.03758377677054747,0,9.651884078979492,62,intervention
12,11964005,0.02159124264842464,0.01025699637830257,0.03200116713516256,0,3.6738147735595703,62,intervention
15,11819483,0.02190551053469506,0.01041232794523239,0.03279372125757032,0,5.893167972564697,62,intervention
18,11929155,0.02161385088662825,0.01022313255816698,0.03253296683296596,0,5.064805507659912,62,intervention
21,11919600,0.02178951928200226,0.01041232794523239,0.03047906744497574,0,2.91874361038208,62,intervention
24,11974410,0.02133975151729616,0.01016931049525737,0.02977239616916616,0,1.8778899908065796,62,intervention
27,12064896,0.02168562269827086,0.01032564416527748,0.03063581293559316,0,2.342773914337158,62,intervention
30,11809226,0.02183813076758847,0.01041577104479074,0.03056751264646644,0,2.7378132343292236,62,intervention
33,11727090,0.02175424611893024,0.01038636267185211,0.03015474867977628,0,1.8433653116226196,62,intervention
36,11836110,0.02131479956336145,0.01015473529696464,0.02941106451917975,0,1.25209641456604,62,intervention
39,11908501,0.02138520703671126,0.01022590510547161,0.02961371074030338,0,1.3056968450546265,62,intervention
42,11902419,0.02140372459169327,0.01017491333186626,0.03046705087856059,0,3.0638575553894043,62,intervention
45,11902419,0.02153722180941857,0.01014187838882207,0.03358742264739705,0,5.059181213378906,62,intervention
48,12023284,0.02147548697696157,0.01019616983830928,0.03098616990042172,0,5.7080841064453125,62,intervention
0,2433276,0.02126756664913895,0.01014187838882207,0.02941513041131693,0,0.6490405201911926,63,intervention
3,2379825,0.02134460812772355,0.01018339022994041,0.02934959742521468,0,0.646826446056366,63,intervention
6,2423765,0.02244753639736369,0.01077781803905963,0.03085242722117511,0,0.566896915435791,63,intervention
9,2530656,0.02261880616842094,0.01089583057910204,0.03112296760570125,0,0.8957363367080688,63,intervention
12,2456900,0.02132675337756548,0.01024536695331335,0.02926888551422596,0,0.6204856634140015,63,intervention
15,2491390,0.02112958525374877,0.01007654145359993,0.02917693789564231,0,0.5424096584320068,63,intervention
18,2381840,0.02197172296419607,0.01054116431623697,0.03022923743893911,0,0.6346561908721924,63,intervention
21,2508732,0.02287421495229569,0.01100691873580217,0.03163448945018759,0,0.9142566919326782,63,intervention
24,2407110,0.02150678875977114,0.01029649283736944,0.02956059496678977,0,0.5136807560920715,63,intervention
27,2418930,0.02162236416391079,0.01028499472886324,0.03048611150475074,0,2.3389382362365723,63,intervention
30,2431440,0.02279017221879005,0.0109750023111701,0.03133980096586258,0,0.6711089015007019,63,intervention
33,2423644,0.02228849607925136,0.01072512753307819,0.03076685230225134,0,1.1432538032531738,63,intervention
36,2467512,0.02201721742295501,0.01010818034410476,0.07025081256475409,0,16.461984634399414,63,intervention
39,2414912,0.02143783916017112,0.01025223731994628,0.02950471785926657,0,0.7730364799499512,63,intervention
42,2453808,0.02161669301647192,0.01037156023085117,0.02970238911369641,0,0.5856934785842896,63,intervention
45,2424168,0.02129451629103147,0.01009680330753326,0.03033444612490475,0,2.154893636703491,63,intervention
48,2447318,0.02128845513343225,0.01016230974346399,0.02931940677578815,0,0.6123857498168945,63,intervention
0,1089858,0.02109488568833893,0.01009680330753326,0.02899426715726221,0,0.5089103579521179,64,intervention
3,1090050,0.02184766475245363,0.01043082028627395,0.02991226822233104,0,0.5744583010673523,64,intervention
6,1103368,0.02413762025239468,0.01170467957854271,0.03322316638043224,0,0.5200478434562683,64,intervention
9,1109520,0.02301622346721035,0.01104301493614912,0.03170651238486467,0,0.5265645980834961,64,intervention
12,1098048,0.02139164068185541,0.01026951801031828,0.02934264113501144,0,0.6841755509376526,64,intervention
15,1114607,0.02240627212569053,0.01070773229002952,0.03078126321595723,0,0.565588653087616,64,intervention
18,1083240,0.02322463946976787,0.01113934535533189,0.03226854570826228,0,0.5983755588531494,64,intervention
21,1097863,0.02323682618215749,0.01118869613856077,0.03187105506743509,0,0.6058762073516846,64,intervention
24,1137528,0.02191204790364656,0.01054655667394399,0.03029971742760357,0,1.3634614944458008,64,intervention
27,1155096,0.02105587915271208,0.01005322579294443,0.029112457026908,0,0.566896915435791,64,intervention
30,1133496,0.02298296604939326,0.01104079000651836,0.03165934955535631,0,0.5744583010673523,64,intervention
33,1099725,0.02253024677666071,0.01084617525339126,0.03083628492218473,0,0.5737672448158264,64,intervention
36,1124880,0.02104902955113538,0.01006781682372093,0.02892719990998071,0,0.566896915435791,64,intervention
39,1127700,0.02140646785931599,0.01027245819568634,0.0293830656034544,0,0.6325857043266296,64,intervention
42,1140048,0.02152143401040289,0.01026457455009222,0.02968851969490262,0,0.6601938605308533,64,intervention
45,1123276,0.02142232367697718,0.01029478479176759,0.02937911043989888,0,0.5302269458770752,64,intervention
48,1133549,0.02123419424209502,0.01009745616465807,0.02924416999614083,0,0.4789689779281616,64,intervention
0,2263478,0.02161237354961872,0.01009680330753326,0.05086714306163793,0,10.41532039642334,65,intervention
3,2168256,0.02053648473845657,0.00979654490947723,0.02826514391282119,0,0.4872730076313019,65,intervention
6,2281500,0.02206743684715596,0.01062782667577266,0.0302845883141699,0,0.9535537958145142,65,intervention
9,2242506,0.02243544721387342,0.01080824341624975,0.03087590920668032,0,0.819221556186676,65,intervention
12,2191724,0.0214088645108635,0.01024425867944955,0.02939432907745506,0,0.5679451823234558,65,intervention
15,2241005,0.02121978183651645,0.01023571658879518,0.02911993231826651,0,0.566896915435791,65,intervention
18,2118298,0.02287263430585161,0.01101139653474092,0.03143243551556281,0,0.6287680268287659,65,intervention
21,2216896,0.02210830482662816,0.01062782667577266,0.03035646526107511,0,0.5679126381874084,65,intervention
24,2173770,0.02158149125731056,0.01034123264253139,0.02977776466316836,0,0.5983755588531494,65,intervention
27,2159124,0.02169736952377797,0.0103535745292902,0.03034306497556383,0,2.070704221725464,65,intervention
30,2163441,0.02295745030235429,0.01107874885201454,0.03153487340724132,0,0.6038113832473755,65,intervention
33,2233024,0.02315835681539064,0.01115763932466507,0.03194424790316674,0,0.7240395545959473,65,intervention
36,2215576,0.02121075157228726,0.01011402159929275,0.02931452247693827,0,1.0000426769256592,65,intervention
39,2119680,0.02131548787579801,0.01017220877110958,0.029461159614126282,0,0.9832298159599304,65,intervention
42,2176680,0.02136456947814519,0.01019968371838331,0.029587110903049,0,1.0239274501800537,65,intervention
45,2162238,0.02135819504668082,0.01018039416521787,0.02944369436075009,0,0.566896915435791,65,intervention
48,2200616,0.02121401594916235,0.01017239224165678,0.02922859794350183,0,0.5343884229660034,65,intervention
0,5512800,0.02176974122980032,0.01041232794523239,0.03084183303544026,0,3.582336664199829,66,intervention
3,5566248,0.02142577578001147,0.01024425867944955,0.03009508733956609,0,2.0733542442321777,66,intervention
6,5513832,0.02189339829009001,0.01040614768862724,0.03209852773913576,0,3.449655771255493,66,intervention
9,5558720,0.02203561226857606,0.01049179583787918,0.03376052312798746,0,4.817110538482666,66,intervention
12,5552336,0.02144526184356825,0.01022313255816698,0.02957194828660014,0,0.8030765652656555,66,intervention
15,5598414,0.02216295949430193,0.01014187838882207,0.08080818694640715,0,21.865888595581055,66,intervention
18,5640550,0.02220845898965671,0.01051750313490629,0.03806061955184846,0,6.627440929412842,66,intervention
21,5612460,0.02206380847830376,0.01055543217808008,0.03076731082523063,0,1.942633032798767,66,intervention
24,5612808,0.02167787305050493,0.01040365826338529,0.02992878838488961,0,1.2103842496871948,66,intervention
27,5526796,0.02127874099965855,0.01015533600002527,0.02942029360440327,0,0.8651919364929199,66,intervention
30,5580744,0.02238061757635978,0.01071912981569767,0.03092797313093075,0,1.067294359207153,66,intervention
33,5609760,0.02233084931655339,0.01064533088356256,0.03137269649142744,0,1.4994487762451172,66,intervention
36,5455807,0.02142642245972102,0.01024425867944955,0.02946865683006913,0,0.6152240037918091,66,intervention
39,5574702,0.02151347382888216,0.01025845110416412,0.03081884745881703,0,2.778717279434204,66,intervention
42,5602113,0.02129703409568328,0.01018584426492452,0.02936044392854608,0,0.8094902038574219,66,intervention
45,5530140,0.02129742248865575,0.01015603635460138,0.02933717602641199,0,0.6841755509376526,66,intervention
48,5502560,0.02131062602026807,0.01014051400125026,0.02953182594534122,0,1.5474251508712769,66,intervention
0,1567279,0.02185198992111402,0.010515290312469,0.02993344356168287,0,0.540640115737915,67,intervention
3,1572291,0.02141109875576907,0.01017153263092041,0.03036541111141639,0,1.7529711723327637,67,intervention
6,1568646,0.02354082095336218,0.01139396149665117,0.03242049148013637,0,0.5924255847930908,67,intervention
9,1557308,0.02226261543834255,0.01065963134169578,0.03053581195094511,0,0.5089103579521179,67,intervention
12,1582700,0.02164469442992335,0.01036909874528646,0.02972007317308917,0,0.5136807560920715,67,intervention
15,1581174,0.02191417892743981,0.01044333167374134,0.03030724371317499,0,0.5531549453735352,67,intervention
18,1572480,0.02406700018121526,0.01174466405063867,0.03306782129540801,0,0.6490405201911926,67,intervention
21,1624294,0.02289340696677977,0.01103382557630539,0.03153444824615345,0,0.5754531621932983,67,intervention
24,1602500,0.02154327468148391,0.01041176170110702,0.02979686956586736,0,0.6546949148178101,67,intervention
27,1597296,0.02135062967720876,0.01024072710424661,0.02933263894612272,0,0.6129453182220459,67,intervention
30,1586268,0.02243760118569215,0.01081444602459669,0.030955329835533,0,0.5996981263160706,67,intervention
33,1617200,0.02265703703911486,0.0108999228104949,0.03124616485110831,0,0.6841755509376526,67,intervention
36,1568646,0.02141185018468179,0.01022590510547161,0.03043377659907126,0,2.03987455368042,67,intervention
39,1578792,0.0226969457063073,0.01014187838882207,0.10219954085206658,0,26.004207611083984,67,intervention
42,1569960,0.02175455616244169,0.01043082028627395,0.02986410770922402,0,0.6129453182220459,67,intervention
45,1571106,0.02137319462192216,0.01019879058003425,0.0301970604481524,0,1.816287398338318,67,intervention
48,1572320,0.02135758848177523,0.01023582927882671,0.02936543268275798,0,0.6857874393463135,67,intervention
0,1996792,0.02123537151338148,0.01015533600002527,0.02915226494361002,0,0.5249439477920532,68,intervention
3,1882023,0.02122280673218915,0.01007644645869731,0.02922962222727456,0,0.568489134311676,68,intervention
6,1970127,0.02350773726192397,0.01134858652949333,0.03240621616647859,0,0.6013466715812683,68,intervention
9,2011150,0.02257583907469205,0.01077781803905963,0.03161288277627275,0,1.473417043685913,68,intervention
12,2009203,0.02116379424964161,0.01010818034410476,0.02919114837980607,0,0.5477128624916077,68,intervention
15,1981239,0.02265519796473811,0.01042531430721283,0.06415194896834199,0,10.648533821105955,68,intervention
18,1998771,0.0227525463730695,0.01088667660951614,0.03136169862625884,0,0.8001565337181091,68,intervention
21,2003831,0.02250954596712833,0.01081169955432415,0.03093839809970304,0,0.7172614336013794,68,intervention
24,2013340,0.02150515667712653,0.01025635842233896,0.0296730125213318,0,0.5936068296432495,68,intervention
27,2012720,0.02125525917566848,0.01018474344164133,0.02928135181408582,0,0.5568013787269592,68,intervention
30,1960210,0.021921790064096,0.01055414974689483,0.03028044979660361,0,0.6546949148178101,68,intervention
33,1981680,0.02236628802104035,0.01068936288356781,0.03092949598386723,0,0.600493848323822,68,intervention
36,1965950,0.02123469724313336,0.0101065244525671,0.02926454588953186,0,0.6036746501922607,68,intervention
39,1996085,0.02164068742514293,0.01031340379267931,0.02980852844374216,0,0.7025665044784546,68,intervention
42,1976910,0.02135927636842786,0.01022658869624137,0.02935029857563867,0,0.5343884229660034,68,intervention
45,1973541,0.02107008505687526,0.01004409324377775,0.02902058074466366,0,0.5478178858757019,68,intervention
48,1957608,0.0214498009179178,0.01023045368492603,0.02954408148524224,0,0.9609875679016112,68,intervention
0,195573,0.02379149143244265,0.01168049592524767,0.03235747251533354,0,0.4494899213314056,69,intervention
3,190000,0.02186761791225846,0.01040614768862724,0.03020835977953946,0,0.46009111404418945,69,intervention
6,185380,0.02323071864543812,0.01091516576707363,0.03238944369864446,0,0.4798157513141632,69,intervention
9,199950,0.02521734222717959,0.01233069691807031,0.03469283139339051,0,0.5367595553398132,69,intervention
12,206541,0.02096099120605145,0.00990688800811767,0.02891766654598959,0,0.4141658544540405,69,intervention
15,210392,0.0202346760868835,0.00966203026473522,0.02786806773886549,0,0.5424096584320068,69,intervention
18,212054,0.02442221575251412,0.0117252292111516,0.03402739714820185,0,0.4366017878055573,69,intervention
21,210930,0.02652146583108258,0.01269495952874422,0.03757968900772735,0,0.6774016618728638,69,intervention
24,221645,0.0229328503507938,0.01111103035509586,0.03146871169936288,0,0.5089103579521179,69,intervention
27,225094,0.0209944820978507,0.01014972385019064,0.02835060669979672,0,0.37333816289901733,69,intervention
30,233856,0.02338451540789669,0.01155093871057033,0.03192231147675308,0,0.6613544821739197,69,intervention
33,228752,0.0244128198968909,0.01179368235170841,0.03403195078277819,0,0.5150590538978577,69,intervention
36,226455,0.02074929533437273,0.01000859122723341,0.02856971365278779,0,0.47941654920578,69,intervention
39,229117,0.02125957610896102,0.01026856806129217,0.02919516172210527,0,0.6841755509376526,69,intervention
42,221216,0.02188455611201108,0.01050586812198162,0.03014172357065843,0,0.5242529511451721,69,intervention
45,222159,0.02143894774808638,0.01026386860758066,0.029596625987521,0,0.5679451823234558,69,intervention
48,220539,0.02135119075306863,0.01020356640219688,0.02941482966590047,0,0.4723615348339081,69,intervention
0,4813152,0.02118931138403445,0.01014187838882207,0.02946584521159395,0,1.3170011043548584,7,intervention
3,4707876,0.02158751997191123,0.01032416895031929,0.02971848581098659,0,0.656603991985321,7,intervention
6,4759524,0.02332860998200064,0.01109565515071153,0.04549861838908427,0,9.832677841186523,7,intervention
9,4706299,0.02184942420489097,0.01043082028627395,0.03008471117302729,0,0.6841755509376526,7,intervention
12,4838151,0.02138368269960988,0.01017802208662033,0.0302582718134003,0,1.9262609481811523,7,intervention
15,4875837,0.02174091998599342,0.01027426775544881,0.03919466519596702,0,7.159552097320557,7,intervention
18,4835117,0.02173979751168088,0.01041577104479074,0.0300639400680129,0,0.7786610722541809,7,intervention
21,4784562,0.02188550187639197,0.01048467773944139,0.03026774969718882,0,2.1948866844177246,7,intervention
24,4765866,0.02159635651682794,0.01034844201058149,0.03009056136362394,0,1.16973614692688,7,intervention
27,4716564,0.02120370602932895,0.01010818034410476,0.02941283649230046,0,1.3356822729110718,7,intervention
30,4844880,0.02184000084140673,0.01050572656095028,0.03014446147142464,0,0.7753254771232605,7,intervention
33,4767647,0.02219253681155433,0.01062782667577266,0.0306618539496249,0,0.9995465278625488,7,intervention
36,4858661,0.02124473742463875,0.01018039416521787,0.0293562050635546,0,0.8606485724449158,7,intervention
39,4817400,0.02117916497823691,0.0101230964064598,0.02919099160848366,0,0.929912269115448,7,intervention
42,4752030,0.02133736544897321,0.01018474344164133,0.02976619599811771,0,1.5270774364471436,7,intervention
45,4712917,0.02143631049056111,0.01018881052732467,0.03125678118326067,0,3.778165817260742,7,intervention
48,4790880,0.0212098349840609,0.01014187838882207,0.02923967597810086,0,0.6476314663887024,7,intervention
0,11888560,0.02154147378513114,0.0103092361241579,0.02976128084798441,0,0.9603841304779052,70,intervention
3,11788616,0.02143108141376777,0.01017905957996845,0.03050456787675608,0,2.8065810203552246,70,intervention
6,12103272,0.02185104095605989,0.01043082028627395,0.03065618154274709,0,2.639411449432373,70,intervention
9,11857092,0.02305577961756671,0.01043082028627395,0.12458606449444208,0,50.80216979980469,70,intervention
12,11963385,0.02112216213333169,0.01008074451237917,0.02927342734474327,0,1.2108635902404783,70,intervention
15,12109724,0.0214202432026895,0.01015533600002527,0.0321219045534574,0,6.677678108215332,70,intervention
18,11933480,0.0217587590121366,0.01040614768862724,0.03044297684277198,0,2.3346898555755615,70,intervention
21,11970576,0.0234116115294748,0.01041232794523239,0.15642921285611305,0,57.26879119873047,70,intervention
24,12000310,0.02146965761219391,0.01018918491899967,0.03294420138107506,0,6.4787821769714355,70,intervention
27,11912390,0.02169978544011118,0.01035778131335973,0.03089995647713096,0,2.776620864868164,70,intervention
30,11953844,0.02144051977125752,0.01023714244365692,0.02963876524882739,0,0.9776627421379088,70,intervention
33,12015362,0.02223964812840814,0.01062040124088525,0.03307573958110905,0,5.657678127288818,70,intervention
36,12004781,0.02178174157826411,0.01018881052732467,0.05135625228215959,0,43.13056182861328,70,intervention
39,12120822,0.02147177939991675,0.01014976296573877,0.03212218016385593,0,3.9230997562408447,70,intervention
42,12168876,0.02160683381158867,0.01027693971991539,0.03099307140132308,0,2.385857582092285,70,intervention
45,11915679,0.02151141186316458,0.01021214760839939,0.03161603413210465,0,4.582650184631348,70,intervention
48,11998396,0.02268492691972756,0.01021586917340755,0.13938298280359024,0,68.055389404296875,70,intervention
0,4572582,0.02109655215463238,0.01011159271001815,0.02897084343414296,0,0.5796167254447937,71,intervention
3,4497682,0.02116730663557436,0.01013121847063303,0.02917083441697973,0,0.6111711263656616,71,intervention
6,4503880,0.02179150815562798,0.01043082028627395,0.0299831852394792,0,0.5813720226287842,71,intervention
9,4538478,0.02205810074371991,0.01059435401111841,0.03055271012530916,0,0.6841755509376526,71,intervention
12,4596160,0.02149863886947015,0.01027576904743909,0.02996572341754035,0,1.3471664190292358,71,intervention
15,4503524,0.02126178345452271,0.01009057834744453,0.03422314879174765,0,6.197814464569092,71,intervention
18,4519452,0.02261847794355587,0.01086933258920908,0.0311745581536658,0,0.618377149105072,71,intervention
21,4464230,0.02176782802039658,0.01041649468243122,0.0301316314544311,0,0.7221753597259521,71,intervention
24,4514181,0.02135099008844257,0.01018701866269111,0.02942926633498574,0,0.8880140781402588,71,intervention
27,4497416,0.02147581048791574,0.01028378121554851,0.02956558404502915,0,0.5856093168258667,71,intervention
30,4532608,0.02147162510407739,0.01029190607368946,0.02956974140442664,0,0.6402515172958374,71,intervention
33,4454017,0.02205844997148366,0.01054747216403484,0.03224480867940785,0,3.275743007659912,71,intervention
36,4419800,0.02130529191895387,0.01017153263092041,0.03002098123733948,0,2.0456855297088623,71,intervention
39,4386321,0.02128973572979702,0.01015491504222154,0.02933888432681147,0,0.65798020362854,71,intervention
42,4331160,0.02137212792205893,0.01018039416521787,0.02973902963299399,0,1.447943925857544,71,intervention
45,4532964,0.02121984117036253,0.01013456750661134,0.0295154428928266,0,1.3647562265396118,71,intervention
48,4436286,0.02155853204533045,0.0101838894188404,0.03726379156352305,0,6.451664924621582,71,intervention
0,868434,0.02198959629318677,0.01053804531693458,0.03022547548819225,0,0.5265645980834961,72,intervention
3,871515,0.02023441724489705,0.00961966719478368,0.02806275606459191,0,0.522346019744873,72,intervention
6,859876,0.02308090461043787,0.01097677368670702,0.03191287524811653,0,0.5089103579521179,72,intervention
9,826590,0.02251075114702752,0.01072980090975761,0.03106002331430838,0,0.5065930485725403,72,intervention
12,846175,0.02191784445586041,0.01058806013315916,0.03016979777946763,0,0.566896915435791,72,intervention
15,866232,0.02181555664819112,0.01041232794523239,0.03009419839960289,0,0.4643088579177856,72,intervention
18,877293,0.02338633030877124,0.01130914315581321,0.03204930169752123,0,0.566896915435791,72,intervention
21,859984,0.02368035528514161,0.01137693598866462,0.03298046279300068,0,0.6416388154029846,72,intervention
24,861952,0.02149527600661047,0.01025845110416412,0.02982210112254122,0,0.5477128624916077,72,intervention
27,885312,0.02102746342919992,0.01002106629312038,0.0288083315736834,0,0.4843344986438751,72,intervention
30,886139,0.02267928585457366,0.01093292329460382,0.031471997502882,0,0.6841755509376526,72,intervention
33,870389,0.02279806325711657,0.01092312298715114,0.03145212171356256,0,0.646826446056366,72,intervention
36,883670,0.02110792572656072,0.01012286450713872,0.02902836060929311,0,0.6013466715812683,72,intervention
39,889886,0.02117254045833997,0.01010818034410476,0.02919183440935558,0,0.566896915435791,72,intervention
42,911241,0.02123911104017712,0.01020899228751659,0.02919534876758125,0,0.6841755509376526,72,intervention
45,902016,0.02139237449777724,0.01025223731994628,0.02931327343501474,0,0.49621522426605225,72,intervention
48,893838,0.02150216155545324,0.01029190607368946,0.02956415163516134,0,0.5065930485725403,72,intervention
0,4875200,0.02180069013374242,0.01041577104479074,0.03001729556357506,0,1.027557611465454,73,intervention
3,5017200,0.02092395176359481,0.01000590529292821,0.02889979445382854,0,0.8612821698188782,73,intervention
6,5046742,0.02185350889052694,0.01045000553131103,0.03009162657404463,0,0.6148776412010193,73,intervention
9,5026308,0.02211865050685056,0.01059731096029281,0.03069703108000119,0,0.6633915305137634,73,intervention
12,5053500,0.02110385675494775,0.01009680330753326,0.02909548148072193,0,0.7516077160835266,73,intervention
15,5015318,0.0212937213804325,0.01010818034410476,0.02996975404114267,0,2.0970256328582764,73,intervention
18,5051100,0.02351882750550371,0.01086933258920908,0.0762027223607845,0,18.93047332763672,73,intervention
21,5010642,0.0230871548167786,0.01106117852032184,0.03218720702741989,0,0.6841755509376526,73,intervention
24,5127030,0.02138189728189391,0.01023594196885824,0.02949293333632866,0,0.7411069869995117,73,intervention
27,5132110,0.02172527622439244,0.01040614768862724,0.0301303728247345,0,1.364606261253357,73,intervention
30,5071279,0.02212951720433409,0.01062040124088525,0.03048505602129628,0,0.6129453182220459,73,intervention
33,5094013,0.02222686635715158,0.01062782667577266,0.0307622593556721,0,1.3900339603424072,73,intervention
36,5055480,0.02134302436280396,0.0101961325854063,0.02936151987604725,0,0.7454280257225037,73,intervention
39,5073414,0.02129384807530811,0.01013919059187173,0.0297912500822389,0,3.5843420028686523,73,intervention
42,5062451,0.02149136370461417,0.01028176397085189,0.02964266406492955,0,1.105473518371582,73,intervention
45,5096000,0.02166162727376471,0.01031966228038072,0.03032138023812225,0,2.275897264480591,73,intervention
48,5130221,0.0213263987287713,0.01009745616465807,0.03206079407210618,0,4.327174663543701,73,intervention
0,742875,0.02154259409616831,0.01028015464544296,0.02973053702997769,0,0.49621522426605225,74,intervention
3,761124,0.02224968058738859,0.01067272387444973,0.03082593727678707,0,0.6416125297546387,74,intervention
6,774351,0.02545763077297649,0.0123956287279725,0.03507521054024303,0,0.5836811661720276,74,intervention
9,774000,0.02393372712425357,0.01155093871057033,0.03311690806193689,0,0.5856934785842896,74,intervention
12,749952,0.02168056658216836,0.01041232794523239,0.02975254603762,0,0.5065930485725403,74,intervention
15,745271,0.02196709233359948,0.01060078665614128,0.03019909946785169,0,0.5007637739181519,74,intervention
18,780556,0.02566014287222766,0.01236910931766033,0.03658876364129673,0,0.7643834352493286,74,intervention
21,797880,0.0243553661151082,0.01195170823484659,0.03357221842494182,0,0.6841755509376526,74,intervention
24,788463,0.02138006618889064,0.01022313255816698,0.02947474297161651,0,0.4723615348339081,74,intervention
27,765850,0.0220244442501789,0.01054790243506431,0.03051645029307506,0,0.5918256640434265,74,intervention
30,759050,0.02262390942545252,0.01092421077191829,0.03127073980337214,0,0.646826446056366,74,intervention
33,725708,0.0229761621784131,0.01102952752262353,0.03167190851387786,0,0.5165693759918213,74,intervention
36,774144,0.02127889009930923,0.01022696401923894,0.02929269324241025,0,0.5744583010673523,74,intervention
39,769008,0.02144973502905586,0.01028386875987053,0.02972022121991429,0,0.6542166471481323,74,intervention
42,759240,0.0212993142322369,0.01014187838882207,0.02938496743453366,0,0.4789689779281616,74,intervention
45,793737,0.02105157460633759,0.01013176795095205,0.02891856162152904,0,0.597105085849762,74,intervention
48,753740,0.02093279574784817,0.01004217844456434,0.02876961348137479,0,0.687832772731781,74,intervention
0,321594,0.02143044950873509,0.01009745616465807,0.02959615391601135,0,0.4272782504558563,75,intervention
3,315042,0.02291734364104573,0.01104731950908899,0.03143202917391408,0,0.4384410083293915,75,intervention
6,330820,0.02263843039976876,0.01101213134825229,0.03084392209975842,0,0.4723615348339081,75,intervention
9,315072,0.02601860082032776,0.01260233111679554,0.03593427709431041,0,0.5482248663902283,75,intervention
12,342144,0.02226103198469793,0.01051750313490629,0.03060942048692084,0,0.42663654685020447,75,intervention
15,309055,0.02235060558001976,0.01087055262178182,0.03012002498370667,0,0.4207642674446106,75,intervention
18,347480,0.02437563293020909,0.0118409264832735,0.03340110134633495,0,0.6073164939880371,75,intervention
21,339096,0.0243921462979008,0.01160717196762561,0.03397682965131338,0,0.6113660335540771,75,intervention
24,349256,0.02231830065596525,0.01064450107514858,0.03081992129888202,0,0.5385596752166748,75,intervention
27,343976,0.02108444964421527,0.01009680330753326,0.02906743339504481,0,0.45492425560951233,75,intervention
30,356373,0.02217561204201179,0.01060274522751569,0.03041477016900697,0,0.4643088579177856,75,intervention
33,358190,0.02347204146625094,0.01131719537079334,0.0320020201525108,0,0.4643088579177856,75,intervention
36,345144,0.02158754850787383,0.01027769036591053,0.02956774690444384,0,0.46889728307724,75,intervention
39,337440,0.02149084938269396,0.01028365269303321,0.02966573800676722,0,0.4643088579177856,75,intervention
42,345066,0.0213375685080582,0.0103092361241579,0.02920714756177363,0,0.481286883354187,75,intervention
45,348096,0.02190062089669508,0.01050266064703464,0.03020664317241946,0,0.5448959469795227,75,intervention
48,349217,0.02182044807644149,0.01043082028627395,0.03006807357551279,0,0.5089103579521179,75,intervention
0,4161311,0.02123283574854962,0.01009854767471551,0.02956282698501677,0,1.2278261184692385,76,intervention
3,4181449,0.02153016589770519,0.01034712325781583,0.02957349770972526,0,0.5866675972938538,76,intervention
6,4167632,0.0225455366606855,0.01080166827887296,0.03158554847929709,0,2.2399203777313232,76,intervention
9,4120416,0.02237151379183383,0.01068191416561603,0.03095699280229278,0,0.9225077033042908,76,intervention
12,4206025,0.02137419212486595,0.01021586917340755,0.02966090466896609,0,1.7596834897994995,76,intervention
15,4163598,0.02141169752853565,0.0102657014504075,0.02948635707323987,0,0.6760522723197937,76,intervention
18,4153380,0.02264430650596576,0.01086976379156112,0.03116142630614504,0,0.6841755509376526,76,intervention
21,4161404,0.02325461729137027,0.01109380461275577,0.03349524862894808,0,2.737031936645508,76,intervention
24,4171800,0.02135021051698949,0.01020774897187948,0.029407831772834,0,0.5920856595039368,76,intervention
27,4198392,0.02114264639502825,0.01010505203157663,0.02905974501038728,0,0.7697249054908752,76,intervention
30,4188160,0.02315354065659866,0.01120318192988634,0.03178739226477692,0,0.6841755509376526,76,intervention
33,4141029,0.02167692222614295,0.01037773583084344,0.02976425676178961,0,0.5265645980834961,76,intervention
36,4135050,0.02132338370003842,0.0101961325854063,0.02932318083333908,0,0.7036116123199463,76,intervention
39,4190145,0.02139871094984432,0.01019617915153503,0.02949137862969412,0,0.7015390396118164,76,intervention
42,4131014,0.02163481789203383,0.01036625634878873,0.02978521742599882,0,0.646826446056366,76,intervention
45,4196346,0.0214831684777845,0.01027245819568634,0.02962112425382057,0,0.6780120730400085,76,intervention
48,4134850,0.02140741992513955,0.01021586917340755,0.02968879201975472,0,1.693766951560974,76,intervention
0,1471320,0.02130567267782994,0.01016408950090408,0.02939280627030818,0,0.5705986618995667,77,intervention
3,1467180,0.02108584908537953,0.01002519484609365,0.02898040067872439,0,0.6325857043266296,77,intervention
6,1441144,0.02308089744960687,0.01104301493614912,0.03152852269359257,0,0.5343884229660034,77,intervention
9,1455432,0.0231363129609019,0.0111502194777131,0.0318030540080196,0,0.6767114400863647,77,intervention
12,1406790,0.02153678941776427,0.0103092361241579,0.02964348000933396,0,0.5423440337181091,77,intervention
15,1427584,0.02156784381392622,0.01029190607368946,0.02945024268698861,0,0.6841755509376526,77,intervention
18,1419292,0.02236516191357255,0.01068714074790477,0.03070392829927356,0,0.4643088579177856,77,intervention
21,1456449,0.02281403219356648,0.01094930712133646,0.03145417185175122,0,0.6633915305137634,77,intervention
24,1462290,0.0214853433459171,0.01028209552168846,0.02942823742990416,0,0.5065930485725403,77,intervention
27,1466265,0.02188342410323334,0.01049067731946706,0.03012742593109561,0,0.6073164939880371,77,intervention
30,1501668,0.02275798680664187,0.01093514449894428,0.03154882666879341,0,0.6841755509376526,77,intervention
33,1491822,0.02222328075604328,0.01064897235482931,0.03059235782318567,0,0.6841755509376526,77,intervention
36,1439424,0.02113944532148767,0.01009745616465807,0.02906714645969864,0,0.566896915435791,77,intervention
39,1429887,0.02130367930396173,0.01014187838882207,0.02932782956501852,0,0.646826446056366,77,intervention
42,1465200,0.02124870789140557,0.01011159271001815,0.02921522538560347,0,0.5983755588531494,77,intervention
45,1427989,0.0212545397610566,0.01014187838882207,0.02923254779404666,0,0.6633915305137634,77,intervention
48,1448655,0.02122733286438491,0.01010818034410476,0.02925994068852492,0,0.7454280257225037,77,intervention
0,553608,0.02145637339638885,0.01012979168444871,0.03009238066656293,0,0.5007637739181519,78,intervention
3,520114,0.02054803959441694,0.0098986942321062,0.02818680129699913,0,0.4643088579177856,78,intervention
6,543044,0.02427960127962816,0.01184118445962667,0.03323992171723283,0,0.646826446056366,78,intervention
9,539264,0.02246590801084921,0.01085071638226509,0.03071225959461643,0,0.4643088579177856,78,intervention
12,535199,0.02230777426737924,0.01069759763777256,0.03074623658327668,0,0.566896915435791,78,intervention
15,545637,0.02218192129803485,0.01060819439589977,0.03046597102474671,0,0.4723615348339081,78,intervention
18,560070,0.02171067465510331,0.01043082028627395,0.02968511083365597,0,0.4738510847091675,78,intervention
21,570760,0.02456312153201503,0.01194102875888347,0.03385497316519294,0,0.5139957070350647,78,intervention
24,569241,0.021697400109501,0.01041232794523239,0.02974331355850265,0,0.48501056432724,78,intervention
27,595140,0.02148494974065435,0.01029415894299745,0.02952694079775473,0,0.5367595553398132,78,intervention
30,580619,0.02347119290865206,0.01131774764508009,0.03225943090751176,0,0.5257095098495483,78,intervention
33,603665,0.023326029692384,0.0113726882264018,0.03207915940360258,0,0.580629289150238,78,intervention
36,555660,0.02135199633655218,0.01017220877110958,0.02943773054058972,0,0.4541800022125244,78,intervention
39,592171,0.02136410812568597,0.01019817870110273,0.02947560242735771,0,0.5477128624916077,78,intervention
42,571532,0.02150116907807798,0.0102332467213273,0.02979736562052715,0,0.5868294835090637,78,intervention
45,577404,0.02125054101371219,0.01018881052732467,0.02922420147462218,0,0.5137157440185547,78,intervention
48,581250,0.02134488081714497,0.01018553040921688,0.02927408552503461,0,0.4504184424877167,78,intervention
0,1046178,0.02104775425617946,0.01002728100866079,0.02893498295242229,0,0.5265645980834961,79,intervention
3,983412,0.02168617033114726,0.01036052592098713,0.02960699082723462,0,0.4824316501617432,79,intervention
6,1032150,0.02396869288334364,0.01167659927159547,0.03273162728102335,0,0.5600936412811279,79,intervention
9,1045694,0.02277160881941081,0.01097585726529359,0.03128380124841621,0,0.6633915305137634,79,intervention
12,1065770,0.02105857479954059,0.01009680330753326,0.02892910621271116,0,0.4768790006637573,79,intervention
15,1090814,0.02149023488813187,0.0102302823215723,0.02972920320500166,0,0.566896915435791,79,intervention
18,1066020,0.02124279727394134,0.01018039416521787,0.02921026980620638,0,0.5089103579521179,79,intervention
21,1087535,0.02375011084647951,0.01152035780251026,0.03273183586016127,0,0.6153317093849182,79,intervention
24,1097739,0.02176648613871496,0.01045206375420093,0.02989354589715118,0,0.6325857043266296,79,intervention
27,1092906,0.02125987074395315,0.01019000075757503,0.02926581130974138,0,0.5170512199401855,79,intervention
30,1079218,0.02348961054476257,0.01138804480433464,0.03258095785156331,0,0.8519468307495117,79,intervention
33,1082955,0.02216991563672793,0.01057108771055936,0.03058810299442165,0,0.49732568860054016,79,intervention
36,1082848,0.02151865873398821,0.01029415894299745,0.02963247102108572,0,0.6611738801002502,79,intervention
39,1119570,0.02118642130361891,0.01013919059187173,0.02917207776052086,0,0.5495843291282654,79,intervention
42,1098192,0.02108895059426373,0.01010505203157663,0.0290188372350174,0,0.49621522426605225,79,intervention
45,1076654,0.02116867220383275,0.01009680330753326,0.02912400856797065,0,0.6325857043266296,79,intervention
48,1093815,0.02116290738251996,0.01011834759265184,0.02913142568502395,0,0.6013466715812683,79,intervention
0,1360540,0.02137273765381373,0.01014187838882207,0.02982244987189263,0,1.0429285764694214,8,intervention
3,1417218,0.02210290115944816,0.01056898012757301,0.03057862759031615,0,0.8722015023231506,8,intervention
6,1388862,0.022395530587928852,0.01076431851834058,0.03073754854625141,0,0.566896915435791,8,intervention
9,1399473,0.022537909508641,0.01077117305248975,0.03168256546360859,0,2.470791816711426,8,intervention
12,1375785,0.02172885739492674,0.01036694832146167,0.03054191319606376,0,1.6698466539382937,8,intervention
15,1368059,0.02154785275630559,0.01024753227829933,0.0298958917861619,0,0.9333888292312622,8,intervention
18,1413237,0.0228865776325019,0.01108724623918533,0.03161380576509066,0,0.6098248362541199,8,intervention
21,1394712,0.02312193855658151,0.01111360732465982,0.03210060520823179,0,0.7454280257225037,8,intervention
24,1422044,0.02148687571352501,0.01030272990465164,0.02952516185463337,0,0.5744583010673523,8,intervention
27,1405404,0.02123962845394672,0.01015533600002527,0.02920010120722483,0,0.5521701574325562,8,intervention
30,1450580,0.02263033778459072,0.0108988219872117,0.03136204456720459,0,0.8872510194778442,8,intervention
33,1462734,0.0221626024404406,0.01062482502311468,0.03073332435613841,0,0.6129453182220459,8,intervention
36,1453224,0.02114813768773789,0.01014187838882207,0.0290755368792461,0,0.5374966263771057,8,intervention
39,1431372,0.02119982023028604,0.01014187838882207,0.02928578823948693,0,0.6490405201911926,8,intervention
42,1424170,0.02155218657709051,0.01031966228038072,0.02971078966885914,0,0.6416388154029846,8,intervention
45,1428914,0.02143473375380027,0.01018474344164133,0.03417735800079079,0,3.527379274368286,8,intervention
48,1429148,0.02139010384333478,0.01025635842233896,0.02952731282272924,0,0.5695227980613708,8,intervention
0,1350216,0.02165616472635907,0.01033776625990867,0.02976682002220455,0,0.540640115737915,80,intervention
3,1356320,0.02114115077079222,0.01007644645869731,0.0305120539637735,0,1.799494743347168,80,intervention
6,1346058,0.02340110764667933,0.01138781756162643,0.03225836676876336,0,0.875990629196167,80,intervention
9,1348212,0.02294555864931816,0.0110248178243637,0.03163017168415024,0,0.6841755509376526,80,intervention
12,1364202,0.02134198797942633,0.01022313255816698,0.02956365945349981,0,0.7820815443992615,80,intervention
15,1324800,0.0209446760195876,0.00999983493238687,0.02877972288332887,0,0.6010417938232422,80,intervention
18,1357058,0.02243830291088342,0.01071321871131658,0.03115756034294203,0,1.4207619428634644,80,intervention
21,1291005,0.02242861348149608,0.01077781803905963,0.03084237104832273,0,0.6129453182220459,80,intervention
24,1359462,0.02092399058889137,0.01000859122723341,0.028922214047759,0,0.7886389493942261,80,intervention
27,1340932,0.02129726902578606,0.01019817870110273,0.02940151183937315,0,0.6612520217895508,80,intervention
30,1333496,0.02198969917085494,0.01057777553796768,0.03022354838007058,0,0.566896915435791,80,intervention
33,1292740,0.02241852389402135,0.01083007920533418,0.03072648530821916,0,0.5645709037780762,80,intervention
36,1329230,0.02126930560015086,0.01017491333186626,0.02938154448396121,0,0.5311801433563232,80,intervention
39,1324072,0.02125508944808984,0.01018339022994041,0.02933230875571389,0,0.5737810730934143,80,intervention
42,1347219,0.02132575805055409,0.01021142024546861,0.02943385875679005,0,0.6647534966468811,80,intervention
45,1282393,0.02181506500252807,0.01044144481420517,0.02996053076626166,0,0.6157112121582031,80,intervention
48,1306088,0.0216888048689897,0.01027532387524843,0.0322527784391684,0,2.461984395980835,80,intervention
0,5953375,0.02139849753380012,0.01025411766022443,0.02947680887787181,0,0.8223299980163574,81,intervention
3,5928325,0.02140536369649973,0.01020899228751659,0.02967308346927016,0,1.247105360031128,81,intervention
6,5951104,0.02240139878328793,0.01062782667577266,0.03231843107106384,0,3.9588353633880615,81,intervention
9,5975160,0.02321332036436708,0.01115952245891094,0.03197770171086442,0,0.6779300570487976,81,intervention
12,6055945,0.02156675647508276,0.01035316754132509,0.02966294174479605,0,0.7464596033096313,81,intervention
15,5957185,0.02139119189565156,0.01014187838882207,0.032052566783524,0,5.626942157745361,81,intervention
18,5919473,0.02211489222683213,0.01060680765658617,0.03038728851435782,0,0.6288807392120361,81,intervention
21,5887900,0.02232160627541093,0.01065963134169578,0.03072860402290788,0,1.066959023475647,81,intervention
24,6034120,0.02141048355471656,0.01024835463613271,0.02955085736174695,0,0.8199209570884705,81,intervention
27,5851365,0.02117910070771348,0.01009680330753326,0.02918624172562066,0,0.6841755509376526,81,intervention
30,5993892,0.02188124473023016,0.0104772699996829,0.03020293571769416,0,0.829819917678833,81,intervention
33,5902090,0.02184400602417336,0.01048954296857118,0.03017127151584482,0,0.7057810425758362,81,intervention
36,5951088,0.02142310347524933,0.01014187838882207,0.03132494505699892,0,3.767117977142334,81,intervention
39,5846720,0.02133841277552504,0.01020899228751659,0.02937951455228711,0,0.6841755509376526,81,intervention
42,5967720,0.02148636678808607,0.01027532387524843,0.02958000862529364,0,0.8138304948806763,81,intervention
45,5950780,0.02122688661577311,0.01011834759265184,0.02963446616082567,0,2.3020803928375244,81,intervention
48,5824332,0.02138909535850735,0.01019003521651029,0.02957792744584251,0,1.2116163969039917,81,intervention
0,236472,0.02205669950852491,0.01059991307556629,0.02997153079909847,0,0.44022005796432495,82,intervention
3,248992,0.02163511996187096,0.01022792048752307,0.02975506064003228,0,0.4543561339378357,82,intervention
6,254007,0.02303294189025709,0.01098926458507776,0.03223469887597791,0,0.6841755509376526,82,intervention
9,240380,0.02503212080068882,0.01219878159463405,0.03415917811234324,0,0.5448959469795227,82,intervention
12,253967,0.02197720034977488,0.01056308951228857,0.03009951134779446,0,0.37519901990890503,82,intervention
15,254007,0.0212243152236764,0.01016408950090408,0.02946070897257431,0,0.43614155054092407,82,intervention
18,257808,0.02498353759648351,0.01208937913179397,0.03412680865781195,0,0.47941654920578,82,intervention
21,254016,0.02428776698086084,0.01174254715442657,0.03343296981917242,0,0.5983755588531494,82,intervention
24,271852,0.02188633703297881,0.010498633608222,0.03000995802011923,0,0.4811410903930664,82,intervention
27,265029,0.02104916190379947,0.01018039416521787,0.02865365204628236,0,0.39339953660964966,82,intervention
30,274572,0.02449726176187563,0.01193906180560588,0.03374404043374116,0,0.6633915305137634,82,intervention
33,275544,0.02455447149272188,0.01188630983233451,0.0338120686966088,0,0.566896915435791,82,intervention
36,278559,0.02108999835349279,0.01014187838882207,0.0289480093516906,0,0.4127845168113709,82,intervention
39,269261,0.02167245573286574,0.0103001594543457,0.02964158902898826,0,0.4119162857532501,82,intervention
42,275369,0.02149750092218232,0.01021237671375274,0.02955852828532129,0,0.47070956230163574,82,intervention
45,282960,0.02157505369610729,0.01036267355084419,0.02975003538977018,0,0.49892404675483704,82,intervention
48,284440,0.02112532308288107,0.01009680330753326,0.02924791060942836,0,0.5118213295936584,82,intervention
0,3331988,0.02135239850689854,0.01015284098684787,0.02950173582211208,0,0.6841755509376526,83,intervention
3,3261347,0.02132621760514628,0.01018039416521787,0.02938221670018428,0,0.6129453182220459,83,intervention
6,3347876,0.02312732957674327,0.01117352489382028,0.03176748171095941,0,0.6841755509376526,83,intervention
9,3367056,0.02219682797173484,0.01065370067954063,0.03052800926669371,0,0.6129453182220459,83,intervention
12,3374208,0.02153340951536343,0.01029190607368946,0.02963832536272449,0,1.10571551322937,83,intervention
15,3292338,0.02174869055645173,0.0103941224515438,0.03004408602769921,0,0.6325857043266296,83,intervention
18,3265213,0.02371808518033862,0.01086030155420303,0.08875431495259431,0,29.778470993041992,83,intervention
21,3375756,0.0225770283005521,0.0108797550201416,0.03110994642732618,0,0.5477128624916077,83,intervention
24,3318784,0.02134378600669282,0.0102022998034954,0.02934248152056654,0,0.6129453182220459,83,intervention
27,3341100,0.02148643231891689,0.01019817870110273,0.0295770231504036,0,0.6185430884361267,83,intervention
30,3326940,0.0225317007278585,0.01078183017671108,0.03123338237681884,0,1.0592740774154663,83,intervention
33,3308437,0.02214664276626918,0.01062033604830503,0.03053742997806614,0,0.6829131245613098,83,intervention
36,3383718,0.02108854429365356,0.01008152775466442,0.02900652439128087,0,0.566896915435791,83,intervention
39,3319635,0.0210316091168463,0.01003209967166185,0.02895528203542839,0,0.5477128624916077,83,intervention
42,3332318,0.02130726875884468,0.01014613639563322,0.02950518076816419,0,1.4017704725265503,83,intervention
45,3341440,0.02121370790000586,0.01015015132725238,0.0291937064105503,0,0.5781042575836182,83,intervention
48,3320246,0.02147086942544758,0.01026951801031828,0.02950622570506448,0,0.566896915435791,83,intervention
0,479424,0.02085496616233763,0.00994549877941608,0.02887355977605841,0,0.6809446215629578,84,intervention
3,484415,0.02179826549153928,0.01043082028627395,0.02996126234051128,0,0.4789689779281616,84,intervention
6,484872,0.02223483899582095,0.01070848479866981,0.03080047221414242,0,0.621982991695404,84,intervention
9,484316,0.02412549079439964,0.01141228061169385,0.03396474406722698,0,0.7426434755325317,84,intervention
12,490698,0.02176334057670752,0.01029415894299745,0.03031261301100064,0,0.5274399518966675,84,intervention
15,479466,0.02239847686372951,0.01078376919031143,0.03076629593131663,0,0.46462923288345337,84,intervention
18,488592,0.02332031901541829,0.01140379905700683,0.03202835929439681,0,0.6298815608024597,84,intervention
21,509754,0.025250040969156812,0.0119841918349266,0.03747564887519903,0,1.6477882862091064,84,intervention
24,532899,0.02144420556100123,0.01019968371838331,0.03035415055032954,0,1.1885770559310913,84,intervention
27,510600,0.02198421428896283,0.01062782667577266,0.03006176639955971,0,0.6013466715812683,84,intervention
30,534105,0.02406667567628468,0.01168001256883144,0.0331977768528964,0,0.6741152405738831,84,intervention
33,539358,0.02500994521512155,0.01236171461641788,0.03418698027537176,0,0.6129453182220459,84,intervention
36,529016,0.02110651047447694,0.01014187838882207,0.02906508743248682,0,0.5103011727333069,84,intervention
39,522329,0.02129477506349831,0.01019439473748207,0.02940205419644117,0,0.566896915435791,84,intervention
42,512460,0.02152573116222365,0.01029190607368946,0.02980916168582375,0,0.7248567938804626,84,intervention
45,535724,0.02150018506391242,0.01022021472454071,0.03023322969051105,0,1.051337957382202,84,intervention
48,532371,0.02136835571522502,0.01019109971821308,0.02942503158623759,0,0.5681818127632141,84,intervention
0,977925,0.0211396137346174,0.01008398830890655,0.02939815330561276,0,0.7998121976852417,85,intervention
3,950525,0.02125396324281555,0.01012286450713872,0.02920630718636976,0,0.5265645980834961,85,intervention
6,959288,0.02221291857186059,0.01067798677831888,0.0304908244553773,0,0.5568013787269592,85,intervention
9,996990,0.02284137129112853,0.01100407820194959,0.03173459670017301,0,0.6834600567817688,85,intervention
12,979739,0.02108397068520192,0.01009680330753326,0.02900757537338331,0,0.7305201292037964,85,intervention
15,969804,0.02240324937267714,0.01062055490911007,0.03535729418856859,0,4.414139747619629,85,intervention
18,951528,0.02224449330330342,0.01066581439226865,0.03048577974115188,0,0.566896915435791,85,intervention
21,1004304,0.02377140608049334,0.01087074074894189,0.08461853586282685,0,15.543594360351562,85,intervention
24,998890,0.02112516613984146,0.01014187838882207,0.02915237748287685,0,0.6278530359268188,85,intervention
27,986045,0.0217712936567203,0.01054116431623697,0.0299253391662885,0,0.5265645980834961,85,intervention
30,968734,0.02524575310963365,0.01207869499921798,0.03508981083692832,0,0.7753254771232605,85,intervention
33,992970,0.02378151537897164,0.0116484947502613,0.03266139445744617,0,0.6032311320304871,85,intervention
36,964288,0.02107533227437556,0.01009680330753326,0.02911100116668706,0,0.6841755509376526,85,intervention
39,977977,0.02151161484330426,0.01027576904743909,0.02962502674576588,0,0.5813720226287842,85,intervention
42,961378,0.02138395581943875,0.01022590510547161,0.02953534406563132,0,0.5168593525886536,85,intervention
45,991008,0.02149855418217748,0.01029190607368946,0.02972790768275726,0,0.6129453182220459,85,intervention
48,976044,0.02123946244885956,0.01016408950090408,0.02921064019525396,0,0.646826446056366,85,intervention
0,8490100,0.02135748618316219,0.01017220877110958,0.02969851175614728,0,1.260565996170044,86,intervention
3,8452366,0.02137876105200381,0.01026304718106985,0.02950410257742173,0,0.6841755509376526,86,intervention
6,8347878,0.02168265913414916,0.0103092361241579,0.03212058969259382,0,9.57023811340332,86,intervention
9,8511624,0.0222510413820619,0.01066854689270258,0.03115422297615134,0,2.2717807292938232,86,intervention
12,8557950,0.02137559557126917,0.01021558325737714,0.02948649412852343,0,0.7695236802101135,86,intervention
15,8441690,0.02148553586102578,0.0103092361241579,0.02959111913001153,0,0.8757476210594177,86,intervention
18,8328212,0.02169549595251963,0.0103889312595129,0.02997283826129515,0,0.9073294401168824,86,intervention
21,8479168,0.0215165626066955,0.01029190607368946,0.0297071883407036,0,1.0402989387512207,86,intervention
24,8513700,0.02132893024835786,0.01015286613255739,0.03010441770481062,0,2.9142487049102783,86,intervention
27,8487612,0.02191584537502136,0.01027484890073537,0.05314788328380787,0,16.659725189208984,86,intervention
30,8491296,0.02181528171429308,0.01043556630611419,0.03012720308408633,0,0.8795803189277649,86,intervention
33,8540406,0.02174089311571319,0.01041232794523239,0.0308897884797476,0,2.9632537364959717,86,intervention
36,8401146,0.02139070322149678,0.01021746080368757,0.02949054908905896,0,0.68282151222229,86,intervention
39,8388072,0.0213937067783112,0.01027000602334737,0.02948832960221775,0,0.9289143681526184,86,intervention
42,8406108,0.02142834721066931,0.01019003521651029,0.03160521739058733,0,3.7603046894073486,86,intervention
45,8325838,0.021454956363874,0.01025084871798753,0.02958144265253732,0,0.7930733561515808,86,intervention
48,8398395,0.02123750057953835,0.01012449152767658,0.02941686892947385,0,1.5175164937973022,86,intervention
0,24089712,0.02143694088525064,0.01025223731994628,0.0299360319087773,0,2.8487958908081055,87,intervention
3,23985494,0.021529554419063,0.01025845110416412,0.03190870723774792,0,5.790976047515869,87,intervention
6,24132584,0.02155882471222124,0.01028015464544296,0.03026128634408275,0,2.123420238494873,87,intervention
9,23752512,0.02190715774617278,0.01040007453411817,0.03603765535294752,0,21.3769588470459,87,intervention
12,23690300,0.02135653097881865,0.01017491333186626,0.02983894695261989,0,3.3422999382019043,87,intervention
15,23404875,0.02143192559790361,0.01022313255816698,0.02985391122709819,0,2.0644876956939697,87,intervention
18,23780232,0.02152006197477266,0.01028747949749231,0.03000547373885109,0,1.829940676689148,87,intervention
21,23681562,0.02182924719937284,0.01039798650890588,0.03230619101747347,0,4.559337615966797,87,intervention
24,23775180,0.02133317445285239,0.01018474344164133,0.02966770185533989,0,1.657492756843567,87,intervention
27,23872420,0.02137173151612383,0.01021301560103893,0.02966858724735073,0,2.2050156593322754,87,intervention
30,23639035,0.02263273979757235,0.01050502248108387,0.08395271170139366,0,42.33442306518555,87,intervention
33,23628421,0.02245113429020681,0.01036267355084419,0.0904090258915296,0,56.45891189575195,87,intervention
36,23516948,0.02131815364862125,0.01019616983830928,0.02946643937785016,0,1.186834692955017,87,intervention
39,23623404,0.02142131855426038,0.01017352938652038,0.03065355053654756,0,2.921900987625122,87,intervention
42,23493309,0.02142795577001674,0.01017220877110958,0.03154445415125956,0,20.48091697692871,87,intervention
45,23629240,0.02133278335724001,0.01016545295715332,0.02973174690660901,0,2.0626401901245117,87,intervention
48,23478828,0.0213767060549861,0.01019003521651029,0.02978758626126284,0,1.8464791774749756,87,intervention
0,938880,0.02220379982164413,0.01062782667577266,0.03058052486671935,0,0.5065930485725403,88,intervention
3,914736,0.02072671162215087,0.00990487542003393,0.02841500772085243,0,0.5333143472671509,88,intervention
6,963963,0.02278529831039141,0.01093292329460382,0.03138236691662809,0,0.5265645980834961,88,intervention
9,971190,0.02322976090366144,0.01113740541040897,0.03183212348069569,0,0.6075363755226135,88,intervention
12,969108,0.02183384888825035,0.01049031224101781,0.02998155792091655,0,0.566896915435791,88,intervention
15,991487,0.02196023345755553,0.01049183402210474,0.03031603430059984,0,0.7977721095085144,88,intervention
18,982916,0.02301383754203638,0.01107292156666517,0.03155523682752075,0,0.566896915435791,88,intervention
21,1000988,0.02307337493611555,0.01100691873580217,0.03187381585076532,0,0.5520575642585754,88,intervention
24,1012886,0.0210631348952221,0.01006022002547979,0.02895056247576404,0,0.5179347991943359,88,intervention
27,1012622,0.02105650140584071,0.01004259381443262,0.02906906962107228,0,0.49621522426605225,88,intervention
30,988688,0.02285237867890039,0.01093561109155416,0.03150680331142581,0,0.5478178858757019,88,intervention
33,1055756,0.02359447021600375,0.01146010961383581,0.03259651270565732,0,0.6230547428131104,88,intervention
36,1048575,0.02141315605096188,0.01025426480919122,0.02946112831084386,0,0.5813720226287842,88,intervention
39,1037342,0.02111384357620464,0.0101230964064598,0.02914079958581738,0,0.5434810519218445,88,intervention
42,1027620,0.02166926972490552,0.01030545681715011,0.02991037808096851,0,0.4723615348339081,88,intervention
45,1038312,0.02150804639734259,0.01029190607368946,0.02957919068634134,0,0.6129453182220459,88,intervention
48,1001677,0.02113943900841843,0.01007323712110519,0.02900858046101308,0,0.5265645980834961,88,intervention
0,16891931,0.0215031868319814,0.01015533600002527,0.04214398377484221,0,17.059770584106445,89,intervention
3,16710783,0.02136299523005611,0.01017491333186626,0.02948674930714046,0,1.261900544166565,89,intervention
6,16867440,0.02156370375798434,0.01034844852983951,0.02981641257605279,0,1.2304749488830566,89,intervention
9,16842560,0.02183709314222805,0.01044824160635471,0.03007695189390614,0,0.7383056879043579,89,intervention
12,16936920,0.02133399301720883,0.01014439389109611,0.03159724751913623,0,6.323038578033447,89,intervention
15,16556761,0.02169056630804768,0.01034014951437711,0.03095706827717552,0,4.693600177764893,89,intervention
18,16715820,0.02185516546425386,0.0104054482653737,0.0346341112023736,0,5.561539649963379,89,intervention
21,16818120,0.02158753624396547,0.01027149986475706,0.0324731571712671,0,6.249250888824463,89,intervention
24,16801680,0.02189252122646762,0.01036267355084419,0.03689457603449567,0,8.2712984085083,89,intervention
27,16658180,0.02153226152521563,0.0103092361241579,0.02980955368339865,0,1.8470311164855957,89,intervention
30,16628148,0.02190429600892118,0.01050639059394598,0.03057733667398481,0,3.5708258152008057,89,intervention
33,16833313,0.02167003322696319,0.0103969257324934,0.02995134941689238,0,1.1474546194076538,89,intervention
36,16577100,0.02131600569487418,0.01018039416521787,0.02945114333241955,0,1.586328387260437,89,intervention
39,16467300,0.02135619387756417,0.01019003521651029,0.02941818680851104,0,0.7151092886924744,89,intervention
42,16703553,0.0213059330043103,0.01018565986305475,0.02936025321776196,0,0.88755863904953,89,intervention
45,16829576,0.02137056628564743,0.0101826200261712,0.03108699521705944,0,4.848080158233643,89,intervention
48,16668773,0.02135506791668052,0.01018039416521787,0.02975451509165408,0,2.115520715713501,89,intervention
0,2185852,0.02130012832745835,0.01021142024546861,0.02930910202019578,0,0.5265645980834961,9,intervention
3,2233530,0.02123637705341815,0.0101230964064598,0.02929694115807853,0,0.5367595553398132,9,intervention
6,2233024,0.02230957846120939,0.01068979129195213,0.03064094744512056,0,0.5744583010673523,9,intervention
9,2232020,0.02351186715556539,0.01135647390037775,0.03246372168829339,0,0.7551798224449158,9,intervention
12,2250994,0.02149736224610958,0.01028315164148807,0.02958424674448517,0,0.5401329398155212,9,intervention
15,2182500,0.02120411615949966,0.01014187838882207,0.02915797131640347,0,0.6402634382247925,9,intervention
18,2209500,0.02224849042359859,0.01065589115023613,0.03049370558322954,0,0.6129453182220459,9,intervention
21,2310400,0.02226295884899423,0.0106976730749011,0.03061858292394777,0,0.6841755509376526,9,intervention
24,2283040,0.02117650650792067,0.01014187838882207,0.02911637782825984,0,0.5511287450790405,9,intervention
27,2195699,0.02122892815544199,0.01014187838882207,0.02921518193881116,0,0.6841755509376526,9,intervention
30,2281400,0.02168788399681846,0.01041232794523239,0.02989992032237834,0,0.566896915435791,9,intervention
33,2295216,0.02275423919426429,0.01092638727277517,0.03162610122743967,0,0.6841755509376526,9,intervention
36,2221584,0.02129530716470702,0.01018039416521787,0.02935577430470225,0,0.566896915435791,9,intervention
39,2265009,0.0216820981552329,0.01027532387524843,0.03206227160018747,0,3.619002342224121,9,intervention
42,2254482,0.02168046853078138,0.01041570212692022,0.0298531509628082,0,0.7809996604919434,9,intervention
45,2281400,0.02147290332515359,0.01026951801031828,0.02966757121852285,0,0.9695225954055786,9,intervention
48,2240813,0.02145740379469896,0.0102657014504075,0.02952551833249726,0,0.613581657409668,9,intervention
0,855290,0.02199214188377998,0.01044311374425888,0.03029341115574804,0,0.531241238117218,90,intervention
3,843484,0.02175344409294613,0.01034712325781583,0.02996297399211243,0,0.5301051735877991,90,intervention
6,782925,0.02499645456621957,0.01208937913179397,0.03425925448742428,0,0.4910703599452973,90,intervention
9,899544,0.02505144229899555,0.01205159537494182,0.03575759397434203,0,1.5060689449310305,90,intervention
12,901930,0.02106889097651532,0.01008074451237917,0.02899985199600227,0,0.49621522426605225,90,intervention
15,865886,0.0217958447840202,0.01039312314242124,0.03009949555567158,0,0.8607823252677917,90,intervention
18,892840,0.02249917012924294,0.01071321871131658,0.03127084750570601,0,1.078671097755432,90,intervention
21,884963,0.02309815073259233,0.01108227204531431,0.03187185223951479,0,0.566896915435791,90,intervention
24,886464,0.02158254026717629,0.0103092361241579,0.02960933444114528,0,0.5924255847930908,90,intervention
27,861816,0.02146170327105119,0.0103092361241579,0.02923340799784723,0,0.481665313243866,90,intervention
30,862978,0.02343730793825696,0.01128707639873027,0.03216200834285841,0,0.6346264481544495,90,intervention
33,854772,0.02273037508181485,0.01091579161584377,0.03117845401957144,0,0.6023679971694946,90,intervention
36,855848,0.02124414403007991,0.01018881052732467,0.02925875998934617,0,0.43500182032585144,90,intervention
39,839475,0.02664652602939174,0.01024587079882621,0.25415426303175287,0,36.069053649902344,90,intervention
42,841043,0.02121693494066252,0.01011834759265184,0.0293978339448022,0,0.6129453182220459,90,intervention
45,832590,0.02127794733040396,0.01012286450713872,0.02944104199076111,0,0.5246673822402954,90,intervention
48,838185,0.02149192883137889,0.010303795337677,0.02954299830230909,0,0.5079864263534546,90,intervention
0,340380,0.02150752193429608,0.01026951801031828,0.02934256995001335,0,0.566896915435791,91,intervention
3,346480,0.02178900970804916,0.01051967218518257,0.02952313720149604,0,0.4327253997325897,91,intervention
6,354756,0.02365721769602549,0.01142930332571268,0.03258153974926198,0,0.5585421323776245,91,intervention
9,349662,0.02463185250132432,0.01190999709069728,0.03441670212043595,0,0.7368083000183105,91,intervention
12,343872,0.02094353441474997,0.01000590529292821,0.0287151699449177,0,0.4583964049816131,91,intervention
15,350103,0.02258973217363919,0.01082119531929493,0.0308887420795844,0,0.4950611889362335,91,intervention
18,376352,0.02360168102358738,0.01158119365572929,0.03220051673055274,0,0.49863752722740173,91,intervention
21,339034,0.02296075901661675,0.010953139513731,0.03177392434061332,0,0.46024787425994873,91,intervention
24,352186,0.020972199910824,0.01009680330753326,0.02867006786579026,0,0.4557569921016693,91,intervention
27,352352,0.02194978107997113,0.01043525524437427,0.03052872509354245,0,0.4789689779281616,91,intervention
30,365818,0.02520307990088561,0.0123956287279725,0.03459553465036474,0,0.8250330090522766,91,intervention
33,351208,0.02324945033194123,0.01120795495808124,0.03216234398293585,0,0.48736122250556946,91,intervention
36,364080,0.02105757291647299,0.01014187838882207,0.02886833903356821,0,0.5311801433563232,91,intervention
39,350816,0.02117696016709238,0.01021586917340755,0.02902755020480153,0,0.646826446056366,91,intervention
42,356328,0.0214894465063525,0.01025845110416412,0.02959447381126251,0,0.5480718016624451,91,intervention
45,347659,0.02149018151145684,0.0103092361241579,0.0297138211505006,0,0.5478178858757019,91,intervention
48,350900,0.02109712013122336,0.01009745616465807,0.02889294892676034,0,0.4723615348339081,91,intervention
0,3402656,0.02149147502978801,0.01028303988277912,0.02971995608659259,0,1.0672478675842283,92,intervention
3,3385071,0.02157421587554428,0.01033048518002033,0.02961019608598491,0,0.6073858141899109,92,intervention
6,3410320,0.02323219844968304,0.01121342834085226,0.03201806700433254,0,1.0344862937927246,92,intervention
9,3466560,0.02197949338410778,0.01051506493240594,0.03031384659327161,0,0.7734259963035583,92,intervention
12,3452148,0.0216340789277636,0.01041232794523239,0.02982697136921288,0,0.6129453182220459,92,intervention
15,3483316,0.02148092109637631,0.01028176397085189,0.02960439286775202,0,0.6249127984046936,92,intervention
18,3489375,0.02259302479774628,0.01082009356468916,0.03129576019110929,0,0.6841755509376526,92,intervention
21,3482562,0.023065580515998,0.01113982684910297,0.03179592437178596,0,1.3760490417480469,92,intervention
24,3536561,0.02164143611373985,0.01040614768862724,0.0298633592201442,0,0.6846832036972046,92,intervention
27,3446685,0.021697995680716,0.01041577104479074,0.0298345317739329,0,0.5918256640434265,92,intervention
30,3495300,0.02253544125268537,0.01086607202887535,0.0310672929186957,0,0.9102636575698853,92,intervention
33,3507553,0.02183028546312805,0.01041232794523239,0.0310714440198987,0,2.663303852081299,92,intervention
36,3530157,0.02127540365340889,0.01014972385019064,0.02946251849590157,0,1.124892234802246,92,intervention
39,3568804,0.02138523997849674,0.01019592490047216,0.0308932168833808,0,3.4816856384277344,92,intervention
42,3629524,0.02132491404853649,0.01019817870110273,0.02943366645449902,0,0.7240395545959473,92,intervention
45,3506365,0.02131213691524796,0.01018474344164133,0.0293533169142065,0,0.5737672448158264,92,intervention
48,3572658,0.0212917774618763,0.0101820770651102,0.02943569421033587,0,0.682191014289856,92,intervention
0,498180,0.02226345042838272,0.0105699636042118,0.03051090270086755,0,0.48991209268569946,93,intervention
3,518880,0.02138968361160677,0.01022313255816698,0.02927767351274671,0,0.4071454107761383,93,intervention
6,525456,0.02325807632009482,0.01111244224011898,0.03195797650316902,0,0.4789689779281616,93,intervention
9,512620,0.02225292314072783,0.01055110618472099,0.03067624485624982,0,0.4747285544872284,93,intervention
12,535703,0.02142962774298186,0.01026951801031828,0.02945992644846863,0,0.42552611231803894,93,intervention
15,577431,0.0222460829224371,0.0107464762404561,0.03060885242679397,0,0.4723615348339081,93,intervention
18,532864,0.02251188578614145,0.01080025546252727,0.03106686208815163,0,0.5754531621932983,93,intervention
21,530622,0.02262815695867752,0.01089829206466674,0.03073765426188497,0,0.4789689779281616,93,intervention
24,524032,0.02139104779221148,0.01020774897187948,0.02936959002390479,0,0.5035660266876221,93,intervention
27,536556,0.02101866922274137,0.01009680330753326,0.02909480454672635,0,0.4496232569217682,93,intervention
30,542342,0.0234578022050451,0.01128175668418407,0.03226735931900982,0,0.5812798142433167,93,intervention
33,543120,0.02283986024227554,0.01091579161584377,0.03150674810620697,0,0.6841755509376526,93,intervention
36,540750,0.02133473939634989,0.01025845110416412,0.02924867435971874,0,0.6841755509376526,93,intervention
39,560142,0.02121515489016886,0.01009854767471551,0.0292873905907967,0,0.46009111404418945,93,intervention
42,563965,0.02135654545859434,0.0103092361241579,0.02915363763652474,0,0.6078379154205322,93,intervention
45,537840,0.02133445650407045,0.01019003521651029,0.0294632343676502,0,0.4881395101547241,93,intervention
48,550395,0.02109742863963027,0.01009745616465807,0.02892730089102402,0,0.410610169172287,93,intervention
0,3044449,0.02106395108834313,0.01002903189510107,0.02894220975202249,0,0.6385349035263062,94,intervention
3,3035250,0.02160717262773448,0.01039798650890588,0.02959747863461602,0,0.7240395545959473,94,intervention
6,2951350,0.02293012592709816,0.01098630670458078,0.03174589474556304,0,0.8129153251647949,94,intervention
9,3009201,0.02249431962256549,0.01074430905282497,0.03099803840146059,0,0.7399733662605286,94,intervention
12,2998924,0.02141103226691288,0.01025845110416412,0.02953648087683765,0,0.6416125297546387,94,intervention
15,3053294,0.02117101062464402,0.01015473529696464,0.02897886838434837,0,0.7106826901435852,94,intervention
18,3036893,0.02220745192161197,0.01062782667577266,0.030726518938649892,0,0.5744114518165588,94,intervention
21,3080058,0.02239958179440242,0.0107163218781352,0.03085528580055533,0,0.6841755509376526,94,intervention
24,2953361,0.02121353150598443,0.0101820770651102,0.02923571419474608,0,0.5917496681213379,94,intervention
27,3037473,0.02180691433549196,0.01043400540947914,0.02999077277871584,0,0.6841755509376526,94,intervention
30,3070608,0.02336262148513072,0.01128666847944259,0.03208685543173861,0,0.7454280257225037,94,intervention
33,3113461,0.02197493049240414,0.01049431506544351,0.03029016402531111,0,0.6841755509376526,94,intervention
36,3025199,0.02132449115193913,0.01014106068760156,0.02935651898033428,0,0.5786335468292236,94,intervention
39,3106852,0.02118487332527292,0.01013870444148779,0.02917477595715457,0,0.566896915435791,94,intervention
42,3118445,0.02125835859650613,0.01019003521651029,0.02921470772072473,0,0.5983755588531494,94,intervention
45,3062032,0.02123907989877178,0.01015533600002527,0.02928722022475542,0,0.8662357330322266,94,intervention
48,3044320,0.02117309052883967,0.01010505203157663,0.02916506025189163,0,0.6841755509376526,94,intervention
0,425508,0.02304394531405848,0.01092421077191829,0.03169667462817906,0,0.4427003562450409,95,intervention
3,416322,0.02153987034795104,0.01021051127463579,0.02972577105516765,0,0.4789689779281616,95,intervention
6,458388,0.02320185258337699,0.01128607615828514,0.0318713584445412,0,0.566896915435791,95,intervention
9,464224,0.02220268680563615,0.01062782667577266,0.0306593636203464,0,0.5334551334381104,95,intervention
12,452673,0.02136708875954691,0.01014187838882207,0.02957525443217017,0,0.5627048015594482,95,intervention
15,465705,0.02121483246763075,0.01004409324377775,0.02938917035671534,0,0.43602120876312256,95,intervention
18,467058,0.02395772000201504,0.01161441672593355,0.03299863109267714,0,0.5136807560920715,95,intervention
21,468649,0.02450589649594511,0.01181613840162754,0.03381711154352941,0,0.566896915435791,95,intervention
24,465612,0.02170941774760561,0.0103535745292902,0.03002274288641138,0,0.5136807560920715,95,intervention
27,485646,0.02129892494570567,0.01018474344164133,0.02922716899840602,0,0.4365679919719696,95,intervention
30,475200,0.02416725777146458,0.01174067426472902,0.03331189290628628,0,0.6857874393463135,95,intervention
33,457114,0.02316992756595128,0.0111163929104805,0.03197136299872341,0,0.7810601592063904,95,intervention
36,468428,0.02143557956706103,0.01025711186230182,0.02960299371805675,0,0.6546949148178101,95,intervention
39,483120,0.0217043521787548,0.01039798650890588,0.03013971262020173,0,0.6061033010482788,95,intervention
42,479820,0.02180475309957076,0.01043082028627395,0.03002413972796116,0,0.5744583010673523,95,intervention
45,489294,0.02133869957274306,0.01027245819568634,0.02914043977090177,0,0.4654377102851868,95,intervention
48,472842,0.02137558233985021,0.01021051127463579,0.02940982831067376,0,0.4882357716560364,95,intervention
0,2619530,0.02137662892832756,0.01024084817618131,0.02940685255041318,0,0.6546949148178101,96,intervention
3,2696155,0.02104449852066277,0.01007654145359993,0.02893553983634854,0,0.6841755509376526,96,intervention
6,2696115,0.02291905917539296,0.011016177944839,0.03160497175252454,0,0.5866675972938538,96,intervention
9,2634029,0.02181515033508669,0.01043082028627395,0.02991329306400204,0,0.5918256640434265,96,intervention
12,2694366,0.02111613090225505,0.01009023003280162,0.02913535494308103,0,0.7606313228607178,96,intervention
15,2682819,0.02175952220674662,0.01043082028627395,0.02992331732234231,0,0.566896915435791,96,intervention
18,2661780,0.02282589548726585,0.0110072661191225,0.03128155912326837,0,0.7927590608596802,96,intervention
21,2614608,0.02170555523173397,0.01036267355084419,0.02985992884696352,0,0.646826446056366,96,intervention
24,2730726,0.02178313932967606,0.01043082028627395,0.02990376668462796,0,0.6779300570487976,96,intervention
27,2611312,0.02177823399913782,0.01041232794523239,0.03008132435839653,0,0.5744583010673523,96,intervention
30,2674858,0.02258402892125458,0.01087074074894189,0.03103011195469113,0,0.7454280257225037,96,intervention
33,2687940,0.02252976550013539,0.0108577162027359,0.03111094234366577,0,1.041524052619934,96,intervention
36,2622774,0.02136813310872127,0.01020399667322635,0.02939807791397629,0,0.5737672448158264,96,intervention
39,2630715,0.02119357763477221,0.01010818034410476,0.02910618055517079,0,0.5856093168258667,96,intervention
42,2696100,0.02149856412293415,0.01027532387524843,0.02966692403774275,0,0.646826446056366,96,intervention
45,2622738,0.02121440093803549,0.01012543495744466,0.02915051345558144,0,0.6129453182220459,96,intervention
48,2682875,0.02110896533233767,0.01010818034410476,0.02905278439580866,0,0.566896915435791,96,intervention
0,97905,0.02335205536241847,0.0113211665302515,0.03145482279972873,0,0.5206164121627808,97,intervention
3,101442,0.02374827929702029,0.01152222417294979,0.03249825494148303,0,0.5120977163314819,97,intervention
6,104596,0.02874226969300662,0.01375809963792562,0.04074408274762105,0,0.6994975805282593,97,intervention
9,108819,0.0250529727695547,0.01207147445529699,0.03414282502728985,0,0.4562092125415802,97,intervention
12,117980,0.02284782519528572,0.01102977618575096,0.03144968251023524,0,0.5028857588768005,97,intervention
15,104520,0.02248969662296915,0.01115516386926174,0.03011083750083805,0,0.43614155054092407,97,intervention
18,108528,0.02648101089859586,0.01313423085957765,0.03529216932845226,0,0.43405836820602417,97,intervention
21,125538,0.02453425600708231,0.01205294672399759,0.03348771034185824,0,0.4789689779281616,97,intervention
24,128712,0.02315415670272627,0.01116101257503032,0.03174589846504613,0,0.5089103579521179,97,intervention
27,121270,0.02106688284170669,0.01017491333186626,0.02876375168899845,0,0.4076053202152252,97,intervention
30,126636,0.02655841590906339,0.01326073426753282,0.03641646523524561,0,0.5744583010673523,97,intervention
33,129108,0.02585192889631925,0.01242412999272346,0.03581669981876158,0,0.4966228306293487,97,intervention
36,130900,0.02095218535318923,0.01002948451787233,0.02902122242011594,0,0.5136807560920715,97,intervention
39,125664,0.02215379582460597,0.01062782667577266,0.03052495991157355,0,0.4111559987068176,97,intervention
42,129792,0.02179605325926035,0.01043082028627395,0.03005521736307576,0,0.4789689779281616,97,intervention
45,125800,0.02190556443828212,0.01050586812198162,0.03018518250171825,0,0.5265645980834961,97,intervention
48,126655,0.02072207058244917,0.009916502982378,0.02865609553025421,0,0.427790641784668,97,intervention
0,1621692,0.02148088189031673,0.01019445154815912,0.02969555717679897,0,0.7240395545959473,98,intervention
3,1643424,0.02157764728398979,0.01027532387524843,0.02968478774404493,0,0.566896915435791,98,intervention
6,1639128,0.02200924464835008,0.01051750313490629,0.03028001862907428,0,0.621270477771759,98,intervention
9,1633632,0.02387452824874411,0.01154175773262977,0.03276347551800594,0,0.6287680268287659,98,intervention
12,1631435,0.02116162114765253,0.01009745616465807,0.02922426090927084,0,0.4890928566455841,98,intervention
15,1607823,0.02175918208966705,0.01041434798389673,0.02999113279334041,0,0.8158329725265503,98,intervention
18,1653750,0.02394760422900777,0.01163786649703979,0.03280625332425367,0,0.6841755509376526,98,intervention
21,1654380,0.02238333738094555,0.01070773229002952,0.03082267857881929,0,0.7454280257225037,98,intervention
24,1676800,0.02105445759171172,0.01004409324377775,0.02903101570479024,0,0.8447022438049316,98,intervention
27,1648948,0.02164683936416491,0.01018474344164133,0.03425026593082566,0,3.956965684890747,98,intervention
30,1659362,0.02218055164617744,0.01062782667577266,0.03057461655961928,0,0.7395445108413696,98,intervention
33,1596015,0.02205904161173626,0.01062033604830503,0.03048476542847319,0,1.3700488805770874,98,intervention
36,1592068,0.02107342392147999,0.01004217844456434,0.0290210706296129,0,0.566896915435791,98,intervention
39,1642435,0.02132102329374372,0.01021142024546861,0.02934315197939868,0,0.5797168016433716,98,intervention
42,1627600,0.02145774400609788,0.01022658869624137,0.02954738992421972,0,0.6451475620269775,98,intervention
45,1588600,0.02116740815796695,0.01010599080473184,0.02915660281573397,0,0.7164192795753479,98,intervention
48,1605074,0.02118472162883231,0.01009680330753326,0.02917895027372245,0,0.5089103579521179,98,intervention
0,5276937,0.02137034332531885,0.01016408950090408,0.03162219234401202,0,3.907650947570801,99,intervention
3,5217625,0.02188606168428655,0.01043082028627395,0.03028471880453704,0,0.9482138752937316,99,intervention
6,5144880,0.02159581635127146,0.01028747949749231,0.03131035330556823,0,2.651733636856079,99,intervention
9,5248364,0.02251965691321652,0.01083628088235855,0.03088095817022059,0,0.6664556264877319,99,intervention
12,5338610,0.02127066424230023,0.01018881052732467,0.02921788118434353,0,0.6841755509376526,99,intervention
15,5218309,0.02155693521802013,0.01025699637830257,0.03123934040030199,0,3.0775740146636963,99,intervention
18,5232240,0.02220151492183724,0.01062782667577266,0.03064818029286009,0,1.1231603622436523,99,intervention
21,5323916,0.02144580454589825,0.01026090048253536,0.02954830334541658,0,1.109139323234558,99,intervention
24,5270316,0.02173735178940673,0.01041232794523239,0.03005258515544939,0,1.0459468364715576,99,intervention
27,5301000,0.02163911285136632,0.01040572300553321,0.02984441175027992,0,0.646826446056366,99,intervention
30,5312024,0.02259967902864319,0.01085514668375253,0.03115084571368641,0,0.7454280257225037,99,intervention
33,5352878,0.02250651976220672,0.01081800740212202,0.03104336280407474,0,0.819203794002533,99,intervention
36,5203326,0.02118290683426132,0.01010818034410476,0.02928018990697431,0,1.1399494409561155,99,intervention
39,5268656,0.02119447676922677,0.01012286450713872,0.02926876688063662,0,0.9695227146148682,99,intervention
42,5260941,0.02135466707174719,0.01022313255816698,0.02940811641453945,0,0.8782944679260254,99,intervention
45,5265840,0.02145447339550716,0.01029190607368946,0.02962005114518921,0,0.7530344724655151,99,intervention
48,5193071,0.02130727759534516,0.01019019726663827,0.02939768078252759,0,0.6246488690376282,99,intervention
