Time,Seed,Model,Value
0,1,control,0.0015275
3,1,control,0.0015125
6,1,control,0.001502
9,1,control,0.001514
12,1,control,0.0015365
15,1,control,0.001536
18,1,control,0.0015095
21,1,control,0.001538
24,1,control,0.0015445
27,1,control,0.001535
30,1,control,0.001496
33,1,control,0.0015445
36,1,control,0.001517
39,1,control,0.001548
42,1,control,0.001538
45,1,control,0.001527
48,1,control,0.001506
0,10,control,0.002638
3,10,control,0.0026285
6,10,control,0.002622
9,10,control,0.0026385
12,10,control,0.002602
15,10,control,0.002614
18,10,control,0.002623
21,10,control,0.002627
24,10,control,0.002613
27,10,control,0.0026205
30,10,control,0.002642
33,10,control,0.002629
36,10,control,0.002634
39,10,control,0.0026205
42,10,control,0.002593
45,10,control,0.0026075
48,10,control,0.00259
0,100,control,0.0030715
3,100,control,0.003051
6,100,control,0.0030505
9,100,control,0.0030435
12,100,control,0.003044
15,100,control,0.003057
18,100,control,0.003041
21,100,control,0.0030645
24,100,control,0.003093
27,100,control,0.003054
30,100,control,0.003037
33,100,control,0.0030735
36,100,control,0.0030745
39,100,control,0.0030565
42,100,control,0.003056
45,100,control,0.0030585
48,100,control,0.0030465
0,101,control,0.0048555
3,101,control,0.004812
6,101,control,0.0048595
9,101,control,0.004847
12,101,control,0.0048445
15,101,control,0.0047925
18,101,control,0.0047935
21,101,control,0.004843
24,101,control,0.0048625
27,101,control,0.004811
30,101,control,0.0047985
33,101,control,0.004781
36,101,control,0.004883
39,101,control,0.0048365
42,101,control,0.004795
45,101,control,0.004834
48,101,control,0.004842
0,102,control,0.0069275
3,102,control,0.0068225
6,102,control,0.006855
9,102,control,0.0069025
12,102,control,0.0069175
15,102,control,0.00692
18,102,control,0.006877
21,102,control,0.006862
24,102,control,0.006876
27,102,control,0.0068835
30,102,control,0.006863
33,102,control,0.00692
36,102,control,0.006933
39,102,control,0.0068445
42,102,control,0.0068635
45,102,control,0.0068395
48,102,control,0.0068815
0,103,control,0.003314
3,103,control,0.003281
6,103,control,0.0032975
9,103,control,0.0032885
12,103,control,0.003314
15,103,control,0.0033185
18,103,control,0.003308
21,103,control,0.0032805
24,103,control,0.0032765
27,103,control,0.0032895
30,103,control,0.00326
33,103,control,0.003248
36,103,control,0.003276
39,103,control,0.0033075
42,103,control,0.0032755
45,103,control,0.003278
48,103,control,0.003312
0,104,control,0.0039835
3,104,control,0.003952
6,104,control,0.0039495
9,104,control,0.003965
12,104,control,0.003968
15,104,control,0.0039585
18,104,control,0.003953
21,104,control,0.0039885
24,104,control,0.003936
27,104,control,0.0039225
30,104,control,0.0039695
33,104,control,0.003954
36,104,control,0.0039865
39,104,control,0.0039265
42,104,control,0.0039365
45,104,control,0.00397
48,104,control,0.0038995
0,105,control,0.003125
3,105,control,0.003102
6,105,control,0.003076
9,105,control,0.0031255
12,105,control,0.0030705
15,105,control,0.003073
18,105,control,0.0030855
21,105,control,0.0030685
24,105,control,0.0030845
27,105,control,0.003091
30,105,control,0.003049
33,105,control,0.003107
36,105,control,0.0031
39,105,control,0.00307
42,105,control,0.003098
45,105,control,0.003094
48,105,control,0.0030855
0,106,control,0.0014515
3,106,control,0.0014515
6,106,control,0.001445
9,106,control,0.0014575
12,106,control,0.001423
15,106,control,0.001446
18,106,control,0.0014505
21,106,control,0.0014565
24,106,control,0.0014555
27,106,control,0.001436
30,106,control,0.00145
33,106,control,0.0014605
36,106,control,0.001479
39,106,control,0.0014415
42,106,control,0.0014515
45,106,control,0.00145
48,106,control,0.0014515
0,107,control,0.0026865
3,107,control,0.002681
6,107,control,0.0026645
9,107,control,0.0027085
12,107,control,0.002683
15,107,control,0.002669
18,107,control,0.0026585
21,107,control,0.0026835
24,107,control,0.0026575
27,107,control,0.0026885
30,107,control,0.00265
33,107,control,0.0026935
36,107,control,0.0026625
39,107,control,0.0026625
42,107,control,0.0026555
45,107,control,0.0026855
48,107,control,0.0026575
0,108,control,0.002787
3,108,control,0.0027515
6,108,control,0.0027555
9,108,control,0.0027885
12,108,control,0.002775
15,108,control,0.002737
18,108,control,0.00275
21,108,control,0.0027475
24,108,control,0.0027364999999999998
27,108,control,0.002774
30,108,control,0.002729
33,108,control,0.0027655
36,108,control,0.002752
39,108,control,0.0027635
42,108,control,0.0027585
45,108,control,0.002744
48,108,control,0.002748
0,109,control,0.0013625
3,109,control,0.001342
6,109,control,0.0013575
9,109,control,0.001344
12,109,control,0.0013425
15,109,control,0.001348
18,109,control,0.0013405
21,109,control,0.001349
24,109,control,0.001346
27,109,control,0.00134
30,109,control,0.001341
33,109,control,0.0013365
36,109,control,0.0013555
39,109,control,0.0013215
42,109,control,0.0013515
45,109,control,0.001347
48,109,control,0.001353
0,11,control,0.0050875
3,11,control,0.005147
6,11,control,0.0051135
9,11,control,0.0050535
12,11,control,0.005096
15,11,control,0.0051245
18,11,control,0.0051095
21,11,control,0.005084
24,11,control,0.0051245
27,11,control,0.0050445
30,11,control,0.0050965
33,11,control,0.005099
36,11,control,0.0050985
39,11,control,0.0050845
42,11,control,0.00511
45,11,control,0.0051225
48,11,control,0.0051025
0,110,control,0.0022465
3,110,control,0.0022455
6,110,control,0.0021915
9,110,control,0.002211
12,110,control,0.0021985
15,110,control,0.002229
18,110,control,0.002225
21,110,control,0.00223
24,110,control,0.0022045
27,110,control,0.0021935
30,110,control,0.002169
33,110,control,0.002247
36,110,control,0.0022265
39,110,control,0.002211
42,110,control,0.0022265
45,110,control,0.002222
48,110,control,0.0022215
0,111,control,0.0027585
3,111,control,0.002787
6,111,control,0.002771
9,111,control,0.002779
12,111,control,0.0027705
15,111,control,0.0027805
18,111,control,0.0027745
21,111,control,0.0027535
24,111,control,0.002733
27,111,control,0.002719
30,111,control,0.0027645
33,111,control,0.0027595
36,111,control,0.0027705
39,111,control,0.0027535
42,111,control,0.0027315
45,111,control,0.002746
48,111,control,0.002746
0,112,control,0.001744
3,112,control,0.0017555
6,112,control,0.001755
9,112,control,0.0017455
12,112,control,0.0017385
15,112,control,0.0017455
18,112,control,0.0017275
21,112,control,0.0017395
24,112,control,0.0017195000000000001
27,112,control,0.001763
30,112,control,0.001755
33,112,control,0.001735
36,112,control,0.0017315
39,112,control,0.0017275
42,112,control,0.0017375
45,112,control,0.0017195000000000001
48,112,control,0.001736
0,113,control,0.002579
3,113,control,0.0025525
6,113,control,0.002568
9,113,control,0.002588
12,113,control,0.002537
15,113,control,0.002543
18,113,control,0.0025825
21,113,control,0.0025545
24,113,control,0.0025755
27,113,control,0.0025625
30,113,control,0.002522
33,113,control,0.002564
36,113,control,0.002519
39,113,control,0.002547
42,113,control,0.002586
45,113,control,0.0025915
48,113,control,0.002535
0,114,control,0.002683
3,114,control,0.0026585
6,114,control,0.002661
9,114,control,0.0026925
12,114,control,0.002693
15,114,control,0.00268
18,114,control,0.002666
21,114,control,0.002653
24,114,control,0.002683
27,114,control,0.0026505
30,114,control,0.002662
33,114,control,0.0026535
36,114,control,0.002647
39,114,control,0.002684
42,114,control,0.0026545
45,114,control,0.002646
48,114,control,0.0026635
0,115,control,0.003582
3,115,control,0.0035615
6,115,control,0.0035645
9,115,control,0.0035805
12,115,control,0.003572
15,115,control,0.003562
18,115,control,0.0035645
21,115,control,0.003598
24,115,control,0.0035905
27,115,control,0.0035755
30,115,control,0.0035655
33,115,control,0.003575
36,115,control,0.003565
39,115,control,0.00358
42,115,control,0.0036115
45,115,control,0.003543
48,115,control,0.003595
0,116,control,0.002053
3,116,control,0.0020655
6,116,control,0.0020315
9,116,control,0.0020675
12,116,control,0.0020415
15,116,control,0.0020435
18,116,control,0.002034
21,116,control,0.0020665
24,116,control,0.002087
27,116,control,0.0020505
30,116,control,0.0020535
33,116,control,0.002062
36,116,control,0.0020545
39,116,control,0.00205
42,116,control,0.0020545
45,116,control,0.0020405
48,116,control,0.002077
0,117,control,0.0021625
3,117,control,0.0021855
6,117,control,0.0021815
9,117,control,0.0021585
12,117,control,0.0021935
15,117,control,0.0021925
18,117,control,0.0021965
21,117,control,0.002176
24,117,control,0.002187
27,117,control,0.002193
30,117,control,0.002184
33,117,control,0.002192
36,117,control,0.0021985
39,117,control,0.0021695
42,117,control,0.0021735
45,117,control,0.0021855
48,117,control,0.0021705
0,118,control,0.0024665
3,118,control,0.0024615
6,118,control,0.0024395
9,118,control,0.002444
12,118,control,0.0024475
15,118,control,0.0024575
18,118,control,0.002432
21,118,control,0.002464
24,118,control,0.002447
27,118,control,0.0024495
30,118,control,0.0024325
33,118,control,0.002453
36,118,control,0.0024785
39,118,control,0.002476
42,118,control,0.002424
45,118,control,0.0024695
48,118,control,0.0024385
0,119,control,0.0040685
3,119,control,0.004068
6,119,control,0.004012
9,119,control,0.0040335
12,119,control,0.0040165
15,119,control,0.0040435
18,119,control,0.004048
21,119,control,0.004067
24,119,control,0.004058
27,119,control,0.0040305
30,119,control,0.0040285
33,119,control,0.0040315
36,119,control,0.004045
39,119,control,0.004022
42,119,control,0.003988
45,119,control,0.0040515
48,119,control,0.0040565
0,12,control,0.0016
3,12,control,0.001573
6,12,control,0.001604
9,12,control,0.0016285
12,12,control,0.001606
15,12,control,0.0015995
18,12,control,0.0016035
21,12,control,0.0015805
24,12,control,0.0015915
27,12,control,0.0015935
30,12,control,0.0015935
33,12,control,0.0015915
36,12,control,0.0016045
39,12,control,0.0015735
42,12,control,0.001601
45,12,control,0.0016065
48,12,control,0.00158
0,120,control,0.002427
3,120,control,0.0024155
6,120,control,0.0024045
9,120,control,0.0024355
12,120,control,0.0024335
15,120,control,0.002436
18,120,control,0.0024375
21,120,control,0.002416
24,120,control,0.002483
27,120,control,0.0024295
30,120,control,0.0024165
33,120,control,0.0024455
36,120,control,0.002464
39,120,control,0.0024015
42,120,control,0.002441
45,120,control,0.00245
48,120,control,0.002437
0,121,control,0.002529
3,121,control,0.002524
6,121,control,0.002521
9,121,control,0.002543
12,121,control,0.002514
15,121,control,0.0025295
18,121,control,0.0025
21,121,control,0.0024865
24,121,control,0.002519
27,121,control,0.002517
30,121,control,0.0025185
33,121,control,0.0025155
36,121,control,0.002514
39,121,control,0.0024975
42,121,control,0.0025015
45,121,control,0.002517
48,121,control,0.0025225
0,122,control,0.006069
3,122,control,0.0060925
6,122,control,0.0061105
9,122,control,0.0060935
12,122,control,0.006123
15,122,control,0.006069
18,122,control,0.006148
21,122,control,0.0061445
24,122,control,0.0061225
27,122,control,0.006096
30,122,control,0.0060855
33,122,control,0.0061645
36,122,control,0.006126
39,122,control,0.0061085
42,122,control,0.0060935
45,122,control,0.006088
48,122,control,0.0061905
0,123,control,0.0061045
3,123,control,0.0061075
6,123,control,0.0061085
9,123,control,0.0061175
12,123,control,0.006124
15,123,control,0.006066
18,123,control,0.0061055
21,123,control,0.0060885
24,123,control,0.0060955
27,123,control,0.0060765
30,123,control,0.0060855
33,123,control,0.0060705
36,123,control,0.0060515
39,123,control,0.0060865
42,123,control,0.0060785
45,123,control,0.0060855
48,123,control,0.006079
0,124,control,0.0021225
3,124,control,0.002115
6,124,control,0.0021135
9,124,control,0.0021485
12,124,control,0.0021265
15,124,control,0.0020965
18,124,control,0.0021055
21,124,control,0.0021485
24,124,control,0.0021495
27,124,control,0.0021065
30,124,control,0.002152
33,124,control,0.002098
36,124,control,0.0021145
39,124,control,0.002117
42,124,control,0.0021265
45,124,control,0.002137
48,124,control,0.0021
0,125,control,0.0045975
3,125,control,0.0045985
6,125,control,0.004621
9,125,control,0.0045975
12,125,control,0.0046545
15,125,control,0.004632
18,125,control,0.0045805
21,125,control,0.004554
24,125,control,0.0045985
27,125,control,0.004596
30,125,control,0.0046155
33,125,control,0.004627
36,125,control,0.0046255
39,125,control,0.004597
42,125,control,0.00461
45,125,control,0.004626
48,125,control,0.004574
0,126,control,0.0016185
3,126,control,0.0016225
6,126,control,0.001614
9,126,control,0.0015835
12,126,control,0.0016235
15,126,control,0.0015925
18,126,control,0.001619
21,126,control,0.0016055
24,126,control,0.001609
27,126,control,0.0016075
30,126,control,0.001622
33,126,control,0.0015915
36,126,control,0.001624
39,126,control,0.0016095
42,126,control,0.0016085
45,126,control,0.0016135
48,126,control,0.0016475
0,127,control,0.0047105
3,127,control,0.004681
6,127,control,0.0046785
9,127,control,0.0047205
12,127,control,0.0046985
15,127,control,0.004707
18,127,control,0.0046805
21,127,control,0.004676
24,127,control,0.004722
27,127,control,0.004707
30,127,control,0.0046605
33,127,control,0.004681
36,127,control,0.0046965
39,127,control,0.004651
42,127,control,0.004672
45,127,control,0.0046385
48,127,control,0.0047135
0,128,control,0.001866
3,128,control,0.001864
6,128,control,0.0018485
9,128,control,0.0018405
12,128,control,0.0018635
15,128,control,0.001843
18,128,control,0.0018355
21,128,control,0.0018415
24,128,control,0.0018
27,128,control,0.001864
30,128,control,0.0018295
33,128,control,0.0018425
36,128,control,0.0018365
39,128,control,0.0018405
42,128,control,0.0018345
45,128,control,0.0018565
48,128,control,0.0018385
0,129,control,8.285e-4
3,129,control,8.455e-4
6,129,control,8.31e-4
9,129,control,8.43e-4
12,129,control,8.445e-4
15,129,control,8.385e-4
18,129,control,8.335e-4
21,129,control,8.275e-4
24,129,control,8.57e-4
27,129,control,8.27e-4
30,129,control,8.285e-4
33,129,control,8.44e-4
36,129,control,8.445e-4
39,129,control,8.61e-4
42,129,control,8.41e-4
45,129,control,8.45e-4
48,129,control,8.375e-4
0,13,control,0.0018
3,13,control,0.001813
6,13,control,0.0017915
9,13,control,0.001792
12,13,control,0.001815
15,13,control,0.0018035
18,13,control,0.0018485
21,13,control,0.001832
24,13,control,0.0018075
27,13,control,0.001803
30,13,control,0.001823
33,13,control,0.0018065
36,13,control,0.001818
39,13,control,0.001839
42,13,control,0.0018295
45,13,control,0.00183
48,13,control,0.001818
0,130,control,0.004537
3,130,control,0.004557
6,130,control,0.0045655
9,130,control,0.0045765
12,130,control,0.004594
15,130,control,0.0045095
18,130,control,0.0045935
21,130,control,0.004565
24,130,control,0.0045345
27,130,control,0.004569
30,130,control,0.004602
33,130,control,0.0045995
36,130,control,0.0045845
39,130,control,0.004566
42,130,control,0.00454
45,130,control,0.004608
48,130,control,0.004545
0,131,control,0.001722
3,131,control,0.0017015
6,131,control,0.0017075
9,131,control,0.001704
12,131,control,0.001697
15,131,control,0.0017115
18,131,control,0.001702
21,131,control,0.00169
24,131,control,0.0017095
27,131,control,0.0016805
30,131,control,0.001667
33,131,control,0.0016965
36,131,control,0.0016835
39,131,control,0.001681
42,131,control,0.001669
45,131,control,0.001691
48,131,control,0.0016905
0,132,control,0.0010285
3,132,control,0.001039
6,132,control,0.0010175
9,132,control,0.001011
12,132,control,0.0010295
15,132,control,0.001017
18,132,control,0.0010135
21,132,control,0.00102
24,132,control,0.001001
27,132,control,0.001015
30,132,control,0.001008
33,132,control,0.0010325
36,132,control,0.001031
39,132,control,0.0010095
42,132,control,9.905e-4
45,132,control,0.001029
48,132,control,0.0010285
0,133,control,0.002356
3,133,control,0.0023215
6,133,control,0.002307
9,133,control,0.00231
12,133,control,0.002329
15,133,control,0.0022985
18,133,control,0.002314
21,133,control,0.0023455
24,133,control,0.002339
27,133,control,0.0023405
30,133,control,0.002324
33,133,control,0.0023265
36,133,control,0.002357
39,133,control,0.0023545
42,133,control,0.00232
45,133,control,0.002333
48,133,control,0.0023415
0,134,control,0.0018755
3,134,control,0.0018565
6,134,control,0.0018600000000000001
9,134,control,0.0018575
12,134,control,0.0018785
15,134,control,0.0018645
18,134,control,0.001872
21,134,control,0.0018855
24,134,control,0.001882
27,134,control,0.001837
30,134,control,0.0018435
33,134,control,0.001853
36,134,control,0.001863
39,134,control,0.0018585
42,134,control,0.0018665
45,134,control,0.001892
48,134,control,0.0018745
0,135,control,7.93e-4
3,135,control,7.875e-4
6,135,control,7.945e-4
9,135,control,8.08e-4
12,135,control,8.055e-4
15,135,control,7.995e-4
18,135,control,7.765e-4
21,135,control,8.085e-4
24,135,control,8.1e-4
27,135,control,7.825e-4
30,135,control,8.1e-4
33,135,control,7.985e-4
36,135,control,7.885e-4
39,135,control,7.97e-4
42,135,control,8.07e-4
45,135,control,7.935e-4
48,135,control,7.855e-4
0,136,control,0.002665
3,136,control,0.0026365
6,136,control,0.002671
9,136,control,0.002671
12,136,control,0.0026835
15,136,control,0.002683
18,136,control,0.002649
21,136,control,0.002644
24,136,control,0.0026475
27,136,control,0.0026475
30,136,control,0.0026395
33,136,control,0.002654
36,136,control,0.0026495
39,136,control,0.002677
42,136,control,0.002648
45,136,control,0.002672
48,136,control,0.0026355
0,137,control,0.003154
3,137,control,0.003145
6,137,control,0.003143
9,137,control,0.003126
12,137,control,0.0031515
15,137,control,0.0031155
18,137,control,0.003129
21,137,control,0.0031355
24,137,control,0.003129
27,137,control,0.003128
30,137,control,0.003157
33,137,control,0.003133
36,137,control,0.0031565
39,137,control,0.003156
42,137,control,0.003116
45,137,control,0.003118
48,137,control,0.003155
0,138,control,0.0038545
3,138,control,0.0038565
6,138,control,0.0037975
9,138,control,0.0038265
12,138,control,0.003886
15,138,control,0.0038655
18,138,control,0.0038525
21,138,control,0.00388
24,138,control,0.0038725
27,138,control,0.0038455
30,138,control,0.003824
33,138,control,0.0038615
36,138,control,0.0038295
39,138,control,0.003818
42,138,control,0.0038195
45,138,control,0.0038255
48,138,control,0.0038885
0,139,control,0.002733
3,139,control,0.0027005
6,139,control,0.002732
9,139,control,0.0027305
12,139,control,0.0027165
15,139,control,0.002715
18,139,control,0.002717
21,139,control,0.002719
24,139,control,0.0027015
27,139,control,0.002713
30,139,control,0.0027205
33,139,control,0.0026925
36,139,control,0.002726
39,139,control,0.0027065
42,139,control,0.0027135
45,139,control,0.0027
48,139,control,0.002705
0,14,control,0.00225
3,14,control,0.0022355
6,14,control,0.002258
9,14,control,0.0022655
12,14,control,0.0022505
15,14,control,0.002259
18,14,control,0.002281
21,14,control,0.0022715
24,14,control,0.0022725
27,14,control,0.0022645
30,14,control,0.002252
33,14,control,0.002296
36,14,control,0.002302
39,14,control,0.002259
42,14,control,0.0022995
45,14,control,0.0022925
48,14,control,0.0023025
0,140,control,0.00208
3,140,control,0.002066
6,140,control,0.0020995
9,140,control,0.002074
12,140,control,0.0020955
15,140,control,0.0020605
18,140,control,0.0020725
21,140,control,0.0020465
24,140,control,0.002071
27,140,control,0.002074
30,140,control,0.002068
33,140,control,0.002065
36,140,control,0.0020885
39,140,control,0.0020585
42,140,control,0.0020925
45,140,control,0.002096
48,140,control,0.002089
0,141,control,0.002704
3,141,control,0.002665
6,141,control,0.0026525
9,141,control,0.002686
12,141,control,0.0026885
15,141,control,0.002689
18,141,control,0.002662
21,141,control,0.0026715
24,141,control,0.0027085
27,141,control,0.002719
30,141,control,0.002647
33,141,control,0.0026875
36,141,control,0.0027055
39,141,control,0.0027065
42,141,control,0.002693
45,141,control,0.002695
48,141,control,0.002692
0,142,control,0.0030385
3,142,control,0.003049
6,142,control,0.0030255
9,142,control,0.0030795
12,142,control,0.0030425
15,142,control,0.003042
18,142,control,0.003022
21,142,control,0.0030295
24,142,control,0.003057
27,142,control,0.003043
30,142,control,0.003047
33,142,control,0.0030685
36,142,control,0.003033
39,142,control,0.003068
42,142,control,0.003031
45,142,control,0.0030715
48,142,control,0.003068
0,143,control,0.0022505
3,143,control,0.0022425
6,143,control,0.002236
9,143,control,0.002247
12,143,control,0.002247
15,143,control,0.002226
18,143,control,0.002252
21,143,control,0.002245
24,143,control,0.002227
27,143,control,0.002239
30,143,control,0.0022315
33,143,control,0.002242
36,143,control,0.002225
39,143,control,0.0022615
42,143,control,0.00225
45,143,control,0.002254
48,143,control,0.002226
0,144,control,0.0031305
3,144,control,0.003123
6,144,control,0.003114
9,144,control,0.003116
12,144,control,0.003147
15,144,control,0.003127
18,144,control,0.0030855
21,144,control,0.0030945
24,144,control,0.0031045
27,144,control,0.0030875
30,144,control,0.0031055
33,144,control,0.0031545
36,144,control,0.003141
39,144,control,0.003072
42,144,control,0.003076
45,144,control,0.0030805
48,144,control,0.0030845
0,145,control,0.0014545
3,145,control,0.001464
6,145,control,0.0014575
9,145,control,0.001447
12,145,control,0.0014475
15,145,control,0.0014535
18,145,control,0.0014615
21,145,control,0.0014605
24,145,control,0.001445
27,145,control,0.001453
30,145,control,0.0014445
33,145,control,0.00145
36,145,control,0.0014605
39,145,control,0.0014685
42,145,control,0.001445
45,145,control,0.001471
48,145,control,0.001448
0,146,control,0.001744
3,146,control,0.001726
6,146,control,0.001728
9,146,control,0.0017535
12,146,control,0.0017415
15,146,control,0.00174
18,146,control,0.00174
21,146,control,0.0017545
24,146,control,0.0017505
27,146,control,0.001742
30,146,control,0.001722
33,146,control,0.001738
36,146,control,0.001749
39,146,control,0.0017395
42,146,control,0.001761
45,146,control,0.001731
48,146,control,0.0017545
0,147,control,9.47e-4
3,147,control,9.48e-4
6,147,control,9.455e-4
9,147,control,9.84e-4
12,147,control,9.44e-4
15,147,control,9.355e-4
18,147,control,9.54e-4
21,147,control,9.285e-4
24,147,control,9.57e-4
27,147,control,9.45e-4
30,147,control,0.00093000000000000005
33,147,control,9.51e-4
36,147,control,9.64e-4
39,147,control,9.46e-4
42,147,control,9.38e-4
45,147,control,9.585e-4
48,147,control,9.665e-4
0,148,control,0.0049105
3,148,control,0.004912
6,148,control,0.004929
9,148,control,0.0049335
12,148,control,0.0049
15,148,control,0.0048965
18,148,control,0.0048905
21,148,control,0.0048725
24,148,control,0.0049395
27,148,control,0.0048715
30,148,control,0.0049115
33,148,control,0.004879
36,148,control,0.004931
39,148,control,0.0049125
42,148,control,0.0048325
45,148,control,0.0049115
48,148,control,0.0048865
0,149,control,0.003124
3,149,control,0.0030875
6,149,control,0.003086
9,149,control,0.003108
12,149,control,0.0030885
15,149,control,0.0031005
18,149,control,0.0030945
21,149,control,0.003089
24,149,control,0.003111
27,149,control,0.0031195
30,149,control,0.0031185
33,149,control,0.0030805
36,149,control,0.0030705
39,149,control,0.003111
42,149,control,0.0031205
45,149,control,0.003133
48,149,control,0.0031125
0,15,control,0.00324
3,15,control,0.00327
6,15,control,0.0032405
9,15,control,0.003232
12,15,control,0.0032685
15,15,control,0.0032715
18,15,control,0.0032605
21,15,control,0.003236
24,15,control,0.003252
27,15,control,0.0032405
30,15,control,0.003236
33,15,control,0.0032255
36,15,control,0.003278
39,15,control,0.003221
42,15,control,0.0032255
45,15,control,0.0032315
48,15,control,0.003262
0,150,control,0.0028585
3,150,control,0.0028825
6,150,control,0.002865
9,150,control,0.002844
12,150,control,0.002839
15,150,control,0.0028255
18,150,control,0.0028565
21,150,control,0.002821
24,150,control,0.0028145
27,150,control,0.0028625
30,150,control,0.002865
33,150,control,0.002891
36,150,control,0.0028495
39,150,control,0.0028455
42,150,control,0.0028395
45,150,control,0.002844
48,150,control,0.0028375
0,151,control,0.003552
3,151,control,0.0035135
6,151,control,0.003508
9,151,control,0.0035015
12,151,control,0.003493
15,151,control,0.003532
18,151,control,0.003497
21,151,control,0.003539
24,151,control,0.003561
27,151,control,0.0035245
30,151,control,0.003522
33,151,control,0.0035225
36,151,control,0.0035515
39,151,control,0.003499
42,151,control,0.003488
45,151,control,0.003507
48,151,control,0.00351
0,152,control,0.001843
3,152,control,0.001817
6,152,control,0.0018185
9,152,control,0.0018535
12,152,control,0.001852
15,152,control,0.0018600000000000001
18,152,control,0.001834
21,152,control,0.0018395
24,152,control,0.0018495
27,152,control,0.0018535
30,152,control,0.0018555
33,152,control,0.001847
36,152,control,0.001876
39,152,control,0.0018585
42,152,control,0.0018365
45,152,control,0.0018525
48,152,control,0.001838
0,153,control,0.007153
3,153,control,0.0070705
6,153,control,0.007162
9,153,control,0.007093
12,153,control,0.00714
15,153,control,0.0071415
18,153,control,0.0071675
21,153,control,0.0071165
24,153,control,0.0071255
27,153,control,0.0071295
30,153,control,0.007116
33,153,control,0.007122
36,153,control,0.007135
39,153,control,0.0071815
42,153,control,0.007123
45,153,control,0.0071885
48,153,control,0.0071395
0,154,control,0.003989
3,154,control,0.003943
6,154,control,0.0039695
9,154,control,0.0039385
12,154,control,0.003937
15,154,control,0.003969
18,154,control,0.003935
21,154,control,0.003945
24,154,control,0.0039775
27,154,control,0.0039425
30,154,control,0.0039695
33,154,control,0.0039115
36,154,control,0.003953
39,154,control,0.003955
42,154,control,0.003968
45,154,control,0.003927
48,154,control,0.0039685
0,155,control,0.0012165
3,155,control,0.001188
6,155,control,0.001209
9,155,control,0.0012195
12,155,control,0.001199
15,155,control,0.0012115
18,155,control,0.0012005
21,155,control,0.0012105
24,155,control,0.0012245
27,155,control,0.0012105
30,155,control,0.0012045
33,155,control,0.0012115
36,155,control,0.0012085
39,155,control,0.0012015
42,155,control,0.0011905
45,155,control,0.001222
48,155,control,0.0012135
0,156,control,0.0037215
3,156,control,0.003698
6,156,control,0.0037165
9,156,control,0.003673
12,156,control,0.0036685
15,156,control,0.0037115
18,156,control,0.003695
21,156,control,0.003709
24,156,control,0.003719
27,156,control,0.0037085
30,156,control,0.003683
33,156,control,0.003699
36,156,control,0.00371
39,156,control,0.0037085
42,156,control,0.0036985
45,156,control,0.003697
48,156,control,0.003721
0,157,control,0.0017465
3,157,control,0.0017135
6,157,control,0.001739
9,157,control,0.0017635
12,157,control,0.001732
15,157,control,0.00174
18,157,control,0.0017825
21,157,control,0.00176
24,157,control,0.001761
27,157,control,0.0017575
30,157,control,0.0017375
33,157,control,0.0017865
36,157,control,0.00177
39,157,control,0.0017455
42,157,control,0.0017465
45,157,control,0.001763
48,157,control,0.0017485
0,158,control,0.001898
3,158,control,0.0018795
6,158,control,0.0018945
9,158,control,0.001889
12,158,control,0.001905
15,158,control,0.001908
18,158,control,0.00191
21,158,control,0.0018625
24,158,control,0.0018905
27,158,control,0.0018775
30,158,control,0.0019005
33,158,control,0.0018685
36,158,control,0.001912
39,158,control,0.0019005
42,158,control,0.0018965
45,158,control,0.0018925
48,158,control,0.001921
0,159,control,0.004847
3,159,control,0.0048545
6,159,control,0.0048635
9,159,control,0.00488
12,159,control,0.004899
15,159,control,0.004868
18,159,control,0.0048355
21,159,control,0.0048755
24,159,control,0.0048825
27,159,control,0.00487
30,159,control,0.0048445
33,159,control,0.004888
36,159,control,0.004833
39,159,control,0.0048685
42,159,control,0.004875
45,159,control,0.0048545
48,159,control,0.0048895
0,16,control,0.001406
3,16,control,0.0014085
6,16,control,0.001401
9,16,control,0.001407
12,16,control,0.0014225
15,16,control,0.001405
18,16,control,0.0013825
21,16,control,0.0014065
24,16,control,0.001416
27,16,control,0.0014065
30,16,control,0.0013865
33,16,control,0.001391
36,16,control,0.001419
39,16,control,0.001406
42,16,control,0.0013995
45,16,control,0.001404
48,16,control,0.0014195
0,160,control,0.00254
3,160,control,0.002578
6,160,control,0.0025005
9,160,control,0.002538
12,160,control,0.0025675
15,160,control,0.00254
18,160,control,0.002538
21,160,control,0.0025415
24,160,control,0.0025515
27,160,control,0.002539
30,160,control,0.0025575
33,160,control,0.0025565
36,160,control,0.0025585
39,160,control,0.002555
42,160,control,0.002538
45,160,control,0.0025545
48,160,control,0.0025555
0,161,control,0.001591
3,161,control,0.001601
6,161,control,0.001567
9,161,control,0.001582
12,161,control,0.0015545
15,161,control,0.0015425
18,161,control,0.0015705
21,161,control,0.001564
24,161,control,0.00159
27,161,control,0.001575
30,161,control,0.0015195
33,161,control,0.001576
36,161,control,0.0015625
39,161,control,0.001569
42,161,control,0.0015785
45,161,control,0.0015805
48,161,control,0.001595
0,162,control,0.002517
3,162,control,0.0024705
6,162,control,0.0025075
9,162,control,0.0025075
12,162,control,0.002498
15,162,control,0.002467
18,162,control,0.0024865
21,162,control,0.002505
24,162,control,0.0025045
27,162,control,0.002478
30,162,control,0.0024695
33,162,control,0.0024975
36,162,control,0.002529
39,162,control,0.0025175
42,162,control,0.0024875
45,162,control,0.002492
48,162,control,0.002491
0,163,control,0.0016565
3,163,control,0.0016665
6,163,control,0.0016495
9,163,control,0.001658
12,163,control,0.0016845
15,163,control,0.0016735
18,163,control,0.001649
21,163,control,0.0016675
24,163,control,0.001669
27,163,control,0.0016985
30,163,control,0.0016615
33,163,control,0.001663
36,163,control,0.0016555
39,163,control,0.001668
42,163,control,0.0016485
45,163,control,0.0016785
48,163,control,0.0016855
0,164,control,0.004214
3,164,control,0.004167
6,164,control,0.0042105
9,164,control,0.004183
12,164,control,0.004212
15,164,control,0.0042125
18,164,control,0.0041925
21,164,control,0.004177
24,164,control,0.004201
27,164,control,0.0042095
30,164,control,0.004229
33,164,control,0.004191
36,164,control,0.0042125
39,164,control,0.004188
42,164,control,0.004227
45,164,control,0.004192
48,164,control,0.004177
0,165,control,0.00282
3,165,control,0.0028375
6,165,control,0.002776
9,165,control,0.002826
12,165,control,0.0028265
15,165,control,0.0027855
18,165,control,0.0027885
21,165,control,0.0028205
24,165,control,0.002806
27,165,control,0.0027935
30,165,control,0.0028235
33,165,control,0.0028325
36,165,control,0.002808
39,165,control,0.0027825
42,165,control,0.002802
45,165,control,0.0027945
48,165,control,0.002838
0,166,control,0.005033
3,166,control,0.0050505
6,166,control,0.005005
9,166,control,0.0050165
12,166,control,0.0050565
15,166,control,0.0050505
18,166,control,0.0050455
21,166,control,0.005038
24,166,control,0.0050235
27,166,control,0.0050445
30,166,control,0.005012
33,166,control,0.005034
36,166,control,0.0050735
39,166,control,0.0050055
42,166,control,0.005053
45,166,control,0.005013
48,166,control,0.0050385
0,167,control,0.002874
3,167,control,0.0028635
6,167,control,0.002869
9,167,control,0.0028835
12,167,control,0.002876
15,167,control,0.002851
18,167,control,0.0028595
21,167,control,0.0028915
24,167,control,0.0028715
27,167,control,0.002881
30,167,control,0.002887
33,167,control,0.0028775
36,167,control,0.0028715
39,167,control,0.002859
42,167,control,0.0028485
45,167,control,0.0028855
48,167,control,0.0028885
0,168,control,0.001451
3,168,control,0.001442
6,168,control,0.0014295
9,168,control,0.0014435
12,168,control,0.0014585
15,168,control,0.0014375
18,168,control,0.001439
21,168,control,0.0014515
24,168,control,0.001466
27,168,control,0.001434
30,168,control,0.0014475
33,168,control,0.001459
36,168,control,0.00144
39,168,control,0.0014315
42,168,control,0.001434
45,168,control,0.001434
48,168,control,0.0014505
0,169,control,0.0033295
3,169,control,0.0033695
6,169,control,0.0033665
9,169,control,0.0033685
12,169,control,0.0033215
15,169,control,0.0033415
18,169,control,0.003351
21,169,control,0.003373
24,169,control,0.0033525
27,169,control,0.0033585
30,169,control,0.0033785
33,169,control,0.003354
36,169,control,0.0033695
39,169,control,0.003387
42,169,control,0.003378
45,169,control,0.0033735
48,169,control,0.003361
0,17,control,0.0026105
3,17,control,0.0026185
6,17,control,0.0025795
9,17,control,0.002595
12,17,control,0.002605
15,17,control,0.0026355
18,17,control,0.0026125
21,17,control,0.002588
24,17,control,0.002622
27,17,control,0.002611
30,17,control,0.00261
33,17,control,0.0026505
36,17,control,0.0026285
39,17,control,0.0026245
42,17,control,0.002603
45,17,control,0.002641
48,17,control,0.002588
0,170,control,0.0011845
3,170,control,0.0011815
6,170,control,0.0011915
9,170,control,0.0011995
12,170,control,0.0011885
15,170,control,0.0011575
18,170,control,0.0011665
21,170,control,0.001179
24,170,control,0.001199
27,170,control,0.001176
30,170,control,0.0011635
33,170,control,0.001168
36,170,control,0.0011775
39,170,control,0.001156
42,170,control,0.0011815
45,170,control,0.0011715
48,170,control,0.0011755
0,171,control,0.0023165
3,171,control,0.0022825
6,171,control,0.0023015
9,171,control,0.002291
12,171,control,0.002314
15,171,control,0.0022995
18,171,control,0.0023175
21,171,control,0.0022835
24,171,control,0.0023025
27,171,control,0.002302
30,171,control,0.00233
33,171,control,0.002309
36,171,control,0.002331
39,171,control,0.002273
42,171,control,0.002306
45,171,control,0.002325
48,171,control,0.002295
0,172,control,6.645e-4
3,172,control,6.615e-4
6,172,control,6.56e-4
9,172,control,6.545e-4
12,172,control,6.735e-4
15,172,control,6.61e-4
18,172,control,6.495e-4
21,172,control,6.685e-4
24,172,control,6.67e-4
27,172,control,6.725e-4
30,172,control,6.61e-4
33,172,control,6.5e-4
36,172,control,6.81e-4
39,172,control,6.555e-4
42,172,control,6.745e-4
45,172,control,6.555e-4
48,172,control,6.67e-4
0,173,control,0.002485
3,173,control,0.0024985
6,173,control,0.0024685
9,173,control,0.002504
12,173,control,0.002487
15,173,control,0.0024815
18,173,control,0.002472
21,173,control,0.002479
24,173,control,0.0024895
27,173,control,0.002482
30,173,control,0.00251
33,173,control,0.0024645
36,173,control,0.0025015
39,173,control,0.0024825
42,173,control,0.0024885
45,173,control,0.0024915
48,173,control,0.0024715
0,174,control,0.0029635
3,174,control,0.002931
6,174,control,0.0029665
9,174,control,0.002974
12,174,control,0.0029545
15,174,control,0.002978
18,174,control,0.00296
21,174,control,0.0029695
24,174,control,0.002986
27,174,control,0.0029645
30,174,control,0.0029535
33,174,control,0.0029625
36,174,control,0.002964
39,174,control,0.0029625
42,174,control,0.002972
45,174,control,0.002972
48,174,control,0.0029705
0,175,control,0.0059815
3,175,control,0.005994
6,175,control,0.0059935
9,175,control,0.0059705
12,175,control,0.005983
15,175,control,0.0059815
18,175,control,0.00598
21,175,control,0.006019
24,175,control,0.005934
27,175,control,0.005978
30,175,control,0.0059905
33,175,control,0.0059965
36,175,control,0.005998
39,175,control,0.00595
42,175,control,0.0059935
45,175,control,0.006009
48,175,control,0.005988
0,176,control,0.0033635
3,176,control,0.0033555
6,176,control,0.0032965
9,176,control,0.003366
12,176,control,0.0033425
15,176,control,0.0033445
18,176,control,0.003353
21,176,control,0.0033355
24,176,control,0.0033595
27,176,control,0.003327
30,176,control,0.0033285
33,176,control,0.0033435
36,176,control,0.0033315
39,176,control,0.003328
42,176,control,0.0033265
45,176,control,0.0033205
48,176,control,0.0033155
0,177,control,0.0017535
3,177,control,0.0017325
6,177,control,0.001765
9,177,control,0.0017605
12,177,control,0.0017695
15,177,control,0.001748
18,177,control,0.00174
21,177,control,0.001774
24,177,control,0.001741
27,177,control,0.0017285
30,177,control,0.0017235
33,177,control,0.0017695
36,177,control,0.001758
39,177,control,0.001738
42,177,control,0.001753
45,177,control,0.0017305
48,177,control,0.0017575
0,178,control,0.001565
3,178,control,0.0015545
6,178,control,0.001555
9,178,control,0.00156
12,178,control,0.0015455
15,178,control,0.0015615
18,178,control,0.001576
21,178,control,0.0015585
24,178,control,0.001548
27,178,control,0.001548
30,178,control,0.0015435
33,178,control,0.001545
36,178,control,0.0015595
39,178,control,0.0015265
42,178,control,0.001531
45,178,control,0.0015375
48,178,control,0.0015505
0,179,control,0.003393
3,179,control,0.003399
6,179,control,0.0033605
9,179,control,0.003384
12,179,control,0.003354
15,179,control,0.0033645
18,179,control,0.0033855
21,179,control,0.003372
24,179,control,0.0034025
27,179,control,0.0034035
30,179,control,0.0033715
33,179,control,0.003379
36,179,control,0.003408
39,179,control,0.003397
42,179,control,0.003397
45,179,control,0.0033965
48,179,control,0.0034295
0,18,control,0.0025405
3,18,control,0.002568
6,18,control,0.002529
9,18,control,0.0025385
12,18,control,0.0025455
15,18,control,0.0025465
18,18,control,0.002542
21,18,control,0.0025335
24,18,control,0.002543
27,18,control,0.002528
30,18,control,0.002551
33,18,control,0.0025195
36,18,control,0.0025185
39,18,control,0.002512
42,18,control,0.0025155
45,18,control,0.002526
48,18,control,0.0025315
0,180,control,0.0012085
3,180,control,0.0012155
6,180,control,0.0012045
9,180,control,0.0012185
12,180,control,0.001209
15,180,control,0.001218
18,180,control,0.0012195
21,180,control,0.001193
24,180,control,0.0012155
27,180,control,0.0012175
30,180,control,0.001206
33,180,control,0.0012175
36,180,control,0.001193
39,180,control,0.0012285
42,180,control,0.001212
45,180,control,0.001213
48,180,control,0.0012325
0,181,control,0.0043005
3,181,control,0.0042925
6,181,control,0.0042985
9,181,control,0.0043195
12,181,control,0.004302
15,181,control,0.004292
18,181,control,0.004331
21,181,control,0.0042535
24,181,control,0.004268
27,181,control,0.0042975
30,181,control,0.004305
33,181,control,0.004256
36,181,control,0.0042485
39,181,control,0.0042575
42,181,control,0.0042835
45,181,control,0.004266
48,181,control,0.0042865
0,182,control,0.001984
3,182,control,0.001976
6,182,control,0.001967
9,182,control,0.0019845
12,182,control,0.0019705
15,182,control,0.0019765
18,182,control,0.0019755
21,182,control,0.0019785
24,182,control,0.002
27,182,control,0.001968
30,182,control,0.00197
33,182,control,0.0019795
36,182,control,0.0020055
39,182,control,0.0019445
42,182,control,0.001993
45,182,control,0.0019645
48,182,control,0.001989
0,183,control,0.009321
3,183,control,0.009266
6,183,control,0.0092845
9,183,control,0.009306
12,183,control,0.009238
15,183,control,0.0092635
18,183,control,0.009354
21,183,control,0.0092855
24,183,control,0.0092315
27,183,control,0.009259
30,183,control,0.00925
33,183,control,0.009293
36,183,control,0.0093095
39,183,control,0.0092725
42,183,control,0.0092755
45,183,control,0.009326
48,183,control,0.0092545
0,184,control,0.0015735
3,184,control,0.001571
6,184,control,0.001536
9,184,control,0.001558
12,184,control,0.0015595
15,184,control,0.00155
18,184,control,0.001557
21,184,control,0.0015635
24,184,control,0.00154
27,184,control,0.001543
30,184,control,0.0015755
33,184,control,0.001563
36,184,control,0.001532
39,184,control,0.0015415
42,184,control,0.0015445
45,184,control,0.0015675
48,184,control,0.00155
0,185,control,0.003886
3,185,control,0.003868
6,185,control,0.0038485
9,185,control,0.00388
12,185,control,0.0038455
15,185,control,0.003871
18,185,control,0.0039115
21,185,control,0.0038755
24,185,control,0.003903
27,185,control,0.003905
30,185,control,0.0038905
33,185,control,0.003859
36,185,control,0.0038745
39,185,control,0.003858
42,185,control,0.003877
45,185,control,0.0039
48,185,control,0.0038875
0,186,control,0.003381
3,186,control,0.0033385
6,186,control,0.0033395
9,186,control,0.00333
12,186,control,0.003361
15,186,control,0.0033585
18,186,control,0.003362
21,186,control,0.003366
24,186,control,0.0033865
27,186,control,0.0033595
30,186,control,0.003356
33,186,control,0.0033255
36,186,control,0.0033805
39,186,control,0.003376
42,186,control,0.0033215
45,186,control,0.0033645
48,186,control,0.003406
0,187,control,0.004823
3,187,control,0.004879
6,187,control,0.0048765
9,187,control,0.004859
12,187,control,0.0048955
15,187,control,0.0049065
18,187,control,0.004847
21,187,control,0.0048725
24,187,control,0.0048585
27,187,control,0.00482
30,187,control,0.004847
33,187,control,0.0048935
36,187,control,0.0048415
39,187,control,0.004823
42,187,control,0.004846
45,187,control,0.0048415
48,187,control,0.004849
0,188,control,0.002208
3,188,control,0.002209
6,188,control,0.0022295
9,188,control,0.0022015
12,188,control,0.0021955
15,188,control,0.0022145
18,188,control,0.00217
21,188,control,0.002228
24,188,control,0.002216
27,188,control,0.0021725
30,188,control,0.00224
33,188,control,0.002201
36,188,control,0.002211
39,188,control,0.0022145
42,188,control,0.002206
45,188,control,0.0022055
48,188,control,0.0022355
0,189,control,0.004303
3,189,control,0.004262
6,189,control,0.004283
9,189,control,0.0042885
12,189,control,0.004321
15,189,control,0.0042805
18,189,control,0.004345
21,189,control,0.0042955
24,189,control,0.0042885
27,189,control,0.004283
30,189,control,0.004264
33,189,control,0.004275
36,189,control,0.004287
39,189,control,0.0042855
42,189,control,0.004226
45,189,control,0.0042795
48,189,control,0.004314
0,19,control,0.001115
3,19,control,0.001109
6,19,control,0.0011065
9,19,control,0.001119
12,19,control,0.001107
15,19,control,0.001112
18,19,control,0.001092
21,19,control,0.001131
24,19,control,0.0011245
27,19,control,0.00109
30,19,control,0.0011205
33,19,control,0.001121
36,19,control,0.0011155
39,19,control,0.00109
42,19,control,0.0011245
45,19,control,0.001115
48,19,control,0.0011195
0,190,control,0.0020575
3,190,control,0.002081
6,190,control,0.0020835
9,190,control,0.002076
12,190,control,0.0020445
15,190,control,0.002055
18,190,control,0.002069
21,190,control,0.002107
24,190,control,0.0020955
27,190,control,0.0020635
30,190,control,0.0020735
33,190,control,0.0020685
36,190,control,0.0020995
39,190,control,0.002052
42,190,control,0.002058
45,190,control,0.002069
48,190,control,0.0020945
0,191,control,0.0031835
3,191,control,0.0031785
6,191,control,0.003154
9,191,control,0.003165
12,191,control,0.003197
15,191,control,0.0031625
18,191,control,0.003176
21,191,control,0.0031865
24,191,control,0.003171
27,191,control,0.0031605
30,191,control,0.0031885
33,191,control,0.003204
36,191,control,0.0031905
39,191,control,0.003169
42,191,control,0.0031405
45,191,control,0.0031915
48,191,control,0.0031975
0,192,control,0.0017855
3,192,control,0.0018015
6,192,control,0.001804
9,192,control,0.0017925
12,192,control,0.001778
15,192,control,0.001783
18,192,control,0.0017785
21,192,control,0.001798
24,192,control,0.0018125
27,192,control,0.001817
30,192,control,0.0018005
33,192,control,0.0018245
36,192,control,0.0018405
39,192,control,0.001815
42,192,control,0.001785
45,192,control,0.0018265
48,192,control,0.001799
0,193,control,0.00234
3,193,control,0.002358
6,193,control,0.0023315
9,193,control,0.002343
12,193,control,0.0023525
15,193,control,0.002296
18,193,control,0.002325
21,193,control,0.0023365
24,193,control,0.0023335
27,193,control,0.0023405
30,193,control,0.0023415
33,193,control,0.0023505
36,193,control,0.002313
39,193,control,0.0023395
42,193,control,0.0023665
45,193,control,0.002321
48,193,control,0.002342
0,194,control,0.003778
3,194,control,0.003754
6,194,control,0.0037635
9,194,control,0.0037815
12,194,control,0.003789
15,194,control,0.0037365
18,194,control,0.0037955
21,194,control,0.003757
24,194,control,0.0037875
27,194,control,0.003761
30,194,control,0.0037495
33,194,control,0.003787
36,194,control,0.003763
39,194,control,0.0037745
42,194,control,0.0037755
45,194,control,0.003773
48,194,control,0.003771
0,195,control,0.0019195
3,195,control,0.0019015
6,195,control,0.001872
9,195,control,0.001901
12,195,control,0.0019295
15,195,control,0.0019035
18,195,control,0.001895
21,195,control,0.001884
24,195,control,0.0019085
27,195,control,0.00188
30,195,control,0.001936
33,195,control,0.0019275
36,195,control,0.001902
39,195,control,0.0019015
42,195,control,0.001897
45,195,control,0.0019245
48,195,control,0.0019175
0,196,control,0.0020415
3,196,control,0.0020185
6,196,control,0.002022
9,196,control,0.0020235
12,196,control,0.0020125
15,196,control,0.002019
18,196,control,0.002016
21,196,control,0.0020325
24,196,control,0.0020415
27,196,control,0.002035
30,196,control,0.0020305
33,196,control,0.002055
36,196,control,0.0020815
39,196,control,0.002002
42,196,control,0.0020285
45,196,control,0.0020545
48,196,control,0.002041
0,197,control,0.0018965
3,197,control,0.0018985
6,197,control,0.001892
9,197,control,0.001864
12,197,control,0.0018955
15,197,control,0.00191
18,197,control,0.0018885
21,197,control,0.0018815
24,197,control,0.001898
27,197,control,0.001876
30,197,control,0.0018775
33,197,control,0.0018905
36,197,control,0.0018975
39,197,control,0.00188
42,197,control,0.001834
45,197,control,0.0018565
48,197,control,0.001888
0,198,control,0.002564
3,198,control,0.0025445
6,198,control,0.002545
9,198,control,0.0025275
12,198,control,0.002571
15,198,control,0.0025525
18,198,control,0.0025495
21,198,control,0.0025255
24,198,control,0.0025375
27,198,control,0.0025605
30,198,control,0.0025435
33,198,control,0.0025375
36,198,control,0.0025445
39,198,control,0.002558
42,198,control,0.0025495
45,198,control,0.002511
48,198,control,0.0025075
0,199,control,0.003839
3,199,control,0.0038135
6,199,control,0.003849
9,199,control,0.003803
12,199,control,0.0038275
15,199,control,0.003817
18,199,control,0.003815
21,199,control,0.003838
24,199,control,0.003832
27,199,control,0.0038485
30,199,control,0.0038535
33,199,control,0.003791
36,199,control,0.0038415
39,199,control,0.00381
42,199,control,0.0038485
45,199,control,0.003801
48,199,control,0.0038075
0,2,control,0.0018600000000000001
3,2,control,0.0018405
6,2,control,0.0018495
9,2,control,0.0018685
12,2,control,0.0018565
15,2,control,0.001833
18,2,control,0.0018765
21,2,control,0.0018645
24,2,control,0.001867
27,2,control,0.0018925
30,2,control,0.001838
33,2,control,0.0018575
36,2,control,0.001886
39,2,control,0.001836
42,2,control,0.0018535
45,2,control,0.0018525
48,2,control,0.001877
0,20,control,0.004408
3,20,control,0.0043935
6,20,control,0.004396
9,20,control,0.0044145
12,20,control,0.0044295
15,20,control,0.004424
18,20,control,0.004393
21,20,control,0.004439
24,20,control,0.0044055
27,20,control,0.0044205
30,20,control,0.004377
33,20,control,0.004427
36,20,control,0.0043945
39,20,control,0.004409
42,20,control,0.004393
45,20,control,0.0044
48,20,control,0.004406
0,200,control,0.0012365
3,200,control,0.001215
6,200,control,0.0011835
9,200,control,0.0012175
12,200,control,0.0012115
15,200,control,0.001214
18,200,control,0.00119
21,200,control,0.001187
24,200,control,0.0012235
27,200,control,0.0012285
30,200,control,0.0012065
33,200,control,0.0011935
36,200,control,0.001206
39,200,control,0.001199
42,200,control,0.001205
45,200,control,0.0012095
48,200,control,0.0012265
0,21,control,0.0012505
3,21,control,0.001244
6,21,control,0.001257
9,21,control,0.001262
12,21,control,0.0012475
15,21,control,0.0012535
18,21,control,0.0012415
21,21,control,0.0012525
24,21,control,0.0012595
27,21,control,0.0012135
30,21,control,0.0012375
33,21,control,0.0012465
36,21,control,0.0012405
39,21,control,0.00124
42,21,control,0.0012445
45,21,control,0.001254
48,21,control,0.001258
0,22,control,0.001599
3,22,control,0.0016105
6,22,control,0.001575
9,22,control,0.001567
12,22,control,0.0015855
15,22,control,0.0015905
18,22,control,0.00157
21,22,control,0.0015705
24,22,control,0.001594
27,22,control,0.001625
30,22,control,0.0015855
33,22,control,0.001602
36,22,control,0.001597
39,22,control,0.001576
42,22,control,0.001595
45,22,control,0.001591
48,22,control,0.0016105
0,23,control,0.0033915
3,23,control,0.0034125
6,23,control,0.0034175
9,23,control,0.003421
12,23,control,0.0034085
15,23,control,0.0033815
18,23,control,0.00337
21,23,control,0.003425
24,23,control,0.003422
27,23,control,0.0033755
30,23,control,0.003372
33,23,control,0.003387
36,23,control,0.003364
39,23,control,0.0034095
42,23,control,0.003362
45,23,control,0.0033935
48,23,control,0.0034255
0,24,control,0.0026035
3,24,control,0.0026095
6,24,control,0.0026055
9,24,control,0.002601
12,24,control,0.002584
15,24,control,0.0025975
18,24,control,0.0025605
21,24,control,0.0026115
24,24,control,0.0026125
27,24,control,0.002571
30,24,control,0.002582
33,24,control,0.0026005
36,24,control,0.002622
39,24,control,0.0025795
42,24,control,0.002609
45,24,control,0.002573
48,24,control,0.0026115
0,25,control,0.0017145
3,25,control,0.001737
6,25,control,0.00171
9,25,control,0.0017175
12,25,control,0.001747
15,25,control,0.001707
18,25,control,0.0016865
21,25,control,0.0017065
24,25,control,0.0017195000000000001
27,25,control,0.001704
30,25,control,0.0017175
33,25,control,0.0017165
36,25,control,0.001711
39,25,control,0.001674
42,25,control,0.0016875
45,25,control,0.0017085
48,25,control,0.0017015
0,26,control,0.003197
3,26,control,0.003133
6,26,control,0.003203
9,26,control,0.0031745
12,26,control,0.0031925
15,26,control,0.0031495
18,26,control,0.003152
21,26,control,0.003138
24,26,control,0.003163
27,26,control,0.003153
30,26,control,0.003193
33,26,control,0.003179
36,26,control,0.003162
39,26,control,0.0031735
42,26,control,0.003129
45,26,control,0.0031805
48,26,control,0.0032075
0,27,control,0.001902
3,27,control,0.0019035
6,27,control,0.001893
9,27,control,0.001914
12,27,control,0.001898
15,27,control,0.0018955
18,27,control,0.0018845
21,27,control,0.001906
24,27,control,0.0019045
27,27,control,0.0019205
30,27,control,0.001908
33,27,control,0.001904
36,27,control,0.001912
39,27,control,0.001904
42,27,control,0.001881
45,27,control,0.0019415
48,27,control,0.001916
0,28,control,0.0064195
3,28,control,0.0063555
6,28,control,0.006395
9,28,control,0.0064545
12,28,control,0.0063805
15,28,control,0.006402
18,28,control,0.006405
21,28,control,0.0063985
24,28,control,0.0064265
27,28,control,0.006369
30,28,control,0.006402
33,28,control,0.006446
36,28,control,0.006425
39,28,control,0.0064365
42,28,control,0.006355
45,28,control,0.0064095
48,28,control,0.006381
0,29,control,0.0011125
3,29,control,0.0011335
6,29,control,0.001131
9,29,control,0.001148
12,29,control,0.0011565
15,29,control,0.001144
18,29,control,0.001142
21,29,control,0.0011405
24,29,control,0.0011495
27,29,control,0.0011505
30,29,control,0.0011175
33,29,control,0.0011275
36,29,control,0.001119
39,29,control,0.0011295
42,29,control,0.001129
45,29,control,0.001135
48,29,control,0.00113
0,3,control,0.004716
3,3,control,0.0046965
6,3,control,0.0046965
9,3,control,0.004734
12,3,control,0.0047115
15,3,control,0.0047485
18,3,control,0.0046675
21,3,control,0.004692
24,3,control,0.0047035
27,3,control,0.004685
30,3,control,0.004682
33,3,control,0.0047055
36,3,control,0.004649
39,3,control,0.004681
42,3,control,0.0046565
45,3,control,0.004715
48,3,control,0.0046965
0,30,control,0.0022935
3,30,control,0.002278
6,30,control,0.002261
9,30,control,0.002273
12,30,control,0.0022965
15,30,control,0.0022945
18,30,control,0.002313
21,30,control,0.0023145
24,30,control,0.0022995
27,30,control,0.0022755
30,30,control,0.0023045
33,30,control,0.0022695
36,30,control,0.0022865
39,30,control,0.0023025
42,30,control,0.002286
45,30,control,0.0022835
48,30,control,0.0022915
0,31,control,0.001882
3,31,control,0.0018755
6,31,control,0.0019095
9,31,control,0.001898
12,31,control,0.0018965
15,31,control,0.001883
18,31,control,0.001871
21,31,control,0.001892
24,31,control,0.00187
27,31,control,0.0018625
30,31,control,0.00184
33,31,control,0.0018805
36,31,control,0.0018775
39,31,control,0.0019015
42,31,control,0.0018835
45,31,control,0.001887
48,31,control,0.0018625
0,32,control,0.0028975
3,32,control,0.0029
6,32,control,0.002892
9,32,control,0.0029135
12,32,control,0.002898
15,32,control,0.002867
18,32,control,0.002898
21,32,control,0.002869
24,32,control,0.002866
27,32,control,0.0029155
30,32,control,0.002874
33,32,control,0.0028925
36,32,control,0.0028945
39,32,control,0.002875
42,32,control,0.0028895
45,32,control,0.0028765
48,32,control,0.002856
0,33,control,0.00123
3,33,control,0.0012395
6,33,control,0.0012355
9,33,control,0.00125
12,33,control,0.001252
15,33,control,0.001237
18,33,control,0.0012395
21,33,control,0.001252
24,33,control,0.001265
27,33,control,0.001223
30,33,control,0.001238
33,33,control,0.0012225
36,33,control,0.0012415
39,33,control,0.001235
42,33,control,0.0012405
45,33,control,0.0012615
48,33,control,0.0012435
0,34,control,8.98e-4
3,34,control,8.855e-4
6,34,control,9.02e-4
9,34,control,8.98e-4
12,34,control,8.875e-4
15,34,control,8.85e-4
18,34,control,9.055e-4
21,34,control,8.905e-4
24,34,control,9.005e-4
27,34,control,9.015e-4
30,34,control,9.155e-4
33,34,control,8.97e-4
36,34,control,8.995e-4
39,34,control,8.9e-4
42,34,control,8.955e-4
45,34,control,8.96e-4
48,34,control,8.84e-4
0,35,control,0.0016015
3,35,control,0.001597
6,35,control,0.0015790000000000001
9,35,control,0.0015745
12,35,control,0.0015835
15,35,control,0.001605
18,35,control,0.001566
21,35,control,0.001562
24,35,control,0.0015895
27,35,control,0.0015845
30,35,control,0.0015745
33,35,control,0.0015875
36,35,control,0.0016065
39,35,control,0.001598
42,35,control,0.001586
45,35,control,0.001592
48,35,control,0.001581
0,36,control,0.002115
3,36,control,0.0021285
6,36,control,0.0021225
9,36,control,0.002149
12,36,control,0.0021535
15,36,control,0.0021375
18,36,control,0.0021485
21,36,control,0.0021455
24,36,control,0.0021475
27,36,control,0.0021125
30,36,control,0.002124
33,36,control,0.0021245
36,36,control,0.0021135
39,36,control,0.0021085
42,36,control,0.0021435
45,36,control,0.0021635
48,36,control,0.002169
0,37,control,0.0049275
3,37,control,0.004889
6,37,control,0.0048775
9,37,control,0.004894
12,37,control,0.004847
15,37,control,0.0048945
18,37,control,0.004877
21,37,control,0.004867
24,37,control,0.004875
27,37,control,0.0048725
30,37,control,0.0048615
33,37,control,0.00489
36,37,control,0.0048595
39,37,control,0.004905
42,37,control,0.004901
45,37,control,0.004878
48,37,control,0.004954
0,38,control,0.005974
3,38,control,0.005992
6,38,control,0.005997
9,38,control,0.0059345
12,38,control,0.0059935
15,38,control,0.005941
18,38,control,0.005948
21,38,control,0.0059835
24,38,control,0.005976
27,38,control,0.0059335
30,38,control,0.0059825
33,38,control,0.0059365
36,38,control,0.005972
39,38,control,0.0059555
42,38,control,0.005941
45,38,control,0.005972
48,38,control,0.00592
0,39,control,0.0030755
3,39,control,0.0030745
6,39,control,0.003099
9,39,control,0.003077
12,39,control,0.0030885
15,39,control,0.003072
18,39,control,0.003081
21,39,control,0.003104
24,39,control,0.0030855
27,39,control,0.003097
30,39,control,0.003095
33,39,control,0.003086
36,39,control,0.0030575
39,39,control,0.003084
42,39,control,0.003074
45,39,control,0.0031105
48,39,control,0.003064
0,4,control,0.003873
3,4,control,0.0038915
6,4,control,0.0039085
9,4,control,0.003872
12,4,control,0.003905
15,4,control,0.00386
18,4,control,0.003874
21,4,control,0.003895
24,4,control,0.003917
27,4,control,0.003864
30,4,control,0.003882
33,4,control,0.0038915
36,4,control,0.0038805
39,4,control,0.00388
42,4,control,0.003897
45,4,control,0.003866
48,4,control,0.0039115
0,40,control,8.76e-4
3,40,control,8.805e-4
6,40,control,8.865e-4
9,40,control,8.805e-4
12,40,control,8.76e-4
15,40,control,8.925e-4
18,40,control,8.84e-4
21,40,control,8.815e-4
24,40,control,8.77e-4
27,40,control,8.69e-4
30,40,control,8.93e-4
33,40,control,8.55e-4
36,40,control,8.92e-4
39,40,control,8.895e-4
42,40,control,8.82e-4
45,40,control,8.745e-4
48,40,control,8.905e-4
0,41,control,0.0030715
3,41,control,0.0030555
6,41,control,0.0029995
9,41,control,0.003019
12,41,control,0.003026
15,41,control,0.003036
18,41,control,0.0030105
21,41,control,0.0030445
24,41,control,0.003017
27,41,control,0.0030335
30,41,control,0.00302
33,41,control,0.003018
36,41,control,0.0030425
39,41,control,0.003046
42,41,control,0.0030035
45,41,control,0.0030535
48,41,control,0.0030075
0,42,control,0.001574
3,42,control,0.001544
6,42,control,0.001563
9,42,control,0.0015635
12,42,control,0.0015815
15,42,control,0.0015495
18,42,control,0.001555
21,42,control,0.0015735
24,42,control,0.001575
27,42,control,0.001568
30,42,control,0.00158
33,42,control,0.0015645
36,42,control,0.0015835
39,42,control,0.0015645
42,42,control,0.001589
45,42,control,0.001564
48,42,control,0.0015485
0,43,control,0.0025055
3,43,control,0.002505
6,43,control,0.0024515
9,43,control,0.002475
12,43,control,0.002502
15,43,control,0.002478
18,43,control,0.0024475
21,43,control,0.002487
24,43,control,0.002474
27,43,control,0.0024975
30,43,control,0.0025135
33,43,control,0.0024735
36,43,control,0.0024905
39,43,control,0.002476
42,43,control,0.002478
45,43,control,0.002474
48,43,control,0.0024775
0,44,control,0.0033845
3,44,control,0.0033535
6,44,control,0.003398
9,44,control,0.0033335
12,44,control,0.0033435
15,44,control,0.0033115
18,44,control,0.0033505
21,44,control,0.003345
24,44,control,0.0033925
27,44,control,0.003379
30,44,control,0.003363
33,44,control,0.003371
36,44,control,0.003353
39,44,control,0.0033505
42,44,control,0.003338
45,44,control,0.0033385
48,44,control,0.003349
0,45,control,0.001436
3,45,control,0.001416
6,45,control,0.0014215
9,45,control,0.001409
12,45,control,0.001428
15,45,control,0.0014105
18,45,control,0.0014195
21,45,control,0.0014165
24,45,control,0.001414
27,45,control,0.001421
30,45,control,0.0014125
33,45,control,0.001422
36,45,control,0.001387
39,45,control,0.0014075
42,45,control,0.001411
45,45,control,0.001406
48,45,control,0.001427
0,46,control,0.0027155
3,46,control,0.0027155
6,46,control,0.0026685
9,46,control,0.002709
12,46,control,0.0026885
15,46,control,0.0027335
18,46,control,0.0027
21,46,control,0.002695
24,46,control,0.0026545
27,46,control,0.002715
30,46,control,0.002673
33,46,control,0.0027075
36,46,control,0.002664
39,46,control,0.002686
42,46,control,0.002676
45,46,control,0.002708
48,46,control,0.002708
0,47,control,0.0030385
3,47,control,0.0030625
6,47,control,0.003064
9,47,control,0.0030555
12,47,control,0.0030765
15,47,control,0.003064
18,47,control,0.0030305
21,47,control,0.003059
24,47,control,0.0030625
27,47,control,0.0030585
30,47,control,0.003045
33,47,control,0.0030415
36,47,control,0.003067
39,47,control,0.0030515
42,47,control,0.003034
45,47,control,0.003067
48,47,control,0.003074
0,48,control,0.002429
3,48,control,0.0024425
6,48,control,0.0024185
9,48,control,0.0024265
12,48,control,0.002432
15,48,control,0.002413
18,48,control,0.002431
21,48,control,0.0024055
24,48,control,0.002432
27,48,control,0.002429
30,48,control,0.0024
33,48,control,0.0024325
36,48,control,0.002421
39,48,control,0.0023935
42,48,control,0.0024185
45,48,control,0.0024235
48,48,control,0.002431
0,49,control,0.002818
3,49,control,0.002832
6,49,control,0.0028505
9,49,control,0.002824
12,49,control,0.002818
15,49,control,0.0028325
18,49,control,0.002788
21,49,control,0.0028375
24,49,control,0.002825
27,49,control,0.002839
30,49,control,0.002797
33,49,control,0.0027765
36,49,control,0.00284
39,49,control,0.002794
42,49,control,0.002826
45,49,control,0.002809
48,49,control,0.0028305
0,5,control,9.76e-4
3,5,control,9.705e-4
6,5,control,9.49e-4
9,5,control,9.43e-4
12,5,control,9.585e-4
15,5,control,9.51e-4
18,5,control,9.725e-4
21,5,control,9.535e-4
24,5,control,9.645e-4
27,5,control,9.5e-4
30,5,control,9.695e-4
33,5,control,9.605e-4
36,5,control,9.645e-4
39,5,control,9.735e-4
42,5,control,9.545e-4
45,5,control,9.815e-4
48,5,control,9.725e-4
0,50,control,0.0022995
3,50,control,0.002276
6,50,control,0.0023015
9,50,control,0.0023025
12,50,control,0.0022705
15,50,control,0.0022335
18,50,control,0.002275
21,50,control,0.002278
24,50,control,0.0022855
27,50,control,0.0022925
30,50,control,0.002265
33,50,control,0.0022765
36,50,control,0.0022655
39,50,control,0.0022665
42,50,control,0.002254
45,50,control,0.002234
48,50,control,0.0022775
0,51,control,0.007507
3,51,control,0.00748
6,51,control,0.007448
9,51,control,0.0074875
12,51,control,0.0075115
15,51,control,0.0075025
18,51,control,0.0074765
21,51,control,0.0075215
24,51,control,0.007475
27,51,control,0.0074675
30,51,control,0.0074905
33,51,control,0.0074795
36,51,control,0.0075455
39,51,control,0.007505
42,51,control,0.007502
45,51,control,0.007534
48,51,control,0.0074715
0,52,control,0.0053435
3,52,control,0.0053385
6,52,control,0.005326
9,52,control,0.0052875
12,52,control,0.0053725
15,52,control,0.0054005
18,52,control,0.005365
21,52,control,0.005349
24,52,control,0.0053765
27,52,control,0.005328
30,52,control,0.0053445
33,52,control,0.0053715
36,52,control,0.005381
39,52,control,0.005356
42,52,control,0.005372
45,52,control,0.0053745
48,52,control,0.0053195
0,53,control,0.001575
3,53,control,0.0015605
6,53,control,0.0015775
9,53,control,0.0015655
12,53,control,0.001568
15,53,control,0.0015705
18,53,control,0.001582
21,53,control,0.001563
24,53,control,0.001566
27,53,control,0.001551
30,53,control,0.001562
33,53,control,0.0015555
36,53,control,0.0015445
39,53,control,0.0015545
42,53,control,0.0015425
45,53,control,0.0015695
48,53,control,0.0015785
0,54,control,0.002722
3,54,control,0.0027085
6,54,control,0.0026995
9,54,control,0.0027105
12,54,control,0.0027265
15,54,control,0.002705
18,54,control,0.0027285
21,54,control,0.0027145
24,54,control,0.0027355
27,54,control,0.0027135
30,54,control,0.002732
33,54,control,0.0027255
36,54,control,0.0027265
39,54,control,0.002703
42,54,control,0.0027245
45,54,control,0.002706
48,54,control,0.0027085
0,55,control,0.001975
3,55,control,0.001999
6,55,control,0.002034
9,55,control,0.002001
12,55,control,0.002011
15,55,control,0.0019915
18,55,control,0.0020135
21,55,control,0.0020065
24,55,control,0.0019985
27,55,control,0.0019815
30,55,control,0.001982
33,55,control,0.0019905
36,55,control,0.0019745
39,55,control,0.002027
42,55,control,0.002008
45,55,control,0.0020025
48,55,control,0.0020255
0,56,control,0.002478
3,56,control,0.0024265
6,56,control,0.0024555
9,56,control,0.002458
12,56,control,0.0024695
15,56,control,0.0024575
18,56,control,0.002452
21,56,control,0.002481
24,56,control,0.002482
27,56,control,0.0024455
30,56,control,0.002466
33,56,control,0.0024335
36,56,control,0.002477
39,56,control,0.002476
42,56,control,0.0024265
45,56,control,0.002479
48,56,control,0.002455
0,57,control,0.002196
3,57,control,0.0021775
6,57,control,0.002149
9,57,control,0.0022
12,57,control,0.0021905
15,57,control,0.0021835
18,57,control,0.0021715
21,57,control,0.0021945
24,57,control,0.0021635
27,57,control,0.002164
30,57,control,0.002152
33,57,control,0.0021745
36,57,control,0.002179
39,57,control,0.002189
42,57,control,0.002163
45,57,control,0.002189
48,57,control,0.0021755
0,58,control,0.0026175
3,58,control,0.0026265
6,58,control,0.002629
9,58,control,0.0026195
12,58,control,0.002594
15,58,control,0.002609
18,58,control,0.002619
21,58,control,0.002614
24,58,control,0.002626
27,58,control,0.002559
30,58,control,0.002583
33,58,control,0.0026485
36,58,control,0.0025875
39,58,control,0.0026385
42,58,control,0.002621
45,58,control,0.002636
48,58,control,0.002629
0,59,control,0.003087
3,59,control,0.0031115
6,59,control,0.003105
9,59,control,0.0031165
12,59,control,0.00312
15,59,control,0.0031055
18,59,control,0.003105
21,59,control,0.0030845
24,59,control,0.003137
27,59,control,0.0031015
30,59,control,0.0031255
33,59,control,0.0030855
36,59,control,0.0030995
39,59,control,0.0031085
42,59,control,0.003083
45,59,control,0.0031195
48,59,control,0.003088
0,6,control,0.0032585
3,6,control,0.003266
6,6,control,0.0032745
9,6,control,0.003268
12,6,control,0.0033015
15,6,control,0.0033005
18,6,control,0.003247
21,6,control,0.003315
24,6,control,0.003295
27,6,control,0.0032935
30,6,control,0.0032915
33,6,control,0.0033
36,6,control,0.0033085
39,6,control,0.003293
42,6,control,0.0032835
45,6,control,0.003285
48,6,control,0.0032895
0,60,control,0.0014035
3,60,control,0.0014
6,60,control,0.0013795
9,60,control,0.0013945
12,60,control,0.001387
15,60,control,0.001377
18,60,control,0.001405
21,60,control,0.0013975
24,60,control,0.001372
27,60,control,0.0013615
30,60,control,0.001367
33,60,control,0.001382
36,60,control,0.0013825
39,60,control,0.0013675
42,60,control,0.001369
45,60,control,0.0013705
48,60,control,0.0013795
0,61,control,0.0023185
3,61,control,0.0023285
6,61,control,0.0023295
9,61,control,0.0023505
12,61,control,0.0023295
15,61,control,0.0022995
18,61,control,0.0023075
21,61,control,0.0023425
24,61,control,0.0022995
27,61,control,0.0023045
30,61,control,0.002283
33,61,control,0.0023305
36,61,control,0.002314
39,61,control,0.002336
42,61,control,0.002291
45,61,control,0.00232
48,61,control,0.0023125
0,62,control,0.0019025
3,62,control,0.001899
6,62,control,0.0019135
9,62,control,0.0018915
12,62,control,0.001917
15,62,control,0.0018975
18,62,control,0.001915
21,62,control,0.001923
24,62,control,0.001913
27,62,control,0.0019065
30,62,control,0.0018925
33,62,control,0.0019135
36,62,control,0.001921
39,62,control,0.0019515
42,62,control,0.001896
45,62,control,0.0019
48,62,control,0.0019375
0,63,control,0.00938
3,63,control,0.0093435
6,63,control,0.0092415
9,63,control,0.009324
12,63,control,0.009259
15,63,control,0.0092955
18,63,control,0.0092505
21,63,control,0.0093065
24,63,control,0.009272
27,63,control,0.009364
30,63,control,0.0093485
33,63,control,0.0093465
36,63,control,0.009283
39,63,control,0.0093425
42,63,control,0.0092905
45,63,control,0.009283
48,63,control,0.0093185
0,64,control,0.001376
3,64,control,0.001359
6,64,control,0.001359
9,64,control,0.0013775
12,64,control,0.0013755
15,64,control,0.001376
18,64,control,0.001362
21,64,control,0.0013635
24,64,control,0.001404
27,64,control,0.0013665
30,64,control,0.0013735
33,64,control,0.001373
36,64,control,0.0013655
39,64,control,0.0013825
42,64,control,0.001364
45,64,control,0.00139
48,64,control,0.0013865
0,65,control,0.0030425
3,65,control,0.003083
6,65,control,0.0030645
9,65,control,0.003061
12,65,control,0.003092
15,65,control,0.00307
18,65,control,0.003095
21,65,control,0.003083
24,65,control,0.003075
27,65,control,0.0030515
30,65,control,0.003087
33,65,control,0.0030795
36,65,control,0.003078
39,65,control,0.0030825
42,65,control,0.0030925
45,65,control,0.003111
48,65,control,0.003103
0,66,control,0.0024895
3,66,control,0.0024645
6,66,control,0.0024545
9,66,control,0.0024365
12,66,control,0.002426
15,66,control,0.002462
18,66,control,0.0024745
21,66,control,0.0024705
24,66,control,0.0024815
27,66,control,0.002477
30,66,control,0.0024375
33,66,control,0.002489
36,66,control,0.00248
39,66,control,0.0024595
42,66,control,0.00247
45,66,control,0.00251
48,66,control,0.002474
0,67,control,0.001141
3,67,control,0.0011535
6,67,control,0.001155
9,67,control,0.001167
12,67,control,0.001153
15,67,control,0.0011545
18,67,control,0.0011395
21,67,control,0.0011505
24,67,control,0.0011625
27,67,control,0.001147
30,67,control,0.001154
33,67,control,0.0011455
36,67,control,0.001151
39,67,control,0.001153
42,67,control,0.001132
45,67,control,0.001125
48,67,control,0.001162
0,68,control,0.001502
3,68,control,0.0014665
6,68,control,0.0014975
9,68,control,0.0015175
12,68,control,0.001483
15,68,control,0.001487
18,68,control,0.001494
21,68,control,0.0014975
24,68,control,0.0015165
27,68,control,0.0014775
30,68,control,0.0015005
33,68,control,0.001506
36,68,control,0.0015055
39,68,control,0.001494
42,68,control,0.0014995
45,68,control,0.0014905
48,68,control,0.0015435
0,69,control,0.00434
3,69,control,0.004336
6,69,control,0.0042975
9,69,control,0.004364
12,69,control,0.004359
15,69,control,0.004311
18,69,control,0.004364
21,69,control,0.0043305
24,69,control,0.004331
27,69,control,0.0043335
30,69,control,0.0043195
33,69,control,0.0043075
36,69,control,0.004292
39,69,control,0.0043435
42,69,control,0.004333
45,69,control,0.004341
48,69,control,0.004334
0,7,control,0.0018255
3,7,control,0.0018385
6,7,control,0.001805
9,7,control,0.001798
12,7,control,0.00183
15,7,control,0.00179
18,7,control,0.0017925
21,7,control,0.001805
24,7,control,0.001801
27,7,control,0.001828
30,7,control,0.0018205
33,7,control,0.0018455
36,7,control,0.0018345
39,7,control,0.001849
42,7,control,0.001822
45,7,control,0.0018345
48,7,control,0.0018345
0,70,control,0.00225
3,70,control,0.0022115
6,70,control,0.0022075
9,70,control,0.0022305
12,70,control,0.0022235000000000002
15,70,control,0.0021975
18,70,control,0.0022105
21,70,control,0.0022315
24,70,control,0.0022285
27,70,control,0.002188
30,70,control,0.0022165
33,70,control,0.0022035
36,70,control,0.0022035
39,70,control,0.002205
42,70,control,0.002169
45,70,control,0.0022155
48,70,control,0.0022105
0,71,control,0.0021195
3,71,control,0.002094
6,71,control,0.00208
9,71,control,0.002109
12,71,control,0.0021125
15,71,control,0.002088
18,71,control,0.002114
21,71,control,0.0021125
24,71,control,0.00209
27,71,control,0.002114
30,71,control,0.002107
33,71,control,0.002114
36,71,control,0.002091
39,71,control,0.0020895
42,71,control,0.00211
45,71,control,0.0021065
48,71,control,0.0020795
0,72,control,0.005944
3,72,control,0.0059255
6,72,control,0.0058935
9,72,control,0.0059535
12,72,control,0.005948
15,72,control,0.0059005
18,72,control,0.005953
21,72,control,0.0059325
24,72,control,0.0059115
27,72,control,0.005957
30,72,control,0.005891
33,72,control,0.005892
36,72,control,0.005972
39,72,control,0.0058555
42,72,control,0.005955
45,72,control,0.005933
48,72,control,0.005957
0,73,control,0.0045785
3,73,control,0.004557
6,73,control,0.0045535
9,73,control,0.0045335
12,73,control,0.004556
15,73,control,0.004548
18,73,control,0.004553
21,73,control,0.0045155
24,73,control,0.004503
27,73,control,0.0045195
30,73,control,0.0045925
33,73,control,0.0045455
36,73,control,0.004508
39,73,control,0.004491
42,73,control,0.0045955
45,73,control,0.004572
48,73,control,0.0045295
0,74,control,0.003155
3,74,control,0.003176
6,74,control,0.0031515
9,74,control,0.003147
12,74,control,0.003141
15,74,control,0.0031625
18,74,control,0.0031375
21,74,control,0.0031425
24,74,control,0.00316
27,74,control,0.0031195
30,74,control,0.00315
33,74,control,0.0031325
36,74,control,0.0031385
39,74,control,0.0031315
42,74,control,0.0031515
45,74,control,0.0031415
48,74,control,0.0031145
0,75,control,0.001265
3,75,control,0.0012675
6,75,control,0.001271
9,75,control,0.001272
12,75,control,0.001265
15,75,control,0.0012635
18,75,control,0.0012835
21,75,control,0.0012695
24,75,control,0.0012745
27,75,control,0.0012725
30,75,control,0.001269
33,75,control,0.0012865
36,75,control,0.001288
39,75,control,0.001268
42,75,control,0.0012745
45,75,control,0.001292
48,75,control,0.001289
0,76,control,0.003359
3,76,control,0.0033985
6,76,control,0.003364
9,76,control,0.003383
12,76,control,0.0033815
15,76,control,0.0033775
18,76,control,0.003382
21,76,control,0.0033795
24,76,control,0.0033925
27,76,control,0.0034
30,76,control,0.0033845
33,76,control,0.003403
36,76,control,0.00335
39,76,control,0.0033875
42,76,control,0.0033425
45,76,control,0.003368
48,76,control,0.0033695
0,77,control,0.0066305
3,77,control,0.0066455
6,77,control,0.006618
9,77,control,0.0065635
12,77,control,0.0066155
15,77,control,0.0066275
18,77,control,0.006632
21,77,control,0.0066335
24,77,control,0.0066315
27,77,control,0.006552
30,77,control,0.0065825
33,77,control,0.006675
36,77,control,0.0066315
39,77,control,0.006615
42,77,control,0.0066115
45,77,control,0.0066205
48,77,control,0.0066225
0,78,control,0.003438
3,78,control,0.0034335
6,78,control,0.0034175
9,78,control,0.003442
12,78,control,0.003446
15,78,control,0.0034145
18,78,control,0.0034275
21,78,control,0.0034415
24,78,control,0.003442
27,78,control,0.0033985
30,78,control,0.00341
33,78,control,0.00344
36,78,control,0.0034585
39,78,control,0.0034275
42,78,control,0.0034235
45,78,control,0.003392
48,78,control,0.003401
0,79,control,0.0031555
3,79,control,0.0031395
6,79,control,0.003132
9,79,control,0.0031865
12,79,control,0.003132
15,79,control,0.0031475
18,79,control,0.003139
21,79,control,0.00317
24,79,control,0.003153
27,79,control,0.003175
30,79,control,0.0031605
33,79,control,0.003162
36,79,control,0.0031665
39,79,control,0.00316
42,79,control,0.003205
45,79,control,0.0031495
48,79,control,0.0031705
0,8,control,0.002757
3,8,control,0.002758
6,8,control,0.0027495
9,8,control,0.0027965
12,8,control,0.0027995
15,8,control,0.0027785
18,8,control,0.0027435
21,8,control,0.002775
24,8,control,0.002791
27,8,control,0.002794
30,8,control,0.002776
33,8,control,0.002766
36,8,control,0.0028075
39,8,control,0.0027615
42,8,control,0.0027785
45,8,control,0.0027765
48,8,control,0.0027975
0,80,control,0.001653
3,80,control,0.001649
6,80,control,0.0016425
9,80,control,0.0016445
12,80,control,0.0016455
15,80,control,0.0016255
18,80,control,0.001645
21,80,control,0.001626
24,80,control,0.001632
27,80,control,0.001635
30,80,control,0.001624
33,80,control,0.0016175
36,80,control,0.001636
39,80,control,0.0016255
42,80,control,0.001635
45,80,control,0.001648
48,80,control,0.00165
0,81,control,0.0014635
3,81,control,0.001445
6,81,control,0.0014384999999999999
9,81,control,0.001464
12,81,control,0.001465
15,81,control,0.001449
18,81,control,0.001439
21,81,control,0.0014335
24,81,control,0.0014485
27,81,control,0.0014485
30,81,control,0.0014515
33,81,control,0.0014415
36,81,control,0.001456
39,81,control,0.0014495
42,81,control,0.0014505
45,81,control,0.0014575
48,81,control,0.001449
0,82,control,0.0019615
3,82,control,0.0019545
6,82,control,0.001967
9,82,control,0.001964
12,82,control,0.0019655
15,82,control,0.0019615
18,82,control,0.001945
21,82,control,0.0019765
24,82,control,0.001966
27,82,control,0.0019875
30,82,control,0.001962
33,82,control,0.001956
36,82,control,0.0019615
39,82,control,0.0019485
42,82,control,0.0019755
45,82,control,0.0019715
48,82,control,0.001985
0,83,control,0.005764
3,83,control,0.005764
6,83,control,0.005732
9,83,control,0.00575
12,83,control,0.0057515
15,83,control,0.0057035
18,83,control,0.0057005
21,83,control,0.0057125
24,83,control,0.0057575
27,83,control,0.005722
30,83,control,0.005747
33,83,control,0.0057295
36,83,control,0.005745
39,83,control,0.005776
42,83,control,0.005709
45,83,control,0.0057655
48,83,control,0.0057015
0,84,control,0.0017195000000000001
3,84,control,0.001702
6,84,control,0.0017195000000000001
9,84,control,0.0017165
12,84,control,0.001732
15,84,control,0.001708
18,84,control,0.0016945
21,84,control,0.001729
24,84,control,0.001728
27,84,control,0.001694
30,84,control,0.001697
33,84,control,0.001706
36,84,control,0.001712
39,84,control,0.0017005
42,84,control,0.0016955
45,84,control,0.0017075
48,84,control,0.0017375
0,85,control,0.001245
3,85,control,0.001241
6,85,control,0.001235
9,85,control,0.0012445
12,85,control,0.001249
15,85,control,0.001248
18,85,control,0.001233
21,85,control,0.0012575
24,85,control,0.001237
27,85,control,0.0012295
30,85,control,0.0012305
33,85,control,0.001235
36,85,control,0.0012205
39,85,control,0.001232
42,85,control,0.0012345
45,85,control,0.001231
48,85,control,0.001238
0,86,control,0.0014755
3,86,control,0.0014655
6,86,control,0.0014535
9,86,control,0.001446
12,86,control,0.0014645
15,86,control,0.0014895
18,86,control,0.0014925
21,86,control,0.00147
24,86,control,0.001453
27,86,control,0.001441
30,86,control,0.001468
33,86,control,0.001458
36,86,control,0.0014515
39,86,control,0.001438
42,86,control,0.0014555
45,86,control,0.001458
48,86,control,0.001471
0,87,control,0.0019735
3,87,control,0.001972
6,87,control,0.001921
9,87,control,0.001976
12,87,control,0.001958
15,87,control,0.0019715
18,87,control,0.0019425
21,87,control,0.001924
24,87,control,0.001925
27,87,control,0.0019495
30,87,control,0.0019505
33,87,control,0.001959
36,87,control,0.0019425
39,87,control,0.001927
42,87,control,0.0019165
45,87,control,0.001948
48,87,control,0.0019455
0,88,control,0.0022105
3,88,control,0.0022185
6,88,control,0.0021965
9,88,control,0.0022425
12,88,control,0.002213
15,88,control,0.0022245
18,88,control,0.0022655
21,88,control,0.0022105
24,88,control,0.0022005
27,88,control,0.0022135
30,88,control,0.002209
33,88,control,0.002194
36,88,control,0.0022495
39,88,control,0.0021705
42,88,control,0.002212
45,88,control,0.002219
48,88,control,0.0022115
0,89,control,0.001909
3,89,control,0.001922
6,89,control,0.0019125
9,89,control,0.001916
12,89,control,0.001924
15,89,control,0.001901
18,89,control,0.0018975
21,89,control,0.001928
24,89,control,0.00192
27,89,control,0.001916
30,89,control,0.001917
33,89,control,0.00192
36,89,control,0.001893
39,89,control,0.0018995
42,89,control,0.001917
45,89,control,0.001909
48,89,control,0.0019135
0,9,control,0.004546
3,9,control,0.0045245
6,9,control,0.004561
9,9,control,0.0045325
12,9,control,0.00454
15,9,control,0.004524
18,9,control,0.004534
21,9,control,0.00458
24,9,control,0.0045425
27,9,control,0.004532
30,9,control,0.0044785
33,9,control,0.0045465
36,9,control,0.004541
39,9,control,0.004573
42,9,control,0.004546
45,9,control,0.004555
48,9,control,0.0045225
0,90,control,0.005181
3,90,control,0.005202
6,90,control,0.0052245
9,90,control,0.0051075
12,90,control,0.005223
15,90,control,0.005166
18,90,control,0.005172
21,90,control,0.005167
24,90,control,0.005135
27,90,control,0.0051445
30,90,control,0.005131
33,90,control,0.005202
36,90,control,0.0052255
39,90,control,0.0052115
42,90,control,0.0051975
45,90,control,0.005193
48,90,control,0.005208
0,91,control,0.0015845
3,91,control,0.0015875
6,91,control,0.001587
9,91,control,0.001588
12,91,control,0.0015985
15,91,control,0.001614
18,91,control,0.001592
21,91,control,0.0015855
24,91,control,0.0015935
27,91,control,0.001586
30,91,control,0.001581
33,91,control,0.0016045
36,91,control,0.0016055
39,91,control,0.001602
42,91,control,0.001573
45,91,control,0.0015975
48,91,control,0.0016035
0,92,control,0.0029175
3,92,control,0.0029145
6,92,control,0.0029155
9,92,control,0.002934
12,92,control,0.002901
15,92,control,0.002917
18,92,control,0.002885
21,92,control,0.002947
24,92,control,0.0029345
27,92,control,0.002924
30,92,control,0.002916
33,92,control,0.0029075
36,92,control,0.0029325
39,92,control,0.0028975
42,92,control,0.002913
45,92,control,0.0029025
48,92,control,0.002907
0,93,control,0.0039385
3,93,control,0.00392
6,93,control,0.003972
9,93,control,0.0039305
12,93,control,0.0039385
15,93,control,0.0039375
18,93,control,0.0039195
21,93,control,0.003945
24,93,control,0.0040115
27,93,control,0.0039505
30,93,control,0.0039555
33,93,control,0.003976
36,93,control,0.0039825
39,93,control,0.003935
42,93,control,0.0039295
45,93,control,0.0039765
48,93,control,0.0039545
0,94,control,0.002792
3,94,control,0.0028255
6,94,control,0.002771
9,94,control,0.0028445
12,94,control,0.0028485
15,94,control,0.002824
18,94,control,0.0028275
21,94,control,0.002817
24,94,control,0.002809
27,94,control,0.0028455
30,94,control,0.00283
33,94,control,0.002849
36,94,control,0.0028325
39,94,control,0.0028515
42,94,control,0.0028235
45,94,control,0.002827
48,94,control,0.002852
0,95,control,0.001217
3,95,control,0.0012005
6,95,control,0.0012065
9,95,control,0.001217
12,95,control,0.0012205
15,95,control,0.0012005
18,95,control,0.0012265
21,95,control,0.0011985
24,95,control,0.0012075
27,95,control,0.001196
30,95,control,0.001184
33,95,control,0.0011885
36,95,control,0.001199
39,95,control,0.001197
42,95,control,0.0011905
45,95,control,0.0012045
48,95,control,0.001215
0,96,control,0.003713
3,96,control,0.0037045
6,96,control,0.003712
9,96,control,0.0036535
12,96,control,0.0036985
15,96,control,0.003695
18,96,control,0.003675
21,96,control,0.0036965
24,96,control,0.0037025
27,96,control,0.003683
30,96,control,0.003682
33,96,control,0.0036785
36,96,control,0.0036615
39,96,control,0.0036775
42,96,control,0.0036735
45,96,control,0.003657
48,96,control,0.003691
0,97,control,0.0039725
3,97,control,0.0039615
6,97,control,0.0039395
9,97,control,0.0039555
12,97,control,0.003929
15,97,control,0.00393
18,97,control,0.0039495
21,97,control,0.003956
24,97,control,0.003911
27,97,control,0.0039185
30,97,control,0.003927
33,97,control,0.0039225
36,97,control,0.003946
39,97,control,0.003973
42,97,control,0.0039275
45,97,control,0.0039625
48,97,control,0.003933
0,98,control,0.0014655
3,98,control,0.001483
6,98,control,0.0015115
9,98,control,0.001476
12,98,control,0.0014795
15,98,control,0.001498
18,98,control,0.001459
21,98,control,0.0014765
24,98,control,0.001492
27,98,control,0.001504
30,98,control,0.001492
33,98,control,0.0014865
36,98,control,0.0015015
39,98,control,0.0014875
42,98,control,0.0015055
45,98,control,0.00148
48,98,control,0.0014945
0,99,control,0.003475
3,99,control,0.0034845
6,99,control,0.0034945
9,99,control,0.003449
12,99,control,0.003535
15,99,control,0.0035145
18,99,control,0.0034475
21,99,control,0.0035185
24,99,control,0.0034875
27,99,control,0.003536
30,99,control,0.0034955
33,99,control,0.0034825
36,99,control,0.0034985
39,99,control,0.0035115
42,99,control,0.0035045
45,99,control,0.003519
48,99,control,0.003522
0,1,intervention,0.006558
3,1,intervention,0.006557
6,1,intervention,0.0066015
9,1,intervention,0.0065765
12,1,intervention,0.006659
15,1,intervention,0.006625
18,1,intervention,0.006696
21,1,intervention,0.0066835
24,1,intervention,0.0067225
27,1,intervention,0.0066835
30,1,intervention,0.006705
33,1,intervention,0.0067375000000000004
36,1,intervention,0.006774
39,1,intervention,0.006778
42,1,intervention,0.006789
45,1,intervention,0.0067575
48,1,intervention,0.006787
0,10,intervention,0.0048815
3,10,intervention,0.004892
6,10,intervention,0.0049145
9,10,intervention,0.00496
12,10,intervention,0.0049125
15,10,intervention,0.004969
18,10,intervention,0.0049745
21,10,intervention,0.005032
24,10,intervention,0.005001
27,10,intervention,0.0049785
30,10,intervention,0.0050385
33,10,intervention,0.005105
36,10,intervention,0.0050935
39,10,intervention,0.0051135
42,10,intervention,0.005087
45,10,intervention,0.0050905
48,10,intervention,0.005135
0,100,intervention,0.0017095
3,100,intervention,0.0017005
6,100,intervention,0.0017145
9,100,intervention,0.0017605
12,100,intervention,0.0017645
15,100,intervention,0.0017875
18,100,intervention,0.0017895
21,100,intervention,0.0018065
24,100,intervention,0.00182
27,100,intervention,0.0018325
30,100,intervention,0.001826
33,100,intervention,0.0018735
36,100,intervention,0.0019
39,100,intervention,0.0018995
42,100,intervention,0.0018535
45,100,intervention,0.001882
48,100,intervention,0.001895
0,101,intervention,0.0013045
3,101,intervention,0.001322
6,101,intervention,0.0013035
9,101,intervention,0.001332
12,101,intervention,0.001352
15,101,intervention,0.001343
18,101,intervention,0.001366
21,101,intervention,0.001366
24,101,intervention,0.0014015
27,101,intervention,0.0014085
30,101,intervention,0.001405
33,101,intervention,0.001461
36,101,intervention,0.0015065
39,101,intervention,0.0014885
42,101,intervention,0.0014855
45,101,intervention,0.001517
48,101,intervention,0.0014975
0,102,intervention,7.16e-4
3,102,intervention,7e-4
6,102,intervention,7.065e-4
9,102,intervention,7.355e-4
12,102,intervention,7.5e-4
15,102,intervention,7.3e-4
18,102,intervention,7.355e-4
21,102,intervention,7.93e-4
24,102,intervention,7.87e-4
27,102,intervention,7.685e-4
30,102,intervention,7.92e-4
33,102,intervention,8.08e-4
36,102,intervention,8.235e-4
39,102,intervention,8.05e-4
42,102,intervention,8.375e-4
45,102,intervention,8.29e-4
48,102,intervention,8.405e-4
0,103,intervention,0.001315
3,103,intervention,0.001324
6,103,intervention,0.0013285
9,103,intervention,0.0013715
12,103,intervention,0.001373
15,103,intervention,0.001384
18,103,intervention,0.001371
21,103,intervention,0.0014015
24,103,intervention,0.001438
27,103,intervention,0.0014215
30,103,intervention,0.0014384999999999999
33,103,intervention,0.0014665
36,103,intervention,0.0014825
39,103,intervention,0.001479
42,103,intervention,0.0014755
45,103,intervention,0.0014925
48,103,intervention,0.0014875
0,104,intervention,0.0013
3,104,intervention,0.0013105
6,104,intervention,0.001267
9,104,intervention,0.0013035
12,104,intervention,0.0013415
15,104,intervention,0.0013295
18,104,intervention,0.001335
21,104,intervention,0.0013955
24,104,intervention,0.0013995
27,104,intervention,0.001369
30,104,intervention,0.0013735
33,104,intervention,0.0014235
36,104,intervention,0.0014415
39,104,intervention,0.001436
42,104,intervention,0.001399
45,104,intervention,0.0014335
48,104,intervention,0.0014345
0,105,intervention,8.32e-4
3,105,intervention,8.425e-4
6,105,intervention,8.3e-4
9,105,intervention,8.645e-4
12,105,intervention,8.815e-4
15,105,intervention,8.635e-4
18,105,intervention,8.685e-4
21,105,intervention,8.92e-4
24,105,intervention,9.14e-4
27,105,intervention,9.235e-4
30,105,intervention,9.46e-4
33,105,intervention,9.76e-4
36,105,intervention,9.825e-4
39,105,intervention,9.73e-4
42,105,intervention,9.78e-4
45,105,intervention,9.795e-4
48,105,intervention,9.845e-4
0,106,intervention,0.0019085
3,106,intervention,0.001923
6,106,intervention,0.001928
9,106,intervention,0.0019525
12,106,intervention,0.001964
15,106,intervention,0.0020015
18,106,intervention,0.0019715
21,106,intervention,0.0019965
24,106,intervention,0.0020295
27,106,intervention,0.00199
30,106,intervention,0.0020485
33,106,intervention,0.0020475
36,106,intervention,0.0020515
39,106,intervention,0.0020825
42,106,intervention,0.002063
45,106,intervention,0.002086
48,106,intervention,0.002089
0,107,intervention,0.003354
3,107,intervention,0.003338
6,107,intervention,0.003433
9,107,intervention,0.003382
12,107,intervention,0.003422
15,107,intervention,0.0034035
18,107,intervention,0.003451
21,107,intervention,0.0034495
24,107,intervention,0.003462
27,107,intervention,0.003487
30,107,intervention,0.003466
33,107,intervention,0.003532
36,107,intervention,0.003555
39,107,intervention,0.003553
42,107,intervention,0.003506
45,107,intervention,0.0035415
48,107,intervention,0.0035585
0,108,intervention,0.0024755
3,108,intervention,0.002481
6,108,intervention,0.002497
9,108,intervention,0.002504
12,108,intervention,0.0025235
15,108,intervention,0.002507
18,108,intervention,0.0025055
21,108,intervention,0.0025495
24,108,intervention,0.0025875
27,108,intervention,0.0025405
30,108,intervention,0.0025935
33,108,intervention,0.002629
36,108,intervention,0.0026375
39,108,intervention,0.002629
42,108,intervention,0.0026405
45,108,intervention,0.0026245
48,108,intervention,0.0026375
0,109,intervention,0.0030605
3,109,intervention,0.003054
6,109,intervention,0.003082
9,109,intervention,0.0031495
12,109,intervention,0.0031215
15,109,intervention,0.0031435
18,109,intervention,0.0031055
21,109,intervention,0.003146
24,109,intervention,0.003178
27,109,intervention,0.0032015
30,109,intervention,0.0031915
33,109,intervention,0.003201
36,109,intervention,0.0032505
39,109,intervention,0.003242
42,109,intervention,0.0032555
45,109,intervention,0.0032835
48,109,intervention,0.0032735
0,11,intervention,0.001928
3,11,intervention,0.001961
6,11,intervention,0.001935
9,11,intervention,0.0019635
12,11,intervention,0.002006
15,11,intervention,0.00201
18,11,intervention,0.001998
21,11,intervention,0.002011
24,11,intervention,0.002026
27,11,intervention,0.0020365
30,11,intervention,0.002049
33,11,intervention,0.002076
36,11,intervention,0.0020715
39,11,intervention,0.0020965
42,11,intervention,0.0021
45,11,intervention,0.0021215
48,11,intervention,0.002108
0,110,intervention,0.002772
3,110,intervention,0.0028145
6,110,intervention,0.0027595
9,110,intervention,0.002838
12,110,intervention,0.0028135
15,110,intervention,0.0028285
18,110,intervention,0.002811
21,110,intervention,0.002867
24,110,intervention,0.002882
27,110,intervention,0.0028885
30,110,intervention,0.002894
33,110,intervention,0.0029015
36,110,intervention,0.0029395
39,110,intervention,0.002926
42,110,intervention,0.0029325
45,110,intervention,0.002926
48,110,intervention,0.0029585
0,111,intervention,9.775e-4
3,111,intervention,9.73e-4
6,111,intervention,9.69e-4
9,111,intervention,9.685e-4
12,111,intervention,0.001007
15,111,intervention,9.98e-4
18,111,intervention,0.001013
21,111,intervention,0.001031
24,111,intervention,0.001038
27,111,intervention,0.0010505
30,111,intervention,0.0010435
33,111,intervention,0.0010795
36,111,intervention,0.001111
39,111,intervention,0.001094
42,111,intervention,0.0011125
45,111,intervention,0.0010975
48,111,intervention,0.001098
0,112,intervention,0.002533
3,112,intervention,0.002546
6,112,intervention,0.0025455
9,112,intervention,0.0025785
12,112,intervention,0.0025775
15,112,intervention,0.0026025
18,112,intervention,0.0026395
21,112,intervention,0.0026405
24,112,intervention,0.0026475
27,112,intervention,0.0026405
30,112,intervention,0.002634
33,112,intervention,0.002727
36,112,intervention,0.002733
39,112,intervention,0.002708
42,112,intervention,0.0026925
45,112,intervention,0.0027055
48,112,intervention,0.0027405
0,113,intervention,0.0047465
3,113,intervention,0.0047475
6,113,intervention,0.004718
9,113,intervention,0.0048075
12,113,intervention,0.0048355
15,113,intervention,0.0047935
18,113,intervention,0.0048335
21,113,intervention,0.004872
24,113,intervention,0.004842
27,113,intervention,0.0048565
30,113,intervention,0.00485
33,113,intervention,0.004889
36,113,intervention,0.0048725
39,113,intervention,0.004934
42,113,intervention,0.004871
45,113,intervention,0.0049635
48,113,intervention,0.0049285
0,114,intervention,0.001231
3,114,intervention,0.0012275
6,114,intervention,0.001224
9,114,intervention,0.001241
12,114,intervention,0.0012745
15,114,intervention,0.001272
18,114,intervention,0.001283
21,114,intervention,0.0013225
24,114,intervention,0.001348
27,114,intervention,0.0013195
30,114,intervention,0.0013315
33,114,intervention,0.001369
36,114,intervention,0.001408
39,114,intervention,0.0013875
42,114,intervention,0.001373
45,114,intervention,0.001386
48,114,intervention,0.0013875
0,115,intervention,0.0044355
3,115,intervention,0.0044455
6,115,intervention,0.004419
9,115,intervention,0.0044395
12,115,intervention,0.0045485
15,115,intervention,0.004517
18,115,intervention,0.0045505
21,115,intervention,0.0045445
24,115,intervention,0.0045395
27,115,intervention,0.0045645
30,115,intervention,0.0045635
33,115,intervention,0.0046095
36,115,intervention,0.004605
39,115,intervention,0.0046335
42,115,intervention,0.004627
45,115,intervention,0.004612
48,115,intervention,0.004625
0,116,intervention,0.0030935
3,116,intervention,0.0030995
6,116,intervention,0.003086
9,116,intervention,0.0031165
12,116,intervention,0.003144
15,116,intervention,0.0031145
18,116,intervention,0.0031145
21,116,intervention,0.003204
24,116,intervention,0.003182
27,116,intervention,0.003197
30,116,intervention,0.003172
33,116,intervention,0.0032205
36,116,intervention,0.00327
39,116,intervention,0.0032585
42,116,intervention,0.003266
45,116,intervention,0.0032675
48,116,intervention,0.003226
0,117,intervention,0.001533
3,117,intervention,0.0015235
6,117,intervention,0.001546
9,117,intervention,0.001544
12,117,intervention,0.001567
15,117,intervention,0.001553
18,117,intervention,0.001577
21,117,intervention,0.0015835
24,117,intervention,0.001614
27,117,intervention,0.001591
30,117,intervention,0.0016025
33,117,intervention,0.00164
36,117,intervention,0.0016795
39,117,intervention,0.001647
42,117,intervention,0.00164
45,117,intervention,0.0016875
48,117,intervention,0.001655
0,118,intervention,0.002853
3,118,intervention,0.002845
6,118,intervention,0.002863
9,118,intervention,0.002905
12,118,intervention,0.002917
15,118,intervention,0.0029405
18,118,intervention,0.002897
21,118,intervention,0.002909
24,118,intervention,0.002979
27,118,intervention,0.0029815
30,118,intervention,0.0029625
33,118,intervention,0.0029765
36,118,intervention,0.0030165
39,118,intervention,0.0030025
42,118,intervention,0.0030085
45,118,intervention,0.0030425
48,118,intervention,0.003037
0,119,intervention,0.002674
3,119,intervention,0.0026575
6,119,intervention,0.002604
9,119,intervention,0.002678
12,119,intervention,0.0026565
15,119,intervention,0.0026855
18,119,intervention,0.002688
21,119,intervention,0.0027235
24,119,intervention,0.00271
27,119,intervention,0.002734
30,119,intervention,0.0027475
33,119,intervention,0.002775
36,119,intervention,0.002812
39,119,intervention,0.002811
42,119,intervention,0.002803
45,119,intervention,0.0028385
48,119,intervention,0.0028555
0,12,intervention,0.0047975
3,12,intervention,0.004791
6,12,intervention,0.0047785
9,12,intervention,0.0048535
12,12,intervention,0.004852
15,12,intervention,0.0048725
18,12,intervention,0.004846
21,12,intervention,0.004881
24,12,intervention,0.0049405
27,12,intervention,0.0049375
30,12,intervention,0.004908
33,12,intervention,0.0049915
36,12,intervention,0.005017
39,12,intervention,0.0050015
42,12,intervention,0.0049725
45,12,intervention,0.0049595
48,12,intervention,0.004985
0,120,intervention,0.0014485
3,120,intervention,0.0014425
6,120,intervention,0.001422
9,120,intervention,0.00148
12,120,intervention,0.001493
15,120,intervention,0.0014865
18,120,intervention,0.0014915
21,120,intervention,0.001502
24,120,intervention,0.0015475
27,120,intervention,0.001536
30,120,intervention,0.0015555
33,120,intervention,0.001593
36,120,intervention,0.0016175
39,120,intervention,0.0015855
42,120,intervention,0.0015885
45,120,intervention,0.001598
48,120,intervention,0.0016025
0,121,intervention,7.125e-4
3,121,intervention,7.04e-4
6,121,intervention,6.915e-4
9,121,intervention,7.195e-4
12,121,intervention,7.315e-4
15,121,intervention,7e-4
18,121,intervention,7.135e-4
21,121,intervention,7.29e-4
24,121,intervention,7.735e-4
27,121,intervention,7.595e-4
30,121,intervention,7.695e-4
33,121,intervention,7.945e-4
36,121,intervention,7.975e-4
39,121,intervention,8.18e-4
42,121,intervention,8.255e-4
45,121,intervention,8.305e-4
48,121,intervention,8.15e-4
0,122,intervention,0.0012455
3,122,intervention,0.0012265
6,122,intervention,0.001223
9,122,intervention,0.0012195
12,122,intervention,0.001256
15,122,intervention,0.001237
18,122,intervention,0.001254
21,122,intervention,0.001285
24,122,intervention,0.0012935
27,122,intervention,0.0013075
30,122,intervention,0.001303
33,122,intervention,0.0013455
36,122,intervention,0.001365
39,122,intervention,0.0013875
42,122,intervention,0.0013635
45,122,intervention,0.0013435
48,122,intervention,0.0013645
0,123,intervention,0.001778
3,123,intervention,0.0017875
6,123,intervention,0.0017965
9,123,intervention,0.0017845
12,123,intervention,0.0018075
15,123,intervention,0.001818
18,123,intervention,0.001818
21,123,intervention,0.001874
24,123,intervention,0.0018505
27,123,intervention,0.0018675
30,123,intervention,0.0018735
33,123,intervention,0.0019065
36,123,intervention,0.0019265
39,123,intervention,0.001922
42,123,intervention,0.001935
45,123,intervention,0.001954
48,123,intervention,0.001944
0,124,intervention,0.00147
3,124,intervention,0.001432
6,124,intervention,0.0014685
9,124,intervention,0.001476
12,124,intervention,0.0015045
15,124,intervention,0.001528
18,124,intervention,0.0014905
21,124,intervention,0.001573
24,124,intervention,0.0015305
27,124,intervention,0.0015385
30,124,intervention,0.0015835
33,124,intervention,0.0015955
36,124,intervention,0.001606
39,124,intervention,0.001599
42,124,intervention,0.0015885
45,124,intervention,0.001589
48,124,intervention,0.0016105
0,125,intervention,0.0085145
3,125,intervention,0.008419
6,125,intervention,0.0085385
9,125,intervention,0.008457
12,125,intervention,0.008544
15,125,intervention,0.0085395
18,125,intervention,0.008562
21,125,intervention,0.0085875
24,125,intervention,0.008588
27,125,intervention,0.008594
30,125,intervention,0.0086095
33,125,intervention,0.008692
36,125,intervention,0.00863
39,125,intervention,0.008645
42,125,intervention,0.008646
45,125,intervention,0.008618
48,125,intervention,0.0086455
0,126,intervention,8.185e-4
3,126,intervention,7.92e-4
6,126,intervention,7.9e-4
9,126,intervention,8.045e-4
12,126,intervention,8.25e-4
15,126,intervention,8.305e-4
18,126,intervention,8.365e-4
21,126,intervention,8.505e-4
24,126,intervention,8.76e-4
27,126,intervention,8.74e-4
30,126,intervention,8.78e-4
33,126,intervention,9.085e-4
36,126,intervention,9.23e-4
39,126,intervention,9.235e-4
42,126,intervention,9.175e-4
45,126,intervention,9.405e-4
48,126,intervention,9.295e-4
0,127,intervention,0.0024025
3,127,intervention,0.002396
6,127,intervention,0.00244
9,127,intervention,0.002401
12,127,intervention,0.002465
15,127,intervention,0.0024185
18,127,intervention,0.002456
21,127,intervention,0.002497
24,127,intervention,0.0025185
27,127,intervention,0.0025455
30,127,intervention,0.0025135
33,127,intervention,0.002581
36,127,intervention,0.0025795
39,127,intervention,0.002568
42,127,intervention,0.0025825
45,127,intervention,0.0025955
48,127,intervention,0.0025805
0,128,intervention,9.985e-4
3,128,intervention,0.001001
6,128,intervention,9.895e-4
9,128,intervention,0.0010125
12,128,intervention,0.0010315
15,128,intervention,0.0010115
18,128,intervention,0.00102
21,128,intervention,0.001049
24,128,intervention,0.0010875
27,128,intervention,0.0010665
30,128,intervention,0.0010745
33,128,intervention,0.0011135
36,128,intervention,0.001131
39,128,intervention,0.0011455
42,128,intervention,0.001135
45,128,intervention,0.001138
48,128,intervention,0.001114
0,129,intervention,0.002285
3,129,intervention,0.002277
6,129,intervention,0.002287
9,129,intervention,0.0023095
12,129,intervention,0.0023775
15,129,intervention,0.002332
18,129,intervention,0.002362
21,129,intervention,0.0024185
24,129,intervention,0.002416
27,129,intervention,0.0024105
30,129,intervention,0.002426
33,129,intervention,0.00244
36,129,intervention,0.0024525
39,129,intervention,0.0024365
42,129,intervention,0.002442
45,129,intervention,0.0024455
48,129,intervention,0.00245
0,13,intervention,0.0024345
3,13,intervention,0.002398
6,13,intervention,0.0023945
9,13,intervention,0.002397
12,13,intervention,0.00247
15,13,intervention,0.0024805
18,13,intervention,0.002478
21,13,intervention,0.0025025
24,13,intervention,0.0024955
27,13,intervention,0.0025005
30,13,intervention,0.0025095
33,13,intervention,0.002535
36,13,intervention,0.002541
39,13,intervention,0.0025715
42,13,intervention,0.002573
45,13,intervention,0.002531
48,13,intervention,0.002525
0,130,intervention,0.0037825
3,130,intervention,0.003786
6,130,intervention,0.0037645
9,130,intervention,0.003778
12,130,intervention,0.003788
15,130,intervention,0.0038425
18,130,intervention,0.0038225
21,130,intervention,0.003866
24,130,intervention,0.0038825
27,130,intervention,0.0038495
30,130,intervention,0.0038855
33,130,intervention,0.0039485
36,130,intervention,0.00395
39,130,intervention,0.0039745
42,130,intervention,0.0039655
45,130,intervention,0.003975
48,130,intervention,0.0039875
0,131,intervention,0.0028905
3,131,intervention,0.002855
6,131,intervention,0.0028515
9,131,intervention,0.002904
12,131,intervention,0.002956
15,131,intervention,0.002915
18,131,intervention,0.002964
21,131,intervention,0.0029605
24,131,intervention,0.002937
27,131,intervention,0.0030035
30,131,intervention,0.002987
33,131,intervention,0.003038
36,131,intervention,0.0030435
39,131,intervention,0.0030355
42,131,intervention,0.0030255
45,131,intervention,0.003032
48,131,intervention,0.003038
0,132,intervention,0.0032885
3,132,intervention,0.003324
6,132,intervention,0.003338
9,132,intervention,0.0033775
12,132,intervention,0.003385
15,132,intervention,0.003366
18,132,intervention,0.0034035
21,132,intervention,0.003407
24,132,intervention,0.003438
27,132,intervention,0.003392
30,132,intervention,0.003406
33,132,intervention,0.0034755
36,132,intervention,0.003514
39,132,intervention,0.0034925
42,132,intervention,0.0034885
45,132,intervention,0.0034815
48,132,intervention,0.003507
0,133,intervention,0.002794
3,133,intervention,0.0027745
6,133,intervention,0.0027595
9,133,intervention,0.00281
12,133,intervention,0.0028095
15,133,intervention,0.00279
18,133,intervention,0.002805
21,133,intervention,0.0028555
24,133,intervention,0.0028555
27,133,intervention,0.002831
30,133,intervention,0.0028745
33,133,intervention,0.002885
36,133,intervention,0.0029085
39,133,intervention,0.0029015
42,133,intervention,0.002913
45,133,intervention,0.002914
48,133,intervention,0.0028825
0,134,intervention,0.0017055
3,134,intervention,0.00169
6,134,intervention,0.001692
9,134,intervention,0.001726
12,134,intervention,0.001756
15,134,intervention,0.0017425
18,134,intervention,0.0017705
21,134,intervention,0.0017765
24,134,intervention,0.0018155
27,134,intervention,0.0018075
30,134,intervention,0.001799
33,134,intervention,0.001858
36,134,intervention,0.001848
39,134,intervention,0.001871
42,134,intervention,0.001842
45,134,intervention,0.0018795
48,134,intervention,0.0018485
0,135,intervention,0.0027855
3,135,intervention,0.002779
6,135,intervention,0.002784
9,135,intervention,0.002822
12,135,intervention,0.002835
15,135,intervention,0.0028335
18,135,intervention,0.002879
21,135,intervention,0.0028775
24,135,intervention,0.0028975
27,135,intervention,0.002871
30,135,intervention,0.002889
33,135,intervention,0.002928
36,135,intervention,0.002974
39,135,intervention,0.00294
42,135,intervention,0.00295
45,135,intervention,0.0029735
48,135,intervention,0.002951
0,136,intervention,0.0012565
3,136,intervention,0.0012465
6,136,intervention,0.0012445
9,136,intervention,0.0012765
12,136,intervention,0.0012925
15,136,intervention,0.0012975
18,136,intervention,0.001315
21,136,intervention,0.001344
24,136,intervention,0.001345
27,136,intervention,0.00133
30,136,intervention,0.0013635
33,136,intervention,0.001363
36,136,intervention,0.0013925
39,136,intervention,0.0013735
42,136,intervention,0.0014005
45,136,intervention,0.001395
48,136,intervention,0.001383
0,137,intervention,0.001996
3,137,intervention,0.0019735
6,137,intervention,0.001999
9,137,intervention,0.002052
12,137,intervention,0.002049
15,137,intervention,0.0020485
18,137,intervention,0.0020415
21,137,intervention,0.002089
24,137,intervention,0.0021125
27,137,intervention,0.0021035
30,137,intervention,0.0020885
33,137,intervention,0.0021425
36,137,intervention,0.0021125
39,137,intervention,0.0021255
42,137,intervention,0.0021505
45,137,intervention,0.002168
48,137,intervention,0.0021635
0,138,intervention,0.0014295
3,138,intervention,0.001405
6,138,intervention,0.001416
9,138,intervention,0.0014435
12,138,intervention,0.001462
15,138,intervention,0.0014505
18,138,intervention,0.001477
21,138,intervention,0.001479
24,138,intervention,0.0015095
27,138,intervention,0.001496
30,138,intervention,0.0015275
33,138,intervention,0.001534
36,138,intervention,0.001562
39,138,intervention,0.001557
42,138,intervention,0.0015625
45,138,intervention,0.001536
48,138,intervention,0.001522
0,139,intervention,0.0031845
3,139,intervention,0.003176
6,139,intervention,0.0031405
9,139,intervention,0.0032145
12,139,intervention,0.003245
15,139,intervention,0.0032035
18,139,intervention,0.0032295
21,139,intervention,0.003278
24,139,intervention,0.0032855
27,139,intervention,0.003267
30,139,intervention,0.0032955
33,139,intervention,0.0033265
36,139,intervention,0.0033665
39,139,intervention,0.0033775
42,139,intervention,0.0033255
45,139,intervention,0.0033145
48,139,intervention,0.003333
0,14,intervention,0.0045215
3,14,intervention,0.0045465
6,14,intervention,0.0045065
9,14,intervention,0.0045945
12,14,intervention,0.0046195
15,14,intervention,0.004631
18,14,intervention,0.0046295
21,14,intervention,0.00467
24,14,intervention,0.004694
27,14,intervention,0.00467
30,14,intervention,0.0046465
33,14,intervention,0.0047405
36,14,intervention,0.0047995
39,14,intervention,0.0047875
42,14,intervention,0.0047305
45,14,intervention,0.004744
48,14,intervention,0.0047815
0,140,intervention,0.0038335
3,140,intervention,0.003852
6,140,intervention,0.0038265
9,140,intervention,0.0038485
12,140,intervention,0.003894
15,140,intervention,0.003918
18,140,intervention,0.003883
21,140,intervention,0.0039905
24,140,intervention,0.0039705
27,140,intervention,0.0039725
30,140,intervention,0.0039335
33,140,intervention,0.0039835
36,140,intervention,0.0040335
39,140,intervention,0.004055
42,140,intervention,0.004044
45,140,intervention,0.004052
48,140,intervention,0.0040295
0,141,intervention,0.0030295
3,141,intervention,0.003006
6,141,intervention,0.0030145
9,141,intervention,0.0030755
12,141,intervention,0.003056
15,141,intervention,0.003104
18,141,intervention,0.003101
21,141,intervention,0.0031265
24,141,intervention,0.003094
27,141,intervention,0.0031035
30,141,intervention,0.003099
33,141,intervention,0.003179
36,141,intervention,0.0031845
39,141,intervention,0.003216
42,141,intervention,0.003168
45,141,intervention,0.003157
48,141,intervention,0.0032015
0,142,intervention,0.0014095
3,142,intervention,0.0013735
6,142,intervention,0.0013825
9,142,intervention,0.001422
12,142,intervention,0.0014085
15,142,intervention,0.001431
18,142,intervention,0.0014165
21,142,intervention,0.0014805
24,142,intervention,0.001482
27,142,intervention,0.001444
30,142,intervention,0.001476
33,142,intervention,0.001516
36,142,intervention,0.0015415
39,142,intervention,0.001521
42,142,intervention,0.0015475
45,142,intervention,0.0015615
48,142,intervention,0.001543
0,143,intervention,0.0030945
3,143,intervention,0.0030595
6,143,intervention,0.0030345
9,143,intervention,0.0031075
12,143,intervention,0.0031535
15,143,intervention,0.0031665
18,143,intervention,0.0031585
21,143,intervention,0.003177
24,143,intervention,0.003205
27,143,intervention,0.0031905
30,143,intervention,0.003196
33,143,intervention,0.0032285
36,143,intervention,0.0032515
39,143,intervention,0.003246
42,143,intervention,0.003271
45,143,intervention,0.0032585
48,143,intervention,0.00325
0,144,intervention,0.003713
3,144,intervention,0.0037265
6,144,intervention,0.0037275
9,144,intervention,0.003751
12,144,intervention,0.0037745
15,144,intervention,0.0037155
18,144,intervention,0.003772
21,144,intervention,0.003806
24,144,intervention,0.00381
27,144,intervention,0.0038095
30,144,intervention,0.003834
33,144,intervention,0.003914
36,144,intervention,0.003946
39,144,intervention,0.003857
42,144,intervention,0.003893
45,144,intervention,0.0039155
48,144,intervention,0.0038575
0,145,intervention,0.0011325
3,145,intervention,0.001127
6,145,intervention,0.00112
9,145,intervention,0.0011585
12,145,intervention,0.001156
15,145,intervention,0.00116
18,145,intervention,0.001165
21,145,intervention,0.001201
24,145,intervention,0.0012145
27,145,intervention,0.001206
30,145,intervention,0.0012145
33,145,intervention,0.001245
36,145,intervention,0.00126
39,145,intervention,0.001261
42,145,intervention,0.0012855
45,145,intervention,0.0012935
48,145,intervention,0.00127
0,146,intervention,0.0024315
3,146,intervention,0.0024255
6,146,intervention,0.002427
9,146,intervention,0.0024295
12,146,intervention,0.0024565
15,146,intervention,0.002499
18,146,intervention,0.002459
21,146,intervention,0.0025035
24,146,intervention,0.002541
27,146,intervention,0.002535
30,146,intervention,0.0025585
33,146,intervention,0.002583
36,146,intervention,0.002573
39,146,intervention,0.0026295
42,146,intervention,0.002611
45,146,intervention,0.0025865
48,146,intervention,0.0025795
0,147,intervention,0.004016
3,147,intervention,0.0040695
6,147,intervention,0.004056
9,147,intervention,0.004075
12,147,intervention,0.004104
15,147,intervention,0.004124
18,147,intervention,0.004082
21,147,intervention,0.0040855
24,147,intervention,0.0041355
27,147,intervention,0.00414
30,147,intervention,0.0041515
33,147,intervention,0.004216
36,147,intervention,0.0042375
39,147,intervention,0.004189
42,147,intervention,0.004214
45,147,intervention,0.0042105
48,147,intervention,0.004237
0,148,intervention,0.0022705
3,148,intervention,0.0022665
6,148,intervention,0.002273
9,148,intervention,0.002275
12,148,intervention,0.0022985
15,148,intervention,0.00232
18,148,intervention,0.0023045
21,148,intervention,0.002319
24,148,intervention,0.002368
27,148,intervention,0.002392
30,148,intervention,0.002358
33,148,intervention,0.002371
36,148,intervention,0.0024245
39,148,intervention,0.002427
42,148,intervention,0.002437
45,148,intervention,0.002439
48,148,intervention,0.0024485
0,149,intervention,0.0071345
3,149,intervention,0.0071985
6,149,intervention,0.0070995
9,149,intervention,0.0071595
12,149,intervention,0.007144
15,149,intervention,0.007197
18,149,intervention,0.007205
21,149,intervention,0.0072115
24,149,intervention,0.0072035
27,149,intervention,0.0072465
30,149,intervention,0.007269
33,149,intervention,0.007249
36,149,intervention,0.007336
39,149,intervention,0.0073065
42,149,intervention,0.007321
45,149,intervention,0.0072795
48,149,intervention,0.0073255
0,15,intervention,0.0028115
3,15,intervention,0.002809
6,15,intervention,0.0028255
9,15,intervention,0.0028315
12,15,intervention,0.0028575
15,15,intervention,0.002835
18,15,intervention,0.002856
21,15,intervention,0.002899
24,15,intervention,0.002935
27,15,intervention,0.0029245
30,15,intervention,0.0029235
33,15,intervention,0.0029965
36,15,intervention,0.0029575
39,15,intervention,0.002987
42,15,intervention,0.003001
45,15,intervention,0.0030015
48,15,intervention,0.002961
0,150,intervention,0.0018305
3,150,intervention,0.0018295
6,150,intervention,0.0018025
9,150,intervention,0.001878
12,150,intervention,0.0018735
15,150,intervention,0.0018600000000000001
18,150,intervention,0.0018715
21,150,intervention,0.001877
24,150,intervention,0.0019065
27,150,intervention,0.001926
30,150,intervention,0.001901
33,150,intervention,0.0019305
36,150,intervention,0.001956
39,150,intervention,0.0019345
42,150,intervention,0.001954
45,150,intervention,0.001954
48,150,intervention,0.002002
0,151,intervention,9.61e-4
3,151,intervention,9.685e-4
6,151,intervention,9.425e-4
9,151,intervention,9.755e-4
12,151,intervention,9.765e-4
15,151,intervention,9.725e-4
18,151,intervention,9.785e-4
21,151,intervention,0.001016
24,151,intervention,0.0010335
27,151,intervention,0.001025
30,151,intervention,0.001033
33,151,intervention,0.001085
36,151,intervention,0.0010895
39,151,intervention,0.0010725
42,151,intervention,0.0010855
45,151,intervention,0.0010945
48,151,intervention,0.001094
0,152,intervention,0.0038295
3,152,intervention,0.003833
6,152,intervention,0.00381
9,152,intervention,0.0038395
12,152,intervention,0.0038895
15,152,intervention,0.0038635
18,152,intervention,0.003837
21,152,intervention,0.0039565
24,152,intervention,0.003947
27,152,intervention,0.003938
30,152,intervention,0.00393
33,152,intervention,0.003932
36,152,intervention,0.004003
39,152,intervention,0.0039755
42,152,intervention,0.0039615
45,152,intervention,0.0039455
48,152,intervention,0.0039985
0,153,intervention,0.0026205
3,153,intervention,0.0026335
6,153,intervention,0.002604
9,153,intervention,0.002665
12,153,intervention,0.0026595
15,153,intervention,0.002674
18,153,intervention,0.002655
21,153,intervention,0.002728
24,153,intervention,0.002738
27,153,intervention,0.0027085
30,153,intervention,0.0027135
33,153,intervention,0.002793
36,153,intervention,0.0027855
39,153,intervention,0.002777
42,153,intervention,0.002769
45,153,intervention,0.0028025
48,153,intervention,0.002781
0,154,intervention,0.002081
3,154,intervention,0.002116
6,154,intervention,0.0020815
9,154,intervention,0.0020995
12,154,intervention,0.002155
15,154,intervention,0.002135
18,154,intervention,0.00216
21,154,intervention,0.002192
24,154,intervention,0.0021865
27,154,intervention,0.0021915
30,154,intervention,0.0022165
33,154,intervention,0.002234
36,154,intervention,0.002237
39,154,intervention,0.0022205
42,154,intervention,0.002241
45,154,intervention,0.0022735
48,154,intervention,0.002258
0,155,intervention,0.0019705
3,155,intervention,0.001991
6,155,intervention,0.0019835
9,155,intervention,0.0019635
12,155,intervention,0.0020165
15,155,intervention,0.0020085
18,155,intervention,0.002011
21,155,intervention,0.002016
24,155,intervention,0.002078
27,155,intervention,0.002066
30,155,intervention,0.0020830000000000002
33,155,intervention,0.002102
36,155,intervention,0.002116
39,155,intervention,0.00213
42,155,intervention,0.0021095
45,155,intervention,0.0021385
48,155,intervention,0.002143
0,156,intervention,0.002094
3,156,intervention,0.0021125
6,156,intervention,0.0021255
9,156,intervention,0.0021515
12,156,intervention,0.002156
15,156,intervention,0.00216
18,156,intervention,0.0021485
21,156,intervention,0.0021865
24,156,intervention,0.002194
27,156,intervention,0.002194
30,156,intervention,0.0022405
33,156,intervention,0.0022525
36,156,intervention,0.0022645
39,156,intervention,0.0022665
42,156,intervention,0.002239
45,156,intervention,0.002258
48,156,intervention,0.0022655
0,157,intervention,5.85e-4
3,157,intervention,5.87e-4
6,157,intervention,5.76e-4
9,157,intervention,5.975e-4
12,157,intervention,6.05e-4
15,157,intervention,5.965e-4
18,157,intervention,6.235e-4
21,157,intervention,6.2e-4
24,157,intervention,6.425e-4
27,157,intervention,6.455e-4
30,157,intervention,6.345e-4
33,157,intervention,6.69e-4
36,157,intervention,6.97e-4
39,157,intervention,6.79e-4
42,157,intervention,6.91e-4
45,157,intervention,6.975e-4
48,157,intervention,6.77e-4
0,158,intervention,0.0020155
3,158,intervention,0.0020155
6,158,intervention,0.002014
9,158,intervention,0.002028
12,158,intervention,0.0020835
15,158,intervention,0.0020445
18,158,intervention,0.0020665
21,158,intervention,0.0021025
24,158,intervention,0.0021515
27,158,intervention,0.002128
30,158,intervention,0.0021075
33,158,intervention,0.0021965
36,158,intervention,0.0022235000000000002
39,158,intervention,0.0021785
42,158,intervention,0.0022325
45,158,intervention,0.0022065
48,158,intervention,0.002202
0,159,intervention,0.001665
3,159,intervention,0.001672
6,159,intervention,0.0016765
9,159,intervention,0.0017115
12,159,intervention,0.0017135
15,159,intervention,0.0017105
18,159,intervention,0.001704
21,159,intervention,0.001733
24,159,intervention,0.001778
27,159,intervention,0.001756
30,159,intervention,0.0018055
33,159,intervention,0.0017695
36,159,intervention,0.001801
39,159,intervention,0.0018135
42,159,intervention,0.001795
45,159,intervention,0.0018005
48,159,intervention,0.001833
0,16,intervention,0.002095
3,16,intervention,0.002098
6,16,intervention,0.002069
9,16,intervention,0.0020865
12,16,intervention,0.002096
15,16,intervention,0.0020925
18,16,intervention,0.0021465
21,16,intervention,0.0021675
24,16,intervention,0.0021685
27,16,intervention,0.0021605
30,16,intervention,0.0021515
33,16,intervention,0.0022265
36,16,intervention,0.002244
39,16,intervention,0.0022305
42,16,intervention,0.002206
45,16,intervention,0.0022355
48,16,intervention,0.0022155
0,160,intervention,0.0044375
3,160,intervention,0.0043925
6,160,intervention,0.0044865
9,160,intervention,0.004424
12,160,intervention,0.004475
15,160,intervention,0.004459
18,160,intervention,0.004457
21,160,intervention,0.004565
24,160,intervention,0.004561
27,160,intervention,0.0045265
30,160,intervention,0.0045255
33,160,intervention,0.0045835
36,160,intervention,0.0046095
39,160,intervention,0.0046145
42,160,intervention,0.0045725
45,160,intervention,0.0046365
48,160,intervention,0.0046225
0,161,intervention,0.0013925
3,161,intervention,0.001388
6,161,intervention,0.001402
9,161,intervention,0.0014455
12,161,intervention,0.001451
15,161,intervention,0.0014215
18,161,intervention,0.001447
21,161,intervention,0.0014885
24,161,intervention,0.0015205
27,161,intervention,0.0015055
30,161,intervention,0.00152
33,161,intervention,0.001526
36,161,intervention,0.001541
39,161,intervention,0.001572
42,161,intervention,0.001558
45,161,intervention,0.0015505
48,161,intervention,0.001559
0,162,intervention,0.00243
3,162,intervention,0.0024285
6,162,intervention,0.0024575
9,162,intervention,0.00244
12,162,intervention,0.0024505
15,162,intervention,0.0024965
18,162,intervention,0.002495
21,162,intervention,0.002498
24,162,intervention,0.0025605
27,162,intervention,0.0025395
30,162,intervention,0.0025505
33,162,intervention,0.0025435
36,162,intervention,0.002621
39,162,intervention,0.0025715
42,162,intervention,0.002615
45,162,intervention,0.0026135
48,162,intervention,0.0026115
0,163,intervention,0.003553
3,163,intervention,0.00358
6,163,intervention,0.0036045
9,163,intervention,0.003656
12,163,intervention,0.003609
15,163,intervention,0.0036615
18,163,intervention,0.0036975
21,163,intervention,0.003679
24,163,intervention,0.0036865
27,163,intervention,0.0037035
30,163,intervention,0.0037225
33,163,intervention,0.0037585
36,163,intervention,0.003794
39,163,intervention,0.003806
42,163,intervention,0.003758
45,163,intervention,0.003805
48,163,intervention,0.0037435
0,164,intervention,0.0020685
3,164,intervention,0.0020745
6,164,intervention,0.0020505
9,164,intervention,0.0020785
12,164,intervention,0.0021055
15,164,intervention,0.002093
18,164,intervention,0.002102
21,164,intervention,0.0021305
24,164,intervention,0.002179
27,164,intervention,0.0021595
30,164,intervention,0.0021755
33,164,intervention,0.002193
36,164,intervention,0.002218
39,164,intervention,0.002249
42,164,intervention,0.0022145
45,164,intervention,0.0022295
48,164,intervention,0.0022415
0,165,intervention,0.001328
3,165,intervention,0.0013135
6,165,intervention,0.0013015
9,165,intervention,0.001354
12,165,intervention,0.0013465
15,165,intervention,0.0013405
18,165,intervention,0.0013345
21,165,intervention,0.0013685
24,165,intervention,0.001436
27,165,intervention,0.0013725
30,165,intervention,0.001408
33,165,intervention,0.0014285
36,165,intervention,0.0014545
39,165,intervention,0.001462
42,165,intervention,0.0014605
45,165,intervention,0.0014435
48,165,intervention,0.0014775
0,166,intervention,0.001612
3,166,intervention,0.00163
6,166,intervention,0.001626
9,166,intervention,0.0016535
12,166,intervention,0.0016365
15,166,intervention,0.0016535
18,166,intervention,0.001679
21,166,intervention,0.001672
24,166,intervention,0.0017235
27,166,intervention,0.00168
30,166,intervention,0.0017395
33,166,intervention,0.0017245
36,166,intervention,0.001744
39,166,intervention,0.0017685
42,166,intervention,0.001733
45,166,intervention,0.001777
48,166,intervention,0.0017505
0,167,intervention,0.0079425
3,167,intervention,0.007959
6,167,intervention,0.007925
9,167,intervention,0.007992
12,167,intervention,0.007936
15,167,intervention,0.0079745
18,167,intervention,0.0080435
21,167,intervention,0.0080845
24,167,intervention,0.008067
27,167,intervention,0.007951
30,167,intervention,0.0080735
33,167,intervention,0.008082
36,167,intervention,0.0080895
39,167,intervention,0.008081
42,167,intervention,0.0080895
45,167,intervention,0.0081655
48,167,intervention,0.008145
0,168,intervention,0.0013825
3,168,intervention,0.001362
6,168,intervention,0.001396
9,168,intervention,0.0013965
12,168,intervention,0.0013895
15,168,intervention,0.001409
18,168,intervention,0.00144
21,168,intervention,0.00145
24,168,intervention,0.0014635
27,168,intervention,0.001442
30,168,intervention,0.0014625
33,168,intervention,0.001505
36,168,intervention,0.001535
39,168,intervention,0.0015085
42,168,intervention,0.0014965
45,168,intervention,0.0015295
48,168,intervention,0.001528
0,169,intervention,0.002956
3,169,intervention,0.0029335
6,169,intervention,0.0029455
9,169,intervention,0.003002
12,169,intervention,0.003007
15,169,intervention,0.003012
18,169,intervention,0.003013
21,169,intervention,0.0030625
24,169,intervention,0.003078
27,169,intervention,0.0030725
30,169,intervention,0.003104
33,169,intervention,0.00307
36,169,intervention,0.0030885
39,169,intervention,0.003157
42,169,intervention,0.0031225
45,169,intervention,0.0031225
48,169,intervention,0.003108
0,17,intervention,0.001304
3,17,intervention,0.0013125
6,17,intervention,0.001286
9,17,intervention,0.0013295
12,17,intervention,0.0013335
15,17,intervention,0.001332
18,17,intervention,0.0013355
21,17,intervention,0.0013605
24,17,intervention,0.0013755
27,17,intervention,0.0013805
30,17,intervention,0.00141
33,17,intervention,0.0013845
36,17,intervention,0.001421
39,17,intervention,0.0014185
42,17,intervention,0.001438
45,17,intervention,0.001428
48,17,intervention,0.001443
0,170,intervention,0.0024835
3,170,intervention,0.0024785
6,170,intervention,0.002517
9,170,intervention,0.0025315
12,170,intervention,0.002557
15,170,intervention,0.0025455
18,170,intervention,0.002544
21,170,intervention,0.002584
24,170,intervention,0.0025935
27,170,intervention,0.002589
30,170,intervention,0.002567
33,170,intervention,0.00264
36,170,intervention,0.0026795
39,170,intervention,0.002649
42,170,intervention,0.0026085
45,170,intervention,0.002683
48,170,intervention,0.0026435
0,171,intervention,0.0038705
3,171,intervention,0.0038235
6,171,intervention,0.0038325
9,171,intervention,0.0038465
12,171,intervention,0.0038385
15,171,intervention,0.003856
18,171,intervention,0.0038735
21,171,intervention,0.003916
24,171,intervention,0.0038985
27,171,intervention,0.003917
30,171,intervention,0.00392
33,171,intervention,0.0039385
36,171,intervention,0.0040265
39,171,intervention,0.0039665
42,171,intervention,0.0040115
45,171,intervention,0.003969
48,171,intervention,0.003987
0,172,intervention,0.0022275
3,172,intervention,0.0022265
6,172,intervention,0.002232
9,172,intervention,0.002261
12,172,intervention,0.0022745
15,172,intervention,0.0022755
18,172,intervention,0.0022705
21,172,intervention,0.0023095
24,172,intervention,0.002304
27,172,intervention,0.002325
30,172,intervention,0.002296
33,172,intervention,0.0023575
36,172,intervention,0.002395
39,172,intervention,0.002379
42,172,intervention,0.0023705
45,172,intervention,0.0023855
48,172,intervention,0.0023785
0,173,intervention,0.001676
3,173,intervention,0.001706
6,173,intervention,0.001711
9,173,intervention,0.001715
12,173,intervention,0.001731
15,173,intervention,0.001726
18,173,intervention,0.0017465
21,173,intervention,0.001768
24,173,intervention,0.001795
27,173,intervention,0.001769
30,173,intervention,0.0017545
33,173,intervention,0.0018205
36,173,intervention,0.001845
39,173,intervention,0.001845
42,173,intervention,0.0018315
45,173,intervention,0.001815
48,173,intervention,0.001861
0,174,intervention,0.0018655
3,174,intervention,0.001845
6,174,intervention,0.0018545
9,174,intervention,0.001873
12,174,intervention,0.0018925
15,174,intervention,0.0018795
18,174,intervention,0.001909
21,174,intervention,0.0019065
24,174,intervention,0.0019475
27,174,intervention,0.001954
30,174,intervention,0.0019645
33,174,intervention,0.00195
36,174,intervention,0.002001
39,174,intervention,0.001992
42,174,intervention,0.002009
45,174,intervention,0.002048
48,174,intervention,0.00202
0,175,intervention,0.00155
3,175,intervention,0.001544
6,175,intervention,0.001527
9,175,intervention,0.0015535
12,175,intervention,0.001562
15,175,intervention,0.001558
18,175,intervention,0.001547
21,175,intervention,0.0015905
24,175,intervention,0.0016225
27,175,intervention,0.0016005
30,175,intervention,0.0016065
33,175,intervention,0.001649
36,175,intervention,0.0016475
39,175,intervention,0.001675
42,175,intervention,0.0016785
45,175,intervention,0.0016715
48,175,intervention,0.001714
0,176,intervention,0.003346
3,176,intervention,0.003349
6,176,intervention,0.0033095
9,176,intervention,0.0033795
12,176,intervention,0.003386
15,176,intervention,0.003384
18,176,intervention,0.003365
21,176,intervention,0.0034005
24,176,intervention,0.003437
27,176,intervention,0.0034645
30,176,intervention,0.0034205
33,176,intervention,0.003478
36,176,intervention,0.0034775
39,176,intervention,0.003468
42,176,intervention,0.0034555
45,176,intervention,0.003519
48,176,intervention,0.0034795
0,177,intervention,0.0037705
3,177,intervention,0.0037495
6,177,intervention,0.0037115
9,177,intervention,0.0037695
12,177,intervention,0.003776
15,177,intervention,0.003799
18,177,intervention,0.0037645
21,177,intervention,0.003836
24,177,intervention,0.0038555
27,177,intervention,0.0038295
30,177,intervention,0.0038575
33,177,intervention,0.0039085
36,177,intervention,0.0039315
39,177,intervention,0.003909
42,177,intervention,0.00393
45,177,intervention,0.0038575
48,177,intervention,0.0039245
0,178,intervention,7.85e-4
3,178,intervention,7.74e-4
6,178,intervention,7.695e-4
9,178,intervention,7.96e-4
12,178,intervention,8.165e-4
15,178,intervention,7.965e-4
18,178,intervention,8.135e-4
21,178,intervention,8.265e-4
24,178,intervention,8.245e-4
27,178,intervention,8.555e-4
30,178,intervention,8.42e-4
33,178,intervention,8.72e-4
36,178,intervention,8.815e-4
39,178,intervention,8.795e-4
42,178,intervention,8.825e-4
45,178,intervention,8.765e-4
48,178,intervention,8.9e-4
0,179,intervention,0.002025
3,179,intervention,0.002035
6,179,intervention,0.002024
9,179,intervention,0.0020085
12,179,intervention,0.0020765
15,179,intervention,0.0020215
18,179,intervention,0.0020475
21,179,intervention,0.0020885
24,179,intervention,0.0021085
27,179,intervention,0.002108
30,179,intervention,0.002141
33,179,intervention,0.002153
36,179,intervention,0.002187
39,179,intervention,0.002168
42,179,intervention,0.002153
45,179,intervention,0.002185
48,179,intervention,0.00218
0,18,intervention,0.002252
3,18,intervention,0.0021685
6,18,intervention,0.0022145
9,18,intervention,0.0021835
12,18,intervention,0.0022165
15,18,intervention,0.002281
18,18,intervention,0.002259
21,18,intervention,0.0022935
24,18,intervention,0.0022835
27,18,intervention,0.0023175
30,18,intervention,0.0022975
33,18,intervention,0.0023345
36,18,intervention,0.00237
39,18,intervention,0.0023475
42,18,intervention,0.0023475
45,18,intervention,0.002358
48,18,intervention,0.002363
0,180,intervention,0.0023905
3,180,intervention,0.002419
6,180,intervention,0.0024155
9,180,intervention,0.0024435
12,180,intervention,0.0024705
15,180,intervention,0.002451
18,180,intervention,0.002453
21,180,intervention,0.0024765
24,180,intervention,0.0025155
27,180,intervention,0.0025075
30,180,intervention,0.002499
33,180,intervention,0.0025515
36,180,intervention,0.0025485
39,180,intervention,0.0025625
42,180,intervention,0.0025715
45,180,intervention,0.0025965
48,180,intervention,0.0025425
0,181,intervention,0.0032545
3,181,intervention,0.003295
6,181,intervention,0.003296
9,181,intervention,0.0033585
12,181,intervention,0.003332
15,181,intervention,0.003335
18,181,intervention,0.0032945
21,181,intervention,0.003392
24,181,intervention,0.0034115
27,181,intervention,0.003392
30,181,intervention,0.0034315
33,181,intervention,0.0034965
36,181,intervention,0.0034965
39,181,intervention,0.0034665
42,181,intervention,0.0034735
45,181,intervention,0.0034835
48,181,intervention,0.003459
0,182,intervention,0.001425
3,182,intervention,0.0013765
6,182,intervention,0.001397
9,182,intervention,0.0014115
12,182,intervention,0.001458
15,182,intervention,0.0014435
18,182,intervention,0.001454
21,182,intervention,0.00148
24,182,intervention,0.001504
27,182,intervention,0.0014845
30,182,intervention,0.00151
33,182,intervention,0.001537
36,182,intervention,0.0015515
39,182,intervention,0.0015525
42,182,intervention,0.0015425
45,182,intervention,0.001548
48,182,intervention,0.0015645
0,183,intervention,0.0038405
3,183,intervention,0.003881
6,183,intervention,0.0038635
9,183,intervention,0.0039705
12,183,intervention,0.0039045
15,183,intervention,0.003934
18,183,intervention,0.00391
21,183,intervention,0.003948
24,183,intervention,0.003966
27,183,intervention,0.003997
30,183,intervention,0.003961
33,183,intervention,0.004051
36,183,intervention,0.0041035
39,183,intervention,0.004033
42,183,intervention,0.004002
45,183,intervention,0.00409
48,183,intervention,0.0040275
0,184,intervention,0.003797
3,184,intervention,0.0038425
6,184,intervention,0.0038345
9,184,intervention,0.0038985
12,184,intervention,0.003901
15,184,intervention,0.0038825
18,184,intervention,0.003905
21,184,intervention,0.003932
24,184,intervention,0.003974
27,184,intervention,0.0039555
30,184,intervention,0.003976
33,184,intervention,0.0039965
36,184,intervention,0.004045
39,184,intervention,0.00401
42,184,intervention,0.0039975
45,184,intervention,0.0039895
48,184,intervention,0.0040485
0,185,intervention,0.00196
3,185,intervention,0.001994
6,185,intervention,0.001988
9,185,intervention,0.002013
12,185,intervention,0.002015
15,185,intervention,0.0020325
18,185,intervention,0.0020075
21,185,intervention,0.0020725
24,185,intervention,0.002067
27,185,intervention,0.002113
30,185,intervention,0.0020835
33,185,intervention,0.002155
36,185,intervention,0.002132
39,185,intervention,0.002123
42,185,intervention,0.002149
45,185,intervention,0.00213
48,185,intervention,0.0021625
0,186,intervention,0.0020995
3,186,intervention,0.0021125
6,186,intervention,0.002104
9,186,intervention,0.002153
12,186,intervention,0.002175
15,186,intervention,0.0021295
18,186,intervention,0.0021735
21,186,intervention,0.0021715
24,186,intervention,0.002213
27,186,intervention,0.002214
30,186,intervention,0.002225
33,186,intervention,0.0022685
36,186,intervention,0.0022825
39,186,intervention,0.0022795
42,186,intervention,0.002287
45,186,intervention,0.00229
48,186,intervention,0.0022555
0,187,intervention,0.001927
3,187,intervention,0.0019315
6,187,intervention,0.001951
9,187,intervention,0.001985
12,187,intervention,0.0019795
15,187,intervention,0.0019665
18,187,intervention,0.001985
21,187,intervention,0.001994
24,187,intervention,0.0020255
27,187,intervention,0.0020425
30,187,intervention,0.002057
33,187,intervention,0.002062
36,187,intervention,0.002111
39,187,intervention,0.0020855
42,187,intervention,0.0020965
45,187,intervention,0.00206
48,187,intervention,0.002088
0,188,intervention,0.001762
3,188,intervention,0.001776
6,188,intervention,0.0018055
9,188,intervention,0.001797
12,188,intervention,0.0018385
15,188,intervention,0.00184
18,188,intervention,0.001826
21,188,intervention,0.00185
24,188,intervention,0.001872
27,188,intervention,0.001845
30,188,intervention,0.001888
33,188,intervention,0.0019095
36,188,intervention,0.0019435
39,188,intervention,0.0019275
42,188,intervention,0.001903
45,188,intervention,0.0019225
48,188,intervention,0.0019595
0,189,intervention,0.0032095
3,189,intervention,0.0031875
6,189,intervention,0.0031875
9,189,intervention,0.003131
12,189,intervention,0.003257
15,189,intervention,0.003259
18,189,intervention,0.003253
21,189,intervention,0.003269
24,189,intervention,0.0033005
27,189,intervention,0.003301
30,189,intervention,0.0033005
33,189,intervention,0.0033565
36,189,intervention,0.0033625
39,189,intervention,0.0033785
42,189,intervention,0.003401
45,189,intervention,0.0033915
48,189,intervention,0.003369
0,19,intervention,0.0014455
3,19,intervention,0.0014645
6,19,intervention,0.001418
9,19,intervention,0.001463
12,19,intervention,0.001479
15,19,intervention,0.001478
18,19,intervention,0.00149
21,19,intervention,0.0015085
24,19,intervention,0.00153
27,19,intervention,0.0015315
30,19,intervention,0.001549
33,19,intervention,0.0015885
36,19,intervention,0.0016095
39,19,intervention,0.0015925
42,19,intervention,0.0016085
45,19,intervention,0.001602
48,19,intervention,0.0016115
0,190,intervention,0.0012625
3,190,intervention,0.001262
6,190,intervention,0.00124
9,190,intervention,0.001254
12,190,intervention,0.001273
15,190,intervention,0.0012735
18,190,intervention,0.0012815
21,190,intervention,0.001306
24,190,intervention,0.0013295
27,190,intervention,0.001317
30,190,intervention,0.0013415
33,190,intervention,0.001379
36,190,intervention,0.001381
39,190,intervention,0.0013785
42,190,intervention,0.0013985
45,190,intervention,0.00141
48,190,intervention,0.0014155
0,191,intervention,0.003912
3,191,intervention,0.0038645
6,191,intervention,0.003918
9,191,intervention,0.0039435
12,191,intervention,0.003983
15,191,intervention,0.003988
18,191,intervention,0.0039775
21,191,intervention,0.004037
24,191,intervention,0.004044
27,191,intervention,0.004057
30,191,intervention,0.004059
33,191,intervention,0.0040565
36,191,intervention,0.0041005
39,191,intervention,0.004086
42,191,intervention,0.004093
45,191,intervention,0.004109
48,191,intervention,0.004101
0,192,intervention,0.001424
3,192,intervention,0.001416
6,192,intervention,0.001449
9,192,intervention,0.0014645
12,192,intervention,0.001447
15,192,intervention,0.0014645
18,192,intervention,0.0014595
21,192,intervention,0.001475
24,192,intervention,0.0015075
27,192,intervention,0.0014965
30,192,intervention,0.001511
33,192,intervention,0.001541
36,192,intervention,0.0015695
39,192,intervention,0.0015365
42,192,intervention,0.00155
45,192,intervention,0.001542
48,192,intervention,0.001569
0,193,intervention,0.00214
3,193,intervention,0.0021955
6,193,intervention,0.002162
9,193,intervention,0.0022185
12,193,intervention,0.0022105
15,193,intervention,0.0022375
18,193,intervention,0.002207
21,193,intervention,0.0022485
24,193,intervention,0.002275
27,193,intervention,0.0022465
30,193,intervention,0.0022785
33,193,intervention,0.0022985
36,193,intervention,0.002335
39,193,intervention,0.0023305
42,193,intervention,0.002296
45,193,intervention,0.0023425
48,193,intervention,0.0023125
0,194,intervention,0.0042845
3,194,intervention,0.00429
6,194,intervention,0.004275
9,194,intervention,0.004359
12,194,intervention,0.0042885
15,194,intervention,0.004306
18,194,intervention,0.0043275
21,194,intervention,0.004331
24,194,intervention,0.0043825
27,194,intervention,0.004366
30,194,intervention,0.0043535
33,194,intervention,0.004427
36,194,intervention,0.0044235
39,194,intervention,0.004425
42,194,intervention,0.004406
45,194,intervention,0.004455
48,194,intervention,0.0044485
0,195,intervention,0.001695
3,195,intervention,0.00171
6,195,intervention,0.001682
9,195,intervention,0.001717
12,195,intervention,0.00172
15,195,intervention,0.001747
18,195,intervention,0.001761
21,195,intervention,0.0017925
24,195,intervention,0.001791
27,195,intervention,0.0018095
30,195,intervention,0.001807
33,195,intervention,0.001836
36,195,intervention,0.001856
39,195,intervention,0.001879
42,195,intervention,0.001847
45,195,intervention,0.0018555
48,195,intervention,0.0018395
0,196,intervention,0.002513
3,196,intervention,0.002502
6,196,intervention,0.0025225
9,196,intervention,0.002526
12,196,intervention,0.0025665
15,196,intervention,0.002542
18,196,intervention,0.002563
21,196,intervention,0.002586
24,196,intervention,0.0026225
27,196,intervention,0.002625
30,196,intervention,0.002622
33,196,intervention,0.00261
36,196,intervention,0.0026325
39,196,intervention,0.0026475
42,196,intervention,0.002658
45,196,intervention,0.002644
48,196,intervention,0.0026395
0,197,intervention,0.0048685
3,197,intervention,0.004921
6,197,intervention,0.0049135
9,197,intervention,0.004921
12,197,intervention,0.0049295
15,197,intervention,0.004963
18,197,intervention,0.0049195
21,197,intervention,0.0049685
24,197,intervention,0.00501
27,197,intervention,0.0049735
30,197,intervention,0.005026
33,197,intervention,0.0050415
36,197,intervention,0.005075
39,197,intervention,0.005051
42,197,intervention,0.0050845
45,197,intervention,0.0050345
48,197,intervention,0.0050845
0,198,intervention,0.0026285
3,198,intervention,0.002646
6,198,intervention,0.0026195
9,198,intervention,0.002649
12,198,intervention,0.002676
15,198,intervention,0.002663
18,198,intervention,0.0026985
21,198,intervention,0.0026685
24,198,intervention,0.002717
27,198,intervention,0.0027
30,198,intervention,0.0027135
33,198,intervention,0.002741
36,198,intervention,0.0027705
39,198,intervention,0.002777
42,198,intervention,0.0027635
45,198,intervention,0.002748
48,198,intervention,0.0027605
0,199,intervention,0.0027755
3,199,intervention,0.002814
6,199,intervention,0.002807
9,199,intervention,0.002807
12,199,intervention,0.0027975
15,199,intervention,0.002831
18,199,intervention,0.0028145
21,199,intervention,0.0028385
24,199,intervention,0.002916
27,199,intervention,0.0029245
30,199,intervention,0.002901
33,199,intervention,0.0029405
36,199,intervention,0.00296
39,199,intervention,0.0029515
42,199,intervention,0.002956
45,199,intervention,0.0029555
48,199,intervention,0.0029665
0,2,intervention,9.185e-4
3,2,intervention,9.415e-4
6,2,intervention,9.37e-4
9,2,intervention,9.49e-4
12,2,intervention,9.495e-4
15,2,intervention,9.745e-4
18,2,intervention,9.6e-4
21,2,intervention,9.855e-4
24,2,intervention,0.001013
27,2,intervention,0.0010095
30,2,intervention,0.001019
33,2,intervention,0.001029
36,2,intervention,0.0010595
39,2,intervention,0.001056
42,2,intervention,0.0010715
45,2,intervention,0.0010835
48,2,intervention,0.0010965
0,20,intervention,0.003242
3,20,intervention,0.0032555
6,20,intervention,0.003273
9,20,intervention,0.0032495
12,20,intervention,0.003321
15,20,intervention,0.0033595
18,20,intervention,0.003349
21,20,intervention,0.0033145
24,20,intervention,0.00337
27,20,intervention,0.0033855
30,20,intervention,0.0033575
33,20,intervention,0.003402
36,20,intervention,0.0033775
39,20,intervention,0.0034355
42,20,intervention,0.0034065
45,20,intervention,0.0033935
48,20,intervention,0.003435
0,200,intervention,0.0024285
3,200,intervention,0.002389
6,200,intervention,0.00247
9,200,intervention,0.0024565
12,200,intervention,0.0025195
15,200,intervention,0.0024795
18,200,intervention,0.0024875
21,200,intervention,0.0025155
24,200,intervention,0.002532
27,200,intervention,0.0025195
30,200,intervention,0.0025395
33,200,intervention,0.002582
36,200,intervention,0.002591
39,200,intervention,0.002591
42,200,intervention,0.002574
45,200,intervention,0.002601
48,200,intervention,0.0025995
0,21,intervention,4.97e-4
3,21,intervention,5.075e-4
6,21,intervention,4.89e-4
9,21,intervention,5.24e-4
12,21,intervention,5.29e-4
15,21,intervention,5.34e-4
18,21,intervention,5.265e-4
21,21,intervention,5.385e-4
24,21,intervention,5.595e-4
27,21,intervention,5.45e-4
30,21,intervention,5.64e-4
33,21,intervention,5.89e-4
36,21,intervention,6.135e-4
39,21,intervention,6.075e-4
42,21,intervention,6.005e-4
45,21,intervention,6.12e-4
48,21,intervention,6.165e-4
0,22,intervention,0.0028085
3,22,intervention,0.0028045
6,22,intervention,0.0028155
9,22,intervention,0.002797
12,22,intervention,0.0028585
15,22,intervention,0.0028685
18,22,intervention,0.002885
21,22,intervention,0.0029425
24,22,intervention,0.0029215
27,22,intervention,0.002921
30,22,intervention,0.002895
33,22,intervention,0.0029205
36,22,intervention,0.002989
39,22,intervention,0.0029175
42,22,intervention,0.002978
45,22,intervention,0.002968
48,22,intervention,0.0030235
0,23,intervention,0.0010875
3,23,intervention,0.001096
6,23,intervention,0.001081
9,23,intervention,0.001085
12,23,intervention,0.0011145
15,23,intervention,0.001097
18,23,intervention,0.00111
21,23,intervention,0.0011435
24,23,intervention,0.0011755
27,23,intervention,0.001148
30,23,intervention,0.0011715
33,23,intervention,0.0011935
36,23,intervention,0.001194
39,23,intervention,0.0012075
42,23,intervention,0.001207
45,23,intervention,0.0012065
48,23,intervention,0.0011775
0,24,intervention,0.0026655
3,24,intervention,0.0027095
6,24,intervention,0.0026615
9,24,intervention,0.0026625
12,24,intervention,0.0027015
15,24,intervention,0.002682
18,24,intervention,0.0026975
21,24,intervention,0.002744
24,24,intervention,0.0027595
27,24,intervention,0.0027725
30,24,intervention,0.0027495
33,24,intervention,0.0028315
36,24,intervention,0.002857
39,24,intervention,0.002817
42,24,intervention,0.002819
45,24,intervention,0.002837
48,24,intervention,0.0028475
0,25,intervention,0.002867
3,25,intervention,0.002839
6,25,intervention,0.0028695
9,25,intervention,0.0028955
12,25,intervention,0.0029245
15,25,intervention,0.002885
18,25,intervention,0.0028975
21,25,intervention,0.0029275
24,25,intervention,0.002939
27,25,intervention,0.0029925
30,25,intervention,0.002983
33,25,intervention,0.002987
36,25,intervention,0.002985
39,25,intervention,0.003033
42,25,intervention,0.0029995
45,25,intervention,0.0030395
48,25,intervention,0.0030195
0,26,intervention,0.0039285
3,26,intervention,0.0038915
6,26,intervention,0.0039165
9,26,intervention,0.003949
12,26,intervention,0.003945
15,26,intervention,0.0039655
18,26,intervention,0.003946
21,26,intervention,0.0040205
24,26,intervention,0.0040145
27,26,intervention,0.003995
30,26,intervention,0.003978
33,26,intervention,0.004056
36,26,intervention,0.004102
39,26,intervention,0.0040835
42,26,intervention,0.0040865
45,26,intervention,0.004085
48,26,intervention,0.004091
0,27,intervention,0.002773
3,27,intervention,0.002778
6,27,intervention,0.002717
9,27,intervention,0.002793
12,27,intervention,0.0028285
15,27,intervention,0.0028315
18,27,intervention,0.002829
21,27,intervention,0.0028455
24,27,intervention,0.002896
27,27,intervention,0.002866
30,27,intervention,0.002916
33,27,intervention,0.002938
36,27,intervention,0.002976
39,27,intervention,0.002979
42,27,intervention,0.0029715
45,27,intervention,0.0029815
48,27,intervention,0.0029905
0,28,intervention,0.002812
3,28,intervention,0.0027975
6,28,intervention,0.002808
9,28,intervention,0.0028685
12,28,intervention,0.0028675
15,28,intervention,0.0028425
18,28,intervention,0.0028525
21,28,intervention,0.002852
24,28,intervention,0.002852
27,28,intervention,0.0028785
30,28,intervention,0.0028745
33,28,intervention,0.0029085
36,28,intervention,0.0029425
39,28,intervention,0.002978
42,28,intervention,0.0029445
45,28,intervention,0.002971
48,28,intervention,0.0029765
0,29,intervention,0.004313
3,29,intervention,0.0042585
6,29,intervention,0.004376
9,29,intervention,0.004367
12,29,intervention,0.0043445
15,29,intervention,0.004395
18,29,intervention,0.004402
21,29,intervention,0.0043915
24,29,intervention,0.004451
27,29,intervention,0.0044765
30,29,intervention,0.0044285
33,29,intervention,0.0044535
36,29,intervention,0.0045045
39,29,intervention,0.0045395
42,29,intervention,0.0045005
45,29,intervention,0.0045045
48,29,intervention,0.0045425
0,3,intervention,0.0030345
3,3,intervention,0.003046
6,3,intervention,0.003065
9,3,intervention,0.0030555
12,3,intervention,0.0031455
15,3,intervention,0.003071
18,3,intervention,0.0030985
21,3,intervention,0.0031135
24,3,intervention,0.0031535
27,3,intervention,0.003164
30,3,intervention,0.003151
33,3,intervention,0.0031515
36,3,intervention,0.003237
39,3,intervention,0.0032165
42,3,intervention,0.0032245
45,3,intervention,0.0032
48,3,intervention,0.0032285
0,30,intervention,9.34e-4
3,30,intervention,9.455e-4
6,30,intervention,9.395e-4
9,30,intervention,9.615e-4
12,30,intervention,9.755e-4
15,30,intervention,9.71e-4
18,30,intervention,9.8e-4
21,30,intervention,0.001002
24,30,intervention,0.001003
27,30,intervention,0.0010015
30,30,intervention,0.001003
33,30,intervention,0.0010565
36,30,intervention,0.001078
39,30,intervention,0.0010675
42,30,intervention,0.001049
45,30,intervention,0.001062
48,30,intervention,0.001067
0,31,intervention,0.0012285
3,31,intervention,0.001232
6,31,intervention,0.00124
9,31,intervention,0.001267
12,31,intervention,0.0012735
15,31,intervention,0.0012775
18,31,intervention,0.0012755
21,31,intervention,0.0012915
24,31,intervention,0.0013095
27,31,intervention,0.0013185
30,31,intervention,0.0013125
33,31,intervention,0.001356
36,31,intervention,0.001363
39,31,intervention,0.001363
42,31,intervention,0.001377
45,31,intervention,0.0013595
48,31,intervention,0.001363
0,32,intervention,0.001717
3,32,intervention,0.001693
6,32,intervention,0.0016825
9,32,intervention,0.001734
12,32,intervention,0.0017535
15,32,intervention,0.001715
18,32,intervention,0.0017505
21,32,intervention,0.001763
24,32,intervention,0.001808
27,32,intervention,0.001793
30,32,intervention,0.001792
33,32,intervention,0.001835
36,32,intervention,0.00184
39,32,intervention,0.001812
42,32,intervention,0.0018635
45,32,intervention,0.001881
48,32,intervention,0.0018475
0,33,intervention,0.0015455
3,33,intervention,0.0015545
6,33,intervention,0.0015595
9,33,intervention,0.001548
12,33,intervention,0.0015685
15,33,intervention,0.0015585
18,33,intervention,0.001562
21,33,intervention,0.001612
24,33,intervention,0.0015955
27,33,intervention,0.0016285
30,33,intervention,0.001628
33,33,intervention,0.0016305
36,33,intervention,0.00168
39,33,intervention,0.001661
42,33,intervention,0.001661
45,33,intervention,0.0016675
48,33,intervention,0.0016805
0,34,intervention,0.003095
3,34,intervention,0.0031135
6,34,intervention,0.003121
9,34,intervention,0.0031645
12,34,intervention,0.0031715
15,34,intervention,0.00311
18,34,intervention,0.0031835
21,34,intervention,0.003213
24,34,intervention,0.00324
27,34,intervention,0.003207
30,34,intervention,0.0032435
33,34,intervention,0.0032005
36,34,intervention,0.003257
39,34,intervention,0.0032925
42,34,intervention,0.0032355
45,34,intervention,0.003241
48,34,intervention,0.0032945
0,35,intervention,0.001868
3,35,intervention,0.001861
6,35,intervention,0.0018845
9,35,intervention,0.0019165
12,35,intervention,0.001921
15,35,intervention,0.001941
18,35,intervention,0.001935
21,35,intervention,0.0019735
24,35,intervention,0.001954
27,35,intervention,0.0019685
30,35,intervention,0.0020025
33,35,intervention,0.002028
36,35,intervention,0.0020485
39,35,intervention,0.002044
42,35,intervention,0.002049
45,35,intervention,0.002011
48,35,intervention,0.0020405
0,36,intervention,0.002507
3,36,intervention,0.0024935
6,36,intervention,0.0024765
9,36,intervention,0.0024975
12,36,intervention,0.002535
15,36,intervention,0.002572
18,36,intervention,0.002543
21,36,intervention,0.002553
24,36,intervention,0.0025925
27,36,intervention,0.0025655
30,36,intervention,0.002587
33,36,intervention,0.0026505
36,36,intervention,0.0026765
39,36,intervention,0.0026335
42,36,intervention,0.0026515
45,36,intervention,0.002655
48,36,intervention,0.0026645
0,37,intervention,8.925e-4
3,37,intervention,9.145e-4
6,37,intervention,8.9e-4
9,37,intervention,9.03e-4
12,37,intervention,9.325e-4
15,37,intervention,9.17e-4
18,37,intervention,9.235e-4
21,37,intervention,9.545e-4
24,37,intervention,9.685e-4
27,37,intervention,9.705e-4
30,37,intervention,9.845e-4
33,37,intervention,9.97e-4
36,37,intervention,0.0010265
39,37,intervention,0.0010155
42,37,intervention,0.0010145
45,37,intervention,0.0010245
48,37,intervention,0.00104
0,38,intervention,0.0021875
3,38,intervention,0.0021545
6,38,intervention,0.0021895
9,38,intervention,0.0021855
12,38,intervention,0.0022295
15,38,intervention,0.002213
18,38,intervention,0.0022295
21,38,intervention,0.0022645
24,38,intervention,0.0022565
27,38,intervention,0.0022785
30,38,intervention,0.002258
33,38,intervention,0.0023465
36,38,intervention,0.002322
39,38,intervention,0.0023605
42,38,intervention,0.002308
45,38,intervention,0.002308
48,38,intervention,0.0023255
0,39,intervention,0.001039
3,39,intervention,0.001063
6,39,intervention,0.001028
9,39,intervention,0.001059
12,39,intervention,0.0010885
15,39,intervention,0.0010765
18,39,intervention,0.001083
21,39,intervention,0.0010825
24,39,intervention,0.0011465
27,39,intervention,0.001116
30,39,intervention,0.0011385
33,39,intervention,0.0011535
36,39,intervention,0.0012035
39,39,intervention,0.0011705
42,39,intervention,0.001145
45,39,intervention,0.0011965
48,39,intervention,0.001172
0,4,intervention,0.0025905
3,4,intervention,0.0026025
6,4,intervention,0.0025605
9,4,intervention,0.0026155
12,4,intervention,0.0026415
15,4,intervention,0.0026015
18,4,intervention,0.002616
21,4,intervention,0.0026575
24,4,intervention,0.002664
27,4,intervention,0.00271
30,4,intervention,0.0027055
33,4,intervention,0.002731
36,4,intervention,0.002748
39,4,intervention,0.002719
42,4,intervention,0.002735
45,4,intervention,0.002734
48,4,intervention,0.002777
0,40,intervention,0.001493
3,40,intervention,0.0014905
6,40,intervention,0.001484
9,40,intervention,0.001502
12,40,intervention,0.001519
15,40,intervention,0.001509
18,40,intervention,0.001503
21,40,intervention,0.001543
24,40,intervention,0.0015405
27,40,intervention,0.001538
30,40,intervention,0.0015355
33,40,intervention,0.0015965
36,40,intervention,0.0015935
39,40,intervention,0.001592
42,40,intervention,0.001601
45,40,intervention,0.001597
48,40,intervention,0.00162
0,41,intervention,9.23e-4
3,41,intervention,0.00093000000000000005
6,41,intervention,9.305e-4
9,41,intervention,9.425e-4
12,41,intervention,9.42e-4
15,41,intervention,9.63e-4
18,41,intervention,9.475e-4
21,41,intervention,9.86e-4
24,41,intervention,9.8e-4
27,41,intervention,0.001011
30,41,intervention,0.001005
33,41,intervention,0.001028
36,41,intervention,0.0010375
39,41,intervention,0.0010295
42,41,intervention,0.0010605
45,41,intervention,0.001043
48,41,intervention,0.0010505
0,42,intervention,0.0050155
3,42,intervention,0.005001
6,42,intervention,0.0050335
9,42,intervention,0.0050185
12,42,intervention,0.005075
15,42,intervention,0.00507
18,42,intervention,0.0051185
21,42,intervention,0.005064
24,42,intervention,0.005121
27,42,intervention,0.005154
30,42,intervention,0.005178
33,42,intervention,0.005218
36,42,intervention,0.005206
39,42,intervention,0.0052005
42,42,intervention,0.0051745
45,42,intervention,0.0051865
48,42,intervention,0.0052005
0,43,intervention,0.003507
3,43,intervention,0.00354
6,43,intervention,0.0034945
9,43,intervention,0.0035305
12,43,intervention,0.0035705
15,43,intervention,0.0036035
18,43,intervention,0.003585
21,43,intervention,0.0035925
24,43,intervention,0.0036395
27,43,intervention,0.003608
30,43,intervention,0.003605
33,43,intervention,0.0036645
36,43,intervention,0.0036575
39,43,intervention,0.003707
42,43,intervention,0.0036895
45,43,intervention,0.003616
48,43,intervention,0.0036875
0,44,intervention,0.0020755
3,44,intervention,0.002096
6,44,intervention,0.0020665
9,44,intervention,0.0020645
12,44,intervention,0.002106
15,44,intervention,0.002127
18,44,intervention,0.0021095
21,44,intervention,0.0021565
24,44,intervention,0.0021865
27,44,intervention,0.0021745
30,44,intervention,0.0021645
33,44,intervention,0.002219
36,44,intervention,0.0022485
39,44,intervention,0.0022365
42,44,intervention,0.0022255
45,44,intervention,0.002238
48,44,intervention,0.002219
0,45,intervention,0.0029365
3,45,intervention,0.0029205
6,45,intervention,0.0029195
9,45,intervention,0.002954
12,45,intervention,0.002935
15,45,intervention,0.0029415
18,45,intervention,0.0029535
21,45,intervention,0.003011
24,45,intervention,0.003033
27,45,intervention,0.0030645
30,45,intervention,0.0030565
33,45,intervention,0.003076
36,45,intervention,0.0031075
39,45,intervention,0.0031205
42,45,intervention,0.0030755
45,45,intervention,0.0031335
48,45,intervention,0.003127
0,46,intervention,0.001895
3,46,intervention,0.0018935
6,46,intervention,0.001908
9,46,intervention,0.0019095
12,46,intervention,0.00192
15,46,intervention,0.001915
18,46,intervention,0.0019425
21,46,intervention,0.0019845
24,46,intervention,0.0019875
27,46,intervention,0.0019955
30,46,intervention,0.001977
33,46,intervention,0.0020395
36,46,intervention,0.0020535
39,46,intervention,0.0020405
42,46,intervention,0.00208
45,46,intervention,0.0020545
48,46,intervention,0.0020765
0,47,intervention,0.006049
3,47,intervention,0.0060335
6,47,intervention,0.006038
9,47,intervention,0.006078
12,47,intervention,0.006089
15,47,intervention,0.0061015
18,47,intervention,0.0060995
21,47,intervention,0.0061455
24,47,intervention,0.0061455
27,47,intervention,0.006153
30,47,intervention,0.0061595
33,47,intervention,0.006235
36,47,intervention,0.0062295
39,47,intervention,0.0062155
42,47,intervention,0.006203
45,47,intervention,0.0061815
48,47,intervention,0.0062155
0,48,intervention,0.0024325
3,48,intervention,0.0024265
6,48,intervention,0.002436
9,48,intervention,0.002417
12,48,intervention,0.0024735
15,48,intervention,0.0024815
18,48,intervention,0.0024705
21,48,intervention,0.0025425
24,48,intervention,0.002539
27,48,intervention,0.002544
30,48,intervention,0.002515
33,48,intervention,0.002522
36,48,intervention,0.0025925
39,48,intervention,0.0025959999999999998
42,48,intervention,0.0025585
45,48,intervention,0.002569
48,48,intervention,0.002595
0,49,intervention,0.001423
3,49,intervention,0.0014315
6,49,intervention,0.0014415
9,49,intervention,0.0014415
12,49,intervention,0.0014645
15,49,intervention,0.001487
18,49,intervention,0.001479
21,49,intervention,0.001513
24,49,intervention,0.0015255
27,49,intervention,0.0015005
30,49,intervention,0.001541
33,49,intervention,0.0015575
36,49,intervention,0.0016005
39,49,intervention,0.0015795
42,49,intervention,0.001565
45,49,intervention,0.0015825
48,49,intervention,0.0015985
0,5,intervention,0.0024345
3,5,intervention,0.002396
6,5,intervention,0.0024105
9,5,intervention,0.002419
12,5,intervention,0.0024405
15,5,intervention,0.0024475
18,5,intervention,0.0025035
21,5,intervention,0.002489
24,5,intervention,0.0024935
27,5,intervention,0.0025155
30,5,intervention,0.0025195
33,5,intervention,0.002586
36,5,intervention,0.0025475
39,5,intervention,0.00256
42,5,intervention,0.002532
45,5,intervention,0.0025595
48,5,intervention,0.0025495
0,50,intervention,0.0026635
3,50,intervention,0.0026605
6,50,intervention,0.0027015
9,50,intervention,0.0027075
12,50,intervention,0.0027415
15,50,intervention,0.0026805
18,50,intervention,0.002728
21,50,intervention,0.0027565
24,50,intervention,0.002747
27,50,intervention,0.002767
30,50,intervention,0.00278
33,50,intervention,0.002815
36,50,intervention,0.002855
39,50,intervention,0.0028505
42,50,intervention,0.002827
45,50,intervention,0.002845
48,50,intervention,0.0028285
0,51,intervention,0.001768
3,51,intervention,0.001773
6,51,intervention,0.001766
9,51,intervention,0.001799
12,51,intervention,0.001807
15,51,intervention,0.0017955
18,51,intervention,0.001795
21,51,intervention,0.0018295
24,51,intervention,0.0018605
27,51,intervention,0.001857
30,51,intervention,0.001858
33,51,intervention,0.001883
36,51,intervention,0.0019305
39,51,intervention,0.0019175
42,51,intervention,0.001917
45,51,intervention,0.00192
48,51,intervention,0.001916
0,52,intervention,0.0022225
3,52,intervention,0.0022625
6,52,intervention,0.0022075
9,52,intervention,0.0022485
12,52,intervention,0.002259
15,52,intervention,0.0022845
18,52,intervention,0.0022755
21,52,intervention,0.0023
24,52,intervention,0.0023205
27,52,intervention,0.002333
30,52,intervention,0.002339
33,52,intervention,0.002358
36,52,intervention,0.0023805
39,52,intervention,0.002365
42,52,intervention,0.0023875
45,52,intervention,0.0023755
48,52,intervention,0.0023795
0,53,intervention,0.004715
3,53,intervention,0.004749
6,53,intervention,0.004796
9,53,intervention,0.0048345
12,53,intervention,0.004815
15,53,intervention,0.004823
18,53,intervention,0.0047965
21,53,intervention,0.0048345
24,53,intervention,0.0049135
27,53,intervention,0.004874
30,53,intervention,0.004939
33,53,intervention,0.0049035
36,53,intervention,0.0049085
39,53,intervention,0.004966
42,53,intervention,0.0049465
45,53,intervention,0.0049515
48,53,intervention,0.004911
0,54,intervention,0.001693
3,54,intervention,0.00169
6,54,intervention,0.0016675
9,54,intervention,0.001746
12,54,intervention,0.0017355
15,54,intervention,0.0017295
18,54,intervention,0.001704
21,54,intervention,0.001777
24,54,intervention,0.001772
27,54,intervention,0.0017715
30,54,intervention,0.0017955
33,54,intervention,0.0018375
36,54,intervention,0.001838
39,54,intervention,0.001846
42,54,intervention,0.0018345
45,54,intervention,0.001835
48,54,intervention,0.0018445
0,55,intervention,0.0010475
3,55,intervention,0.0010495
6,55,intervention,0.0010435
9,55,intervention,0.001079
12,55,intervention,0.001111
15,55,intervention,0.0010845
18,55,intervention,0.00111
21,55,intervention,0.001135
24,55,intervention,0.001144
27,55,intervention,0.00112
30,55,intervention,0.0011225
33,55,intervention,0.001155
36,55,intervention,0.0012
39,55,intervention,0.001207
42,55,intervention,0.001185
45,55,intervention,0.001216
48,55,intervention,0.0011955
0,56,intervention,0.004101
3,56,intervention,0.004128
6,56,intervention,0.0041185
9,56,intervention,0.00417
12,56,intervention,0.0041865
15,56,intervention,0.0042195
18,56,intervention,0.004245
21,56,intervention,0.0042515
24,56,intervention,0.004228
27,56,intervention,0.004219
30,56,intervention,0.004268
33,56,intervention,0.0042715
36,56,intervention,0.0043395
39,56,intervention,0.00432
42,56,intervention,0.0042765
45,56,intervention,0.004317
48,56,intervention,0.004366
0,57,intervention,0.0025385
3,57,intervention,0.0025165
6,57,intervention,0.002524
9,57,intervention,0.0025595
12,57,intervention,0.0025605
15,57,intervention,0.002586
18,57,intervention,0.0025915
21,57,intervention,0.0026015
24,57,intervention,0.0026475
27,57,intervention,0.002614
30,57,intervention,0.0026605
33,57,intervention,0.0026625
36,57,intervention,0.0027085
39,57,intervention,0.0026825
42,57,intervention,0.002698
45,57,intervention,0.002724
48,57,intervention,0.002708
0,58,intervention,0.002725
3,58,intervention,0.0027175
6,58,intervention,0.002709
9,58,intervention,0.0027395
12,58,intervention,0.002745
15,58,intervention,0.0027425
18,58,intervention,0.0027945
21,58,intervention,0.002769
24,58,intervention,0.0028175
27,58,intervention,0.0027745
30,58,intervention,0.002846
33,58,intervention,0.002863
36,58,intervention,0.0028575
39,58,intervention,0.0028475
42,58,intervention,0.002875
45,58,intervention,0.002872
48,58,intervention,0.002919
0,59,intervention,0.0016865
3,59,intervention,0.0016935
6,59,intervention,0.0016605
9,59,intervention,0.001691
12,59,intervention,0.001739
15,59,intervention,0.0017205
18,59,intervention,0.001739
21,59,intervention,0.0017545
24,59,intervention,0.001751
27,59,intervention,0.001758
30,59,intervention,0.001771
33,59,intervention,0.001836
36,59,intervention,0.001844
39,59,intervention,0.001804
42,59,intervention,0.0018135
45,59,intervention,0.0018525
48,59,intervention,0.0018195
0,6,intervention,0.004149
3,6,intervention,0.0041265
6,6,intervention,0.00416
9,6,intervention,0.0042195
12,6,intervention,0.004213
15,6,intervention,0.004189
18,6,intervention,0.004179
21,6,intervention,0.00419
24,6,intervention,0.004235
27,6,intervention,0.0042665
30,6,intervention,0.004267
33,6,intervention,0.004293
36,6,intervention,0.004341
39,6,intervention,0.0042975
42,6,intervention,0.004312
45,6,intervention,0.004298
48,6,intervention,0.0043075
0,60,intervention,0.0025205
3,60,intervention,0.0025245
6,60,intervention,0.0024925
9,60,intervention,0.002508
12,60,intervention,0.00254
15,60,intervention,0.0025455
18,60,intervention,0.002542
21,60,intervention,0.002588
24,60,intervention,0.002627
27,60,intervention,0.002578
30,60,intervention,0.002644
33,60,intervention,0.002622
36,60,intervention,0.0026495
39,60,intervention,0.0026625
42,60,intervention,0.002641
45,60,intervention,0.002634
48,60,intervention,0.002633
0,61,intervention,0.001698
3,61,intervention,0.0017155
6,61,intervention,0.0016895
9,61,intervention,0.001713
12,61,intervention,0.0017355
15,61,intervention,0.0017025
18,61,intervention,0.0017645
21,61,intervention,0.001755
24,61,intervention,0.001805
27,61,intervention,0.0017875
30,61,intervention,0.001802
33,61,intervention,0.001793
36,61,intervention,0.0018695
39,61,intervention,0.0018575
42,61,intervention,0.001849
45,61,intervention,0.00187
48,61,intervention,0.001855
0,62,intervention,0.002194
3,62,intervention,0.0021885
6,62,intervention,0.0021805
9,62,intervention,0.002208
12,62,intervention,0.002269
15,62,intervention,0.0022785
18,62,intervention,0.0022495
21,62,intervention,0.0022895
24,62,intervention,0.002283
27,62,intervention,0.0023
30,62,intervention,0.0023005
33,62,intervention,0.002323
36,62,intervention,0.002381
39,62,intervention,0.002335
42,62,intervention,0.0023485
45,62,intervention,0.0023635
48,62,intervention,0.0023605
0,63,intervention,0.001229
3,63,intervention,0.0012075
6,63,intervention,0.001224
9,63,intervention,0.001258
12,63,intervention,0.001248
15,63,intervention,0.001252
18,63,intervention,0.001282
21,63,intervention,0.0013055
24,63,intervention,0.001318
27,63,intervention,0.0013145
30,63,intervention,0.001301
33,63,intervention,0.0013595
36,63,intervention,0.001381
39,63,intervention,0.0013835
42,63,intervention,0.0013585
45,63,intervention,0.001385
48,63,intervention,0.0013775
0,64,intervention,0.00269
3,64,intervention,0.002668
6,64,intervention,0.002753
9,64,intervention,0.0027545
12,64,intervention,0.0027495
15,64,intervention,0.0027785
18,64,intervention,0.002758
21,64,intervention,0.0027695
24,64,intervention,0.0027995
27,64,intervention,0.002793
30,64,intervention,0.0028
33,64,intervention,0.002835
36,64,intervention,0.0029005
39,64,intervention,0.002802
42,64,intervention,0.002827
45,64,intervention,0.0028445
48,64,intervention,0.002863
0,65,intervention,0.001148
3,65,intervention,0.0011305
6,65,intervention,0.0011565
9,65,intervention,0.0011655
12,65,intervention,0.001178
15,65,intervention,0.001179
18,65,intervention,0.001169
21,65,intervention,0.0012055
24,65,intervention,0.001218
27,65,intervention,0.001213
30,65,intervention,0.0012095
33,65,intervention,0.001255
36,65,intervention,0.001255
39,65,intervention,0.0012565
42,65,intervention,0.001225
45,65,intervention,0.0012725
48,65,intervention,0.001266
0,66,intervention,0.0025565
3,66,intervention,0.00254
6,66,intervention,0.002573
9,66,intervention,0.002582
12,66,intervention,0.0025825
15,66,intervention,0.0025605
18,66,intervention,0.0026
21,66,intervention,0.002627
24,66,intervention,0.002681
27,66,intervention,0.002671
30,66,intervention,0.0026745
33,66,intervention,0.002677
36,66,intervention,0.002715
39,66,intervention,0.0027175
42,66,intervention,0.0026855
45,66,intervention,0.0027255
48,66,intervention,0.00272
0,67,intervention,0.0021245
3,67,intervention,0.002131
6,67,intervention,0.0021395
9,67,intervention,0.00213
12,67,intervention,0.0021395
15,67,intervention,0.002171
18,67,intervention,0.0022075
21,67,intervention,0.0021915
24,67,intervention,0.00227
27,67,intervention,0.002242
30,67,intervention,0.002261
33,67,intervention,0.002319
36,67,intervention,0.002297
39,67,intervention,0.002307
42,67,intervention,0.0022965
45,67,intervention,0.002312
48,67,intervention,0.0023005
0,68,intervention,0.0041645
3,68,intervention,0.0041755
6,68,intervention,0.004145
9,68,intervention,0.004183
12,68,intervention,0.0041995
15,68,intervention,0.00423
18,68,intervention,0.004221
21,68,intervention,0.0042875
24,68,intervention,0.0043005
27,68,intervention,0.004252
30,68,intervention,0.004316
33,68,intervention,0.0043155
36,68,intervention,0.0043245
39,68,intervention,0.004364
42,68,intervention,0.004368
45,68,intervention,0.00433
48,68,intervention,0.0043595
0,69,intervention,0.0026605
3,69,intervention,0.002635
6,69,intervention,0.0026535
9,69,intervention,0.0027105
12,69,intervention,0.0027135
15,69,intervention,0.002693
18,69,intervention,0.002708
21,69,intervention,0.002706
24,69,intervention,0.0027355
27,69,intervention,0.0027535
30,69,intervention,0.0027225
33,69,intervention,0.002799
36,69,intervention,0.0028225
39,69,intervention,0.0027995
42,69,intervention,0.0027795
45,69,intervention,0.0027795
48,69,intervention,0.002783
0,7,intervention,0.0020065
3,7,intervention,0.0020145
6,7,intervention,0.002022
9,7,intervention,0.0020565
12,7,intervention,0.002059
15,7,intervention,0.002065
18,7,intervention,0.0020605
21,7,intervention,0.0020925
24,7,intervention,0.0021135
27,7,intervention,0.0021275
30,7,intervention,0.002113
33,7,intervention,0.002163
36,7,intervention,0.0021445
39,7,intervention,0.002149
42,7,intervention,0.002159
45,7,intervention,0.0021385
48,7,intervention,0.0021665
0,70,intervention,0.0017885
3,70,intervention,0.001775
6,70,intervention,0.001766
9,70,intervention,0.0018125
12,70,intervention,0.0018465
15,70,intervention,0.0018175
18,70,intervention,0.0018405
21,70,intervention,0.001831
24,70,intervention,0.001868
27,70,intervention,0.001864
30,70,intervention,0.001894
33,70,intervention,0.0019425
36,70,intervention,0.0019715
39,70,intervention,0.0019845
42,70,intervention,0.001944
45,70,intervention,0.001967
48,70,intervention,0.0019565
0,71,intervention,0.0023365
3,71,intervention,0.0023525
6,71,intervention,0.0023695
9,71,intervention,0.0023485
12,71,intervention,0.0024115
15,71,intervention,0.002396
18,71,intervention,0.0024375
21,71,intervention,0.002457
24,71,intervention,0.0024595
27,71,intervention,0.0024755
30,71,intervention,0.0024665
33,71,intervention,0.0025055
36,71,intervention,0.002553
39,71,intervention,0.0025255
42,71,intervention,0.002541
45,71,intervention,0.002534
48,71,intervention,0.002549
0,72,intervention,0.0049445
3,72,intervention,0.004925
6,72,intervention,0.004964
9,72,intervention,0.004972
12,72,intervention,0.004994
15,72,intervention,0.005038
18,72,intervention,0.0050015
21,72,intervention,0.0050265
24,72,intervention,0.005046
27,72,intervention,0.005047
30,72,intervention,0.0051275
33,72,intervention,0.005069
36,72,intervention,0.0051245
39,72,intervention,0.005112
42,72,intervention,0.00509
45,72,intervention,0.005123
48,72,intervention,0.00514
0,73,intervention,0.002732
3,73,intervention,0.0027185
6,73,intervention,0.002713
9,73,intervention,0.002753
12,73,intervention,0.0027445
15,73,intervention,0.002775
18,73,intervention,0.00277
21,73,intervention,0.0027705
24,73,intervention,0.00281
27,73,intervention,0.0027925
30,73,intervention,0.0028285
33,73,intervention,0.0028185
36,73,intervention,0.0028455
39,73,intervention,0.0028485
42,73,intervention,0.00285
45,73,intervention,0.0028635
48,73,intervention,0.0028375
0,74,intervention,0.003822
3,74,intervention,0.0038115
6,74,intervention,0.0038345
9,74,intervention,0.0038155
12,74,intervention,0.0038325
15,74,intervention,0.0038585
18,74,intervention,0.003848
21,74,intervention,0.003854
24,74,intervention,0.0038525
27,74,intervention,0.0038995
30,74,intervention,0.003882
33,74,intervention,0.0039315
36,74,intervention,0.0039435
39,74,intervention,0.0039285
42,74,intervention,0.0039515
45,74,intervention,0.0039985
48,74,intervention,0.0039605
0,75,intervention,0.002519
3,75,intervention,0.002524
6,75,intervention,0.0025035
9,75,intervention,0.00256
12,75,intervention,0.0025795
15,75,intervention,0.0025465
18,75,intervention,0.0025655
21,75,intervention,0.0025845
24,75,intervention,0.002647
27,75,intervention,0.0026795
30,75,intervention,0.00266
33,75,intervention,0.0026905
36,75,intervention,0.0026935
39,75,intervention,0.0027105
42,75,intervention,0.002675
45,75,intervention,0.002691
48,75,intervention,0.0027225
0,76,intervention,0.001445
3,76,intervention,0.001429
6,76,intervention,0.001459
9,76,intervention,0.0014855
12,76,intervention,0.00148
15,76,intervention,0.0014895
18,76,intervention,0.0014875
21,76,intervention,0.0015485
24,76,intervention,0.00158
27,76,intervention,0.001571
30,76,intervention,0.00155
33,76,intervention,0.0015745
36,76,intervention,0.001631
39,76,intervention,0.001591
42,76,intervention,0.0015905
45,76,intervention,0.0016165
48,76,intervention,0.001616
0,77,intervention,0.00205
3,77,intervention,0.002022
6,77,intervention,0.002034
9,77,intervention,0.0020445
12,77,intervention,0.0021145
15,77,intervention,0.0020755
18,77,intervention,0.002064
21,77,intervention,0.0021225
24,77,intervention,0.002149
27,77,intervention,0.002144
30,77,intervention,0.0021525
33,77,intervention,0.0022035
36,77,intervention,0.002192
39,77,intervention,0.002241
42,77,intervention,0.0022405
45,77,intervention,0.00223
48,77,intervention,0.0022265
0,78,intervention,0.0023705
3,78,intervention,0.002335
6,78,intervention,0.0023285
9,78,intervention,0.0023745
12,78,intervention,0.002413
15,78,intervention,0.002386
18,78,intervention,0.002378
21,78,intervention,0.0024505
24,78,intervention,0.0024515
27,78,intervention,0.00243
30,78,intervention,0.0024465
33,78,intervention,0.002475
36,78,intervention,0.0024935
39,78,intervention,0.002493
42,78,intervention,0.0024855
45,78,intervention,0.0025
48,78,intervention,0.0024895
0,79,intervention,0.008635
3,79,intervention,0.0085885
6,79,intervention,0.0085605
9,79,intervention,0.0085805
12,79,intervention,0.008633
15,79,intervention,0.0086065
18,79,intervention,0.008706
21,79,intervention,0.008702
24,79,intervention,0.0086695
27,79,intervention,0.0086325
30,79,intervention,0.008685
33,79,intervention,0.0087255
36,79,intervention,0.008777
39,79,intervention,0.0087775
42,79,intervention,0.0087825
45,79,intervention,0.00879
48,79,intervention,0.0087865
0,8,intervention,0.0019285
3,8,intervention,0.0019015
6,8,intervention,0.0019465
9,8,intervention,0.001956
12,8,intervention,0.001987
15,8,intervention,0.001981
18,8,intervention,0.002005
21,8,intervention,0.0020155
24,8,intervention,0.002028
27,8,intervention,0.0020785
30,8,intervention,0.002028
33,8,intervention,0.0021045
36,8,intervention,0.002093
39,8,intervention,0.0021065
42,8,intervention,0.0020830000000000002
45,8,intervention,0.0021005
48,8,intervention,0.0021055
0,80,intervention,0.001382
3,80,intervention,0.0013495
6,80,intervention,0.0013645
9,80,intervention,0.0014005
12,80,intervention,0.0014125
15,80,intervention,0.001435
18,80,intervention,0.001452
21,80,intervention,0.0014365
24,80,intervention,0.0014905
27,80,intervention,0.001455
30,80,intervention,0.0014675
33,80,intervention,0.001499
36,80,intervention,0.0015335
39,80,intervention,0.001519
42,80,intervention,0.0015095
45,80,intervention,0.001535
48,80,intervention,0.0015345
0,81,intervention,0.002529
3,81,intervention,0.0025205
6,81,intervention,0.0025415
9,81,intervention,0.0025335
12,81,intervention,0.002587
15,81,intervention,0.002566
18,81,intervention,0.0025955
21,81,intervention,0.00259
24,81,intervention,0.002611
27,81,intervention,0.002632
30,81,intervention,0.0026225
33,81,intervention,0.002648
36,81,intervention,0.0026965
39,81,intervention,0.002646
42,81,intervention,0.0026455
45,81,intervention,0.002673
48,81,intervention,0.0026895
0,82,intervention,0.001537
3,82,intervention,0.001506
6,82,intervention,0.001535
9,82,intervention,0.001549
12,82,intervention,0.001564
15,82,intervention,0.0015785
18,82,intervention,0.0015805
21,82,intervention,0.0015915
24,82,intervention,0.001629
27,82,intervention,0.001624
30,82,intervention,0.0016325
33,82,intervention,0.001632
36,82,intervention,0.0016645
39,82,intervention,0.0016895
42,82,intervention,0.001684
45,82,intervention,0.001683
48,82,intervention,0.001683
0,83,intervention,0.0056055
3,83,intervention,0.0056005
6,83,intervention,0.0055815
9,83,intervention,0.0055835
12,83,intervention,0.005649
15,83,intervention,0.0056465
18,83,intervention,0.0057665
21,83,intervention,0.0057475
24,83,intervention,0.0057195
27,83,intervention,0.00576
30,83,intervention,0.0057575
33,83,intervention,0.005786
36,83,intervention,0.0057845
39,83,intervention,0.00576
42,83,intervention,0.0058375
45,83,intervention,0.005755
48,83,intervention,0.0058235
0,84,intervention,0.001665
3,84,intervention,0.001657
6,84,intervention,0.001675
9,84,intervention,0.001687
12,84,intervention,0.001724
15,84,intervention,0.00172
18,84,intervention,0.001731
21,84,intervention,0.0017325
24,84,intervention,0.001793
27,84,intervention,0.0017455
30,84,intervention,0.001783
33,84,intervention,0.0018515
36,84,intervention,0.001842
39,84,intervention,0.0018375
42,84,intervention,0.001849
45,84,intervention,0.001866
48,84,intervention,0.001822
0,85,intervention,0.0018145
3,85,intervention,0.0018085
6,85,intervention,0.0018255
9,85,intervention,0.001808
12,85,intervention,0.001852
15,85,intervention,0.00185
18,85,intervention,0.0018365
21,85,intervention,0.0018625
24,85,intervention,0.0018685
27,85,intervention,0.0018715
30,85,intervention,0.0019145
33,85,intervention,0.0019465
36,85,intervention,0.001946
39,85,intervention,0.0019685
42,85,intervention,0.0019705
45,85,intervention,0.001943
48,85,intervention,0.0019495
0,86,intervention,0.003402
3,86,intervention,0.00343
6,86,intervention,0.0033785
9,86,intervention,0.0034665
12,86,intervention,0.003442
15,86,intervention,0.003418
18,86,intervention,0.003427
21,86,intervention,0.0035235
24,86,intervention,0.003532
27,86,intervention,0.0035105
30,86,intervention,0.0034905
33,86,intervention,0.003524
36,86,intervention,0.0035675
39,86,intervention,0.003536
42,86,intervention,0.003526
45,86,intervention,0.0035285
48,86,intervention,0.0035495
0,87,intervention,0.005581
3,87,intervention,0.0055375
6,87,intervention,0.0055695
9,87,intervention,0.0056315
12,87,intervention,0.0056505
15,87,intervention,0.005633
18,87,intervention,0.0056085
21,87,intervention,0.005709
24,87,intervention,0.005646
27,87,intervention,0.00572
30,87,intervention,0.005734
33,87,intervention,0.005683
36,87,intervention,0.0057975
39,87,intervention,0.005746
42,87,intervention,0.005722
45,87,intervention,0.0057645
48,87,intervention,0.0057285
0,88,intervention,0.00147
3,88,intervention,0.0014795
6,88,intervention,0.001496
9,88,intervention,0.0015315
12,88,intervention,0.0015055
15,88,intervention,0.0015305
18,88,intervention,0.001547
21,88,intervention,0.001576
24,88,intervention,0.0016165
27,88,intervention,0.0015895
30,88,intervention,0.0015675
33,88,intervention,0.001604
36,88,intervention,0.001663
39,88,intervention,0.001624
42,88,intervention,0.001629
45,88,intervention,0.0016525
48,88,intervention,0.001651
0,89,intervention,0.002453
3,89,intervention,0.0024635
6,89,intervention,0.002451
9,89,intervention,0.0024635
12,89,intervention,0.002505
15,89,intervention,0.002538
18,89,intervention,0.0024705
21,89,intervention,0.0025435
24,89,intervention,0.0025505
27,89,intervention,0.0025275
30,89,intervention,0.0025245
33,89,intervention,0.002551
36,89,intervention,0.0026065
39,89,intervention,0.002583
42,89,intervention,0.002607
45,89,intervention,0.002586
48,89,intervention,0.0025575
0,9,intervention,0.002425
3,9,intervention,0.0024225
6,9,intervention,0.0024115
9,9,intervention,0.002483
12,9,intervention,0.002478
15,9,intervention,0.00247
18,9,intervention,0.002479
21,9,intervention,0.0025465
24,9,intervention,0.0025245
27,9,intervention,0.0025345
30,9,intervention,0.0025565
33,9,intervention,0.0025985
36,9,intervention,0.0026225
39,9,intervention,0.002574
42,9,intervention,0.0025845
45,9,intervention,0.002625
48,9,intervention,0.002638
0,90,intervention,0.0011615
3,90,intervention,0.001144
6,90,intervention,0.001146
9,90,intervention,0.0011635
12,90,intervention,0.0011775
15,90,intervention,0.0011845
18,90,intervention,0.0011845
21,90,intervention,0.001211
24,90,intervention,0.0012255
27,90,intervention,0.0012075
30,90,intervention,0.0012325
33,90,intervention,0.001279
36,90,intervention,0.0013
39,90,intervention,0.001288
42,90,intervention,0.0012655
45,90,intervention,0.001295
48,90,intervention,0.0013075
0,91,intervention,0.002103
3,91,intervention,0.00209
6,91,intervention,0.0021215
9,91,intervention,0.0021435
12,91,intervention,0.0021495
15,91,intervention,0.0021505
18,91,intervention,0.002145
21,91,intervention,0.0021785
24,91,intervention,0.002205
27,91,intervention,0.0022045
30,91,intervention,0.0021905
33,91,intervention,0.0022225
36,91,intervention,0.002248
39,91,intervention,0.002238
42,91,intervention,0.0022615
45,91,intervention,0.002257
48,91,intervention,0.002251
0,92,intervention,0.003432
3,92,intervention,0.0034390000000000002
6,92,intervention,0.0033995
9,92,intervention,0.0034635
12,92,intervention,0.003473
15,92,intervention,0.0034965
18,92,intervention,0.003471
21,92,intervention,0.0035175
24,92,intervention,0.003547
27,92,intervention,0.003541
30,92,intervention,0.003554
33,92,intervention,0.003563
36,92,intervention,0.0035995
39,92,intervention,0.0036145
42,92,intervention,0.003596
45,92,intervention,0.0035915
48,92,intervention,0.0035865
0,93,intervention,0.0019075
3,93,intervention,0.001896
6,93,intervention,0.001882
9,93,intervention,0.001906
12,93,intervention,0.0019385
15,93,intervention,0.001937
18,93,intervention,0.001954
21,93,intervention,0.001983
24,93,intervention,0.0019895
27,93,intervention,0.0019565
30,93,intervention,0.0019965
33,93,intervention,0.0020145
36,93,intervention,0.0021
39,93,intervention,0.002045
42,93,intervention,0.0020385
45,93,intervention,0.002072
48,93,intervention,0.0020625
0,94,intervention,0.004714
3,94,intervention,0.0047225
6,94,intervention,0.004709
9,94,intervention,0.0047425
12,94,intervention,0.004795
15,94,intervention,0.0047515
18,94,intervention,0.0047465
21,94,intervention,0.0048005
24,94,intervention,0.004839
27,94,intervention,0.0047795
30,94,intervention,0.004816
33,94,intervention,0.004859
36,94,intervention,0.0048535
39,94,intervention,0.004897
42,94,intervention,0.0048465
45,94,intervention,0.00485
48,94,intervention,0.0048755
0,95,intervention,0.003809
3,95,intervention,0.0038115
6,95,intervention,0.003837
9,95,intervention,0.003864
12,95,intervention,0.003867
15,95,intervention,0.0038515
18,95,intervention,0.0038835
21,95,intervention,0.003897
24,95,intervention,0.0039365
27,95,intervention,0.0039145
30,95,intervention,0.0039155
33,95,intervention,0.00398
36,95,intervention,0.003969
39,95,intervention,0.0039915
42,95,intervention,0.0039355
45,95,intervention,0.004
48,95,intervention,0.0039765
0,96,intervention,0.002753
3,96,intervention,0.0027245
6,96,intervention,0.0027435
9,96,intervention,0.002715
12,96,intervention,0.002772
15,96,intervention,0.0027765
18,96,intervention,0.0027655
21,96,intervention,0.0027715
24,96,intervention,0.0028035
27,96,intervention,0.002826
30,96,intervention,0.002812
33,96,intervention,0.0028335
36,96,intervention,0.0028855
39,96,intervention,0.0028925
42,96,intervention,0.002879
45,96,intervention,0.002924
48,96,intervention,0.002901
0,97,intervention,0.00384
3,97,intervention,0.0038105
6,97,intervention,0.003801
9,97,intervention,0.0038815
12,97,intervention,0.0038725
15,97,intervention,0.00387
18,97,intervention,0.0038415
21,97,intervention,0.0039255
24,97,intervention,0.003945
27,97,intervention,0.0039065
30,97,intervention,0.0039135
33,97,intervention,0.00393
36,97,intervention,0.004002
39,97,intervention,0.003992
42,97,intervention,0.0039875
45,97,intervention,0.0039925
48,97,intervention,0.003988
0,98,intervention,0.001761
3,98,intervention,0.0017545
6,98,intervention,0.0017635
9,98,intervention,0.0017925
12,98,intervention,0.0018335
15,98,intervention,0.0018175
18,98,intervention,0.0018115
21,98,intervention,0.0018415
24,98,intervention,0.0018675
27,98,intervention,0.0018905
30,98,intervention,0.00187
33,98,intervention,0.0018985
36,98,intervention,0.0019125
39,98,intervention,0.001938
42,98,intervention,0.0019145
45,98,intervention,0.0019145
48,98,intervention,0.0019385
0,99,intervention,0.0019905
3,99,intervention,0.0020005
6,99,intervention,0.001959
9,99,intervention,0.0020285
12,99,intervention,0.002071
15,99,intervention,0.002046
18,99,intervention,0.002071
21,99,intervention,0.0020595
24,99,intervention,0.002102
27,99,intervention,0.0020905
30,99,intervention,0.0020755
33,99,intervention,0.002135
36,99,intervention,0.0021625
39,99,intervention,0.0021405
42,99,intervention,0.0021675
45,99,intervention,0.0021635
48,99,intervention,0.002151
