Time,Seed,Model,Value
0,1,control,0.009251
3,1,control,0.0092365
6,1,control,0.009341
9,1,control,0.0093015
12,1,control,0.0093045
15,1,control,0.009283
18,1,control,0.009294
21,1,control,0.009271
24,1,control,0.009255
27,1,control,0.009351
30,1,control,0.0092355
33,1,control,0.0092695
36,1,control,0.009348
39,1,control,0.009319
42,1,control,0.0092935
45,1,control,0.009272
48,1,control,0.009282
0,10,control,0.0142625
3,10,control,0.014143
6,10,control,0.0141895
9,10,control,0.014185
12,10,control,0.0141235
15,10,control,0.0141565
18,10,control,0.0142215
21,10,control,0.014227
24,10,control,0.014157
27,10,control,0.0141685
30,10,control,0.01408
33,10,control,0.0142115
36,10,control,0.0141985
39,10,control,0.0141755
42,10,control,0.0142115
45,10,control,0.0141275
48,10,control,0.0141745
0,100,control,0.0192885
3,100,control,0.0192435
6,100,control,0.019259
9,100,control,0.019363
12,100,control,0.0192175
15,100,control,0.019287
18,100,control,0.019285
21,100,control,0.0193875
24,100,control,0.019331
27,100,control,0.0193215
30,100,control,0.019219
33,100,control,0.0192555
36,100,control,0.019266
39,100,control,0.0192925
42,100,control,0.019229
45,100,control,0.0192825
48,100,control,0.0191965
0,101,control,0.0076355
3,101,control,0.0076175
6,101,control,0.007653
9,101,control,0.007621
12,101,control,0.0075535
15,101,control,0.007605
18,101,control,0.007625
21,101,control,0.007613
24,101,control,0.0075985
27,101,control,0.0076415
30,101,control,0.007593
33,101,control,0.007589
36,101,control,0.007649
39,101,control,0.0075895
42,101,control,0.007591
45,101,control,0.007649
48,101,control,0.007622
0,102,control,0.0208885
3,102,control,0.020934
6,102,control,0.020798
9,102,control,0.020854
12,102,control,0.020859
15,102,control,0.020866
18,102,control,0.020896
21,102,control,0.0208595
24,102,control,0.020835
27,102,control,0.0208725
30,102,control,0.02084
33,102,control,0.020777
36,102,control,0.020908
39,102,control,0.020891
42,102,control,0.0207395
45,102,control,0.0208645
48,102,control,0.0208675
0,103,control,0.0130795
3,103,control,0.0130345
6,103,control,0.0131015
9,103,control,0.013095
12,103,control,0.013108
15,103,control,0.0130725
18,103,control,0.0131345
21,103,control,0.0130755
24,103,control,0.013158
27,103,control,0.013108
30,103,control,0.0131175
33,103,control,0.0131675
36,103,control,0.0131235
39,103,control,0.0131805
42,103,control,0.013092
45,103,control,0.0131545
48,103,control,0.013139
0,104,control,0.0216835
3,104,control,0.021726
6,104,control,0.0218065
9,104,control,0.0216885
12,104,control,0.0216395
15,104,control,0.021768
18,104,control,0.021698
21,104,control,0.021642
24,104,control,0.0217045
27,104,control,0.0217265
30,104,control,0.021698
33,104,control,0.0217165
36,104,control,0.0217275
39,104,control,0.021786
42,104,control,0.021626
45,104,control,0.021633
48,104,control,0.021758
0,105,control,0.011142
3,105,control,0.011174
6,105,control,0.011171
9,105,control,0.0111545
12,105,control,0.011137
15,105,control,0.0111015
18,105,control,0.011166
21,105,control,0.011107
24,105,control,0.011152
27,105,control,0.0110915
30,105,control,0.011124
33,105,control,0.0111055
36,105,control,0.0111945
39,105,control,0.0110935
42,105,control,0.0110895
45,105,control,0.011117
48,105,control,0.011127
0,106,control,0.020385
3,106,control,0.020356
6,106,control,0.0203455
9,106,control,0.020438
12,106,control,0.0204605
15,106,control,0.0204955
18,106,control,0.0203535
21,106,control,0.020396
24,106,control,0.020398
27,106,control,0.0204035
30,106,control,0.0203905
33,106,control,0.020397
36,106,control,0.0204265
39,106,control,0.02039
42,106,control,0.020354
45,106,control,0.0203695
48,106,control,0.020421
0,107,control,0.0223565
3,107,control,0.0224545
6,107,control,0.0224345
9,107,control,0.022492
12,107,control,0.0223555
15,107,control,0.0224795
18,107,control,0.0225085
21,107,control,0.022405
24,107,control,0.02239
27,107,control,0.0224045
30,107,control,0.022433
33,107,control,0.0223665
36,107,control,0.022516
39,107,control,0.022476
42,107,control,0.022418
45,107,control,0.02245
48,107,control,0.0224435
0,108,control,0.01809
3,108,control,0.0182605
6,108,control,0.0180845
9,108,control,0.0181505
12,108,control,0.0181705
15,108,control,0.018183
18,108,control,0.018264
21,108,control,0.018188
24,108,control,0.018248
27,108,control,0.0182825
30,108,control,0.0181545
33,108,control,0.0182055
36,108,control,0.018115
39,108,control,0.018193
42,108,control,0.018175
45,108,control,0.0182055
48,108,control,0.018172
0,109,control,0.013333
3,109,control,0.013243
6,109,control,0.0133055
9,109,control,0.0132865
12,109,control,0.0132865
15,109,control,0.013303
18,109,control,0.0133715
21,109,control,0.013317
24,109,control,0.013327
27,109,control,0.013221
30,109,control,0.013271
33,109,control,0.013286
36,109,control,0.0133395
39,109,control,0.0133095
42,109,control,0.0133515
45,109,control,0.01329
48,109,control,0.0133135
0,11,control,0.016612
3,11,control,0.0167345
6,11,control,0.016646
9,11,control,0.016677
12,11,control,0.016669
15,11,control,0.016618
18,11,control,0.016693
21,11,control,0.016636
24,11,control,0.0166375
27,11,control,0.0166885
30,11,control,0.016658
33,11,control,0.016644
36,11,control,0.016615
39,11,control,0.0166215
42,11,control,0.0166375
45,11,control,0.0166695
48,11,control,0.016688
0,110,control,0.0054055
3,110,control,0.0053695
6,110,control,0.0053315
9,110,control,0.005394
12,110,control,0.0053675
15,110,control,0.0053615
18,110,control,0.00533
21,110,control,0.0053685
24,110,control,0.005348
27,110,control,0.0053685
30,110,control,0.005355
33,110,control,0.005411
36,110,control,0.0053875
39,110,control,0.0053585
42,110,control,0.005333
45,110,control,0.005389
48,110,control,0.0053575
0,111,control,0.015645
3,111,control,0.015661
6,111,control,0.015595
9,111,control,0.0156805
12,111,control,0.015605
15,111,control,0.0156005
18,111,control,0.0157035
21,111,control,0.015676
24,111,control,0.0157045
27,111,control,0.0156455
30,111,control,0.0156655
33,111,control,0.015663
36,111,control,0.0157315
39,111,control,0.01565
42,111,control,0.015607
45,111,control,0.015651
48,111,control,0.015608
0,112,control,0.017036
3,112,control,0.0171
6,112,control,0.0170085
9,112,control,0.0170745
12,112,control,0.017068
15,112,control,0.0170235
18,112,control,0.017066
21,112,control,0.0171275
24,112,control,0.017008
27,112,control,0.016996
30,112,control,0.017132
33,112,control,0.0170865
36,112,control,0.0170505
39,112,control,0.017036
42,112,control,0.016989
45,112,control,0.017041
48,112,control,0.01699
0,113,control,0.0113375
3,113,control,0.0112325
6,113,control,0.011316
9,113,control,0.011271
12,113,control,0.011242
15,113,control,0.0112755
18,113,control,0.01129
21,113,control,0.0112955
24,113,control,0.011358
27,113,control,0.0112845
30,113,control,0.011381
33,113,control,0.011265
36,113,control,0.0113275
39,113,control,0.011269
42,113,control,0.011343
45,113,control,0.0113145
48,113,control,0.0111905
0,114,control,0.0190345
3,114,control,0.0189995
6,114,control,0.0189555
9,114,control,0.01892
12,114,control,0.0189405
15,114,control,0.0190055
18,114,control,0.0189515
21,114,control,0.018971
24,114,control,0.0189895
27,114,control,0.018983
30,114,control,0.0189865
33,114,control,0.018995
36,114,control,0.0190225
39,114,control,0.019025
42,114,control,0.0190315
45,114,control,0.019004
48,114,control,0.0189825
0,115,control,0.0091115
3,115,control,0.009144
6,115,control,0.009158
9,115,control,0.0090935
12,115,control,0.009122
15,115,control,0.0090965
18,115,control,0.009129
21,115,control,0.0090865
24,115,control,0.0091595
27,115,control,0.00916
30,115,control,0.009092
33,115,control,0.0091395
36,115,control,0.009134
39,115,control,0.0091435
42,115,control,0.0091315
45,115,control,0.009177
48,115,control,0.0091615
0,116,control,0.020327
3,116,control,0.020164
6,116,control,0.020148
9,116,control,0.020278
12,116,control,0.0202955
15,116,control,0.0202385
18,116,control,0.020242
21,116,control,0.020265
24,116,control,0.0203715
27,116,control,0.0202275
30,116,control,0.020281
33,116,control,0.0202115
36,116,control,0.020277
39,116,control,0.02026
42,116,control,0.0202855
45,116,control,0.020236
48,116,control,0.0202375
0,117,control,0.0177995
3,117,control,0.0177635
6,117,control,0.0177475
9,117,control,0.017787
12,117,control,0.0177215
15,117,control,0.017775
18,117,control,0.017684
21,117,control,0.017805
24,117,control,0.017717
27,117,control,0.017842
30,117,control,0.0177415
33,117,control,0.017697
36,117,control,0.017751
39,117,control,0.0177885
42,117,control,0.0177585
45,117,control,0.017755
48,117,control,0.0177455
0,118,control,0.011898
3,118,control,0.0119365
6,118,control,0.011978
9,118,control,0.01197
12,118,control,0.0119155
15,118,control,0.0119775
18,118,control,0.011936
21,118,control,0.0119485
24,118,control,0.011951
27,118,control,0.011982
30,118,control,0.011948
33,118,control,0.0119155
36,118,control,0.0119695
39,118,control,0.011918
42,118,control,0.011934
45,118,control,0.011886
48,118,control,0.011976
0,119,control,0.0067925
3,119,control,0.006769
6,119,control,0.006753
9,119,control,0.006798
12,119,control,0.0067895
15,119,control,0.0067785
18,119,control,0.0067905
21,119,control,0.0068315
24,119,control,0.0068075
27,119,control,0.0067885
30,119,control,0.0067635
33,119,control,0.006812
36,119,control,0.006774
39,119,control,0.0067685
42,119,control,0.0067915
45,119,control,0.00677
48,119,control,0.006756
0,12,control,0.035491
3,12,control,0.035431
6,12,control,0.035439
9,12,control,0.035448
12,12,control,0.035358
15,12,control,0.035398
18,12,control,0.03549
21,12,control,0.035437
24,12,control,0.0353775
27,12,control,0.0351715
30,12,control,0.035409
33,12,control,0.0353665
36,12,control,0.035399
39,12,control,0.035485
42,12,control,0.035412
45,12,control,0.035312
48,12,control,0.0354225
0,120,control,0.0299675
3,120,control,0.0299785
6,120,control,0.030086
9,120,control,0.030092
12,120,control,0.029974
15,120,control,0.0300555
18,120,control,0.0300975
21,120,control,0.0300215
24,120,control,0.029922
27,120,control,0.0300255
30,120,control,0.0300005
33,120,control,0.0300235
36,120,control,0.0299495
39,120,control,0.03005
42,120,control,0.0299025
45,120,control,0.0299145
48,120,control,0.0298675
0,121,control,0.0159895
3,121,control,0.0159995
6,121,control,0.016029
9,121,control,0.015969
12,121,control,0.015997
15,121,control,0.0160135
18,121,control,0.016061
21,121,control,0.016035
24,121,control,0.0161305
27,121,control,0.0160025
30,121,control,0.016017
33,121,control,0.016031
36,121,control,0.0159425
39,121,control,0.0159395
42,121,control,0.016071
45,121,control,0.01603
48,121,control,0.0160445
0,122,control,0.01127
3,122,control,0.011265
6,122,control,0.0113805
9,122,control,0.0112935
12,122,control,0.011222
15,122,control,0.011298
18,122,control,0.0112745
21,122,control,0.0112545
24,122,control,0.011381
27,122,control,0.0112385
30,122,control,0.011321
33,122,control,0.011281
36,122,control,0.011272
39,122,control,0.0112915
42,122,control,0.0112095
45,122,control,0.011201
48,122,control,0.0113055
0,123,control,0.015918
3,123,control,0.015862
6,123,control,0.0158035
9,123,control,0.0158645
12,123,control,0.0158395
15,123,control,0.0160065
18,123,control,0.015796
21,123,control,0.0158865
24,123,control,0.0158945
27,123,control,0.0158725
30,123,control,0.015851
33,123,control,0.0158865
36,123,control,0.015803
39,123,control,0.0159325
42,123,control,0.0158865
45,123,control,0.015798
48,123,control,0.015929
0,124,control,0.0150405
3,124,control,0.0151165
6,124,control,0.015006
9,124,control,0.01515
12,124,control,0.0149855
15,124,control,0.0150325
18,124,control,0.015052
21,124,control,0.0149845
24,124,control,0.0151025
27,124,control,0.015026
30,124,control,0.015112
33,124,control,0.0151175
36,124,control,0.015124
39,124,control,0.014974
42,124,control,0.0150735
45,124,control,0.0150345
48,124,control,0.0150385
0,125,control,0.024315
3,125,control,0.0242935
6,125,control,0.0242565
9,125,control,0.0243615
12,125,control,0.0242735
15,125,control,0.024312
18,125,control,0.0242835
21,125,control,0.0243365
24,125,control,0.024355
27,125,control,0.024229
30,125,control,0.024408
33,125,control,0.0242825
36,125,control,0.0242325
39,125,control,0.0243305
42,125,control,0.02424
45,125,control,0.024341
48,125,control,0.024227
0,126,control,0.009755
3,126,control,0.009771
6,126,control,0.009662
9,126,control,0.009731
12,126,control,0.0097885
15,126,control,0.009768
18,126,control,0.009799
21,126,control,0.009784
24,126,control,0.009819
27,126,control,0.0097045
30,126,control,0.009766
33,126,control,0.0097905
36,126,control,0.0097405
39,126,control,0.009701
42,126,control,0.009699
45,126,control,0.009729
48,126,control,0.0097995
0,127,control,0.0138135
3,127,control,0.0137865
6,127,control,0.0138145
9,127,control,0.013812
12,127,control,0.013842
15,127,control,0.0137605
18,127,control,0.01376
21,127,control,0.0137915
24,127,control,0.0137565
27,127,control,0.013751
30,127,control,0.01371
33,127,control,0.0138055
36,127,control,0.013783
39,127,control,0.0138275
42,127,control,0.013744
45,127,control,0.0138265
48,127,control,0.013725
0,128,control,0.0179155
3,128,control,0.017835
6,128,control,0.0178765
9,128,control,0.0179295
12,128,control,0.017966
15,128,control,0.0179215
18,128,control,0.017848
21,128,control,0.0179145
24,128,control,0.017915
27,128,control,0.017826
30,128,control,0.01797
33,128,control,0.0178795
36,128,control,0.0179495
39,128,control,0.017943
42,128,control,0.0179165
45,128,control,0.0179185
48,128,control,0.017858
0,129,control,0.01896
3,129,control,0.019089
6,129,control,0.0190995
9,129,control,0.0190155
12,129,control,0.0191265
15,129,control,0.0190005
18,129,control,0.0190395
21,129,control,0.019078
24,129,control,0.019035
27,129,control,0.0190325
30,129,control,0.019032
33,129,control,0.01902
36,129,control,0.019027
39,129,control,0.01898
42,129,control,0.019024
45,129,control,0.0190455
48,129,control,0.0190515
0,13,control,0.014871
3,13,control,0.0148935
6,13,control,0.0148605
9,13,control,0.0148985
12,13,control,0.0148745
15,13,control,0.0148895
18,13,control,0.0148155
21,13,control,0.014908
24,13,control,0.014783
27,13,control,0.014914
30,13,control,0.014879
33,13,control,0.014803
36,13,control,0.014916
39,13,control,0.01485
42,13,control,0.0148895
45,13,control,0.014915
48,13,control,0.014918
0,130,control,0.028371
3,130,control,0.0283525
6,130,control,0.028458
9,130,control,0.028466
12,130,control,0.028449
15,130,control,0.0283875
18,130,control,0.0283475
21,130,control,0.028553
24,130,control,0.028316
27,130,control,0.028444
30,130,control,0.0284355
33,130,control,0.02842
36,130,control,0.028463
39,130,control,0.0283395
42,130,control,0.028399
45,130,control,0.0285765
48,130,control,0.028442
0,131,control,0.0195735
3,131,control,0.019718
6,131,control,0.0195505
9,131,control,0.019603
12,131,control,0.0195895
15,131,control,0.0196065
18,131,control,0.019672
21,131,control,0.019654
24,131,control,0.019587
27,131,control,0.019693
30,131,control,0.0196065
33,131,control,0.019585
36,131,control,0.019567
39,131,control,0.0196745
42,131,control,0.019634
45,131,control,0.019682
48,131,control,0.019575
0,132,control,0.019999
3,132,control,0.019904
6,132,control,0.019976
9,132,control,0.020031
12,132,control,0.019982
15,132,control,0.019988
18,132,control,0.019993
21,132,control,0.019965
24,132,control,0.020026
27,132,control,0.019947
30,132,control,0.0199975
33,132,control,0.019948
36,132,control,0.0199095
39,132,control,0.019943
42,132,control,0.019956
45,132,control,0.020004
48,132,control,0.019975
0,133,control,0.0120235
3,133,control,0.0120315
6,133,control,0.0120605
9,133,control,0.0120505
12,133,control,0.0120545
15,133,control,0.0120105
18,133,control,0.0120485
21,133,control,0.01198
24,133,control,0.0121135
27,133,control,0.0119925
30,133,control,0.012037
33,133,control,0.0120965
36,133,control,0.012042
39,133,control,0.0120775
42,133,control,0.0120415
45,133,control,0.0120425
48,133,control,0.0120635
0,134,control,0.0126105
3,134,control,0.0125675
6,134,control,0.012643
9,134,control,0.012641
12,134,control,0.0125555
15,134,control,0.012648
18,134,control,0.0125985
21,134,control,0.0125965
24,134,control,0.0126375
27,134,control,0.0126465
30,134,control,0.01258
33,134,control,0.012626
36,134,control,0.0125945
39,134,control,0.012587
42,134,control,0.0125465
45,134,control,0.012647
48,134,control,0.0125305
0,135,control,0.0068155
3,135,control,0.0068115
6,135,control,0.006797
9,135,control,0.0067975
12,135,control,0.006776
15,135,control,0.006787
18,135,control,0.006831
21,135,control,0.006817
24,135,control,0.0067915
27,135,control,0.0068125
30,135,control,0.006832
33,135,control,0.0067955
36,135,control,0.0068165
39,135,control,0.006806
42,135,control,0.006801
45,135,control,0.0067945
48,135,control,0.0068365
0,136,control,0.0149045
3,136,control,0.0148075
6,136,control,0.014791
9,136,control,0.014828
12,136,control,0.014833
15,136,control,0.0148815
18,136,control,0.0148315
21,136,control,0.0148865
24,136,control,0.014828
27,136,control,0.0147325
30,136,control,0.014764
33,136,control,0.014794
36,136,control,0.0149085
39,136,control,0.0148565
42,136,control,0.014809
45,136,control,0.0148085
48,136,control,0.014758
0,137,control,0.0111725
3,137,control,0.0112825
6,137,control,0.011224
9,137,control,0.0111465
12,137,control,0.0112115
15,137,control,0.0111765
18,137,control,0.0112575
21,137,control,0.011195
24,137,control,0.011208
27,137,control,0.011262
30,137,control,0.0112225
33,137,control,0.011211
36,137,control,0.011253
39,137,control,0.0112085
42,137,control,0.011189
45,137,control,0.011224
48,137,control,0.0111655
0,138,control,0.006032
3,138,control,0.006008
6,138,control,0.0059485
9,138,control,0.006004
12,138,control,0.006008
15,138,control,0.0059545
18,138,control,0.0059615
21,138,control,0.0060155
24,138,control,0.0059555
27,138,control,0.0059835
30,138,control,0.005999
33,138,control,0.0059595
36,138,control,0.0059775
39,138,control,0.005952
42,138,control,0.005959
45,138,control,0.005953
48,138,control,0.005954
0,139,control,0.018183
3,139,control,0.018074
6,139,control,0.018185
9,139,control,0.0182375
12,139,control,0.0181615
15,139,control,0.018175
18,139,control,0.018166
21,139,control,0.0181075
24,139,control,0.018155
27,139,control,0.0181525
30,139,control,0.0181535
33,139,control,0.0181745
36,139,control,0.0181665
39,139,control,0.018103
42,139,control,0.0181935
45,139,control,0.0181625
48,139,control,0.0181305
0,14,control,0.010659
3,14,control,0.0106925
6,14,control,0.0107355
9,14,control,0.010693
12,14,control,0.01064
15,14,control,0.010642
18,14,control,0.0107125
21,14,control,0.0107015
24,14,control,0.010639
27,14,control,0.010668
30,14,control,0.010695
33,14,control,0.010684
36,14,control,0.010722
39,14,control,0.010649
42,14,control,0.010778
45,14,control,0.010619
48,14,control,0.010686
0,140,control,0.0080815
3,140,control,0.008139
6,140,control,0.008113
9,140,control,0.00811
12,140,control,0.0081025
15,140,control,0.0080975
18,140,control,0.0080805
21,140,control,0.0081065
24,140,control,0.0080985
27,140,control,0.0080885
30,140,control,0.008108
33,140,control,0.008146
36,140,control,0.0081525
39,140,control,0.008052
42,140,control,0.008045
45,140,control,0.0081305
48,140,control,0.0080955
0,141,control,0.0239095
3,141,control,0.023761
6,141,control,0.023871
9,141,control,0.0238425
12,141,control,0.0238035
15,141,control,0.0238975
18,141,control,0.0238215
21,141,control,0.0238635
24,141,control,0.0239675
27,141,control,0.0239015
30,141,control,0.023887
33,141,control,0.023866
36,141,control,0.023793
39,141,control,0.0239945
42,141,control,0.0239495
45,141,control,0.023925
48,141,control,0.023862
0,142,control,0.010009
3,142,control,0.0099895
6,142,control,0.00992
9,142,control,0.0099575
12,142,control,0.0098815
15,142,control,0.009971
18,142,control,0.0099715
21,142,control,0.009891
24,142,control,0.0099395
27,142,control,0.00992
30,142,control,0.009932
33,142,control,0.009954
36,142,control,0.009894
39,142,control,0.0099235
42,142,control,0.0099085
45,142,control,0.0098715
48,142,control,0.0099265
0,143,control,0.008098
3,143,control,0.008167
6,143,control,0.008173
9,143,control,0.0081505
12,143,control,0.0081565
15,143,control,0.008168
18,143,control,0.008162
21,143,control,0.0081415
24,143,control,0.0081195
27,143,control,0.0080575
30,143,control,0.008122
33,143,control,0.008116
36,143,control,0.0081555
39,143,control,0.008123
42,143,control,0.00815
45,143,control,0.0081095
48,143,control,0.008152
0,144,control,0.021263
3,144,control,0.0212325
6,144,control,0.021222
9,144,control,0.02113
12,144,control,0.021205
15,144,control,0.0211835
18,144,control,0.021295
21,144,control,0.021188
24,144,control,0.0211935
27,144,control,0.021104
30,144,control,0.021229
33,144,control,0.0212565
36,144,control,0.021142
39,144,control,0.0211465
42,144,control,0.0212065
45,144,control,0.0212195
48,144,control,0.0211875
0,145,control,0.020145
3,145,control,0.020282
6,145,control,0.020205
9,145,control,0.0201915
12,145,control,0.020294
15,145,control,0.0202325
18,145,control,0.0202385
21,145,control,0.020257
24,145,control,0.0201795
27,145,control,0.0203295
30,145,control,0.020204
33,145,control,0.0202225
36,145,control,0.020241
39,145,control,0.020223
42,145,control,0.0202045
45,145,control,0.020312
48,145,control,0.0202205
0,146,control,0.0059355
3,146,control,0.0059305
6,146,control,0.005923
9,146,control,0.0058955
12,146,control,0.0058895
15,146,control,0.0059265
18,146,control,0.00593
21,146,control,0.005955
24,146,control,0.0059195
27,146,control,0.005897
30,146,control,0.0058995
33,146,control,0.0059245
36,146,control,0.005932
39,146,control,0.0059
42,146,control,0.0059015
45,146,control,0.005922
48,146,control,0.005936
0,147,control,0.006603
3,147,control,0.006617
6,147,control,0.0065945
9,147,control,0.0066495
12,147,control,0.006633
15,147,control,0.006633
18,147,control,0.0066275
21,147,control,0.0066665
24,147,control,0.0066215
27,147,control,0.0066485
30,147,control,0.006613
33,147,control,0.006686
36,147,control,0.006637
39,147,control,0.006642
42,147,control,0.0066515
45,147,control,0.0066625
48,147,control,0.006609
0,148,control,0.010007
3,148,control,0.0099765
6,148,control,0.009968
9,148,control,0.009857
12,148,control,0.0098905
15,148,control,0.009855
18,148,control,0.0098905
21,148,control,0.0099155
24,148,control,0.009846
27,148,control,0.0099095
30,148,control,0.0099145
33,148,control,0.0098875
36,148,control,0.009888
39,148,control,0.0098995
42,148,control,0.0098735
45,148,control,0.009936
48,148,control,0.0099
0,149,control,0.008476
3,149,control,0.00848
6,149,control,0.0084795
9,149,control,0.008532
12,149,control,0.0085245
15,149,control,0.0084965
18,149,control,0.008476
21,149,control,0.008463
24,149,control,0.0084685
27,149,control,0.008511
30,149,control,0.008478
33,149,control,0.008435
36,149,control,0.0084955
39,149,control,0.008479
42,149,control,0.008469
45,149,control,0.0084595
48,149,control,0.0084615
0,15,control,0.012164
3,15,control,0.0121885
6,15,control,0.012079
9,15,control,0.0122045
12,15,control,0.0121185
15,15,control,0.0121245
18,15,control,0.0121135
21,15,control,0.0121705
24,15,control,0.012167
27,15,control,0.0121735
30,15,control,0.0121665
33,15,control,0.0121165
36,15,control,0.0121605
39,15,control,0.012164
42,15,control,0.0120985
45,15,control,0.0121105
48,15,control,0.012161
0,150,control,0.026619
3,150,control,0.026712
6,150,control,0.026851
9,150,control,0.026735
12,150,control,0.0266795
15,150,control,0.0267835
18,150,control,0.0266535
21,150,control,0.026728
24,150,control,0.026685
27,150,control,0.0268535
30,150,control,0.0267425
33,150,control,0.026634
36,150,control,0.0268115
39,150,control,0.026773
42,150,control,0.0266365
45,150,control,0.0265995
48,150,control,0.026682
0,151,control,0.006699
3,151,control,0.006749
6,151,control,0.006699
9,151,control,0.0067515
12,151,control,0.0066885
15,151,control,0.006722
18,151,control,0.006776
21,151,control,0.006741
24,151,control,0.00675
27,151,control,0.006726
30,151,control,0.0067365
33,151,control,0.0067455
36,151,control,0.00673
39,151,control,0.006723
42,151,control,0.0066945
45,151,control,0.0067385
48,151,control,0.006719
0,152,control,0.017335
3,152,control,0.017341
6,152,control,0.0173115
9,152,control,0.0172235
12,152,control,0.017377
15,152,control,0.017311
18,152,control,0.017355
21,152,control,0.0173485
24,152,control,0.0173515
27,152,control,0.017298
30,152,control,0.017337
33,152,control,0.017258
36,152,control,0.0173255
39,152,control,0.0173095
42,152,control,0.0173965
45,152,control,0.017323
48,152,control,0.0173395
0,153,control,0.014349
3,153,control,0.0143235
6,153,control,0.0143205
9,153,control,0.0144405
12,153,control,0.014319
15,153,control,0.0143645
18,153,control,0.0144275
21,153,control,0.014364
24,153,control,0.0144475
27,153,control,0.014386
30,153,control,0.0144025
33,153,control,0.014343
36,153,control,0.0144
39,153,control,0.01442
42,153,control,0.0144165
45,153,control,0.0144095
48,153,control,0.0143455
0,154,control,0.0106385
3,154,control,0.0106455
6,154,control,0.010644
9,154,control,0.0106655
12,154,control,0.0106475
15,154,control,0.010668
18,154,control,0.0106655
21,154,control,0.0105825
24,154,control,0.0106605
27,154,control,0.0106665
30,154,control,0.010635
33,154,control,0.010623
36,154,control,0.010645
39,154,control,0.0106655
42,154,control,0.010656
45,154,control,0.0106735
48,154,control,0.010651
0,155,control,0.010599
3,155,control,0.0105985
6,155,control,0.010556
9,155,control,0.0106065
12,155,control,0.0105515
15,155,control,0.010538
18,155,control,0.0106225
21,155,control,0.010571
24,155,control,0.0105065
27,155,control,0.0105745
30,155,control,0.0105615
33,155,control,0.010587
36,155,control,0.0105465
39,155,control,0.010602
42,155,control,0.0105855
45,155,control,0.010497
48,155,control,0.0105925
0,156,control,0.029255
3,156,control,0.0294115
6,156,control,0.029229
9,156,control,0.0292245
12,156,control,0.0292355
15,156,control,0.029304
18,156,control,0.02932
21,156,control,0.029222
24,156,control,0.029328
27,156,control,0.029188
30,156,control,0.029387
33,156,control,0.0292785
36,156,control,0.0293275
39,156,control,0.0292835
42,156,control,0.0292255
45,156,control,0.0292715
48,156,control,0.029264
0,157,control,0.008227
3,157,control,0.0082355
6,157,control,0.0082515
9,157,control,0.0082795
12,157,control,0.0082275
15,157,control,0.008236
18,157,control,0.0082685
21,157,control,0.008185
24,157,control,0.0082485
27,157,control,0.008206
30,157,control,0.008274
33,157,control,0.0082585
36,157,control,0.008287
39,157,control,0.0083475
42,157,control,0.0082205
45,157,control,0.008253
48,157,control,0.008238
0,158,control,0.0117665
3,158,control,0.0117775
6,158,control,0.0116965
9,158,control,0.0117415
12,158,control,0.011831
15,158,control,0.011757
18,158,control,0.011767
21,158,control,0.0118175
24,158,control,0.01173
27,158,control,0.011799
30,158,control,0.011801
33,158,control,0.0117555
36,158,control,0.011755
39,158,control,0.0117335
42,158,control,0.011787
45,158,control,0.011759
48,158,control,0.0117905
0,159,control,0.029585
3,159,control,0.029433
6,159,control,0.029501
9,159,control,0.029473
12,159,control,0.029563
15,159,control,0.0294695
18,159,control,0.0295605
21,159,control,0.0294405
24,159,control,0.029543
27,159,control,0.0294805
30,159,control,0.029465
33,159,control,0.0295405
36,159,control,0.029335
39,159,control,0.0295985
42,159,control,0.029467
45,159,control,0.029529
48,159,control,0.029424
0,16,control,0.020041
3,16,control,0.020001
6,16,control,0.0199035
9,16,control,0.020001
12,16,control,0.019973
15,16,control,0.020003
18,16,control,0.0199335
21,16,control,0.020045
24,16,control,0.020083
27,16,control,0.0200195
30,16,control,0.019914
33,16,control,0.0200195
36,16,control,0.019921
39,16,control,0.020047
42,16,control,0.0199655
45,16,control,0.019993
48,16,control,0.019937
0,160,control,0.0258
3,160,control,0.025707
6,160,control,0.025656
9,160,control,0.0256645
12,160,control,0.025649
15,160,control,0.0257655
18,160,control,0.0257755
21,160,control,0.025645
24,160,control,0.0257355
27,160,control,0.025731
30,160,control,0.0258035
33,160,control,0.0257825
36,160,control,0.025709
39,160,control,0.0257735
42,160,control,0.025717
45,160,control,0.025699
48,160,control,0.0257605
0,161,control,0.007887
3,161,control,0.007922
6,161,control,0.007907
9,161,control,0.0079435
12,161,control,0.0079025
15,161,control,0.007964
18,161,control,0.007951
21,161,control,0.0079665
24,161,control,0.0079415
27,161,control,0.007938
30,161,control,0.007941
33,161,control,0.007923
36,161,control,0.007906
39,161,control,0.0079245
42,161,control,0.0079075
45,161,control,0.007927
48,161,control,0.0079405
0,162,control,0.009156
3,162,control,0.0090755
6,162,control,0.009093
9,162,control,0.009122
12,162,control,0.0091095
15,162,control,0.0090775
18,162,control,0.0090485
21,162,control,0.0090325
24,162,control,0.0091205
27,162,control,0.009089
30,162,control,0.00908
33,162,control,0.009104
36,162,control,0.0090515
39,162,control,0.009059
42,162,control,0.0091335
45,162,control,0.009108
48,162,control,0.0090905
0,163,control,0.00799
3,163,control,0.007974
6,163,control,0.0079525
9,163,control,0.007974
12,163,control,0.0080285
15,163,control,0.0078945
18,163,control,0.0079345
21,163,control,0.007933
24,163,control,0.007987
27,163,control,0.007966
30,163,control,0.007961
33,163,control,0.007955
36,163,control,0.007976
39,163,control,0.0080045
42,163,control,0.007921
45,163,control,0.008023
48,163,control,0.007955
0,164,control,0.0340505
3,164,control,0.034056
6,164,control,0.034009
9,164,control,0.0340505
12,164,control,0.0339825
15,164,control,0.034037
18,164,control,0.0339855
21,164,control,0.0340135
24,164,control,0.034135
27,164,control,0.0340375
30,164,control,0.0339745
33,164,control,0.0339905
36,164,control,0.034028
39,164,control,0.0340395
42,164,control,0.0340525
45,164,control,0.03416
48,164,control,0.0340695
0,165,control,0.0081735
3,165,control,0.008167
6,165,control,0.0081145
9,165,control,0.0081225
12,165,control,0.008153
15,165,control,0.008085
18,165,control,0.0081215
21,165,control,0.0080995
24,165,control,0.00821
27,165,control,0.008161
30,165,control,0.0081405
33,165,control,0.0081335
36,165,control,0.0081445
39,165,control,0.0081215
42,165,control,0.00814
45,165,control,0.008094
48,165,control,0.008146
0,166,control,0.008989
3,166,control,0.009019
6,166,control,0.0090385
9,166,control,0.009125
12,166,control,0.0090445
15,166,control,0.0090575
18,166,control,0.009049
21,166,control,0.0090495
24,166,control,0.009056
27,166,control,0.0089665
30,166,control,0.00903
33,166,control,0.0089815
36,166,control,0.0090485
39,166,control,0.009064
42,166,control,0.0090635
45,166,control,0.0090145
48,166,control,0.009084
0,167,control,0.011299
3,167,control,0.011325
6,167,control,0.0113415
9,167,control,0.0113585
12,167,control,0.011284
15,167,control,0.0113505
18,167,control,0.011279
21,167,control,0.011306
24,167,control,0.0113415
27,167,control,0.011352
30,167,control,0.011304
33,167,control,0.0114075
36,167,control,0.011417
39,167,control,0.011374
42,167,control,0.0113205
45,167,control,0.0112835
48,167,control,0.0113085
0,168,control,0.018298
3,168,control,0.0183335
6,168,control,0.018383
9,168,control,0.018308
12,168,control,0.0184075
15,168,control,0.018302
18,168,control,0.018311
21,168,control,0.0182705
24,168,control,0.0182875
27,168,control,0.0184215
30,168,control,0.0183695
33,168,control,0.018364
36,168,control,0.0182585
39,168,control,0.018241
42,168,control,0.018277
45,168,control,0.0183415
48,168,control,0.018293
0,169,control,0.016924
3,169,control,0.0168935
6,169,control,0.0169735
9,169,control,0.016973
12,169,control,0.0169815
15,169,control,0.0169695
18,169,control,0.0169555
21,169,control,0.0169475
24,169,control,0.016935
27,169,control,0.0168955
30,169,control,0.016967
33,169,control,0.01692
36,169,control,0.0170395
39,169,control,0.016944
42,169,control,0.01697
45,169,control,0.0169455
48,169,control,0.0169705
0,17,control,0.008444
3,17,control,0.0084175
6,17,control,0.0084355
9,17,control,0.008449
12,17,control,0.008397
15,17,control,0.00841
18,17,control,0.008421
21,17,control,0.008444
24,17,control,0.0084385
27,17,control,0.008475
30,17,control,0.0084565
33,17,control,0.00842
36,17,control,0.0084105
39,17,control,0.008408
42,17,control,0.0084465
45,17,control,0.008472
48,17,control,0.0084615
0,170,control,0.0127455
3,170,control,0.0128385
6,170,control,0.0127545
9,170,control,0.012762
12,170,control,0.012795
15,170,control,0.01274
18,170,control,0.0127595
21,170,control,0.012774
24,170,control,0.012724
27,170,control,0.0127925
30,170,control,0.012741
33,170,control,0.012773
36,170,control,0.0127065
39,170,control,0.012698
42,170,control,0.012751
45,170,control,0.0127785
48,170,control,0.0127385
0,171,control,0.0125935
3,171,control,0.0125115
6,171,control,0.0126145
9,171,control,0.0125775
12,171,control,0.0125315
15,171,control,0.012572
18,171,control,0.012496
21,171,control,0.0126275
24,171,control,0.012523
27,171,control,0.0124605
30,171,control,0.012571
33,171,control,0.012543
36,171,control,0.012596
39,171,control,0.0125415
42,171,control,0.012481
45,171,control,0.0125335
48,171,control,0.012577
0,172,control,0.021062
3,172,control,0.021229
6,172,control,0.021194
9,172,control,0.021131
12,172,control,0.0211295
15,172,control,0.021156
18,172,control,0.021084
21,172,control,0.021227
24,172,control,0.021172
27,172,control,0.021102
30,172,control,0.0211295
33,172,control,0.0210925
36,172,control,0.0211075
39,172,control,0.0211305
42,172,control,0.021163
45,172,control,0.0211165
48,172,control,0.021068
0,173,control,0.0130395
3,173,control,0.013073
6,173,control,0.0131115
9,173,control,0.013
12,173,control,0.0130165
15,173,control,0.013118
18,173,control,0.0130765
21,173,control,0.01301
24,173,control,0.013051
27,173,control,0.013085
30,173,control,0.0130755
33,173,control,0.013054
36,173,control,0.013064
39,173,control,0.013066
42,173,control,0.0130355
45,173,control,0.0131185
48,173,control,0.0130295
0,174,control,0.0152915
3,174,control,0.015215
6,174,control,0.0153205
9,174,control,0.0152255
12,174,control,0.0152895
15,174,control,0.015234
18,174,control,0.015401
21,174,control,0.015332
24,174,control,0.015227
27,174,control,0.015246
30,174,control,0.0153165
33,174,control,0.0153045
36,174,control,0.015168
39,174,control,0.0153505
42,174,control,0.0152985
45,174,control,0.015266
48,174,control,0.0152975
0,175,control,0.0150675
3,175,control,0.0150445
6,175,control,0.015074
9,175,control,0.01504
12,175,control,0.0150715
15,175,control,0.0150895
18,175,control,0.0151165
21,175,control,0.0151295
24,175,control,0.0151325
27,175,control,0.0151455
30,175,control,0.015086
33,175,control,0.015102
36,175,control,0.015052
39,175,control,0.015064
42,175,control,0.015153
45,175,control,0.015095
48,175,control,0.015059
0,176,control,0.0146155
3,176,control,0.0146615
6,176,control,0.014647
9,176,control,0.0146955
12,176,control,0.014653
15,176,control,0.0146105
18,176,control,0.014682
21,176,control,0.0147005
24,176,control,0.0146705
27,176,control,0.014687
30,176,control,0.014638
33,176,control,0.0146385
36,176,control,0.014619
39,176,control,0.0146165
42,176,control,0.014669
45,176,control,0.014602
48,176,control,0.0146715
0,177,control,0.0078225
3,177,control,0.0078535
6,177,control,0.0078515
9,177,control,0.007808
12,177,control,0.0077815
15,177,control,0.007783
18,177,control,0.007818
21,177,control,0.007866
24,177,control,0.0077925
27,177,control,0.0078315
30,177,control,0.0078535
33,177,control,0.0078095
36,177,control,0.007807
39,177,control,0.00782
42,177,control,0.0078575
45,177,control,0.0078745
48,177,control,0.0078225
0,178,control,0.012006
3,178,control,0.011988
6,178,control,0.0120495
9,178,control,0.0119955
12,178,control,0.011949
15,178,control,0.012043
18,178,control,0.0120175
21,178,control,0.01199
24,178,control,0.0119745
27,178,control,0.012015
30,178,control,0.011993
33,178,control,0.011955
36,178,control,0.0120175
39,178,control,0.0120355
42,178,control,0.012015
45,178,control,0.0120165
48,178,control,0.0120395
0,179,control,0.0148815
3,179,control,0.0148
6,179,control,0.0148745
9,179,control,0.0147895
12,179,control,0.0147705
15,179,control,0.014772
18,179,control,0.0149125
21,179,control,0.0149225
24,179,control,0.0148075
27,179,control,0.0148345
30,179,control,0.014819
33,179,control,0.0147815
36,179,control,0.014753
39,179,control,0.0148265
42,179,control,0.0147835
45,179,control,0.0147435
48,179,control,0.0148515
0,18,control,0.010698
3,18,control,0.01069
6,18,control,0.010745
9,18,control,0.0106475
12,18,control,0.010696
15,18,control,0.010686
18,18,control,0.0107085
21,18,control,0.0106755
24,18,control,0.010761
27,18,control,0.01076
30,18,control,0.010646
33,18,control,0.010672
36,18,control,0.0106895
39,18,control,0.0106725
42,18,control,0.01076
45,18,control,0.0107345
48,18,control,0.0107465
0,180,control,0.009612
3,180,control,0.009612
6,180,control,0.0095955
9,180,control,0.00967
12,180,control,0.0096065
15,180,control,0.009631
18,180,control,0.0096605
21,180,control,0.009608
24,180,control,0.009681
27,180,control,0.009637
30,180,control,0.0096
33,180,control,0.009614
36,180,control,0.0095975
39,180,control,0.0097225
42,180,control,0.009645
45,180,control,0.0097075
48,180,control,0.0096565
0,181,control,0.015353
3,181,control,0.0152705
6,181,control,0.0153665
9,181,control,0.01539
12,181,control,0.0153955
15,181,control,0.015384
18,181,control,0.015363
21,181,control,0.0153405
24,181,control,0.015333
27,181,control,0.0153565
30,181,control,0.0153165
33,181,control,0.0153695
36,181,control,0.0153365
39,181,control,0.015299
42,181,control,0.015336
45,181,control,0.0153645
48,181,control,0.0153595
0,182,control,0.013968
3,182,control,0.01411
6,182,control,0.0140875
9,182,control,0.014065
12,182,control,0.01409
15,182,control,0.014047
18,182,control,0.014016
21,182,control,0.0139935
24,182,control,0.013959
27,182,control,0.0140335
30,182,control,0.014021
33,182,control,0.0140325
36,182,control,0.0140375
39,182,control,0.0141075
42,182,control,0.0139965
45,182,control,0.0139855
48,182,control,0.0139855
0,183,control,0.0116155
3,183,control,0.011586
6,183,control,0.011611
9,183,control,0.0116585
12,183,control,0.011601
15,183,control,0.011621
18,183,control,0.0116585
21,183,control,0.0116385
24,183,control,0.011632
27,183,control,0.0116135
30,183,control,0.0116145
33,183,control,0.0115885
36,183,control,0.011535
39,183,control,0.011635
42,183,control,0.011604
45,183,control,0.0116315
48,183,control,0.011633
0,184,control,0.0255235
3,184,control,0.0256385
6,184,control,0.025593
9,184,control,0.0256815
12,184,control,0.025655
15,184,control,0.0256525
18,184,control,0.0256375
21,184,control,0.025713
24,184,control,0.0256355
27,184,control,0.0255545
30,184,control,0.0256245
33,184,control,0.0257265
36,184,control,0.0257325
39,184,control,0.025794
42,184,control,0.025678
45,184,control,0.025545000000000002
48,184,control,0.025724
0,185,control,0.014281
3,185,control,0.0143975
6,185,control,0.0143685
9,185,control,0.0143165
12,185,control,0.0143645
15,185,control,0.014312
18,185,control,0.014371
21,185,control,0.014421
24,185,control,0.0143985
27,185,control,0.014317
30,185,control,0.0143225
33,185,control,0.0143195
36,185,control,0.0143415
39,185,control,0.0144025
42,185,control,0.0144075
45,185,control,0.014346
48,185,control,0.0144325
0,186,control,0.0119685
3,186,control,0.0119255
6,186,control,0.0118975
9,186,control,0.011885
12,186,control,0.011928
15,186,control,0.011987
18,186,control,0.0119155
21,186,control,0.011937
24,186,control,0.0119735
27,186,control,0.012014
30,186,control,0.011904
33,186,control,0.0119395
36,186,control,0.0119275
39,186,control,0.011916
42,186,control,0.0120065
45,186,control,0.0117995
48,186,control,0.011924
0,187,control,0.01098
3,187,control,0.010884
6,187,control,0.010976
9,187,control,0.0108745
12,187,control,0.010898
15,187,control,0.0109405
18,187,control,0.0108785
21,187,control,0.0108345
24,187,control,0.0109065
27,187,control,0.0108765
30,187,control,0.0109505
33,187,control,0.010886
36,187,control,0.0109365
39,187,control,0.0109635
42,187,control,0.010869
45,187,control,0.010912
48,187,control,0.0108945
0,188,control,0.0075315
3,188,control,0.0075885
6,188,control,0.007533
9,188,control,0.007552
12,188,control,0.0074795
15,188,control,0.007558
18,188,control,0.007527
21,188,control,0.0075185
24,188,control,0.0075255
27,188,control,0.0075665
30,188,control,0.0074675
33,188,control,0.0075335
36,188,control,0.0075215
39,188,control,0.0075165
42,188,control,0.0075255
45,188,control,0.007452
48,188,control,0.0074905
0,189,control,0.0206325
3,189,control,0.020635
6,189,control,0.020617
9,189,control,0.020616
12,189,control,0.0206275
15,189,control,0.020754
18,189,control,0.020536
21,189,control,0.020571
24,189,control,0.0206135
27,189,control,0.0206915
30,189,control,0.0206065
33,189,control,0.020683
36,189,control,0.0206265
39,189,control,0.020646
42,189,control,0.0206145
45,189,control,0.020639
48,189,control,0.020678
0,19,control,0.0152845
3,19,control,0.0153765
6,19,control,0.015337
9,19,control,0.0152965
12,19,control,0.015332
15,19,control,0.0153055
18,19,control,0.0152925
21,19,control,0.015295
24,19,control,0.0153955
27,19,control,0.0152915
30,19,control,0.0152935
33,19,control,0.015365
36,19,control,0.015465
39,19,control,0.015278
42,19,control,0.015328
45,19,control,0.015302
48,19,control,0.0153325
0,190,control,0.0123865
3,190,control,0.012332
6,190,control,0.012325
9,190,control,0.012315
12,190,control,0.0124205
15,190,control,0.012307
18,190,control,0.012366
21,190,control,0.0123205
24,190,control,0.012338
27,190,control,0.012351000000000001
30,190,control,0.0122295
33,190,control,0.0123985
36,190,control,0.0123455
39,190,control,0.012326
42,190,control,0.0123375
45,190,control,0.012409
48,190,control,0.012389
0,191,control,0.0172525
3,191,control,0.017152
6,191,control,0.017224
9,191,control,0.017262
12,191,control,0.0172125
15,191,control,0.017203
18,191,control,0.017189
21,191,control,0.0171175
24,191,control,0.017304
27,191,control,0.017181
30,191,control,0.017257
33,191,control,0.017227
36,191,control,0.017212
39,191,control,0.0171425
42,191,control,0.017213
45,191,control,0.0172235
48,191,control,0.017229
0,192,control,0.006806
3,192,control,0.006762
6,192,control,0.006804
9,192,control,0.006817
12,192,control,0.00685
15,192,control,0.00682
18,192,control,0.006783
21,192,control,0.0068095
24,192,control,0.0068535
27,192,control,0.0068635
30,192,control,0.006757
33,192,control,0.006872
36,192,control,0.006823
39,192,control,0.006818
42,192,control,0.0068365
45,192,control,0.006776
48,192,control,0.006796
0,193,control,0.0053985
3,193,control,0.0053875
6,193,control,0.005371
9,193,control,0.005408
12,193,control,0.0053685
15,193,control,0.0053875
18,193,control,0.005428
21,193,control,0.0054
24,193,control,0.005402
27,193,control,0.0054355
30,193,control,0.0053945
33,193,control,0.0053875
36,193,control,0.005404
39,193,control,0.0053615
42,193,control,0.0053585
45,193,control,0.005442
48,193,control,0.005386
0,194,control,0.0170745
3,194,control,0.0170145
6,194,control,0.017007
9,194,control,0.017068
12,194,control,0.016997
15,194,control,0.0170585
18,194,control,0.0169815
21,194,control,0.0170395
24,194,control,0.0170725
27,194,control,0.0170895
30,194,control,0.017055
33,194,control,0.017084
36,194,control,0.0170865
39,194,control,0.0170255
42,194,control,0.0170155
45,194,control,0.0169585
48,194,control,0.017047
0,195,control,0.0100965
3,195,control,0.0101395
6,195,control,0.0100975
9,195,control,0.0100575
12,195,control,0.0100645
15,195,control,0.0100925
18,195,control,0.010167
21,195,control,0.0101315
24,195,control,0.01004
27,195,control,0.01013
30,195,control,0.010138
33,195,control,0.01016
36,195,control,0.010102999999999999
39,195,control,0.0101185
42,195,control,0.0101045
45,195,control,0.0101135
48,195,control,0.010043
0,196,control,0.0192045
3,196,control,0.0190585
6,196,control,0.0191655
9,196,control,0.0191515
12,196,control,0.019112
15,196,control,0.019111
18,196,control,0.0190755
21,196,control,0.019025
24,196,control,0.0190725
27,196,control,0.019192
30,196,control,0.019177
33,196,control,0.0191465
36,196,control,0.019208
39,196,control,0.019151
42,196,control,0.019163
45,196,control,0.019073
48,196,control,0.019241
0,197,control,0.0092205
3,197,control,0.009176
6,197,control,0.009194
9,197,control,0.0091995
12,197,control,0.009207
15,197,control,0.0091855
18,197,control,0.0092085
21,197,control,0.009209
24,197,control,0.0092465
27,197,control,0.0091935
30,197,control,0.0092435
33,197,control,0.0091975
36,197,control,0.0092165
39,197,control,0.009262
42,197,control,0.0091755
45,197,control,0.0091935
48,197,control,0.009233
0,198,control,0.0356365
3,198,control,0.0355065
6,198,control,0.035577
9,198,control,0.035604
12,198,control,0.0356935
15,198,control,0.0355195
18,198,control,0.0354845
21,198,control,0.035484
24,198,control,0.035549
27,198,control,0.035382
30,198,control,0.0355645
33,198,control,0.0355675
36,198,control,0.035576000000000003
39,198,control,0.035537
42,198,control,0.03545
45,198,control,0.035624
48,198,control,0.03565
0,199,control,0.0098385
3,199,control,0.009874
6,199,control,0.009902
9,199,control,0.0099405
12,199,control,0.0098805
15,199,control,0.0099535
18,199,control,0.0099355
21,199,control,0.009939
24,199,control,0.0098855
27,199,control,0.009905
30,199,control,0.009865
33,199,control,0.0099035
36,199,control,0.0099195
39,199,control,0.009882
42,199,control,0.0098635
45,199,control,0.00984
48,199,control,0.0099045
0,2,control,0.015535
3,2,control,0.0154685
6,2,control,0.015673
9,2,control,0.015549
12,2,control,0.015579
15,2,control,0.015663
18,2,control,0.015613
21,2,control,0.015641
24,2,control,0.0155465
27,2,control,0.0155735
30,2,control,0.0156335
33,2,control,0.0156455
36,2,control,0.0156075
39,2,control,0.0155745
42,2,control,0.015581
45,2,control,0.0155875
48,2,control,0.0155845
0,20,control,0.0340825
3,20,control,0.0341795
6,20,control,0.0340925
9,20,control,0.0341255
12,20,control,0.0340915
15,20,control,0.0341485
18,20,control,0.034053
21,20,control,0.0340515
24,20,control,0.034024
27,20,control,0.034189
30,20,control,0.034077
33,20,control,0.034021
36,20,control,0.034061
39,20,control,0.03407
42,20,control,0.0339765
45,20,control,0.0340475
48,20,control,0.0340725
0,200,control,0.01432
3,200,control,0.0143165
6,200,control,0.014324
9,200,control,0.0143385
12,200,control,0.01423
15,200,control,0.01434
18,200,control,0.0142775
21,200,control,0.0142485
24,200,control,0.0144
27,200,control,0.0143515
30,200,control,0.014347
33,200,control,0.0142315
36,200,control,0.0142465
39,200,control,0.014398
42,200,control,0.014271
45,200,control,0.014268
48,200,control,0.014306
0,21,control,0.0184365
3,21,control,0.0184075
6,21,control,0.018406
9,21,control,0.0184505
12,21,control,0.0183315
15,21,control,0.0184325
18,21,control,0.0183675
21,21,control,0.0184325
24,21,control,0.018364
27,21,control,0.0184725
30,21,control,0.018358
33,21,control,0.0183935
36,21,control,0.0183285
39,21,control,0.018459
42,21,control,0.0184035
45,21,control,0.018344
48,21,control,0.018294
0,22,control,0.0135095
3,22,control,0.013444
6,22,control,0.013491
9,22,control,0.013484
12,22,control,0.0134705
15,22,control,0.013473
18,22,control,0.0134735
21,22,control,0.013474
24,22,control,0.0135245
27,22,control,0.013477
30,22,control,0.0134325
33,22,control,0.013513
36,22,control,0.013503
39,22,control,0.0134675
42,22,control,0.013445
45,22,control,0.013475000000000001
48,22,control,0.0134495
0,23,control,0.013727
3,23,control,0.0137
6,23,control,0.013742
9,23,control,0.0137185
12,23,control,0.0138035
15,23,control,0.013702
18,23,control,0.013615
21,23,control,0.0137445
24,23,control,0.0137325
27,23,control,0.013728
30,23,control,0.0137085
33,23,control,0.013793
36,23,control,0.0136955
39,23,control,0.013692
42,23,control,0.013766
45,23,control,0.0137135
48,23,control,0.0137335
0,24,control,0.0191705
3,24,control,0.01919
6,24,control,0.019071
9,24,control,0.019042
12,24,control,0.0191875
15,24,control,0.0191185
18,24,control,0.019116
21,24,control,0.019113
24,24,control,0.0190545
27,24,control,0.019144
30,24,control,0.01913
33,24,control,0.019158
36,24,control,0.019045
39,24,control,0.0191435
42,24,control,0.0191425
45,24,control,0.0191535
48,24,control,0.019054
0,25,control,0.014247
3,25,control,0.014301
6,25,control,0.014342
9,25,control,0.0143475
12,25,control,0.0142475
15,25,control,0.0142725
18,25,control,0.0143205
21,25,control,0.0143405
24,25,control,0.014341
27,25,control,0.0143665
30,25,control,0.014312
33,25,control,0.014321
36,25,control,0.014339
39,25,control,0.014351
42,25,control,0.0142725
45,25,control,0.014326
48,25,control,0.0143235
0,26,control,0.013234
3,26,control,0.013199
6,26,control,0.0131225
9,26,control,0.0132205
12,26,control,0.0132365
15,26,control,0.013205
18,26,control,0.013183
21,26,control,0.0131475
24,26,control,0.0131645
27,26,control,0.013109
30,26,control,0.013124
33,26,control,0.013111
36,26,control,0.0132325
39,26,control,0.0132455
42,26,control,0.013174
45,26,control,0.0131975
48,26,control,0.013126
0,27,control,0.0107605
3,27,control,0.0108605
6,27,control,0.0106995
9,27,control,0.0108235
12,27,control,0.0108195
15,27,control,0.0107225
18,27,control,0.0107265
21,27,control,0.0107995
24,27,control,0.0107605
27,27,control,0.010822
30,27,control,0.010744
33,27,control,0.0108325
36,27,control,0.0108025
39,27,control,0.010843
42,27,control,0.01083
45,27,control,0.0108185
48,27,control,0.0108245
0,28,control,0.008834
3,28,control,0.0087955
6,28,control,0.0087805
9,28,control,0.008812
12,28,control,0.0088665
15,28,control,0.008739
18,28,control,0.0088355
21,28,control,0.008864
24,28,control,0.0088015
27,28,control,0.0087915
30,28,control,0.008838
33,28,control,0.008877
36,28,control,0.0088225
39,28,control,0.008842
42,28,control,0.0088295
45,28,control,0.008831
48,28,control,0.008853
0,29,control,0.006517
3,29,control,0.0064995
6,29,control,0.006433
9,29,control,0.0065135
12,29,control,0.0065245
15,29,control,0.006515
18,29,control,0.006473
21,29,control,0.0064675
24,29,control,0.0065115
27,29,control,0.006553
30,29,control,0.006505
33,29,control,0.00654
36,29,control,0.0065085
39,29,control,0.0065195
42,29,control,0.006544
45,29,control,0.0064875
48,29,control,0.006505
0,3,control,0.016592
3,3,control,0.016546
6,3,control,0.016565
9,3,control,0.0165225
12,3,control,0.016589
15,3,control,0.016584
18,3,control,0.0165755
21,3,control,0.016514
24,3,control,0.0165125
27,3,control,0.0165135
30,3,control,0.0165015
33,3,control,0.0165145
36,3,control,0.0165945
39,3,control,0.0166405
42,3,control,0.0165625
45,3,control,0.0165435
48,3,control,0.0165295
0,30,control,0.005029
3,30,control,0.005085
6,30,control,0.005075
9,30,control,0.005098
12,30,control,0.005092
15,30,control,0.0050905
18,30,control,0.005024
21,30,control,0.0051125
24,30,control,0.005105
27,30,control,0.0050935
30,30,control,0.005101
33,30,control,0.0050595
36,30,control,0.0051025
39,30,control,0.005083
42,30,control,0.005076
45,30,control,0.005084
48,30,control,0.005079
0,31,control,0.043306
3,31,control,0.0434085
6,31,control,0.043468
9,31,control,0.043388500000000003
12,31,control,0.043288
15,31,control,0.0434055
18,31,control,0.0434905
21,31,control,0.0434305
24,31,control,0.043414
27,31,control,0.043424
30,31,control,0.043503
33,31,control,0.04352
36,31,control,0.0433575
39,31,control,0.043339
42,31,control,0.0433475
45,31,control,0.0433865
48,31,control,0.0434465
0,32,control,0.0192515
3,32,control,0.0193535
6,32,control,0.0194565
9,32,control,0.0192605
12,32,control,0.019392
15,32,control,0.01943
18,32,control,0.019342
21,32,control,0.019416
24,32,control,0.019342
27,32,control,0.0194735
30,32,control,0.0193985
33,32,control,0.0194475
36,32,control,0.019383
39,32,control,0.019332
42,32,control,0.0193645
45,32,control,0.019384
48,32,control,0.01933
0,33,control,0.0103425
3,33,control,0.010431
6,33,control,0.010328
9,33,control,0.010371
12,33,control,0.010403
15,33,control,0.01036
18,33,control,0.010394
21,33,control,0.0103685
24,33,control,0.01033
27,33,control,0.0102885
30,33,control,0.010378
33,33,control,0.0103405
36,33,control,0.0103945
39,33,control,0.0103535
42,33,control,0.010266
45,33,control,0.0103555
48,33,control,0.0103545
0,34,control,0.021205
3,34,control,0.021297
6,34,control,0.021261
9,34,control,0.021228
12,34,control,0.0211255
15,34,control,0.0212195
18,34,control,0.021341
21,34,control,0.0213325
24,34,control,0.0213415
27,34,control,0.021286
30,34,control,0.021282
33,34,control,0.021457
36,34,control,0.021242
39,34,control,0.0212475
42,34,control,0.0212225
45,34,control,0.0212195
48,34,control,0.0212395
0,35,control,0.0153815
3,35,control,0.015495
6,35,control,0.0154245
9,35,control,0.015444
12,35,control,0.015384
15,35,control,0.015489
18,35,control,0.0154505
21,35,control,0.0153775
24,35,control,0.015291
27,35,control,0.0154085
30,35,control,0.015387
33,35,control,0.0153385
36,35,control,0.0154345
39,35,control,0.0154065
42,35,control,0.0154525
45,35,control,0.0154875
48,35,control,0.0154145
0,36,control,0.017799
3,36,control,0.017789
6,36,control,0.0178205
9,36,control,0.017873
12,36,control,0.0177635
15,36,control,0.0178315
18,36,control,0.017894
21,36,control,0.017875
24,36,control,0.0178055
27,36,control,0.017846
30,36,control,0.017845
33,36,control,0.017863
36,36,control,0.017834
39,36,control,0.0179265
42,36,control,0.01793
45,36,control,0.017788000000000002
48,36,control,0.017853
0,37,control,0.0191935
3,37,control,0.019221
6,37,control,0.0191615
9,37,control,0.0190785
12,37,control,0.019047
15,37,control,0.019164
18,37,control,0.0191
21,37,control,0.0190435
24,37,control,0.0191175
27,37,control,0.019163
30,37,control,0.019177
33,37,control,0.0192855
36,37,control,0.0192245
39,37,control,0.0190735
42,37,control,0.0191855
45,37,control,0.0192395
48,37,control,0.019165
0,38,control,0.0108215
3,38,control,0.010863
6,38,control,0.010807
9,38,control,0.010789
12,38,control,0.010783
15,38,control,0.010798
18,38,control,0.0107605
21,38,control,0.01078
24,38,control,0.010763
27,38,control,0.010809
30,38,control,0.010871
33,38,control,0.0107865
36,38,control,0.0107985
39,38,control,0.0107885
42,38,control,0.0108325
45,38,control,0.0107375
48,38,control,0.0107125
0,39,control,0.0089445
3,39,control,0.008996
6,39,control,0.0089325
9,39,control,0.0089165
12,39,control,0.0089415
15,39,control,0.008978
18,39,control,0.008934
21,39,control,0.009001
24,39,control,0.0089455
27,39,control,0.0089345
30,39,control,0.0089335
33,39,control,0.0089245
36,39,control,0.0089295
39,39,control,0.0090105
42,39,control,0.0089555
45,39,control,0.009004
48,39,control,0.008948
0,4,control,0.010653
3,4,control,0.010683
6,4,control,0.010782
9,4,control,0.0107045
12,4,control,0.0107265
15,4,control,0.010764
18,4,control,0.010681
21,4,control,0.010633
24,4,control,0.0106415
27,4,control,0.010686
30,4,control,0.010648
33,4,control,0.010638
36,4,control,0.0106785
39,4,control,0.0106755
42,4,control,0.0106505
45,4,control,0.010687
48,4,control,0.0106795
0,40,control,0.017299
3,40,control,0.01738
6,40,control,0.0172565
9,40,control,0.017345
12,40,control,0.017433
15,40,control,0.0173915
18,40,control,0.0172795
21,40,control,0.0173655
24,40,control,0.017325
27,40,control,0.017301
30,40,control,0.0173475
33,40,control,0.0173805
36,40,control,0.017338
39,40,control,0.017359
42,40,control,0.0173395
45,40,control,0.0173335
48,40,control,0.0173145
0,41,control,0.011432
3,41,control,0.011374
6,41,control,0.011319
9,41,control,0.0113685
12,41,control,0.0113135
15,41,control,0.011399
18,41,control,0.0113365
21,41,control,0.011329
24,41,control,0.011373
27,41,control,0.0114275
30,41,control,0.011337
33,41,control,0.0113175
36,41,control,0.011328
39,41,control,0.011335
42,41,control,0.011375
45,41,control,0.011388
48,41,control,0.0113405
0,42,control,0.0098145
3,42,control,0.0097365
6,42,control,0.00985
9,42,control,0.0098295
12,42,control,0.009792
15,42,control,0.0098295
18,42,control,0.009815
21,42,control,0.009796
24,42,control,0.009834
27,42,control,0.0098005
30,42,control,0.009838
33,42,control,0.009793
36,42,control,0.0098475
39,42,control,0.0098715
42,42,control,0.0098305
45,42,control,0.0098245
48,42,control,0.009781
0,43,control,0.0221845
3,43,control,0.022165
6,43,control,0.0222505
9,43,control,0.0221115
12,43,control,0.0220305
15,43,control,0.022096
18,43,control,0.022124
21,43,control,0.0221535
24,43,control,0.0220495
27,43,control,0.0221095
30,43,control,0.022263
33,43,control,0.022193
36,43,control,0.022263
39,43,control,0.0221955
42,43,control,0.022185
45,43,control,0.0221275
48,43,control,0.0221605
0,44,control,0.012837
3,44,control,0.012865
6,44,control,0.0127895
9,44,control,0.012885
12,44,control,0.0127965
15,44,control,0.0128945
18,44,control,0.012863
21,44,control,0.012897
24,44,control,0.0129195
27,44,control,0.012813
30,44,control,0.0128605
33,44,control,0.0128955
36,44,control,0.0129155
39,44,control,0.0128685
42,44,control,0.012843
45,44,control,0.012831
48,44,control,0.0128425
0,45,control,0.006427
3,45,control,0.006351
6,45,control,0.0063655
9,45,control,0.0063645
12,45,control,0.006338
15,45,control,0.0063445
18,45,control,0.006337
21,45,control,0.0063385
24,45,control,0.0064065
27,45,control,0.0063835
30,45,control,0.0064035
33,45,control,0.0063425
36,45,control,0.006329
39,45,control,0.0064
42,45,control,0.006393
45,45,control,0.0064135
48,45,control,0.006385
0,46,control,0.025817
3,46,control,0.025717
6,46,control,0.025712
9,46,control,0.025706
12,46,control,0.0256265
15,46,control,0.02568
18,46,control,0.025699
21,46,control,0.0257255
24,46,control,0.025823
27,46,control,0.0256545
30,46,control,0.0257395
33,46,control,0.025773
36,46,control,0.025713
39,46,control,0.025796
42,46,control,0.0256465
45,46,control,0.0256555
48,46,control,0.0257685
0,47,control,0.0124825
3,47,control,0.0124905
6,47,control,0.012443
9,47,control,0.012476
12,47,control,0.012432
15,47,control,0.0125585
18,47,control,0.0124945
21,47,control,0.012467
24,47,control,0.0124595
27,47,control,0.012529
30,47,control,0.0124625
33,47,control,0.012447
36,47,control,0.0125035
39,47,control,0.012426
42,47,control,0.012453
45,47,control,0.0125105
48,47,control,0.01246
0,48,control,0.008567
3,48,control,0.0085475
6,48,control,0.008555
9,48,control,0.008531
12,48,control,0.0085485
15,48,control,0.0085685
18,48,control,0.0085355
21,48,control,0.008618
24,48,control,0.0086015
27,48,control,0.008617
30,48,control,0.008591
33,48,control,0.00858
36,48,control,0.0085305
39,48,control,0.00855
42,48,control,0.008512
45,48,control,0.0085415
48,48,control,0.0085745
0,49,control,0.0151385
3,49,control,0.015211
6,49,control,0.01522
9,49,control,0.015127
12,49,control,0.015105
15,49,control,0.0151435
18,49,control,0.0150705
21,49,control,0.015118
24,49,control,0.0151005
27,49,control,0.0151265
30,49,control,0.0151565
33,49,control,0.015104
36,49,control,0.0151395
39,49,control,0.0151475
42,49,control,0.0151335
45,49,control,0.0151005
48,49,control,0.0152115
0,5,control,0.016921
3,5,control,0.016818
6,5,control,0.016852
9,5,control,0.016822
12,5,control,0.016938
15,5,control,0.016866
18,5,control,0.016843
21,5,control,0.0168415
24,5,control,0.016827
27,5,control,0.0167655
30,5,control,0.0168825
33,5,control,0.016869
36,5,control,0.0168665
39,5,control,0.0169365
42,5,control,0.0168735
45,5,control,0.0168575
48,5,control,0.0169285
0,50,control,0.0057435
3,50,control,0.0057055
6,50,control,0.005797
9,50,control,0.005718
12,50,control,0.005716
15,50,control,0.0057895
18,50,control,0.005775
21,50,control,0.005728
24,50,control,0.0057625
27,50,control,0.0057245
30,50,control,0.0057405
33,50,control,0.005783
36,50,control,0.0057415
39,50,control,0.0057335
42,50,control,0.00569
45,50,control,0.0057465
48,50,control,0.005745
0,51,control,0.0095095
3,51,control,0.009523
6,51,control,0.009566
9,51,control,0.009506
12,51,control,0.0094995
15,51,control,0.0094775
18,51,control,0.0095485
21,51,control,0.0095055
24,51,control,0.009608
27,51,control,0.0095425
30,51,control,0.0095415
33,51,control,0.009542
36,51,control,0.009546
39,51,control,0.009486
42,51,control,0.009575
45,51,control,0.009453
48,51,control,0.00948
0,52,control,0.017278
3,52,control,0.017274
6,52,control,0.0173045
9,52,control,0.017413
12,52,control,0.017266
15,52,control,0.0172585
18,52,control,0.0172355
21,52,control,0.017291
24,52,control,0.017357
27,52,control,0.0172535
30,52,control,0.0173485
33,52,control,0.0172495
36,52,control,0.0172765
39,52,control,0.017183
42,52,control,0.0172195
45,52,control,0.017343
48,52,control,0.017264
0,53,control,0.0088025
3,53,control,0.0087745
6,53,control,0.00876
9,53,control,0.00876
12,53,control,0.008791
15,53,control,0.0088125
18,53,control,0.0088015
21,53,control,0.008773
24,53,control,0.008781
27,53,control,0.0088015
30,53,control,0.0087445
33,53,control,0.008757
36,53,control,0.008719
39,53,control,0.00879
42,53,control,0.0088165
45,53,control,0.008818
48,53,control,0.00877
0,54,control,0.0221815
3,54,control,0.0220265
6,54,control,0.0222
9,54,control,0.0220415
12,54,control,0.022159
15,54,control,0.022051
18,54,control,0.022155
21,54,control,0.0220795
24,54,control,0.022055
27,54,control,0.022046
30,54,control,0.0220925
33,54,control,0.0221285
36,54,control,0.02213
39,54,control,0.0221455
42,54,control,0.0221305
45,54,control,0.022105
48,54,control,0.0220915
0,55,control,0.0065475
3,55,control,0.0065315
6,55,control,0.0066235
9,55,control,0.0066295
12,55,control,0.0066275
15,55,control,0.0065970000000000004
18,55,control,0.0066225
21,55,control,0.0066075
24,55,control,0.0065955
27,55,control,0.0066015
30,55,control,0.006601
33,55,control,0.0066235
36,55,control,0.0066455
39,55,control,0.006603
42,55,control,0.006622
45,55,control,0.006606
48,55,control,0.0066125
0,56,control,0.013385
3,56,control,0.0134585
6,56,control,0.0133945
9,56,control,0.0133565
12,56,control,0.013403
15,56,control,0.0134015
18,56,control,0.013418
21,56,control,0.0133335
24,56,control,0.013398
27,56,control,0.0134105
30,56,control,0.0134145
33,56,control,0.0133935
36,56,control,0.0134435
39,56,control,0.0133765
42,56,control,0.013368
45,56,control,0.0133945
48,56,control,0.013468
0,57,control,0.031426
3,57,control,0.03137
6,57,control,0.031403
9,57,control,0.0314
12,57,control,0.031334
15,57,control,0.031452
18,57,control,0.031342
21,57,control,0.0313565
24,57,control,0.0313165
27,57,control,0.0313185
30,57,control,0.0313845
33,57,control,0.0314235
36,57,control,0.03146
39,57,control,0.031422
42,57,control,0.031325
45,57,control,0.0314105
48,57,control,0.0313645
0,58,control,0.014884
3,58,control,0.0149605
6,58,control,0.0148905
9,58,control,0.0149195
12,58,control,0.0149705
15,58,control,0.0148505
18,58,control,0.0149845
21,58,control,0.0149375
24,58,control,0.0149935
27,58,control,0.0149005
30,58,control,0.0149255
33,58,control,0.01494
36,58,control,0.0150085
39,58,control,0.014926
42,58,control,0.014938
45,58,control,0.014955
48,58,control,0.0149745
0,59,control,0.0146
3,59,control,0.01458
6,59,control,0.014597
9,59,control,0.0146075
12,59,control,0.014583
15,59,control,0.014589
18,59,control,0.014599000000000001
21,59,control,0.014498
24,59,control,0.014513
27,59,control,0.0146765
30,59,control,0.014575
33,59,control,0.0145695
36,59,control,0.0145385
39,59,control,0.014496
42,59,control,0.014554
45,59,control,0.014589
48,59,control,0.0145845
0,6,control,0.022676
3,6,control,0.0227465
6,6,control,0.022712
9,6,control,0.0226495
12,6,control,0.0226215
15,6,control,0.0226795
18,6,control,0.0226655
21,6,control,0.022765
24,6,control,0.022693
27,6,control,0.022705
30,6,control,0.022689
33,6,control,0.0227175
36,6,control,0.022627
39,6,control,0.022719
42,6,control,0.0225965
45,6,control,0.022586
48,6,control,0.022751
0,60,control,0.013843
3,60,control,0.0137915
6,60,control,0.013789
9,60,control,0.013811
12,60,control,0.0138305
15,60,control,0.0137465
18,60,control,0.013837
21,60,control,0.0137705
24,60,control,0.0138265
27,60,control,0.013783
30,60,control,0.0138275
33,60,control,0.013858
36,60,control,0.013746
39,60,control,0.013795
42,60,control,0.013788
45,60,control,0.013805
48,60,control,0.013754
0,61,control,0.003074
3,61,control,0.0030435
6,61,control,0.003056
9,61,control,0.0030475
12,61,control,0.003063
15,61,control,0.003048
18,61,control,0.003033
21,61,control,0.003041
24,61,control,0.0030655
27,61,control,0.003062
30,61,control,0.0030445
33,61,control,0.0030565
36,61,control,0.0030475
39,61,control,0.0030295
42,61,control,0.003055
45,61,control,0.0030665
48,61,control,0.0030215
0,62,control,0.007624
3,62,control,0.007703
6,62,control,0.0077055
9,62,control,0.0076755
12,62,control,0.0077265
15,62,control,0.0076125
18,62,control,0.0076425
21,62,control,0.007681
24,62,control,0.007684
27,62,control,0.00769
30,62,control,0.007669
33,62,control,0.007697
36,62,control,0.0076965
39,62,control,0.007697
42,62,control,0.0076975
45,62,control,0.0076715
48,62,control,0.0076915
0,63,control,0.0123135
3,63,control,0.012184
6,63,control,0.012296
9,63,control,0.0122295
12,63,control,0.012321
15,63,control,0.012299
18,63,control,0.0122285
21,63,control,0.01231
24,63,control,0.012297
27,63,control,0.0122635
30,63,control,0.012345
33,63,control,0.012258
36,63,control,0.012257
39,63,control,0.012308
42,63,control,0.012283
45,63,control,0.012298
48,63,control,0.0123185
0,64,control,0.0113335
3,64,control,0.0112915
6,64,control,0.0113255
9,64,control,0.0112645
12,64,control,0.0113365
15,64,control,0.011271
18,64,control,0.011264
21,64,control,0.011339
24,64,control,0.011345
27,64,control,0.0113
30,64,control,0.011287
33,64,control,0.0112755
36,64,control,0.0112955
39,64,control,0.0112835
42,64,control,0.0113595
45,64,control,0.011368
48,64,control,0.011337
0,65,control,0.0123385
3,65,control,0.0122815
6,65,control,0.012277
9,65,control,0.0123225
12,65,control,0.0123285
15,65,control,0.012269
18,65,control,0.0122755
21,65,control,0.0123105
24,65,control,0.0122845
27,65,control,0.012227
30,65,control,0.0122945
33,65,control,0.012296
36,65,control,0.012257
39,65,control,0.0122435
42,65,control,0.0122445
45,65,control,0.0122665
48,65,control,0.0123555
0,66,control,0.0086345
3,66,control,0.0085675
6,66,control,0.0086055
9,66,control,0.0085225
12,66,control,0.0086
15,66,control,0.008609
18,66,control,0.00861
21,66,control,0.008637
24,66,control,0.008554
27,66,control,0.0086535
30,66,control,0.0086635
33,66,control,0.0086395
36,66,control,0.008616
39,66,control,0.0085935
42,66,control,0.008589
45,66,control,0.0086105
48,66,control,0.0086205
0,67,control,0.017964
3,67,control,0.01796
6,67,control,0.01797
9,67,control,0.0180275
12,67,control,0.0179045
15,67,control,0.017933
18,67,control,0.0179565
21,67,control,0.0179605
24,67,control,0.0178465
27,67,control,0.0179635
30,67,control,0.017977
33,67,control,0.017973
36,67,control,0.0179605
39,67,control,0.0179575
42,67,control,0.017947
45,67,control,0.0179315
48,67,control,0.01793
0,68,control,0.007446
3,68,control,0.0074535
6,68,control,0.007491
9,68,control,0.0073775
12,68,control,0.0074515
15,68,control,0.007492
18,68,control,0.007499
21,68,control,0.007465
24,68,control,0.007468
27,68,control,0.007439
30,68,control,0.00745
33,68,control,0.007452
36,68,control,0.0074755
39,68,control,0.007469
42,68,control,0.0074715
45,68,control,0.00743
48,68,control,0.0074265
0,69,control,0.0204095
3,69,control,0.0204965
6,69,control,0.020481
9,69,control,0.020469
12,69,control,0.0204205
15,69,control,0.0203955
18,69,control,0.0204895
21,69,control,0.020467
24,69,control,0.0204765
27,69,control,0.020517
30,69,control,0.020389
33,69,control,0.020474
36,69,control,0.0204375
39,69,control,0.020426
42,69,control,0.0204735
45,69,control,0.020432
48,69,control,0.02048
0,7,control,0.0272855
3,7,control,0.0273455
6,7,control,0.0274005
9,7,control,0.0273325
12,7,control,0.027323
15,7,control,0.027405
18,7,control,0.027284
21,7,control,0.027275
24,7,control,0.0272835
27,7,control,0.02737
30,7,control,0.027442
33,7,control,0.027359
36,7,control,0.027338
39,7,control,0.0274645
42,7,control,0.027336
45,7,control,0.027383
48,7,control,0.0273835
0,70,control,0.002987
3,70,control,0.0029955
6,70,control,0.0029895
9,70,control,0.0029835
12,70,control,0.0030095
15,70,control,0.0029765
18,70,control,0.0030085
21,70,control,0.0029865
24,70,control,0.002966
27,70,control,0.003018
30,70,control,0.0030195
33,70,control,0.0029925
36,70,control,0.003019
39,70,control,0.0030525
42,70,control,0.0029935
45,70,control,0.003017
48,70,control,0.002998
0,71,control,0.0118515
3,71,control,0.011794
6,71,control,0.011811
9,71,control,0.0118785
12,71,control,0.0118435
15,71,control,0.0118815
18,71,control,0.0118205
21,71,control,0.011863
24,71,control,0.0118145
27,71,control,0.0118155
30,71,control,0.0119075
33,71,control,0.0118235
36,71,control,0.0118835
39,71,control,0.0117535
42,71,control,0.011805
45,71,control,0.011899
48,71,control,0.011799
0,72,control,0.0108535
3,72,control,0.010814
6,72,control,0.010838
9,72,control,0.0108365
12,72,control,0.010796
15,72,control,0.010844
18,72,control,0.010828
21,72,control,0.010973
24,72,control,0.0108125
27,72,control,0.0107915
30,72,control,0.0108
33,72,control,0.010917
36,72,control,0.0108435
39,72,control,0.010852
42,72,control,0.0108485
45,72,control,0.010893
48,72,control,0.010859
0,73,control,0.021897
3,73,control,0.022001
6,73,control,0.021897
9,73,control,0.021841
12,73,control,0.0219365
15,73,control,0.0219765
18,73,control,0.021848
21,73,control,0.021979
24,73,control,0.0220205
27,73,control,0.021903
30,73,control,0.021965
33,73,control,0.022015
36,73,control,0.021972
39,73,control,0.021932
42,73,control,0.0219265
45,73,control,0.0219495
48,73,control,0.021872
0,74,control,0.0132045
3,74,control,0.0131645
6,74,control,0.0131765
9,74,control,0.01314
12,74,control,0.0131055
15,74,control,0.0131505
18,74,control,0.0131855
21,74,control,0.0132565
24,74,control,0.0131595
27,74,control,0.0131375
30,74,control,0.0132195
33,74,control,0.0131355
36,74,control,0.013081
39,74,control,0.013115
42,74,control,0.0131925
45,74,control,0.013126
48,74,control,0.013168
0,75,control,0.0223085
3,75,control,0.022292
6,75,control,0.0221975
9,75,control,0.022256
12,75,control,0.0221965
15,75,control,0.022237
18,75,control,0.0222595
21,75,control,0.0222465
24,75,control,0.0222465
27,75,control,0.0222815
30,75,control,0.022332
33,75,control,0.0221765
36,75,control,0.022205
39,75,control,0.0221305
42,75,control,0.022236
45,75,control,0.0223295
48,75,control,0.0222245
0,76,control,0.0074485
3,76,control,0.0074685
6,76,control,0.0074475
9,76,control,0.007418
12,76,control,0.007473
15,76,control,0.007497
18,76,control,0.0074945
21,76,control,0.0074555
24,76,control,0.0074815
27,76,control,0.0074405
30,76,control,0.0074645
33,76,control,0.007465
36,76,control,0.0074665
39,76,control,0.0074505
42,76,control,0.007454
45,76,control,0.0075255
48,76,control,0.007477
0,77,control,0.024118
3,77,control,0.0240755
6,77,control,0.024162
9,77,control,0.024136
12,77,control,0.024206
15,77,control,0.024097
18,77,control,0.0241165
21,77,control,0.023987
24,77,control,0.0240815
27,77,control,0.0240685
30,77,control,0.0242115
33,77,control,0.0241315
36,77,control,0.024075
39,77,control,0.0240345
42,77,control,0.024123
45,77,control,0.024051
48,77,control,0.0241965
0,78,control,0.0250775
3,78,control,0.0252535
6,78,control,0.0252605
9,78,control,0.025252
12,78,control,0.0251265
15,78,control,0.0250945
18,78,control,0.0251235
21,78,control,0.0249905
24,78,control,0.0252355
27,78,control,0.025079
30,78,control,0.025191
33,78,control,0.025248
36,78,control,0.025267
39,78,control,0.025176
42,78,control,0.025133
45,78,control,0.025211
48,78,control,0.0253
0,79,control,0.01731
3,79,control,0.017335
6,79,control,0.017261
9,79,control,0.017265
12,79,control,0.017306
15,79,control,0.01731
18,79,control,0.017257
21,79,control,0.017211
24,79,control,0.0172235
27,79,control,0.017316
30,79,control,0.0172745
33,79,control,0.017305
36,79,control,0.0172505
39,79,control,0.0173565
42,79,control,0.017169
45,79,control,0.017261
48,79,control,0.0172615
0,8,control,0.020012
3,8,control,0.020053
6,8,control,0.020072
9,8,control,0.020138
12,8,control,0.020051
15,8,control,0.0200885
18,8,control,0.0201285
21,8,control,0.0200525
24,8,control,0.0200855
27,8,control,0.020127
30,8,control,0.0200535
33,8,control,0.020062
36,8,control,0.020103
39,8,control,0.0199905
42,8,control,0.0200365
45,8,control,0.0199905
48,8,control,0.020094
0,80,control,0.0110445
3,80,control,0.0111135
6,80,control,0.0110735
9,80,control,0.01115
12,80,control,0.01114
15,80,control,0.011092
18,80,control,0.0110295
21,80,control,0.011093
24,80,control,0.011138
27,80,control,0.011075
30,80,control,0.0111115
33,80,control,0.0111765
36,80,control,0.011094
39,80,control,0.01105
42,80,control,0.0110905
45,80,control,0.011139
48,80,control,0.011102
0,81,control,0.009331
3,81,control,0.009308
6,81,control,0.009291
9,81,control,0.00929
12,81,control,0.0093095
15,81,control,0.009334
18,81,control,0.009316
21,81,control,0.009248
24,81,control,0.0093275
27,81,control,0.009291
30,81,control,0.009224
33,81,control,0.009276
36,81,control,0.0093325
39,81,control,0.009311
42,81,control,0.009256
45,81,control,0.009308
48,81,control,0.0092895
0,82,control,0.0190815
3,82,control,0.0191255
6,82,control,0.01903
9,82,control,0.0189805
12,82,control,0.019045
15,82,control,0.019094
18,82,control,0.0189975
21,82,control,0.019048
24,82,control,0.0190205
27,82,control,0.0190155
30,82,control,0.0189605
33,82,control,0.01899
36,82,control,0.018998
39,82,control,0.018969
42,82,control,0.0190095
45,82,control,0.0190425
48,82,control,0.019038
0,83,control,0.010155
3,83,control,0.010153
6,83,control,0.010241
9,83,control,0.010207
12,83,control,0.010207
15,83,control,0.010221
18,83,control,0.0101795
21,83,control,0.0101845
24,83,control,0.010283
27,83,control,0.010147
30,83,control,0.0101625
33,83,control,0.010203
36,83,control,0.0101155
39,83,control,0.0101485
42,83,control,0.0102505
45,83,control,0.0101805
48,83,control,0.010201
0,84,control,0.0127085
3,84,control,0.0126725
6,84,control,0.012697
9,84,control,0.0127215
12,84,control,0.012711
15,84,control,0.0126565
18,84,control,0.01262
21,84,control,0.0127385
24,84,control,0.0128035
27,84,control,0.01269
30,84,control,0.0127195
33,84,control,0.012734
36,84,control,0.0126925
39,84,control,0.0127225
42,84,control,0.0126915
45,84,control,0.012709
48,84,control,0.012667
0,85,control,0.0193855
3,85,control,0.0195075
6,85,control,0.019394
9,85,control,0.0195325
12,85,control,0.0193365
15,85,control,0.019551
18,85,control,0.0194145
21,85,control,0.019419
24,85,control,0.0193495
27,85,control,0.0192945
30,85,control,0.0194515
33,85,control,0.0193965
36,85,control,0.019382
39,85,control,0.019371
42,85,control,0.0194075
45,85,control,0.019351
48,85,control,0.0193385
0,86,control,0.0085995
3,86,control,0.008619
6,86,control,0.008577
9,86,control,0.008602
12,86,control,0.008601
15,86,control,0.008583
18,86,control,0.008607
21,86,control,0.008611
24,86,control,0.008557
27,86,control,0.008619
30,86,control,0.0086130000000000009
33,86,control,0.008635
36,86,control,0.008636
39,86,control,0.0085935
42,86,control,0.0086235
45,86,control,0.0085645
48,86,control,0.00867
0,87,control,0.009848
3,87,control,0.009822
6,87,control,0.009888
9,87,control,0.009869
12,87,control,0.0098035
15,87,control,0.0098165
18,87,control,0.0098485
21,87,control,0.009902
24,87,control,0.0099495
27,87,control,0.009853
30,87,control,0.009867
33,87,control,0.0098295
36,87,control,0.0098665
39,87,control,0.0097865
42,87,control,0.009831
45,87,control,0.0098415
48,87,control,0.009862
0,88,control,0.008464
3,88,control,0.008425
6,88,control,0.00846
9,88,control,0.008477
12,88,control,0.0084395
15,88,control,0.0085035
18,88,control,0.008399
21,88,control,0.008505
24,88,control,0.008448
27,88,control,0.008448
30,88,control,0.0084805
33,88,control,0.0085215
36,88,control,0.008462
39,88,control,0.0083865
42,88,control,0.0084405
45,88,control,0.0084095
48,88,control,0.0084545
0,89,control,0.0147355
3,89,control,0.014648
6,89,control,0.0147815
9,89,control,0.0147195
12,89,control,0.014808
15,89,control,0.01469
18,89,control,0.01475
21,89,control,0.0147375
24,89,control,0.0146895
27,89,control,0.0147975
30,89,control,0.0147755
33,89,control,0.014722
36,89,control,0.014763
39,89,control,0.014745
42,89,control,0.0147485
45,89,control,0.0147705
48,89,control,0.0147585
0,9,control,0.007184
3,9,control,0.0072035
6,9,control,0.007184
9,9,control,0.0072065
12,9,control,0.0072355
15,9,control,0.0071965
18,9,control,0.007194
21,9,control,0.0072125
24,9,control,0.007189
27,9,control,0.0072175
30,9,control,0.0072225
33,9,control,0.0072085
36,9,control,0.00724
39,9,control,0.007196
42,9,control,0.0071935
45,9,control,0.007197
48,9,control,0.0072635
0,90,control,0.016398
3,90,control,0.0164385
6,90,control,0.0164335
9,90,control,0.0165075
12,90,control,0.0164075
15,90,control,0.0163735
18,90,control,0.0163875
21,90,control,0.016415
24,90,control,0.0164
27,90,control,0.0164235
30,90,control,0.01639
33,90,control,0.0164475
36,90,control,0.016395
39,90,control,0.0163865
42,90,control,0.01642
45,90,control,0.0162965
48,90,control,0.016418
0,91,control,0.026057
3,91,control,0.026202
6,91,control,0.026044
9,91,control,0.026244
12,91,control,0.02608
15,91,control,0.0262425
18,91,control,0.0262355
21,91,control,0.026121
24,91,control,0.0260775
27,91,control,0.026181
30,91,control,0.0262545
33,91,control,0.026083
36,91,control,0.0261035
39,91,control,0.0260205
42,91,control,0.02616
45,91,control,0.0261375
48,91,control,0.0261305
0,92,control,0.0245065
3,92,control,0.024404
6,92,control,0.024495
9,92,control,0.024473
12,92,control,0.0244185
15,92,control,0.024471
18,92,control,0.024595
21,92,control,0.024533
24,92,control,0.024502
27,92,control,0.024533
30,92,control,0.024516
33,92,control,0.024446
36,92,control,0.0245385
39,92,control,0.0245415
42,92,control,0.024446
45,92,control,0.02463
48,92,control,0.024521
0,93,control,0.0183355
3,93,control,0.01833
6,93,control,0.018338
9,93,control,0.018383
12,93,control,0.0183425
15,93,control,0.0183275
18,93,control,0.018319
21,93,control,0.0184465
24,93,control,0.0183705
27,93,control,0.018368
30,93,control,0.0183525
33,93,control,0.018337
36,93,control,0.0183565
39,93,control,0.018367
42,93,control,0.0183615
45,93,control,0.018425
48,93,control,0.0183305
0,94,control,0.0090055
3,94,control,0.009067
6,94,control,0.009003
9,94,control,0.0089475
12,94,control,0.009003
15,94,control,0.008985
18,94,control,0.009046
21,94,control,0.0090285
24,94,control,0.008945
27,94,control,0.0090395
30,94,control,0.00896
33,94,control,0.0089545
36,94,control,0.008976
39,94,control,0.0089595
42,94,control,0.009051
45,94,control,0.0089925
48,94,control,0.0090265
0,95,control,0.02795
3,95,control,0.02789
6,95,control,0.0279455
9,95,control,0.0278475
12,95,control,0.0278085
15,95,control,0.0278445
18,95,control,0.027874
21,95,control,0.0279025
24,95,control,0.0278645
27,95,control,0.0278905
30,95,control,0.0279875
33,95,control,0.0278955
36,95,control,0.027892
39,95,control,0.027826
42,95,control,0.027839
45,95,control,0.0278965
48,95,control,0.027844
0,96,control,0.015097
3,96,control,0.015146
6,96,control,0.0151005
9,96,control,0.0150305
12,96,control,0.015077
15,96,control,0.015131
18,96,control,0.015086
21,96,control,0.0151
24,96,control,0.0151115
27,96,control,0.0151355
30,96,control,0.0151265
33,96,control,0.0151335
36,96,control,0.0151075
39,96,control,0.0151345
42,96,control,0.015126
45,96,control,0.0150765
48,96,control,0.015134
0,97,control,0.0033815
3,97,control,0.0034045
6,97,control,0.003407
9,97,control,0.003412
12,97,control,0.003414
15,97,control,0.003379
18,97,control,0.003381
21,97,control,0.0034095
24,97,control,0.003388
27,97,control,0.003417
30,97,control,0.003406
33,97,control,0.003415
36,97,control,0.0033995
39,97,control,0.003376
42,97,control,0.0033955
45,97,control,0.0033935
48,97,control,0.003384
0,98,control,0.0139165
3,98,control,0.013931
6,98,control,0.0139755
9,98,control,0.014001
12,98,control,0.0139995
15,98,control,0.0139485
18,98,control,0.0140365
21,98,control,0.0139695
24,98,control,0.0140225
27,98,control,0.0139015
30,98,control,0.013995
33,98,control,0.0140355
36,98,control,0.0140215
39,98,control,0.013983
42,98,control,0.0140985
45,98,control,0.013969
48,98,control,0.014037000000000001
0,99,control,0.0136565
3,99,control,0.0136805
6,99,control,0.01366
9,99,control,0.013677
12,99,control,0.013663
15,99,control,0.01369
18,99,control,0.013693
21,99,control,0.0136875
24,99,control,0.0136255
27,99,control,0.0136115
30,99,control,0.0137645
33,99,control,0.0136875
36,99,control,0.013648
39,99,control,0.0136825
42,99,control,0.013612
45,99,control,0.013686
48,99,control,0.0137075
0,1,intervention,0.0164725
3,1,intervention,0.016464
6,1,intervention,0.016536
9,1,intervention,0.0164745
12,1,intervention,0.0165045
15,1,intervention,0.016554
18,1,intervention,0.016496
21,1,intervention,0.016453
24,1,intervention,0.0165455
27,1,intervention,0.016558
30,1,intervention,0.0165125
33,1,intervention,0.0166175
36,1,intervention,0.016551
39,1,intervention,0.0164515
42,1,intervention,0.016489
45,1,intervention,0.0165535
48,1,intervention,0.016645
0,10,intervention,0.0070395
3,10,intervention,0.00711
6,10,intervention,0.006982
9,10,intervention,0.0070935
12,10,intervention,0.007084
15,10,intervention,0.0070875
18,10,intervention,0.007054
21,10,intervention,0.007118
24,10,intervention,0.007097
27,10,intervention,0.007108
30,10,intervention,0.0071105
33,10,intervention,0.007164
36,10,intervention,0.0071415
39,10,intervention,0.007169
42,10,intervention,0.0071005
45,10,intervention,0.007098
48,10,intervention,0.007091
0,100,intervention,0.008799
3,100,intervention,0.0088175
6,100,intervention,0.008798
9,100,intervention,0.0088395
12,100,intervention,0.008779
15,100,intervention,0.008812
18,100,intervention,0.008886
21,100,intervention,0.0088605
24,100,intervention,0.0087955
27,100,intervention,0.0087795
30,100,intervention,0.008842
33,100,intervention,0.008832
36,100,intervention,0.0088945
39,100,intervention,0.0088785
42,100,intervention,0.008867
45,100,intervention,0.008845
48,100,intervention,0.0088565
0,101,intervention,0.0166115
3,101,intervention,0.0166215
6,101,intervention,0.016579
9,101,intervention,0.0165865
12,101,intervention,0.016609
15,101,intervention,0.016614
18,101,intervention,0.0166025
21,101,intervention,0.016594
24,101,intervention,0.01662
27,101,intervention,0.016709
30,101,intervention,0.0166025
33,101,intervention,0.016611
36,101,intervention,0.016535
39,101,intervention,0.016682
42,101,intervention,0.0166315
45,101,intervention,0.016543
48,101,intervention,0.016543
0,102,intervention,0.0201435
3,102,intervention,0.020144
6,102,intervention,0.0201635
9,102,intervention,0.0202385
12,102,intervention,0.0202635
15,102,intervention,0.0201965
18,102,intervention,0.020322
21,102,intervention,0.020205999999999998
24,102,intervention,0.0202325
27,102,intervention,0.0202465
30,102,intervention,0.020281
33,102,intervention,0.020267
36,102,intervention,0.020328
39,102,intervention,0.0202735
42,102,intervention,0.020297
45,102,intervention,0.020352
48,102,intervention,0.0202125
0,103,intervention,0.0205445
3,103,intervention,0.0207295
6,103,intervention,0.0207355
9,103,intervention,0.0206855
12,103,intervention,0.0206155
15,103,intervention,0.020689
18,103,intervention,0.0207405
21,103,intervention,0.02068
24,103,intervention,0.020708
27,103,intervention,0.020736
30,103,intervention,0.020752
33,103,intervention,0.020788
36,103,intervention,0.020663
39,103,intervention,0.020763
42,103,intervention,0.020777
45,103,intervention,0.020748
48,103,intervention,0.0207505
0,104,intervention,0.0090135
3,104,intervention,0.0089845
6,104,intervention,0.0090395
9,104,intervention,0.009074
12,104,intervention,0.0090155
15,104,intervention,0.0090865
18,104,intervention,0.009075
21,104,intervention,0.0090525
24,104,intervention,0.0090845
27,104,intervention,0.0090725
30,104,intervention,0.009098
33,104,intervention,0.00904
36,104,intervention,0.009119
39,104,intervention,0.0090775
42,104,intervention,0.0090975
45,104,intervention,0.009103
48,104,intervention,0.0090565
0,105,intervention,0.025028
3,105,intervention,0.025075
6,105,intervention,0.025085
9,105,intervention,0.0249725
12,105,intervention,0.025238
15,105,intervention,0.025061
18,105,intervention,0.0252285
21,105,intervention,0.025116
24,105,intervention,0.0251315
27,105,intervention,0.025144
30,105,intervention,0.025135
33,105,intervention,0.025119
36,105,intervention,0.0251315
39,105,intervention,0.0251855
42,105,intervention,0.0251065
45,105,intervention,0.0251315
48,105,intervention,0.025282
0,106,intervention,0.010246
3,106,intervention,0.010327
6,106,intervention,0.0102845
9,106,intervention,0.0102445
12,106,intervention,0.010311
15,106,intervention,0.0102615
18,106,intervention,0.0103085
21,106,intervention,0.0102945
24,106,intervention,0.0103485
27,106,intervention,0.0103555
30,106,intervention,0.0103355
33,106,intervention,0.010362
36,106,intervention,0.0103625
39,106,intervention,0.010375
42,106,intervention,0.0103385
45,106,intervention,0.0103885
48,106,intervention,0.010394
0,107,intervention,0.012833
3,107,intervention,0.0128345
6,107,intervention,0.0127375
9,107,intervention,0.01279
12,107,intervention,0.0128055
15,107,intervention,0.012836
18,107,intervention,0.0128385
21,107,intervention,0.012834
24,107,intervention,0.0128555
27,107,intervention,0.0127885
30,107,intervention,0.012896
33,107,intervention,0.0128435
36,107,intervention,0.012842
39,107,intervention,0.012867
42,107,intervention,0.0128485
45,107,intervention,0.012848
48,107,intervention,0.0129365
0,108,intervention,0.0190415
3,108,intervention,0.0189215
6,108,intervention,0.0189675
9,108,intervention,0.018944
12,108,intervention,0.018998
15,108,intervention,0.0189015
18,108,intervention,0.018926
21,108,intervention,0.0190055
24,108,intervention,0.0188945
27,108,intervention,0.0190535
30,108,intervention,0.019049
33,108,intervention,0.0189865
36,108,intervention,0.018974
39,108,intervention,0.0190075
42,108,intervention,0.01903
45,108,intervention,0.0190185
48,108,intervention,0.019079
0,109,intervention,0.013039
3,109,intervention,0.013089
6,109,intervention,0.013008
9,109,intervention,0.013103
12,109,intervention,0.013096
15,109,intervention,0.0131005
18,109,intervention,0.013022
21,109,intervention,0.0130955
24,109,intervention,0.013116
27,109,intervention,0.013201
30,109,intervention,0.013095
33,109,intervention,0.0130605
36,109,intervention,0.013148
39,109,intervention,0.0132265
42,109,intervention,0.0131185
45,109,intervention,0.0131395
48,109,intervention,0.0132005
0,11,intervention,0.018521
3,11,intervention,0.018509
6,11,intervention,0.0184725
9,11,intervention,0.018549
12,11,intervention,0.01847
15,11,intervention,0.01868
18,11,intervention,0.0186065
21,11,intervention,0.0186735
24,11,intervention,0.018647
27,11,intervention,0.01859
30,11,intervention,0.0186015
33,11,intervention,0.01872
36,11,intervention,0.0186425
39,11,intervention,0.0185315
42,11,intervention,0.018577
45,11,intervention,0.018565
48,11,intervention,0.0185695
0,110,intervention,0.0190765
3,110,intervention,0.0190555
6,110,intervention,0.0190815
9,110,intervention,0.018974
12,110,intervention,0.0191265
15,110,intervention,0.0190755
18,110,intervention,0.019105
21,110,intervention,0.0191255
24,110,intervention,0.019063
27,110,intervention,0.0192025
30,110,intervention,0.019137500000000002
33,110,intervention,0.01913
36,110,intervention,0.0191055
39,110,intervention,0.0191815
42,110,intervention,0.019123
45,110,intervention,0.0191025
48,110,intervention,0.019102
0,111,intervention,0.008379
3,111,intervention,0.008445
6,111,intervention,0.00844
9,111,intervention,0.008455
12,111,intervention,0.008486
15,111,intervention,0.0084455
18,111,intervention,0.008448
21,111,intervention,0.0084805
24,111,intervention,0.008527
27,111,intervention,0.0084835
30,111,intervention,0.0084585
33,111,intervention,0.0084895
36,111,intervention,0.00847
39,111,intervention,0.008486
42,111,intervention,0.008423
45,111,intervention,0.0084495
48,111,intervention,0.0084135
0,112,intervention,0.040968
3,112,intervention,0.041047
6,112,intervention,0.041162
9,112,intervention,0.0411425
12,112,intervention,0.041169
15,112,intervention,0.0410605
18,112,intervention,0.041229
21,112,intervention,0.0412285
24,112,intervention,0.0411365
27,112,intervention,0.0410655
30,112,intervention,0.0412235
33,112,intervention,0.0411245
36,112,intervention,0.041357
39,112,intervention,0.0411485
42,112,intervention,0.041216
45,112,intervention,0.041249
48,112,intervention,0.041139
0,113,intervention,0.009859
3,113,intervention,0.009876
6,113,intervention,0.0098255
9,113,intervention,0.009842
12,113,intervention,0.0098325
15,113,intervention,0.0098905
18,113,intervention,0.00995
21,113,intervention,0.0098885
24,113,intervention,0.009897
27,113,intervention,0.0099195
30,113,intervention,0.010002
33,113,intervention,0.009921
36,113,intervention,0.009887
39,113,intervention,0.0098955
42,113,intervention,0.009901
45,113,intervention,0.009911
48,113,intervention,0.009939
0,114,intervention,0.046234
3,114,intervention,0.0463055
6,114,intervention,0.04595
9,114,intervention,0.046257
12,114,intervention,0.0462435
15,114,intervention,0.046176
18,114,intervention,0.0461585
21,114,intervention,0.0462905
24,114,intervention,0.0462825
27,114,intervention,0.046208
30,114,intervention,0.0462955
33,114,intervention,0.0462265
36,114,intervention,0.046301
39,114,intervention,0.046288
42,114,intervention,0.0462515
45,114,intervention,0.0462345
48,114,intervention,0.046195
0,115,intervention,0.0275605
3,115,intervention,0.027726
6,115,intervention,0.0277345
9,115,intervention,0.0277475
12,115,intervention,0.0277825
15,115,intervention,0.0277335
18,115,intervention,0.027743
21,115,intervention,0.027773
24,115,intervention,0.0276725
27,115,intervention,0.027683
30,115,intervention,0.0277595
33,115,intervention,0.027751
36,115,intervention,0.027759
39,115,intervention,0.0278295
42,115,intervention,0.027788
45,115,intervention,0.027791
48,115,intervention,0.0277925
0,116,intervention,0.0108635
3,116,intervention,0.0108835
6,116,intervention,0.0108085
9,116,intervention,0.0109515
12,116,intervention,0.0108775
15,116,intervention,0.0110065
18,116,intervention,0.010949
21,116,intervention,0.0109275
24,116,intervention,0.010913
27,116,intervention,0.0109885
30,116,intervention,0.0109015
33,116,intervention,0.0109915
36,116,intervention,0.011
39,116,intervention,0.010951
42,116,intervention,0.010995
45,116,intervention,0.0109535
48,116,intervention,0.011012
0,117,intervention,0.0195515
3,117,intervention,0.0194655
6,117,intervention,0.0195625
9,117,intervention,0.0196135
12,117,intervention,0.0195745
15,117,intervention,0.019635
18,117,intervention,0.0195565
21,117,intervention,0.0196125
24,117,intervention,0.0196215
27,117,intervention,0.019662
30,117,intervention,0.0196195
33,117,intervention,0.019618
36,117,intervention,0.0197055
39,117,intervention,0.0195905
42,117,intervention,0.019612
45,117,intervention,0.0195835
48,117,intervention,0.0195415
0,118,intervention,0.012157
3,118,intervention,0.012023
6,118,intervention,0.012016
9,118,intervention,0.012063
12,118,intervention,0.0120575
15,118,intervention,0.0120855
18,118,intervention,0.012135
21,118,intervention,0.012114
24,118,intervention,0.01214
27,118,intervention,0.0121615
30,118,intervention,0.012127
33,118,intervention,0.0121545
36,118,intervention,0.012073
39,118,intervention,0.012208
42,118,intervention,0.012207
45,118,intervention,0.012192
48,118,intervention,0.012162
0,119,intervention,0.026972
3,119,intervention,0.0269455
6,119,intervention,0.026989
9,119,intervention,0.0268415
12,119,intervention,0.0268745
15,119,intervention,0.0269555
18,119,intervention,0.027098
21,119,intervention,0.027007
24,119,intervention,0.027022
27,119,intervention,0.0269645
30,119,intervention,0.027012
33,119,intervention,0.0269875
36,119,intervention,0.026995
39,119,intervention,0.0269685
42,119,intervention,0.026954
45,119,intervention,0.027115
48,119,intervention,0.027039
0,12,intervention,0.009985
3,12,intervention,0.010016
6,12,intervention,0.009902
9,12,intervention,0.010025
12,12,intervention,0.0100125
15,12,intervention,0.0099765
18,12,intervention,0.0099915
21,12,intervention,0.010004
24,12,intervention,0.0100755
27,12,intervention,0.010004
30,12,intervention,0.0100955
33,12,intervention,0.009993
36,12,intervention,0.0100505
39,12,intervention,0.010084
42,12,intervention,0.0100495
45,12,intervention,0.0100565
48,12,intervention,0.0100235
0,120,intervention,0.007766
3,120,intervention,0.0077795
6,120,intervention,0.0077635
9,120,intervention,0.007782
12,120,intervention,0.007781
15,120,intervention,0.0078225
18,120,intervention,0.007818
21,120,intervention,0.007834
24,120,intervention,0.007799
27,120,intervention,0.0077815
30,120,intervention,0.007753
33,120,intervention,0.0078635
36,120,intervention,0.0078425
39,120,intervention,0.007878
42,120,intervention,0.007814
45,120,intervention,0.0078425
48,120,intervention,0.007804
0,121,intervention,0.0064425
3,121,intervention,0.006418
6,121,intervention,0.006455
9,121,intervention,0.006526
12,121,intervention,0.006556
15,121,intervention,0.00649
18,121,intervention,0.006522
21,121,intervention,0.0064835
24,121,intervention,0.006511
27,121,intervention,0.006465
30,121,intervention,0.0065105
33,121,intervention,0.0065555
36,121,intervention,0.006518
39,121,intervention,0.0065835
42,121,intervention,0.0065005
45,121,intervention,0.0065445
48,121,intervention,0.006498
0,122,intervention,0.012961
3,122,intervention,0.01302
6,122,intervention,0.012992
9,122,intervention,0.012967
12,122,intervention,0.012993
15,122,intervention,0.0130205
18,122,intervention,0.0129885
21,122,intervention,0.0129765
24,122,intervention,0.0129675
27,122,intervention,0.013033
30,122,intervention,0.0130385
33,122,intervention,0.0130825
36,122,intervention,0.013002
39,122,intervention,0.0129715
42,122,intervention,0.013028
45,122,intervention,0.013085
48,122,intervention,0.013
0,123,intervention,0.020185
3,123,intervention,0.020081
6,123,intervention,0.0200625
9,123,intervention,0.020059
12,123,intervention,0.020119
15,123,intervention,0.020115
18,123,intervention,0.0200365
21,123,intervention,0.0200995
24,123,intervention,0.0201315
27,123,intervention,0.020127
30,123,intervention,0.0203015
33,123,intervention,0.020146
36,123,intervention,0.0201955
39,123,intervention,0.0202225
42,123,intervention,0.020115
45,123,intervention,0.0201425
48,123,intervention,0.0201305
0,124,intervention,0.0044525
3,124,intervention,0.004376
6,124,intervention,0.0044555
9,124,intervention,0.0044525
12,124,intervention,0.0044785
15,124,intervention,0.0044285
18,124,intervention,0.004455
21,124,intervention,0.004481
24,124,intervention,0.0044865
27,124,intervention,0.0044815
30,124,intervention,0.004527
33,124,intervention,0.0045
36,124,intervention,0.004544
39,124,intervention,0.004497
42,124,intervention,0.004475
45,124,intervention,0.0044735
48,124,intervention,0.0045
0,125,intervention,0.0152625
3,125,intervention,0.0151795
6,125,intervention,0.0152545
9,125,intervention,0.015147
12,125,intervention,0.015235
15,125,intervention,0.015171
18,125,intervention,0.0152875
21,125,intervention,0.015204
24,125,intervention,0.0152025
27,125,intervention,0.015216
30,125,intervention,0.015206
33,125,intervention,0.0152895
36,125,intervention,0.015324
39,125,intervention,0.0153255
42,125,intervention,0.0153345
45,125,intervention,0.0153035
48,125,intervention,0.0152325
0,126,intervention,0.0072385
3,126,intervention,0.007244
6,126,intervention,0.0072025
9,126,intervention,0.007267
12,126,intervention,0.007206
15,126,intervention,0.0072215
18,126,intervention,0.007214
21,126,intervention,0.007277
24,126,intervention,0.0072185
27,126,intervention,0.007237
30,126,intervention,0.0072635
33,126,intervention,0.0072835
36,126,intervention,0.007265
39,126,intervention,0.007271
42,126,intervention,0.00727
45,126,intervention,0.007286
48,126,intervention,0.0072865
0,127,intervention,0.023438
3,127,intervention,0.0235515
6,127,intervention,0.02352
9,127,intervention,0.023467
12,127,intervention,0.023555
15,127,intervention,0.023476
18,127,intervention,0.023646
21,127,intervention,0.0234695
24,127,intervention,0.023483
27,127,intervention,0.0234925
30,127,intervention,0.0235265
33,127,intervention,0.023518
36,127,intervention,0.0235735
39,127,intervention,0.023491
42,127,intervention,0.023617
45,127,intervention,0.023591
48,127,intervention,0.023557
0,128,intervention,0.025897
3,128,intervention,0.025825
6,128,intervention,0.0258535
9,128,intervention,0.025823
12,128,intervention,0.0258585
15,128,intervention,0.0258615
18,128,intervention,0.0259265
21,128,intervention,0.025941
24,128,intervention,0.0258855
27,128,intervention,0.0259735
30,128,intervention,0.025997
33,128,intervention,0.02593
36,128,intervention,0.02607
39,128,intervention,0.0260595
42,128,intervention,0.025884
45,128,intervention,0.0259865
48,128,intervention,0.0260495
0,129,intervention,0.02078
3,129,intervention,0.020751
6,129,intervention,0.0209215
9,129,intervention,0.020813
12,129,intervention,0.0208895
15,129,intervention,0.0208985
18,129,intervention,0.020831
21,129,intervention,0.020928
24,129,intervention,0.020835
27,129,intervention,0.020946
30,129,intervention,0.0209365
33,129,intervention,0.0208655
36,129,intervention,0.0208715
39,129,intervention,0.0209935
42,129,intervention,0.0209265
45,129,intervention,0.0209105
48,129,intervention,0.0209195
0,13,intervention,0.0187095
3,13,intervention,0.0187395
6,13,intervention,0.0187985
9,13,intervention,0.018683
12,13,intervention,0.0187975
15,13,intervention,0.018762
18,13,intervention,0.0188235
21,13,intervention,0.0188495
24,13,intervention,0.018839
27,13,intervention,0.0187755
30,13,intervention,0.018841
33,13,intervention,0.0188805
36,13,intervention,0.018801
39,13,intervention,0.0189125
42,13,intervention,0.0187935
45,13,intervention,0.01878
48,13,intervention,0.018877
0,130,intervention,0.0176885
3,130,intervention,0.0177585
6,130,intervention,0.01772
9,130,intervention,0.017722
12,130,intervention,0.017847
15,130,intervention,0.017767
18,130,intervention,0.0177
21,130,intervention,0.017682
24,130,intervention,0.017729
27,130,intervention,0.017696
30,130,intervention,0.0177285
33,130,intervention,0.0177775
36,130,intervention,0.017797
39,130,intervention,0.0178155
42,130,intervention,0.017702
45,130,intervention,0.0177105
48,130,intervention,0.017632
0,131,intervention,0.0126205
3,131,intervention,0.0126905
6,131,intervention,0.0126345
9,131,intervention,0.012591
12,131,intervention,0.012525
15,131,intervention,0.0127065
18,131,intervention,0.012647
21,131,intervention,0.0125915
24,131,intervention,0.012746
27,131,intervention,0.012682
30,131,intervention,0.0127275
33,131,intervention,0.0127265
36,131,intervention,0.0126515
39,131,intervention,0.0127245
42,131,intervention,0.0127585
45,131,intervention,0.012675
48,131,intervention,0.012745
0,132,intervention,0.017859
3,132,intervention,0.0178895
6,132,intervention,0.017923
9,132,intervention,0.017839
12,132,intervention,0.0178965
15,132,intervention,0.0178105
18,132,intervention,0.017944
21,132,intervention,0.0179725
24,132,intervention,0.0178405
27,132,intervention,0.017947
30,132,intervention,0.0180295
33,132,intervention,0.017943
36,132,intervention,0.017934
39,132,intervention,0.017972
42,132,intervention,0.017936
45,132,intervention,0.017881
48,132,intervention,0.017889
0,133,intervention,0.0141065
3,133,intervention,0.014013
6,133,intervention,0.014119
9,133,intervention,0.0141105
12,133,intervention,0.0142055
15,133,intervention,0.014105
18,133,intervention,0.0142095
21,133,intervention,0.014148
24,133,intervention,0.014143
27,133,intervention,0.0142695
30,133,intervention,0.0142455
33,133,intervention,0.0142275
36,133,intervention,0.014188
39,133,intervention,0.014181
42,133,intervention,0.0142465
45,133,intervention,0.014308
48,133,intervention,0.0142025
0,134,intervention,0.014458
3,134,intervention,0.0144435
6,134,intervention,0.0144745
9,134,intervention,0.0145065
12,134,intervention,0.0144145
15,134,intervention,0.01445
18,134,intervention,0.014408
21,134,intervention,0.014517
24,134,intervention,0.014465
27,134,intervention,0.014455
30,134,intervention,0.0146125
33,134,intervention,0.01455
36,134,intervention,0.014486
39,134,intervention,0.014578
42,134,intervention,0.0146145
45,134,intervention,0.0145185
48,134,intervention,0.014539
0,135,intervention,0.0108525
3,135,intervention,0.0108135
6,135,intervention,0.010807
9,135,intervention,0.0108925
12,135,intervention,0.0108585
15,135,intervention,0.010926
18,135,intervention,0.010887
21,135,intervention,0.0109405
24,135,intervention,0.0108815
27,135,intervention,0.0108705
30,135,intervention,0.010951
33,135,intervention,0.010899
36,135,intervention,0.0109285
39,135,intervention,0.01094
42,135,intervention,0.0109285
45,135,intervention,0.0109075
48,135,intervention,0.0108305
0,136,intervention,0.0333945
3,136,intervention,0.0334575
6,136,intervention,0.033448
9,136,intervention,0.0332655
12,136,intervention,0.0334145
15,136,intervention,0.0334295
18,136,intervention,0.033439
21,136,intervention,0.0333595
24,136,intervention,0.0334275
27,136,intervention,0.0336025
30,136,intervention,0.0333465
33,136,intervention,0.033396
36,136,intervention,0.0333595
39,136,intervention,0.0333935
42,136,intervention,0.0334385
45,136,intervention,0.0335435
48,136,intervention,0.0335255
0,137,intervention,0.0180145
3,137,intervention,0.0179795
6,137,intervention,0.0180315
9,137,intervention,0.0181155
12,137,intervention,0.0180895
15,137,intervention,0.018086
18,137,intervention,0.018065
21,137,intervention,0.018072
24,137,intervention,0.0180675
27,137,intervention,0.018112
30,137,intervention,0.01813
33,137,intervention,0.0180845
36,137,intervention,0.018129
39,137,intervention,0.0181185
42,137,intervention,0.018039
45,137,intervention,0.0181475
48,137,intervention,0.0181755
0,138,intervention,0.01486
3,138,intervention,0.0148295
6,138,intervention,0.014862
9,138,intervention,0.014823
12,138,intervention,0.0148945
15,138,intervention,0.014864
18,138,intervention,0.014889
21,138,intervention,0.014986
24,138,intervention,0.01493
27,138,intervention,0.0149295
30,138,intervention,0.0148635
33,138,intervention,0.014961
36,138,intervention,0.014921
39,138,intervention,0.0149715
42,138,intervention,0.0149005
45,138,intervention,0.0148745
48,138,intervention,0.0149095
0,139,intervention,0.0114955
3,139,intervention,0.011538
6,139,intervention,0.0115725
9,139,intervention,0.0115755
12,139,intervention,0.01153
15,139,intervention,0.011497
18,139,intervention,0.011613
21,139,intervention,0.0116445
24,139,intervention,0.0115675
27,139,intervention,0.0115895
30,139,intervention,0.011652
33,139,intervention,0.0116705
36,139,intervention,0.0116225
39,139,intervention,0.011594
42,139,intervention,0.0116085
45,139,intervention,0.0116495
48,139,intervention,0.011571
0,14,intervention,0.013626
3,14,intervention,0.013621
6,14,intervention,0.0135985
9,14,intervention,0.0136365
12,14,intervention,0.013633
15,14,intervention,0.0135865
18,14,intervention,0.013601
21,14,intervention,0.013596
24,14,intervention,0.0136075
27,14,intervention,0.013666
30,14,intervention,0.0137565
33,14,intervention,0.013609
36,14,intervention,0.013716
39,14,intervention,0.013657
42,14,intervention,0.013618
45,14,intervention,0.013726
48,14,intervention,0.0136935
0,140,intervention,0.008554
3,140,intervention,0.008498
6,140,intervention,0.0084665
9,140,intervention,0.0085275
12,140,intervention,0.0085395
15,140,intervention,0.008573
18,140,intervention,0.008562
21,140,intervention,0.0085725
24,140,intervention,0.008464
27,140,intervention,0.008537
30,140,intervention,0.0085845
33,140,intervention,0.008608
36,140,intervention,0.0085775
39,140,intervention,0.0085555
42,140,intervention,0.008637
45,140,intervention,0.0085655
48,140,intervention,0.008584
0,141,intervention,0.0117245
3,141,intervention,0.011628
6,141,intervention,0.011679
9,141,intervention,0.0117425
12,141,intervention,0.0116255
15,141,intervention,0.011657
18,141,intervention,0.011678
21,141,intervention,0.0117575
24,141,intervention,0.0117625
27,141,intervention,0.011744
30,141,intervention,0.011742
33,141,intervention,0.0117785
36,141,intervention,0.0117005
39,141,intervention,0.011823
42,141,intervention,0.011714
45,141,intervention,0.011865
48,141,intervention,0.011742
0,142,intervention,0.0099735
3,142,intervention,0.0099785
6,142,intervention,0.00999
9,142,intervention,0.010021
12,142,intervention,0.0100145
15,142,intervention,0.010044
18,142,intervention,0.010089
21,142,intervention,0.0099875
24,142,intervention,0.010026
27,142,intervention,0.010028
30,142,intervention,0.0100695
33,142,intervention,0.0100495
36,142,intervention,0.0100275
39,142,intervention,0.0099755
42,142,intervention,0.010053
45,142,intervention,0.010001
48,142,intervention,0.0100805
0,143,intervention,0.0171495
3,143,intervention,0.017245
6,143,intervention,0.017308
9,143,intervention,0.017255
12,143,intervention,0.0173105
15,143,intervention,0.0172525
18,143,intervention,0.0173295
21,143,intervention,0.0173935
24,143,intervention,0.017278
27,143,intervention,0.0173005
30,143,intervention,0.0172795
33,143,intervention,0.017223
36,143,intervention,0.0174255
39,143,intervention,0.0172795
42,143,intervention,0.0172215
45,143,intervention,0.017386
48,143,intervention,0.0173695
0,144,intervention,0.026797
3,144,intervention,0.0268275
6,144,intervention,0.0269525
9,144,intervention,0.026724
12,144,intervention,0.0267485
15,144,intervention,0.0268665
18,144,intervention,0.026761
21,144,intervention,0.026894
24,144,intervention,0.0268005
27,144,intervention,0.026946
30,144,intervention,0.026833
33,144,intervention,0.026886
36,144,intervention,0.0268105
39,144,intervention,0.026818
42,144,intervention,0.0269245
45,144,intervention,0.026947
48,144,intervention,0.0267705
0,145,intervention,0.0053855
3,145,intervention,0.005389
6,145,intervention,0.0053475
9,145,intervention,0.005367
12,145,intervention,0.005372
15,145,intervention,0.00541
18,145,intervention,0.005384
21,145,intervention,0.0053785
24,145,intervention,0.005462
27,145,intervention,0.0054355
30,145,intervention,0.0054065
33,145,intervention,0.005458
36,145,intervention,0.00546
39,145,intervention,0.0054855
42,145,intervention,0.0055075
45,145,intervention,0.005434
48,145,intervention,0.0054335
0,146,intervention,0.0081485
3,146,intervention,0.008185
6,146,intervention,0.0081155
9,146,intervention,0.0081565
12,146,intervention,0.008243
15,146,intervention,0.008138
18,146,intervention,0.0082185
21,146,intervention,0.0082485
24,146,intervention,0.008226
27,146,intervention,0.0081745
30,146,intervention,0.0082315
33,146,intervention,0.008251
36,146,intervention,0.008265
39,146,intervention,0.008238
42,146,intervention,0.008258
45,146,intervention,0.00824
48,146,intervention,0.0082255
0,147,intervention,0.0060615
3,147,intervention,0.006026
6,147,intervention,0.0060885
9,147,intervention,0.006081
12,147,intervention,0.0061035
15,147,intervention,0.0060925
18,147,intervention,0.0060405
21,147,intervention,0.00611
24,147,intervention,0.00613
27,147,intervention,0.006175
30,147,intervention,0.0061225
33,147,intervention,0.006185
36,147,intervention,0.0061865
39,147,intervention,0.00617
42,147,intervention,0.0061535
45,147,intervention,0.006157
48,147,intervention,0.006078
0,148,intervention,0.008226
3,148,intervention,0.0082355
6,148,intervention,0.008212
9,148,intervention,0.0082635
12,148,intervention,0.0082425
15,148,intervention,0.008305
18,148,intervention,0.0082505
21,148,intervention,0.008317
24,148,intervention,0.0082145
27,148,intervention,0.0082805
30,148,intervention,0.008324
33,148,intervention,0.0083965
36,148,intervention,0.0083325
39,148,intervention,0.008307
42,148,intervention,0.00832
45,148,intervention,0.008284
48,148,intervention,0.008346
0,149,intervention,0.009257
3,149,intervention,0.00925
6,149,intervention,0.009186
9,149,intervention,0.009232
12,149,intervention,0.0092275
15,149,intervention,0.009283
18,149,intervention,0.0092355
21,149,intervention,0.009232
24,149,intervention,0.009355
27,149,intervention,0.0093145
30,149,intervention,0.0092875
33,149,intervention,0.0093085
36,149,intervention,0.0093005
39,149,intervention,0.0093205
42,149,intervention,0.0092855
45,149,intervention,0.0093135
48,149,intervention,0.009313
0,15,intervention,0.0129125
3,15,intervention,0.012882
6,15,intervention,0.01291
9,15,intervention,0.013007
12,15,intervention,0.012999
15,15,intervention,0.0129385
18,15,intervention,0.0129715
21,15,intervention,0.012984
24,15,intervention,0.0130605
27,15,intervention,0.0130285
30,15,intervention,0.012984
33,15,intervention,0.013039
36,15,intervention,0.01305
39,15,intervention,0.0130145
42,15,intervention,0.01306
45,15,intervention,0.0130135
48,15,intervention,0.0130105
0,150,intervention,0.044463
3,150,intervention,0.0445
6,150,intervention,0.0445205
9,150,intervention,0.0444945
12,150,intervention,0.0444925
15,150,intervention,0.044627
18,150,intervention,0.044491
21,150,intervention,0.0445485
24,150,intervention,0.0446615
27,150,intervention,0.0445165
30,150,intervention,0.0447335
33,150,intervention,0.0444355
36,150,intervention,0.0445585
39,150,intervention,0.0446345
42,150,intervention,0.0445365
45,150,intervention,0.044491
48,150,intervention,0.0446255
0,151,intervention,0.006656
3,151,intervention,0.006666
6,151,intervention,0.006714
9,151,intervention,0.006703
12,151,intervention,0.0066745
15,151,intervention,0.006732
18,151,intervention,0.006777
21,151,intervention,0.006697
24,151,intervention,0.006764
27,151,intervention,0.006794
30,151,intervention,0.0067405
33,151,intervention,0.006829
36,151,intervention,0.006772
39,151,intervention,0.0067815
42,151,intervention,0.006794
45,151,intervention,0.006761
48,151,intervention,0.006753
0,152,intervention,0.0191755
3,152,intervention,0.01926
6,152,intervention,0.0192685
9,152,intervention,0.0192725
12,152,intervention,0.019268
15,152,intervention,0.019174
18,152,intervention,0.019235
21,152,intervention,0.019244
24,152,intervention,0.0192495
27,152,intervention,0.0192665
30,152,intervention,0.0192625
33,152,intervention,0.019196
36,152,intervention,0.0193515
39,152,intervention,0.019285
42,152,intervention,0.0192635
45,152,intervention,0.019308
48,152,intervention,0.0193225
0,153,intervention,0.022646
3,153,intervention,0.022702
6,153,intervention,0.0226815
9,153,intervention,0.022717
12,153,intervention,0.0227435
15,153,intervention,0.022742
18,153,intervention,0.02278
21,153,intervention,0.022759
24,153,intervention,0.022804
27,153,intervention,0.022803
30,153,intervention,0.0228
33,153,intervention,0.022713
36,153,intervention,0.0227945
39,153,intervention,0.022865
42,153,intervention,0.022737
45,153,intervention,0.022812
48,153,intervention,0.0228215
0,154,intervention,0.02364
3,154,intervention,0.0237115
6,154,intervention,0.023666
9,154,intervention,0.023729
12,154,intervention,0.0237585
15,154,intervention,0.023581
18,154,intervention,0.0236805
21,154,intervention,0.0237925
24,154,intervention,0.023777
27,154,intervention,0.023705
30,154,intervention,0.0236415
33,154,intervention,0.0238275
36,154,intervention,0.023749
39,154,intervention,0.023687
42,154,intervention,0.0238845
45,154,intervention,0.0237345
48,154,intervention,0.023681
0,155,intervention,0.011095
3,155,intervention,0.0110265
6,155,intervention,0.011049
9,155,intervention,0.0111215
12,155,intervention,0.0111655
15,155,intervention,0.0110775
18,155,intervention,0.0111085
21,155,intervention,0.0111335
24,155,intervention,0.0110895
27,155,intervention,0.0111495
30,155,intervention,0.011141
33,155,intervention,0.011058
36,155,intervention,0.011248
39,155,intervention,0.011192
42,155,intervention,0.011081
45,155,intervention,0.01115
48,155,intervention,0.0110825
0,156,intervention,0.014235
3,156,intervention,0.014284
6,156,intervention,0.014242
9,156,intervention,0.014153
12,156,intervention,0.01432
15,156,intervention,0.0142175
18,156,intervention,0.014225
21,156,intervention,0.0142725
24,156,intervention,0.014275
27,156,intervention,0.0142675
30,156,intervention,0.0143415
33,156,intervention,0.014393
36,156,intervention,0.014261
39,156,intervention,0.014396
42,156,intervention,0.0142845
45,156,intervention,0.0143115
48,156,intervention,0.0141895
0,157,intervention,0.0136185
3,157,intervention,0.013732
6,157,intervention,0.0136805
9,157,intervention,0.0137345
12,157,intervention,0.013698
15,157,intervention,0.0137105
18,157,intervention,0.013754
21,157,intervention,0.013705
24,157,intervention,0.013711
27,157,intervention,0.013723
30,157,intervention,0.0138275
33,157,intervention,0.0137865
36,157,intervention,0.0137265
39,157,intervention,0.0138065
42,157,intervention,0.013734
45,157,intervention,0.0137445
48,157,intervention,0.013729
0,158,intervention,0.015509
3,158,intervention,0.0155665
6,158,intervention,0.015476
9,158,intervention,0.015552
12,158,intervention,0.0155075
15,158,intervention,0.015396
18,158,intervention,0.015465
21,158,intervention,0.0154865
24,158,intervention,0.0154935
27,158,intervention,0.0155145
30,158,intervention,0.0155025
33,158,intervention,0.0155055
36,158,intervention,0.0155595
39,158,intervention,0.015557
42,158,intervention,0.0155145
45,158,intervention,0.0156145
48,158,intervention,0.01553
0,159,intervention,0.010912
3,159,intervention,0.010914
6,159,intervention,0.0109565
9,159,intervention,0.0109785
12,159,intervention,0.010903
15,159,intervention,0.01101
18,159,intervention,0.011012
21,159,intervention,0.01095
24,159,intervention,0.010929
27,159,intervention,0.0109395
30,159,intervention,0.0110535
33,159,intervention,0.011032
36,159,intervention,0.0110445
39,159,intervention,0.011035
42,159,intervention,0.0109945
45,159,intervention,0.010991
48,159,intervention,0.011066
0,16,intervention,0.012642
3,16,intervention,0.012631
6,16,intervention,0.0126365
9,16,intervention,0.012618
12,16,intervention,0.0126165
15,16,intervention,0.0127465
18,16,intervention,0.012709
21,16,intervention,0.0126725
24,16,intervention,0.012718
27,16,intervention,0.012783
30,16,intervention,0.012639
33,16,intervention,0.0127235
36,16,intervention,0.012719
39,16,intervention,0.012658
42,16,intervention,0.0127135
45,16,intervention,0.0127015
48,16,intervention,0.0126195
0,160,intervention,0.01525
3,160,intervention,0.0152605
6,160,intervention,0.015273
9,160,intervention,0.015302
12,160,intervention,0.015276
15,160,intervention,0.0153535
18,160,intervention,0.015341
21,160,intervention,0.0154045
24,160,intervention,0.015344
27,160,intervention,0.0153885
30,160,intervention,0.0153005
33,160,intervention,0.01531
36,160,intervention,0.015417
39,160,intervention,0.015396
42,160,intervention,0.0154945
45,160,intervention,0.0153665
48,160,intervention,0.0153655
0,161,intervention,0.01554
3,161,intervention,0.0154975
6,161,intervention,0.0155195
9,161,intervention,0.015642
12,161,intervention,0.0155475
15,161,intervention,0.015559
18,161,intervention,0.0154725
21,161,intervention,0.015531
24,161,intervention,0.015557
27,161,intervention,0.0155415
30,161,intervention,0.015604
33,161,intervention,0.0156015
36,161,intervention,0.0156565
39,161,intervention,0.0156055
42,161,intervention,0.0155445
45,161,intervention,0.015598
48,161,intervention,0.0155795
0,162,intervention,0.007925
3,162,intervention,0.008001
6,162,intervention,0.0079625
9,162,intervention,0.0080395
12,162,intervention,0.0080485
15,162,intervention,0.008027
18,162,intervention,0.0080125
21,162,intervention,0.008
24,162,intervention,0.007995
27,162,intervention,0.0080005
30,162,intervention,0.0080965
33,162,intervention,0.0081005
36,162,intervention,0.0080985
39,162,intervention,0.0081065
42,162,intervention,0.008084
45,162,intervention,0.0081175
48,162,intervention,0.0081105
0,163,intervention,0.0208575
3,163,intervention,0.0209385
6,163,intervention,0.020912
9,163,intervention,0.0208615
12,163,intervention,0.020772
15,163,intervention,0.020858
18,163,intervention,0.020947
21,163,intervention,0.020828
24,163,intervention,0.020823
27,163,intervention,0.0208395
30,163,intervention,0.0208195
33,163,intervention,0.0209645
36,163,intervention,0.020977
39,163,intervention,0.0209905
42,163,intervention,0.0209175
45,163,intervention,0.0208565
48,163,intervention,0.020973
0,164,intervention,0.0153075
3,164,intervention,0.015199
6,164,intervention,0.015301
9,164,intervention,0.015279
12,164,intervention,0.0152795
15,164,intervention,0.0153415
18,164,intervention,0.0153305
21,164,intervention,0.0152275
24,164,intervention,0.015281
27,164,intervention,0.015376
30,164,intervention,0.0154025
33,164,intervention,0.015349
36,164,intervention,0.0153805
39,164,intervention,0.0153875
42,164,intervention,0.0152865
45,164,intervention,0.015396
48,164,intervention,0.0153165
0,165,intervention,0.0063095
3,165,intervention,0.0063195
6,165,intervention,0.006285
9,165,intervention,0.0062765
12,165,intervention,0.006326
15,165,intervention,0.006385
18,165,intervention,0.00636
21,165,intervention,0.006332
24,165,intervention,0.0063785
27,165,intervention,0.0063735
30,165,intervention,0.0063755
33,165,intervention,0.0064135
36,165,intervention,0.0063495
39,165,intervention,0.0064065
42,165,intervention,0.006407
45,165,intervention,0.006396
48,165,intervention,0.006394
0,166,intervention,0.0349765
3,166,intervention,0.034777
6,166,intervention,0.034943
9,166,intervention,0.034819
12,166,intervention,0.0350105
15,166,intervention,0.0349135
18,166,intervention,0.0349645
21,166,intervention,0.0350065
24,166,intervention,0.0349115
27,166,intervention,0.0350465
30,166,intervention,0.034985
33,166,intervention,0.03499
36,166,intervention,0.034997
39,166,intervention,0.035092
42,166,intervention,0.03509
45,166,intervention,0.0349555
48,166,intervention,0.0350465
0,167,intervention,0.0118235
3,167,intervention,0.0118265
6,167,intervention,0.0118505
9,167,intervention,0.011864
12,167,intervention,0.011954
15,167,intervention,0.0119415
18,167,intervention,0.0119325
21,167,intervention,0.0118835
24,167,intervention,0.012029
27,167,intervention,0.0120285
30,167,intervention,0.011973
33,167,intervention,0.011932
36,167,intervention,0.011967
39,167,intervention,0.0119645
42,167,intervention,0.011956
45,167,intervention,0.0119595
48,167,intervention,0.011963
0,168,intervention,0.0054115
3,168,intervention,0.005445
6,168,intervention,0.005429
9,168,intervention,0.0054745
12,168,intervention,0.005496
15,168,intervention,0.005463
18,168,intervention,0.005517
21,168,intervention,0.0054535
24,168,intervention,0.0055175
27,168,intervention,0.0055
30,168,intervention,0.005483
33,168,intervention,0.0055285
36,168,intervention,0.0055375
39,168,intervention,0.0055015
42,168,intervention,0.005535
45,168,intervention,0.0055485
48,168,intervention,0.005555
0,169,intervention,0.01766
3,169,intervention,0.0175105
6,169,intervention,0.01767
9,169,intervention,0.0176805
12,169,intervention,0.017653
15,169,intervention,0.017684
18,169,intervention,0.017681
21,169,intervention,0.017681
24,169,intervention,0.0176695
27,169,intervention,0.017647
30,169,intervention,0.017815
33,169,intervention,0.0177055
36,169,intervention,0.0176725
39,169,intervention,0.017687
42,169,intervention,0.0176555
45,169,intervention,0.017646
48,169,intervention,0.017606
0,17,intervention,0.0045045
3,17,intervention,0.0044845
6,17,intervention,0.0045225
9,17,intervention,0.004521
12,17,intervention,0.0045145
15,17,intervention,0.004546
18,17,intervention,0.004567
21,17,intervention,0.004567
24,17,intervention,0.0045775
27,17,intervention,0.0045755
30,17,intervention,0.004543
33,17,intervention,0.0045945
36,17,intervention,0.00458
39,17,intervention,0.004509
42,17,intervention,0.004598
45,17,intervention,0.0045445
48,17,intervention,0.0045625
0,170,intervention,0.0127985
3,170,intervention,0.0128015
6,170,intervention,0.0127335
9,170,intervention,0.0128215
12,170,intervention,0.0127955
15,170,intervention,0.012784
18,170,intervention,0.0127135
21,170,intervention,0.0128005
24,170,intervention,0.012787
27,170,intervention,0.0128045
30,170,intervention,0.0127955
33,170,intervention,0.0128145
36,170,intervention,0.0128755
39,170,intervention,0.0128905
42,170,intervention,0.012769
45,170,intervention,0.012823
48,170,intervention,0.0128465
0,171,intervention,0.026385
3,171,intervention,0.026318
6,171,intervention,0.0263385
9,171,intervention,0.0262615
12,171,intervention,0.0264135
15,171,intervention,0.0264635
18,171,intervention,0.0264
21,171,intervention,0.026473
24,171,intervention,0.0263165
27,171,intervention,0.026325
30,171,intervention,0.0264505
33,171,intervention,0.0264055
36,171,intervention,0.026388000000000002
39,171,intervention,0.026511
42,171,intervention,0.026437
45,171,intervention,0.0263895
48,171,intervention,0.0264475
0,172,intervention,0.00461
3,172,intervention,0.004663
6,172,intervention,0.0046405
9,172,intervention,0.0046345
12,172,intervention,0.0046415
15,172,intervention,0.0046305
18,172,intervention,0.004698
21,172,intervention,0.0046505
24,172,intervention,0.004632
27,172,intervention,0.0046725
30,172,intervention,0.0046625
33,172,intervention,0.0047285
36,172,intervention,0.004733
39,172,intervention,0.0046565
42,172,intervention,0.004689
45,172,intervention,0.0046975
48,172,intervention,0.004681
0,173,intervention,0.0068115
3,173,intervention,0.0069025
6,173,intervention,0.00687
9,173,intervention,0.0068125
12,173,intervention,0.0068385
15,173,intervention,0.0068365
18,173,intervention,0.0069115
21,173,intervention,0.006858
24,173,intervention,0.006958
27,173,intervention,0.0069305
30,173,intervention,0.0069275
33,173,intervention,0.006927
36,173,intervention,0.0069605
39,173,intervention,0.006918
42,173,intervention,0.006973
45,173,intervention,0.006922
48,173,intervention,0.006912
0,174,intervention,0.0212675
3,174,intervention,0.021346
6,174,intervention,0.0211995
9,174,intervention,0.021365
12,174,intervention,0.021396
15,174,intervention,0.0214445
18,174,intervention,0.021353
21,174,intervention,0.0214395
24,174,intervention,0.0213655
27,174,intervention,0.0214145
30,174,intervention,0.021475
33,174,intervention,0.0213845
36,174,intervention,0.02137
39,174,intervention,0.0214425
42,174,intervention,0.021481
45,174,intervention,0.021505
48,174,intervention,0.0213785
0,175,intervention,0.0094075
3,175,intervention,0.009457
6,175,intervention,0.0094015
9,175,intervention,0.0093955
12,175,intervention,0.009424
15,175,intervention,0.0094415
18,175,intervention,0.0094125
21,175,intervention,0.0093825
24,175,intervention,0.009444
27,175,intervention,0.0094715
30,175,intervention,0.009426
33,175,intervention,0.009568
36,175,intervention,0.0094785
39,175,intervention,0.009476
42,175,intervention,0.009414
45,175,intervention,0.0094855
48,175,intervention,0.009463
0,176,intervention,0.0090915
3,176,intervention,0.0091075
6,176,intervention,0.0091925
9,176,intervention,0.009141
12,176,intervention,0.0092035
15,176,intervention,0.009179
18,176,intervention,0.009236
21,176,intervention,0.0091855
24,176,intervention,0.0092555
27,176,intervention,0.009159
30,176,intervention,0.00916
33,176,intervention,0.009255
36,176,intervention,0.009242
39,176,intervention,0.009205
42,176,intervention,0.0092785
45,176,intervention,0.0092615
48,176,intervention,0.0092185
0,177,intervention,0.013936
3,177,intervention,0.0138825
6,177,intervention,0.013888
9,177,intervention,0.0138725
12,177,intervention,0.0139385
15,177,intervention,0.0138595
18,177,intervention,0.013799
21,177,intervention,0.0139585
24,177,intervention,0.0139835
27,177,intervention,0.0140385
30,177,intervention,0.013947
33,177,intervention,0.0140265
36,177,intervention,0.014017
39,177,intervention,0.013998
42,177,intervention,0.0139795
45,177,intervention,0.013996
48,177,intervention,0.0139795
0,178,intervention,0.0095065
3,178,intervention,0.009471
6,178,intervention,0.009549
9,178,intervention,0.0095285
12,178,intervention,0.0095035
15,178,intervention,0.0095995
18,178,intervention,0.0095445
21,178,intervention,0.0096465
24,178,intervention,0.009556
27,178,intervention,0.0095745
30,178,intervention,0.009652
33,178,intervention,0.009569
36,178,intervention,0.009617
39,178,intervention,0.009656
42,178,intervention,0.009602
45,178,intervention,0.0096425
48,178,intervention,0.009641
0,179,intervention,0.0104925
3,179,intervention,0.010489
6,179,intervention,0.010521
9,179,intervention,0.010546
12,179,intervention,0.01051
15,179,intervention,0.010544
18,179,intervention,0.010544
21,179,intervention,0.010559
24,179,intervention,0.0105135
27,179,intervention,0.0105595
30,179,intervention,0.0105605
33,179,intervention,0.0104695
36,179,intervention,0.0105555
39,179,intervention,0.0105825
42,179,intervention,0.0105205
45,179,intervention,0.0105675
48,179,intervention,0.010561
0,18,intervention,0.022016
3,18,intervention,0.021952
6,18,intervention,0.021985
9,18,intervention,0.0218815
12,18,intervention,0.0218715
15,18,intervention,0.0219075
18,18,intervention,0.0221
21,18,intervention,0.021939
24,18,intervention,0.022088
27,18,intervention,0.0220035
30,18,intervention,0.0219815
33,18,intervention,0.0220685
36,18,intervention,0.0220355
39,18,intervention,0.0220645
42,18,intervention,0.021995
45,18,intervention,0.021983
48,18,intervention,0.0220735
0,180,intervention,0.008634
3,180,intervention,0.0086385
6,180,intervention,0.008628
9,180,intervention,0.008657
12,180,intervention,0.008714
15,180,intervention,0.0086055
18,180,intervention,0.0086755
21,180,intervention,0.0086115
24,180,intervention,0.008697
27,180,intervention,0.008698
30,180,intervention,0.008658
33,180,intervention,0.0087105
36,180,intervention,0.0087195
39,180,intervention,0.0085915
42,180,intervention,0.0087465
45,180,intervention,0.0086625
48,180,intervention,0.0086725
0,181,intervention,0.013404
3,181,intervention,0.0133355
6,181,intervention,0.0134035
9,181,intervention,0.01341
12,181,intervention,0.0134155
15,181,intervention,0.013429
18,181,intervention,0.0133405
21,181,intervention,0.0135025
24,181,intervention,0.013529
27,181,intervention,0.013476
30,181,intervention,0.013535
33,181,intervention,0.0133975
36,181,intervention,0.01346
39,181,intervention,0.0134905
42,181,intervention,0.013535
45,181,intervention,0.013478
48,181,intervention,0.0134105
0,182,intervention,0.0169045
3,182,intervention,0.0169575
6,182,intervention,0.0168835
9,182,intervention,0.0169245
12,182,intervention,0.016909
15,182,intervention,0.01686
18,182,intervention,0.016872
21,182,intervention,0.016876
24,182,intervention,0.016913
27,182,intervention,0.01691
30,182,intervention,0.0169465
33,182,intervention,0.0169665
36,182,intervention,0.016928
39,182,intervention,0.0169785
42,182,intervention,0.016981
45,182,intervention,0.0168915
48,182,intervention,0.016866
0,183,intervention,0.011377
3,183,intervention,0.011427
6,183,intervention,0.0114195
9,183,intervention,0.0114045
12,183,intervention,0.011534
15,183,intervention,0.011457
18,183,intervention,0.0114655
21,183,intervention,0.0115775
24,183,intervention,0.0115155
27,183,intervention,0.0115325
30,183,intervention,0.011546
33,183,intervention,0.0115945
36,183,intervention,0.01154
39,183,intervention,0.011547
42,183,intervention,0.011568
45,183,intervention,0.011522
48,183,intervention,0.011546
0,184,intervention,0.018207
3,184,intervention,0.0183
6,184,intervention,0.0183815
9,184,intervention,0.018248
12,184,intervention,0.018293
15,184,intervention,0.018276
18,184,intervention,0.0182595
21,184,intervention,0.01835
24,184,intervention,0.018312
27,184,intervention,0.0183635
30,184,intervention,0.018291
33,184,intervention,0.018319
36,184,intervention,0.018314
39,184,intervention,0.0184355
42,184,intervention,0.018334
45,184,intervention,0.018482
48,184,intervention,0.0183645
0,185,intervention,0.0113965
3,185,intervention,0.0113625
6,185,intervention,0.0114055
9,185,intervention,0.011392
12,185,intervention,0.011386
15,185,intervention,0.011381
18,185,intervention,0.0114285
21,185,intervention,0.011416
24,185,intervention,0.011507
27,185,intervention,0.011523
30,185,intervention,0.0115515
33,185,intervention,0.01148
36,185,intervention,0.0114615
39,185,intervention,0.011507999999999999
42,185,intervention,0.0114545
45,185,intervention,0.0114675
48,185,intervention,0.0114845
0,186,intervention,0.0223205
3,186,intervention,0.0223665
6,186,intervention,0.0222165
9,186,intervention,0.022307
12,186,intervention,0.0222915
15,186,intervention,0.022159
18,186,intervention,0.022316
21,186,intervention,0.0222755
24,186,intervention,0.022473
27,186,intervention,0.0224085
30,186,intervention,0.022359
33,186,intervention,0.0224965
36,186,intervention,0.0224525
39,186,intervention,0.022377
42,186,intervention,0.022369
45,186,intervention,0.022465
48,186,intervention,0.0223725
0,187,intervention,0.0071195
3,187,intervention,0.007081
6,187,intervention,0.007193
9,187,intervention,0.0071315
12,187,intervention,0.007206
15,187,intervention,0.007156
18,187,intervention,0.0072055
21,187,intervention,0.0071615
24,187,intervention,0.0071295
27,187,intervention,0.0072005
30,187,intervention,0.0072065
33,187,intervention,0.0072375
36,187,intervention,0.00717
39,187,intervention,0.007277
42,187,intervention,0.0072075
45,187,intervention,0.007276
48,187,intervention,0.007241
0,188,intervention,0.014492
3,188,intervention,0.0145945
6,188,intervention,0.0145385
9,188,intervention,0.014592
12,188,intervention,0.01452
15,188,intervention,0.0145245
18,188,intervention,0.0145525
21,188,intervention,0.014579
24,188,intervention,0.0146345
27,188,intervention,0.014638
30,188,intervention,0.01461
33,188,intervention,0.0146135
36,188,intervention,0.0146085
39,188,intervention,0.014703
42,188,intervention,0.014643
45,188,intervention,0.0146515
48,188,intervention,0.014612
0,189,intervention,0.01633
3,189,intervention,0.0163095
6,189,intervention,0.0163465
9,189,intervention,0.0162805
12,189,intervention,0.0163055
15,189,intervention,0.016328
18,189,intervention,0.0163385
21,189,intervention,0.016289
24,189,intervention,0.01636
27,189,intervention,0.016348
30,189,intervention,0.016414
33,189,intervention,0.016344
36,189,intervention,0.016381
39,189,intervention,0.0163905
42,189,intervention,0.0163875
45,189,intervention,0.016381
48,189,intervention,0.016326
0,19,intervention,0.0163385
3,19,intervention,0.0163165
6,19,intervention,0.01631
9,19,intervention,0.016415
12,19,intervention,0.0163525
15,19,intervention,0.016326
18,19,intervention,0.016351
21,19,intervention,0.0164895
24,19,intervention,0.016356
27,19,intervention,0.0164475
30,19,intervention,0.0164555
33,19,intervention,0.016448
36,19,intervention,0.01646
39,19,intervention,0.0164205
42,19,intervention,0.0164435
45,19,intervention,0.0164405
48,19,intervention,0.016421
0,190,intervention,0.0156655
3,190,intervention,0.0156325
6,190,intervention,0.0155695
9,190,intervention,0.015606
12,190,intervention,0.015576
15,190,intervention,0.0155615
18,190,intervention,0.0156515
21,190,intervention,0.0156805
24,190,intervention,0.0156445
27,190,intervention,0.015703
30,190,intervention,0.015711
33,190,intervention,0.015706
36,190,intervention,0.015711
39,190,intervention,0.015724
42,190,intervention,0.0156555
45,190,intervention,0.015707
48,190,intervention,0.015651
0,191,intervention,0.013368
3,191,intervention,0.0134575
6,191,intervention,0.0135375
9,191,intervention,0.01358
12,191,intervention,0.0135585
15,191,intervention,0.013487
18,191,intervention,0.013551
21,191,intervention,0.0135245
24,191,intervention,0.0135245
27,191,intervention,0.0135325
30,191,intervention,0.0136655
33,191,intervention,0.0135725
36,191,intervention,0.01354
39,191,intervention,0.013542
42,191,intervention,0.013554
45,191,intervention,0.013597
48,191,intervention,0.0135915
0,192,intervention,0.028499
3,192,intervention,0.028491
6,192,intervention,0.028461
9,192,intervention,0.0285515
12,192,intervention,0.0283865
15,192,intervention,0.028462
18,192,intervention,0.028413
21,192,intervention,0.0285
24,192,intervention,0.028585
27,192,intervention,0.028574
30,192,intervention,0.028442
33,192,intervention,0.0284255
36,192,intervention,0.028408
39,192,intervention,0.028422
42,192,intervention,0.028529
45,192,intervention,0.0285935
48,192,intervention,0.028457
0,193,intervention,0.0342365
3,193,intervention,0.0341545
6,193,intervention,0.034256
9,193,intervention,0.0342945
12,193,intervention,0.034396500000000003
15,193,intervention,0.0342415
18,193,intervention,0.034317
21,193,intervention,0.0342955
24,193,intervention,0.034291
27,193,intervention,0.0343
30,193,intervention,0.0344015
33,193,intervention,0.0342625
36,193,intervention,0.034311
39,193,intervention,0.0343255
42,193,intervention,0.0342655
45,193,intervention,0.0342525
48,193,intervention,0.034249
0,194,intervention,0.022097
3,194,intervention,0.0220775
6,194,intervention,0.0220175
9,194,intervention,0.0221355
12,194,intervention,0.0221255
15,194,intervention,0.0221435
18,194,intervention,0.022068
21,194,intervention,0.022182
24,194,intervention,0.0221695
27,194,intervention,0.0220995
30,194,intervention,0.0222545
33,194,intervention,0.0221365
36,194,intervention,0.0222015
39,194,intervention,0.022129
42,194,intervention,0.0222055
45,194,intervention,0.0221475
48,194,intervention,0.022109
0,195,intervention,0.008383
3,195,intervention,0.008499
6,195,intervention,0.0084995
9,195,intervention,0.0084655
12,195,intervention,0.0085215
15,195,intervention,0.0085785
18,195,intervention,0.0085075
21,195,intervention,0.00847
24,195,intervention,0.008559
27,195,intervention,0.008472
30,195,intervention,0.008589
33,195,intervention,0.0085535
36,195,intervention,0.0085745
39,195,intervention,0.008497
42,195,intervention,0.008551
45,195,intervention,0.008571
48,195,intervention,0.0085495
0,196,intervention,0.008232
3,196,intervention,0.0082815
6,196,intervention,0.0082405
9,196,intervention,0.0083395
12,196,intervention,0.0082515
15,196,intervention,0.0083555
18,196,intervention,0.008265
21,196,intervention,0.008335
24,196,intervention,0.008302
27,196,intervention,0.008369
30,196,intervention,0.0083815
33,196,intervention,0.0083295
36,196,intervention,0.008304
39,196,intervention,0.0083885
42,196,intervention,0.00834
45,196,intervention,0.0083605
48,196,intervention,0.0083055
0,197,intervention,0.0151845
3,197,intervention,0.015152
6,197,intervention,0.0151255
9,197,intervention,0.0151525
12,197,intervention,0.0150955
15,197,intervention,0.0150715
18,197,intervention,0.015161000000000001
21,197,intervention,0.0151065
24,197,intervention,0.01516
27,197,intervention,0.0152825
30,197,intervention,0.015197
33,197,intervention,0.0152375
36,197,intervention,0.0151735
39,197,intervention,0.015218
42,197,intervention,0.015203
45,197,intervention,0.0151885
48,197,intervention,0.015213
0,198,intervention,0.010588
3,198,intervention,0.010725
6,198,intervention,0.010664999999999999
9,198,intervention,0.0106695
12,198,intervention,0.0106935
15,198,intervention,0.0105955
18,198,intervention,0.010684
21,198,intervention,0.0106775
24,198,intervention,0.010686
27,198,intervention,0.010719
30,198,intervention,0.010711
33,198,intervention,0.010738
36,198,intervention,0.010767
39,198,intervention,0.0107275
42,198,intervention,0.0107285
45,198,intervention,0.0106795
48,198,intervention,0.0107165
0,199,intervention,0.019818
3,199,intervention,0.019737
6,199,intervention,0.019805
9,199,intervention,0.0197915
12,199,intervention,0.019924
15,199,intervention,0.0198975
18,199,intervention,0.0198725
21,199,intervention,0.019925
24,199,intervention,0.019852
27,199,intervention,0.019875
30,199,intervention,0.0198445
33,199,intervention,0.019904
36,199,intervention,0.0198885
39,199,intervention,0.019952
42,199,intervention,0.0198955
45,199,intervention,0.01989
48,199,intervention,0.0199515
0,2,intervention,0.0094645
3,2,intervention,0.0094155
6,2,intervention,0.009487
9,2,intervention,0.009438
12,2,intervention,0.0093985
15,2,intervention,0.0094565
18,2,intervention,0.009525
21,2,intervention,0.009459
24,2,intervention,0.0094475
27,2,intervention,0.009447
30,2,intervention,0.0096035
33,2,intervention,0.009519
36,2,intervention,0.0095605
39,2,intervention,0.009554
42,2,intervention,0.0095175
45,2,intervention,0.009577
48,2,intervention,0.0094795
0,20,intervention,0.008385
3,20,intervention,0.0082475
6,20,intervention,0.008336
9,20,intervention,0.008349
12,20,intervention,0.0083695
15,20,intervention,0.0082945
18,20,intervention,0.0084065
21,20,intervention,0.0083295
24,20,intervention,0.0083315
27,20,intervention,0.0083325
30,20,intervention,0.008358
33,20,intervention,0.0083065
36,20,intervention,0.0083765
39,20,intervention,0.0083545
42,20,intervention,0.0083785
45,20,intervention,0.008369
48,20,intervention,0.0084415
0,200,intervention,0.0138045
3,200,intervention,0.013744
6,200,intervention,0.0137825
9,200,intervention,0.013794
12,200,intervention,0.0138105
15,200,intervention,0.013764
18,200,intervention,0.013771
21,200,intervention,0.0138055
24,200,intervention,0.013755
27,200,intervention,0.013796
30,200,intervention,0.013865
33,200,intervention,0.0138385
36,200,intervention,0.013842
39,200,intervention,0.0139115
42,200,intervention,0.01381
45,200,intervention,0.0138365
48,200,intervention,0.0138755
0,21,intervention,0.014321
3,21,intervention,0.014348
6,21,intervention,0.01431
9,21,intervention,0.0142905
12,21,intervention,0.0143765
15,21,intervention,0.014315
18,21,intervention,0.014429
21,21,intervention,0.014383
24,21,intervention,0.0143435
27,21,intervention,0.0144135
30,21,intervention,0.014428
33,21,intervention,0.014493
36,21,intervention,0.0145025
39,21,intervention,0.014378
42,21,intervention,0.014459
45,21,intervention,0.014408
48,21,intervention,0.0144965
0,22,intervention,0.036486
3,22,intervention,0.0364125
6,22,intervention,0.036385
9,22,intervention,0.03646
12,22,intervention,0.036373
15,22,intervention,0.036426
18,22,intervention,0.0364215
21,22,intervention,0.036398
24,22,intervention,0.0364475
27,22,intervention,0.0365125
30,22,intervention,0.036486
33,22,intervention,0.036559
36,22,intervention,0.0364585
39,22,intervention,0.036487
42,22,intervention,0.0366115
45,22,intervention,0.0365005
48,22,intervention,0.0364345
0,23,intervention,0.0058165
3,23,intervention,0.0058565
6,23,intervention,0.0058255
9,23,intervention,0.0058235
12,23,intervention,0.0058745
15,23,intervention,0.0058125
18,23,intervention,0.005828
21,23,intervention,0.005832
24,23,intervention,0.005876
27,23,intervention,0.005816
30,23,intervention,0.0058865
33,23,intervention,0.0058615
36,23,intervention,0.005925
39,23,intervention,0.0058605
42,23,intervention,0.005936
45,23,intervention,0.005927
48,23,intervention,0.0059395
0,24,intervention,0.0102855
3,24,intervention,0.010222
6,24,intervention,0.0102565
9,24,intervention,0.010301
12,24,intervention,0.010302
15,24,intervention,0.0102695
18,24,intervention,0.010306
21,24,intervention,0.0104035
24,24,intervention,0.0103705
27,24,intervention,0.0103465
30,24,intervention,0.010302
33,24,intervention,0.010377
36,24,intervention,0.0103625
39,24,intervention,0.0103405
42,24,intervention,0.0104155
45,24,intervention,0.01031
48,24,intervention,0.0103525
0,25,intervention,0.0083775
3,25,intervention,0.008423
6,25,intervention,0.0084325
9,25,intervention,0.008452
12,25,intervention,0.0084055
15,25,intervention,0.008454
18,25,intervention,0.0084545
21,25,intervention,0.008443
24,25,intervention,0.0084985
27,25,intervention,0.0084295
30,25,intervention,0.008497
33,25,intervention,0.0085025
36,25,intervention,0.008474
39,25,intervention,0.008526
42,25,intervention,0.0085145
45,25,intervention,0.008491
48,25,intervention,0.0085035
0,26,intervention,0.014198
3,26,intervention,0.014181
6,26,intervention,0.01424
9,26,intervention,0.0142035
12,26,intervention,0.01404
15,26,intervention,0.0141045
18,26,intervention,0.01412
21,26,intervention,0.0142335
24,26,intervention,0.014194
27,26,intervention,0.014155
30,26,intervention,0.0141545
33,26,intervention,0.0141325
36,26,intervention,0.0142755
39,26,intervention,0.0142925
42,26,intervention,0.0142855
45,26,intervention,0.0142385
48,26,intervention,0.014254
0,27,intervention,0.013999
3,27,intervention,0.0141315
6,27,intervention,0.014062
9,27,intervention,0.014094
12,27,intervention,0.0140335
15,27,intervention,0.01403
18,27,intervention,0.0140275
21,27,intervention,0.014092
24,27,intervention,0.0141045
27,27,intervention,0.014117
30,27,intervention,0.0141755
33,27,intervention,0.0140535
36,27,intervention,0.0141405
39,27,intervention,0.014173
42,27,intervention,0.0141405
45,27,intervention,0.014155
48,27,intervention,0.0141795
0,28,intervention,0.015588
3,28,intervention,0.0156765
6,28,intervention,0.01559
9,28,intervention,0.015596
12,28,intervention,0.0156525
15,28,intervention,0.015698
18,28,intervention,0.0157
21,28,intervention,0.015765500000000002
24,28,intervention,0.015653
27,28,intervention,0.01577
30,28,intervention,0.015761
33,28,intervention,0.0157765
36,28,intervention,0.015716
39,28,intervention,0.015704
42,28,intervention,0.0157715
45,28,intervention,0.015636
48,28,intervention,0.01568
0,29,intervention,0.0118665
3,29,intervention,0.0118385
6,29,intervention,0.011861
9,29,intervention,0.0117865
12,29,intervention,0.011892
15,29,intervention,0.0118745
18,29,intervention,0.011759
21,29,intervention,0.0118305
24,29,intervention,0.0118335
27,29,intervention,0.011879
30,29,intervention,0.0118505
33,29,intervention,0.0119605
36,29,intervention,0.01193
39,29,intervention,0.0119135
42,29,intervention,0.0119225
45,29,intervention,0.01191
48,29,intervention,0.0119745
0,3,intervention,0.0035785
3,3,intervention,0.003566
6,3,intervention,0.0035865
9,3,intervention,0.0036225
12,3,intervention,0.0035565
15,3,intervention,0.0036295
18,3,intervention,0.0036425
21,3,intervention,0.0036565
24,3,intervention,0.003602
27,3,intervention,0.0036165
30,3,intervention,0.00365
33,3,intervention,0.0036445
36,3,intervention,0.0036305
39,3,intervention,0.003681
42,3,intervention,0.003631
45,3,intervention,0.003664
48,3,intervention,0.003649
0,30,intervention,0.0111765
3,30,intervention,0.0111515
6,30,intervention,0.0111415
9,30,intervention,0.011165
12,30,intervention,0.011196
15,30,intervention,0.011184
18,30,intervention,0.011199
21,30,intervention,0.011289
24,30,intervention,0.0112615
27,30,intervention,0.011169
30,30,intervention,0.01125
33,30,intervention,0.0112
36,30,intervention,0.011222
39,30,intervention,0.0111555
42,30,intervention,0.011231
45,30,intervention,0.0113025
48,30,intervention,0.0112535
0,31,intervention,0.0131315
3,31,intervention,0.013026
6,31,intervention,0.0131595
9,31,intervention,0.0131835
12,31,intervention,0.013108
15,31,intervention,0.0131575
18,31,intervention,0.013106
21,31,intervention,0.013121
24,31,intervention,0.013094
27,31,intervention,0.013163
30,31,intervention,0.013169
33,31,intervention,0.0131465
36,31,intervention,0.013167
39,31,intervention,0.0132355
42,31,intervention,0.0131535
45,31,intervention,0.0131385
48,31,intervention,0.0131505
0,32,intervention,0.0090275
3,32,intervention,0.009152
6,32,intervention,0.009093
9,32,intervention,0.0091375
12,32,intervention,0.009094
15,32,intervention,0.009142
18,32,intervention,0.0091045
21,32,intervention,0.009167
24,32,intervention,0.0091145
27,32,intervention,0.00913
30,32,intervention,0.0091425
33,32,intervention,0.0091545
36,32,intervention,0.009131
39,32,intervention,0.009166
42,32,intervention,0.009203
45,32,intervention,0.0091665
48,32,intervention,0.009189
0,33,intervention,0.021965
3,33,intervention,0.022033
6,33,intervention,0.02196
9,33,intervention,0.0219455
12,33,intervention,0.022017
15,33,intervention,0.0220745
18,33,intervention,0.021942
21,33,intervention,0.021997
24,33,intervention,0.0219855
27,33,intervention,0.0219925
30,33,intervention,0.022047
33,33,intervention,0.0220575
36,33,intervention,0.0219975
39,33,intervention,0.022053
42,33,intervention,0.0219815
45,33,intervention,0.0220255
48,33,intervention,0.0220525
0,34,intervention,0.038181
3,34,intervention,0.0383645
6,34,intervention,0.038096
9,34,intervention,0.038174
12,34,intervention,0.038036
15,34,intervention,0.0382075
18,34,intervention,0.038336
21,34,intervention,0.038171
24,34,intervention,0.0383355
27,34,intervention,0.038258
30,34,intervention,0.038144
33,34,intervention,0.038228
36,34,intervention,0.038241
39,34,intervention,0.038186
42,34,intervention,0.0382245
45,34,intervention,0.038218
48,34,intervention,0.0381735
0,35,intervention,0.016641
3,35,intervention,0.016605
6,35,intervention,0.016575
9,35,intervention,0.01665
12,35,intervention,0.016695
15,35,intervention,0.0165965
18,35,intervention,0.01663
21,35,intervention,0.0165615
24,35,intervention,0.0165735
27,35,intervention,0.0165615
30,35,intervention,0.0167025
33,35,intervention,0.01669
36,35,intervention,0.0165445
39,35,intervention,0.016657
42,35,intervention,0.0166785
45,35,intervention,0.0166465
48,35,intervention,0.0167125
0,36,intervention,0.0127085
3,36,intervention,0.0127465
6,36,intervention,0.012697
9,36,intervention,0.01272
12,36,intervention,0.0126815
15,36,intervention,0.012749
18,36,intervention,0.012716
21,36,intervention,0.0126895
24,36,intervention,0.0127575
27,36,intervention,0.0128145
30,36,intervention,0.012705
33,36,intervention,0.012738
36,36,intervention,0.0127385
39,36,intervention,0.012732
42,36,intervention,0.0127405
45,36,intervention,0.012787
48,36,intervention,0.012713
0,37,intervention,0.0122465
3,37,intervention,0.012243
6,37,intervention,0.012255
9,37,intervention,0.012281
12,37,intervention,0.0122295
15,37,intervention,0.012211
18,37,intervention,0.0122615
21,37,intervention,0.01232
24,37,intervention,0.0123125
27,37,intervention,0.01234
30,37,intervention,0.0123045
33,37,intervention,0.0123345
36,37,intervention,0.012352
39,37,intervention,0.012341
42,37,intervention,0.0123125
45,37,intervention,0.012285
48,37,intervention,0.0122955
0,38,intervention,0.0080825
3,38,intervention,0.0080535
6,38,intervention,0.0080305
9,38,intervention,0.0080455
12,38,intervention,0.0080845
15,38,intervention,0.008033
18,38,intervention,0.008077
21,38,intervention,0.0081035
24,38,intervention,0.0081375
27,38,intervention,0.0081235
30,38,intervention,0.0080795
33,38,intervention,0.0080455
36,38,intervention,0.008177
39,38,intervention,0.008095
42,38,intervention,0.0081025
45,38,intervention,0.008107
48,38,intervention,0.0080825
0,39,intervention,0.017664
3,39,intervention,0.0176265
6,39,intervention,0.0177045
9,39,intervention,0.0176745
12,39,intervention,0.0176635
15,39,intervention,0.017706
18,39,intervention,0.0177715
21,39,intervention,0.0177345
24,39,intervention,0.0177495
27,39,intervention,0.017726
30,39,intervention,0.017752
33,39,intervention,0.0178
36,39,intervention,0.017765
39,39,intervention,0.0177465
42,39,intervention,0.017749
45,39,intervention,0.017713
48,39,intervention,0.0177595
0,4,intervention,0.0057475
3,4,intervention,0.005765
6,4,intervention,0.0056995
9,4,intervention,0.0057685
12,4,intervention,0.005724
15,4,intervention,0.005726
18,4,intervention,0.005712
21,4,intervention,0.005776
24,4,intervention,0.0058065
27,4,intervention,0.005822
30,4,intervention,0.0057975
33,4,intervention,0.005824
36,4,intervention,0.005784
39,4,intervention,0.005842
42,4,intervention,0.0057545
45,4,intervention,0.0057745
48,4,intervention,0.0057925
0,40,intervention,0.0148785
3,40,intervention,0.014834
6,40,intervention,0.014854
9,40,intervention,0.014819
12,40,intervention,0.0148805
15,40,intervention,0.014886
18,40,intervention,0.0149015
21,40,intervention,0.0149245
24,40,intervention,0.014892
27,40,intervention,0.0148495
30,40,intervention,0.014923
33,40,intervention,0.014864
36,40,intervention,0.0149625
39,40,intervention,0.0149915
42,40,intervention,0.0149005
45,40,intervention,0.0149075
48,40,intervention,0.0149135
0,41,intervention,0.027682
3,41,intervention,0.0276575
6,41,intervention,0.027689
9,41,intervention,0.0276975
12,41,intervention,0.0277555
15,41,intervention,0.0276465
18,41,intervention,0.027691
21,41,intervention,0.0277345
24,41,intervention,0.0277055
27,41,intervention,0.0277395
30,41,intervention,0.027693
33,41,intervention,0.0278325
36,41,intervention,0.0276855
39,41,intervention,0.0277435
42,41,intervention,0.0278955
45,41,intervention,0.027784
48,41,intervention,0.027753
0,42,intervention,0.009242
3,42,intervention,0.009226
6,42,intervention,0.0093225
9,42,intervention,0.00928
12,42,intervention,0.0092745
15,42,intervention,0.0092975
18,42,intervention,0.0092735
21,42,intervention,0.009327
24,42,intervention,0.009277
27,42,intervention,0.0094055
30,42,intervention,0.009376
33,42,intervention,0.0093775
36,42,intervention,0.009382
39,42,intervention,0.0093585
42,42,intervention,0.0093075
45,42,intervention,0.009345
48,42,intervention,0.009299
0,43,intervention,0.018083
3,43,intervention,0.018238
6,43,intervention,0.018163
9,43,intervention,0.018133
12,43,intervention,0.018105
15,43,intervention,0.0181005
18,43,intervention,0.0181415
21,43,intervention,0.018141
24,43,intervention,0.018204
27,43,intervention,0.0181665
30,43,intervention,0.0181665
33,43,intervention,0.0182685
36,43,intervention,0.0181665
39,43,intervention,0.018109
42,43,intervention,0.0181705
45,43,intervention,0.018184
48,43,intervention,0.0181965
0,44,intervention,0.0109585
3,44,intervention,0.0109845
6,44,intervention,0.0110715
9,44,intervention,0.010969
12,44,intervention,0.010993
15,44,intervention,0.0110335
18,44,intervention,0.0109795
21,44,intervention,0.011063
24,44,intervention,0.011083
27,44,intervention,0.011054
30,44,intervention,0.0110675
33,44,intervention,0.011086
36,44,intervention,0.011055
39,44,intervention,0.011102
42,44,intervention,0.011101
45,44,intervention,0.01107
48,44,intervention,0.0110495
0,45,intervention,0.0170835
3,45,intervention,0.017094
6,45,intervention,0.0170365
9,45,intervention,0.0172575
12,45,intervention,0.017061
15,45,intervention,0.0171305
18,45,intervention,0.017159
21,45,intervention,0.017189
24,45,intervention,0.0171825
27,45,intervention,0.0170785
30,45,intervention,0.017228
33,45,intervention,0.0171475
36,45,intervention,0.0171935
39,45,intervention,0.017209
42,45,intervention,0.017179
45,45,intervention,0.017159
48,45,intervention,0.0171805
0,46,intervention,0.0097915
3,46,intervention,0.009887
6,46,intervention,0.009823
9,46,intervention,0.0098985
12,46,intervention,0.009805
15,46,intervention,0.0098735
18,46,intervention,0.009887
21,46,intervention,0.0098265
24,46,intervention,0.0098225
27,46,intervention,0.0098825
30,46,intervention,0.0098895
33,46,intervention,0.0098735
36,46,intervention,0.009822
39,46,intervention,0.009914
42,46,intervention,0.00988
45,46,intervention,0.0099015
48,46,intervention,0.009945
0,47,intervention,0.0049775
3,47,intervention,0.0049355
6,47,intervention,0.0049865
9,47,intervention,0.005038
12,47,intervention,0.0050235
15,47,intervention,0.0049925
18,47,intervention,0.00497
21,47,intervention,0.0049595
24,47,intervention,0.005019
27,47,intervention,0.005009
30,47,intervention,0.0050105
33,47,intervention,0.0051135
36,47,intervention,0.005039
39,47,intervention,0.005088
42,47,intervention,0.005069
45,47,intervention,0.0050685
48,47,intervention,0.005046
0,48,intervention,0.017378
3,48,intervention,0.017297
6,48,intervention,0.017337
9,48,intervention,0.0173925
12,48,intervention,0.017504
15,48,intervention,0.017378
18,48,intervention,0.017397
21,48,intervention,0.017372
24,48,intervention,0.0173315
27,48,intervention,0.0174425
30,48,intervention,0.017337
33,48,intervention,0.017471
36,48,intervention,0.017448
39,48,intervention,0.0173985
42,48,intervention,0.017449
45,48,intervention,0.0174735
48,48,intervention,0.017397
0,49,intervention,0.010307
3,49,intervention,0.010327
6,49,intervention,0.0103695
9,49,intervention,0.0103115
12,49,intervention,0.0102755
15,49,intervention,0.0103745
18,49,intervention,0.010328
21,49,intervention,0.010301
24,49,intervention,0.01033
27,49,intervention,0.010321
30,49,intervention,0.010399
33,49,intervention,0.010416
36,49,intervention,0.0103745
39,49,intervention,0.0103355
42,49,intervention,0.0103435
45,49,intervention,0.0103995
48,49,intervention,0.010328
0,5,intervention,0.0153925
3,5,intervention,0.0155605
6,5,intervention,0.0155115
9,5,intervention,0.015385
12,5,intervention,0.015468
15,5,intervention,0.0155665
18,5,intervention,0.015579
21,5,intervention,0.015527
24,5,intervention,0.015412
27,5,intervention,0.015493
30,5,intervention,0.0154615
33,5,intervention,0.015479
36,5,intervention,0.0154525
39,5,intervention,0.0155215
42,5,intervention,0.0155235
45,5,intervention,0.015564
48,5,intervention,0.0155595
0,50,intervention,0.020589
3,50,intervention,0.0204825
6,50,intervention,0.0207365
9,50,intervention,0.020716
12,50,intervention,0.0205395
15,50,intervention,0.020611
18,50,intervention,0.0206215
21,50,intervention,0.020676
24,50,intervention,0.0207
27,50,intervention,0.0207385
30,50,intervention,0.020613
33,50,intervention,0.0207185
36,50,intervention,0.0206775
39,50,intervention,0.0205925
42,50,intervention,0.020611
45,50,intervention,0.020716
48,50,intervention,0.0207995
0,51,intervention,0.009082
3,51,intervention,0.009106
6,51,intervention,0.0090875
9,51,intervention,0.0090745
12,51,intervention,0.009146
15,51,intervention,0.009132
18,51,intervention,0.0091615
21,51,intervention,0.009199
24,51,intervention,0.0091195
27,51,intervention,0.0091495
30,51,intervention,0.0092555
33,51,intervention,0.009142
36,51,intervention,0.0092415
39,51,intervention,0.009167
42,51,intervention,0.009193
45,51,intervention,0.009142
48,51,intervention,0.009239
0,52,intervention,0.0162265
3,52,intervention,0.0162685
6,52,intervention,0.0162665
9,52,intervention,0.0162735
12,52,intervention,0.0161475
15,52,intervention,0.016296
18,52,intervention,0.0162765
21,52,intervention,0.016248
24,52,intervention,0.0163005
27,52,intervention,0.016194
30,52,intervention,0.0162865
33,52,intervention,0.0162825
36,52,intervention,0.016275
39,52,intervention,0.016274
42,52,intervention,0.01633
45,52,intervention,0.0162755
48,52,intervention,0.0163715
0,53,intervention,0.0090795
3,53,intervention,0.009072
6,53,intervention,0.009127
9,53,intervention,0.0091025
12,53,intervention,0.0091025
15,53,intervention,0.009152
18,53,intervention,0.0091105
21,53,intervention,0.009142
24,53,intervention,0.0091185
27,53,intervention,0.009114
30,53,intervention,0.0091035
33,53,intervention,0.009139
36,53,intervention,0.0091305
39,53,intervention,0.0091675
42,53,intervention,0.009179
45,53,intervention,0.009183
48,53,intervention,0.0091835
0,54,intervention,0.0130985
3,54,intervention,0.013216
6,54,intervention,0.013187
9,54,intervention,0.013141
12,54,intervention,0.0132725
15,54,intervention,0.013202
18,54,intervention,0.013272
21,54,intervention,0.013217
24,54,intervention,0.0133075
27,54,intervention,0.013231
30,54,intervention,0.0132635
33,54,intervention,0.0132365
36,54,intervention,0.013303
39,54,intervention,0.013242
42,54,intervention,0.013271
45,54,intervention,0.013208
48,54,intervention,0.0132585
0,55,intervention,0.015866
3,55,intervention,0.0158725
6,55,intervention,0.015984
9,55,intervention,0.015981
12,55,intervention,0.016062
15,55,intervention,0.0159305
18,55,intervention,0.0160435
21,55,intervention,0.0160615
24,55,intervention,0.0161355
27,55,intervention,0.0160635
30,55,intervention,0.016049
33,55,intervention,0.0161855
36,55,intervention,0.0160625
39,55,intervention,0.016097
42,55,intervention,0.01607
45,55,intervention,0.0160945
48,55,intervention,0.016133
0,56,intervention,0.0139825
3,56,intervention,0.0140175
6,56,intervention,0.014029
9,56,intervention,0.0140355
12,56,intervention,0.014078
15,56,intervention,0.0139695
18,56,intervention,0.014019
21,56,intervention,0.0139645
24,56,intervention,0.013942
27,56,intervention,0.0140005
30,56,intervention,0.014027
33,56,intervention,0.0139585
36,56,intervention,0.0140325
39,56,intervention,0.0140675
42,56,intervention,0.0139235
45,56,intervention,0.01412
48,56,intervention,0.014098
0,57,intervention,0.010437
3,57,intervention,0.01035
6,57,intervention,0.010441
9,57,intervention,0.0104665
12,57,intervention,0.010466
15,57,intervention,0.010442
18,57,intervention,0.0104025
21,57,intervention,0.0103885
24,57,intervention,0.010475
27,57,intervention,0.010432
30,57,intervention,0.0105135
33,57,intervention,0.010479
36,57,intervention,0.0104805
39,57,intervention,0.010469
42,57,intervention,0.0105215
45,57,intervention,0.0105005
48,57,intervention,0.0105505
0,58,intervention,0.027907
3,58,intervention,0.027846
6,58,intervention,0.027876
9,58,intervention,0.027896
12,58,intervention,0.0279535
15,58,intervention,0.0277975
18,58,intervention,0.0279345
21,58,intervention,0.02784
24,58,intervention,0.02796
27,58,intervention,0.0280815
30,58,intervention,0.0279085
33,58,intervention,0.0279285
36,58,intervention,0.0278965
39,58,intervention,0.027904
42,58,intervention,0.027992
45,58,intervention,0.0277815
48,58,intervention,0.027877
0,59,intervention,0.0286075
3,59,intervention,0.0285355
6,59,intervention,0.0286035
9,59,intervention,0.0285255
12,59,intervention,0.028679
15,59,intervention,0.028571
18,59,intervention,0.028668
21,59,intervention,0.0287215
24,59,intervention,0.028662
27,59,intervention,0.0286885
30,59,intervention,0.028668
33,59,intervention,0.0287315
36,59,intervention,0.0286885
39,59,intervention,0.028699
42,59,intervention,0.0286655
45,59,intervention,0.028765
48,59,intervention,0.028728
0,6,intervention,0.014066
3,6,intervention,0.013956
6,6,intervention,0.0140065
9,6,intervention,0.0139985
12,6,intervention,0.014069
15,6,intervention,0.0140405
18,6,intervention,0.0140795
21,6,intervention,0.0141095
24,6,intervention,0.0141435
27,6,intervention,0.014052
30,6,intervention,0.0141
33,6,intervention,0.0140905
36,6,intervention,0.014059
39,6,intervention,0.0140825
42,6,intervention,0.014133
45,6,intervention,0.0141165
48,6,intervention,0.0140525
0,60,intervention,0.010817
3,60,intervention,0.010937
6,60,intervention,0.010924
9,60,intervention,0.010881
12,60,intervention,0.0109655
15,60,intervention,0.010801
18,60,intervention,0.010877
21,60,intervention,0.0109035
24,60,intervention,0.0109135
27,60,intervention,0.010894
30,60,intervention,0.010919
33,60,intervention,0.010931
36,60,intervention,0.010902
39,60,intervention,0.010978
42,60,intervention,0.010907
45,60,intervention,0.010913
48,60,intervention,0.0109415
0,61,intervention,0.0252025
3,61,intervention,0.0251075
6,61,intervention,0.0251455
9,61,intervention,0.0250995
12,61,intervention,0.0251495
15,61,intervention,0.025182
18,61,intervention,0.025113
21,61,intervention,0.0251975
24,61,intervention,0.0251795
27,61,intervention,0.025198
30,61,intervention,0.025133
33,61,intervention,0.025177
36,61,intervention,0.0251485
39,61,intervention,0.0251115
42,61,intervention,0.0250745
45,61,intervention,0.0251615
48,61,intervention,0.025219
0,62,intervention,0.0324335
3,62,intervention,0.032373
6,62,intervention,0.032527
9,62,intervention,0.0322625
12,62,intervention,0.032551
15,62,intervention,0.032454
18,62,intervention,0.0322295
21,62,intervention,0.032443
24,62,intervention,0.0325065
27,62,intervention,0.0324815
30,62,intervention,0.0323845
33,62,intervention,0.0325025
36,62,intervention,0.0324275
39,62,intervention,0.032453
42,62,intervention,0.0325795
45,62,intervention,0.0325645
48,62,intervention,0.0326055
0,63,intervention,0.0083315
3,63,intervention,0.008401
6,63,intervention,0.0083595
9,63,intervention,0.0084095
12,63,intervention,0.00838
15,63,intervention,0.008392
18,63,intervention,0.008468
21,63,intervention,0.0083905
24,63,intervention,0.0084245
27,63,intervention,0.0084535
30,63,intervention,0.0084105
33,63,intervention,0.0084305
36,63,intervention,0.0084865
39,63,intervention,0.0083755
42,63,intervention,0.0084765
45,63,intervention,0.0083935
48,63,intervention,0.0083995
0,64,intervention,0.0256855
3,64,intervention,0.0259155
6,64,intervention,0.0257095
9,64,intervention,0.0257835
12,64,intervention,0.0257175
15,64,intervention,0.025721
18,64,intervention,0.0258675
21,64,intervention,0.025858
24,64,intervention,0.0257835
27,64,intervention,0.0258355
30,64,intervention,0.025801
33,64,intervention,0.0258065
36,64,intervention,0.025864
39,64,intervention,0.0258605
42,64,intervention,0.025818
45,64,intervention,0.0258975
48,64,intervention,0.0258375
0,65,intervention,0.022424
3,65,intervention,0.022352
6,65,intervention,0.022426
9,65,intervention,0.022421
12,65,intervention,0.022318
15,65,intervention,0.0224785
18,65,intervention,0.0224535
21,65,intervention,0.022391
24,65,intervention,0.0224595
27,65,intervention,0.0224275
30,65,intervention,0.022495
33,65,intervention,0.0223655
36,65,intervention,0.0224895
39,65,intervention,0.022546
42,65,intervention,0.0225235
45,65,intervention,0.022517
48,65,intervention,0.022265
0,66,intervention,0.009114
3,66,intervention,0.0090255
6,66,intervention,0.009076
9,66,intervention,0.0090975
12,66,intervention,0.0090485
15,66,intervention,0.0090515
18,66,intervention,0.0091005
21,66,intervention,0.0090665
24,66,intervention,0.009214
27,66,intervention,0.0090995
30,66,intervention,0.0091595
33,66,intervention,0.0091255
36,66,intervention,0.0090545
39,66,intervention,0.00911
42,66,intervention,0.0091575
45,66,intervention,0.0090645
48,66,intervention,0.009145
0,67,intervention,0.0074555
3,67,intervention,0.007493
6,67,intervention,0.0074305
9,67,intervention,0.0075425
12,67,intervention,0.0074695
15,67,intervention,0.007417
18,67,intervention,0.0074225
21,67,intervention,0.007426
24,67,intervention,0.007553
27,67,intervention,0.007523
30,67,intervention,0.007512
33,67,intervention,0.00755
36,67,intervention,0.0075575
39,67,intervention,0.007496
42,67,intervention,0.007552
45,67,intervention,0.0075465
48,67,intervention,0.0075075
0,68,intervention,0.0213715
3,68,intervention,0.021324
6,68,intervention,0.021281
9,68,intervention,0.0213615
12,68,intervention,0.021231
15,68,intervention,0.021277
18,68,intervention,0.0213475
21,68,intervention,0.0213415
24,68,intervention,0.0213465
27,68,intervention,0.0212785
30,68,intervention,0.021466
33,68,intervention,0.0213575
36,68,intervention,0.021392
39,68,intervention,0.021346
42,68,intervention,0.021544
45,68,intervention,0.021353
48,68,intervention,0.021358
0,69,intervention,0.0318775
3,69,intervention,0.031976
6,69,intervention,0.031952
9,69,intervention,0.0320215
12,69,intervention,0.0320175
15,69,intervention,0.0319345
18,69,intervention,0.0319235
21,69,intervention,0.032084
24,69,intervention,0.0320115
27,69,intervention,0.032011
30,69,intervention,0.0320125
33,69,intervention,0.032017
36,69,intervention,0.032069
39,69,intervention,0.0320065
42,69,intervention,0.0321165
45,69,intervention,0.032057
48,69,intervention,0.0319185
0,7,intervention,0.014845
3,7,intervention,0.014905
6,7,intervention,0.014873
9,7,intervention,0.0149095
12,7,intervention,0.014832
15,7,intervention,0.014913
18,7,intervention,0.014907
21,7,intervention,0.0149265
24,7,intervention,0.0149145
27,7,intervention,0.014914
30,7,intervention,0.0149605
33,7,intervention,0.0148875
36,7,intervention,0.0149245
39,7,intervention,0.01494
42,7,intervention,0.0149715
45,7,intervention,0.014858
48,7,intervention,0.0149885
0,70,intervention,0.016756
3,70,intervention,0.016694
6,70,intervention,0.0166105
9,70,intervention,0.016683
12,70,intervention,0.016703
15,70,intervention,0.01672
18,70,intervention,0.016837
21,70,intervention,0.0166465
24,70,intervention,0.016715
27,70,intervention,0.016775
30,70,intervention,0.016821
33,70,intervention,0.0167135
36,70,intervention,0.0168525
39,70,intervention,0.016827
42,70,intervention,0.0167865
45,70,intervention,0.0167425
48,70,intervention,0.016783
0,71,intervention,0.008418
3,71,intervention,0.0084365
6,71,intervention,0.008423
9,71,intervention,0.00844
12,71,intervention,0.008431
15,71,intervention,0.008391
18,71,intervention,0.0084925
21,71,intervention,0.008454
24,71,intervention,0.0084985
27,71,intervention,0.00846
30,71,intervention,0.0084865
33,71,intervention,0.0085315
36,71,intervention,0.0084525
39,71,intervention,0.0084755
42,71,intervention,0.00847
45,71,intervention,0.008416
48,71,intervention,0.0084565
0,72,intervention,0.0171175
3,72,intervention,0.017041
6,72,intervention,0.0171305
9,72,intervention,0.0171405
12,72,intervention,0.017017
15,72,intervention,0.017049
18,72,intervention,0.0171385
21,72,intervention,0.0171525
24,72,intervention,0.017094
27,72,intervention,0.017144
30,72,intervention,0.01707
33,72,intervention,0.017068
36,72,intervention,0.0171
39,72,intervention,0.0171695
42,72,intervention,0.0170895
45,72,intervention,0.017104
48,72,intervention,0.0172085
0,73,intervention,0.0057285
3,73,intervention,0.0057475
6,73,intervention,0.005831
9,73,intervention,0.0058095
12,73,intervention,0.005771
15,73,intervention,0.00577
18,73,intervention,0.005771
21,73,intervention,0.0058525
24,73,intervention,0.0057685
27,73,intervention,0.00582
30,73,intervention,0.0057955
33,73,intervention,0.005886
36,73,intervention,0.0058055
39,73,intervention,0.0058895
42,73,intervention,0.0058265
45,73,intervention,0.0058545
48,73,intervention,0.0058335
0,74,intervention,0.0084455
3,74,intervention,0.0083795
6,74,intervention,0.00841
9,74,intervention,0.008429
12,74,intervention,0.008413
15,74,intervention,0.0083815
18,74,intervention,0.0084215
21,74,intervention,0.0083375
24,74,intervention,0.008451
27,74,intervention,0.0084535
30,74,intervention,0.0084045
33,74,intervention,0.008465
36,74,intervention,0.0084625
39,74,intervention,0.0084175
42,74,intervention,0.008424
45,74,intervention,0.0084245
48,74,intervention,0.008464
0,75,intervention,0.0070295
3,75,intervention,0.007048
6,75,intervention,0.007101
9,75,intervention,0.0070345
12,75,intervention,0.00705
15,75,intervention,0.0070855
18,75,intervention,0.0070865
21,75,intervention,0.0071165
24,75,intervention,0.007134
27,75,intervention,0.007135
30,75,intervention,0.0071155
33,75,intervention,0.007157
36,75,intervention,0.0071215
39,75,intervention,0.007137
42,75,intervention,0.007131
45,75,intervention,0.007137
48,75,intervention,0.007171
0,76,intervention,0.021236
3,76,intervention,0.0212455
6,76,intervention,0.021337
9,76,intervention,0.021293
12,76,intervention,0.0213205
15,76,intervention,0.0214025
18,76,intervention,0.021287
21,76,intervention,0.0213165
24,76,intervention,0.021321
27,76,intervention,0.021275
30,76,intervention,0.021392
33,76,intervention,0.021366
36,76,intervention,0.0214465
39,76,intervention,0.0213845
42,76,intervention,0.0214295
45,76,intervention,0.02141
48,76,intervention,0.0214255
0,77,intervention,0.0154055
3,77,intervention,0.0154365
6,77,intervention,0.0154355
9,77,intervention,0.015499
12,77,intervention,0.015387
15,77,intervention,0.015521
18,77,intervention,0.0154625
21,77,intervention,0.0154815
24,77,intervention,0.0155415
27,77,intervention,0.0155595
30,77,intervention,0.01557
33,77,intervention,0.0154525
36,77,intervention,0.0154895
39,77,intervention,0.015432
42,77,intervention,0.0155155
45,77,intervention,0.0155165
48,77,intervention,0.0154675
0,78,intervention,0.024331
3,78,intervention,0.024377
6,78,intervention,0.0245085
9,78,intervention,0.024612
12,78,intervention,0.0244095
15,78,intervention,0.024537
18,78,intervention,0.0244695
21,78,intervention,0.024472
24,78,intervention,0.0245195
27,78,intervention,0.0245035
30,78,intervention,0.024541
33,78,intervention,0.0245695
36,78,intervention,0.024576
39,78,intervention,0.0245945
42,78,intervention,0.024545
45,78,intervention,0.0244885
48,78,intervention,0.0245895
0,79,intervention,0.012441
3,79,intervention,0.0124565
6,79,intervention,0.012538
9,79,intervention,0.0124485
12,79,intervention,0.0124835
15,79,intervention,0.012496
18,79,intervention,0.0125
21,79,intervention,0.0125605
24,79,intervention,0.0125355
27,79,intervention,0.0125565
30,79,intervention,0.012516
33,79,intervention,0.0125425
36,79,intervention,0.012604
39,79,intervention,0.0124975
42,79,intervention,0.0125945
45,79,intervention,0.0126035
48,79,intervention,0.0125215
0,8,intervention,0.0185575
3,8,intervention,0.018595
6,8,intervention,0.01874
9,8,intervention,0.0187055
12,8,intervention,0.01868
15,8,intervention,0.018736
18,8,intervention,0.018712
21,8,intervention,0.018624
24,8,intervention,0.018797
27,8,intervention,0.018695
30,8,intervention,0.018696
33,8,intervention,0.0187475
36,8,intervention,0.0186585
39,8,intervention,0.0186675
42,8,intervention,0.0187525
45,8,intervention,0.0185945
48,8,intervention,0.0186955
0,80,intervention,0.0209345
3,80,intervention,0.020761
6,80,intervention,0.0209265
9,80,intervention,0.0208465
12,80,intervention,0.0209035
15,80,intervention,0.0208215
18,80,intervention,0.0209505
21,80,intervention,0.020887
24,80,intervention,0.020966
27,80,intervention,0.0209
30,80,intervention,0.0210065
33,80,intervention,0.0209485
36,80,intervention,0.020947
39,80,intervention,0.0209345
42,80,intervention,0.0210135
45,80,intervention,0.021008
48,80,intervention,0.020899
0,81,intervention,0.006908
3,81,intervention,0.006987
6,81,intervention,0.007012
9,81,intervention,0.0070225
12,81,intervention,0.0069575
15,81,intervention,0.0070275
18,81,intervention,0.0069925
21,81,intervention,0.007032
24,81,intervention,0.007046
27,81,intervention,0.007009
30,81,intervention,0.0070235
33,81,intervention,0.007097
36,81,intervention,0.0070735
39,81,intervention,0.0070155
42,81,intervention,0.007048
45,81,intervention,0.0070505
48,81,intervention,0.0070265
0,82,intervention,0.0165595
3,82,intervention,0.0165385
6,82,intervention,0.0165735
9,82,intervention,0.0165875
12,82,intervention,0.016559
15,82,intervention,0.0165895
18,82,intervention,0.0167085
21,82,intervention,0.0165545
24,82,intervention,0.0166895
27,82,intervention,0.0166195
30,82,intervention,0.0166155
33,82,intervention,0.0166425
36,82,intervention,0.016633
39,82,intervention,0.0167025
42,82,intervention,0.016519
45,82,intervention,0.0166185
48,82,intervention,0.0165945
0,83,intervention,0.00555
3,83,intervention,0.0055475
6,83,intervention,0.005559
9,83,intervention,0.0055585
12,83,intervention,0.0055695
15,83,intervention,0.005601
18,83,intervention,0.005608
21,83,intervention,0.005581
24,83,intervention,0.005622
27,83,intervention,0.0056125
30,83,intervention,0.0056134999999999996
33,83,intervention,0.0056405
36,83,intervention,0.005625
39,83,intervention,0.0056345
42,83,intervention,0.0055965
45,83,intervention,0.0056485
48,83,intervention,0.005594
0,84,intervention,0.0128645
3,84,intervention,0.0127675
6,84,intervention,0.0128865
9,84,intervention,0.012914
12,84,intervention,0.0128215
15,84,intervention,0.012885
18,84,intervention,0.012954
21,84,intervention,0.0128825
24,84,intervention,0.0129675
27,84,intervention,0.0129155
30,84,intervention,0.012977
33,84,intervention,0.0128945
36,84,intervention,0.0129185
39,84,intervention,0.012889
42,84,intervention,0.0129405
45,84,intervention,0.012908
48,84,intervention,0.0128625
0,85,intervention,0.0185495
3,85,intervention,0.018669
6,85,intervention,0.0186875
9,85,intervention,0.0185865
12,85,intervention,0.0186005
15,85,intervention,0.0185655
18,85,intervention,0.018707
21,85,intervention,0.0186355
24,85,intervention,0.018615
27,85,intervention,0.0186975
30,85,intervention,0.018738
33,85,intervention,0.0187325
36,85,intervention,0.018537
39,85,intervention,0.018585
42,85,intervention,0.0187115
45,85,intervention,0.0187705
48,85,intervention,0.0187145
0,86,intervention,0.009406
3,86,intervention,0.0092885
6,86,intervention,0.0093855
9,86,intervention,0.00935
12,86,intervention,0.0094185
15,86,intervention,0.0093755
18,86,intervention,0.009404
21,86,intervention,0.0094255
24,86,intervention,0.009375
27,86,intervention,0.009393
30,86,intervention,0.0094065
33,86,intervention,0.00939
36,86,intervention,0.00942
39,86,intervention,0.00941
42,86,intervention,0.009415
45,86,intervention,0.0094015
48,86,intervention,0.0093995
0,87,intervention,0.0027364999999999998
3,87,intervention,0.0027465
6,87,intervention,0.0027525
9,87,intervention,0.002789
12,87,intervention,0.0027265
15,87,intervention,0.002764
18,87,intervention,0.0027535
21,87,intervention,0.002778
24,87,intervention,0.002779
27,87,intervention,0.0027905
30,87,intervention,0.0028115
33,87,intervention,0.002812
36,87,intervention,0.002825
39,87,intervention,0.0027975
42,87,intervention,0.0028085
45,87,intervention,0.0027995
48,87,intervention,0.002773
0,88,intervention,0.009373
3,88,intervention,0.0093395
6,88,intervention,0.0094065
9,88,intervention,0.009406
12,88,intervention,0.0093815
15,88,intervention,0.0093865
18,88,intervention,0.0094205
21,88,intervention,0.0094965
24,88,intervention,0.0094915
27,88,intervention,0.0094585
30,88,intervention,0.0094445
33,88,intervention,0.0095355
36,88,intervention,0.0095095
39,88,intervention,0.0095005
42,88,intervention,0.009518
45,88,intervention,0.009541
48,88,intervention,0.009531
0,89,intervention,0.016355
3,89,intervention,0.0162365
6,89,intervention,0.016313
9,89,intervention,0.0162245
12,89,intervention,0.016299
15,89,intervention,0.016344
18,89,intervention,0.0162465
21,89,intervention,0.0162555
24,89,intervention,0.0163025
27,89,intervention,0.0163235
30,89,intervention,0.016352
33,89,intervention,0.0164055
36,89,intervention,0.0163215
39,89,intervention,0.0162175
42,89,intervention,0.0163495
45,89,intervention,0.016276
48,89,intervention,0.016302
0,9,intervention,0.0260355
3,9,intervention,0.0258655
6,9,intervention,0.0259645
9,9,intervention,0.0259225
12,9,intervention,0.0258675
15,9,intervention,0.025983
18,9,intervention,0.026067
21,9,intervention,0.025959
24,9,intervention,0.0258975
27,9,intervention,0.025999
30,9,intervention,0.0259455
33,9,intervention,0.025889
36,9,intervention,0.026019
39,9,intervention,0.025989
42,9,intervention,0.0258905
45,9,intervention,0.025929
48,9,intervention,0.0260255
0,90,intervention,0.009823
3,90,intervention,0.009787
6,90,intervention,0.009763
9,90,intervention,0.0097915
12,90,intervention,0.0097715
15,90,intervention,0.009793
18,90,intervention,0.0097925
21,90,intervention,0.0098585
24,90,intervention,0.0098805
27,90,intervention,0.0098345
30,90,intervention,0.009863
33,90,intervention,0.009888
36,90,intervention,0.0098445
39,90,intervention,0.0098255
42,90,intervention,0.0098945
45,90,intervention,0.0098535
48,90,intervention,0.009856
0,91,intervention,0.0213335
3,91,intervention,0.0214185
6,91,intervention,0.0213215
9,91,intervention,0.0214115
12,91,intervention,0.021441
15,91,intervention,0.0215
18,91,intervention,0.0213325
21,91,intervention,0.021373
24,91,intervention,0.0214105
27,91,intervention,0.0214165
30,91,intervention,0.021405
33,91,intervention,0.0215145
36,91,intervention,0.021487
39,91,intervention,0.0215375
42,91,intervention,0.021427
45,91,intervention,0.0215165
48,91,intervention,0.0214555
0,92,intervention,0.010577
3,92,intervention,0.010588
6,92,intervention,0.0106145
9,92,intervention,0.0106345
12,92,intervention,0.010692
15,92,intervention,0.010587
18,92,intervention,0.0106035
21,92,intervention,0.010669
24,92,intervention,0.010642
27,92,intervention,0.0106295
30,92,intervention,0.0106675
33,92,intervention,0.0106695
36,92,intervention,0.010707
39,92,intervention,0.0107825
42,92,intervention,0.0106635
45,92,intervention,0.0107375
48,92,intervention,0.0106485
0,93,intervention,0.0324795
3,93,intervention,0.0325335
6,93,intervention,0.032468
9,93,intervention,0.0325185
12,93,intervention,0.0324525
15,93,intervention,0.0324555
18,93,intervention,0.032406
21,93,intervention,0.032501
24,93,intervention,0.0325415
27,93,intervention,0.0324975
30,93,intervention,0.0323555
33,93,intervention,0.032518
36,93,intervention,0.0325205
39,93,intervention,0.0325415
42,93,intervention,0.032476
45,93,intervention,0.0324615
48,93,intervention,0.0326555
0,94,intervention,0.0174195
3,94,intervention,0.017584
6,94,intervention,0.0174755
9,94,intervention,0.017616
12,94,intervention,0.0175285
15,94,intervention,0.0174565
18,94,intervention,0.017423
21,94,intervention,0.017508
24,94,intervention,0.0175245
27,94,intervention,0.017489
30,94,intervention,0.0175775
33,94,intervention,0.0175565
36,94,intervention,0.0174855
39,94,intervention,0.01748
42,94,intervention,0.017494
45,94,intervention,0.0175585
48,94,intervention,0.0175545
0,95,intervention,0.0098065
3,95,intervention,0.009776
6,95,intervention,0.009702
9,95,intervention,0.009742
12,95,intervention,0.0097245
15,95,intervention,0.0097515
18,95,intervention,0.0097825
21,95,intervention,0.009753
24,95,intervention,0.0096985
27,95,intervention,0.009741
30,95,intervention,0.009757
33,95,intervention,0.0097755
36,95,intervention,0.009784
39,95,intervention,0.0098325
42,95,intervention,0.0097875
45,95,intervention,0.009845
48,95,intervention,0.0097855
0,96,intervention,0.0169345
3,96,intervention,0.0169265
6,96,intervention,0.016898
9,96,intervention,0.0169195
12,96,intervention,0.016881
15,96,intervention,0.016954
18,96,intervention,0.016969
21,96,intervention,0.0169545
24,96,intervention,0.016928
27,96,intervention,0.016938
30,96,intervention,0.017003
33,96,intervention,0.0169805
36,96,intervention,0.016958
39,96,intervention,0.0169635
42,96,intervention,0.0169295
45,96,intervention,0.0169675
48,96,intervention,0.016972
0,97,intervention,0.01912
3,97,intervention,0.0189945
6,97,intervention,0.0189625
9,97,intervention,0.01904
12,97,intervention,0.018973
15,97,intervention,0.018972
18,97,intervention,0.0189435
21,97,intervention,0.019024
24,97,intervention,0.0190365
27,97,intervention,0.0190525
30,97,intervention,0.019095
33,97,intervention,0.0189765
36,97,intervention,0.01899
39,97,intervention,0.0189735
42,97,intervention,0.0190255
45,97,intervention,0.0190125
48,97,intervention,0.019065
0,98,intervention,0.0071605
3,98,intervention,0.0072245
6,98,intervention,0.007195
9,98,intervention,0.0072165
12,98,intervention,0.0072235
15,98,intervention,0.007228
18,98,intervention,0.0072405
21,98,intervention,0.007245
24,98,intervention,0.007232
27,98,intervention,0.0072925
30,98,intervention,0.0072895
33,98,intervention,0.0072985
36,98,intervention,0.0072825
39,98,intervention,0.0072515
42,98,intervention,0.007293
45,98,intervention,0.0072255
48,98,intervention,0.007288
0,99,intervention,0.017996
3,99,intervention,0.018086
6,99,intervention,0.017976
9,99,intervention,0.0179565
12,99,intervention,0.0180675
15,99,intervention,0.018106
18,99,intervention,0.0181015
21,99,intervention,0.018032
24,99,intervention,0.0180375
27,99,intervention,0.0180955
30,99,intervention,0.018057
33,99,intervention,0.0181265
36,99,intervention,0.018021
39,99,intervention,0.0181665
42,99,intervention,0.0181245
45,99,intervention,0.0180605
48,99,intervention,0.018024
