Time,Seed,Model,Value
0,1,control,-0.0064209351750224
3,1,control,-0.01070287598304761
6,1,control,-0.01837677305273758
9,1,control,0.00854606352400521
12,1,control,-0.02228060527326598
15,1,control,-0.00538044157856778
18,1,control,0.00580450605952493
21,1,control,-5.251348063278e-4
24,1,control,-0.00612117736186735
27,1,control,-0.0142002089742815
30,1,control,0.002667754968108
33,1,control,-0.01286160192104466
36,1,control,-0.00418508223965339
39,1,control,0.01024115569744582
42,1,control,-0.0079042063547929
45,1,control,-0.01144973943102256
48,1,control,-0.02071471121251717
0,10,control,0.01480225302499464
3,10,control,0.01209581172827093
6,10,control,0.04123896909794336
9,10,control,0.01351564541190408
12,10,control,0.04132863638872398
15,10,control,0.05278574594611204
18,10,control,0.02714272582493214
21,10,control,0.04164846331190008
24,10,control,0.00805700139622168
27,10,control,0.00286364770549373
30,10,control,0.01904457200898155
33,10,control,0.0131899216694954
36,10,control,0.01502756539979187
39,10,control,0.01877414965141341
42,10,control,0.02112425610206381
45,10,control,0.00327128621760395
48,10,control,0.01096839246918151
0,100,control,0.03119910066039232
3,100,control,0.02341139112855536
6,100,control,0.01501964188012783
9,100,control,0.02211980239169779
12,100,control,0.02022797569729419
15,100,control,0.01796300288177204
18,100,control,0.0144866935857159
21,100,control,0.03041654605633318
24,100,control,0.01364885860020318
27,100,control,0.01921650260736775
30,100,control,0.0327400109033312
33,100,control,0.02957491447794089
36,100,control,0.02927775759224399
39,100,control,0.02937307918406051
42,100,control,0.03358476874444566
45,100,control,0.03229066268122435
48,100,control,0.01206395785790713
0,101,control,-0.00594157948404009
3,101,control,-0.01595386609704635
6,101,control,-0.00611583998659211
9,101,control,-0.00508281563376999
12,101,control,-0.01001996400490864
15,101,control,-0.00841203520559596
18,101,control,-0.01240338214657258
21,101,control,-0.01115682431018957
24,101,control,-0.02259236929498011
27,101,control,-0.00812610908593275
30,101,control,-0.00736868450697271
33,101,control,-0.02145801797224493
36,101,control,-0.02022004625727985
39,101,control,-0.00820747905461741
42,101,control,-0.02626121553550288
45,101,control,-0.01731780931361726
48,101,control,-0.02720543253567816
0,102,control,0.00386442199886153
3,102,control,0.00790066469246849
6,102,control,0.01317676708948608
9,102,control,0.00786984251787153
12,102,control,0.00646349776976655
15,102,control,-0.00125319770510667
18,102,control,-0.00476007688933109
21,102,control,0.01404148496085734
24,102,control,-0.00384319741863618
27,102,control,0.00442350945768625
30,102,control,-0.01522653692199174
33,102,control,0.00985281596843296
36,102,control,0.00270678927081633
39,102,control,2.3864853955898e-4
42,102,control,0.01048298694135812
45,102,control,0.00392921086640409
48,102,control,0.02726611291490953
0,103,control,-0.02665205185318447
3,103,control,-0.02684262509127968
6,103,control,-0.01570638776504685
9,103,control,-0.01485233885792512
12,103,control,-0.00679546625005282
15,103,control,-0.01745017939393122
18,103,control,-0.00435919304129868
21,103,control,-0.03052271396269332
24,103,control,-0.03905904793985074
27,103,control,-0.0069030155089004
30,103,control,-0.03297810479045194
33,103,control,-0.03187591341866701
36,103,control,-0.01985144802214593
39,103,control,-0.01451643268984813
42,103,control,-0.00881070431547746
45,103,control,-0.03126159676067865
48,103,control,-0.01584775580423735
0,104,control,-0.01695583289337102
3,104,control,0.01982326971099002
6,104,control,-5.7840934085882e-4
9,104,control,-0.00394123857989661
12,104,control,-0.00661824983749703
15,104,control,-0.0048737076849558
18,104,control,-0.00438529850198457
21,104,control,-0.00467716772381671
24,104,control,5.2750308966842e-4
27,104,control,0.00935342764063342
30,104,control,-0.00459758638721953
33,104,control,-0.02384509948934722
36,104,control,-0.00146957441406169
39,104,control,0.01241023655025207
42,104,control,-0.017594037375433
45,104,control,0.00775924087419611
48,104,control,0.0025432439407950002
0,105,control,-0.00406039567667525
3,105,control,-0.01321880769655515
6,105,control,0.00282959860312305
9,105,control,-0.00951029514490514
12,105,control,-0.01507521406521715
15,105,control,-0.0246819659671677
18,105,control,-0.01182941537238463
21,105,control,-0.01608766461237526
24,105,control,-0.01185218977401704
27,105,control,-0.02551379911428936
30,105,control,-0.01152829305399684
33,105,control,-0.01723814606426914
36,105,control,-0.01225837562248263
39,105,control,-0.01030686226873051
42,105,control,-1.6491124110914e-4
45,105,control,-0.01682576174171338
48,105,control,0.00683197179518333
0,106,control,0.00514240539558722
3,106,control,-0.02112603950803988
6,106,control,0.00859760267140949
9,106,control,-0.00361254756008757
12,106,control,0.00899991594289651
15,106,control,-0.00883628347254559
18,106,control,-0.00969466816217292
21,106,control,-0.01851845904032484
24,106,control,-0.00669597491346139
27,106,control,0.01181246329117993
30,106,control,0.0141459155962892
33,106,control,0.00508187908222689
36,106,control,0.00922584878101012
39,106,control,-0.00816760205663522
42,106,control,0.0055187997615847
45,106,control,-0.01461889801891743
48,106,control,-0.03645163082663334
0,107,control,-0.02202906411813558
3,107,control,0.00614309883919218
6,107,control,-0.00447403809389995
9,107,control,-0.02492293228075928
12,107,control,-0.00538276314350998
15,107,control,0.00859371860627439
18,107,control,0.00880120525979639
21,107,control,-0.01116890197381228
24,107,control,0.00488150363877019
27,107,control,0.01642569097771774
30,107,control,-0.00818213033581081
33,107,control,0.0019115074189741
36,107,control,-0.01224913659665657
39,107,control,0.00640624945745168
42,107,control,-0.01791957803690475
45,107,control,-0.00298029043358585
48,107,control,-0.01553264992581363
0,108,control,-0.03291955265708538
3,108,control,-0.01998542874431991
6,108,control,-0.03712405747554175
9,108,control,-0.02303947286157348
12,108,control,-0.02829819125604351
15,108,control,-0.0210025813054424
18,108,control,-0.04845419247538796
21,108,control,-0.03716860138985656
24,108,control,-0.00571908261917504
27,108,control,-0.00848578546136651
30,108,control,-0.0289181958601669
33,108,control,-0.02627353679890868
36,108,control,-0.00976372201235721
39,108,control,-0.03625165617887058
42,108,control,-0.03077655266999656
45,108,control,-0.01914757742377825
48,108,control,-0.02282866891248432
0,109,control,-0.03816114668849885
3,109,control,-0.03775352405828389
6,109,control,-0.0344517051185463
9,109,control,-0.03937476460871825
12,109,control,-0.03526435496289523
15,109,control,-0.04652590023888075
18,109,control,-0.03166034384312704
21,109,control,-0.02071021149478441
24,109,control,-0.02848798915615357
27,109,control,-0.01411955038116021
30,109,control,-0.04696903217340758
33,109,control,-0.02363670300575639
36,109,control,-0.0246587003339764
39,109,control,-0.03906579391237059
42,109,control,-0.02490117093844536
45,109,control,-0.04096678986253824
48,109,control,-0.03534254867014515
0,11,control,0.00414346081735738
3,11,control,0.0445750856587445
6,11,control,0.03551328840768308
9,11,control,0.01298536964502296
12,11,control,0.0253672550407218
15,11,control,0.02654809470374947
18,11,control,0.02953267216974379
21,11,control,0.02002731611646817
24,11,control,0.03732094612698321
27,11,control,0.03250595042616518
30,11,control,0.01602570825902063
33,11,control,0.0203122762488291
36,11,control,0.01429247209974225
39,11,control,0.0309234484983568
42,11,control,0.02543625465834223
45,11,control,0.01802426376793263
48,11,control,0.02339378212343292
0,110,control,0.0208675428528688
3,110,control,0.03151765142725388
6,110,control,0.01952260442009048
9,110,control,0.04106883412574266
12,110,control,0.03231579101800513
15,110,control,0.03935488870341672
18,110,control,0.03046299639365546
21,110,control,0.02971649367986203
24,110,control,0.03973435012135482
27,110,control,0.01371303802058119
30,110,control,0.01877853664795372
33,110,control,0.04530540992356767
36,110,control,0.02897181020351556
39,110,control,0.04205824327260227
42,110,control,0.02584490591533342
45,110,control,0.04359650815694156
48,110,control,0.01211680394338437
0,111,control,-0.00513999358163216
3,111,control,-0.01592125660198904
6,111,control,-0.00678779889540622
9,111,control,-0.00743878471443696
12,111,control,-0.00600554553595148
15,111,control,0.00485996653845275
18,111,control,-0.00185484920754154
21,111,control,-0.01866283134518095
24,111,control,-0.00117471555787095
27,111,control,-0.02409631950357913
30,111,control,-0.00543293935943001
33,111,control,-0.01600287267414485
36,111,control,-0.00867490402319949
39,111,control,0.01114965267457145
42,111,control,0.00181032016876347
45,111,control,-0.01400932312911401
48,111,control,-0.00389987159533754
0,112,control,-0.01726401638559745
3,112,control,0.00434091449114312
6,112,control,-0.00352110877434016
9,112,control,0.01420027372530482
12,112,control,-0.01914282933679779
15,112,control,-0.00852295712636689
18,112,control,-0.00481736443607795
21,112,control,-0.02978437865032724
24,112,control,-0.00147413192718376
27,112,control,-0.00333147755329182
30,112,control,0.00949068243854857
33,112,control,-0.00622521261163312
36,112,control,-0.01265256045704333
39,112,control,-0.00550673482737546
42,112,control,2.2504906581136e-4
45,112,control,-0.01133825724583798
48,112,control,-0.0046768509934996
0,113,control,-0.02796492774951938
3,113,control,-0.01744714476172283
6,113,control,-0.02966556276860676
9,113,control,-0.03374674864737077
12,113,control,-0.02072463042773224
15,113,control,-0.01779451227699541
18,113,control,-0.02428622596959143
21,113,control,-0.01553834248692143
24,113,control,-0.03453109891046697
27,113,control,-0.01841861500004672
30,113,control,-0.02306802729876099
33,113,control,-0.01365984977206543
36,113,control,-0.02160421141685759
39,113,control,-0.02482755109594026
42,113,control,-0.0174317952812687
45,113,control,-0.01986140619768172
48,113,control,-0.01129744214350714
0,114,control,0.00618473244701766
3,114,control,-0.00381658573204688
6,114,control,0.00381001443098234
9,114,control,0.01906561729419453
12,114,control,0.00583832214552826
15,114,control,0.00870175487870955
18,114,control,0.01060655732742415
21,114,control,0.01598595213047718
24,114,control,0.02394157225432522
27,114,control,0.0111600266961616
30,114,control,0.01343727615577651
33,114,control,0.02332125805489989
36,114,control,0.00761335527901078
39,114,control,0.01855591114755612
42,114,control,0.03581103674675117
45,114,control,0.02469445177597357
48,114,control,0.02199262876930267
0,115,control,-0.02589196448947479
3,115,control,-0.03244260436660073
6,115,control,-0.01295694190312684
9,115,control,-0.02262891663146586
12,115,control,-0.0244779920086223
15,115,control,-0.01274893706782903
18,115,control,-0.01790221353619008
21,115,control,-0.01206437610857248
24,115,control,-0.03239042860514127
27,115,control,-0.03898687942554123
30,115,control,-0.03021095032611304
33,115,control,-0.03150749061019595
36,115,control,-0.03248968562837223
39,115,control,-0.03138320563447014
42,115,control,-0.02556899321642453
45,115,control,-0.02899680068036661
48,115,control,-0.03740624709114892
0,116,control,0.01433525923553566
3,116,control,0.01796383585774994
6,116,control,0.01925659526752683
9,116,control,0.01645775731690527
12,116,control,-0.01235301801423698
15,116,control,0.01351711852937404
18,116,control,0.02045457946458292
21,116,control,-0.01232035080313515
24,116,control,-0.00249959907488475
27,116,control,0.00754302643038207
30,116,control,-0.01150471098963259
33,116,control,0.01403494700571484
36,116,control,-0.00582795225600721
39,116,control,0.00904358931951113
42,116,control,0.02912124275607056
45,116,control,0.01901408957014531
48,116,control,0.00872115015511701
0,117,control,-0.01450529350673102
3,117,control,0.00599282269820431
6,117,control,0.00882926372390073
9,117,control,0.00208369994870174
12,117,control,0.00454554495455863
15,117,control,0.03177277113907587
18,117,control,1.2062605512825e-4
21,117,control,-0.00231841572413882
24,117,control,0.0015000276522561
27,117,control,0.00953897220365668
30,117,control,8.151105649635089e-5
33,117,control,0.03516990587167432
36,117,control,0.0240655228239658
39,117,control,0.00685993175075837
42,117,control,0.00573115433938345
45,117,control,4.4362979055819e-4
48,117,control,0.00708507164791691
0,118,control,-9.9742937209834e-4
3,118,control,-0.01321979473685728
6,118,control,-0.01300487527655406
9,118,control,-0.00281254138862895
12,118,control,-0.0141438427396213
15,118,control,-0.01147830002432644
18,118,control,-0.01324356959173852
21,118,control,-0.00867407416941453
24,118,control,-0.00891039891630583
27,118,control,-0.0033909283474308
30,118,control,-0.01674295594990359
33,118,control,-0.01026157241564173
36,118,control,0.00787917804659889
39,118,control,0.01036875040038319
42,118,control,-0.00461842786106617
45,118,control,-0.02462586970417976
48,118,control,0.00602263823062696
0,119,control,-0.00404651248443633
3,119,control,0.01240518317853983
6,119,control,0.01273399509358202
9,119,control,0.00965480734456891
12,119,control,0.0165465190096884
15,119,control,0.01797017080519908
18,119,control,-0.00284554059692685
21,119,control,0.0032388613188536
24,119,control,0.00119795533922842
27,119,control,-0.00174051555663424
30,119,control,6.4712566956973e-4
33,119,control,-0.00551125683402907
36,119,control,0.00975321978388325
39,119,control,0.00965296836294953
42,119,control,0.00477420377173707
45,119,control,-0.01368053692978301
48,119,control,0.01172481837084326
0,12,control,-0.01180259162344118
3,12,control,-0.01735762668587876
6,12,control,-0.02939925970050628
9,12,control,-0.01512737274793891
12,12,control,-0.00932369473597945
15,12,control,-0.0039186448353011
18,12,control,-0.0170555966814685
21,12,control,-0.00529557782862058
24,12,control,-0.02524464935956551
27,12,control,-0.03650349455437079
30,12,control,-0.01594899828707004
33,12,control,-0.02433278474474076
36,12,control,-0.0173427504351573
39,12,control,-0.01285336682978468
42,12,control,-0.0243672267305762
45,12,control,-0.01169603659887568
48,12,control,-0.03102415381767208
0,120,control,-0.0145226582703443
3,120,control,-0.01064487007447365
6,120,control,-0.04193562424818303
9,120,control,-0.01913048957359181
12,120,control,-0.02457645478186535
15,120,control,-0.04039425139591504
18,120,control,-0.02567792384757865
21,120,control,-0.02812170455838765
24,120,control,-0.01071256129029123
27,120,control,-0.0195687921344537
30,120,control,-0.02918399470869917
33,120,control,-0.02665520213758976
36,120,control,-0.02397131692675311
39,120,control,-0.0261004831069807
42,120,control,-0.01489710796848256
45,120,control,-0.01800317619986922
48,120,control,-0.00489453233822969
0,121,control,-0.02052645611331778
3,121,control,-0.00642187084337926
6,121,control,-0.01235473737557806
9,121,control,-0.02333824752326366
12,121,control,-0.00202118394879698
15,121,control,-8.7420361614653e-4
18,121,control,-0.01352964183934863
21,121,control,-0.02090734874048758
24,121,control,-0.01268162088330352
27,121,control,-0.01418305796475143
30,121,control,-0.01604518717556572
33,121,control,-0.01272228739035562
36,121,control,-0.00129708432609225
39,121,control,-0.00273921670430088
42,121,control,-0.01329086652909723
45,121,control,-0.00991241853946573
48,121,control,-0.01183015896791784
0,122,control,-0.01527025858799168
3,122,control,-0.01456600299924691
6,122,control,-0.00903045463184755
9,122,control,-0.01499619449985872
12,122,control,-0.00177036755480125
15,122,control,-0.01288112089904201
18,122,control,-0.01719551480613662
21,122,control,-0.01486512309161026
24,122,control,-0.0083742319361592
27,122,control,-0.02677154011459783
30,122,control,-0.02304181287519049
33,122,control,-0.03013578335609904
36,122,control,-0.00762196756446947
39,122,control,-0.00664909985288854
42,122,control,-0.00448279179590062
45,122,control,-0.01413096123155321
48,122,control,-0.01580108251673603
0,123,control,0.00454606772829962
3,123,control,-0.00505170724756493
6,123,control,-0.02336449497322145
9,123,control,-0.00863916735132561
12,123,control,-0.01033580822978909
15,123,control,-0.01854902701820668
18,123,control,0.00289166343456106
21,123,control,-0.01674344177017015
24,123,control,-0.00902019470586491
27,123,control,-0.02878045984753951
30,123,control,0.00666292798270138
33,123,control,-0.0093410370805217
36,123,control,-0.0025548344802001
39,123,control,-0.00609404965937724
42,123,control,-0.006277945530259
45,123,control,-0.01469600432422989
48,123,control,-0.01763158861370178
0,124,control,-0.0162046005398585
3,124,control,-0.01896046013528223
6,124,control,-0.00964190828321646
9,124,control,-0.01404317536490492
12,124,control,-0.01958014804557096
15,124,control,-0.02824533096585922
18,124,control,-0.02447387530847994
21,124,control,-0.00517910264979247
24,124,control,-0.03052675262158801
27,124,control,-0.02434930172532753
30,124,control,-0.0121231096911678
33,124,control,-0.01443863436832113
36,124,control,-0.01526181581003435
39,124,control,-0.01329230001106297
42,124,control,-0.02366522877814111
45,124,control,-0.0162180562141936
48,124,control,-0.01025213500801362
0,125,control,-0.00358884225017603
3,125,control,-0.00124530670166888
6,125,control,0.00790107676412371
9,125,control,0.01331730503675365
12,125,control,-0.00728792019921856
15,125,control,-0.00341217780497897
18,125,control,-1.2054297415414e-4
21,125,control,0.00446052306992019
24,125,control,-0.00688779069623452
27,125,control,0.00619143221647188
30,125,control,-0.00226483228032012
33,125,control,-0.02163277661592893
36,125,control,-0.00502810694068054
39,125,control,0.01824315433628497
42,125,control,0.01542916947531578
45,125,control,-0.00979714526271813
48,125,control,0.02255696504589404
0,126,control,-2.4138262872119e-4
3,126,control,-0.01036730815162917
6,126,control,-0.01334016282946937
9,126,control,-0.00685583949013991
12,126,control,-0.02087998156326915
15,126,control,-0.00976189013850139
18,126,control,-0.02050500470931908
21,126,control,2.8951253494084e-4
24,126,control,-0.02708162777229115
27,126,control,0.00579918881452363
30,126,control,0.00367631669654747
33,126,control,-0.00491859230568478
36,126,control,0.00143950761686052
39,126,control,-0.01116223991232789
42,126,control,-0.01509313045354342
45,126,control,-0.02343069255298591
48,126,control,-0.02143768343047495
0,127,control,-0.02622956527672342
3,127,control,-0.03367588599552874
6,127,control,-0.0324052695252731
9,127,control,-0.02252851536460209
12,127,control,-0.02833957082969361
15,127,control,-0.02521307963516543
18,127,control,-0.02712342211815129
21,127,control,-0.02485028036998563
24,127,control,-0.01664280400471095
27,127,control,-0.01191155210815036
30,127,control,-0.03415419104252101
33,127,control,-0.01624715457138511
36,127,control,-0.02924326730465957
39,127,control,-0.02865372500703897
42,127,control,-0.03467763449115207
45,127,control,-0.02689337638972232
48,127,control,-0.0228309847129303
0,128,control,0.00898516164272415
3,128,control,0.01599678941684033
6,128,control,-0.01309885410441324
9,128,control,-0.00767720809844921
12,128,control,0.00430065017803778
15,128,control,-0.00419665095107858
18,128,control,0.00507543591510946
21,128,control,0.00967895640154705
24,128,control,0.02724754626765025
27,128,control,0.00988707442025176
30,128,control,0.01112654821306127
33,128,control,0.02025970750025783
36,128,control,0.00740704681220134
39,128,control,0.00878789631719217
42,128,control,0.01250365811982661
45,128,control,-0.00887726920151696
48,128,control,0.00823843295398654
0,129,control,-0.00834810944390803
3,129,control,0.00357118180235281
6,129,control,0.0156099169549455
9,129,control,0.01308244216496287
12,129,control,0.00736590933205435
15,129,control,-0.00307505929056645
18,129,control,0.02100784595664687
21,129,control,0.00682540486758975
24,129,control,0.00374972852935482
27,129,control,0.02816212737231081
30,129,control,0.00531088458651367
33,129,control,0.0020398824674438
36,129,control,0.00740329726266754
39,129,control,0.00300149486203918
42,129,control,0.01066011088703767
45,129,control,0.00758899697724578
48,129,control,0.00632737032221533
0,13,control,-0.00991248678351758
3,13,control,-0.00191890603491727
6,13,control,0.00999438309087664
9,13,control,-8.3203663842294e-4
12,13,control,-0.0163029055316154
15,13,control,-0.00657812884751841
18,13,control,-0.00287231472783445
21,13,control,0.00517334633676091
24,13,control,0.01514725726937421
27,13,control,-0.00668071195784917
30,13,control,-0.00166965004560454
33,13,control,-0.00193575593576976
36,13,control,-0.00392758361077935
39,13,control,0.01653118975315438
42,13,control,-0.00210434157683673
45,13,control,7.9636158492821e-4
48,13,control,0.01962312789796445
0,130,control,0.04214944904077259
3,130,control,0.02476552524295139
6,130,control,0.04243300594079634
9,130,control,0.02247629496942025
12,130,control,0.02537106810830731
15,130,control,0.02132487905522827
18,130,control,0.01370975078104338
21,130,control,0.01355132207212023
24,130,control,0.03152098872205296
27,130,control,0.0081316360431247
30,130,control,0.01421619940215123
33,130,control,0.01969833629431817
36,130,control,0.02841364542487107
39,130,control,0.02280513120489807
42,130,control,0.01991421134114886
45,130,control,0.0138974106999212
48,130,control,0.01780938859733265
0,131,control,0.01891007919800402
3,131,control,0.01864164503791628
6,131,control,0.01511997500636262
9,131,control,0.01723056319091915
12,131,control,0.01684505788655268
15,131,control,0.0168416212799073
18,131,control,0.02499876547842429
21,131,control,0.0157295356955217
24,131,control,0.01548732839166669
27,131,control,0.01480920589100889
30,131,control,0.0161364996102002
33,131,control,0.01141952587320188
36,131,control,0.01634293518175957
39,131,control,0.02730264036549502
42,131,control,0.01835269687534474
45,131,control,0.03882966586611361
48,131,control,0.00697125922861151
0,132,control,-0.02863285516697056
3,132,control,-0.01717059716180723
6,132,control,-0.02200761042227778
9,132,control,-0.01778581348333702
12,132,control,-0.02343368320100967
15,132,control,-0.01347813627553564
18,132,control,-0.02642821450133939
21,132,control,-0.01571160810797504
24,132,control,-0.00555086578346906
27,132,control,-0.01894128802127234
30,132,control,-0.01216951543281184
33,132,control,-0.0250083870245912
36,132,control,-0.0179873650439556
39,132,control,-0.02599729576623442
42,132,control,-0.01252983301291683
45,132,control,-0.01854378290038868
48,132,control,-0.01537737975416644
0,133,control,-0.02899002066436873
3,133,control,-0.02593546268413302
6,133,control,-0.04254413631993274
9,133,control,-0.01944618671838707
12,133,control,-0.02904120269249904
15,133,control,-0.03559931470176071
18,133,control,-0.02050842332826661
21,133,control,-0.01606153820782621
24,133,control,-0.01134335371899402
27,133,control,-0.03580840225210372
30,133,control,-0.01745423371214971
33,133,control,-0.03674719213470836
36,133,control,-0.02466056164936001
39,133,control,-0.01867413257660758
42,133,control,-0.03607782250155816
45,133,control,-0.02725955879338836
48,133,control,-0.01700973502483373
0,134,control,-0.0076551095451799
3,134,control,-0.02448354610345046
6,134,control,-0.00160501027627919
9,134,control,0.00647545519504319
12,134,control,-0.00895154791844977
15,134,control,-0.02371725020446808
18,134,control,-0.02046932625990431
21,134,control,-0.02830043656550233
24,134,control,-0.01411818444705977
27,134,control,-0.02400035993893963
30,134,control,-0.01626931360772393
33,134,control,-0.00722638575118231
36,134,control,-0.01310661242219988
39,134,control,0.00150632332540155
42,134,control,-0.01592024336383535
45,134,control,-0.01293288251329789
48,134,control,-0.01194647210860367
0,135,control,-0.02141012988555729
3,135,control,-0.02316683034096563
6,135,control,-0.03396989048798569
9,135,control,-0.01940339711749826
12,135,control,-0.03771465571502564
15,135,control,-0.0237667784905873
18,135,control,-0.03605573802476185
21,135,control,-0.01519064991169455
24,135,control,-0.03366204826418185
27,135,control,-0.0273730652814966
30,135,control,-0.02797765521406727
33,135,control,-0.03224812082567326
36,135,control,-0.02353200009403237
39,135,control,-0.01460366377346187
42,135,control,-0.01043038827345748
45,135,control,-0.01550075145882078
48,135,control,-0.01024281300162206
0,136,control,0.00950216908634957
3,136,control,0.01891304484690197
6,136,control,0.00760363309428876
9,136,control,0.01984253989073014
12,136,control,0.01002337620549885
15,136,control,0.01198853044414328
18,136,control,0.00753276423031161
21,136,control,0.00836500111011879
24,136,control,0.01001713670066764
27,136,control,0.02101660299559351
30,136,control,0.00963516473457169
33,136,control,0.02581746131039452
36,136,control,-0.00231611126715522
39,136,control,-0.00198355826892115
42,136,control,-0.00218698027736169
45,136,control,0.02575208724097554
48,136,control,0.01435017440476521
0,137,control,-0.00392002600252662
3,137,control,0.01302344711426763
6,137,control,0.00330552111768003
9,137,control,0.00430895246797853
12,137,control,0.00387679465702846
15,137,control,0.00505319147763197
18,137,control,0.00319917685652096
21,137,control,0.00423780506681537
24,137,control,0.02410578736742434
27,137,control,-0.01242248955586575
30,137,control,-0.00220322882926488
33,137,control,0.01433642097799723
36,137,control,-0.00247199694570068
39,137,control,0.03452474189996775
42,137,control,6.006837070802721e-5
45,137,control,-0.01221227368757606
48,137,control,0.00536131858844142
0,138,control,-0.01204751566833827
3,138,control,-0.01694837599705844
6,138,control,-0.01735342973287865
9,138,control,-0.00417725890595347
12,138,control,-0.01739366812567339
15,138,control,-0.03420069229661954
18,138,control,-0.02251464092062735
21,138,control,-0.00344969419447971
24,138,control,-0.00784649507641558
27,138,control,-0.02503300006231994
30,138,control,-0.01083482103313583
33,138,control,-0.02718248710496339
36,138,control,-0.02841233299842081
39,138,control,-0.01713419039587561
42,138,control,-0.02305029186904165
45,138,control,-0.01443473085556158
48,138,control,-0.03229177807584009
0,139,control,0.01651405252604773
3,139,control,0.01657613635229317
6,139,control,0.00964723394945048
9,139,control,0.00285976619386172
12,139,control,-0.00120816088607788
15,139,control,0.02928293627492358
18,139,control,0.01607795109808209
21,139,control,-0.00178210831337291
24,139,control,0.03028780631933731
27,139,control,0.00699205628806075
30,139,control,0.0041209230529343
33,139,control,0.00672705534799848
36,139,control,-0.00287812664796496
39,139,control,0.01432202262274347
42,139,control,-0.01029036867475761
45,139,control,0.01540374982621723
48,139,control,0.00136487739256872
0,14,control,-0.00225726550889592
3,14,control,-0.0019362311120399
6,14,control,-0.01837694609302859
9,14,control,-0.00778223425482652
12,14,control,-0.00253527879146998
15,14,control,0.00305050731966997
18,14,control,-0.01561945988209308
21,14,control,-0.0034930346525755
24,14,control,-0.00373431253461225
27,14,control,-0.00896762413237525
30,14,control,-0.01821820617970747
33,14,control,0.00315775887568029
36,14,control,0.01250696252110933
39,14,control,0.0092882418531359
42,14,control,-0.01413515984807444
45,14,control,-0.00666087802471976
48,14,control,-0.01099156704016737
0,140,control,0.00690974085440868
3,140,control,0.01618994050962143
6,140,control,0.017079988692143
9,140,control,0.01622413845540429
12,140,control,0.02857725697313214
15,140,control,0.02812083378008065
18,140,control,0.02080910686948684
21,140,control,0.00862153096253227
24,140,control,0.00512372063394411
27,140,control,0.01496745350972591
30,140,control,0.02121125413026164
33,140,control,0.01340386113778988
36,140,control,0.02082470531304869
39,140,control,0.01411084133078369
42,140,control,0.01839736278216444
45,140,control,0.02490407727657286
48,140,control,0.01769851706113357
0,141,control,-0.0038743369694845
3,141,control,-3.6429399562372e-4
6,141,control,0.00312329713165628
9,141,control,0.00591254558503377
12,141,control,0.01466401070461151
15,141,control,0.00303034444380994
18,141,control,0.00898732101229059
21,141,control,0.00293347324509624
24,141,control,0.02253975663612175
27,141,control,0.0027848535831958
30,141,control,0.00518781574285671
33,141,control,0.00705567907756821
36,141,control,-0.01109528997248485
39,141,control,0.00533055460288986
42,141,control,0.01132790685374393
45,141,control,-0.01714270519705642
48,141,control,-0.0197132250342956
0,142,control,0.01611697480982885
3,142,control,0.01734605016820226
6,142,control,0.01756642553538734
9,142,control,0.00940451119494042
12,142,control,6.2709774428147e-4
15,142,control,0.00584571933858399
18,142,control,0.00972843748804955
21,142,control,0.01810172176065122
24,142,control,0.02452316865518947
27,142,control,0.0095962627470918
30,142,control,-0.0021261027378256
33,142,control,0.01764997686023933
36,142,control,0.03405771697660788
39,142,control,0.02373087791268875
42,142,control,0.02724919772527898
45,142,control,0.0072659536619272
48,142,control,0.02447601870629232
0,143,control,0.01022646665875685
3,143,control,7.5510758805046e-4
6,143,control,0.0038607736342354
9,143,control,-0.00845181200495053
12,143,control,-0.01260693004448313
15,143,control,-0.00857823991784769
18,143,control,0.0180568765973048
21,143,control,-0.0070842950869342
24,143,control,2.0289323274315e-4
27,143,control,-0.01399777967409048
30,143,control,-0.00564519400976367
33,143,control,-0.00664628335248023
36,143,control,-0.0050574781532124
39,143,control,-0.00856332682884343
42,143,control,0.00416180019996738
45,143,control,0.00139630644102564
48,143,control,0.01796077837472074
0,144,control,-0.00493408459110394
3,144,control,0.01353455709507341
6,144,control,-0.02317677557636419
9,144,control,-0.02314707657099879
12,144,control,0.00984506870974774
15,144,control,-0.01406590293561818
18,144,control,-0.02302386100160542
21,144,control,-0.00895647629028786
24,144,control,-0.00648263267374295
27,144,control,-0.01800447654743829
30,144,control,-0.01651193673722763
33,144,control,-0.02279739238786474
36,144,control,-0.0070159774691125
39,144,control,-0.01244769797335154
42,144,control,-0.00741098053482507
45,144,control,-0.01358413118975305
48,144,control,-0.00569974924765425
0,145,control,0.04116617298444411
3,145,control,0.05161075012383728
6,145,control,0.02165267446377113
9,145,control,0.01048609186640258
12,145,control,0.0248462682863644
15,145,control,0.02903470534406849
18,145,control,0.03609153061587131
21,145,control,0.0372583759051061
24,145,control,0.03535243389469871
27,145,control,0.01416146647315085
30,145,control,0.03239326644994911
33,145,control,0.03969959463529631
36,145,control,0.03565761209819584
39,145,control,0.03815402895761526
42,145,control,0.03332672620027183
45,145,control,0.02780600548247607
48,145,control,0.03122840771191611
0,146,control,-0.02254695767147778
3,146,control,-0.01761391698734893
6,146,control,-0.00912277534024906
9,146,control,0.0037292265024295
12,146,control,-0.02330346823402913
15,146,control,-0.00236613771244835
18,146,control,-0.00291618756616019
21,146,control,-0.0187186873802048
24,146,control,-0.00308548603125128
27,146,control,-0.02955923996435254
30,146,control,-0.02744823242273049
33,146,control,-0.00116135011873779
36,146,control,-0.00323089528405133
39,146,control,-0.01872176228061325
42,146,control,-0.01044319180112822
45,146,control,-0.01768197685740703
48,146,control,-0.0224958667358859
0,147,control,0.01815328656377535
3,147,control,0.02623469762088527
6,147,control,0.0318310839848504
9,147,control,0.00521038049608651
12,147,control,0.01769296470596094
15,147,control,0.01146043279102279
18,147,control,0.02998877707414925
21,147,control,0.01311878858696931
24,147,control,0.00573940813182848
27,147,control,0.01511436285428747
30,147,control,0.02367764721070817
33,147,control,0.00289606708315939
36,147,control,0.01904443633826062
39,147,control,0.00243036444372281
42,147,control,0.01264674470956052
45,147,control,0.0183504662754825
48,147,control,0.00522151734783066
0,148,control,-0.01526580473876785
3,148,control,-0.04087195100243848
6,148,control,-0.02970707817086582
9,148,control,-0.01800200466828234
12,148,control,-0.03231056417256958
15,148,control,-0.02875277529239998
18,148,control,-0.02429527970400101
21,148,control,-0.03886392370079724
24,148,control,-0.01685627644217262
27,148,control,-0.02758013863772589
30,148,control,-0.02619859996200036
33,148,control,-0.03711904511772336
36,148,control,-0.04313528455148059
39,148,control,-0.02667784307846217
42,148,control,-0.02442721787666829
45,148,control,-0.02332682303190706
48,148,control,-0.0230604308612293
0,149,control,0.01352473918286045
3,149,control,0.01254439274229039
6,149,control,0.02166057681319356
9,149,control,0.00400157252649242
12,149,control,0.02205231246546354
15,149,control,0.02543779976049953
18,149,control,0.00946302024559645
21,149,control,0.02178822069339429
24,149,control,0.03587614580660638
27,149,control,0.02411608070372026
30,149,control,0.01948965791540814
33,149,control,0.01667121303100567
36,149,control,0.02066157390452052
39,149,control,0.01972491386040821
42,149,control,0.0240644395687837
45,149,control,0.02369224878308381
48,149,control,0.02830717008786364
0,15,control,-0.01585912700104894
3,15,control,-0.0128756926935495
6,15,control,1.9237930232054e-4
9,15,control,-0.03652284959238902
12,15,control,0.01044207306352919
15,15,control,-0.0152569722903919
18,15,control,-0.00584514157682929
21,15,control,-0.00409392992195054
24,15,control,-0.00549929890315251
27,15,control,-0.01721011662368347
30,15,control,0.0041235130667336304
33,15,control,-0.00962816902443564
36,15,control,-0.01275260017301985
39,15,control,-0.00663505471164004
42,15,control,-0.01858845035358309
45,15,control,0.00372884925263267
48,15,control,-0.01008478082807224
0,150,control,-0.00911419329400077
3,150,control,-0.02294850016510413
6,150,control,-0.02082840878743313
9,150,control,-0.00780736851750341
12,150,control,-0.002857814570021
15,150,control,-0.00486853309229882
18,150,control,-0.00945341913126236
21,150,control,-0.03394816287967027
24,150,control,-0.01438383635452507
27,150,control,-0.01740098630946757
30,150,control,7.0718204388948e-4
33,150,control,-0.02475564117388391
36,150,control,-0.02881892507698891
39,150,control,-0.01117271994135797
42,150,control,-0.00887645657270903
45,150,control,-0.02439726136120324
48,150,control,0.00496068715494017
0,151,control,-0.02081915179872112
3,151,control,-0.01127467338755585
6,151,control,0.00668041271123452
9,151,control,-7.182731555581827e-5
12,151,control,-0.00244597875327116
15,151,control,-0.00296641971803045
18,151,control,-0.00553161483240104
21,151,control,-0.02490556536024421
24,151,control,-0.01247261271742489
27,151,control,-0.00146329009771423
30,151,control,-0.00635793780343626
33,151,control,-0.01556300133660807
36,151,control,-0.00757503870598801
39,151,control,-0.0060647958164363
42,151,control,0.01187735348486721
45,151,control,6.3620111917326e-4
48,151,control,0.00802818378163213
0,152,control,0.00977533349221325
3,152,control,0.00545254533820599
6,152,control,0.00748154560873227
9,152,control,0.0054659510107562
12,152,control,0.00406069898767953
15,152,control,0.00728049473042231
18,152,control,-0.00660133981169981
21,152,control,-0.00775794783554288
24,152,control,0.00318435251442079
27,152,control,-0.00104225681840844
30,152,control,-0.02026394531147871
33,152,control,0.0155699651466005
36,152,control,0.00830330029638957
39,152,control,0.0082836928728851
42,152,control,0.00477196554746529
45,152,control,-0.01690103354013682
48,152,control,-3.5232699918424546e-5
0,153,control,-0.0141094571762583
3,153,control,0.00385133948360859
6,153,control,-0.00290995865254626
9,153,control,-0.00526913956631904
12,153,control,-0.00412557262932814
15,153,control,-0.00430113906422966
18,153,control,-0.01630304962706052
21,153,control,-0.01968060574826318
24,153,control,-0.01534640763421298
27,153,control,-0.01700092689046426
30,153,control,-0.02034036847647087
33,153,control,-0.00582701857157851
36,153,control,0.00498633501800471
39,153,control,-0.01070541734059982
42,153,control,-0.02964998756862489
45,153,control,-0.01323943154495486
48,153,control,-0.01432624840956604
0,154,control,0.03093440348109405
3,154,control,0.0414320937261979
6,154,control,0.0545576241413717
9,154,control,0.05013459052635397
12,154,control,0.05327032213314427
15,154,control,0.04105026328480176
18,154,control,0.06062077581392458
21,154,control,0.03487913801889729
24,154,control,0.04046267767695986
27,154,control,0.04520941451488782
30,154,control,0.03036024413284206
33,154,control,0.03103413314201161
36,154,control,0.03802965712512373
39,154,control,0.04866773552090828
42,154,control,0.05931947281034119
45,154,control,0.03824494644229131
48,154,control,0.04229984158854665
0,155,control,-0.05567883328984651
3,155,control,-0.05739587746845012
6,155,control,-0.05150587414481401
9,155,control,-0.03982317996851464
12,155,control,-0.04150899608252257
15,155,control,-0.05210510993365854
18,155,control,-0.05698532335330318
21,155,control,-0.04805999874331284
24,155,control,-0.04795957742358784
27,155,control,-0.04656666752328723
30,155,control,-0.05721950007590686
33,155,control,-0.04886731733742313
36,155,control,-0.057104146341901633
39,155,control,-0.05289579593436081
42,155,control,-0.0594668515918878
45,155,control,-0.0496846774237359
48,155,control,-0.06717743021414416
0,156,control,0.01242147507264781
3,156,control,0.01969852955664972
6,156,control,0.01450233374529368
9,156,control,0.02482948914164479
12,156,control,0.01882020392038559
15,156,control,0.01507341311977787
18,156,control,0.02137735089843957
21,156,control,0.02366384411633972
24,156,control,4.452286824715508e-5
27,156,control,0.00758950652072416
30,156,control,0.00138616396266765
33,156,control,0.01912059670983842
36,156,control,0.01191545110932162
39,156,control,0.01499141510190587
42,156,control,0.00873369107142436
45,156,control,7.9086876448495e-4
48,156,control,0.01220952803658232
0,157,control,-0.0075661797132277
3,157,control,-0.03294324566341686
6,157,control,-0.00376442776025085
9,157,control,-0.01372117451713343
12,157,control,-0.02274299885742935
15,157,control,-0.02166598210464156
18,157,control,-0.01987973739314691
21,157,control,-0.03069022588512028
24,157,control,-0.04687382074536626
27,157,control,-0.03023914691865216
30,157,control,-0.02991059242943118
33,157,control,-0.02692975437865888
36,157,control,-0.03156989164342901
39,157,control,-0.01185513594674151
42,157,control,-0.02329155876326701
45,157,control,-0.02648487092669521
48,157,control,-0.02659796736902752
0,158,control,0.03275552218094564
3,158,control,0.0103197891983214
6,158,control,0.00931388723030616
9,158,control,0.01191648196228164
12,158,control,0.00244745650213857
15,158,control,5.1663953928182e-4
18,158,control,0.00566227881626646
21,158,control,0.0154817946523337
24,158,control,0.02787453368824527
27,158,control,0.02631207488849012
30,158,control,0.00506057219278702
33,158,control,-0.00213827189559659
36,158,control,0.02263022136694652
39,158,control,0.0187744490248373
42,158,control,-0.0017658345278424
45,158,control,0.02620258549014849
48,158,control,0.00428349382796886
0,159,control,0.04371087611032806
3,159,control,0.04546932380021745
6,159,control,0.03474292396570468
9,159,control,0.04494418032463308
12,159,control,0.0165038854586256
15,159,control,0.01486321996684716
18,159,control,0.02480771547095434
21,159,control,0.03888792432908736
24,159,control,0.03810319449233744
27,159,control,0.030250416388646
30,159,control,0.04121384216966758
33,159,control,0.02320996987666865
36,159,control,0.04363083338851749
39,159,control,0.02597540369109389
42,159,control,0.02166303094155231
45,159,control,0.01472298673856872
48,159,control,0.0116745588565084
0,16,control,-0.00691835233615684
3,16,control,-0.0238864132435293
6,16,control,-0.01712967098826305
9,16,control,-0.01126258883671491
12,16,control,-0.02637106442637898
15,16,control,-0.02670357591801472
18,16,control,-0.0239372290297802
21,16,control,-0.00810839994023799
24,16,control,-0.01947371850603971
27,16,control,-0.00875107347900781
30,16,control,-0.01569218181327247
33,16,control,-0.01104736447197921
36,16,control,-0.02523346066263741
39,16,control,-0.0160712009844986
42,16,control,-0.00573361552754697
45,16,control,-0.02345603095282565
48,16,control,-0.02552454669330462
0,160,control,-0.05422230913683665
3,160,control,-0.03941939693997133
6,160,control,-0.01599105930331836
9,160,control,-0.03142237557005201
12,160,control,-0.03068879222031284
15,160,control,-0.02619300943163366
18,160,control,-0.04017138134534486
21,160,control,-0.0482111934851208
24,160,control,-0.03757647146001992
27,160,control,-0.0271231578230503
30,160,control,-0.03325579331757664
33,160,control,-0.04239854207938181
36,160,control,-0.04479418256595281
39,160,control,-0.03676718194417697
42,160,control,-0.04214905166728032
45,160,control,-0.03554629148964609
48,160,control,-0.02599959534598081
0,161,control,-0.00354489392295132
3,161,control,-0.00601350570557486
6,161,control,-1.4314546251236e-4
9,161,control,0.00416874906050476
12,161,control,-0.01958895208844277
15,161,control,-0.0128126544908554
18,161,control,-0.00507437712006367
21,161,control,-0.01741631792908383
24,161,control,-0.00707798673878916
27,161,control,0.00329183150137288
30,161,control,0.00251214297335754
33,161,control,6.1679092775159e-4
36,161,control,0.01132676761253429
39,161,control,-0.02154192636694406
42,161,control,-0.00747052184686993
45,161,control,-0.0082642890372283
48,161,control,-0.00384871529460122
0,162,control,-0.02164643569441408
3,162,control,-0.02779318371459943
6,162,control,-0.03190274880333482
9,162,control,-0.01388276837141644
12,162,control,-0.01914922017073016
15,162,control,-0.01263011241427499
18,162,control,-0.02159567007179744
21,162,control,-0.01516977250326868
24,162,control,-0.00733867992217739
27,162,control,-0.00698034175543595
30,162,control,-0.0242348014593817
33,162,control,-0.01777788543700542
36,162,control,-0.01274347868310255
39,162,control,-0.00700383850555934
42,162,control,-0.01140188079121626
45,162,control,-0.02503999194771366
48,162,control,-0.02790586985548423
0,163,control,0.00528888125533135
3,163,control,-0.01116270030686313
6,163,control,0.00677823972900406
9,163,control,0.01163156551493298
12,163,control,-0.01050652191029303
15,163,control,-0.01154528029085669
18,163,control,-0.01204472420585755
21,163,control,0.00407875110247517
24,163,control,-0.00756603676759637
27,163,control,-0.01468797700086726
30,163,control,-0.00977043296755637
33,163,control,-0.01506609216418496
36,163,control,-0.00298070268485414
39,163,control,-0.00543831780039152
42,163,control,-0.00544460302175561
45,163,control,0.00998155611596922
48,163,control,-0.01050776240420549
0,164,control,-0.03040802828234271
3,164,control,-0.03495772045579586
6,164,control,-0.02648609087762071
9,164,control,-0.03489622019882778
12,164,control,-0.0432205139722234
15,164,control,-0.04036737497083868
18,164,control,-0.00969641678117206
21,164,control,-0.04624134146615034
24,164,control,-0.02952854269135872
27,164,control,-0.03711562338656132
30,164,control,-0.04497447209702111
33,164,control,-0.03467637324909474
36,164,control,-0.05497397523886715
39,164,control,-0.03424959009830342
42,164,control,-0.03028330629315473
45,164,control,-0.0407649188144672
48,164,control,-0.04342653836009751
0,165,control,0.0329149906175633
3,165,control,0.01753615300895174
6,165,control,0.03316761416287969
9,165,control,0.01619368412135394
12,165,control,0.01754514282162746
15,165,control,0.02545717885281677
18,165,control,0.02516541167536267
21,165,control,0.02266258946153655
24,165,control,0.02236282114877166
27,165,control,0.0312822583107538
30,165,control,0.04509066602266776
33,165,control,0.01464162401989701
36,165,control,0.01641094467529046
39,165,control,0.03210939542896965
42,165,control,0.03114831846158894
45,165,control,0.01259856232894928
48,165,control,0.02628392844210624
0,166,control,-4.8938047798975e-4
3,166,control,0.00939404289470012
6,166,control,0.00709034543943179
9,166,control,0.00488019524362332
12,166,control,-0.01325023762903565
15,166,control,-0.01702326316200759
18,166,control,0.01687889885210263
21,166,control,0.00574753149411354
24,166,control,0.00459233368857582
27,166,control,0.01149259464136487
30,166,control,-0.00258404861421512
33,166,control,-0.00236727183358342
36,166,control,0.00411994961362671
39,166,control,-0.0185933406677509
42,166,control,-0.00146971032675141
45,166,control,0.00722316428222867
48,166,control,-0.01718027371666728
0,167,control,0.02512303899695931
3,167,control,0.0114553876338246
6,167,control,0.02359860861056156
9,167,control,0.04667752936725308
12,167,control,0.01753133447000627
15,167,control,0.02293365415959433
18,167,control,0.01995138579504319
21,167,control,0.02858702486163535
24,167,control,0.03657367688772527
27,167,control,0.02311498539695678
30,167,control,0.03931107077566716
33,167,control,0.0293670759622623
36,167,control,0.03337040631776568
39,167,control,0.01980508310937472
42,167,control,0.0291032846554439
45,167,control,0.01677697371379366
48,167,control,0.05209818160396032
0,168,control,-0.03299985963909278
3,168,control,-0.03795984255369048
6,168,control,-0.04180670482193541
9,168,control,-0.02156638252216334
12,168,control,-0.03203247714507541
15,168,control,-0.03182411238448765
18,168,control,-0.03087408160923632
21,168,control,-0.04595089100449372
24,168,control,-0.01721353714402544
27,168,control,-0.04814804146247665
30,168,control,-0.03294224059333937
33,168,control,-0.03491392445703854
36,168,control,-0.02899050720973626
39,168,control,-0.04101015138810086
42,168,control,-0.04324574548935231
45,168,control,-0.03309021030258582
48,168,control,-0.03231406226585001
0,169,control,0.00468474570393278
3,169,control,0.03217805108225256
6,169,control,0.03273394543548587
9,169,control,0.02575281187190332
12,169,control,0.03404893814578223
15,169,control,0.01251622639510524
18,169,control,0.01549735471406935
21,169,control,0.01169900699081314
24,169,control,0.00289648462326565
27,169,control,0.01717900707965429
30,169,control,0.01610006631003114
33,169,control,0.0137023033604076
36,169,control,-0.00142070409537876
39,169,control,0.02352691776009328
42,169,control,0.0105302940779193
45,169,control,0.01146804475028511
48,169,control,0.03296841281547903
0,17,control,0.01689030770835244
3,17,control,0.00535302271885394
6,17,control,0.01919648920732731
9,17,control,0.00393521427571124
12,17,control,0.02133375394838507
15,17,control,0.0171852928171674
18,17,control,0.00907778820770483
21,17,control,0.01576827420530796
24,17,control,0.01127798410647765
27,17,control,-0.00356607607805
30,17,control,0.01839836002549738
33,17,control,0.01958939016216282
36,17,control,0.01848930637501386
39,17,control,0.01262754742805392
42,17,control,8.4148778506221e-4
45,17,control,0.01745421183095615
48,17,control,0.01377483120110958
0,170,control,0.01663755644424772
3,170,control,0.01196661997610461
6,170,control,0.03749945359488574
9,170,control,0.02230471842002609
12,170,control,0.00562721552003037
15,170,control,0.02541020585653139
18,170,control,0.01042276331039989
21,170,control,0.02100785544528533
24,170,control,0.01565402938058487
27,170,control,0.01972887247969295
30,170,control,0.0110330616688966
33,170,control,0.02116780333188097
36,170,control,0.01292171028093599
39,170,control,0.02503961228600173
42,170,control,0.03626415329518408
45,170,control,0.01942261014498088
48,170,control,0.02877006895128495
0,171,control,-0.00708141282957913
3,171,control,7.718580625412207e-5
6,171,control,-0.00229771732064054
9,171,control,-0.00122417916273446
12,171,control,-0.01006249801419532
15,171,control,-0.01040874214804921
18,171,control,-0.01525869679772713
21,171,control,-0.01510789203164374
24,171,control,-0.00958618164880491
27,171,control,-0.00657065351462848
30,171,control,-0.00433807024994036
33,171,control,-0.00992572099755734
36,171,control,-0.00696010837193527
39,171,control,0.00563938272158197
42,171,control,0.00447765350108644
45,171,control,0.00705150255883341
48,171,control,-0.00900539619093319
0,172,control,0.04698084138325523
3,172,control,0.02195961161414928
6,172,control,0.02918435373490192
9,172,control,0.03612215119585346
12,172,control,0.02422294828923201
15,172,control,0.04563221602199246
18,172,control,0.0173041212131595
21,172,control,0.02681250490720394
24,172,control,0.02373921440041418
27,172,control,0.03943011409077478
30,172,control,0.01204314894478352
33,172,control,0.02832148880993521
36,172,control,0.03459542976381814
39,172,control,0.03365848773841843
42,172,control,0.02654452850312132
45,172,control,0.01432355963622317
48,172,control,0.03363812231391588
0,173,control,0.00329255206222445
3,173,control,-0.00446178047436147
6,173,control,0.00662959309084762
9,173,control,-0.00506592491419832
12,173,control,0.01265148023530745
15,173,control,-0.0131010802441779
18,173,control,2.3875711175763e-4
21,173,control,-0.01639428166765617
24,173,control,-0.01803138766410033
27,173,control,0.00430814242030707
30,173,control,-2.2909067259644e-4
33,173,control,3.7293605746492e-4
36,173,control,0.00411708126674711
39,173,control,0.00329416265879851
42,173,control,-0.01121926301724508
45,173,control,0.00155572525287268
48,173,control,-0.00144890806983218
0,174,control,-0.03168730177029214
3,174,control,-0.03367098114788151
6,174,control,-0.00574541654747241
9,174,control,-0.03413482584303454
12,174,control,-0.03265768018195973
15,174,control,-0.02627682139999693
18,174,control,-0.02443019075718074
21,174,control,-0.03205764051499191
24,174,control,-0.04035923878532594
27,174,control,-0.03163597832599799
30,174,control,-0.01010967660456764
33,174,control,-0.02571465150106685
36,174,control,-0.02042197316759424
39,174,control,-0.03502271704665746
42,174,control,-0.02229324976962791
45,174,control,-0.0281684028950845
48,174,control,-0.03704771216785967
0,175,control,-0.0100581003113287
3,175,control,0.00257496822486998
6,175,control,0.00903005873858803
9,175,control,0.0059937445407521
12,175,control,0.00335893473668854
15,175,control,0.01619236983347905
18,175,control,-0.01154396204873278
21,175,control,0.00795881210305221
24,175,control,0.01432034037346229
27,175,control,0.00947483453222726
30,175,control,-0.00951786393735329
33,175,control,-0.00244978648289289
36,175,control,4.7246269289178e-4
39,175,control,0.00450150066981535
42,175,control,0.01361479464088383
45,175,control,0.01467604456490697
48,175,control,0.01169064088508755
0,176,control,-0.01942591271401962
3,176,control,-0.00838957597224874
6,176,control,-0.01834257924922041
9,176,control,-0.0099264152268839
12,176,control,-0.00774660714617819
15,176,control,-0.02566325574881983
18,176,control,-0.01704688537735144
21,176,control,0.00693340477151689
24,176,control,0.00969555334958797
27,176,control,-0.02867351850986474
30,176,control,-0.03229647196269675
33,176,control,-0.01265299590820572
36,176,control,-0.01491047670719785
39,176,control,-0.02719287386841009
42,176,control,-0.02487922224587967
45,176,control,-0.00898348533702627
48,176,control,-0.00449062773486541
0,177,control,0.00726653019410932
3,177,control,9.44640568637314e-5
6,177,control,0.00460938844641257
9,177,control,-0.00306733474876984
12,177,control,-0.00967910922154755
15,177,control,-0.01589494496145708
18,177,control,-0.0102958358740296
21,177,control,-0.01260978737538059
24,177,control,0.00622938152033712
27,177,control,-0.00804680868094287
30,177,control,-0.01398797176086453
33,177,control,0.00349182354273078
36,177,control,0.00418991130357899
39,177,control,-0.01167336411702409
42,177,control,0.00710030163574321
45,177,control,-0.01004184649984837
48,177,control,-0.00339950420709724
0,178,control,-0.01284439686366761
3,178,control,0.00399131873212004
6,178,control,-0.01503363800898364
9,178,control,-0.01718640352802609
12,178,control,-0.02026032492029951
15,178,control,-0.01552243332477322
18,178,control,-0.01519578618074663
21,178,control,-0.02340781595134977
24,178,control,0.00221836556794151
27,178,control,-0.00404321871398794
30,178,control,-0.02375924734488466
33,178,control,-0.03257040842045323
36,178,control,-0.00317599365943406
39,178,control,-0.01243786842964649
42,178,control,-0.01205489376637402
45,178,control,-0.00520228728286955
48,178,control,-0.01797521815600635
0,179,control,-0.03438372717318071
3,179,control,-0.02449007865659199
6,179,control,-0.03433679177530775
9,179,control,-0.04177060062927715
12,179,control,-0.03802914436178952
15,179,control,-0.02772804191966609
18,179,control,-0.04848855350654368
21,179,control,-0.0341334934790297
24,179,control,-0.05119865417504512
27,179,control,-0.04099750359108747
30,179,control,-0.039643139632242017
33,179,control,-0.05238289932832873
36,179,control,-0.04116693355696425
39,179,control,-0.04332970544708765
42,179,control,-0.03021141294597539
45,179,control,-0.05459781687728343
48,179,control,-0.0275096089112568
0,18,control,-0.03374012839802077
3,18,control,-0.02402257428469694
6,18,control,-0.03251412619317661
9,18,control,-0.00602495188682209
12,18,control,-0.02737086505936241
15,18,control,-0.02194822744000894
18,18,control,-0.00309015333079171
21,18,control,-0.02948737894080269
24,18,control,-0.02414259475921262
27,18,control,-0.02222037118682475
30,18,control,-0.00362805326461265
33,18,control,-0.03009939775878937
36,18,control,-0.0171277225263801
39,18,control,-0.01097046794482966
42,18,control,-0.00805170911694427
45,18,control,-0.02753068963574207
48,18,control,-0.01675905561322313
0,180,control,0.03026552960659329
3,180,control,0.04808672354072581
6,180,control,0.02533194135584342
9,180,control,0.03581429114027629
12,180,control,0.01554723421233114
15,180,control,0.04431277870290508
18,180,control,0.03582570652927553
21,180,control,0.04043648396210036
24,180,control,0.02362185914011208
27,180,control,0.04009838410141973
30,180,control,0.04663318340805021
33,180,control,0.02103817532759738
36,180,control,0.02539152371168025
39,180,control,0.03193545301372862
42,180,control,0.01791984215691851
45,180,control,0.03563895975659891
48,180,control,0.02562854215553199
0,181,control,0.01799172842884015
3,181,control,0.01781114146972985
6,181,control,0.01609914715299397
9,181,control,0.03474275118686137
12,181,control,0.02313601142962673
15,181,control,0.01801064505963234
18,181,control,0.01208554503832294
21,181,control,0.0183895412019625
24,181,control,0.02359746064230182
27,181,control,0.00988276122230594
30,181,control,0.00660078345037459
33,181,control,0.00404762853254579
36,181,control,0.01972537546305528
39,181,control,-0.00143322728412989
42,181,control,0.00181132807183442
45,181,control,0.01177443956277204
48,181,control,-0.00937816325539352
0,182,control,0.00486639056021308
3,182,control,-0.00855552926575294
6,182,control,-0.0154995269232062
9,182,control,-0.01353192264156865
12,182,control,0.01160377904200153
15,182,control,-0.00559108612468999
18,182,control,-0.01421841957487344
21,182,control,0.0051939274804591
24,182,control,8.6955080847058e-4
27,182,control,0.01811686521743526
30,182,control,-0.00880664213553322
33,182,control,0.00275079158205893
36,182,control,-0.00344000460142267
39,182,control,0.00570772849164948
42,182,control,-0.00829332922407105
45,182,control,0.01131265105147167
48,182,control,0.0136930690724039
0,183,control,-0.01834735322312482
3,183,control,-0.02038784722045897
6,183,control,-0.0020055655443957
9,183,control,-0.02549161520644381
12,183,control,-0.01049984016643136
15,183,control,-0.01485652106343089
18,183,control,0.00889133206622069
21,183,control,0.0018693293799697
24,183,control,-0.00839448825949025
27,183,control,-0.03180163578966164
30,183,control,0.00811885370952834
33,183,control,-0.00614943946059123
36,183,control,-0.01513201370045134
39,183,control,-0.01162841500547444
42,183,control,0.01810659977163452
45,183,control,-0.00489877104479046
48,183,control,-0.01174329356830609
0,184,control,0.00151717468271576
3,184,control,-0.00818036489974239
6,184,control,0.0102203636471163
9,184,control,-0.0015032815560712
12,184,control,-0.0244825823237814
15,184,control,0.00240517303374686
18,184,control,0.00173450168442906
21,184,control,-0.0190702374890349
24,184,control,-0.0060488177913504
27,184,control,0.01027129362240953
30,184,control,-6.1528035352156e-4
33,184,control,-0.0056545683337498
36,184,control,0.00433752792987068
39,184,control,0.00246508239283578
42,184,control,-0.00683797919904199
45,184,control,-0.00935801367891444
48,184,control,-0.00173946382533982
0,185,control,-0.01111452473010796
3,185,control,-0.00612715325615559
6,185,control,-0.01112277175490849
9,185,control,0.00528437567307326
12,185,control,-0.00373318572139351
15,185,control,0.0069265200948645
18,185,control,7.8164839167375e-4
21,185,control,-0.00975252301209453
24,185,control,-0.00614010843431391
27,185,control,-0.00433254332107554
30,185,control,-0.02241807256275543
33,185,control,-0.00425874224138355
36,185,control,-0.00370846800470833
39,185,control,-0.00889919472479906
42,185,control,-0.01016475978592456
45,185,control,0.00564632126235053
48,185,control,-0.0010393860364687
0,186,control,-0.01233945791673251
3,186,control,-0.00140143941110711
6,186,control,-0.00836744613738405
9,186,control,-0.01076354435435655
12,186,control,-0.00750814846996593
15,186,control,-0.00204781061879216
18,186,control,0.00219477783596237
21,186,control,-0.01848964210813497
24,186,control,-0.01390986485249461
27,186,control,-0.01498797828587794
30,186,control,-0.02731413088203737
33,186,control,-0.03163384463335478
36,186,control,-0.01009116973651469
39,186,control,-0.0180825311971767
42,186,control,-0.02347304938250524
45,186,control,-0.00426709630181209
48,186,control,5.756447032133605e-5
0,187,control,0.01228252602381351
3,187,control,-0.00819052182446789
6,187,control,-0.00462573426248277
9,187,control,-0.00783840874004896
12,187,control,0.00653889153016816
15,187,control,-0.00199015834996093
18,187,control,-0.00322572247347541
21,187,control,-0.01645136445312558
24,187,control,0.01997377767073124
27,187,control,0.00388029182782212
30,187,control,0.00176453561617229
33,187,control,0.00710333365305976
36,187,control,0.00299472154626262
39,187,control,0.0056121033266889
42,187,control,-0.00411882661278681
45,187,control,0.00761427623464945
48,187,control,7.5869997002341e-4
0,188,control,0.00375783130313916
3,188,control,-0.01075637036505549
6,188,control,-0.0084574720593315
9,188,control,-0.01898897204809985
12,188,control,0.00123224232878378
15,188,control,-0.01734971426791798
18,188,control,-0.00502375485336133
21,188,control,-0.00771332584581883
24,188,control,-0.01764296669526211
27,188,control,-0.00972647963509911
30,188,control,-0.02101669045865657
33,188,control,-0.01332200048037066
36,188,control,4.2930558787657e-4
39,188,control,8.496898941669242e-5
42,188,control,-0.01035804483428251
45,188,control,-0.01399982664780884
48,188,control,-0.04282001474625025
0,189,control,0.02534650705302849
3,189,control,0.02849984616859312
6,189,control,0.01971208158652082
9,189,control,0.02568161659445116
12,189,control,0.03456465360085919
15,189,control,0.03641507859354101
18,189,control,0.00581319558983198
21,189,control,0.025849642477182692
24,189,control,0.03047678453840179
27,189,control,0.03918576351804247
30,189,control,0.0145927179783908
33,189,control,0.0214869238808139
36,189,control,0.01499923802087932
39,189,control,0.01840827949284079
42,189,control,0.02712839501006822
45,189,control,0.01180480370320889
48,189,control,0.02156676798869155
0,19,control,0.03116789466473669
3,19,control,0.00193139772847767
6,19,control,0.02455715622959073
9,19,control,0.0051772100368612
12,19,control,0.02374487175826443
15,19,control,0.00814492316248759
18,19,control,-0.00757221208854391
21,19,control,0.02155814364996988
24,19,control,0.0214583238550478
27,19,control,0.01497456916260213
30,19,control,0.01373133386354665
33,19,control,0.00815524557579458
36,19,control,0.01956582483628289
39,19,control,0.00741999422024332
42,19,control,0.01141804100724992
45,19,control,0.02885091681275082
48,19,control,0.026119298247273
0,190,control,-0.00519440374250039
3,190,control,-0.00450252292566252
6,190,control,-0.0104627323047114
9,190,control,-0.00797290788933082
12,190,control,-0.01353065620494813
15,190,control,-0.00766921727636621
18,190,control,-0.01845589638189462
21,190,control,-0.01093377979500258
24,190,control,-4.2934224393959e-4
27,190,control,-0.00900705596629859
30,190,control,-0.006362642338768
33,190,control,-0.03268979707825757
36,190,control,0.00851192456503049
39,190,control,-0.00864503274717085
42,190,control,-0.00342041827963879
45,190,control,-0.0214826315898797
48,190,control,-0.01578815493885088
0,191,control,0.03474224033521812
3,191,control,0.02074911195195302
6,191,control,0.03471980366203384
9,191,control,0.030528072265334
12,191,control,-7.3377397650446e-4
15,191,control,0.02313006715893904
18,191,control,0.02251316044343065
21,191,control,0.01997074048784997
24,191,control,0.02108256682197046
27,191,control,0.02746324663712259
30,191,control,0.02220421116483521
33,191,control,0.026681845289749
36,191,control,0.02360560970099116
39,191,control,0.02636612983982164
42,191,control,0.02787364883802255
45,191,control,0.01676582360696941
48,191,control,0.02742007074753041
0,192,control,-0.01926608293209714
3,192,control,-0.04519396633338536
6,192,control,-0.04255466909889986
9,192,control,-0.05014589153121415
12,192,control,-0.04806115961645212
15,192,control,-0.05018400374656508
18,192,control,-0.05470193647604964
21,192,control,-0.04902655023705283
24,192,control,-0.04795461453842401
27,192,control,-0.04244139309783933
30,192,control,-0.04047203826842861
33,192,control,-0.03860984586301089
36,192,control,-0.03308713429215398
39,192,control,-0.05947668875491662
42,192,control,-0.03341543943650736
45,192,control,-0.04513357931936115
48,192,control,-0.04224980578829402
0,193,control,0.01254452476942677
3,193,control,-0.00420758799704894
6,193,control,0.01764222377667099
9,193,control,-0.00146459829640134
12,193,control,0.01310321363559902
15,193,control,0.00973134499093805
18,193,control,0.00165406571992862
21,193,control,0.00497047167481742
24,193,control,0.00327292203571906
27,193,control,-0.00113783088568183
30,193,control,0.00962597705359048
33,193,control,0.0260178278417204
36,193,control,0.0021954006693204
39,193,control,0.01533870190787807
42,193,control,-5.3377172354743e-4
45,193,control,0.01376514837832706
48,193,control,0.01485528016652704
0,194,control,-0.00670955155257871
3,194,control,-0.02708920346766677
6,194,control,-0.03649097530216493
9,194,control,-0.03225646319758078
12,194,control,-0.04280002281500417
15,194,control,-0.02099054057343074
18,194,control,-0.02692337485038568
21,194,control,-0.03254572007126029
24,194,control,-0.02768373156253837
27,194,control,-0.01747478442244832
30,194,control,-0.03491534152142801
33,194,control,-0.02684160780869541
36,194,control,-0.04019543824654397
39,194,control,-0.03548480257601478
42,194,control,-0.02128146628627101
45,194,control,-0.0425780759734195
48,194,control,-0.0549549704701693
0,195,control,0.00228821770720723
3,195,control,6.208850641471e-4
6,195,control,0.00152413931366517
9,195,control,-0.00427633254624401
12,195,control,-0.00501568221620169
15,195,control,-0.00237952245946038
18,195,control,0.01117228550898089
21,195,control,-0.0060421341457711
24,195,control,-0.02386275158566278
27,195,control,0.00482215492066166
30,195,control,-0.00152694484371744
33,195,control,-0.00634236921074529
36,195,control,0.00128343045961558
39,195,control,-0.01084018030985918
42,195,control,0.00778930859285541
45,195,control,0.00532135123231586
48,195,control,0.00319148587403352
0,196,control,-0.01095124127662585
3,196,control,-0.0019167798413441
6,196,control,0.0092261167957033
9,196,control,-0.01868143791766995
12,196,control,-0.01400529670679747
15,196,control,-0.0089020117494493
18,196,control,-0.00327166610543899
21,196,control,-2.7743335218211e-4
24,196,control,0.00288451254533967
27,196,control,-0.0078484958653754
30,196,control,-0.00102218226082887
33,196,control,-0.02465485375718071
36,196,control,3.6612130852774e-4
39,196,control,-1.6693217939602e-4
42,196,control,0.00199824728313742
45,196,control,-0.0011409775161615
48,196,control,0.00117511212045615
0,197,control,0.02385208753572771
3,197,control,0.00252358504910016
6,197,control,-0.01052851078554049
9,197,control,-0.0030117131929623
12,197,control,0.01267047520343524
15,197,control,0.02001739629663311
18,197,control,0.00346814829794037
21,197,control,-0.00605642042305755
24,197,control,0.01222342652037021
27,197,control,0.00354881150385885
30,197,control,0.01635714045293683
33,197,control,0.02108817641126652
36,197,control,0.00560063256971703
39,197,control,0.00794126788085537
42,197,control,-0.00380370502826854
45,197,control,0.01396053563819192
48,197,control,0.02037546287880378
0,198,control,0.03783517118399273
3,198,control,0.02042275178053914
6,198,control,0.02179925566237112
9,198,control,0.01708585597044684
12,198,control,0.01563478676481121
15,198,control,0.00739997679286396
18,198,control,0.02479120565954367
21,198,control,0.02199742843815241
24,198,control,0.01310668764420066
27,198,control,0.02516386818097098
30,198,control,0.01803901354017535
33,198,control,-0.00128457723895666
36,198,control,0.0231805650739768
39,198,control,0.01854970476942507
42,198,control,0.02445011152382322
45,198,control,0.00984384289928042
48,198,control,0.00638001604578584
0,199,control,-0.0067044367520444
3,199,control,0.00321457581978993
6,199,control,-0.00768511241268705
9,199,control,0.00105322558751586
12,199,control,0.00973436075558902
15,199,control,0.01711492951447166
18,199,control,0.00272425965002023
21,199,control,0.00275940644767484
24,199,control,0.00864405815239789
27,199,control,-0.0193257547139452
30,199,control,-0.009208458947465
33,199,control,8.0263003068616e-4
36,199,control,-0.00338998554778427
39,199,control,-0.00571993272839557
42,199,control,-0.00214344882033814
45,199,control,-0.00259657411957952
48,199,control,0.01399092005782197
0,2,control,0.00271981467161527
3,2,control,0.01279489710500358
6,2,control,0.01219037107291719
9,2,control,0.01154025764431928
12,2,control,0.01713418911936482
15,2,control,0.00512335601443481
18,2,control,0.00524928906589261
21,2,control,0.01300293927927244
24,2,control,0.00658071810230035
27,2,control,0.00348676048804044
30,2,control,0.02275824181120301
33,2,control,0.03042418836308498
36,2,control,0.01980396470382487
39,2,control,0.01035816602175412
42,2,control,0.004555353470543
45,2,control,0.01508352996178139
48,2,control,0.01259789954991241
0,20,control,0.00567875529455412
3,20,control,-0.0110128902249846
6,20,control,0.00415143292380597
9,20,control,-0.01056729526435954
12,20,control,0.0116268524028277
15,20,control,0.00547792841307074
18,20,control,0.01700584904256258
21,20,control,-0.0180811023202132
24,20,control,-0.00395289557249336
27,20,control,-5.8821740403607e-4
30,20,control,-0.0116741194635892
33,20,control,0.00155376460355924
36,20,control,-0.00668492407236507
39,20,control,-7.9658906658652e-4
42,20,control,-0.00370567319580899
45,20,control,0.00612227785361301
48,20,control,-0.00776506578011863
0,200,control,-0.00299418736292697
3,200,control,-0.00459453603356845
6,200,control,0.00571177058066249
9,200,control,0.00142639603773503
12,200,control,-0.02318485069592614
15,200,control,0.02261558155236605
18,200,control,0.00246464219737171
21,200,control,0.00297979119884713
24,200,control,-0.0132070271259526
27,200,control,1.609236877765e-4
30,200,control,0.01464154851467481
33,200,control,-0.00758776038676187
36,200,control,0.00163449425894832
39,200,control,0.0026961776147845
42,200,control,0.00435028995261187
45,200,control,-0.00187252582530525
48,200,control,-0.02218168223728655
0,21,control,0.02477123134374599
3,21,control,0.01189810226024498
6,21,control,0.01805629580672425
9,21,control,0.03850514649551799
12,21,control,0.01649276609280936
15,21,control,9.3636742160985e-4
18,21,control,0.01606939487837389
21,21,control,0.00505096993617782
24,21,control,0.01214354569263781
27,21,control,0.01461760864261081
30,21,control,0.0054377979529363
33,21,control,0.00105393753530161
36,21,control,3.4893338023436e-4
39,21,control,0.01586675697256643
42,21,control,0.02938884210834397
45,21,control,0.00997245176215171
48,21,control,-0.0043245057323976
0,22,control,-0.02207090254366828
3,22,control,-0.02415079068342427
6,22,control,-0.0161959139633563
9,22,control,-0.01164656132048544
12,22,control,-0.02319038805142304
15,22,control,-0.0169913473299693
18,22,control,-0.02626532189055687
21,22,control,-0.03019171966144705
24,22,control,-0.02144863301662343
27,22,control,-0.03154543642858944
30,22,control,-0.02305144306047447
33,22,control,-0.01948610864424907
36,22,control,-0.0243671899282338
39,22,control,-0.02440671352599533
42,22,control,-0.03484211501096999
45,22,control,-0.03133244927089881
48,22,control,-0.01039672776935241
0,23,control,0.01996352684681677
3,23,control,0.01129041539300624
6,23,control,0.01358602832108283
9,23,control,0.01157533087657266
12,23,control,-0.01142097392140219
15,23,control,0.03782501489958383
18,23,control,0.01341705777175057
21,23,control,0.02069636177773342
24,23,control,0.01485102970399875
27,23,control,-0.0057335562162637
30,23,control,0.01076374164473961
33,23,control,0.00184786693670981
36,23,control,0.01899184148937072
39,23,control,0.01439396197229469
42,23,control,0.01536879778007935
45,23,control,0.00251984672324508
48,23,control,0.01529925000847166
0,24,control,0.01219517990965343
3,24,control,0.00973869169964367
6,24,control,0.02100316521340714
9,24,control,0.01519902326464734
12,24,control,0.01101256094370765
15,24,control,0.01366937640617003
18,24,control,-0.00171722555372659
21,24,control,0.00122121855861059
24,24,control,0.01583165747678362
27,24,control,0.02754047503991311
30,24,control,0.01120350240497625
33,24,control,0.00227241620654829
36,24,control,0.00747923676622566
39,24,control,0.00933781723871441
42,24,control,0.00980574410842591
45,24,control,0.02335082786492968
48,24,control,0.01210894313413688
0,26,control,0.00639758385682636
3,26,control,-0.00407674308029148
6,26,control,-0.00473668993820367
9,26,control,0.01152758320936841
12,26,control,0.00155267183665336
15,26,control,-0.00928986872037387
18,26,control,-0.00126443889351184
21,26,control,-0.00462850266984951
24,26,control,-0.01313288293109181
27,26,control,-0.0089174756530697
30,26,control,0.00344272531729076
33,26,control,-0.00663956097029091
36,26,control,0.00273141800700357
39,26,control,3.3146262366308e-4
42,26,control,0.00302252657771413
45,26,control,0.00142416520020358
48,26,control,0.01291737833292346
0,27,control,-0.00870802625947639
3,27,control,-0.01085509307438331
6,27,control,-0.00887769276147267
9,27,control,-0.02124156719772187
12,27,control,-0.01610539688914734
15,27,control,-0.00485398646969446
18,27,control,-0.01078021388787103
21,27,control,-0.01387647041129423
24,27,control,-0.00747002920967943
27,27,control,-0.0103573493063549
30,27,control,-0.02435096900738191
33,27,control,-0.01694690842819147
36,27,control,-0.00595392642225532
39,27,control,-0.02103018251479901
42,27,control,-0.00931577534952275
45,27,control,0.00444423565232811
48,27,control,-0.02049095355297861
0,28,control,-0.00150460176216231
3,28,control,-0.00292809167614103
6,28,control,-0.00480507557854918
9,28,control,-0.00102016054101382
12,28,control,-0.00172686534674289
15,28,control,-0.00862112739359895
18,28,control,-7.3030528438988e-4
21,28,control,-0.02192575971465757
24,28,control,-0.01447053174349651
27,28,control,-0.00263689690657345
30,28,control,0.00817731140914506
33,28,control,0.00671070553141853
36,28,control,-0.00853161026489469
39,28,control,3.5197762928135e-4
42,28,control,-0.00789281688483851
45,28,control,-0.02386593084095828
48,28,control,-0.00314989331394974
0,29,control,-0.01421833167381955
3,29,control,-0.01934162532043006
6,29,control,-0.0247903565106961
9,29,control,-0.02133213756376132
12,29,control,-0.03165926057525101
15,29,control,-0.01369139512152458
18,29,control,-0.04101593622001201
21,29,control,-0.02441506247056997
24,29,control,-0.03533282597112155
27,29,control,-0.0110283794442996
30,29,control,-0.03467235448134904
33,29,control,-0.02030849769459028
36,29,control,-0.03058743206321909
39,29,control,-0.02275239660001477
42,29,control,-0.02300806838584411
45,29,control,-0.02882540251788033
48,29,control,-0.00314200730763688
0,3,control,0.01937070900088815
3,3,control,0.02518047961389871
6,3,control,0.008674211045224
9,3,control,0.02520548838786294
12,3,control,1.2471885286448e-4
15,3,control,0.00588645308107192
18,3,control,0.02072015154605786
21,3,control,0.01036352065964955
24,3,control,0.00413708246175229
27,3,control,0.01005293631459022
30,3,control,0.02217137944710035
33,3,control,-0.00957946799064888
36,3,control,0.02426102714051551
39,3,control,0.01004162801455836
42,3,control,0.01350852671873909
45,3,control,0.02275537954371536
48,3,control,0.01277092706515102
0,30,control,5.621224326177e-4
3,30,control,0.02718810153608784
6,30,control,0.01105342315364854
9,30,control,0.01353782595296688
12,30,control,0.01752322354305358
15,30,control,0.01120610046726597
18,30,control,0.01254802616987066
21,30,control,0.00287430219623928
24,30,control,-0.00178906782269598
27,30,control,0.01075764954936396
30,30,control,0.00919335546914344
33,30,control,-0.00227798058274861
36,30,control,0.00550015363311887
39,30,control,0.01681416752392238
42,30,control,2.4601644108652e-4
45,30,control,0.00526898014425632
48,30,control,0.01035212196404342
0,31,control,0.00597048686124343
3,31,control,-0.00954603207625686
6,31,control,0.01526878832940568
9,31,control,-0.00629860540452383
12,31,control,0.00448935338879321
15,31,control,0.01574729578448149
18,31,control,-0.00766543344337463
21,31,control,-0.00835509925360579
24,31,control,0.00376074551628773
27,31,control,-0.00229556887173756
30,31,control,-0.00682420257595885
33,31,control,-0.01099413087558165
36,31,control,3.8165384777504e-4
39,31,control,0.00402205330167788
42,31,control,0.00937271106875246
45,31,control,0.01016860183967587
48,31,control,-2.3347994310433e-4
0,32,control,0.02546461554382908
3,32,control,0.01102819525949608
6,32,control,0.02490583632994449
9,32,control,0.00691287716487971
12,32,control,0.02134133965400249
15,32,control,0.01725362439434041
18,32,control,0.01069013571697408
21,32,control,0.02287013586521761
24,32,control,0.00716287720339274
27,32,control,0.01829058464776981
30,32,control,0.02456200866518276
33,32,control,0.02389489520167154
36,32,control,0.01420361782956628
39,32,control,0.02852612135531763
42,32,control,0.02613251157645621
45,32,control,0.01206626036951823
48,32,control,0.00568677312455631
0,33,control,0.02034039657165482
3,33,control,0.0117333522231224
6,33,control,-0.01108123851989768
9,33,control,-0.00223219412814408
12,33,control,0.0021602009672179
15,33,control,0.00759809225066455
18,33,control,0.01642700133509255
21,33,control,0.02041396473514082
24,33,control,0.01494176474331945
27,33,control,-0.00323797532766332
30,33,control,6.1724563805176e-4
33,33,control,0.01087781907300295
36,33,control,7.6450292194229e-4
39,33,control,0.01116681152288244
42,33,control,-0.00619609555334113
45,33,control,0.01312459136998912
48,33,control,0.00802280861655069
0,34,control,0.03567330833786681
3,34,control,0.0108619973293237
6,34,control,0.02289557585158776
9,34,control,0.04222757177886375
12,34,control,0.03888446657310377
15,34,control,0.02986990808530559
18,34,control,0.02764371937548327
21,34,control,0.0200788839279309
24,34,control,0.04050906717578575
27,34,control,0.01437990740536851
30,34,control,0.03659305123138102
33,34,control,0.0325701061400131
36,34,control,0.03944641948051865
39,34,control,0.04175418681584791
42,34,control,0.02130064515986675
45,34,control,0.03534638926041345
48,34,control,0.03021295690436612
0,35,control,-0.02877329334081019
3,35,control,-0.03006758930657626
6,35,control,-0.04410700173097079
9,35,control,-0.01784192543278322
12,35,control,-0.01053887166350288
15,35,control,-0.0189950038593167
18,35,control,-0.01172032545290721
21,35,control,-0.01821453589681403
24,35,control,-0.01574720690912795
27,35,control,-0.02432531729261963
30,35,control,-0.01836792530248526
33,35,control,-0.02251609613179129
36,35,control,-0.02514552455933832
39,35,control,-0.03200589671053817
42,35,control,-0.02032796844966175
45,35,control,-0.04311197697845296
48,35,control,-0.02624995281440026
0,36,control,-0.01605427508467868
3,36,control,-0.01889772781438876
6,36,control,-0.02726419295978758
9,36,control,-0.02288560933019742
12,36,control,-0.00222165386120677
15,36,control,-0.01898568325483883
18,36,control,-0.01388676493441385
21,36,control,-0.02545351123026326
24,36,control,-0.02140348190820148
27,36,control,-0.01440371433814112
30,36,control,-0.01628179054858272
33,36,control,-0.00176958580990435
36,36,control,-0.00519322431180256
39,36,control,-0.02501020488617354
42,36,control,-0.00974587201872877
45,36,control,-0.01645058139168045
48,36,control,-0.00867555247422204
0,37,control,0.0138436710533379
3,37,control,0.03213365221560503
6,37,control,0.03088339555748076
9,37,control,0.03153395048650919
12,37,control,0.02069144294817338
15,37,control,0.03364490567270916
18,37,control,0.02653274889320151
21,37,control,0.02600068864461349
24,37,control,0.0163411247592882
27,37,control,0.01719106585488607
30,37,control,0.01218024765707278
33,37,control,0.0232787754827173
36,37,control,0.01666851168026636
39,37,control,0.02208401457552362
42,37,control,0.03139125115298615
45,37,control,0.01316296767088075
48,37,control,0.01870788950154464
0,38,control,0.00882703584613512
3,38,control,0.00749511019585069
6,38,control,0.00253266202335431
9,38,control,0.00790323872624917
12,38,control,0.01292709170159633
15,38,control,0.00814816398836967
18,38,control,0.00477284173997224
21,38,control,0.00192826835071948
24,38,control,0.00726386344061569
27,38,control,-0.01893092825843205
30,38,control,-0.00836594568147569
33,38,control,0.02204783195634609
36,38,control,0.00491670647593734
39,38,control,2.6257707161637e-4
42,38,control,0.00410194969756961
45,38,control,0.0062218343105309
48,38,control,-0.00142328193896439
0,39,control,-0.02171960730686368
3,39,control,-0.03406169049125712
6,39,control,-0.00979671916737719
9,39,control,-0.03200243006235545
12,39,control,-0.01657146105127205
15,39,control,-0.04190774883221434
18,39,control,-0.01919408440207169
21,39,control,-0.03807778982272769
24,39,control,-0.01952550695583027
27,39,control,-0.01435724937290848
30,39,control,-0.01455963215554628
33,39,control,-0.01213007119159563
36,39,control,-0.0197148068005311
39,39,control,-0.05477606252833945
42,39,control,-0.02477258446901797
45,39,control,-0.02594793931382448
48,39,control,-0.03176785853927179
0,4,control,-0.03147805561768879
3,4,control,-0.04556393545263757
6,4,control,-0.04612193512090312
9,4,control,-0.04559194008906739
12,4,control,-0.052251573326618
15,4,control,-0.0295317823376916
18,4,control,-0.03643556220788566
21,4,control,-0.02493309613018799
24,4,control,-0.04862500028185715
27,4,control,-0.05174343857748365
30,4,control,-0.01923126290247341
33,4,control,-0.03136156029465211
36,4,control,-0.01762152189983772
39,4,control,-0.03597490756312911
42,4,control,-0.03873035853393042
45,4,control,-0.06237915991201243
48,4,control,-0.03359504192698735
0,40,control,0.00911258727604519
3,40,control,0.02219460657204199
6,40,control,0.01389900207949172
9,40,control,0.01244643960216067
12,40,control,0.01758081413314676
15,40,control,0.01696472811799989
18,40,control,0.01473348791884713
21,40,control,0.02586734876800147
24,40,control,0.01715134344193075
27,40,control,0.00990059344602097
30,40,control,0.01980481390980617
33,40,control,0.02308654718423448
36,40,control,0.02594048814863179
39,40,control,0.0163057850515603
42,40,control,0.00887489888331547
45,40,control,0.00460922767709449
48,40,control,0.01667990759731957
0,41,control,-0.02146970032049639
3,41,control,-0.01931061319635126
6,41,control,-0.01028512589525334
9,41,control,-0.01536927009229105
12,41,control,-0.00630839412199091
15,41,control,0.00920918215478262
18,41,control,-0.02050344219749111
21,41,control,-0.01258688233854557
24,41,control,-0.02682079652200897
27,41,control,-0.01506436048197932
30,41,control,-0.03197433112381116
33,41,control,-0.00885043873196103
36,41,control,-0.01163954010162522
39,41,control,-0.01865592677177082
42,41,control,-0.01137392515008152
45,41,control,-0.01288314876993904
48,41,control,-0.01882633124878162
0,42,control,-0.00500228934148403
3,42,control,-0.00756187125210934
6,42,control,0.00324722459946437
9,42,control,-0.00342085788165544
12,42,control,-0.0116748878666135
15,42,control,-0.00926527431313878
18,42,control,-0.01335705713669247
21,42,control,-4.5399522813077e-4
24,42,control,0.00477569474897342
27,42,control,0.00602745385219934
30,42,control,0.02450808691973695
33,42,control,-0.01585362522769759
36,42,control,-0.00832348854116267
39,42,control,-0.01657304117018946
42,42,control,-0.00510065818771118
45,42,control,-0.01031404132916988
48,42,control,0.00700950684660614
0,43,control,0.01427021916778012
3,43,control,2.8710737882294e-4
6,43,control,0.00671146306070962
9,43,control,0.01406758357462978
12,43,control,0.00984774502761543
15,43,control,0.02463719619407384
18,43,control,-0.00421440943500009
21,43,control,0.0130622688569577
24,43,control,0.0145209714864761
27,43,control,0.01309721861856512
30,43,control,0.01398134063157562
33,43,control,0.01748157340355268
36,43,control,-0.00817478561860584
39,43,control,0.00742679755210231
42,43,control,0.01805655064719545
45,43,control,0.01108307019542345
48,43,control,0.01297716484971498
0,44,control,-0.00245667333842846
3,44,control,0.01181336921566163
6,44,control,0.00622401778337034
9,44,control,0.01163878080007705
12,44,control,0.02700361087791698
15,44,control,0.02372231608673769
18,44,control,-0.00921123602158968
21,44,control,0.01526716780067098
24,44,control,0.00247358260298152
27,44,control,-2.819938921856524e-5
30,44,control,-0.00868741544036447
33,44,control,0.01243710369223615
36,44,control,0.00608427140010491
39,44,control,0.01159167632427387
42,44,control,0.00399145929451857
45,44,control,0.01069028403603641
48,44,control,0.02138676521163734
0,45,control,0.0334993772991378
3,45,control,0.04883420445913026
6,45,control,0.03054378964719683
9,45,control,0.02829333678165196
12,45,control,0.02647096436212239
15,45,control,0.03575852444969471
18,45,control,0.02504112201031834
21,45,control,0.04645246162321419
24,45,control,0.01594417229659422
27,45,control,0.04370222262863385
30,45,control,0.034449652960029
33,45,control,0.03505775585472274
36,45,control,0.02602153598881038
39,45,control,0.04898718237414185
42,45,control,0.02580825435582249
45,45,control,0.04563747091666503
48,45,control,0.03131542292665443
0,46,control,-0.01433596010154421
3,46,control,-0.01624864836219183
6,46,control,4.8336590916537e-4
9,46,control,-0.00314366540829848
12,46,control,-0.01058385837249414
15,46,control,0.00366217856924683
18,46,control,-0.00236942947016414
21,46,control,5.4940605606645e-4
24,46,control,-0.02179612812023925
27,46,control,-2.794165366015e-4
30,46,control,0.00579119090446321
33,46,control,0.00346028653785267
36,46,control,-0.00314054422129388
39,46,control,-0.00741408583036038
42,46,control,0.00267433167202289
45,46,control,0.00268196616241557
48,46,control,0.00116561366088207
0,47,control,-0.02748828510593776
3,47,control,-0.01329056068990807
6,47,control,-0.01792024479291908
9,47,control,-0.00461333901260196
12,47,control,-0.00871271837021145
15,47,control,-0.02486280956050517
18,47,control,-0.00587744530662181
21,47,control,-0.02303642233960818
24,47,control,-0.00134376737708557
27,47,control,0.0032005800675576
30,47,control,-0.03197486622014852
33,47,control,-0.01719765253048946
36,47,control,-0.0173133992451706
39,47,control,-0.0088291225434656
42,47,control,-0.02768552088431507
45,47,control,-0.01107899632549642
48,47,control,-0.01173430933365404
0,48,control,-0.02119533184667405
3,48,control,-0.02367939721127615
6,48,control,-0.01350690828644651
9,48,control,-0.009171854942794
12,48,control,-0.02641073161681849
15,48,control,-0.01190190181906614
18,48,control,-7.912423393264392e-5
21,48,control,-0.00855577915457164
24,48,control,-0.01744606389736836
27,48,control,-0.00667908303967642
30,48,control,-0.00279309560426603
33,48,control,0.00787842527755843
36,48,control,-0.01485684235147671
39,48,control,0.01366545906366249
42,48,control,-0.00852717567663609
45,48,control,-0.00460211699892462
48,48,control,-0.02223116411249391
0,49,control,0.01595745759027238
3,49,control,0.00427054947668178
6,49,control,-0.0052315125236613
9,49,control,0.00858194255852195
12,49,control,-0.00503718729620535
15,49,control,0.00506962247003757
18,49,control,0.01192244994828895
21,49,control,0.0074850334877564
24,49,control,0.00789282207048104
27,49,control,-0.00606559419376563
30,49,control,0.00403082733816893
33,49,control,-0.00517451175404952
36,49,control,0.00675902588479711
39,49,control,0.02216554941337525
42,49,control,0.01221712655136398
45,49,control,0.01823008430438869
48,49,control,0.00927453566095418
0,5,control,-0.00848623396914364
3,5,control,-0.03019441507745815
6,5,control,0.00796184014693998
9,5,control,-0.00152981717928182
12,5,control,-0.00731709471261606
15,5,control,-0.02013315037257004
18,5,control,-0.0267507440121278
21,5,control,0.00541540263368634
24,5,control,-0.02031949223376778
27,5,control,-0.02149742861479704
30,5,control,-0.01812266173107076
33,5,control,-0.01353934286363571
36,5,control,-0.01942707170114749
39,5,control,-0.01396198712577148
42,5,control,-0.00313239642549511
45,5,control,0.00464379409490338
48,5,control,-0.01490977980855588
0,50,control,-0.0102671919263409
3,50,control,0.00885569204153993
6,50,control,0.00585251162557586
9,50,control,-0.00526541848255975
12,50,control,0.0032435572917387
15,50,control,0.00353825710928585
18,50,control,-0.0044254957145028
21,50,control,-0.00158414037470254
24,50,control,0.00179704679863463
27,50,control,-0.01242923290726079
30,50,control,-0.01088809798475589
33,50,control,0.00319954685997577
36,50,control,0.002375789950112
39,50,control,-0.00228615515970023
42,50,control,0.00280933584315055
45,50,control,-0.00882454915546886
48,50,control,-0.00387897903315696
0,51,control,-0.0076286406393345
3,51,control,-0.02397665259323368
6,51,control,-0.0424685399072888
9,51,control,-0.01306513879239002
12,51,control,-0.01561270018544546
15,51,control,-0.02210010280681336
18,51,control,-0.0312546207120512
21,51,control,-0.00766671642539743
24,51,control,-0.02278807526642105
27,51,control,-0.02868892169289602
30,51,control,-0.02410033056683596
33,51,control,-0.03216630661837232
36,51,control,-0.01742810517559094
39,51,control,-0.02249496725246389
42,51,control,-0.02504408676242077
45,51,control,-0.02561886606298642
48,51,control,-0.03463854957331598
0,52,control,0.00812733264857581
3,52,control,0.0052379801308774
6,52,control,0.01374990658945103
9,52,control,-0.00519901944336139
12,52,control,0.00842414110230735
15,52,control,0.01219975833689177
18,52,control,0.02119881247458949
21,52,control,-0.00744647927383097
24,52,control,0.0056911367425115
27,52,control,0.0141811056046145
30,52,control,0.010422782001661
33,52,control,0.01109805851064447
36,52,control,0.00633471281991769
39,52,control,-0.01134504503764767
42,52,control,0.01137418782845505
45,52,control,-0.01084675560818267
48,52,control,0.02477296396835876
0,53,control,0.01791391097368402
3,53,control,0.01138533727494484
6,53,control,0.01959988447417344
9,53,control,0.00759935132635458
12,53,control,-0.00837476843150085
15,53,control,-0.00678201508613427
18,53,control,0.00233548938526427
21,53,control,0.02666579779802877
24,53,control,0.01502098559543461
27,53,control,0.00780021379257638
30,53,control,0.02072825093039877
33,53,control,0.01562833376142047
36,53,control,0.01581447657741664
39,53,control,0.01056742855608464
42,53,control,0.04017148923831666
45,53,control,0.02892874759309438
48,53,control,0.00982072200566458
0,54,control,0.00932239204532397
3,54,control,-0.00556804132099488
6,54,control,-0.00613743158041751
9,54,control,-0.00619647457772956
12,54,control,-0.01814524394203769
15,54,control,-7.7345427363514e-4
18,54,control,-0.0267592384416902
21,54,control,-4.9676885267152e-4
24,54,control,1.4817107761949e-4
27,54,control,-0.00838883263144598
30,54,control,-0.01677147378776623
33,54,control,-0.00221581767772853
36,54,control,-0.00308049580160588
39,54,control,-0.03238605741266335
42,54,control,-0.00418732075339674
45,54,control,-0.01357620594228344
48,54,control,-0.00340785525204058
0,55,control,0.02992865061989321
3,55,control,0.04162492996957346
6,55,control,0.04369205754797643
9,55,control,0.03640492430835827
12,55,control,0.04774952526751785
15,55,control,0.04175347030155171
18,55,control,0.03398864924590015
21,55,control,0.05793936516943848
24,55,control,0.05133722521810874
27,55,control,0.068419319847037
30,55,control,0.0594514722695294
33,55,control,0.03632457222740512
36,55,control,0.04519140642389095
39,55,control,0.03799609708584661
42,55,control,0.04785309353957971
45,55,control,0.02909217447684246
48,55,control,0.05266285590374996
0,56,control,8.990494503069772e-5
3,56,control,0.00442784712503314
6,56,control,7.8883964855264e-4
9,56,control,-0.00513095354146589
12,56,control,-1.8320015458905e-4
15,56,control,-0.01344382816181544
18,56,control,-0.01763666912502163
21,56,control,-0.00868208615810802
24,56,control,-0.00865829509573657
27,56,control,-0.01091588862997882
30,56,control,-0.00380937258168588
33,56,control,-0.00954385933028698
36,56,control,-0.00253296383341467
39,56,control,0.00932264702640417
42,56,control,-0.01230292067799493
45,56,control,-0.00307816488931842
48,56,control,0.00759114068745784
0,57,control,-0.03862798194805703
3,57,control,-0.02222650790698359
6,57,control,-0.04349932156385624
9,57,control,-0.03411814480210949
12,57,control,-0.05513414945612559
15,57,control,-0.04195677374703633
18,57,control,-0.0449654893123976
21,57,control,-0.03352075760055611
24,57,control,-0.02954924259196225
27,57,control,-0.04037309332941397
30,57,control,-0.04440059020943787
33,57,control,-0.03456056821570905
36,57,control,-0.02979043985251411
39,57,control,-0.03261357959229044
42,57,control,-0.03057014835838019
45,57,control,-0.04725952220735952
48,57,control,-0.04335924333151386
0,58,control,-0.0052573381547532496
3,58,control,-0.0084250373654405
6,58,control,0.00178424861792436
9,58,control,0.01252386707713506
12,58,control,-0.00939920211185811
15,58,control,-0.00101496066575968
18,58,control,0.00626081128913191
21,58,control,0.00522514700898601
24,58,control,0.02077927916390719
27,58,control,-0.00949221969430892
30,58,control,0.01562373144317366
33,58,control,0.02376140135086808
36,58,control,-0.00255958141713204
39,58,control,8.7119533308856e-4
42,58,control,-0.02033273462413011
45,58,control,0.00390584147522033
48,58,control,0.01831977388445627
0,59,control,0.00594549587218055
3,59,control,-0.0018301964935211
6,59,control,-0.02511159123697745
9,59,control,-0.0126897210833705
12,59,control,-0.00427799232864622
15,59,control,-0.00546591038136184
18,59,control,-0.00998171122927965
21,59,control,-0.00678039260324144
24,59,control,-0.01649457899433126
27,59,control,-0.01417591682345999
30,59,control,-0.023903365268077868
33,59,control,-0.00783055209158938
36,59,control,-0.01381079653146745
39,59,control,-0.00837834016755333
42,59,control,-0.00231339563929452
45,59,control,-0.00996868814904962
48,59,control,-0.01488954115319698
0,6,control,0.0281357297611372
3,6,control,0.02051797635450738
6,6,control,0.00999872576946547
9,6,control,0.02761757352379155
12,6,control,0.03970544720822235
15,6,control,0.00697252506391836
18,6,control,0.013598242311961
21,6,control,0.03746774318286976
24,6,control,0.01981594336701566
27,6,control,0.0248238788177658
30,6,control,0.02068758675931564
33,6,control,0.03520458568133727
36,6,control,0.02279583749516496
39,6,control,0.01984345003553724
42,6,control,0.01173110838592599
45,6,control,0.01328744480945597
48,6,control,0.00489008315924343
0,60,control,-0.03716971454302269
3,60,control,-0.04233237732868195
6,60,control,-0.01227632638165565
9,60,control,-0.03889778745131638
12,60,control,-0.02596194305674366
15,60,control,-0.02943116652706783
18,60,control,-0.02724624917052392
21,60,control,-0.0140113931614206
24,60,control,-0.02535465850662049
27,60,control,-0.01569616390101248
30,60,control,-0.02798982466776549
33,60,control,-0.04022535000643167
36,60,control,-0.01940705422917772
39,60,control,-0.02459467828077503
42,60,control,-0.00708566811058408
45,60,control,-0.02592853438508579
48,60,control,-0.03436465044350789
0,61,control,-0.02705376075606198
3,61,control,-0.01970761944907328
6,61,control,-0.02627754327936125
9,61,control,-0.02077769168688792
12,61,control,-0.01718756508868739
15,61,control,-0.00769178728883415
18,61,control,-0.01616057564533643
21,61,control,-0.02539372074780185
24,61,control,-0.02099436638175523
27,61,control,-0.03358047053709431
30,61,control,-0.04032250787108951
33,61,control,-0.02060352656728104
36,61,control,-0.02831203930035951
39,61,control,-0.01035895917520103
42,61,control,-0.01414947844834973
45,61,control,-0.00752162927202624
48,61,control,-0.02620955903799119
0,62,control,-0.00644285670176346
3,62,control,0.00799003311820906
6,62,control,3.8167265348389e-4
9,62,control,1.3054640017125e-4
12,62,control,0.01484077427001462
15,62,control,0.00919855017953927
18,62,control,-0.00678186744462325
21,62,control,0.00574196279758419
24,62,control,0.00938395823035992
27,62,control,0.01350262058924543
30,62,control,0.01848196637297681
33,62,control,-0.00975280907912262
36,62,control,0.00164603437292937
39,62,control,-0.00666561978389051
42,62,control,0.002021945961274
45,62,control,-4.0261527602114e-4
48,62,control,0.00679630938816002
0,63,control,0.0018979776283498
3,63,control,-0.00767435059187838
6,63,control,0.01604885019404994
9,63,control,-0.00676639323710462
12,63,control,-1.3802564865275e-4
15,63,control,-0.00695559272364689
18,63,control,-0.01450257701972524
21,63,control,-0.01867617448114061
24,63,control,-0.00742694416016021
27,63,control,0.00249992303836086
30,63,control,-0.00284474525562902
33,63,control,-0.00803504326031918
36,63,control,-0.02913337530509411
39,63,control,0.00929694638555749
42,63,control,-0.00738500849716405
45,63,control,-0.00964364508077311
48,63,control,-0.00611714022466762
0,64,control,-0.02208384104008519
3,64,control,-0.00266369672939427
6,64,control,-0.0051076745958126
9,64,control,0.00495398234788593
12,64,control,-0.01254915999985554
15,64,control,-0.01593155454384209
18,64,control,-0.00348746652710217
21,64,control,-0.00813174696060939
24,64,control,-0.0071176473909575
27,64,control,-0.00577564685826849
30,64,control,-0.01107502077673966
33,64,control,-0.0144210333918899
36,64,control,-0.0245567722226292
39,64,control,-0.01430097577094766
42,64,control,-0.00713691202982691
45,64,control,-0.01058150990031429
48,64,control,-0.01218603179247662
0,65,control,-0.00954490029498133
3,65,control,-0.0030746289972247
6,65,control,-0.00341894834166204
9,65,control,-2.3700914194534e-4
12,65,control,-0.00465556215279034
15,65,control,-0.00631778327864744
18,65,control,0.00819134925037748
21,65,control,-0.00116461868614251
24,65,control,-0.00573621240898634
27,65,control,-0.01423611930284543
30,65,control,-0.01285342793137784
33,65,control,-7.1063876530411e-4
36,65,control,-0.01136539199114185
39,65,control,-0.00442914858705244
42,65,control,8.6630593416474e-4
45,65,control,-0.02380437897385064
48,65,control,-0.01074891376944709
0,66,control,-0.0055484468265472
3,66,control,-0.00517027150012041
6,66,control,-0.01229928071661837
9,66,control,2.7291522147672e-4
12,66,control,-0.0028705685431475
15,66,control,-0.01050091042666887
18,66,control,0.00167566948898658
21,66,control,-2.8028688533906e-4
24,66,control,0.00379452888765456
27,66,control,-0.0063435802055561
30,66,control,-0.02182251555560594
33,66,control,-0.01773457371612886
36,66,control,0.00137314640381671
39,66,control,0.01184090945214993
42,66,control,-0.00130060572568564
45,66,control,0.00635515166103505
48,66,control,-3.641914525227e-4
0,67,control,0.00152686679018711
3,67,control,-0.0267288232062183
6,67,control,-0.01438674087909814
9,67,control,-0.00198953708519666
12,67,control,-0.02516654162207465
15,67,control,-0.02000292234045635
18,67,control,-0.01089775171828354
21,67,control,-0.01850184928347356
24,67,control,-0.01413945174473124
27,67,control,-0.01468506869559566
30,67,control,-0.00915162319078484
33,67,control,-0.00585117305793695
36,67,control,-0.01693727434752292
39,67,control,-0.04723644846584994
42,67,control,-0.02244399748020407
45,67,control,-0.02561753524582844
48,67,control,-0.01083605259869377
0,68,control,0.0214619964347096
3,68,control,-0.00171890908989326
6,68,control,0.00255006091800789
9,68,control,-0.01524116472705185
12,68,control,0.00153797395191511
15,68,control,-0.00496586283176755
18,68,control,0.01549827525646606
21,68,control,-0.00261359332905548
24,68,control,-0.00970721438653564
27,68,control,0.00499287733351703
30,68,control,0.02092924236259714
33,68,control,0.00542921124633729
36,68,control,0.01975080410027752
39,68,control,-0.0084335466164504
42,68,control,0.00583570475279945
45,68,control,-0.00609533467749335
48,68,control,0.00334344018585198
0,69,control,-0.01213114880076257
3,69,control,0.00169073330647403
6,69,control,-0.01847811118346534
9,69,control,-0.01796560893328057
12,69,control,-0.01672067829650311
15,69,control,-0.01995300168052892
18,69,control,0.00579707804454481
21,69,control,-0.00339321690318342
24,69,control,-0.00458962261545293
27,69,control,0.00104697102166392
30,69,control,-0.0060583485770937
33,69,control,-0.0046987139305588
36,69,control,0.00165553131774105
39,69,control,-0.01641810220165011
42,69,control,-0.00902535364742864
45,69,control,-0.00222716586440115
48,69,control,-0.0116183862284947
0,7,control,-0.01298719559915349
3,7,control,-0.00313163299258098
6,7,control,-0.00676507568227148
9,7,control,-0.02898742437100953
12,7,control,-0.02304314778523786
15,7,control,-0.01896432502899194
18,7,control,-0.02634604891436522
21,7,control,-0.02092776102119259
24,7,control,-0.02328339876872479
27,7,control,-0.03186940850291079
30,7,control,-0.01567909123221068
33,7,control,-0.00397504858811627
36,7,control,0.00193302880277199
39,7,control,0.01033054439669498
42,7,control,-0.01731793111714382
45,7,control,-0.00829227864747365
48,7,control,-0.01615771081984538
0,70,control,0.00298848493880566
3,70,control,0.01112905093085442
6,70,control,0.00896861598779591
9,70,control,0.01160198852066712
12,70,control,0.02585449200380996
15,70,control,0.00559817986823562
18,70,control,0.01917034611687249
21,70,control,0.0198981163974953
24,70,control,0.02478143629359995
27,70,control,0.02402709348128234
30,70,control,0.01902970298451041
33,70,control,0.03033291544268141
36,70,control,0.01963192356996212
39,70,control,0.03084064643712965
42,70,control,0.01187836328408106
45,70,control,0.03226813863526775
48,70,control,7.8732294477306e-4
0,72,control,0.04479341049148498
3,72,control,0.05782549350949186
6,72,control,0.06381268974676439
9,72,control,0.03955121461880568
12,72,control,0.05806153510536934
15,72,control,0.03966624959298817
18,72,control,0.0443528522066799
21,72,control,0.03313231571837698
24,72,control,0.04198519001610361
27,72,control,0.04502176288854503
30,72,control,0.03799601743763011
33,72,control,0.05108905987354806
36,72,control,0.04077405920879606
39,72,control,0.05293133738552064
42,72,control,0.04453416006343463
45,72,control,0.05499376706129628
48,72,control,0.03591104220729601
0,73,control,-0.02751888923548929
3,73,control,-0.02257629155898468
6,73,control,-0.0330429143556487
9,73,control,-0.01642188175240166
12,73,control,-0.02551934563391519
15,73,control,-0.00977378606414665
18,73,control,-0.02275294851396094
21,73,control,-0.00449670983163352
24,73,control,-0.01095635266836285
27,73,control,-0.01509164749067553
30,73,control,-0.01523292938176807
33,73,control,-0.01905773779390657
36,73,control,0.0081214064510408
39,73,control,-0.01056623586575717
42,73,control,-0.01794397006287683
45,73,control,-0.01593813539595402
48,73,control,-0.00322216753529353
0,74,control,0.03414976299711358
3,74,control,0.03204067768896632
6,74,control,0.02618711945246533
9,74,control,0.02995145043905478
12,74,control,0.03651490116084605
15,74,control,0.02763304020227708
18,74,control,0.03583282250118213
21,74,control,0.03958061996706486
24,74,control,0.02526034009521623
27,74,control,0.03134055355975825
30,74,control,0.05202044760284481
33,74,control,0.04223402584449576
36,74,control,0.01881818699914326
39,74,control,0.04019788285629189
42,74,control,0.04461110269782097
45,74,control,0.02327844228147663
48,74,control,0.03836618929103726
0,75,control,-0.01631077671211869
3,75,control,-0.01895978796297878
6,75,control,-0.01513422491101984
9,75,control,-0.01328845776253063
12,75,control,-0.0209088478252149
15,75,control,-0.01460562807488045
18,75,control,-0.00458304207918679
21,75,control,-0.00852057163739093
24,75,control,-0.01618136770662794
27,75,control,-0.01846738315239705
30,75,control,-0.02644330584942082
33,75,control,-0.01714819709153479
36,75,control,-0.02107981507423996
39,75,control,-0.01966864399452941
42,75,control,-0.01080165570033242
45,75,control,-0.02134446868464487
48,75,control,-0.02248366769289619
0,76,control,-0.05327219363132131
3,76,control,-0.0212860304347952
6,76,control,-0.03223720780101249
9,76,control,-0.03285773444832255
12,76,control,-0.03683778817444194
15,76,control,-0.04957411462741051
18,76,control,-0.04181779463012603
21,76,control,-0.03634693517399566
24,76,control,-0.05117340296919319
27,76,control,-0.0303840700075791
30,76,control,-0.02013135250471634
33,76,control,-0.04214438482166307
36,76,control,-0.03657955309689186
39,76,control,-0.03853234822457326
42,76,control,-0.05071992349649457
45,76,control,-0.04316867613491137
48,76,control,-0.02475353029705006
0,77,control,-0.01816026182815693
3,77,control,-0.00724630214128317
6,77,control,0.00257312452734799
9,77,control,0.00457176436907571
12,77,control,-0.01672904959536971
15,77,control,-0.01875000723234098
18,77,control,-0.01989207475018451
21,77,control,-0.01350837311260849
24,77,control,-0.00533130370303439
27,77,control,-0.00589876364787323
30,77,control,-0.00935101502092039
33,77,control,-0.01209122706242286
36,77,control,-0.00676512025233406
39,77,control,-0.02522482003491436
42,77,control,-0.01064727218752917
45,77,control,-0.00767964824455583
48,77,control,-0.00859246143053871
0,78,control,0.02100207514119934
3,78,control,0.01674399134856739
6,78,control,0.02420369602356965
9,78,control,4.4431368633048e-4
12,78,control,0.02307777110921402
15,78,control,0.01415235794848327
18,78,control,0.00156041850574654
21,78,control,0.00635175371899155
24,78,control,0.02206271839704263
27,78,control,0.01792267126650646
30,78,control,0.01872333101419018
33,78,control,0.01659295697046339
36,78,control,-0.00577763584063541
39,78,control,0.01716988666315331
42,78,control,0.01598477285037659
45,78,control,0.00871063565682147
48,78,control,0.01814630300164735
0,79,control,0.02106735684366218
3,79,control,0.00196393813931965
6,79,control,0.00396922505613703
9,79,control,-8.8657438587665e-4
12,79,control,-0.00218796666932937
15,79,control,0.01909345922699598
18,79,control,0.00480654437998184
21,79,control,0.00236396434941493
24,79,control,0.01168572733557763
27,79,control,0.01012960778768918
30,79,control,0.01716067305211269
33,79,control,-2.6722907367192e-4
36,79,control,0.0208421774864305
39,79,control,0.00389365946954186
42,79,control,0.01757429849050507
45,79,control,0.00109496840636446
48,79,control,0.01358796055358789
0,8,control,0.05384842861423742
3,8,control,0.02795412787826196
6,8,control,0.04156988853269459
9,8,control,0.03821636698305786
12,8,control,0.05653145938104356
15,8,control,0.03719270192156597
18,8,control,0.02626133230958682
21,8,control,0.05236601898501037
24,8,control,0.04227589995835016
27,8,control,0.05914541042074126
30,8,control,0.02964811579647076
33,8,control,0.04281038816848055
36,8,control,0.04011851322084435
39,8,control,0.02784900308375831
42,8,control,0.03201976263200142
45,8,control,0.02172296794204628
48,8,control,0.05317648226801312
0,80,control,0.01015832261381563
3,80,control,0.00351523131364861
6,80,control,0.00104849704725082
9,80,control,-0.01300284598485633
12,80,control,-0.01457814760210076
15,80,control,-0.00861444971207053
18,80,control,-0.00144579955695801
21,80,control,0.00549365495708689
24,80,control,4.0803675002229955e-5
27,80,control,-0.00354667409671059
30,80,control,-0.00953554012234513
33,80,control,1.9967587705861e-4
36,80,control,-0.00204594635355297
39,80,control,-3.0223112361348e-4
42,80,control,0.00174474147996786
45,80,control,0.00164496807169376
48,80,control,-3.2328154114888e-4
0,81,control,0.0070440538173531
3,81,control,-0.00244490839819441
6,81,control,0.00346700549081256
9,81,control,-0.00211771702717802
12,81,control,0.00490650902478035
15,81,control,0.00768224742168663
18,81,control,0.00974666432086113
21,81,control,0.00320154346161367
24,81,control,0.00173551078336354
27,81,control,0.01454916602510784
30,81,control,-0.00844935326173747
33,81,control,-0.00364610141611539
36,81,control,0.00808734631625104
39,81,control,0.00625650233690325
42,81,control,0.00653178045939898
45,81,control,0.00190702884277788
48,81,control,-7.0813898012006e-4
0,82,control,0.00956607217998517
3,82,control,-0.00963652640918363
6,82,control,0.01309049467467094
9,82,control,-0.00251036172110893
12,82,control,0.02616344321556582
15,82,control,0.01978427970055288
18,82,control,-0.00347162586488388
21,82,control,0.00750446661790531
24,82,control,0.0213317420311369
27,82,control,0.00743439375169804
30,82,control,0.01215344475913071
33,82,control,4.4553112789954e-4
36,82,control,0.00397300740118909
39,82,control,-0.01700922977397464
42,82,control,0.01718410007039508
45,82,control,0.00887725460477165
48,82,control,0.00364316948161831
0,83,control,0.03267539221797299
3,83,control,0.04351298813830923
6,83,control,0.03104486193744094
9,83,control,0.02642484069064582
12,83,control,0.0330573604780091
15,83,control,0.02176707386364679
18,83,control,0.03770523419614707
21,83,control,0.02378960248983129
24,83,control,0.03475798774892946
27,83,control,0.04344908303509891
30,83,control,0.01762370367465395
33,83,control,0.02758314809177585
36,83,control,0.01606163169595242
39,83,control,0.04102007171485328
42,83,control,0.05425494547730589
45,83,control,0.04806104098341091
48,83,control,0.02849483758891539
0,84,control,0.01138167920842699
3,84,control,-0.00725818268477932
6,84,control,0.00526698560066575
9,84,control,0.00671711891114016
12,84,control,-4.2607935866115e-4
15,84,control,-1.0872266973116e-4
18,84,control,-0.00596664527849993
21,84,control,0.02380722663259169
24,84,control,-0.00953656552102109
27,84,control,0.01832797130574237
30,84,control,-0.00408249289122937
33,84,control,0.00836257725400708
36,84,control,-0.00307651246584441
39,84,control,0.01646100561910908
42,84,control,-0.00324165923217556
45,84,control,0.00646669802113435
48,84,control,-6.995369708153e-4
0,85,control,0.00186948694566257
3,85,control,0.00182897521098059
6,85,control,-0.00678802027089258
9,85,control,0.00719900996996415
12,85,control,0.03414229096542733
15,85,control,0.01080097146001494
18,85,control,0.00726697626389202
21,85,control,-6.2853551043715e-4
24,85,control,0.01102782067241193
27,85,control,-7.729732851296e-4
30,85,control,0.00416295785433463
33,85,control,0.00209427252560637
36,85,control,0.00423720613527258
39,85,control,0.02361152434644273
42,85,control,-0.01369978013218335
45,85,control,0.01231202190370215
48,85,control,0.01045761648465279
0,86,control,0.00289598825726706
3,86,control,-0.01635645339065049
6,86,control,-0.01222169127031194
9,86,control,-9.3272384733316e-4
12,86,control,-0.01144852198837432
15,86,control,0.00146251736231049
18,86,control,0.00646491866521951
21,86,control,-0.03032071527115752
24,86,control,-0.00765832309084679
27,86,control,0.01204984878407039
30,86,control,-0.00871896941604919
33,86,control,-0.00912234686167123
36,86,control,-0.01469238516397877
39,86,control,-0.00772221606027464
42,86,control,-0.00987617472258115
45,86,control,-0.00325553472819291
48,86,control,-0.00253668759369437
0,87,control,-0.00258026258110545
3,87,control,0.01778765372483309
6,87,control,-0.00455849649945733
9,87,control,-0.01474720603909214
12,87,control,-0.0085463701066826
15,87,control,-0.01875264827658374
18,87,control,-0.00434850646257121
21,87,control,0.00123097799177939
24,87,control,-0.01055830535952781
27,87,control,-0.0169330915838339
30,87,control,-0.00937470627986459
33,87,control,0.00269863503089191
36,87,control,0.00296170156459382
39,87,control,1.011164273036e-4
42,87,control,-0.01798172152396036
45,87,control,0.00351745508100734
48,87,control,-0.00646075348374692
0,88,control,-0.00984550419231054
3,88,control,0.00231389267512652
6,88,control,0.00231650986308007
9,88,control,0.00584725072096841
12,88,control,-0.0053500640157659
15,88,control,-0.01549633820272589
18,88,control,0.00375921297622426
21,88,control,0.01589257081041217
24,88,control,0.00777915591637267
27,88,control,0.00107557359338979
30,88,control,0.00442516084348419
33,88,control,-0.00171904805568733
36,88,control,-0.00252684999932044
39,88,control,-0.00368995619391448
42,88,control,-0.0068241612045288
45,88,control,-0.01546344216396205
48,88,control,-5.8309845055567e-4
0,89,control,-0.02493634167610959
3,89,control,-0.00269037922954947
6,89,control,-0.01870846447924814
9,89,control,0.00814336350584533
12,89,control,-0.02451699830063822
15,89,control,-0.0028727681704079
18,89,control,-0.01237046123443192
21,89,control,-0.00265337834461155
24,89,control,0.00353352640379234
27,89,control,-0.00756815512630628
30,89,control,-0.00636533832926924
33,89,control,0.01133095107957461
36,89,control,1.65479430007e-4
39,89,control,-0.00902229309701354
42,89,control,-0.01308393761023407
45,89,control,-0.01857020297225252
48,89,control,-0.00294325227480082
0,9,control,-0.02474183596950302
3,9,control,-0.0159429936788894
6,9,control,-0.03229658767469719
9,9,control,-0.01620390883213896
12,9,control,-0.01635307883924679
15,9,control,-0.02442014032394475
18,9,control,-0.02942013403679029
21,9,control,-0.00811976669111721
24,9,control,-0.02136115362508492
27,9,control,-0.01455963442166433
30,9,control,-0.01601853296042367
33,9,control,-0.0146389747894119
36,9,control,-0.00260584714403478
39,9,control,-0.00956288844276217
42,9,control,-0.0061905413426791
45,9,control,-0.01994194460172321
48,9,control,-0.02988406531246198
0,90,control,-0.0251887699184847
3,90,control,-0.02127416334858248
6,90,control,-0.02088472871852254
9,90,control,-0.03767229851742332
12,90,control,-0.01601797507532574
15,90,control,0.00636375535873951
18,90,control,-0.03095067250226008
21,90,control,-0.01643944907615273
24,90,control,-0.03096255850758733
27,90,control,-0.01226954625416212
30,90,control,-0.02415237161938639
33,90,control,-0.0127197960111324
36,90,control,-0.02560596812834321
39,90,control,-0.02169080543253012
42,90,control,-0.02330115245429072
45,90,control,-0.02932601160403189
48,90,control,-0.01829901173408849
0,91,control,0.00247687082934183
3,91,control,-0.02003156820661313
6,91,control,0.00175294843084721
9,91,control,-0.01201415920402664
12,91,control,-0.009917531878847
15,91,control,0.00578154864604491
18,91,control,0.00107335595307452
21,91,control,-0.01231939702562392
24,91,control,-0.0152898020780298
27,91,control,0.01103877169695981
30,91,control,0.00997728762600826
33,91,control,0.00948346866283979
36,91,control,-0.00751690069059868
39,91,control,-0.01307345559706233
42,91,control,-0.00343049117817598
45,91,control,-0.0136097957993773
48,91,control,0.01811265374751211
0,92,control,-0.01754259089495142
3,92,control,-0.00826631571339141
6,92,control,-0.02585031525421696
9,92,control,-0.01463744389202454
12,92,control,-0.01452321456928811
15,92,control,-0.02393621140549496
18,92,control,-0.01139605090524297
21,92,control,-0.02468755553809978
24,92,control,-0.02537121611241506
27,92,control,-0.02515565744907841
30,92,control,-0.03035682622985201
33,92,control,-0.02642192627011859
36,92,control,-0.0158976101479398
39,92,control,-0.02509387776112202
42,92,control,-0.03446013053324842
45,92,control,-0.016304509301409
48,92,control,-0.02920667030898827
0,93,control,0.00296447936600086
3,93,control,-0.0044531162748729
6,93,control,0.01684503178357186
9,93,control,0.02989598015335637
12,93,control,0.00269101030723942
15,93,control,-0.00702546880790138
18,93,control,0.00842983110599259
21,93,control,0.0159207266149056
24,93,control,0.00421089997600167
27,93,control,-0.0022762777853327
30,93,control,-0.02110609117581693
33,93,control,-0.00673403137234934
36,93,control,-0.00519464422605789
39,93,control,-0.01477788185860942
42,93,control,0.00719027914601643
45,93,control,0.00668576488102822
48,93,control,0.01009947671119673
0,94,control,-0.00564115410819194
3,94,control,0.00351241428711548
6,94,control,-0.00822247226084948
9,94,control,-0.01287787307366271
12,94,control,0.0024279513171655
15,94,control,-0.01716267398466145
18,94,control,-0.00729884780884253
21,94,control,-9.3783842104304e-4
24,94,control,0.0104237234335118
27,94,control,-0.01335992951174891
30,94,control,-0.00324332203809263
33,94,control,5.2384692160845e-4
36,94,control,-0.00986312425488073
39,94,control,-0.00122621193489317
42,94,control,0.01448057199171999
45,94,control,-0.00320595316500565
48,94,control,-0.00794236808785371
0,95,control,-0.02118818479207134
3,95,control,-0.02953798722084115
6,95,control,-0.01129038797594391
9,95,control,-0.0162956117294575
12,95,control,-0.00318881201466219
15,95,control,-0.01441050108366518
18,95,control,-0.0185718616900168
21,95,control,-0.01432670358939772
24,95,control,-0.01697059483855252
27,95,control,-0.00574529697901773
30,95,control,-0.02891890189702062
33,95,control,-0.01630082365105648
36,95,control,-0.02968983120079251
39,95,control,-0.0228323966080449
42,95,control,-0.00377333058994214
45,95,control,-0.01462171767276273
48,95,control,-0.01272949307468764
0,96,control,0.00818100957445339
3,96,control,0.01581933363409661
6,96,control,0.03506093627593682
9,96,control,0.01716580648429792
12,96,control,0.02350123750289286
15,96,control,0.02205681237111463
18,96,control,0.02058552598849612
21,96,control,-0.00255423109984741
24,96,control,0.01925217050211215
27,96,control,-0.00902145487164072
30,96,control,0.00184364960728921
33,96,control,0.0133125050312403
36,96,control,0.01329193571832015
39,96,control,6.9140558679368e-4
42,96,control,0.01610142078279846
45,96,control,0.00743705765627583
48,96,control,0.01321322792446453
0,97,control,0.00563784984841253
3,97,control,0.01972173927388904
6,97,control,0.01416468591086502
9,97,control,0.01923471731995967
12,97,control,-0.00440700605061926
15,97,control,0.0081138141549719
18,97,control,0.02989995616375229
21,97,control,0.00803862034031539
24,97,control,0.00344866825982852
27,97,control,0.01700689798143981
30,97,control,0.02277647266026904
33,97,control,0.00966652040791702
36,97,control,0.01049341106440871
39,97,control,0.00742513178575311
42,97,control,0.01896345491113599
45,97,control,0.02190400220140515
48,97,control,0.01943129944156337
0,98,control,-0.02290490614524832
3,98,control,-0.0245941594804719
6,98,control,-0.0303909340938686
9,98,control,-0.02554089585469416
12,98,control,-0.02908948688085695
15,98,control,-0.0290722596728709
18,98,control,-0.01864420960302537
21,98,control,-0.05619476971853367
24,98,control,-0.02991872552633945
27,98,control,-0.03365120304078558
30,98,control,-0.01691902758323104
33,98,control,-0.02139156565651634
36,98,control,-0.03069930008595692
39,98,control,-0.02855019313643553
42,98,control,-0.04753456940117247
45,98,control,-0.04175281339341373
48,98,control,-0.02390346525754987
0,99,control,0.01082859714689142
3,99,control,0.00591767299465339
6,99,control,0.01653137473983985
9,99,control,0.0181657064265642
12,99,control,0.00719392411240679
15,99,control,-0.00594469231363418
18,99,control,0.01476643399566666
21,99,control,0.01072792803778432
24,99,control,0.00415117610610778
27,99,control,0.01123257004551565
30,99,control,0.03209947490230491
33,99,control,-6.7778758690564e-4
36,99,control,-0.00147731649482325
39,99,control,0.00465294320140902
42,99,control,0.00582861967793828
45,99,control,-0.01099186910164459
48,99,control,0.01118982951777084
0,1,intervention,0.13841161865825538
3,1,intervention,0.08234005761708611
6,1,intervention,0.09174886233093124
9,1,intervention,0.09452863907427786
12,1,intervention,0.1021291378966378
15,1,intervention,0.07461336506470986
18,1,intervention,0.06570053523819366
21,1,intervention,0.07267931024903203
24,1,intervention,0.03617408223057004
27,1,intervention,0.01423044707526135
30,1,intervention,0.02174294105147619
33,1,intervention,0.00955480605519793
36,1,intervention,-0.00406030004115977
39,1,intervention,0.00217463010707097
42,1,intervention,0.00278412405388332
45,1,intervention,-5.4896950472895e-4
48,1,intervention,0.00292851750089994
0,10,intervention,0.13720822025541485
3,10,intervention,0.1364325478428246
6,10,intervention,0.1018842133490934
9,10,intervention,0.10901629375522512
12,10,intervention,0.09866951743083582
15,10,intervention,0.09045142723218588
18,10,intervention,0.08354751913799316
21,10,intervention,0.04164570706659191
24,10,intervention,0.03806090841220801
27,10,intervention,0.03136530298220813
30,10,intervention,0.03978524104804665
33,10,intervention,0.01767047183055963
36,10,intervention,0.00437894060647672
39,10,intervention,0.00611242649397471
42,10,intervention,-0.00326000673119543
45,10,intervention,8.9976736942158e-4
48,10,intervention,0.00982879160282862
0,100,intervention,0.10987705664915792
3,100,intervention,0.09204981709093396
6,100,intervention,0.10465655996108228
9,100,intervention,0.07682504124597218
12,100,intervention,0.07165203540443406
15,100,intervention,0.05337822075682959
18,100,intervention,0.03185997987421879
21,100,intervention,0.05543818246705088
24,100,intervention,0.01720241794815303
27,100,intervention,-0.01618671240540719
30,100,intervention,-0.01156919160215101
33,100,intervention,-0.01304050230193349
36,100,intervention,-0.0311437437797278
39,100,intervention,-0.02760448933717363
42,100,intervention,-0.03499405938650282
45,100,intervention,-0.02900842537122606
48,100,intervention,-0.03919795063703697
0,101,intervention,0.14271230426778986
3,101,intervention,0.11851918507768706
6,101,intervention,0.10608510299367892
9,101,intervention,0.10106514635851754
12,101,intervention,0.09186333769871692
15,101,intervention,0.08973326969029936
18,101,intervention,0.09254325377045744
21,101,intervention,0.09300910340415992
24,101,intervention,0.04667073918210422
27,101,intervention,0.04025632755653564
30,101,intervention,0.04282481278688365
33,101,intervention,0.01864553227435505
36,101,intervention,0.0191273485681446
39,101,intervention,0.03761699274599945
42,101,intervention,0.01969309172713912
45,101,intervention,0.01052513858509039
48,101,intervention,0.01856138018306599
0,102,intervention,0.16745051635018462
3,102,intervention,0.1552583179742302
6,102,intervention,0.138651125369305
9,102,intervention,0.12690095745021254
12,102,intervention,0.12555115290963653
15,102,intervention,0.1264878228022411
18,102,intervention,0.103237939667789
21,102,intervention,0.06679405070048998
24,102,intervention,0.08145233409712811
27,102,intervention,0.03924119555901096
30,102,intervention,0.0368201470830982
33,102,intervention,0.01274256018281338
36,102,intervention,2.94827911181e-4
39,102,intervention,0.00854044062357826
42,102,intervention,0.00544152864715645
45,102,intervention,-0.00625096941496636
48,102,intervention,0.01987812696865922
0,103,intervention,0.14033167298018137
3,103,intervention,0.14129708025870685
6,103,intervention,0.1431991251199985
9,103,intervention,0.1076489463804954
12,103,intervention,0.0947193988006596
15,103,intervention,0.09219445716919696
18,103,intervention,0.10085294377740309
21,103,intervention,0.08339870293887593
24,103,intervention,0.04057427517201071
27,103,intervention,0.03468705313795211
30,103,intervention,0.0544659446966266
33,103,intervention,0.02586177879162907
36,103,intervention,-0.00240113934150278
39,103,intervention,0.00162476800278921
42,103,intervention,0.00810684429400481
45,103,intervention,0.00921510582218941
48,103,intervention,0.00864600591031271
0,104,intervention,0.16347014614559108
3,104,intervention,0.17698486405107278
6,104,intervention,0.1672206789798784
9,104,intervention,0.1292368687998618
12,104,intervention,0.13640962319324676
15,104,intervention,0.10424922331456513
18,104,intervention,0.09984747258150511
21,104,intervention,0.09443031529968823
24,104,intervention,0.06399933750765585
27,104,intervention,0.07017700031538009
30,104,intervention,0.04079261382151627
33,104,intervention,0.00907728915239514
36,104,intervention,-0.00374356617725265
39,104,intervention,0.01327364282945877
42,104,intervention,0.00670840597178638
45,104,intervention,0.01217052285696315
48,104,intervention,0.00745929599257787
0,105,intervention,0.10662459293537604
3,105,intervention,0.07604315696573498
6,105,intervention,0.0809739231623689
9,105,intervention,0.06430977908076244
12,105,intervention,0.04855606654559143
15,105,intervention,0.02250112481770021
18,105,intervention,0.04396474458978016
21,105,intervention,0.04860250759789159
24,105,intervention,0.00865778098718476
27,105,intervention,-0.02190283385418874
30,105,intervention,-0.01253187726736282
33,105,intervention,-0.04215877867930684
36,105,intervention,-0.00864957470995913
39,105,intervention,-0.00753609474793938
42,105,intervention,-0.03101514909532926
45,105,intervention,-0.02838013198423061
48,105,intervention,-0.02185566907300478
0,106,intervention,0.13326646324704342
3,106,intervention,0.10743749769700792
6,106,intervention,0.0949800181817112
9,106,intervention,0.07735202737776098
12,106,intervention,0.0842833366800721
15,106,intervention,0.08798192326562548
18,106,intervention,0.04332661547261097
21,106,intervention,0.04772727906288869
24,106,intervention,0.01841105932180848
27,106,intervention,0.01790173619694028
30,106,intervention,0.00692129398703294
33,106,intervention,-0.00771871635115778
36,106,intervention,-0.01892564755092062
39,106,intervention,0.0022008189211027
42,106,intervention,-0.0192935870348857
45,106,intervention,-0.00597665217911492
48,106,intervention,-0.00923324684825852
0,107,intervention,0.14386351183625104
3,107,intervention,0.1462151678183926
6,107,intervention,0.13200963126933704
9,107,intervention,0.11445803022246928
12,107,intervention,0.096178637372493
15,107,intervention,0.08732449676526384
18,107,intervention,0.09452295035574448
21,107,intervention,0.10174617860881428
24,107,intervention,0.05494134203572254
27,107,intervention,0.02627919369655386
30,107,intervention,0.02851819552912807
33,107,intervention,0.01200541273129531
36,107,intervention,0.00313093101325154
39,107,intervention,-0.00161804872206974
42,107,intervention,0.00240625852465941
45,107,intervention,0.01115282735184041
48,107,intervention,-0.02120980362408932
0,108,intervention,0.10767994559211652
3,108,intervention,0.08981230296008678
6,108,intervention,0.09095095552487636
9,108,intervention,0.08830714353524552
12,108,intervention,0.0532779717106558
15,108,intervention,0.04651615885757711
18,108,intervention,0.07665049694712159
21,108,intervention,0.05971841529421389
24,108,intervention,0.03226097966907845
27,108,intervention,0.02007103888524416
30,108,intervention,0.00314294192156683
33,108,intervention,0.01026064716483402
36,108,intervention,-0.01871210959063191
39,108,intervention,-0.02093412372018107
42,108,intervention,-0.01099917153919047
45,108,intervention,-0.01536935622782388
48,108,intervention,-0.00154428990222249
0,109,intervention,0.15591588074835205
3,109,intervention,0.14085096596421426
6,109,intervention,0.1101218922826822
9,109,intervention,0.09732548854117518
12,109,intervention,0.09360080340931182
15,109,intervention,0.11325417864398184
18,109,intervention,0.06610519954780589
21,109,intervention,0.06470124248244988
24,109,intervention,0.01994893627697292
27,109,intervention,0.02705164294487635
30,109,intervention,-0.00637680586605698
33,109,intervention,-0.01692307875973113
36,109,intervention,-0.03807661265094072
39,109,intervention,-0.03363217703062356
42,109,intervention,-0.01139124765028867
45,109,intervention,-0.01692741809850169
48,109,intervention,-0.01270623456769944
0,11,intervention,0.1805039095002768
3,11,intervention,0.18287750171095393
6,11,intervention,0.1418734024218631
9,11,intervention,0.14830651033325698
12,11,intervention,0.11797389600791763
15,11,intervention,0.12020912686869813
18,11,intervention,0.09773738887676484
21,11,intervention,0.0887032074731594
24,11,intervention,0.06702174003979097
27,11,intervention,0.07750546790684139
30,11,intervention,0.04272081411700022
33,11,intervention,0.04435089570843562
36,11,intervention,0.03480854160934599
39,11,intervention,0.04623889621653968
42,11,intervention,0.03691553764601495
45,11,intervention,0.02657321563957224
48,11,intervention,0.03025737946308102
0,110,intervention,0.1141455786340396
3,110,intervention,0.106283787405877
6,110,intervention,0.10186422421188508
9,110,intervention,0.07858864903673661
12,110,intervention,0.07289412848901594
15,110,intervention,0.05389056456099633
18,110,intervention,0.03866860153256781
21,110,intervention,0.03849226071254644
24,110,intervention,0.02470012038073436
27,110,intervention,0.01421655115928099
30,110,intervention,0.02822325006740894
33,110,intervention,-0.0140530961129746
36,110,intervention,-0.01013827051839315
39,110,intervention,-0.02224114991991259
42,110,intervention,-0.02502914209816251
45,110,intervention,-0.00435548980266066
48,110,intervention,-0.02304987473500437
0,111,intervention,0.16902826910993363
3,111,intervention,0.15213783754336974
6,111,intervention,0.1538767637231834
9,111,intervention,0.1433325277522721
12,111,intervention,0.1228217033091452
15,111,intervention,0.11658103751717332
18,111,intervention,0.09672393755417824
21,111,intervention,0.14212681218867307
24,111,intervention,0.06609831558714226
27,111,intervention,0.04389737402474543
30,111,intervention,0.02789123727697347
33,111,intervention,0.01962542896564655
36,111,intervention,0.00133515528839889
39,111,intervention,0.00734191715564873
42,111,intervention,0.01411039690850464
45,111,intervention,0.01006686525297917
48,111,intervention,0.01549899743001242
0,112,intervention,0.15949482312691726
3,112,intervention,0.1385233810379745
6,112,intervention,0.15080511765961271
9,112,intervention,0.14951381666849844
12,112,intervention,0.09544630551313496
15,112,intervention,0.09017950435744336
18,112,intervention,0.09011173235061348
21,112,intervention,0.05905976117992438
24,112,intervention,0.04364696919066339
27,112,intervention,0.03972052346875781
30,112,intervention,0.0173326491294809
33,112,intervention,-0.01816603423641016
36,112,intervention,-0.00521338527037108
39,112,intervention,-0.00940689775757614
42,112,intervention,-0.03804876517812217
45,112,intervention,-0.01700444985002965
48,112,intervention,-0.01026250811272338
0,113,intervention,0.12583871110461425
3,113,intervention,0.12472092908795708
6,113,intervention,0.06432104253477203
9,113,intervention,0.08684293014912442
12,113,intervention,0.04505926383686273
15,113,intervention,0.04444396271357756
18,113,intervention,0.0119515822564523
21,113,intervention,0.045239909473019
24,113,intervention,-3.0149272825349364e-5
27,113,intervention,-0.00747077223228799
30,113,intervention,-0.01311471467529152
33,113,intervention,-0.02124911279576446
36,113,intervention,-0.05607879126176769
39,113,intervention,-0.03806581917006188
42,113,intervention,-0.04660228854917103
45,113,intervention,-0.02976912336986159
48,113,intervention,-0.03474135723921991
0,114,intervention,0.14028035141875603
3,114,intervention,0.13494870653522142
6,114,intervention,0.12341779445601572
9,114,intervention,0.13306577124631713
12,114,intervention,0.09694404282256458
15,114,intervention,0.10713995180969715
18,114,intervention,0.09373046315972718
21,114,intervention,0.04864748456007186
24,114,intervention,0.06339889330264092
27,114,intervention,0.06471826164665814
30,114,intervention,0.02550853597692334
33,114,intervention,0.0281065833899521
36,114,intervention,0.0094185424485607
39,114,intervention,0.01772878157464526
42,114,intervention,0.00898532376972879
45,114,intervention,0.01595968424655397
48,114,intervention,0.00540887485792736
0,115,intervention,0.14128079558177192
3,115,intervention,0.1710417200480912
6,115,intervention,0.1225117848735903
9,115,intervention,0.12334440534477066
12,115,intervention,0.11448394729985112
15,115,intervention,0.09178542106451656
18,115,intervention,0.06254883851206117
21,115,intervention,0.06298552895362997
24,115,intervention,0.05346033112469382
27,115,intervention,0.05087701866644847
30,115,intervention,0.0444352356861713
33,115,intervention,0.0310014232650779
36,115,intervention,0.01379902628827789
39,115,intervention,0.01898671848545875
42,115,intervention,-0.01351678754705904
45,115,intervention,-0.00296827510157161
48,115,intervention,0.01305220971588248
0,116,intervention,0.09805603226007144
3,116,intervention,0.11070828403544196
6,116,intervention,0.109540757297738
9,116,intervention,0.08013725859953384
12,116,intervention,0.07269950029584919
15,116,intervention,0.05208188631985328
18,116,intervention,0.02128728491001358
21,116,intervention,0.00362031947011274
24,116,intervention,0.02031420732570445
27,116,intervention,0.0040831471513519
30,116,intervention,0.00613774157591254
33,116,intervention,-0.0191005974542461
36,116,intervention,-0.04062632867585924
39,116,intervention,-0.02742824641515586
42,116,intervention,-0.0369565080252959
45,116,intervention,-0.0234136543133922
48,116,intervention,-0.01935418430949509
0,117,intervention,0.15368350266446695
3,117,intervention,0.13902880285025646
6,117,intervention,0.1507398083112113
9,117,intervention,0.10358942152843852
12,117,intervention,0.140347974132512
15,117,intervention,0.08858172844888447
18,117,intervention,0.09046150056596856
21,117,intervention,0.06557985153652814
24,117,intervention,0.04261421387909369
27,117,intervention,0.03995974499619468
30,117,intervention,0.01008959552708721
33,117,intervention,-0.01145782973860067
36,117,intervention,0.00417998132949936
39,117,intervention,0.01345718923209328
42,117,intervention,-0.00756452116599109
45,117,intervention,-0.00449281610330926
48,117,intervention,0.00577041508004836
0,118,intervention,0.13850203711748274
3,118,intervention,0.12105893929025344
6,118,intervention,0.09018545239462648
9,118,intervention,0.10583808171987358
12,118,intervention,0.06121489522634998
15,118,intervention,0.05961447660969379
18,118,intervention,0.02592584668925955
21,118,intervention,0.05591682653862991
24,118,intervention,0.00801801813202857
27,118,intervention,0.00899350078670747
30,118,intervention,0.00168161621790006
33,118,intervention,-0.03442247273273083
36,118,intervention,-0.02523199101615908
39,118,intervention,-0.02750235561304688
42,118,intervention,-0.02986784002434062
45,118,intervention,-0.03929254481018811
48,118,intervention,-0.03015145038301231
0,119,intervention,0.12680466182015815
3,119,intervention,0.13811223300850897
6,119,intervention,0.08696043478037115
9,119,intervention,0.11215121755841068
12,119,intervention,0.09729438095511628
15,119,intervention,0.09053888664056936
18,119,intervention,0.05372197975234346
21,119,intervention,0.06669132443818156
24,119,intervention,0.06977606468425382
27,119,intervention,0.06445925958262595
30,119,intervention,0.03108598105744064
33,119,intervention,0.01918966249109862
36,119,intervention,-0.00841532878660129
39,119,intervention,-0.00559118920039211
42,119,intervention,0.00700988802741516
45,119,intervention,-0.01058010603839953
48,119,intervention,-0.01428085784796038
0,12,intervention,0.09729280068719127
3,12,intervention,0.09051564181074696
6,12,intervention,0.06530175326052876
9,12,intervention,0.09335963857630764
12,12,intervention,0.06877768178879058
15,12,intervention,0.04331649640541671
18,12,intervention,0.04686401515944649
21,12,intervention,0.02882603265749705
24,12,intervention,0.01431414940549941
27,12,intervention,0.00275487660539327
30,12,intervention,-0.0217768230466816
33,12,intervention,-0.00689680830608614
36,12,intervention,-0.01820918822127423
39,12,intervention,-0.04916685659643533
42,12,intervention,-0.02256091606311696
45,12,intervention,-0.034681745733977
48,12,intervention,-0.03528235218852361
0,120,intervention,0.15181880185566873
3,120,intervention,0.16578331062234117
6,120,intervention,0.13646447379787488
9,120,intervention,0.11807253042122724
12,120,intervention,0.11873249283988076
15,120,intervention,0.07862848081728861
18,120,intervention,0.08408363950957375
21,120,intervention,0.06761715822816046
24,120,intervention,0.06183100621380386
27,120,intervention,0.0419212049175282
30,120,intervention,0.02971358094253233
33,120,intervention,0.04240945826585673
36,120,intervention,0.00910880586751445
39,120,intervention,0.00322033732590172
42,120,intervention,0.01547342581509986
45,120,intervention,0.00548389575227355
48,120,intervention,0.00782207490109112
0,121,intervention,0.13932456925142814
3,121,intervention,0.14702519412079765
6,121,intervention,0.13861105303597504
9,121,intervention,0.09170560596149624
12,121,intervention,0.10466934807992244
15,121,intervention,0.08530432364017694
18,121,intervention,0.07877667739782267
21,121,intervention,0.09178678121771212
24,121,intervention,0.04495808423949334
27,121,intervention,0.05326389957954589
30,121,intervention,0.04637822629224181
33,121,intervention,0.01958365758283546
36,121,intervention,0.00608335100509862
39,121,intervention,0.03224273878101065
42,121,intervention,-0.01129142598910666
45,121,intervention,0.00347211304945727
48,121,intervention,0.00619008112896098
0,122,intervention,0.13912826281252563
3,122,intervention,0.13079611223842122
6,122,intervention,0.11870770535358505
9,122,intervention,0.1064433619709836
12,122,intervention,0.10602196900729158
15,122,intervention,0.08847969190410442
18,122,intervention,0.0646729665527393
21,122,intervention,0.01954367172961113
24,122,intervention,0.03787180916148675
27,122,intervention,-0.00595120563780509
30,122,intervention,0.01067029435648941
33,122,intervention,-0.01310634061841759
36,122,intervention,-0.00674253734364514
39,122,intervention,-0.03091784933963988
42,122,intervention,-3.18036650130869e-5
45,122,intervention,-0.01957856420908529
48,122,intervention,-0.02481176670050602
0,123,intervention,0.17613124106311573
3,123,intervention,0.18200092757829273
6,123,intervention,0.18486720980898425
9,123,intervention,0.15703435960727632
12,123,intervention,0.1339152573121586
15,123,intervention,0.13373471004735335
18,123,intervention,0.11613380751562098
21,123,intervention,0.14256874248200674
24,123,intervention,0.097535404040189
27,123,intervention,0.08856990879198565
30,123,intervention,0.09207883402775176
33,123,intervention,0.05867092749492686
36,123,intervention,0.04591497638274065
39,123,intervention,0.04856491370927092
42,123,intervention,0.0396927831496503
45,123,intervention,0.04437958509569851
48,123,intervention,0.05609892761312887
0,124,intervention,0.13283469179110927
3,124,intervention,0.1515149367975569
6,124,intervention,0.11954995553121738
9,124,intervention,0.09712130026508908
12,124,intervention,0.07401309480803005
15,124,intervention,0.08636243753044653
18,124,intervention,0.05324766547160881
21,124,intervention,0.03358372410047877
24,124,intervention,0.01194109826149725
27,124,intervention,0.02775790547738437
30,124,intervention,0.01463929887753506
33,124,intervention,-0.00162526381379728
36,124,intervention,-0.01479097745286973
39,124,intervention,-0.03180215118961965
42,124,intervention,-0.01877124076828398
45,124,intervention,-0.00745758332300048
48,124,intervention,-0.0122261690390206
0,125,intervention,0.15746693400955314
3,125,intervention,0.16791909873779795
6,125,intervention,0.14862279615830395
9,125,intervention,0.11310112218857549
12,125,intervention,0.1059769010440175
15,125,intervention,0.13212544025747558
18,125,intervention,0.08919827490378367
21,125,intervention,0.06058720035126852
24,125,intervention,0.06746541193368132
27,125,intervention,0.0592625625910549
30,125,intervention,-0.00755946419980404
33,125,intervention,0.0031829631241089
36,125,intervention,-0.00247374096936852
39,125,intervention,0.00709912649077713
42,125,intervention,-8.4710457438791e-4
45,125,intervention,0.0040131704422712
48,125,intervention,-0.00317592510590696
0,126,intervention,0.15577566900093992
3,126,intervention,0.15475518426990753
6,126,intervention,0.13796063231649808
9,126,intervention,0.11813852195189298
12,126,intervention,0.12064988084425518
15,126,intervention,0.09992322652236876
18,126,intervention,0.08512678165670771
21,126,intervention,0.07453661665539253
24,126,intervention,0.08563784870754518
27,126,intervention,0.04898785878608084
30,126,intervention,0.03308293085043763
33,126,intervention,0.02347298773604148
36,126,intervention,0.00885813647177074
39,126,intervention,0.01420564763487212
42,126,intervention,0.01299903876583701
45,126,intervention,0.00738649511795662
48,126,intervention,4.4859407470168e-4
0,127,intervention,0.14331473360005384
3,127,intervention,0.10177424244401675
6,127,intervention,0.11007823290629944
9,127,intervention,0.10164609282163252
12,127,intervention,0.06241430987430449
15,127,intervention,0.05655849460282889
18,127,intervention,0.07655754817841466
21,127,intervention,0.06156543720955126
24,127,intervention,0.02986276457425951
27,127,intervention,0.01864908906821241
30,127,intervention,-0.00750697723304786
33,127,intervention,-0.01858672082147067
36,127,intervention,0.00128404120138852
39,127,intervention,-0.02223414344307012
42,127,intervention,-0.00144026691610265
45,127,intervention,-0.00391872620474301
48,127,intervention,-4.4417122533866e-4
0,128,intervention,0.1563278447622502
3,128,intervention,0.12314344581643956
6,128,intervention,0.08525627196696957
9,128,intervention,0.13927422146027754
12,128,intervention,0.0799769759712689
15,128,intervention,0.06902077818116086
18,128,intervention,0.06477444582864629
21,128,intervention,0.0531342849796137
24,128,intervention,0.0238986007290605
27,128,intervention,0.03163163628876551
30,128,intervention,0.00751672274661787
33,128,intervention,-0.00497478243434459
36,128,intervention,-0.01560737594153636
39,128,intervention,0.00671799303532823
42,128,intervention,-0.00270805287322185
45,128,intervention,-0.02711642627814731
48,128,intervention,-0.03499522442969073
0,129,intervention,0.18726420061350524
3,129,intervention,0.18558267970178707
6,129,intervention,0.1600491217291794
9,129,intervention,0.15307472579307493
12,129,intervention,0.11682831698883343
15,129,intervention,0.13115523022919617
18,129,intervention,0.11482609917145845
21,129,intervention,0.07425036047871816
24,129,intervention,0.09154301061680165
27,129,intervention,0.05618319642372567
30,129,intervention,0.058477965415054
33,129,intervention,0.04093075687197509
36,129,intervention,-0.00595177404984331
39,129,intervention,0.00292600449633177
42,129,intervention,0.00297742664468328
45,129,intervention,-0.00655816921997293
48,129,intervention,0.01395633791048545
0,13,intervention,0.1545467816021967
3,13,intervention,0.15360345098296566
6,13,intervention,0.1372504552057197
9,13,intervention,0.12134571252994814
12,13,intervention,0.13632779181806012
15,13,intervention,0.11431231591401676
18,13,intervention,0.0858269661139555
21,13,intervention,0.05312708036720069
24,13,intervention,0.06955773315414353
27,13,intervention,0.0612186274603082
30,13,intervention,0.04561246358474349
33,13,intervention,0.04135302381674884
36,13,intervention,0.00202009946780596
39,13,intervention,0.00235833371516828
42,13,intervention,0.01341872763873094
45,13,intervention,0.01629395813285111
48,13,intervention,0.03974462181584647
0,130,intervention,0.1550626107256756
3,130,intervention,0.16999278492930683
6,130,intervention,0.11145612546941816
9,130,intervention,0.11285612951393756
12,130,intervention,0.09319247115142702
15,130,intervention,0.06801291550743958
18,130,intervention,0.0871319049500025
21,130,intervention,0.0760843987000026
24,130,intervention,0.05797453037265727
27,130,intervention,0.04071462014659736
30,130,intervention,0.03054867666126489
33,130,intervention,0.00451121114893075
36,130,intervention,0.01486316672480633
39,130,intervention,0.00512633812639481
42,130,intervention,0.00151087225569003
45,130,intervention,-0.00984204065514311
48,130,intervention,-0.01191976738245616
0,131,intervention,0.16461270459833227
3,131,intervention,0.16596278709113813
6,131,intervention,0.1067736056591171
9,131,intervention,0.12297467690308668
12,131,intervention,0.1070635070266108
15,131,intervention,0.11116099064115624
18,131,intervention,0.09832549041726632
21,131,intervention,0.06771833400365046
24,131,intervention,0.05964035340413155
27,131,intervention,0.04437710953198639
30,131,intervention,0.03930310821068456
33,131,intervention,0.01114780217566747
36,131,intervention,0.03026210281063017
39,131,intervention,0.01761367093878695
42,131,intervention,0.01393069714906606
45,131,intervention,0.01993032896252925
48,131,intervention,0.00219562230108558
0,132,intervention,0.16971794664821638
3,132,intervention,0.17448137294098423
6,132,intervention,0.1539313836190614
9,132,intervention,0.15423556593176463
12,132,intervention,0.0991969594673288
15,132,intervention,0.09126530639447238
18,132,intervention,0.08282843256651368
21,132,intervention,0.07199078838145756
24,132,intervention,0.03183278178542785
27,132,intervention,0.04133831878433045
30,132,intervention,0.03337993232407699
33,132,intervention,0.00586290672593962
36,132,intervention,-0.01243194800375112
39,132,intervention,0.01077705806811407
42,132,intervention,0.02565737452467434
45,132,intervention,0.00516110359026497
48,132,intervention,-0.01176247550859365
0,133,intervention,0.13765689185423313
3,133,intervention,0.1232381543249448
6,133,intervention,0.11469597518563036
9,133,intervention,0.10636163430688632
12,133,intervention,0.11175163045614513
15,133,intervention,0.08399887064491812
18,133,intervention,0.0660789367401123
21,133,intervention,0.04979819910793565
24,133,intervention,0.0472823787280198
27,133,intervention,0.02466536352812073
30,133,intervention,0.02809333548894944
33,133,intervention,0.00952655915975387
36,133,intervention,0.01610856541214022
39,133,intervention,0.01453153859281261
42,133,intervention,0.00558163222022893
45,133,intervention,0.02736248742820158
48,133,intervention,0.00243551562933771
0,134,intervention,0.16239467544074715
3,134,intervention,0.11815603537387089
6,134,intervention,0.09902853225521084
9,134,intervention,0.0919231188607362
12,134,intervention,0.09690890698272128
15,134,intervention,0.06189234466005101
18,134,intervention,0.0671829039362179
21,134,intervention,-0.00282882499051919
24,134,intervention,0.02320768445647096
27,134,intervention,0.0368732928128833
30,134,intervention,0.01015830452204037
33,134,intervention,0.02140926040832751
36,134,intervention,-0.01898539337634197
39,134,intervention,-0.03273378969913218
42,134,intervention,-0.0128938431026739
45,134,intervention,-0.01560555185659142
48,134,intervention,-0.03209337924324982
0,135,intervention,0.14708259331992837
3,135,intervention,0.12082118337102156
6,135,intervention,0.10082659007685749
9,135,intervention,0.09301513040106944
12,135,intervention,0.07820722173880322
15,135,intervention,0.08015189499050551
18,135,intervention,0.08362047631279367
21,135,intervention,0.06609189283869288
24,135,intervention,0.05555303522149402
27,135,intervention,0.03415690169446579
30,135,intervention,0.03526857841459506
33,135,intervention,0.00876764207417873
36,135,intervention,0.01281352802361019
39,135,intervention,0.0049028513141841
42,135,intervention,0.02001291345225778
45,135,intervention,0.01770804358740908
48,135,intervention,0.01076375032520711
0,136,intervention,0.20207019728337036
3,136,intervention,0.19281776991621344
6,136,intervention,0.15253365737240615
9,136,intervention,0.1597169186003581
12,136,intervention,0.1433905737590412
15,136,intervention,0.12402897888535076
18,136,intervention,0.10207265912629968
21,136,intervention,0.0853960421590076
24,136,intervention,0.05179591286961836
27,136,intervention,0.08763569851580155
30,136,intervention,0.04662392620598585
33,136,intervention,0.04584830278672881
36,136,intervention,0.01734098417628984
39,136,intervention,0.03057768048954871
42,136,intervention,0.01851795808374527
45,136,intervention,0.01090481441645054
48,136,intervention,0.02655008444767411
0,137,intervention,0.12791879899291334
3,137,intervention,0.15294391746076277
6,137,intervention,0.10295342594069444
9,137,intervention,0.08441311738037335
12,137,intervention,0.07024428621757187
15,137,intervention,0.07034398899266735
18,137,intervention,0.02890319884273493
21,137,intervention,0.04119336689011037
24,137,intervention,0.02983695623342772
27,137,intervention,0.0323781221411304
30,137,intervention,0.01807408325991949
33,137,intervention,-0.00931543920249079
36,137,intervention,-0.01650083226100422
39,137,intervention,-0.01959560256695329
42,137,intervention,-0.01202202572127083
45,137,intervention,-0.03109696075312744
48,137,intervention,-0.01399187243965543
0,138,intervention,0.10016454227236428
3,138,intervention,0.10222575166551644
6,138,intervention,0.07777989318991159
9,138,intervention,0.08013847692355208
12,138,intervention,0.05916138176930104
15,138,intervention,0.05357815275674668
18,138,intervention,0.04923191488932233
21,138,intervention,0.02971477735274091
24,138,intervention,0.01049778947039611
27,138,intervention,-0.02432531534272616
30,138,intervention,0.00843941159248718
33,138,intervention,-0.01901543978692773
36,138,intervention,-0.01612768896740395
39,138,intervention,-0.01882834817798131
42,138,intervention,-0.01130508609902156
45,138,intervention,-0.00773908566944736
48,138,intervention,-0.01451151592791652
0,139,intervention,0.1289073904261631
3,139,intervention,0.1415831920136223
6,139,intervention,0.11960324951951508
9,139,intervention,0.1391116318607989
12,139,intervention,0.13702638670848874
15,139,intervention,0.10905487093184064
18,139,intervention,0.09652817784286612
21,139,intervention,0.09141178872463696
24,139,intervention,0.09168966382456877
27,139,intervention,0.05514104113066633
30,139,intervention,0.05169571313049747
33,139,intervention,0.03970014766566022
36,139,intervention,0.01665628145122299
39,139,intervention,0.02039786766853371
42,139,intervention,0.02296723418795338
45,139,intervention,0.0232052206184312
48,139,intervention,0.02136027491885751
0,14,intervention,0.1314577440162968
3,14,intervention,0.1148489874515662
6,14,intervention,0.12490652358627212
9,14,intervention,0.12009787844668436
12,14,intervention,0.10515001518502826
15,14,intervention,0.08541374917796513
18,14,intervention,0.08336063231587389
21,14,intervention,0.07612753015896195
24,14,intervention,0.04634807699466422
27,14,intervention,0.02499891229826143
30,14,intervention,0.03277157180268658
33,14,intervention,-0.00191039497709255
36,14,intervention,-0.0118223983969218
39,14,intervention,0.00199218330601343
42,14,intervention,0.00966284436558015
45,14,intervention,0.00908592200156539
48,14,intervention,-0.01001936381127158
0,140,intervention,0.15853156437041702
3,140,intervention,0.1421770888200257
6,140,intervention,0.12777139035075988
9,140,intervention,0.1105998144840855
12,140,intervention,0.10583292407647608
15,140,intervention,0.08187778329387564
18,140,intervention,0.09487207625778746
21,140,intervention,0.03875519064591453
24,140,intervention,0.05437762383581242
27,140,intervention,0.02503955943125169
30,140,intervention,0.02558137297681023
33,140,intervention,-0.01072742714492258
36,140,intervention,-0.00262108963442356
39,140,intervention,-0.00572270440290502
42,140,intervention,-0.01020266324083705
45,140,intervention,-0.00101368572413978
48,140,intervention,-8.1134507735356e-4
0,141,intervention,0.12079840870299503
3,141,intervention,0.09958430563679364
6,141,intervention,0.10031018876170686
9,141,intervention,0.095262283787278
12,141,intervention,0.07673412608992622
15,141,intervention,0.04055848772749331
18,141,intervention,0.05977594914961135
21,141,intervention,0.05422540896132698
24,141,intervention,0.03863922244803067
27,141,intervention,0.00609817663096213
30,141,intervention,0.04105287229976977
33,141,intervention,0.00311319563085761
36,141,intervention,-0.01640786940834444
39,141,intervention,-0.00795616758274693
42,141,intervention,-0.01613645074127538
45,141,intervention,-0.01661021344361911
48,141,intervention,-0.02549604567173615
0,142,intervention,0.16912787274738778
3,142,intervention,0.11064686052906066
6,142,intervention,0.11679631770979546
9,142,intervention,0.103685643375853
12,142,intervention,0.09537141147440167
15,142,intervention,0.07155530110997427
18,142,intervention,0.06428627594803785
21,142,intervention,0.0909053636962338
24,142,intervention,0.03882161861440126
27,142,intervention,0.00881061860627646
30,142,intervention,0.02055541147488308
33,142,intervention,-0.017005594295626848
36,142,intervention,-0.00586517100376411
39,142,intervention,0.00224494889814014
42,142,intervention,-0.01472601694075848
45,142,intervention,-0.00954514937743239
48,142,intervention,-0.0189856524378276
0,143,intervention,0.1422182684105676
3,143,intervention,0.16550630156316226
6,143,intervention,0.12714631561966103
9,143,intervention,0.13178745184114823
12,143,intervention,0.10030456533960726
15,143,intervention,0.0901503770860056
18,143,intervention,0.1049034341002084
21,143,intervention,0.06573152069763674
24,143,intervention,0.06643046282594621
27,143,intervention,0.0484297057216518
30,143,intervention,0.04238514614328301
33,143,intervention,0.03796594351792532
36,143,intervention,0.03068859118635977
39,143,intervention,0.03178393910840398
42,143,intervention,0.02956465240573103
45,143,intervention,0.02280251526054874
48,143,intervention,0.01945795818698374
0,144,intervention,0.1420746414217873
3,144,intervention,0.11776250303771432
6,144,intervention,0.11787012181291733
9,144,intervention,0.07975052228969652
12,144,intervention,0.08712874111647585
15,144,intervention,0.0846948214991107
18,144,intervention,0.05715971551350078
21,144,intervention,0.0311225387233942
24,144,intervention,0.05621012160925645
27,144,intervention,0.03134025329734661
30,144,intervention,0.01007865010646986
33,144,intervention,-0.00931492347941963
36,144,intervention,0.00258164183928653
39,144,intervention,-0.02475113722682621
42,144,intervention,-0.01013756893056086
45,144,intervention,-0.01283289828350948
48,144,intervention,-0.0208423218778734
0,145,intervention,0.09965078747052356
3,145,intervention,0.1204999418790615
6,145,intervention,0.06700870776422421
9,145,intervention,0.09226827513722868
12,145,intervention,0.04723307252587343
15,145,intervention,0.05535531440039538
18,145,intervention,0.05022792909431065
21,145,intervention,0.05507142303697274
24,145,intervention,0.03264998342190973
27,145,intervention,0.00315857767932665
30,145,intervention,-0.00457138388228689
33,145,intervention,-0.00480858715733974
36,145,intervention,-0.00812373154185023
39,145,intervention,-0.02305382468006346
42,145,intervention,-0.01292285993209982
45,145,intervention,-0.03053436844848656
48,145,intervention,-0.02586280181791221
0,146,intervention,0.11159097994417128
3,146,intervention,0.12102234676211908
6,146,intervention,0.0941305773762071
9,146,intervention,0.06999834513779844
12,146,intervention,0.06537997758358341
15,146,intervention,0.05776280870023525
18,146,intervention,0.03319040346104988
21,146,intervention,0.04230878458570327
24,146,intervention,0.02218102749863158
27,146,intervention,0.00893019516627919
30,146,intervention,-0.01499977566958911
33,146,intervention,-0.01802327459052321
36,146,intervention,-0.02058738496040534
39,146,intervention,-0.02733302443553739
42,146,intervention,-0.025903114129461582
45,146,intervention,-0.02437172505024501
48,146,intervention,-0.04966532551721717
0,147,intervention,0.13831197572507398
3,147,intervention,0.13275731024519463
6,147,intervention,0.1210831557351227
9,147,intervention,0.12288433539865264
12,147,intervention,0.08905492827740878
15,147,intervention,0.07224978885912826
18,147,intervention,0.06128220125960914
21,147,intervention,0.07648863284478591
24,147,intervention,0.06365937882705933
27,147,intervention,0.04964076189712915
30,147,intervention,0.01612491365992421
33,147,intervention,0.02006173772724755
36,147,intervention,0.00847225108864162
39,147,intervention,-0.00182087727562898
42,147,intervention,-0.00420891961878221
45,147,intervention,0.01406508178640576
48,147,intervention,0.02229577406018388
0,148,intervention,0.1338328103560118
3,148,intervention,0.13092540649171203
6,148,intervention,0.1577627793592982
9,148,intervention,0.12335717194998992
12,148,intervention,0.08915688159426048
15,148,intervention,0.09908734578228152
18,148,intervention,0.07066235895882583
21,148,intervention,0.0817689482358468
24,148,intervention,0.06423668741495676
27,148,intervention,0.03934639137520849
30,148,intervention,0.04088384398157719
33,148,intervention,0.02102552905407145
36,148,intervention,0.02498242689490168
39,148,intervention,0.01163570719252714
42,148,intervention,0.00730979183982374
45,148,intervention,0.02264540265796167
48,148,intervention,0.03693009751005659
0,149,intervention,0.13041130244357255
3,149,intervention,0.10358061300652364
6,149,intervention,0.08782720995863859
9,149,intervention,0.1064658544664422
12,149,intervention,0.06062010782249794
15,149,intervention,0.05529412341545386
18,149,intervention,0.0345608746113455
21,149,intervention,0.06292800885215456
24,149,intervention,0.03162095853490811
27,149,intervention,0.0225529921436797
30,149,intervention,0.02546887195872448
33,149,intervention,-0.01068507436061946
36,149,intervention,-0.00900578922641586
39,149,intervention,-0.01936290476160943
42,149,intervention,-0.02649992145315436
45,149,intervention,-0.02865441549341524
48,149,intervention,-0.02281317074668499
0,15,intervention,0.15752504761365804
3,15,intervention,0.16718154950311576
6,15,intervention,0.14277974594174406
9,15,intervention,0.12144350465342704
12,15,intervention,0.09879318811942955
15,15,intervention,0.10791792077252275
18,15,intervention,0.09206052297433669
21,15,intervention,0.0594931688757276
24,15,intervention,0.06163689423585567
27,15,intervention,0.0353632655098275
30,15,intervention,0.02190673978772337
33,15,intervention,0.00627854675782055
36,15,intervention,0.00201820346622965
39,15,intervention,2.0543449651718e-4
42,15,intervention,0.01496901024563288
45,15,intervention,0.00116179768453755
48,15,intervention,-0.008282041255647
0,150,intervention,0.1313858788694328
3,150,intervention,0.14252472826816415
6,150,intervention,0.13735704076151944
9,150,intervention,0.1256930041149002
12,150,intervention,0.1115320831840168
15,150,intervention,0.10072415497370332
18,150,intervention,0.08292712194605129
21,150,intervention,0.07733981698237438
24,150,intervention,0.05729510333737993
27,150,intervention,0.04904481154368508
30,150,intervention,0.03051393530218201
33,150,intervention,0.02146975955551764
36,150,intervention,0.01336587343604856
39,150,intervention,0.00171510265903987
42,150,intervention,0.00941190881160207
45,150,intervention,0.01302939713309245
48,150,intervention,0.00894162390645083
0,151,intervention,0.11627740491591726
3,151,intervention,0.17858959273187172
6,151,intervention,0.12557119160212493
9,151,intervention,0.11251918507587493
12,151,intervention,0.0877375907892702
15,151,intervention,0.08687070607055154
18,151,intervention,0.06830610136025926
21,151,intervention,0.04687267526160476
24,151,intervention,0.07295210581589794
27,151,intervention,0.03522345388652112
30,151,intervention,0.03035170087755433
33,151,intervention,-0.01439950773070618
36,151,intervention,-0.03064410595568113
39,151,intervention,-0.02388369121039373
42,151,intervention,-0.02580321768441489
45,151,intervention,-0.02318679507925135
48,151,intervention,-0.00368407016933113
0,152,intervention,0.11110004965181916
3,152,intervention,0.11734896985594652
6,152,intervention,0.08278195524957424
9,152,intervention,0.09602037922688822
12,152,intervention,0.08216414244179399
15,152,intervention,0.08127938701006078
18,152,intervention,0.03896171839187665
21,152,intervention,0.0466844171579843
24,152,intervention,0.03195326884954196
27,152,intervention,0.03918457525904919
30,152,intervention,0.01679826305282375
33,152,intervention,0.0106148091155982
36,152,intervention,-0.00639976273520688
39,152,intervention,0.01570846959386474
42,152,intervention,0.01918156666359382
45,152,intervention,0.00171872718128384
48,152,intervention,-0.00508943609124509
0,153,intervention,0.15473806702945114
3,153,intervention,0.1213316789615497
6,153,intervention,0.0984143903747543
9,153,intervention,0.07476815842764006
12,153,intervention,0.08273962827411133
15,153,intervention,0.07203768606369991
18,153,intervention,0.054643031786372
21,153,intervention,0.03546265741074991
24,153,intervention,0.02941524720110885
27,153,intervention,-0.00425051533962562
30,153,intervention,-0.02613707013646341
33,153,intervention,-0.00721900617225263
36,153,intervention,-0.02739211304468379
39,153,intervention,-0.02146741709886045
42,153,intervention,-0.02132679854579351
45,153,intervention,-0.02614421218802351
48,153,intervention,-0.02226969716575023
0,154,intervention,0.11085235298382164
3,154,intervention,0.12426383870871896
6,154,intervention,0.10492363516943896
9,154,intervention,0.12076366603675616
12,154,intervention,0.10123571026035542
15,154,intervention,0.07709062934956089
18,154,intervention,0.0641111762294963
21,154,intervention,0.05097810576007084
24,154,intervention,0.03365527123886557
27,154,intervention,0.03777747934060228
30,154,intervention,0.01609694153108502
33,154,intervention,0.03082167350146948
36,154,intervention,0.00450233336673373
39,154,intervention,0.00193765342594044
42,154,intervention,0.03412571264358644
45,154,intervention,0.00987513423359215
48,154,intervention,0.01871019602349823
0,155,intervention,0.15517221196674613
3,155,intervention,0.13405873618123526
6,155,intervention,0.1292011921128895
9,155,intervention,0.12314532419353091
12,155,intervention,0.08097805194651561
15,155,intervention,0.08375372239682326
18,155,intervention,0.09190452364638207
21,155,intervention,0.08200094625326818
24,155,intervention,0.02773156166973739
27,155,intervention,0.02914955551227824
30,155,intervention,0.02444878564189477
33,155,intervention,0.01872867540732407
36,155,intervention,0.01442334405934949
39,155,intervention,0.01126995191804344
42,155,intervention,0.01818526637187122
45,155,intervention,0.00545871565362449
48,155,intervention,0.01164719506352998
0,156,intervention,0.18668716709039831
3,156,intervention,0.14532634469601555
6,156,intervention,0.13684645686647662
9,156,intervention,0.13883599333930252
12,156,intervention,0.11514726171760396
15,156,intervention,0.11254656048998192
18,156,intervention,0.07342829066550235
21,156,intervention,0.08598612983303043
24,156,intervention,0.05114056953917707
27,156,intervention,0.03830167776998368
30,156,intervention,0.02557991738118866
33,156,intervention,0.00834777893726932
36,156,intervention,-0.01539556436286706
39,156,intervention,0.01913079771722451
42,156,intervention,-0.00769036152372507
45,156,intervention,0.00335260048379839
48,156,intervention,-0.00898212786435491
0,157,intervention,0.17384561414263583
3,157,intervention,0.14558361339965314
6,157,intervention,0.12451707208016394
9,157,intervention,0.11973536729646332
12,157,intervention,0.0957880185130794
15,157,intervention,0.09531094489157196
18,157,intervention,0.07664931320097268
21,157,intervention,0.06730718472432769
24,157,intervention,0.04412045173038408
27,157,intervention,0.05638206095356964
30,157,intervention,0.0491877542698602
33,157,intervention,0.01961183460792998
36,157,intervention,-0.00143883983497951
39,157,intervention,0.00745377604018655
42,157,intervention,0.00528320584304173
45,157,intervention,-0.00108609079909307
48,157,intervention,0.00970771665008832
0,158,intervention,0.13013553794503355
3,158,intervention,0.1254107240163518
6,158,intervention,0.12160741594085596
9,158,intervention,0.10864401521904002
12,158,intervention,0.07989247759224771
15,158,intervention,0.0761787729186625
18,158,intervention,0.06164539162174495
21,158,intervention,0.05133906808515014
24,158,intervention,0.01580695278285365
27,158,intervention,0.03323613597407414
30,158,intervention,0.01895253658610529
33,158,intervention,0.00494424703563969
36,158,intervention,4.752684860602e-4
39,158,intervention,0.01350098642838408
42,158,intervention,0.00751731607005484
45,158,intervention,-0.0052949328540536
48,158,intervention,-0.02630416287395442
0,159,intervention,0.12642252809740892
3,159,intervention,0.11676612805090882
6,159,intervention,0.09600061848403509
9,159,intervention,0.07917914843477451
12,159,intervention,0.08912747196130968
15,159,intervention,0.02891123127453121
18,159,intervention,0.02356871502021459
21,159,intervention,0.03279077211964233
24,159,intervention,-0.01029783797062765
27,159,intervention,0.01038495393813363
30,159,intervention,-0.01036936297949534
33,159,intervention,-0.03836165900522287
36,159,intervention,-0.03855414707621234
39,159,intervention,-0.02398387521318342
42,159,intervention,-0.06636792019439947
45,159,intervention,-0.04404913228705946
48,159,intervention,-0.03174433834366613
0,16,intervention,0.13139947057827295
3,16,intervention,0.14383638414028457
6,16,intervention,0.11711065280198864
9,16,intervention,0.11421854312713164
12,16,intervention,0.08646225354763686
15,16,intervention,0.09958285014113338
18,16,intervention,0.07674148608903468
21,16,intervention,0.06055604997857067
24,16,intervention,0.06512526641216791
27,16,intervention,0.05019921624299072
30,16,intervention,0.06099854485020564
33,16,intervention,0.03406253590992712
36,16,intervention,-0.00715313296982148
39,16,intervention,0.00999645722581041
42,16,intervention,0.00717805940253527
45,16,intervention,0.0119299448661108
48,16,intervention,0.01995534513292599
0,160,intervention,0.11873139319983976
3,160,intervention,0.07491889758491535
6,160,intervention,0.07249560814332415
9,160,intervention,0.07748010563456181
12,160,intervention,0.06531680472508308
15,160,intervention,0.04845077854126457
18,160,intervention,0.04143788912121374
21,160,intervention,0.00515030164731845
24,160,intervention,0.00448865544505277
27,160,intervention,-0.02559415942887368
30,160,intervention,-0.01473375458162847
33,160,intervention,-0.02417285387710684
36,160,intervention,-0.06341475628677307
39,160,intervention,-0.04789269808475956
42,160,intervention,-0.04640719429963351
45,160,intervention,-0.03754031416964961
48,160,intervention,-0.03642313397577193
0,161,intervention,0.187446011120434
3,161,intervention,0.1422303202667638
6,161,intervention,0.18669217406076924
9,161,intervention,0.1244836064578714
12,161,intervention,0.10711311580480488
15,161,intervention,0.0905282717097678
18,161,intervention,0.08744808974786504
21,161,intervention,0.0768880206109071
24,161,intervention,0.03207174101766147
27,161,intervention,0.02858690993886119
30,161,intervention,0.02727346077873221
33,161,intervention,0.01850770322190324
36,161,intervention,0.01027350151017195
39,161,intervention,0.01001806873561039
42,161,intervention,0.0117667486030514
45,161,intervention,0.00542010844623121
48,161,intervention,0.01148429566509605
0,162,intervention,0.15144973582003088
3,162,intervention,0.12240892982329872
6,162,intervention,0.09288871602523614
9,162,intervention,0.1086511711405169
12,162,intervention,0.09025601045002908
15,162,intervention,0.07721297139678138
18,162,intervention,0.07409762551291318
21,162,intervention,0.06247042641131668
24,162,intervention,0.03369977235080632
27,162,intervention,0.02690294457888743
30,162,intervention,0.01476373425011499
33,162,intervention,0.00114651731854584
36,162,intervention,-0.00617041107361894
39,162,intervention,-0.00639782102806672
42,162,intervention,-0.01342388691493842
45,162,intervention,-0.00395249672527039
48,162,intervention,-7.307917238522045e-5
0,163,intervention,0.17352996072878463
3,163,intervention,0.1416949112104641
6,163,intervention,0.1475830123831185
9,163,intervention,0.16096941285523195
12,163,intervention,0.12070860689739556
15,163,intervention,0.10915941274713908
18,163,intervention,0.0871838615875506
21,163,intervention,0.07169155373266833
24,163,intervention,0.03827844779494368
27,163,intervention,0.06745081285748758
30,163,intervention,0.0368584309113626
33,163,intervention,0.02026331464514463
36,163,intervention,0.01342719738553687
39,163,intervention,0.02454219603391377
42,163,intervention,0.03404401823135537
45,163,intervention,0.02170302329580427
48,163,intervention,-0.00376377159698578
0,164,intervention,0.15197388877723556
3,164,intervention,0.1437617614093698
6,164,intervention,0.13341443462788044
9,164,intervention,0.13510511069234826
12,164,intervention,0.13696942609678736
15,164,intervention,0.09288656729347634
18,164,intervention,0.08639849577932383
21,164,intervention,0.06327595199259252
24,164,intervention,0.04500485205972675
27,164,intervention,0.05740585008178454
30,164,intervention,0.02837276593528944
33,164,intervention,-0.00174657840716082
36,164,intervention,0.0110978831152665
39,164,intervention,0.00335659686006248
42,164,intervention,0.00131743954337014
45,164,intervention,0.00804939062724767
48,164,intervention,-0.00305980459174822
0,165,intervention,0.12650890451556676
3,165,intervention,0.1521823966410497
6,165,intervention,0.12326469114530007
9,165,intervention,0.11004943402901464
12,165,intervention,0.09202816030516484
15,165,intervention,0.08549892387291652
18,165,intervention,0.08987332416022872
21,165,intervention,0.03143974057274566
24,165,intervention,0.02619185605345992
27,165,intervention,0.02395065836107565
30,165,intervention,0.01147979074586056
33,165,intervention,0.00395450644646847
36,165,intervention,-0.0174015639302929
39,165,intervention,-0.01734946164332654
42,165,intervention,-0.02810606872294693
45,165,intervention,0.00312110524186215
48,165,intervention,-0.01028494406542647
0,166,intervention,0.13270952843958503
3,166,intervention,0.09238074212636438
6,166,intervention,0.0779965328178706
9,166,intervention,0.09095517855763742
12,166,intervention,0.08392465770799704
15,166,intervention,0.04567743816450094
18,166,intervention,0.08048473604045724
21,166,intervention,0.07672202906986475
24,166,intervention,0.07244337724149004
27,166,intervention,0.04658969112844207
30,166,intervention,0.02817626401102011
33,166,intervention,0.01645791990165024
36,166,intervention,0.01268013216796129
39,166,intervention,0.01675433862104361
42,166,intervention,0.00847704504627512
45,166,intervention,0.01960775027890596
48,166,intervention,0.00375718441178828
0,167,intervention,0.0968731445872566
3,167,intervention,0.08415945974992464
6,167,intervention,0.09111953941113012
9,167,intervention,0.08174522191631722
12,167,intervention,0.07422730905325932
15,167,intervention,0.05196102960413852
18,167,intervention,0.07058661717936646
21,167,intervention,0.01680783760536694
24,167,intervention,0.03868658598773779
27,167,intervention,0.01399898357087132
30,167,intervention,-0.01586263967572828
33,167,intervention,-0.00180488084687831
36,167,intervention,-0.0238104377053458
39,167,intervention,-0.01425531681226139
42,167,intervention,-0.0098186590334417
45,167,intervention,-0.00219572369666339
48,167,intervention,-0.02079565525840452
0,168,intervention,0.12284048607530228
3,168,intervention,0.09578939360604662
6,168,intervention,0.09419542901232372
9,168,intervention,0.0643880269158373
12,168,intervention,0.05983911383201876
15,168,intervention,0.04875349588868048
18,168,intervention,0.05206870269541978
21,168,intervention,0.02047389000986434
24,168,intervention,0.02992086956917909
27,168,intervention,0.00926421168585711
30,168,intervention,0.01269069353209771
33,168,intervention,-0.00624952154083552
36,168,intervention,-0.01310671678769299
39,168,intervention,-0.02473614901925584
42,168,intervention,-0.02299645297669818
45,168,intervention,-0.02051835892092289
48,168,intervention,-0.02103488510703281
0,169,intervention,0.11725442389646772
3,169,intervention,0.09213730312702743
6,169,intervention,0.1071997700360106
9,169,intervention,0.08295832324896985
12,169,intervention,0.07566202965024323
15,169,intervention,0.05119246497293199
18,169,intervention,0.03746575755788436
21,169,intervention,0.04053767061573493
24,169,intervention,0.00743119692153213
27,169,intervention,0.02245427017782224
30,169,intervention,0.00771820870884902
33,169,intervention,-0.00860314915666665
36,169,intervention,-0.01848863206689891
39,169,intervention,-0.02536985626237161
42,169,intervention,-0.01218252105704213
45,169,intervention,-0.01784887609619022
48,169,intervention,-0.00267425757604803
0,17,intervention,0.17143990047982768
3,17,intervention,0.18226738502174897
6,17,intervention,0.14835619780907855
9,17,intervention,0.13481415450399942
12,17,intervention,0.13966847711302274
15,17,intervention,0.10499076918090217
18,17,intervention,0.09745532642230371
21,17,intervention,0.06067702822677651
24,17,intervention,0.07748454207440171
27,17,intervention,0.05595031477966371
30,17,intervention,0.06162704656686322
33,17,intervention,0.04083444182907854
36,17,intervention,0.00969401880478101
39,17,intervention,0.0108842434827088
42,17,intervention,0.01967946273599093
45,17,intervention,0.02046119624296133
48,17,intervention,0.03529340791023249
0,170,intervention,0.15962076297070138
3,170,intervention,0.14475039889074018
6,170,intervention,0.12017449952651356
9,170,intervention,0.14821585569476553
12,170,intervention,0.1153250344043956
15,170,intervention,0.09894236996010712
18,170,intervention,0.07743646372413185
21,170,intervention,0.05559880711016426
24,170,intervention,0.05098381255358986
27,170,intervention,0.05463491882636269
30,170,intervention,0.04585046278498558
33,170,intervention,0.00180681630533192
36,170,intervention,0.01278512022822358
39,170,intervention,0.01743935900354067
42,170,intervention,0.01935662855240376
45,170,intervention,0.01386637016509533
48,170,intervention,0.00274105258199334
0,171,intervention,0.09824608031387363
3,171,intervention,0.13130636878691385
6,171,intervention,0.11036917254055054
9,171,intervention,0.08852372365647476
12,171,intervention,0.08554700330490952
15,171,intervention,0.07741088111682569
18,171,intervention,0.0288249808955981
21,171,intervention,0.02624963777375986
24,171,intervention,0.05552238239550695
27,171,intervention,0.02977299151083323
30,171,intervention,-0.00486047661749093
33,171,intervention,-0.00613059088750654
36,171,intervention,-0.01381970183969311
39,171,intervention,-0.0304945324036675
42,171,intervention,-0.03473017600181183
45,171,intervention,-0.03496813317483883
48,171,intervention,-0.02351695377499542
0,172,intervention,0.1389473642196082
3,172,intervention,0.12993747560372737
6,172,intervention,0.07575412202066481
9,172,intervention,0.10568966226837184
12,172,intervention,0.1032713869571757
15,172,intervention,0.09036807425015272
18,172,intervention,0.06147716692822078
21,172,intervention,0.04661170320292594
24,172,intervention,0.04523637593439215
27,172,intervention,0.02418312561756665
30,172,intervention,0.00998116684605637
33,172,intervention,-0.0057372834970089
36,172,intervention,0.02257276744749805
39,172,intervention,-0.00624521648803942
42,172,intervention,0.00558494592749245
45,172,intervention,-0.0088512363737386
48,172,intervention,0.01503126671305447
0,173,intervention,0.14913381055687
3,173,intervention,0.11776061359716078
6,173,intervention,0.09868698658965444
9,173,intervention,0.09045826396872296
12,173,intervention,0.0881869817228753
15,173,intervention,0.07073683726922846
18,173,intervention,0.0827387224480455
21,173,intervention,0.05213867334974529
24,173,intervention,0.04071049322898711
27,173,intervention,0.03909659948690659
30,173,intervention,0.02962653655664938
33,173,intervention,-0.00296088065221922
36,173,intervention,-0.01102694898583411
39,173,intervention,-0.01114618119724546
42,173,intervention,-0.00514226982184504
45,173,intervention,-0.00505413548691974
48,173,intervention,8.2979589874901e-4
0,174,intervention,0.17433564273832242
3,174,intervention,0.1600150763046545
6,174,intervention,0.16540237928935758
9,174,intervention,0.16639861952716836
12,174,intervention,0.135744248640919
15,174,intervention,0.13872336748115152
18,174,intervention,0.11019211809822016
21,174,intervention,0.0811981786819172
24,174,intervention,0.0937583923748581
27,174,intervention,0.1070054281879614
30,174,intervention,0.05319246978946432
33,174,intervention,0.03359359662769949
36,174,intervention,0.043201922299845943
39,174,intervention,0.02822568329342401
42,174,intervention,0.04361984042270339
45,174,intervention,0.03505924216997547
48,174,intervention,0.04574297553204901
0,175,intervention,0.13815766012741995
3,175,intervention,0.11160346835654494
6,175,intervention,0.10114064157355478
9,175,intervention,0.12734478285856837
12,175,intervention,0.10135184829178293
15,175,intervention,0.09970682358572625
18,175,intervention,0.07703417363313111
21,175,intervention,0.03737022327109308
24,175,intervention,0.03708644528096636
27,175,intervention,0.04454910396413371
30,175,intervention,0.03431212777378468
33,175,intervention,0.01503669632576884
36,175,intervention,0.0101549884279341
39,175,intervention,-0.00763508659760636
42,175,intervention,3.70643347937007e-5
45,175,intervention,0.01013544998938761
48,175,intervention,0.00677215937500219
0,176,intervention,0.10917418603391137
3,176,intervention,0.09120115829755436
6,176,intervention,0.1009904997169107
9,176,intervention,0.06895396279418442
12,176,intervention,0.05610945825206158
15,176,intervention,0.04718887043587792
18,176,intervention,0.06262769795348265
21,176,intervention,0.0242014290750126
24,176,intervention,0.00625433612631907
27,176,intervention,0.01105942421555716
30,176,intervention,-0.01826328009803001
33,176,intervention,-0.04016509236088574
36,176,intervention,-0.03238562075667402
39,176,intervention,-0.02603914323099819
42,176,intervention,-0.02855069053898268
45,176,intervention,-0.02257726092381172
48,176,intervention,-0.03926394156398874
0,177,intervention,0.16473142644853972
3,177,intervention,0.15274420227713792
6,177,intervention,0.14419427689810646
9,177,intervention,0.12597079023568705
12,177,intervention,0.09008868314927725
15,177,intervention,0.1224907305146103
18,177,intervention,0.10661098573665584
21,177,intervention,0.05303016617433617
24,177,intervention,0.03382537331013947
27,177,intervention,0.0276418571856648
30,177,intervention,0.03237854337109229
33,177,intervention,0.0342630296587491
36,177,intervention,-0.00765057727116436
39,177,intervention,0.00170692813117484
42,177,intervention,0.00509942902314312
45,177,intervention,0.00971137646233844
48,177,intervention,-0.00233007916520648
0,178,intervention,0.11572018077467068
3,178,intervention,0.1116933456835635
6,178,intervention,0.12246752644696804
9,178,intervention,0.07403563459088579
12,178,intervention,0.08467588051367829
15,178,intervention,0.08000488457894123
18,178,intervention,0.07068077894914201
21,178,intervention,0.03097606041757197
24,178,intervention,0.05624847075764504
27,178,intervention,0.01683566316095811
30,178,intervention,0.00661380371989468
33,178,intervention,0.00588834467886905
36,178,intervention,-0.01355664083462766
39,178,intervention,-0.0196537971266774
42,178,intervention,0.00133523854288216
45,178,intervention,-0.00533061997498657
48,178,intervention,-0.01280755383802949
0,179,intervention,0.11475434401077868
3,179,intervention,0.1100974487797508
6,179,intervention,0.08939520015138251
9,179,intervention,0.07525326064388281
12,179,intervention,0.05461030367909952
15,179,intervention,0.09219613801373185
18,179,intervention,0.05705607481737282
21,179,intervention,0.06627957272645929
24,179,intervention,0.03896750562436748
27,179,intervention,0.00487906088182587
30,179,intervention,0.00900101134880433
33,179,intervention,0.00196447629587863
36,179,intervention,-0.01768935299272428
39,179,intervention,-2.867898027846e-4
42,179,intervention,-0.02452028230770585
45,179,intervention,-0.00735493883967161
48,179,intervention,0.00232791460868478
0,18,intervention,0.124050655845874
3,18,intervention,0.11670287329743016
6,18,intervention,0.104770964843306
9,18,intervention,0.12324629115911498
12,18,intervention,0.07714955020949534
15,18,intervention,0.05422084780296524
18,18,intervention,0.06394657360133459
21,18,intervention,0.08017384658619223
24,18,intervention,0.05833722557488592
27,18,intervention,0.03544220282254684
30,18,intervention,0.03528665137515628
33,18,intervention,0.00931261684804877
36,18,intervention,0.01379417733989656
39,18,intervention,0.0136163314294143
42,18,intervention,0.00228681840947088
45,18,intervention,-0.00157115353774921
48,18,intervention,-0.00645174912362601
0,180,intervention,0.1532336480610915
3,180,intervention,0.11856195130636768
6,180,intervention,0.10265425876518364
9,180,intervention,0.08770098673306019
12,180,intervention,0.09428352465759995
15,180,intervention,0.0535155937402895
18,180,intervention,0.07157782755439886
21,180,intervention,0.04236536929674638
24,180,intervention,0.01587964449250206
27,180,intervention,0.01766506968329539
30,180,intervention,-0.00727591843120894
33,180,intervention,-0.0106916559817334
36,180,intervention,-0.01727290433295363
39,180,intervention,-0.01854326812775544
42,180,intervention,-0.02339662878364074
45,180,intervention,-0.0340625773840215
48,180,intervention,-0.0187571455369854
0,181,intervention,0.11909143567829408
3,181,intervention,0.100345074960323
6,181,intervention,0.0909800848233721
9,181,intervention,0.07815625814468259
12,181,intervention,0.05736252412410279
15,181,intervention,0.0517204670884036
18,181,intervention,0.04910242519127122
21,181,intervention,0.04543300549375609
24,181,intervention,0.03517316389232403
27,181,intervention,0.03515884253710675
30,181,intervention,0.01749190922061721
33,181,intervention,-0.02782420822250626
36,181,intervention,-0.01936777999052949
39,181,intervention,-0.03665953427370053
42,181,intervention,-0.01375223695436791
45,181,intervention,-0.01451632846420616
48,181,intervention,-0.02225423316842013
0,182,intervention,0.12490568869098248
3,182,intervention,0.13127314137671803
6,182,intervention,0.12005948655947862
9,182,intervention,0.092883193253537
12,182,intervention,0.06397301402663105
15,182,intervention,0.07338253130935571
18,182,intervention,0.05366125115816515
21,182,intervention,0.04020365297046083
24,182,intervention,0.02365885585136596
27,182,intervention,0.01679846526344005
30,182,intervention,-0.01365258218518816
33,182,intervention,-0.02687691885503282
36,182,intervention,-0.03123867695148352
39,182,intervention,-0.04115223489354626
42,182,intervention,-0.02880440705780883
45,182,intervention,-0.01365262973270712
48,182,intervention,-0.01129515232858747
0,183,intervention,0.1331532584301012
3,183,intervention,0.14908039233846698
6,183,intervention,0.13113423759867307
9,183,intervention,0.12439692788825218
12,183,intervention,0.10650480335381216
15,183,intervention,0.08328050351870818
18,183,intervention,0.08504650423126546
21,183,intervention,0.073827642300311
24,183,intervention,0.0611459172302246
27,183,intervention,0.05202078221563269
30,183,intervention,0.01714775363275446
33,183,intervention,0.01996430376716158
36,183,intervention,0.02348713800153517
39,183,intervention,0.02189327813985783
42,183,intervention,0.0244202481749467
45,183,intervention,0.02195674313770252
48,183,intervention,0.01429410530392611
0,184,intervention,0.1623452989641799
3,184,intervention,0.1380811009321373
6,184,intervention,0.11295513122648744
9,184,intervention,0.11882313120720334
12,184,intervention,0.10043113432186122
15,184,intervention,0.07983554266198337
18,184,intervention,0.08750168963757703
21,184,intervention,0.04401775711283538
24,184,intervention,0.04499923554131613
27,184,intervention,0.01275393472486486
30,184,intervention,0.01996562807709356
33,184,intervention,-0.01031754113837106
36,184,intervention,-0.00856276182459176
39,184,intervention,-0.01223536285064604
42,184,intervention,0.00716617837846817
45,184,intervention,0.01184001577414839
48,184,intervention,-0.02431519726264839
0,185,intervention,0.1229532428917136
3,185,intervention,0.09456075501453284
6,185,intervention,0.10715465926779386
9,185,intervention,0.11028161928989236
12,185,intervention,0.10677347172597612
15,185,intervention,0.08872773662040732
18,185,intervention,0.05669477318188343
21,185,intervention,0.06856944037554107
24,185,intervention,0.042576167267473
27,185,intervention,0.00650059630643255
30,185,intervention,0.00708965362894282
33,185,intervention,-0.00649820856246786
36,185,intervention,-0.0147954142818154
39,185,intervention,-0.02600674640192947
42,185,intervention,-0.00696278224015442
45,185,intervention,-0.01509357961021993
48,185,intervention,-0.03373820049418268
0,186,intervention,0.12555056941616716
3,186,intervention,0.10959584557742814
6,186,intervention,0.11779252913293813
9,186,intervention,0.12707417075830096
12,186,intervention,0.12447946567810604
15,186,intervention,0.07420308470866836
18,186,intervention,0.05963286142276763
21,186,intervention,0.07508019707800137
24,186,intervention,0.05294111398502015
27,186,intervention,0.04749183634055926
30,186,intervention,0.04067823886428685
33,186,intervention,0.00694038022835049
36,186,intervention,0.01543562931235206
39,186,intervention,0.00332997021843527
42,186,intervention,7.0869098929012e-4
45,186,intervention,-0.00169373308971835
48,186,intervention,0.01601551027063265
0,187,intervention,0.14604680743941365
3,187,intervention,0.12950093666613577
6,187,intervention,0.11617409010275448
9,187,intervention,0.10006167125105568
12,187,intervention,0.12858813827095855
15,187,intervention,0.07594354805180395
18,187,intervention,0.093450091508525
21,187,intervention,0.05574312883937755
24,187,intervention,0.05546978326938202
27,187,intervention,0.03972248404961172
30,187,intervention,0.02107095367247316
33,187,intervention,-0.00108901482639395
36,187,intervention,0.01108554566709487
39,187,intervention,-0.00586369277996469
42,187,intervention,0.00138113480989563
45,187,intervention,0.01440840926522457
48,187,intervention,-0.00901791215964788
0,188,intervention,0.16067980227298784
3,188,intervention,0.15634713879017917
6,188,intervention,0.1373378656701722
9,188,intervention,0.13458440876322014
12,188,intervention,0.12789236067589005
15,188,intervention,0.1195844582617835
18,188,intervention,0.086430373422956
21,188,intervention,0.113291494027859
24,188,intervention,0.05920607702303926
27,188,intervention,0.05786971582262868
30,188,intervention,0.02043488742880343
33,188,intervention,0.02391312658500857
36,188,intervention,0.01424175329406896
39,188,intervention,0.03380839878594146
42,188,intervention,-0.0035928714518999
45,188,intervention,0.00584197346798016
48,188,intervention,0.01750301285537875
0,189,intervention,0.13914189181528128
3,189,intervention,0.12935006488340042
6,189,intervention,0.08390282534726763
9,189,intervention,0.089202705596941
12,189,intervention,0.09687289229685966
15,189,intervention,0.05972096633105017
18,189,intervention,0.04176260194723677
21,189,intervention,0.03045755227837225
24,189,intervention,0.03939552295462623
27,189,intervention,0.01638491089530907
30,189,intervention,-0.00232051717362602
33,189,intervention,-0.0143110587671366
36,189,intervention,-5.3377915460048e-4
39,189,intervention,-0.01978640520470151
42,189,intervention,-0.022565085133295
45,189,intervention,-0.00655521150710042
48,189,intervention,-0.02708563323122198
0,19,intervention,0.14936862214569138
3,19,intervention,0.13496727011493737
6,19,intervention,0.0984849030780974
9,19,intervention,0.11657816997455324
12,19,intervention,0.09401464135534825
15,19,intervention,0.0869638616594663
18,19,intervention,0.08105858104634786
21,19,intervention,0.06570293932688952
24,19,intervention,0.03773123765013157
27,19,intervention,0.0214025460101782
30,19,intervention,0.03017764671318486
33,19,intervention,0.04369957620557176
36,19,intervention,0.0069163701100157
39,19,intervention,0.00832896850613859
42,19,intervention,0.01296229962883858
45,19,intervention,0.00628542023272041
48,19,intervention,-0.00835399646166052
0,190,intervention,0.11807672753534867
3,190,intervention,0.10982142884531274
6,190,intervention,0.10320065624540392
9,190,intervention,0.09134889772394852
12,190,intervention,0.08162598460641228
15,190,intervention,0.06143917518763663
18,190,intervention,0.07911006473810495
21,190,intervention,0.03035284078956052
24,190,intervention,0.02677816733184204
27,190,intervention,0.02673202078341502
30,190,intervention,0.0173850570639453
33,190,intervention,-0.006868896978289
36,190,intervention,2.4661456694036e-4
39,190,intervention,-0.0021085993331229
42,190,intervention,0.00736820175961051
45,190,intervention,-0.01707325606841386
48,190,intervention,-0.00466198676011036
0,191,intervention,0.13479008553232738
3,191,intervention,0.11839766043287853
6,191,intervention,0.115398163432642
9,191,intervention,0.09433644546656396
12,191,intervention,0.08852268486590191
15,191,intervention,0.06657108382657938
18,191,intervention,0.06255910490724413
21,191,intervention,0.03075425864397584
24,191,intervention,0.02501255631019971
27,191,intervention,0.00825084454483593
30,191,intervention,0.03813419035972064
33,191,intervention,0.00657216250357529
36,191,intervention,0.0163972643157389
39,191,intervention,-1.3951211883336e-4
42,191,intervention,0.01779814888708447
45,191,intervention,0.02075830666251199
48,191,intervention,-0.00414173114684508
0,192,intervention,0.12774585349173695
3,192,intervention,0.10751688633415644
6,192,intervention,0.10733984210815624
9,192,intervention,0.07351811369272986
12,192,intervention,0.09790795953364675
15,192,intervention,0.04126873240792548
18,192,intervention,0.05475364168657411
21,192,intervention,0.03000550942197694
24,192,intervention,0.0125369475968847
27,192,intervention,-0.00537843538733891
30,192,intervention,-0.00114735716607977
33,192,intervention,-0.02870507515812874
36,192,intervention,-0.02765437005028393
39,192,intervention,-0.03362408557006645
42,192,intervention,-0.03401390848719751
45,192,intervention,-0.04309030355364489
48,192,intervention,-0.04570988002587561
0,193,intervention,0.09074939422433458
3,193,intervention,0.08783219310178361
6,193,intervention,0.0699399437358166
9,193,intervention,0.06128112565606754
12,193,intervention,0.09261967164256228
15,193,intervention,0.06701664336267682
18,193,intervention,0.02228524303803845
21,193,intervention,0.03195656213385527
24,193,intervention,0.0146092172579483
27,193,intervention,0.01539955305416194
30,193,intervention,0.0012250397581984
33,193,intervention,-0.01308841529515145
36,193,intervention,-0.03057463087598287
39,193,intervention,-0.01088715324695979
42,193,intervention,-0.02482081857031965
45,193,intervention,-0.01997078300889442
48,193,intervention,-0.02578034096502722
0,194,intervention,0.16273383898401222
3,194,intervention,0.1461534313803866
6,194,intervention,0.10854551955447948
9,194,intervention,0.103895515852799
12,194,intervention,0.11369251089291484
15,194,intervention,0.07985950723963037
18,194,intervention,0.0922117341753347
21,194,intervention,0.0508864739932685
24,194,intervention,0.04943858829252984
27,194,intervention,0.03887994851595518
30,194,intervention,0.01388166430155738
33,194,intervention,-0.01152537930734873
36,194,intervention,-0.0157633354283682
39,194,intervention,0.00655092263215653
42,194,intervention,-0.00781447670011579
45,194,intervention,-0.01452009832686899
48,194,intervention,0.02255672959427398
0,195,intervention,0.1619224905229033
3,195,intervention,0.13863694534976048
6,195,intervention,0.134914256069565
9,195,intervention,0.09891900021484364
12,195,intervention,0.09623530295041868
15,195,intervention,0.09355471273276202
18,195,intervention,0.06301393613046104
21,195,intervention,0.06758999111233775
24,195,intervention,0.07265999079935717
27,195,intervention,0.0301940773518376
30,195,intervention,0.02357982509926571
33,195,intervention,-6.6002629495349e-4
36,195,intervention,-0.00320795242880769
39,195,intervention,-0.00953260674928344
42,195,intervention,-0.00272604399524189
45,195,intervention,0.0062551246016863
48,195,intervention,-0.00825510712037367
0,196,intervention,0.12471487000955134
3,196,intervention,0.10825366692561247
6,196,intervention,0.09786182389392292
9,196,intervention,0.08160589646046004
12,196,intervention,0.07687867899896397
15,196,intervention,0.0697565690087591
18,196,intervention,0.06366605404764034
21,196,intervention,0.06646304988891048
24,196,intervention,0.03038215724913413
27,196,intervention,0.01113812089394972
30,196,intervention,0.01836402820427985
33,196,intervention,-7.4953468825751e-4
36,196,intervention,-0.00653795415632756
39,196,intervention,-0.01115836729819437
42,196,intervention,-0.01412514207374996
45,196,intervention,-0.02303097474234563
48,196,intervention,-0.01218134469913595
0,197,intervention,0.16166652266613674
3,197,intervention,0.17229412464531507
6,197,intervention,0.14165651422541453
9,197,intervention,0.13949630272283847
12,197,intervention,0.11306228535589416
15,197,intervention,0.13062288621318394
18,197,intervention,0.1030524344426754
21,197,intervention,0.10644270257006938
24,197,intervention,0.06037220377749411
27,197,intervention,0.08518684522239019
30,197,intervention,0.053122434446872
33,197,intervention,0.04596435097213973
36,197,intervention,0.02726291138447092
39,197,intervention,0.03143406070545751
42,197,intervention,0.02188911815269985
45,197,intervention,0.02399105219461373
48,197,intervention,0.02179939287052767
0,198,intervention,0.13426181632408377
3,198,intervention,0.11343996223197472
6,198,intervention,0.10557228110400568
9,198,intervention,0.09866360821079335
12,198,intervention,0.09246022784267167
15,198,intervention,0.08247448602240545
18,198,intervention,0.06168957366825148
21,198,intervention,0.05455009043831383
24,198,intervention,0.03141024721098012
27,198,intervention,0.00160076646757973
30,198,intervention,0.00514409889464725
33,198,intervention,0.01634088318041795
36,198,intervention,2.971748238537741e-6
39,198,intervention,-0.01445468815299579
42,198,intervention,-0.00216123344621729
45,198,intervention,-0.00125476762522465
48,198,intervention,-0.00513605377338313
0,199,intervention,0.15975243793486943
3,199,intervention,0.15371404424894972
6,199,intervention,0.1863876990098048
9,199,intervention,0.14056635939465537
12,199,intervention,0.11609384133922612
15,199,intervention,0.14670965951683596
18,199,intervention,0.11080929295202618
21,199,intervention,0.07398288975279313
24,199,intervention,0.09617227316872667
27,199,intervention,0.0694853994133243
30,199,intervention,0.03246780981348776
33,199,intervention,0.04629738887526742
36,199,intervention,0.02351458132382088
39,199,intervention,0.02356429625875417
42,199,intervention,0.01667196294819645
45,199,intervention,0.02513062084516108
48,199,intervention,0.0341693217878322
0,2,intervention,0.16639661402971648
3,2,intervention,0.14716196675528953
6,2,intervention,0.1161187806680512
9,2,intervention,0.10122329922208284
12,2,intervention,0.08543843073573108
15,2,intervention,0.0649773509113561
18,2,intervention,0.05838806286843074
21,2,intervention,0.06068666237874508
24,2,intervention,0.06796878647262362
27,2,intervention,0.01051308637807329
30,2,intervention,0.01108395879367134
33,2,intervention,0.00717095443995102
36,2,intervention,-0.00420633486063566
39,2,intervention,-6.4514322828652e-4
42,2,intervention,0.00529094844341212
45,2,intervention,0.00446346759836041
48,2,intervention,-2.8898668757572e-4
0,20,intervention,0.15166725767862632
3,20,intervention,0.15634528924472413
6,20,intervention,0.14539105953164427
9,20,intervention,0.15288261702389205
12,20,intervention,0.1243571041321513
15,20,intervention,0.10594822723669962
18,20,intervention,0.07488625474393644
21,20,intervention,0.04286224980486922
24,20,intervention,0.04788633026332538
27,20,intervention,0.05768883338533125
30,20,intervention,0.00572730005383562
33,20,intervention,0.00515843359618378
36,20,intervention,-0.0155753314502668
39,20,intervention,-0.01490184193944195
42,20,intervention,-0.01402851319805412
45,20,intervention,-0.02514926752570025
48,20,intervention,-0.02496571022222321
0,200,intervention,0.09488288837188465
3,200,intervention,0.111376354416393
6,200,intervention,0.10142364996012374
9,200,intervention,0.094138323490565
12,200,intervention,0.05980699204915168
15,200,intervention,0.06468453418989155
18,200,intervention,0.06325591172138169
21,200,intervention,0.0615231053196451
24,200,intervention,0.02166983729579953
27,200,intervention,0.02893672617143599
30,200,intervention,0.01901974093537709
33,200,intervention,0.00211223636486654
36,200,intervention,0.00214015431951974
39,200,intervention,0.0042837754801867
42,200,intervention,0.00285548767611654
45,200,intervention,0.00583487998586206
48,200,intervention,0.00383798310067747
0,21,intervention,0.1489959942987277
3,21,intervention,0.13598329223521427
6,21,intervention,0.16706741881168197
9,21,intervention,0.11138808911263218
12,21,intervention,0.12059128154866716
15,21,intervention,0.08897748087938362
18,21,intervention,0.07906596390344535
21,21,intervention,0.08176875792985991
24,21,intervention,0.06551475474917737
27,21,intervention,0.0408220174677973
30,21,intervention,0.04082377143050844
33,21,intervention,0.03171080162086519
36,21,intervention,0.02177382130207994
39,21,intervention,0.01468397975342708
42,21,intervention,0.01701722109935032
45,21,intervention,0.02433328967735452
48,21,intervention,0.00825236805374915
0,22,intervention,0.14947046141692957
3,22,intervention,0.10479391220301092
6,22,intervention,0.1182104646267273
9,22,intervention,0.1301927813580584
12,22,intervention,0.10246431497942068
15,22,intervention,0.09903525483796018
18,22,intervention,0.06751569366456839
21,22,intervention,0.07139967732891966
24,22,intervention,0.0821159686101059
27,22,intervention,0.0427310700571612
30,22,intervention,0.0206454848531661
33,22,intervention,0.01318978142489822
36,22,intervention,0.02596389134686197
39,22,intervention,-0.02191966785800025
42,22,intervention,0.00916327366795386
45,22,intervention,0.00764166665884365
48,22,intervention,0.01273590528895056
0,23,intervention,0.12530670941678743
3,23,intervention,0.120485162165101
6,23,intervention,0.1067433262708438
9,23,intervention,0.09585200742105332
12,23,intervention,0.0953563286048868
15,23,intervention,0.0734516923843016
18,23,intervention,0.04809259936331293
21,23,intervention,0.05151956654275811
24,23,intervention,0.05524805852288932
27,23,intervention,0.02061111536574186
30,23,intervention,0.02215790987439878
33,23,intervention,0.00911272788039132
36,23,intervention,-0.00365564695074265
39,23,intervention,-0.00110811631142607
42,23,intervention,0.00142323082537378
45,23,intervention,-0.02398961037035725
48,23,intervention,0.00653459536686845
0,24,intervention,0.17040133099798604
3,24,intervention,0.10628115263617206
6,24,intervention,0.11957588556048074
9,24,intervention,0.09754555248165464
12,24,intervention,0.09158097064249876
15,24,intervention,0.07444266248122915
18,24,intervention,0.0799214601908854
21,24,intervention,0.02491805972645783
24,24,intervention,0.038675482948176
27,24,intervention,0.0409396537071171
30,24,intervention,0.02730105082109419
33,24,intervention,-0.00289078112733643
36,24,intervention,-0.00315597619994727
39,24,intervention,-0.00973037443826351
42,24,intervention,-0.01045591222391431
45,24,intervention,-0.00408633092080005
48,24,intervention,-0.00622629903588244
0,26,intervention,0.12230510651180936
3,26,intervention,0.13508025759640088
6,26,intervention,0.11168134623200549
9,26,intervention,0.08804196024197296
12,26,intervention,0.09152936204180248
15,26,intervention,0.09981198907818656
18,26,intervention,0.05893377712516665
21,26,intervention,0.08313531652508038
24,26,intervention,0.03997217860233836
27,26,intervention,0.03621441508962334
30,26,intervention,0.01454449149013137
33,26,intervention,0.00998282895872266
36,26,intervention,0.01199416459031167
39,26,intervention,0.01272271147225965
42,26,intervention,0.01136350573778147
45,26,intervention,0.00580896944296439
48,26,intervention,0.01241967289887179
0,27,intervention,0.14654878215098038
3,27,intervention,0.18022936618572824
6,27,intervention,0.14039978348016832
9,27,intervention,0.11714069226811331
12,27,intervention,0.13298059645997654
15,27,intervention,0.08804690263920183
18,27,intervention,0.08432110129835133
21,27,intervention,0.08656460978963892
24,27,intervention,0.0577232484996917
27,27,intervention,0.0425801734840345
30,27,intervention,0.02047569416500736
33,27,intervention,0.01999698506056823
36,27,intervention,0.01733526690703835
39,27,intervention,0.00290171791484461
42,27,intervention,-0.00264813504160864
45,27,intervention,0.00840646051854066
48,27,intervention,0.00543370122695901
0,28,intervention,0.14521033231196362
3,28,intervention,0.13699114845748123
6,28,intervention,0.1347173024159642
9,28,intervention,0.116640897683162
12,28,intervention,0.13624999289294204
15,28,intervention,0.09946679559559976
18,28,intervention,0.09997569273122996
21,28,intervention,0.07700800350325035
24,28,intervention,0.05221440345336621
27,28,intervention,0.03853809203584751
30,28,intervention,0.01545545452891998
33,28,intervention,0.00541023693083979
36,28,intervention,0.01094919219440033
39,28,intervention,0.00920576731572446
42,28,intervention,0.00965513485817353
45,28,intervention,0.00936612608462569
48,28,intervention,-0.01309681568626243
0,29,intervention,0.0958261521020412
3,29,intervention,0.07063955730832842
6,29,intervention,0.1082557209968672
9,29,intervention,0.07625213887286425
12,29,intervention,0.06876288001624778
15,29,intervention,0.06039606933851661
18,29,intervention,0.0476216263410955
21,29,intervention,0.03944977328334508
24,29,intervention,0.04490257017958101
27,29,intervention,0.04096311489391296
30,29,intervention,0.02648408501752081
33,29,intervention,-0.01275096552579642
36,29,intervention,-0.01270691331072435
39,29,intervention,-0.03040032296423866
42,29,intervention,-0.01835519142857721
45,29,intervention,-0.03102684468398078
48,29,intervention,-0.01991475218661767
0,3,intervention,0.14105688513020626
3,3,intervention,0.09487562141909384
6,3,intervention,0.09790172242482176
9,3,intervention,0.09195737532581812
12,3,intervention,0.05439757971266377
15,3,intervention,0.05314900936235984
18,3,intervention,0.05375330401237542
21,3,intervention,0.05447743227619776
24,3,intervention,0.01699597197236002
27,3,intervention,0.00948685020972513
30,3,intervention,0.0138917798080126
33,3,intervention,-0.00448192155727746
36,3,intervention,-0.00859613582469651
39,3,intervention,-0.02569197533162797
42,3,intervention,-0.01548930506969075
45,3,intervention,0.00504185961493018
48,3,intervention,-0.00447543224492589
0,30,intervention,0.1483512654817188
3,30,intervention,0.1254537254937574
6,30,intervention,0.10266532964054588
9,30,intervention,0.07147756719843948
12,30,intervention,0.08280017991312809
15,30,intervention,0.06169152085636922
18,30,intervention,0.06602811675733207
21,30,intervention,0.03363681401495214
24,30,intervention,0.02806065506683986
27,30,intervention,0.01766626354148789
30,30,intervention,-0.00969825995704377
33,30,intervention,0.0069636325970841096
36,30,intervention,-0.01775530428829986
39,30,intervention,-0.00910775334393186
42,30,intervention,-0.02267792678392145
45,30,intervention,-0.01730018536068498
48,30,intervention,-0.01517084864959378
0,31,intervention,0.15010700860314416
3,31,intervention,0.1468216994457278
6,31,intervention,0.15012867020964696
9,31,intervention,0.13520668400082653
12,31,intervention,0.11668734514217112
15,31,intervention,0.10787832004122493
18,31,intervention,0.10074613987575452
21,31,intervention,0.07624552518849534
24,31,intervention,0.0732881828932489
27,31,intervention,0.075336024910609
30,31,intervention,0.03423638280981889
33,31,intervention,0.01268982976570222
36,31,intervention,0.00818768389327795
39,31,intervention,0.02565035144525744
42,31,intervention,0.03025735654528653
45,31,intervention,0.03498424954873314
48,31,intervention,0.01018057102275
0,32,intervention,0.12863942029070077
3,32,intervention,0.10790434739797627
6,32,intervention,0.08201226968984164
9,32,intervention,0.07745980729058582
12,32,intervention,0.04386853547851296
15,32,intervention,0.02917544400157966
18,32,intervention,0.04222333451765289
21,32,intervention,0.02277134885263927
24,32,intervention,0.02739351480568599
27,32,intervention,0.011741984287027281
30,32,intervention,-0.01622018853744396
33,32,intervention,-0.04153233117012105
36,32,intervention,-0.03319877419328217
39,32,intervention,-0.04211348223931202
42,32,intervention,-0.05202773115063985
45,32,intervention,-0.01544636013626333
48,32,intervention,-0.04579673828990046
0,33,intervention,0.17259044546720984
3,33,intervention,0.130498397169027
6,33,intervention,0.13024351256484143
9,33,intervention,0.08763148584274655
12,33,intervention,0.1247352964223633
15,33,intervention,0.08225778821079738
18,33,intervention,0.1148434605802609
21,33,intervention,0.0565404471743705
24,33,intervention,0.01847351625294584
27,33,intervention,0.01907209743065922
30,33,intervention,0.00746559276922782
33,33,intervention,-0.02495677610230796
36,33,intervention,-0.02630927496636259
39,33,intervention,-0.03715341601326749
42,33,intervention,-0.01282647815211649
45,33,intervention,-0.0067790938794641
48,33,intervention,-0.02286845516772814
0,34,intervention,0.09938795889796152
3,34,intervention,0.05637938831874319
6,34,intervention,0.07206633353963711
9,34,intervention,0.0825909519352193
12,34,intervention,0.06445851051075212
15,34,intervention,0.03492833729435065
18,34,intervention,0.03992792871902149
21,34,intervention,0.02700359936568156
24,34,intervention,0.02703940188731192
27,34,intervention,-0.00108726170328953
30,34,intervention,-0.01812344873318998
33,34,intervention,-0.02280021624145422
36,34,intervention,-0.05642910126970447
39,34,intervention,-0.03823533145003784
42,34,intervention,-0.04953563752291457
45,34,intervention,-0.05248001697057262
48,34,intervention,-0.03053773887016725
0,35,intervention,0.15208480597199775
3,35,intervention,0.13010187165449935
6,35,intervention,0.15074225276506442
9,35,intervention,0.12397960760758084
12,35,intervention,0.11752882417397796
15,35,intervention,0.08400858489342916
18,35,intervention,0.07982509933350712
21,35,intervention,0.07888213302883798
24,35,intervention,0.05127583123510617
27,35,intervention,0.05819665277505246
30,35,intervention,0.06174226117784449
33,35,intervention,0.04055382195615655
36,35,intervention,0.02475950787205425
39,35,intervention,0.00779321708895536
42,35,intervention,0.01625036066553276
45,35,intervention,0.0079504039319073
48,35,intervention,0.00882403710820806
0,36,intervention,0.18196744259925435
3,36,intervention,0.13527120405279489
6,36,intervention,0.15515320295044885
9,36,intervention,0.15221920351574073
12,36,intervention,0.11448421035067276
15,36,intervention,0.1135795367987678
18,36,intervention,0.0974312898459858
21,36,intervention,0.04613150531824614
24,36,intervention,0.04624686854022717
27,36,intervention,0.03481494024881962
30,36,intervention,0.0193800020281342
33,36,intervention,0.00895182935459058
36,36,intervention,-9.9865921438589e-4
39,36,intervention,0.00119885210649226
42,36,intervention,0.02115929375665882
45,36,intervention,0.01399365970312981
48,36,intervention,0.01652398273465486
0,37,intervention,0.11941773205338334
3,37,intervention,0.12396038253485107
6,37,intervention,0.09079526474558496
9,37,intervention,0.07819203410118265
12,37,intervention,0.07507399551476722
15,37,intervention,0.06546720576220372
18,37,intervention,0.05324544057488805
21,37,intervention,0.07024880460567136
24,37,intervention,0.03030087132206541
27,37,intervention,0.01172176106958209
30,37,intervention,0.01275745496324458
33,37,intervention,-0.01503552547351999
36,37,intervention,-0.01357983350490943
39,37,intervention,-0.01799414349907339
42,37,intervention,-0.01956237089893733
45,37,intervention,-0.01774094632395139
48,37,intervention,-0.03115769741345792
0,38,intervention,0.17649299175168545
3,38,intervention,0.15247557778855172
6,38,intervention,0.15200984327286063
9,38,intervention,0.14451163782864734
12,38,intervention,0.1387266827718454
15,38,intervention,0.1185967600176775
18,38,intervention,0.08396714009991224
21,38,intervention,0.06997449508283464
24,38,intervention,0.06406030101545723
27,38,intervention,0.04451110415819696
30,38,intervention,0.03760446479141522
33,38,intervention,0.01227986030843973
36,38,intervention,0.025250092788272938
39,38,intervention,0.02151144236222511
42,38,intervention,0.03642237168932903
45,38,intervention,0.02632462508515657
48,38,intervention,-0.01214331750080985
0,39,intervention,0.1542010699954482
3,39,intervention,0.13089302711425696
6,39,intervention,0.13165900064953437
9,39,intervention,0.08602703802851722
12,39,intervention,0.0970020411145226
15,39,intervention,0.10419949165292389
18,39,intervention,0.06005698462380635
21,39,intervention,0.07301061273489076
24,39,intervention,0.06098444178707197
27,39,intervention,0.0332644112868264
30,39,intervention,-0.00927318848106191
33,39,intervention,-8.7379291832964e-4
36,39,intervention,-0.01913460197489864
39,39,intervention,7.9921954216154e-4
42,39,intervention,-0.02406027893481955
45,39,intervention,-0.00998277769460169
48,39,intervention,-0.0377426329012064
0,4,intervention,0.1396685778651816
3,4,intervention,0.14329136029381842
6,4,intervention,0.12760187557036454
9,4,intervention,0.11545561248493924
12,4,intervention,0.11196519968518738
15,4,intervention,0.11733936417409688
18,4,intervention,0.1026946758827156
21,4,intervention,0.07088665086013701
24,4,intervention,0.083989885012143
27,4,intervention,0.04746619343481995
30,4,intervention,0.02606660944939901
33,4,intervention,0.01611445361679981
36,4,intervention,0.00964961486746436
39,4,intervention,0.00924804662419128
42,4,intervention,0.01178415153629433
45,4,intervention,0.0079669790869981
48,4,intervention,0.01816384489652269
0,40,intervention,0.15566523706091928
3,40,intervention,0.16629337007381428
6,40,intervention,0.154896277268755
9,40,intervention,0.13159606658666811
12,40,intervention,0.11729296448704912
15,40,intervention,0.11502988611697192
18,40,intervention,0.09673855682047525
21,40,intervention,0.0928905015684959
24,40,intervention,0.0727139090307342
27,40,intervention,0.05742514464923239
30,40,intervention,0.01415285987347519
33,40,intervention,0.0437893591841049
36,40,intervention,0.02950258608935089
39,40,intervention,0.01403964830388186
42,40,intervention,0.04481938908439904
45,40,intervention,0.03336084613535459
48,40,intervention,0.03673039691465216
0,41,intervention,0.13303603200857647
3,41,intervention,0.1484013173230806
6,41,intervention,0.1348732292207186
9,41,intervention,0.13981515681523382
12,41,intervention,0.10360252612320016
15,41,intervention,0.1085817517158822
18,41,intervention,0.0877744407842853
21,41,intervention,0.08541118222955642
24,41,intervention,0.07642567541673351
27,41,intervention,0.05625809233735589
30,41,intervention,0.03440784271366993
33,41,intervention,0.0398392689606855
36,41,intervention,0.01603995224334861
39,41,intervention,0.0175819700337271
42,41,intervention,0.03375722420502549
45,41,intervention,0.0351415009339837
48,41,intervention,0.00435369337543422
0,42,intervention,0.1448596732709393
3,42,intervention,0.1347806422933171
6,42,intervention,0.14025021757350747
9,42,intervention,0.10962411582200376
12,42,intervention,0.09763167878750804
15,42,intervention,0.10418507510030396
18,42,intervention,0.05431627460744773
21,42,intervention,0.07254487189676072
24,42,intervention,0.08552347219467588
27,42,intervention,0.04700380268602002
30,42,intervention,0.01824412914619576
33,42,intervention,0.03370943945740778
36,42,intervention,0.0117369579076356
39,42,intervention,0.00284979228625382
42,42,intervention,0.00982100365604653
45,42,intervention,0.00344199144200085
48,42,intervention,-0.00183998405094472
0,43,intervention,0.13446785001148326
3,43,intervention,0.09566839761174624
6,43,intervention,0.1167706737723793
9,43,intervention,0.10639947063139256
12,43,intervention,0.08442011361448828
15,43,intervention,0.07796253373848178
18,43,intervention,0.05388304912533191
21,43,intervention,0.0691065780069045
24,43,intervention,0.04386840407738651
27,43,intervention,0.02321038381219093
30,43,intervention,-0.00228562588259757
33,43,intervention,0.01953307466499252
36,43,intervention,0.00127030093066043
39,43,intervention,-0.00382720929189535
42,43,intervention,0.00514050259660352
45,43,intervention,0.01852223381426313
48,43,intervention,0.00310796754298472
0,44,intervention,0.19832655296621737
3,44,intervention,0.1803812487733443
6,44,intervention,0.13144772027851326
9,44,intervention,0.16981932930833157
12,44,intervention,0.11910165896118514
15,44,intervention,0.1367970720817407
18,44,intervention,0.10826502139377137
21,44,intervention,0.0936765096626596
24,44,intervention,0.0912843840105924
27,44,intervention,0.06911448650105637
30,44,intervention,0.06591396135091132
33,44,intervention,0.04022162181218156
36,44,intervention,0.04091343431964431
39,44,intervention,0.02181470415364285
42,44,intervention,0.00813522509486316
45,44,intervention,0.03287529581381036
48,44,intervention,0.03050071604805537
0,45,intervention,0.13069514312358074
3,45,intervention,0.12845650102367662
6,45,intervention,0.13951646194558254
9,45,intervention,0.10655204453227632
12,45,intervention,0.09558032404918734
15,45,intervention,0.10409648004847034
18,45,intervention,0.11007882832906518
21,45,intervention,0.0818595432800799
24,45,intervention,0.06913875970779074
27,45,intervention,0.05829351933077805
30,45,intervention,0.06720896216015733
33,45,intervention,0.0281766447762754
36,45,intervention,0.02720760648456118
39,45,intervention,0.01810674570255047
42,45,intervention,0.02675761208938123
45,45,intervention,0.02476783797850923
48,45,intervention,0.02504158254096438
0,46,intervention,0.20116025414693636
3,46,intervention,0.15980105833380157
6,46,intervention,0.1799118712166411
9,46,intervention,0.1323402556561105
12,46,intervention,0.10562800161918112
15,46,intervention,0.13397195313597496
18,46,intervention,0.08419913707928978
21,46,intervention,0.09114793953684776
24,46,intervention,0.07192009360907156
27,46,intervention,0.03540488178181795
30,46,intervention,0.05111137840264752
33,46,intervention,0.02823525568224385
36,46,intervention,-0.00198105389758169
39,46,intervention,0.02499873911962632
42,46,intervention,0.03218224722262886
45,46,intervention,0.03789380888451807
48,46,intervention,0.02474277961600301
0,47,intervention,0.1615364481221709
3,47,intervention,0.13800530898921204
6,47,intervention,0.13513745051625267
9,47,intervention,0.10959908203883686
12,47,intervention,0.10435953788480291
15,47,intervention,0.0926020205166122
18,47,intervention,0.09493525779565042
21,47,intervention,0.07203498284066327
24,47,intervention,0.06121768545254875
27,47,intervention,0.06931877994922546
30,47,intervention,0.05709815596398288
33,47,intervention,0.02899642368216266
36,47,intervention,0.02079758753197519
39,47,intervention,0.00922309237884321
42,47,intervention,0.02613197229570581
45,47,intervention,0.00999823673848029
48,47,intervention,0.02068898288933657
0,48,intervention,0.1103763687507034
3,48,intervention,0.10056048570866044
6,48,intervention,0.08874020463965573
9,48,intervention,0.08435054334958246
12,48,intervention,0.05649828956000912
15,48,intervention,0.0789061510907477
18,48,intervention,0.05458130841695168
21,48,intervention,0.0251172611528692
24,48,intervention,0.0091838360958004
27,48,intervention,0.02493464465955912
30,48,intervention,0.00639963877204294
33,48,intervention,-0.00853739045973557
36,48,intervention,-0.0015474977955619
39,48,intervention,-0.01951019720234951
42,48,intervention,-0.03138759131698913
45,48,intervention,-0.02474542566782398
48,48,intervention,-0.01049424428788135
0,49,intervention,0.1391718096000157
3,49,intervention,0.14214064274707686
6,49,intervention,0.14217906119246082
9,49,intervention,0.11491041044573504
12,49,intervention,0.12692913887450386
15,49,intervention,0.11745034183366432
18,49,intervention,0.10619375661889412
21,49,intervention,0.08026594877538192
24,49,intervention,0.08548264462028494
27,49,intervention,0.05707991234249083
30,49,intervention,0.02857948376929122
33,49,intervention,0.05601821911658185
36,49,intervention,0.02095777280658032
39,49,intervention,0.02828642734852311
42,49,intervention,0.03351848959321247
45,49,intervention,0.03035723161257625
48,49,intervention,0.00943633671492604
0,5,intervention,0.15309332344995644
3,5,intervention,0.15102318672641515
6,5,intervention,0.12195706637405215
9,5,intervention,0.12757471758696767
12,5,intervention,0.11878901675904498
15,5,intervention,0.09418832638997228
18,5,intervention,0.08870179707506151
21,5,intervention,0.05395883323528378
24,5,intervention,0.02781464769581455
27,5,intervention,0.04024300120097789
30,5,intervention,0.0380719613628468
33,5,intervention,0.02097923718402928
36,5,intervention,-0.01510206134653949
39,5,intervention,-0.00959678809178177
42,5,intervention,-0.00240514570117709
45,5,intervention,-0.00893926300448719
48,5,intervention,-0.01477313610486072
0,50,intervention,0.11556346335326356
3,50,intervention,0.10503189564986144
6,50,intervention,0.09247189187399872
9,50,intervention,0.13230006865955718
12,50,intervention,0.09713830225727628
15,50,intervention,0.0380984845838121
18,50,intervention,0.0532671935677259
21,50,intervention,0.03791073713144051
24,50,intervention,0.01135796469243879
27,50,intervention,-0.0127026834234627
30,50,intervention,0.00678573998421848
33,50,intervention,-0.00579466580599469
36,50,intervention,-0.01946922610818023
39,50,intervention,-0.03109622303117342
42,50,intervention,-0.0251930799930978
45,50,intervention,-0.01966235468386047
48,50,intervention,-0.01128815646175588
0,51,intervention,0.12680619801355664
3,51,intervention,0.15568431193970106
6,51,intervention,0.11946541412440662
9,51,intervention,0.13564036434545054
12,51,intervention,0.10849643668152736
15,51,intervention,0.08629364261457606
18,51,intervention,0.08713313767298585
21,51,intervention,0.07574942838424893
24,51,intervention,0.05280893017524383
27,51,intervention,0.02189980944902622
30,51,intervention,0.00474500828400363
33,51,intervention,0.00898283449360278
36,51,intervention,-0.00309274296423762
39,51,intervention,-0.02275893227044789
42,51,intervention,-0.0092871341327058
45,51,intervention,-0.01247795916678847
48,51,intervention,-0.02722598486677202
0,52,intervention,0.15028496472427447
3,52,intervention,0.13453555555657534
6,52,intervention,0.11823092998552956
9,52,intervention,0.12507056439701453
12,52,intervention,0.11207784565454997
15,52,intervention,0.08085696489846779
18,52,intervention,0.10059543836596398
21,52,intervention,0.0413750571886698
24,52,intervention,0.04219469716172546
27,52,intervention,0.02946254483985844
30,52,intervention,0.01708058751772333
33,52,intervention,0.01344643249955526
36,52,intervention,-0.00255093296956545
39,52,intervention,0.02475584283908986
42,52,intervention,-0.002830374848903
45,52,intervention,0.01178225029534798
48,52,intervention,0.01181003704885542
0,53,intervention,0.11994224101844878
3,53,intervention,0.10325588369708816
6,53,intervention,0.1047759136759463
9,53,intervention,0.08516441114752181
12,53,intervention,0.08338732240671302
15,53,intervention,0.08328915491671902
18,53,intervention,0.05473292553080193
21,53,intervention,0.03244373601151341
24,53,intervention,0.03546964149239783
27,53,intervention,-0.00616911663677612
30,53,intervention,0.00244783657092284
33,53,intervention,-0.00890901839347963
36,53,intervention,-0.00232638009863948
39,53,intervention,-0.01537061898843383
42,53,intervention,-0.0150832466159478
45,53,intervention,-0.02615130126295154
48,53,intervention,-0.0281355555361156
0,54,intervention,0.15652083013470658
3,54,intervention,0.12019576354952302
6,54,intervention,0.12727635276641636
9,54,intervention,0.13259814906463668
12,54,intervention,0.10699324620502015
15,54,intervention,0.08950745190262295
18,54,intervention,0.07848841425145578
21,54,intervention,0.07725465798855308
24,54,intervention,0.03702588570588905
27,54,intervention,0.02386135325769524
30,54,intervention,0.01670779621729778
33,54,intervention,0.00341374622377627
36,54,intervention,-0.00477175507642096
39,54,intervention,0.00903004452036807
42,54,intervention,0.01024455298674816
45,54,intervention,-0.0278424721198435
48,54,intervention,-0.00219665069898387
0,55,intervention,0.15370866354775586
3,55,intervention,0.11901638598112842
6,55,intervention,0.11795860337945344
9,55,intervention,0.11807326724141146
12,55,intervention,0.08381809100058706
15,55,intervention,0.09096157752040789
18,55,intervention,0.08011493199021685
21,55,intervention,0.07557052238352505
24,55,intervention,0.05167153807702614
27,55,intervention,0.05206883789969526
30,55,intervention,0.04088928962757148
33,55,intervention,0.00835444797713534
36,55,intervention,0.01752533191530891
39,55,intervention,0.02219121967241454
42,55,intervention,0.01453330747328613
45,55,intervention,0.00207504263221099
48,55,intervention,9.9465256638232e-4
0,56,intervention,0.10019146470581254
3,56,intervention,0.08886136102433452
6,56,intervention,0.07457279350383995
9,56,intervention,0.07673570557817473
12,56,intervention,0.04555292896364204
15,56,intervention,0.04838850264129463
18,56,intervention,0.05088300380070983
21,56,intervention,0.01923416730624248
24,56,intervention,0.00954886519120649
27,56,intervention,0.0029185797846889
30,56,intervention,-0.00814712641847109
33,56,intervention,-0.02181496253591912
36,56,intervention,-0.01784037513405719
39,56,intervention,-0.04130609462676877
42,56,intervention,-0.01151132586865363
45,56,intervention,-0.0335678018922206
48,56,intervention,-0.02893680137364565
0,57,intervention,0.1505875599026367
3,57,intervention,0.1093657365753925
6,57,intervention,0.11526991440400218
9,57,intervention,0.08283836905172662
12,57,intervention,0.08130985098975739
15,57,intervention,0.06136006392449741
18,57,intervention,0.08468472434077695
21,57,intervention,0.05490015617092288
24,57,intervention,0.04761158673524902
27,57,intervention,-0.00137315797786927
30,57,intervention,0.02278926291462959
33,57,intervention,0.00278984217884814
36,57,intervention,-0.00693669193819944
39,57,intervention,-0.01276722633072026
42,57,intervention,-0.00982478202734989
45,57,intervention,0.00491607214791762
48,57,intervention,-0.01225339204936465
0,58,intervention,0.13966869504351836
3,58,intervention,0.09649299412110986
6,58,intervention,0.09999581140551884
9,58,intervention,0.10614625439426335
12,58,intervention,0.04816606146286505
15,58,intervention,0.0704653161795571
18,58,intervention,0.0496540808888841
21,58,intervention,0.01928034645353108
24,58,intervention,0.04924640659371526
27,58,intervention,0.03636170999446564
30,58,intervention,0.02704449120674494
33,58,intervention,-0.00240230587006551
36,58,intervention,-0.00967214867965626
39,58,intervention,-0.01322735520871562
42,58,intervention,-0.0099334677430352
45,58,intervention,-0.01602708183572575
48,58,intervention,0.00218508175852783
0,59,intervention,0.16998748986880893
3,59,intervention,0.16881869498721047
6,59,intervention,0.1793646781116929
9,59,intervention,0.16720637582705447
12,59,intervention,0.14180394210567077
15,59,intervention,0.11268829890976416
18,59,intervention,0.11351850992009588
21,59,intervention,0.07414641940996528
24,59,intervention,0.05672995287453284
27,59,intervention,0.05447687692418913
30,59,intervention,0.0375702159597308
33,59,intervention,0.01959236510786292
36,59,intervention,0.00585145294194882
39,59,intervention,0.00663883537266043
42,59,intervention,0.00606732630520721
45,59,intervention,0.0030812256456819
48,59,intervention,0.00940875454314673
0,6,intervention,0.12791263948826448
3,6,intervention,0.11891647378559816
6,6,intervention,0.10288267173079375
9,6,intervention,0.11744113859859036
12,6,intervention,0.11197498990114647
15,6,intervention,0.05727578907159392
18,6,intervention,0.04634159047491997
21,6,intervention,0.03772481286581723
24,6,intervention,0.04874177798397151
27,6,intervention,0.02945118260894633
30,6,intervention,0.00328735908957954
33,6,intervention,-0.00340836648459227
36,6,intervention,0.00453308268155353
39,6,intervention,-0.00531049286177171
42,6,intervention,-0.01266496313074239
45,6,intervention,-0.0139686562463246
48,6,intervention,-0.00433155327781776
0,60,intervention,0.1146341927968283
3,60,intervention,0.09945754550107704
6,60,intervention,0.08661062223734697
9,60,intervention,0.1175754446068094
12,60,intervention,0.07496293779298922
15,60,intervention,0.08336751329508989
18,60,intervention,0.05965506257760832
21,60,intervention,0.05126668234227269
24,60,intervention,0.05399058179943285
27,60,intervention,0.0106391932973028
30,60,intervention,0.0310727416975042
33,60,intervention,-0.01215421913825161
36,60,intervention,0.00526411679941886
39,60,intervention,-0.01085409820902771
42,60,intervention,-0.0089213027233741
45,60,intervention,-0.02713399042852005
48,60,intervention,-0.0252013292729271
0,61,intervention,0.1294559285756716
3,61,intervention,0.16400883442591532
6,61,intervention,0.1136562101174924
9,61,intervention,0.07979220653842328
12,61,intervention,0.09415738566203978
15,61,intervention,0.08135943098624604
18,61,intervention,0.06916457423537217
21,61,intervention,0.053808035182093
24,61,intervention,0.0393827575749212
27,61,intervention,0.00567023813060282
30,61,intervention,0.01102357430371741
33,61,intervention,-1.802079416145948e-5
36,61,intervention,-0.01734039995517417
39,61,intervention,0.00820625957662316
42,61,intervention,0.007260956189609
45,61,intervention,-0.02441149888017785
48,61,intervention,0.01671070170399383
0,62,intervention,0.15415901770936524
3,62,intervention,0.1545627555462206
6,62,intervention,0.1511082204519924
9,62,intervention,0.13632235365511164
12,62,intervention,0.12182252131006104
15,62,intervention,0.09601990265983988
18,62,intervention,0.08307161674471412
21,62,intervention,0.09403303214588228
24,62,intervention,0.05342854348142879
27,62,intervention,0.06821407468822244
30,62,intervention,0.04088454593878248
33,62,intervention,-2.0325199958435e-4
36,62,intervention,-0.02564301420106711
39,62,intervention,0.00748305085603117
42,62,intervention,-0.00940836356757578
45,62,intervention,0.01914574613391946
48,62,intervention,-0.00851740891874979
0,63,intervention,0.16880884136007782
3,63,intervention,0.1689104221837656
6,63,intervention,0.1527954539598041
9,63,intervention,0.1414941350471991
12,63,intervention,0.13365113470733128
15,63,intervention,0.1271786898026208
18,63,intervention,0.09306225060888348
21,63,intervention,0.09498801010801482
24,63,intervention,0.08016689931370166
27,63,intervention,0.08790117409880308
30,63,intervention,0.08297018911456613
33,63,intervention,0.0434720469877253
36,63,intervention,0.02449556734435344
39,63,intervention,0.04858765156497849
42,63,intervention,0.03022024962695647
45,63,intervention,0.01823521945270393
48,63,intervention,0.0302370992026186
0,64,intervention,0.14903995424836022
3,64,intervention,0.09424527829806156
6,64,intervention,0.08981899097121827
9,64,intervention,0.10316205421684792
12,64,intervention,0.0975576671778416
15,64,intervention,0.08349327219592485
18,64,intervention,0.06644795130740389
21,64,intervention,0.04640558238231337
24,64,intervention,0.0401681670842952
27,64,intervention,0.04578967945481344
30,64,intervention,0.00862501930997562
33,64,intervention,9.6670678219973e-4
36,64,intervention,-0.01266947362824769
39,64,intervention,-0.00725397789176665
42,64,intervention,3.9507944924431e-4
45,64,intervention,-0.01695763422550635
48,64,intervention,-0.01014549627311475
0,65,intervention,0.21195845763609697
3,65,intervention,0.15782213146101454
6,65,intervention,0.1615178128526195
9,65,intervention,0.1796909296959947
12,65,intervention,0.1554489472969568
15,65,intervention,0.15750755045501663
18,65,intervention,0.11479170422220618
21,65,intervention,0.12106479862039174
24,65,intervention,0.09816232468703616
27,65,intervention,0.08397086642497696
30,65,intervention,0.09524183104797308
33,65,intervention,0.06977713241626834
36,65,intervention,0.03920188488254493
39,65,intervention,0.05091120178738406
42,65,intervention,0.04753937117064268
45,65,intervention,0.05415900484723706
48,65,intervention,0.05866385288588496
0,66,intervention,0.11314730353949376
3,66,intervention,0.092602757408824607
6,66,intervention,0.11508093440619548
9,66,intervention,0.08035174745874778
12,66,intervention,0.08585091733082165
15,66,intervention,0.09606836795337433
18,66,intervention,0.05555417916987251
21,66,intervention,0.05871748151157394
24,66,intervention,0.03357914227261165
27,66,intervention,0.0095239081296065
30,66,intervention,0.01858811840212686
33,66,intervention,0.00591000150199238
36,66,intervention,-0.00781201025789426
39,66,intervention,-0.01250434977015415
42,66,intervention,-0.00746337089285284
45,66,intervention,-0.01769260108971612
48,66,intervention,0.00307972408857575
0,67,intervention,0.12247089884759078
3,67,intervention,0.12488785981344544
6,67,intervention,0.1087091283973674
9,67,intervention,0.09660454096517018
12,67,intervention,0.08368136956614182
15,67,intervention,0.094576342719239
18,67,intervention,0.07631104642814611
21,67,intervention,0.03376831668008276
24,67,intervention,0.03115515197168066
27,67,intervention,0.0193101915338016
30,67,intervention,0.01517131593239272
33,67,intervention,5.4369840760917e-4
36,67,intervention,-0.00836957697146681
39,67,intervention,-0.02955462194439329
42,67,intervention,-0.0184771321055954
45,67,intervention,-0.01768747701339509
48,67,intervention,-0.02256184593302541
0,68,intervention,0.17437385145253814
3,68,intervention,0.16072045841708374
6,68,intervention,0.15080099421173965
9,68,intervention,0.13204049093679543
12,68,intervention,0.12245018015928436
15,68,intervention,0.0941294104241121
18,68,intervention,0.09873708001192325
21,68,intervention,0.08615792406572038
24,68,intervention,0.04850745458396933
27,68,intervention,0.05327255306052324
30,68,intervention,0.01942401223133309
33,68,intervention,-0.00233248005271017
36,68,intervention,8.8596434362642e-4
39,68,intervention,-0.00659535732170149
42,68,intervention,-0.00910467028197831
45,68,intervention,0.00177628500378242
48,68,intervention,-0.00478655036983713
0,69,intervention,0.13349372337279
3,69,intervention,0.11907868587737572
6,69,intervention,0.12930094864985933
9,69,intervention,0.09374045225377528
12,69,intervention,0.08725289960457909
15,69,intervention,0.0378905790535969
18,69,intervention,0.06799390633260172
21,69,intervention,0.04516827330826581
24,69,intervention,0.03362663622373509
27,69,intervention,0.03884798375606099
30,69,intervention,0.02460981658772777
33,69,intervention,-0.00526496814107302
36,69,intervention,-0.0019957005775528
39,69,intervention,-0.00980448624899856
42,69,intervention,0.0147338713668731
45,69,intervention,-0.00393152558916994
48,69,intervention,-0.0200486810713068
0,7,intervention,0.07400604180734978
3,7,intervention,0.08845429314827176
6,7,intervention,0.108503803744144
9,7,intervention,0.06712003523550619
12,7,intervention,0.03834388365752614
15,7,intervention,0.03840023643554767
18,7,intervention,0.01863125605624951
21,7,intervention,0.01488350238870848
24,7,intervention,0.01215492705287556
27,7,intervention,-0.02195343935389686
30,7,intervention,-0.01311549032504067
33,7,intervention,-0.01462663833027343
36,7,intervention,-0.01938852588937472
39,7,intervention,-0.02374020851158415
42,7,intervention,-0.02494852445776092
45,7,intervention,-0.05050833068855959
48,7,intervention,-0.02284496575765507
0,70,intervention,0.1422423376744866
3,70,intervention,0.11364504209616806
6,70,intervention,0.07704156282372604
9,70,intervention,0.06264042804306724
12,70,intervention,0.08137725479162318
15,70,intervention,0.05545854981414348
18,70,intervention,0.04655910376069563
21,70,intervention,0.03451830051303626
24,70,intervention,0.01986471424281757
27,70,intervention,0.02702135129919116
30,70,intervention,-0.00876425546978014
33,70,intervention,-0.01896606827853358
36,70,intervention,-0.02073358722919115
39,70,intervention,-0.0184554094700175
42,70,intervention,-0.04335642983479994
45,70,intervention,-0.02897226042348605
48,70,intervention,-0.0364432025716612
0,72,intervention,0.1856960697718023
3,72,intervention,0.16923515213732648
6,72,intervention,0.12994095694202512
9,72,intervention,0.11593614335292517
12,72,intervention,0.10196305046555676
15,72,intervention,0.09300687697516714
18,72,intervention,0.06771771981711912
21,72,intervention,0.06372087669196587
24,72,intervention,0.02668408681712982
27,72,intervention,0.03463915027324933
30,72,intervention,0.01335182498993385
33,72,intervention,-0.01600372881698764
36,72,intervention,-0.01550191450110926
39,72,intervention,4.4632794692096e-4
42,72,intervention,-0.02202530693783511
45,72,intervention,-0.01812580184116635
48,72,intervention,-0.01532127792511561
0,73,intervention,0.1592687414053756
3,73,intervention,0.1180976213001505
6,73,intervention,0.09927027196057432
9,73,intervention,0.07959426046357192
12,73,intervention,0.06521507319004748
15,73,intervention,0.08430898955388139
18,73,intervention,0.07912800257541815
21,73,intervention,0.03885094771099329
24,73,intervention,0.03858963478631778
27,73,intervention,0.01286288603993212
30,73,intervention,0.01083154705781883
33,73,intervention,-0.01054708716941811
36,73,intervention,-0.01761475590626909
39,73,intervention,-0.01046678803375366
42,73,intervention,-0.0015702376756131
45,73,intervention,-0.01059680206322945
48,73,intervention,-0.01724953839740751
0,74,intervention,0.13703134758909497
3,74,intervention,0.11748959547583604
6,74,intervention,0.10247730434033234
9,74,intervention,0.08058858789094529
12,74,intervention,0.0713773177023243
15,74,intervention,0.07144601132399038
18,74,intervention,0.07108784326134665
21,74,intervention,0.01970497566372302
24,74,intervention,0.03870499013278836
27,74,intervention,0.01612269819144386
30,74,intervention,0.0209311438144824
33,74,intervention,-0.0251933354428866
36,74,intervention,-0.01006457477620015
39,74,intervention,-0.02264248401699925
42,74,intervention,-0.01476983012826851
45,74,intervention,-0.01949558346241483
48,74,intervention,-0.01144637503775588
0,75,intervention,0.17466854014687
3,75,intervention,0.17938128032741066
6,75,intervention,0.1682107961734305
9,75,intervention,0.15198796251078883
12,75,intervention,0.12545883953103434
15,75,intervention,0.12606371288197277
18,75,intervention,0.10710973148544058
21,75,intervention,0.0911193125166612
24,75,intervention,0.08926515886528166
27,75,intervention,0.06354103323480982
30,75,intervention,0.04660004825950095
33,75,intervention,0.0549037620625275
36,75,intervention,0.02440203442929851
39,75,intervention,0.03339022682013069
42,75,intervention,0.03436440606273101
45,75,intervention,0.02557754408120079
48,75,intervention,0.02336424170986467
0,76,intervention,0.1103463321018886
3,76,intervention,0.1223734594067704
6,76,intervention,0.10136502696771985
9,76,intervention,0.08363222421250267
12,76,intervention,0.071897415951968
15,76,intervention,0.03248989706956452
18,76,intervention,0.04543519250632705
21,76,intervention,0.02504055022047455
24,76,intervention,0.01785729394860128
27,76,intervention,0.00902889011090507
30,76,intervention,-0.01424328730585828
33,76,intervention,-0.02111488932113504
36,76,intervention,-0.0402206748005265
39,76,intervention,-0.03340665447176041
42,76,intervention,-0.02183450941646453
45,76,intervention,-0.02896458446303102
48,76,intervention,-0.0488782685551842
0,77,intervention,0.12500638564249036
3,77,intervention,0.12132461780979122
6,77,intervention,0.1089838602072828
9,77,intervention,0.0808783414045575
12,77,intervention,0.07493605054736326
15,77,intervention,0.06215056413327041
18,77,intervention,0.06161778421918433
21,77,intervention,0.02148217350706425
24,77,intervention,0.00269266281264494
27,77,intervention,-0.00330793782013271
30,77,intervention,0.01443837661710651
33,77,intervention,-0.00121687935443634
36,77,intervention,0.00174544745017492
39,77,intervention,-0.02175498156888674
42,77,intervention,-0.03898273774526049
45,77,intervention,-0.00823364348780298
48,77,intervention,-0.02412690989048334
0,78,intervention,0.15833831061084297
3,78,intervention,0.13054969159622093
6,78,intervention,0.14350683848062032
9,78,intervention,0.10388127275526404
12,78,intervention,0.10928213855346504
15,78,intervention,0.11250865976840008
18,78,intervention,0.10529063734006604
21,78,intervention,0.094969789899233
24,78,intervention,0.04845746595119687
27,78,intervention,0.0324357117656608
30,78,intervention,0.02993264460168148
33,78,intervention,0.03826095158410198
36,78,intervention,0.00844607534671475
39,78,intervention,0.0150501194216374
42,78,intervention,0.01181878794287106
45,78,intervention,0.01242322632550367
48,78,intervention,0.02303447235733297
0,79,intervention,0.09644030724691724
3,79,intervention,0.10467950804616569
6,79,intervention,0.0942317811502989
9,79,intervention,0.06379981132493938
12,79,intervention,0.07992548902385051
15,79,intervention,0.04486883798533211
18,79,intervention,0.0520069178171828
21,79,intervention,0.03060270513419591
24,79,intervention,0.00289692000099944
27,79,intervention,0.00213298104218793
30,79,intervention,-6.60699746177e-4
33,79,intervention,-0.01187822069023347
36,79,intervention,-0.0277053488791929
39,79,intervention,-0.00976099826242035
42,79,intervention,-0.0086434948030094
45,79,intervention,-0.01018609045004574
48,79,intervention,-0.02576758443165925
0,8,intervention,0.15214429627025067
3,8,intervention,0.15707306671777885
6,8,intervention,0.1403083483748501
9,8,intervention,0.14343697711221698
12,8,intervention,0.078555928081432
15,8,intervention,0.09621160514124308
18,8,intervention,0.08361108202744247
21,8,intervention,0.08506733154731703
24,8,intervention,0.04166427261417874
27,8,intervention,0.05146294916606386
30,8,intervention,0.05410820158033394
33,8,intervention,0.01601357436976096
36,8,intervention,0.02898980632565557
39,8,intervention,0.01009819843006855
42,8,intervention,0.00954251581210342
45,8,intervention,0.01257942229874098
48,8,intervention,0.00787714485627492
0,80,intervention,0.15175074934438887
3,80,intervention,0.14390518824153722
6,80,intervention,0.1487350385229488
9,80,intervention,0.13098397229586906
12,80,intervention,0.08500176440533373
15,80,intervention,0.1153257956277177
18,80,intervention,0.06999414976267362
21,80,intervention,0.05933102413434889
24,80,intervention,0.05121079996693201
27,80,intervention,0.0343079104785819
30,80,intervention,0.04679723516586527
33,80,intervention,0.02256219943993919
36,80,intervention,0.01001224654773142
39,80,intervention,0.02432277053084888
42,80,intervention,0.0207323572998684
45,80,intervention,0.01655209858196693
48,80,intervention,0.01814860647222483
0,81,intervention,0.18184690317539096
3,81,intervention,0.15614303955712253
6,81,intervention,0.1551076903150109
9,81,intervention,0.1467066928521133
12,81,intervention,0.1260746020394495
15,81,intervention,0.15845152465595802
18,81,intervention,0.12020692995053608
21,81,intervention,0.06154235815920667
24,81,intervention,0.07477103194583955
27,81,intervention,0.07732800633887753
30,81,intervention,0.05322775471241407
33,81,intervention,0.0397189583150171
36,81,intervention,0.04288487454995561
39,81,intervention,0.04670633162556384
42,81,intervention,0.00953816227564233
45,81,intervention,0.01932038723491105
48,81,intervention,0.04437166145923404
0,82,intervention,0.1314454206302128
3,82,intervention,0.15648078824953626
6,82,intervention,0.12527064420738265
9,82,intervention,0.128847864327934
12,82,intervention,0.10663673354006792
15,82,intervention,0.10368489716806692
18,82,intervention,0.0840516011975419
21,82,intervention,0.08100488622889057
24,82,intervention,0.0762281817752995
27,82,intervention,0.03191265592137647
30,82,intervention,0.03976280939082011
33,82,intervention,0.05162638837151311
36,82,intervention,0.01182868023801595
39,82,intervention,0.02410643743646746
42,82,intervention,0.02351091836340878
45,82,intervention,0.00396343803256899
48,82,intervention,0.00814720801317849
0,83,intervention,0.09110577440676576
3,83,intervention,0.067920865404075
6,83,intervention,0.0806895454281843
9,83,intervention,0.04637346759149874
12,83,intervention,0.06479279050672619
15,83,intervention,0.02708709825777506
18,83,intervention,0.04783869981833653
21,83,intervention,0.01561630318124301
24,83,intervention,0.02596772135307965
27,83,intervention,-0.00796616702924501
30,83,intervention,-0.02743458444552409
33,83,intervention,-0.05372875482703408
36,83,intervention,-0.02270691653634332
39,83,intervention,-0.04027655888206932
42,83,intervention,-0.04641620415821895
45,83,intervention,-0.01847890894830657
48,83,intervention,-0.03991128428801418
0,84,intervention,0.152520948686186
3,84,intervention,0.1261562117004462
6,84,intervention,0.12351254905259204
9,84,intervention,0.12641080732358811
12,84,intervention,0.11452422940687346
15,84,intervention,0.08041676055830796
18,84,intervention,0.0994283107398348
21,84,intervention,0.0574639332013695
24,84,intervention,0.06740656255051654
27,84,intervention,0.03125394895592541
30,84,intervention,0.02385633715770731
33,84,intervention,0.03328176966068981
36,84,intervention,0.02470177426701051
39,84,intervention,0.02037746679515098
42,84,intervention,0.01829352310305025
45,84,intervention,0.00521600503664295
48,84,intervention,0.00526705427231404
0,85,intervention,0.13632730039514934
3,85,intervention,0.15887167129440294
6,85,intervention,0.13734184598718086
9,85,intervention,0.08384456733359771
12,85,intervention,0.08971053928014026
15,85,intervention,0.04913701214549815
18,85,intervention,0.05259225473487682
21,85,intervention,0.04638463674742332
24,85,intervention,0.04490994627086102
27,85,intervention,0.03083217606538953
30,85,intervention,0.00101276509966818
33,85,intervention,0.00704679173404151
36,85,intervention,-0.00706678834385291
39,85,intervention,-0.00298689657147016
42,85,intervention,-0.01385005514062722
45,85,intervention,0.0083762891510227
48,85,intervention,-0.00396257027342211
0,86,intervention,0.1718617819892858
3,86,intervention,0.14432257689934372
6,86,intervention,0.12371511524840909
9,86,intervention,0.11647029038239508
12,86,intervention,0.12637418509788867
15,86,intervention,0.07687388252102124
18,86,intervention,0.09537278483516422
21,86,intervention,0.08910598295062815
24,86,intervention,0.05054464801298258
27,86,intervention,0.04239978031530508
30,86,intervention,0.03941928972514384
33,86,intervention,0.00467113436621868
36,86,intervention,0.01481050409298459
39,86,intervention,-0.00476623973437407
42,86,intervention,0.01972758884884497
45,86,intervention,9.1108610165517e-4
48,86,intervention,0.00447745608292409
0,87,intervention,0.11606099885066032
3,87,intervention,0.10355387538748498
6,87,intervention,0.11389228708455888
9,87,intervention,0.09976585195561832
12,87,intervention,0.11053363156179616
15,87,intervention,0.08048190149610504
18,87,intervention,0.07424990410947178
21,87,intervention,0.07069811187837081
24,87,intervention,0.04526546097810349
27,87,intervention,0.02483858946929806
30,87,intervention,0.04811439456628291
33,87,intervention,0.0054009655358919
36,87,intervention,0.02369026855994141
39,87,intervention,0.00130277462788572
42,87,intervention,0.01064950564667377
45,87,intervention,0.01639775973463011
48,87,intervention,0.00919831048405081
0,88,intervention,0.14973932595917547
3,88,intervention,0.13407073643482606
6,88,intervention,0.1512355189448702
9,88,intervention,0.12467499216003897
12,88,intervention,0.07651856992435188
15,88,intervention,0.09829086932594493
18,88,intervention,0.05900091978045036
21,88,intervention,0.04915101441143396
24,88,intervention,0.03235818099664854
27,88,intervention,0.01886146062379911
30,88,intervention,0.00906273625590462
33,88,intervention,0.01191055640354328
36,88,intervention,-0.02324651934797279
39,88,intervention,-0.01364850558207625
42,88,intervention,0.00879132704824443
45,88,intervention,0.01252441086631716
48,88,intervention,-0.00333019676431092
0,89,intervention,0.14106472634047623
3,89,intervention,0.13525096080117438
6,89,intervention,0.1233457017478873
9,89,intervention,0.11345700733221112
12,89,intervention,0.11337976453538348
15,89,intervention,0.08112868518647132
18,89,intervention,0.07948589529366225
21,89,intervention,0.06300447546049301
24,89,intervention,0.04392942183480008
27,89,intervention,0.02885927950898265
30,89,intervention,0.0011824349517993
33,89,intervention,0.00219449331701462
36,89,intervention,-0.00112980571866886
39,89,intervention,0.00428668733743903
42,89,intervention,0.00243462531790435
45,89,intervention,-0.00272483286564618
48,89,intervention,-0.01165791329214634
0,9,intervention,0.1670847681596123
3,9,intervention,0.15476736572738695
6,9,intervention,0.1386215938231132
9,9,intervention,0.17812117357556292
12,9,intervention,0.1347203193948152
15,9,intervention,0.11699111145493166
18,9,intervention,0.12908633872058878
21,9,intervention,0.07323786535318502
24,9,intervention,0.0460598790739932
27,9,intervention,0.06079341956398629
30,9,intervention,0.04771457244134092
33,9,intervention,0.03431657316895334
36,9,intervention,0.01939281716744872
39,9,intervention,0.0168503892201702
42,9,intervention,0.02416477543307993
45,9,intervention,0.00440420130888251
48,9,intervention,0.00798218815056049
0,90,intervention,0.1548411743848745
3,90,intervention,0.1112173716357174
6,90,intervention,0.11300611078752242
9,90,intervention,0.11702552242333908
12,90,intervention,0.0826873272219554
15,90,intervention,0.13507331918699253
18,90,intervention,0.07057752037741288
21,90,intervention,0.06501624105822194
24,90,intervention,0.02963782149035418
27,90,intervention,0.06086540122289315
30,90,intervention,-2.7621274711451e-4
33,90,intervention,-0.00990707214157612
36,90,intervention,-0.01523172061378833
39,90,intervention,-0.01379229036288564
42,90,intervention,-0.00180559562903641
45,90,intervention,-0.02312484131671181
48,90,intervention,-0.01659332491786364
0,91,intervention,0.15296910843159134
3,91,intervention,0.13117474532386172
6,91,intervention,0.13083998751782774
9,91,intervention,0.15765349782655924
12,91,intervention,0.09152862489221818
15,91,intervention,0.09426793405143612
18,91,intervention,0.07197044263693383
21,91,intervention,0.05443831731225395
24,91,intervention,0.0388351596908642
27,91,intervention,0.0304814824709757
30,91,intervention,0.01120031028962611
33,91,intervention,0.00923502323867982
36,91,intervention,-0.00568208738896602
39,91,intervention,-0.01163912953200592
42,91,intervention,-0.00134151602888859
45,91,intervention,-0.00102623490960873
48,91,intervention,-0.01352484984970696
0,92,intervention,0.1585176392276163
3,92,intervention,0.14123035269597334
6,92,intervention,0.14653776586373968
9,92,intervention,0.14488735500898786
12,92,intervention,0.09809180088687174
15,92,intervention,0.1086803106855702
18,92,intervention,0.10209123004493756
21,92,intervention,0.08375080946786807
24,92,intervention,0.07363589219849759
27,92,intervention,0.0190057768838078
30,92,intervention,0.0511612201414199
33,92,intervention,0.01061255229267013
36,92,intervention,0.00317171229860788
39,92,intervention,0.01074244250708413
42,92,intervention,0.01449665405093221
45,92,intervention,0.02761966752017102
48,92,intervention,0.01581234790647156
0,93,intervention,0.14361402565072434
3,93,intervention,0.11904957301887403
6,93,intervention,0.12228242276949824
9,93,intervention,0.11609107359556456
12,93,intervention,0.11020579095798862
15,93,intervention,0.05562214537762189
18,93,intervention,0.05467970007172552
21,93,intervention,0.07069827187739548
24,93,intervention,0.04161300051564194
27,93,intervention,0.03461436687644234
30,93,intervention,0.03253233009279336
33,93,intervention,0.01619837621758698
36,93,intervention,0.01349113944934368
39,93,intervention,0.01555723473280994
42,93,intervention,0.00471993828491484
45,93,intervention,0.00836461203287069
48,93,intervention,0.01917953948705283
0,94,intervention,0.17601875655375177
3,94,intervention,0.11223475053579668
6,94,intervention,0.1376350215124268
9,94,intervention,0.10277512495415536
12,94,intervention,0.11924116190932854
15,94,intervention,0.09497917406014836
18,94,intervention,0.06103066346203359
21,94,intervention,0.07216084614746474
24,94,intervention,0.04743957523443729
27,94,intervention,0.05381609159655215
30,94,intervention,0.03506256522101988
33,94,intervention,0.01216717578544833
36,94,intervention,0.011560523184435
39,94,intervention,0.02623434848517615
42,94,intervention,0.00825080146219346
45,94,intervention,0.02642304363615907
48,94,intervention,0.00743591294557951
0,95,intervention,0.15533894966906472
3,95,intervention,0.1340292959054506
6,95,intervention,0.12428479604008756
9,95,intervention,0.08643371107883606
12,95,intervention,0.11251509515157351
15,95,intervention,0.08020084282807319
18,95,intervention,0.08077434360768368
21,95,intervention,0.03616286313085086
24,95,intervention,0.03116097798184634
27,95,intervention,0.03277004092244461
30,95,intervention,0.00791440607183422
33,95,intervention,0.01369967523488109
36,95,intervention,-0.01477544019909804
39,95,intervention,-0.02032081790980461
42,95,intervention,0.00120881923999486
45,95,intervention,0.00651846460752642
48,95,intervention,-0.00461133614673921
0,96,intervention,0.16515934505755173
3,96,intervention,0.1640783346222957
6,96,intervention,0.13980177953265047
9,96,intervention,0.1291254760738646
12,96,intervention,0.1211782489354334
15,96,intervention,0.10598980979480098
18,96,intervention,0.09098528408131296
21,96,intervention,0.07037513765854254
24,96,intervention,0.07507010263291612
27,96,intervention,0.04263245780016908
30,96,intervention,0.007021981231899
33,96,intervention,0.00606089077686919
36,96,intervention,0.02140707022459443
39,96,intervention,0.01300440807258893
42,96,intervention,0.00411937288718613
45,96,intervention,0.00350563512757585
48,96,intervention,0.00316746869307087
0,97,intervention,0.17247415714207473
3,97,intervention,0.1537445534840636
6,97,intervention,0.1299312313037057
9,97,intervention,0.1437116360948873
12,97,intervention,0.11326173994443436
15,97,intervention,0.09625460425731712
18,97,intervention,0.09034659277314208
21,97,intervention,0.07785453497451476
24,97,intervention,0.0607756588848271
27,97,intervention,0.05280573395543345
30,97,intervention,0.02127325026186475
33,97,intervention,0.02553710911950785
36,97,intervention,0.00215859053995743
39,97,intervention,-0.00383914183370136
42,97,intervention,-0.01437622920879264
45,97,intervention,0.00594553404490428
48,97,intervention,0.01394599236111976
0,98,intervention,0.14701031942903142
3,98,intervention,0.14339011496131945
6,98,intervention,0.12766051112243448
9,98,intervention,0.12459044627040795
12,98,intervention,0.06267677968047076
15,98,intervention,0.08070433274734261
18,98,intervention,0.0744076563854179
21,98,intervention,0.08066796134875034
24,98,intervention,0.01456674374561105
27,98,intervention,0.01183971291879285
30,98,intervention,-0.01078406596116882
33,98,intervention,-0.01228475207051284
36,98,intervention,3.6510509626177e-4
39,98,intervention,-0.01174099220466267
42,98,intervention,-0.00967843523409402
45,98,intervention,-0.00304047164752585
48,98,intervention,-0.02610565736192176
0,99,intervention,0.15740483320480145
3,99,intervention,0.11011045137916682
6,99,intervention,0.09501297702871332
9,99,intervention,0.10378010493404112
12,99,intervention,0.08796297898571269
15,99,intervention,0.08054005841422546
18,99,intervention,0.087522396662621
21,99,intervention,0.05030975235513862
24,99,intervention,0.02414695776522788
27,99,intervention,0.01717197361774011
30,99,intervention,0.01814127875299301
33,99,intervention,0.01661350224401705
36,99,intervention,0.01049035459829151
39,99,intervention,-0.00384575945547564
42,99,intervention,0.01334274426025567
45,99,intervention,-0.00675588430919823
48,99,intervention,0.00339989366435761
