Time,Seed,Model,Value
0,1,control,-0.03942306701381164
3,1,control,-0.03181513403574433
6,1,control,-0.04684590362852871
9,1,control,-0.06295156100304103
12,1,control,-0.01952831499335488
15,1,control,-0.05534645882386508
18,1,control,-0.02457470239576541
21,1,control,-0.0421331747681542
24,1,control,-0.04362561343564158
27,1,control,-0.02583913416910082
30,1,control,-0.03307874459251232
33,1,control,-0.02107986463955356
36,1,control,-0.02122321386956785
39,1,control,-0.04837288752102967
42,1,control,-0.03292710907403459
45,1,control,-0.03506422405210239
48,1,control,-0.03643191838773867
0,10,control,0.01107597774478834
3,10,control,0.0022970174034226
6,10,control,0.02088410097362626
9,10,control,0.02246469989261534
12,10,control,0.01073825465848682
15,10,control,0.00932547730542256
18,10,control,0.02226636124510252
21,10,control,0.02118777947131805
24,10,control,0.02459353313908144
27,10,control,0.00836094823902417
30,10,control,-0.00168309375019905
33,10,control,0.0173340898607808
36,10,control,0.01665239340468081
39,10,control,0.03145092397894945
42,10,control,0.00964965310431607
45,10,control,0.02369271377572619
48,10,control,0.00548339661005493
0,100,control,0.0125828492086689
3,100,control,0.01231306006388118
6,100,control,0.01419381662562498
9,100,control,0.00718787219164592
12,100,control,5.5276678851768e-4
15,100,control,0.02112047118161886
18,100,control,1.0102386830228e-4
21,100,control,0.01670486103238883
24,100,control,0.0106438550513348
27,100,control,0.01555661043068713
30,100,control,-0.00902244301712488
33,100,control,0.01200817969169511
36,100,control,0.02079388089068253
39,100,control,0.01763788117646313
42,100,control,-0.01455543249071632
45,100,control,0.00553431178594299
48,100,control,0.04231503993342357
0,101,control,-0.02746717742718702
3,101,control,-0.01897472827770651
6,101,control,-0.01347981909731284
9,101,control,-0.00994621038922038
12,101,control,-0.01827711666694457
15,101,control,-0.02848414961328003
18,101,control,-0.01051582461557495
21,101,control,-0.00856187742568988
24,101,control,0.00556456507888992
27,101,control,-0.00587309969832744
30,101,control,-0.00996090133457196
33,101,control,-0.01532104502097561
36,101,control,-0.03113828117444439
39,101,control,-0.01338354573631343
42,101,control,7.722885318142e-4
45,101,control,-0.01096169419253929
48,101,control,-0.00433541375386333
0,102,control,0.05999366729953762
3,102,control,0.01700364098500652
6,102,control,0.04754928140771391
9,102,control,0.01527785219542654
12,102,control,0.01133778367437494
15,102,control,0.04198184187571853
18,102,control,0.01390230217656036
21,102,control,0.03720470226076434
24,102,control,0.02879038243182951
27,102,control,0.03709981361372784
30,102,control,0.02379933286727008
33,102,control,8.188814251393e-4
36,102,control,0.04920233551985181
39,102,control,0.02268509896826766
42,102,control,-0.00449856831948902
45,102,control,0.01460682728463338
48,102,control,0.01991667526333172
0,103,control,0.0204363092471548
3,103,control,0.02205779695534589
6,103,control,0.01276834277222875
9,103,control,-0.00450443790092438
12,103,control,-0.00399841586753862
15,103,control,0.0059289541726218
18,103,control,0.01250319151497489
21,103,control,0.02104870552082297
24,103,control,3.5463511913459e-4
27,103,control,-0.00434697243337371
30,103,control,0.01517058198706319
33,103,control,-0.00106411095760765
36,103,control,3.1764097413046e-4
39,103,control,0.00889228142040863
42,103,control,8.2732718908306e-4
45,103,control,0.01796265619788619
48,103,control,0.00767475984726599
0,104,control,-0.02425797089087529
3,104,control,-0.00627518569738893
6,104,control,-0.02131333240752192
9,104,control,-0.01466760916199276
12,104,control,0.00354203665782548
15,104,control,-0.00583576459221669
18,104,control,-0.01056639753940747
21,104,control,-0.01388317853434085
24,104,control,-0.00798676515359157
27,104,control,-0.00890320125918151
30,104,control,-0.0034155336552684
33,104,control,-0.01126888841207728
36,104,control,-0.02289842863183179
39,104,control,-0.01301795345358961
42,104,control,-0.00319625914091685
45,104,control,-0.01683423613378727
48,104,control,-0.01763434351514062
0,105,control,-0.0242432039051118
3,105,control,-0.01272244525388731
6,105,control,-0.0059817383709299
9,105,control,-0.01741749660331378
12,105,control,-0.02872571765734928
15,105,control,-0.02119227987881378
18,105,control,-0.01274911721977529
21,105,control,-0.01352447560648544
24,105,control,-0.03819838185631957
27,105,control,-0.01985824119400182
30,105,control,-0.02936548050574304
33,105,control,-0.03198556944232035
36,105,control,-0.0293531944421797
39,105,control,-0.01901784763606455
42,105,control,0.0061932247072651
45,105,control,-0.02064246118670498
48,105,control,-0.02362903301956702
0,106,control,-5.885626479035e-4
3,106,control,0.00232733336411015
6,106,control,0.00770712036053008
9,106,control,0.01283032331528878
12,106,control,-0.00122816025468692
15,106,control,0.01113596737912393
18,106,control,0.0216052747857681
21,106,control,-0.00454118345433298
24,106,control,0.01190443789608871
27,106,control,-0.00464198856711074
30,106,control,0.01468128111372111
33,106,control,0.00920749911105816
36,106,control,0.00192867113004226
39,106,control,0.01233017650614253
42,106,control,0.01318132692321137
45,106,control,0.01590450780154402
48,106,control,0.00645681585360327
0,107,control,-0.01763351488427865
3,107,control,-0.01637795481623628
6,107,control,-0.03889326506627835
9,107,control,-0.01533276010600123
12,107,control,-0.01093842244907949
15,107,control,-0.02187328083734768
18,107,control,-0.03278098948877527
21,107,control,-0.0294620792062703
24,107,control,-0.01015815780282407
27,107,control,-0.03814504462252931
30,107,control,-0.02622111137371217
33,107,control,-0.00211108901449014
36,107,control,-0.04556803450344633
39,107,control,-0.00775396418265376
42,107,control,-0.02844754152534081
45,107,control,-0.02933025626990832
48,107,control,-0.01589275213704183
0,108,control,-0.00926584186518558
3,108,control,-0.00940877597161148
6,108,control,-0.01348202011911077
9,108,control,0.00228044715722337
12,108,control,-0.00791495527994147
15,108,control,-0.00929312958455681
18,108,control,-0.00434232417280321
21,108,control,1.8480152475831e-4
24,108,control,-0.00789744643457515
27,108,control,-7.5914597307813e-4
30,108,control,0.00391742531181903
33,108,control,1.3064447244146e-4
36,108,control,-0.00209527354379648
39,108,control,-0.00189784833895518
42,108,control,-0.03156989233424404
45,108,control,-0.00556632342712743
48,108,control,-0.01439578140956702
0,109,control,0.00848906601014619
3,109,control,-0.02210436716010184
6,109,control,-0.00899473606626637
9,109,control,0.00748862117949504
12,109,control,-8.9928358042267e-4
15,109,control,-0.0013630748441206
18,109,control,-0.00785975727788082
21,109,control,-0.0092225335749736
24,109,control,0.00248807821299985
27,109,control,-0.02637236063215635
30,109,control,-0.00841960733356662
33,109,control,-0.01294026712761215
36,109,control,-0.01287725500775486
39,109,control,-0.01110376201205141
42,109,control,-0.01977318863040501
45,109,control,-0.00522714825563398
48,109,control,-0.02338330431156622
0,11,control,-0.01644294452983868
3,11,control,6.5551410176802e-4
6,11,control,-0.00560274440535129
9,11,control,-0.01553414989917258
12,11,control,-0.00607249068788721
15,11,control,-0.01563735327409467
18,11,control,-0.01430899976431153
21,11,control,-0.00704470275181895
24,11,control,-0.02274047149031987
27,11,control,-0.02076577214615601
30,11,control,-0.01514452674283765
33,11,control,-0.00793473493787872
36,11,control,-0.01577666476690437
39,11,control,-0.01212585586856911
42,11,control,-0.00892787737949862
45,11,control,-0.01663563556769382
48,11,control,-0.01213319792919835
0,110,control,-0.01721125707679987
3,110,control,-0.01205523606398711
6,110,control,-0.01525735349937969
9,110,control,0.00124170647789348
12,110,control,-0.00208850608343083
15,110,control,0.00349951144651806
18,110,control,-0.00138728717227859
21,110,control,-0.00368563953221024
24,110,control,-0.01280883429633979
27,110,control,8.2892406313953e-4
30,110,control,0.00230469212293491
33,110,control,-0.00638383358934858
36,110,control,-0.00558424433267024
39,110,control,-0.02400871286857323
42,110,control,-0.02251876171491385
45,110,control,0.00399108553347413
48,110,control,-0.00441981860425724
0,111,control,-0.02182788029888844
3,111,control,0.00242606021637723
6,111,control,0.00605123360701196
9,111,control,-0.01676114579906614
12,111,control,0.00621007030929258
15,111,control,-0.01409734353918681
18,111,control,0.00424746971845597
21,111,control,-0.01533295607054577
24,111,control,-0.01321602285084762
27,111,control,-0.01421022809722757
30,111,control,0.00680967406029229
33,111,control,-0.00767009978344152
36,111,control,8.7897188221816e-4
39,111,control,-0.0054486995660011
42,111,control,-0.00615272229724791
45,111,control,-0.00198964355169441
48,111,control,-0.00972473899256838
0,112,control,0.0233218339525364
3,112,control,0.01781351703714045
6,112,control,0.01320037018140161
9,112,control,0.03060138576935966
12,112,control,0.04668857752613901
15,112,control,0.03742277175055705
18,112,control,0.03179666489900379
21,112,control,0.01499754035866909
24,112,control,0.03877619361645772
27,112,control,0.03056334571161207
30,112,control,0.0262186975288575
33,112,control,0.02836803172497577
36,112,control,0.01681731012001697
39,112,control,0.03354091198508056
42,112,control,0.01590492895424718
45,112,control,0.03087527901316612
48,112,control,0.02363732845663493
0,113,control,-0.02508160931001893
3,113,control,-0.04994586747556009
6,113,control,-0.05587657598416684
9,113,control,-0.03512438544984146
12,113,control,-0.0547038378651862
15,113,control,-0.05559577347304292
18,113,control,-0.03457579964667078
21,113,control,-0.04285600874477018
24,113,control,-0.04143194210385764
27,113,control,-0.02314225088207446
30,113,control,-0.03790017187548498
33,113,control,-0.03943149815436785
36,113,control,-0.0350434557019723
39,113,control,-0.05727267013521761
42,113,control,-0.03154313400873748
45,113,control,-0.05762573986594048
48,113,control,-0.04659069285360993
0,114,control,0.0128193909896021
3,114,control,-0.01856267632508603
6,114,control,0.02710396208788409
9,114,control,0.0191034331709782
12,114,control,0.01884957640626356
15,114,control,0.01463404089315793
18,114,control,0.0212713654936347
21,114,control,5.6703783528702e-4
24,114,control,0.03007439930015586
27,114,control,-0.01087142493165385
30,114,control,0.00841892932330491
33,114,control,7.289719449901e-4
36,114,control,0.02289805272019033
39,114,control,0.00513998361342038
42,114,control,0.02086194772296269
45,114,control,0.0160734156155214
48,114,control,0.01205306927714066
0,115,control,0.03037426831817124
3,115,control,-0.00936800094629213
6,115,control,0.02003110594882396
9,115,control,0.01152549401597496
12,115,control,0.01908878076637197
15,115,control,0.02441148843764634
18,115,control,0.00480464691869744
21,115,control,0.00567685812495487
24,115,control,-6.651617943504e-4
27,115,control,0.02560423693323949
30,115,control,0.02406980960390374
33,115,control,0.00542405395870596
36,115,control,0.03129183532291685
39,115,control,0.00251315977054629
42,115,control,0.00842752736288125
45,115,control,0.00309195310654361
48,115,control,0.00528203009175454
0,116,control,0.02468952697585976
3,116,control,0.0307737546979818
6,116,control,0.00723084377961504
9,116,control,0.01719949921987741
12,116,control,0.01352971449732608
15,116,control,0.02021566335890398
18,116,control,0.02270542532533471
21,116,control,0.02188028777411842
24,116,control,0.02391906190730807
27,116,control,0.0211222943155798
30,116,control,0.01422616937467812
33,116,control,0.00720092442082475
36,116,control,0.03088401123057047
39,116,control,0.01786909043387849
42,116,control,0.02219504725144867
45,116,control,0.00493479959592854
48,116,control,0.01194117852392744
0,117,control,-0.0249807163045135
3,117,control,-0.01118198125958654
6,117,control,-0.01336160864006366
9,117,control,-0.01632301375931038
12,117,control,-0.00163751143295277
15,117,control,-0.01538313558025685
18,117,control,-0.01025813709202334
21,117,control,-0.00257754752875269
24,117,control,-0.0245133138609977
27,117,control,-9.7893501972975e-4
30,117,control,0.01457128565491677
33,117,control,-0.00615106619920553
36,117,control,-0.00775019496924537
39,117,control,-0.02338151164669255
42,117,control,-0.01224704250758531
45,117,control,-0.00242766501278374
48,117,control,-0.01599923488881241
0,118,control,0.01842448241037548
3,118,control,0.02978105670297411
6,118,control,0.02960579449564433
9,118,control,0.0093606932081805
12,118,control,0.04446578663834775
15,118,control,0.03339769556931717
18,118,control,0.02245383778807417
21,118,control,0.03414625901540077
24,118,control,0.0225966072858
27,118,control,0.01753937840581288
30,118,control,0.00106753540360177
33,118,control,0.04226889532123092
36,118,control,0.01609027143491922
39,118,control,0.00978195201878753
42,118,control,0.02305119838126539
45,118,control,0.02178378609255333
48,118,control,0.02206844816545769
0,119,control,0.00537658549012705
3,119,control,0.00623692309967404
6,119,control,-0.00404004235767072
9,119,control,-0.01951438747698736
12,119,control,-0.01096548374442841
15,119,control,-0.00666112198472104
18,119,control,-0.00189434329088068
21,119,control,0.00320917583126768
24,119,control,-0.01343027534666264
27,119,control,0.00730663710978788
30,119,control,0.00655235966363613
33,119,control,0.00201857419645492
36,119,control,-0.00934884454384963
39,119,control,-0.01175403995730519
42,119,control,-0.01648320899309713
45,119,control,0.02258941309043525
48,119,control,0.00784052086327271
0,12,control,0.02048142846836513
3,12,control,0.01357613075554576
6,12,control,0.00352689739327078
9,12,control,0.00806646905442656
12,12,control,0.00496823558765358
15,12,control,0.01504886118715569
18,12,control,0.002814468633221
21,12,control,0.00804019019476752
24,12,control,0.0239782513131961
27,12,control,-0.00965245490388969
30,12,control,0.020534415138358
33,12,control,0.01650208021057653
36,12,control,0.00547001506858874
39,12,control,0.01112922799859887
42,12,control,0.01082567821540512
45,12,control,0.01976391813594306
48,12,control,0.01917528294285741
0,120,control,0.00373036776405
3,120,control,-0.01882980042537023
6,120,control,0.00616104124160964
9,120,control,-0.00538596087703606
12,120,control,0.00285614837484936
15,120,control,-0.00916253235080909
18,120,control,0.00114717988440947
21,120,control,-0.01070290423744918
24,120,control,-0.01141424075135727
27,120,control,-0.01444842161413563
30,120,control,0.00401177502808133
33,120,control,-0.00629879946146554
36,120,control,-0.02268854107933276
39,120,control,-0.03215113452671898
42,120,control,-0.01468241309723941
45,120,control,-0.00181583106714781
48,120,control,-0.00944355286724923
0,121,control,-0.0058186612478389
3,121,control,0.00610287812647511
6,121,control,-0.00254848874435993
9,121,control,1.8130777796122e-4
12,121,control,0.00413801395056006
15,121,control,-0.00254921918975372
18,121,control,0.00155774866376851
21,121,control,0.0027433814453207
24,121,control,-0.00546159203400388
27,121,control,-0.00246387523057157
30,121,control,-0.01214163556670579
33,121,control,0.00903665354134773
36,121,control,5.2380865747604e-4
39,121,control,-0.00996690307258129
42,121,control,-0.00656483909379026
45,121,control,0.00301795842077157
48,121,control,-4.3487423490319e-4
0,122,control,0.02422861748942882
3,122,control,0.02749744432490028
6,122,control,0.01220352251059846
9,122,control,0.00341459570605433
12,122,control,0.01340469020924471
15,122,control,0.00629642818114516
18,122,control,0.01897335733794904
21,122,control,0.01728495988286367
24,122,control,0.00282596413175194
27,122,control,0.01569573735812015
30,122,control,0.02019688750544018
33,122,control,0.02652153012191583
36,122,control,0.0162061161244153
39,122,control,0.03034375294584671
42,122,control,0.01023297472148671
45,122,control,0.01506454007704079
48,122,control,0.00739552821204468
0,123,control,0.02056329120823903
3,123,control,0.04117139195015711
6,123,control,0.03987848909882004
9,123,control,0.03055609047846244
12,123,control,0.04028548254734428
15,123,control,0.02518301813611406
18,123,control,0.03478052956041821
21,123,control,0.04140814244988264
24,123,control,0.02843691184776861
27,123,control,0.01965629415772285
30,123,control,0.03539397168004418
33,123,control,0.03742474905149579
36,123,control,0.04323018588394111
39,123,control,0.03954829115826377
42,123,control,0.02572337223422268
45,123,control,0.03118066906323746
48,123,control,0.03778450908422958
0,124,control,0.0029998969008308
3,124,control,0.00677176088877491
6,124,control,0.0022112659353382
9,124,control,0.00168986270752299
12,124,control,0.00836274499970589
15,124,control,-0.00345813179189347
18,124,control,-3.5220018494932e-4
21,124,control,0.00310118493982156
24,124,control,-5.0949559662987e-4
27,124,control,-0.02656935851012432
30,124,control,-1.2792064104862e-4
33,124,control,-0.01277108434489424
36,124,control,-0.00488723711371859
39,124,control,0.00394190009945822
42,124,control,-0.00413590681800464
45,124,control,-0.01079933055219293
48,124,control,-0.00371891613998576
0,125,control,0.01066169720456583
3,125,control,-6.9627838630022e-4
6,125,control,-0.00422097180783579
9,125,control,0.01985860498815004
12,125,control,0.0029102843366551
15,125,control,0.01315492684152607
18,125,control,0.01415283221090867
21,125,control,0.01840597804834592
24,125,control,0.00585213857965111
27,125,control,0.00345673316304072
30,125,control,0.00790350949981887
33,125,control,0.01103411459431296
36,125,control,0.01186953547040137
39,125,control,0.00445502817611659
42,125,control,0.00927162241072931
45,125,control,0.005607458805022
48,125,control,0.01802046375973251
0,126,control,0.00516487894143362
3,126,control,0.00405194742558774
6,126,control,-0.01267824686114378
9,126,control,-0.00699509834389521
12,126,control,-0.00340881643885649
15,126,control,-0.00629413536328189
18,126,control,0.01271630209475844
21,126,control,0.01598673533992871
24,126,control,0.00904001513496828
27,126,control,0.01142251207975963
30,126,control,0.00458030823578356
33,126,control,-0.00280878098984643
36,126,control,-0.00641609561944789
39,126,control,0.01005987411914386
42,126,control,0.01226808234133057
45,126,control,-0.01432147946251092
48,126,control,0.01970829221564536
0,127,control,-0.01808356433022688
3,127,control,-0.0253271591714799
6,127,control,-0.03174994480558473
9,127,control,-0.01585950034947237
12,127,control,-0.023592771251871
15,127,control,-0.02833708542683292
18,127,control,-0.02987079510355051
21,127,control,-0.02136410917919495
24,127,control,-0.02441879220240854
27,127,control,-0.0297537776014795
30,127,control,-0.01744889101737617
33,127,control,-0.03147877730913179
36,127,control,0.00149046474919052
39,127,control,-0.02366448710698867
42,127,control,-0.02726933033843001
45,127,control,-0.01505544036345394
48,127,control,-0.02230865824598724
0,128,control,-0.00474006552291049
3,128,control,0.01005945022453731
6,128,control,-0.00470375089459763
9,128,control,0.00532183414262749
12,128,control,-5.42132734199866e-5
15,128,control,0.00459559424850254
18,128,control,0.00837688097711414
21,128,control,3.6891263286846e-4
24,128,control,0.00230100702362415
27,128,control,0.00775028156288662
30,128,control,-0.00263115530490209
33,128,control,1.1875853843984e-4
36,128,control,-0.00143684812176279
39,128,control,-0.00172974081441259
42,128,control,9.2089366737634e-4
45,128,control,0.01044407214143556
48,128,control,-0.00119894476829193
0,129,control,0.02487417684137099
3,129,control,0.01174744762055914
6,129,control,0.00999879583223355
9,129,control,0.00817714161264343
12,129,control,0.00570858593293862
15,129,control,0.00157301861428999
18,129,control,0.01170721162824033
21,129,control,-0.00971535377128716
24,129,control,0.0276543520686686
27,129,control,0.00570901404663812
30,129,control,0.01386778088846168
33,129,control,0.01280751688580411
36,129,control,0.01937342873490856
39,129,control,0.00972191841682705
42,129,control,0.01795435554711105
45,129,control,0.01979482273243177
48,129,control,0.01408724648411663
0,13,control,0.00210950989615463
3,13,control,8.2253752750356e-4
6,13,control,0.01537736740181374
9,13,control,0.00480825421240407
12,13,control,0.01933004587170966
15,13,control,0.01432454977868217
18,13,control,0.0085194187815756
21,13,control,2.0800370171752e-4
24,13,control,0.00768161846261932
27,13,control,0.00944379111714114
30,13,control,0.00311689235342642
33,13,control,0.0124403002009987
36,13,control,-0.00179076834781112
39,13,control,0.01433743343815316
42,13,control,0.030225911776218
45,13,control,0.00313444102680126
48,13,control,-0.00509948573418056
0,130,control,0.0167661167063215
3,130,control,0.00953771275435601
6,130,control,-0.01691772590209959
9,130,control,0.00798057869054844
12,130,control,-0.01390118193988582
15,130,control,-0.00535732403889207
18,130,control,0.00844066293503781
21,130,control,-0.00183002611015738
24,130,control,0.00432001792170538
27,130,control,0.00464538695512333
30,130,control,0.00843228107110954
33,130,control,-0.00391818063157622
36,130,control,0.00861766723284396
39,130,control,-0.00391300889238962
42,130,control,0.00871153573506668
45,130,control,-0.00222116107047154
48,130,control,-0.01264348901895378
0,131,control,-0.01968368697914234
3,131,control,-0.01906108287871462
6,131,control,-0.02252331158392149
9,131,control,-0.03502477911630043
12,131,control,-0.02423947420662333
15,131,control,-0.05849819876650343
18,131,control,-0.01824548615116846
21,131,control,-0.05541822003849289
24,131,control,-0.01066731602579783
27,131,control,-0.00646664407169341
30,131,control,-0.03077267216953361
33,131,control,-0.01779259462041581
36,131,control,-0.02152212212451587
39,131,control,-0.02241064160090091
42,131,control,-0.03711945005850067
45,131,control,-0.01789859285708148
48,131,control,-0.04028221528496585
0,132,control,-0.02536220358296538
3,132,control,-0.02274756017146783
6,132,control,-0.02477274639369955
9,132,control,-0.03977954269597984
12,132,control,-0.02587912822240319
15,132,control,-0.03471392226794322
18,132,control,-0.01803754943625195
21,132,control,-0.02674846183297642
24,132,control,-0.03236839893371016
27,132,control,-0.03150934778899672
30,132,control,-0.01390054313541031
33,132,control,-0.03604513716626719
36,132,control,-0.02376929833832013
39,132,control,-0.02745822036454371
42,132,control,-0.01094438980329224
45,132,control,-0.0197051886894688
48,132,control,-0.03042527593026502
0,133,control,-0.01766316316979995
3,133,control,-0.00402302215811732
6,133,control,0.0019973975261244
9,133,control,-0.00458959201032503
12,133,control,0.014143994170593
15,133,control,-0.02650906347854034
18,133,control,-0.0269527324431446
21,133,control,-0.00127878981184548
24,133,control,-0.01220334335971238
27,133,control,-0.00251080274007073
30,133,control,0.00711226481640247
33,133,control,0.0042785954393485
36,133,control,-0.00555157964571516
39,133,control,-0.00464431728511843
42,133,control,0.00154944896399353
45,133,control,0.00423259088259599
48,133,control,9.4505082095805e-4
0,134,control,0.02600255346542976
3,134,control,0.03104819916252006
6,134,control,-4.1415992648247e-4
9,134,control,0.02361293238719218
12,134,control,0.02062375840249838
15,134,control,0.00726569243089562
18,134,control,0.02336072118001803
21,134,control,-0.00203235867084999
24,134,control,0.00687718512133443
27,134,control,0.03920982224478147
30,134,control,-6.0435887062702e-4
33,134,control,-0.00510679535358739
36,134,control,0.0277473183400009
39,134,control,0.04143718496936196
42,134,control,-0.00505816403963005
45,134,control,0.02842041948877848
48,134,control,0.02690789938308131
0,135,control,0.00291097989571008
3,135,control,0.00561722934934163
6,135,control,0.01596383285206204
9,135,control,0.00729070126189636
12,135,control,0.02033532260368243
15,135,control,8.0847753183851e-4
18,135,control,0.01079638650510196
21,135,control,0.00307496305192722
24,135,control,0.01701625555117519
27,135,control,0.00830745795402296
30,135,control,0.008051137462218
33,135,control,0.02186641207372402
36,135,control,0.01726103430678096
39,135,control,0.00496304470246962
42,135,control,0.00454121933024895
45,135,control,0.00491385157421347
48,135,control,0.00952641602731373
0,136,control,-0.04417511086685993
3,136,control,0.0041321823583036
6,136,control,-0.02075633118305558
9,136,control,-0.02348025228480272
12,136,control,-0.00486150920567208
15,136,control,-0.03999283412734109
18,136,control,-0.03941399405015174
21,136,control,-0.04078632352065501
24,136,control,-0.04992869931846796
27,136,control,-0.04158912457766001
30,136,control,-0.02059567944549641
33,136,control,-0.04327902502433814
36,136,control,-0.03693728673221611
39,136,control,-0.04139241426690182
42,136,control,-0.04697666842075448
45,136,control,-0.00614481229615587
48,136,control,-0.02750642488421591
0,137,control,0.00664534973732749
3,137,control,0.00145930479417175
6,137,control,0.01145107196012028
9,137,control,-0.00396728043409853
12,137,control,0.00810467804768104
15,137,control,-2.1084634263794e-4
18,137,control,0.00652015979824535
21,137,control,0.01483233986968693
24,137,control,-0.00689321385565544
27,137,control,-4.4919319564161e-4
30,137,control,-0.0021104043831892
33,137,control,-0.00143162888585259
36,137,control,0.00253293588152664
39,137,control,0.00702978407707989
42,137,control,0.01785421662290554
45,137,control,0.00414801291266114
48,137,control,0.00771217435648377
0,138,control,0.05510873371849913
3,138,control,0.0911375771639668
6,138,control,0.07626402535880461
9,138,control,0.06554368817088123
12,138,control,0.04938847856453293
15,138,control,0.02891093890196693
18,138,control,0.04092345761488888
21,138,control,0.05702387299981925
24,138,control,0.0302994155136744
27,138,control,0.03804537954953191
30,138,control,0.0491271188754402
33,138,control,0.04148345301721158
36,138,control,0.05557955404914128
39,138,control,0.07097106956137605
42,138,control,0.08648941227267354
45,138,control,0.07153361847265388
48,138,control,0.03115619265809086
0,139,control,7.446460809327e-4
3,139,control,0.01575330513409451
6,139,control,-0.02404644275531026
9,139,control,-0.01096027326764094
12,139,control,0.00251897282740413
15,139,control,0.00722244442200878
18,139,control,-0.0077684433877697
21,139,control,0.00428646607312155
24,139,control,-0.01136667314794731
27,139,control,0.00544503965050493
30,139,control,-0.02073173939161159
33,139,control,0.0088065240517586
36,139,control,0.00774545803630835
39,139,control,0.02471693258936099
42,139,control,-0.00682443549922768
45,139,control,-0.02602873759025971
48,139,control,0.00460232620402815
0,14,control,0.0302149159127773
3,14,control,0.04225077819609568
6,14,control,0.03134799851663659
9,14,control,0.04652475451558673
12,14,control,0.04044218211392522
15,14,control,0.03899277111195232
18,14,control,0.03908488847935949
21,14,control,0.02599450489084043
24,14,control,0.02158705610031081
27,14,control,0.03673521453115485
30,14,control,0.03825723233561434
33,14,control,0.03393297749389316
36,14,control,0.04002812011786139
39,14,control,0.03588739943189692
42,14,control,0.0404773029150087
45,14,control,0.0276059399172887
48,14,control,0.04883638461044072
0,140,control,0.04268744309788058
3,140,control,0.03421226269453437
6,140,control,0.03590079825246847
9,140,control,0.01489998563699303
12,140,control,0.04512854988403431
15,140,control,0.02887872840512765
18,140,control,0.02471991879027064
21,140,control,0.03641574116593125
24,140,control,0.03193929274983728
27,140,control,0.02305409963409202
30,140,control,0.02084953939087229
33,140,control,0.02919163827175842
36,140,control,0.03162624955607701
39,140,control,0.00629848592091466
42,140,control,0.03858863867672209
45,140,control,0.0329333442871913
48,140,control,0.02508577089635498
0,141,control,0.00821082554925622
3,141,control,-0.01119386132282596
6,141,control,-0.01013553489759998
9,141,control,0.00150281990099198
12,141,control,0.00801944203409887
15,141,control,0.00836163582215138
18,141,control,-2.1820278088019e-4
21,141,control,-0.00465785223514187
24,141,control,0.00928009909364441
27,141,control,-0.0063724885817168
30,141,control,0.00501045057952685
33,141,control,0.01180039198988262
36,141,control,-0.00279954676469286
39,141,control,0.01009642869786996
42,141,control,-0.01455302466479277
45,141,control,-0.00275777349117166
48,141,control,-0.01496994421467909
0,142,control,0.02606106881506341
3,142,control,0.03481108961307295
6,142,control,0.01965183150720128
9,142,control,0.0206349026417071
12,142,control,0.04286087747335208
15,142,control,0.01684448270113864
18,142,control,0.02166064491821386
21,142,control,0.0283686740812389
24,142,control,0.02689093215385736
27,142,control,0.02399180136004478
30,142,control,0.03983727701962042
33,142,control,0.03202028261450131
36,142,control,0.01880375136904519
39,142,control,0.02574284666641056
42,142,control,0.03259140546082043
45,142,control,0.01616702176703099
48,142,control,0.03520168577964148
0,143,control,-0.02713415045958967
3,143,control,-0.03657262824182237
6,143,control,-0.02116655916287089
9,143,control,-0.02807511280226833
12,143,control,-0.02622053959437327
15,143,control,-0.0466497009442174
18,143,control,-0.01507788667641499
21,143,control,-0.04395031504714253
24,143,control,-0.02837364153162644
27,143,control,-0.05199010640651894
30,143,control,-0.0317200401463653
33,143,control,-0.02159576246361667
36,143,control,-0.02650604789854966
39,143,control,-0.03147776531838822
42,143,control,-0.00338079995480017
45,143,control,-0.03067284023328833
48,143,control,-0.01961848652977161
0,144,control,-0.02735448849195427
3,144,control,-0.01275135037293595
6,144,control,-0.02277364189691599
9,144,control,-0.0423911845648769
12,144,control,0.00556414778137547
15,144,control,-0.04107147725543712
18,144,control,-0.0532401006840604
21,144,control,0.00526666164549831
24,144,control,-0.04162538898103009
27,144,control,-0.01853072516259533
30,144,control,-0.03991184178067573
33,144,control,-0.04292510593150667
36,144,control,-0.03337014881880665
39,144,control,-0.06361651063195882
42,144,control,-0.05611301270887976
45,144,control,-0.02541675479617158
48,144,control,-0.06173114689727802
0,145,control,0.00888890457308094
3,145,control,0.00699703536443712
6,145,control,0.01252348463796993
9,145,control,0.00176829347795358
12,145,control,-0.00958711679422308
15,145,control,0.00102631366142645
18,145,control,-0.00324576299432056
21,145,control,-0.00347953776703857
24,145,control,-0.00727361494392239
27,145,control,0.01361613367400127
30,145,control,-0.00611731443137654
33,145,control,0.00223591642130796
36,145,control,-0.01212291390875173
39,145,control,-0.00483023492453406
42,145,control,0.00376219283759075
45,145,control,-0.00172485458943372
48,145,control,-0.00183796132595872
0,146,control,0.01067283906170512
3,146,control,0.00115569661178855
6,146,control,-0.00171450079736154
9,146,control,0.01773584677298684
12,146,control,0.00280972703087363
15,146,control,0.00918367903365382
18,146,control,0.01916454874325006
21,146,control,0.01439768585502844
24,146,control,0.00899177310782749
27,146,control,0.00296753360358839
30,146,control,0.01068679738639023
33,146,control,0.0145549549882914
36,146,control,0.00966865399067907
39,146,control,0.01653133911692086
42,146,control,0.01664098473375373
45,146,control,0.00197975164680317
48,146,control,0.0123964585046401
0,147,control,5.374209326936e-4
3,147,control,-0.02176719533207513
6,147,control,-0.00123536003105713
9,147,control,0.00895615108687979
12,147,control,-0.00373234078552665
15,147,control,-0.00704652642419729
18,147,control,-0.01403109760588839
21,147,control,-7.1169516225789e-4
24,147,control,-0.01950346001753133
27,147,control,-0.00514636774752629
30,147,control,-0.01382626702760489
33,147,control,0.00237064660355098
36,147,control,-0.00901228742921325
39,147,control,-6.6992136102646e-4
42,147,control,-0.01138596088867366
45,147,control,-0.00778448400828231
48,147,control,-0.01055671748532505
0,148,control,-2.4135985807227e-4
3,148,control,4.8229825473023e-4
6,148,control,0.0066078406521828
9,148,control,0.01351989824346322
12,148,control,0.02097723756627645
15,148,control,-0.00659694830415977
18,148,control,-0.00238484213813215
21,148,control,0.0108217949007421
24,148,control,0.00884740045712184
27,148,control,0.00265298682381084
30,148,control,0.00946425891873965
33,148,control,0.03172434980255246
36,148,control,0.02569162299452945
39,148,control,0.01368345249750721
42,148,control,0.00212015267556654
45,148,control,-0.01747726669446558
48,148,control,0.00637755525550782
0,149,control,-0.00345990502667071
3,149,control,-0.00243003866326859
6,149,control,0.01107767884000602
9,149,control,0.00136664015164378
12,149,control,9.9067373583759e-4
15,149,control,2.6575164763375e-4
18,149,control,0.01557127641097982
21,149,control,0.01136396556400167
24,149,control,0.01115897906142721
27,149,control,-0.00228675056310123
30,149,control,-0.00248513747645955
33,149,control,0.00198174887221319
36,149,control,0.0042473239945428
39,149,control,0.00506985571929829
42,149,control,0.0063395462851456
45,149,control,0.00796736324397535
48,149,control,-0.01388088012389396
0,15,control,-0.00462707578215056
3,15,control,-0.00158076470214909
6,15,control,-0.0063150110318797
9,15,control,-0.00974949162533389
12,15,control,-0.00161209151704613
15,15,control,-0.00255377215850536
18,15,control,-0.00138177321014666
21,15,control,4.5010726211608e-4
24,15,control,-0.00123888832771874
27,15,control,-0.01273362218101513
30,15,control,-0.00766734044537594
33,15,control,-0.00861107696164695
36,15,control,-0.00437268457374066
39,15,control,-0.01565235660236428
42,15,control,-0.00440309119009357
45,15,control,-0.00112117333317877
48,15,control,-0.00909153842397667
0,150,control,-0.01095458934257122
3,150,control,-0.02250747999423564
6,150,control,-0.01620099253333918
9,150,control,-0.01411754520735784
12,150,control,-0.01054039384684728
15,150,control,-0.01948077630102836
18,150,control,-0.01497818847223433
21,150,control,-0.01177672438296863
24,150,control,-1.3813253535803e-4
27,150,control,-0.01449209258968646
30,150,control,-0.01172319457581516
33,150,control,0.00265250383148618
36,150,control,-0.00435652498066406
39,150,control,-0.02427108494820243
42,150,control,0.01623894397128081
45,150,control,-0.00255039448330185
48,150,control,-0.01269696021736891
0,151,control,-0.04592337795119464
3,151,control,-0.02524143461756028
6,151,control,-0.01784537829897126
9,151,control,-0.01068331151292692
12,151,control,-0.01316345541771201
15,151,control,-0.05762497984987876
18,151,control,-0.06176625191660781
21,151,control,-0.05184058800866324
24,151,control,-0.054875617406772
27,151,control,-0.02052269043815883
30,151,control,-0.08190316749409272
33,151,control,-0.02933025581769478
36,151,control,-0.04613023675711907
39,151,control,-0.04944359124814851
42,151,control,-0.03195692833895299
45,151,control,-0.06202740058694524
48,151,control,-0.0306846088432455
0,152,control,-0.02837474672985705
3,152,control,-0.02254577675037404
6,152,control,-0.00265000827261193
9,152,control,-0.02407825545357039
12,152,control,-0.02274340643847117
15,152,control,-0.01795417646215586
18,152,control,-0.01510194623876892
21,152,control,-0.01100123860531523
24,152,control,-0.00813797929718739
27,152,control,-0.01666448905641093
30,152,control,-0.01938288754471173
33,152,control,-0.02087582594093976
36,152,control,-0.01343545622217681
39,152,control,-0.01421308327841817
42,152,control,-0.01619781934398249
45,152,control,-0.02342577364598056
48,152,control,-0.02228357844740084
0,153,control,0.00282359150223943
3,153,control,0.02842171662649892
6,153,control,0.01681929166099752
9,153,control,0.02931987887004079
12,153,control,0.01810162306370699
15,153,control,-0.00432988694078222
18,153,control,0.01612173665116074
21,153,control,0.0222332651956716
24,153,control,0.02818796002057684
27,153,control,0.01051854279737621
30,153,control,0.01761126373587602
33,153,control,0.02917539073632565
36,153,control,0.0089642457649133
39,153,control,0.00469717823394129
42,153,control,-0.00292227719328077
45,153,control,-0.01197705907019567
48,153,control,0.01129996418167216
0,154,control,-0.01061144283912305
3,154,control,-0.01601184439456485
6,154,control,0.00410705136145737
9,154,control,-0.02099212930518211
12,154,control,-0.02113817580192716
15,154,control,-0.02119258744193241
18,154,control,-0.01732922581262234
21,154,control,-0.01293068842810566
24,154,control,-0.00958090069574299
27,154,control,-0.00861642366600073
30,154,control,-0.0189075776050292
33,154,control,-0.01228754901312234
36,154,control,-0.0171615289914503
39,154,control,-0.02251294783240393
42,154,control,-0.00634205470660149
45,154,control,-0.00268012412026429
48,154,control,-0.0200913085500734
0,155,control,0.00506515408135438
3,155,control,-0.03275738247806467
6,155,control,0.00536243510245765
9,155,control,-0.01841108298686225
12,155,control,-0.00659208052689432
15,155,control,-0.01178254694212238
18,155,control,-0.00668323735483312
21,155,control,-0.00545276898307038
24,155,control,-0.00987038584044524
27,155,control,-0.00975118572749789
30,155,control,-0.00911690325074563
33,155,control,-0.00103780711329294
36,155,control,-0.01253768552437024
39,155,control,-0.01175488138672581
42,155,control,-0.01523189315863892
45,155,control,-0.01303836141670278
48,155,control,0.01510507334082261
0,156,control,0.03305588034600772
3,156,control,0.04020396741990892
6,156,control,0.03937978102666821
9,156,control,0.02771873859898587
12,156,control,0.01520672975132301
15,156,control,0.02038370088297804
18,156,control,0.00870558348716225
21,156,control,0.02616058063815568
24,156,control,0.02768938609152968
27,156,control,0.03042023515204632
30,156,control,0.02520119196428473
33,156,control,0.04268972026872966
36,156,control,0.01485752088621953
39,156,control,0.0171294927170325
42,156,control,0.01544493438245085
45,156,control,0.02711487102797402
48,156,control,0.01489998132934779
0,157,control,-0.03033215141137999
3,157,control,-0.03689880460806888
6,157,control,-0.00206780878241382
9,157,control,-0.02871547344258929
12,157,control,-0.03409945572079704
15,157,control,-0.03463522296250294
18,157,control,-0.0140859676888481
21,157,control,0.00539694559467382
24,157,control,-0.01771089698037514
27,157,control,-0.01561287362658339
30,157,control,-0.0039974561025338
33,157,control,-0.01970000048311822
36,157,control,-0.02355874201555322
39,157,control,-0.01005001658334524
42,157,control,-0.01789305441901685
45,157,control,-0.02686808848280854
48,157,control,-0.01262213056934296
0,158,control,-0.00771217732485886
3,158,control,-0.00905794039255218
6,158,control,0.00679448831259022
9,158,control,-0.01006327122645088
12,158,control,-0.03315071902020444
15,158,control,-0.0036040969570471
18,158,control,-0.01415656959071262
21,158,control,-0.00425853680866867
24,158,control,-0.01538780468157977
27,158,control,-0.01956532568165848
30,158,control,0.00256055038791474
33,158,control,-0.02368760100304831
36,158,control,-0.01052745172432316
39,158,control,-0.01221939965619719
42,158,control,-0.00263351190337908
45,158,control,-0.01631309406060853
48,158,control,-0.00846671777137476
0,159,control,0.04067168910079044
3,159,control,0.00836599493432714
6,159,control,-8.7171791299791e-4
9,159,control,0.00772886704985339
12,159,control,0.02055920424007099
15,159,control,0.00995793866743424
18,159,control,0.03173144604741533
21,159,control,0.00607952675519068
24,159,control,0.00104038114821274
27,159,control,0.0350836112793296
30,159,control,-9.9169765988002e-4
33,159,control,0.00384774927773014
36,159,control,0.00743976834973253
39,159,control,0.02277405278788361
42,159,control,-0.00143716126712708
45,159,control,0.02389480090743585
48,159,control,0.00381047477315473
0,16,control,0.0598646487244135
3,16,control,0.05290313744170892
6,16,control,0.04269022057995026
9,16,control,0.04766897302250025
12,16,control,0.04487583051178422
15,16,control,0.03526234500530351
18,16,control,0.06553402782659142
21,16,control,0.04097396946800605
24,16,control,0.02837922537343573
27,16,control,0.01918789026996213
30,16,control,0.02273733333283364
33,16,control,0.03689025782891371
36,16,control,0.0316639184111654
39,16,control,0.04452515475483218
42,16,control,0.04972984793652373
45,16,control,0.03518384875491218
48,16,control,0.02970387401811667
0,160,control,0.05062996362782412
3,160,control,0.03314498712672032
6,160,control,0.03695928113955092
9,160,control,0.015421203669876
12,160,control,0.03946243624019335
15,160,control,0.07609223917755997
18,160,control,0.03004692530771972
21,160,control,0.03784427983155691
24,160,control,0.04095534537975984
27,160,control,0.02330586526950755
30,160,control,0.05739291954684402
33,160,control,0.03739297974088913
36,160,control,0.01762052856288036
39,160,control,0.03314192880165004
42,160,control,0.0231879330580957
45,160,control,0.02880761095576437
48,160,control,0.04085434740835259
0,161,control,-0.00849225218927157
3,161,control,-0.03774087844058369
6,161,control,-0.0372694914672252
9,161,control,-0.04236004082641205
12,161,control,-0.01483156829349352
15,161,control,-0.03781170286459605
18,161,control,-0.04013546066882012
21,161,control,-0.04687131822855235
24,161,control,-0.04313808342468561
27,161,control,-0.0394070060726305
30,161,control,-0.02124706403322867
33,161,control,-0.02011276923357257
36,161,control,-0.01476582922614364
39,161,control,-0.00392954799157713
42,161,control,-0.03925818468873109
45,161,control,-0.03939326463553643
48,161,control,-0.042341306194303
0,162,control,0.00527370201944124
3,162,control,0.00873779002809509
6,162,control,-0.00219422802649855
9,162,control,0.00340341496316752
12,162,control,0.01370081369630251
15,162,control,-0.00801012183656205
18,162,control,0.00391452549572701
21,162,control,0.01065470413432124
24,162,control,0.00513120385544195
27,162,control,0.0034405221642647
30,162,control,0.00110795063006245
33,162,control,0.00428766502810941
36,162,control,0.00102715028061945
39,162,control,3.1956794913641e-4
42,162,control,0.00289521800275555
45,162,control,0.002863161269697
48,162,control,0.00968175427517066
0,163,control,-0.01287533931496922
3,163,control,-0.02158629826386054
6,163,control,-0.01640459627468439
9,163,control,-0.00716837932308187
12,163,control,-0.02406061583551964
15,163,control,-0.02377155693979128
18,163,control,-0.01737180672481201
21,163,control,-0.02357217904307949
24,163,control,-0.01498633254011757
27,163,control,-0.02348841409314528
30,163,control,-0.02262227930494926
33,163,control,-0.02014866294850918
36,163,control,-0.03033992136922612
39,163,control,-0.02228031668722802
42,163,control,-0.01698206616815835
45,163,control,-0.00116565503213102
48,163,control,-0.0233592410206837
0,164,control,-0.01982441839675941
3,164,control,-0.00938685753333758
6,164,control,-0.01262458310729446
9,164,control,-0.01533398258374835
12,164,control,0.00773576154229319
15,164,control,-0.00100387863409049
18,164,control,-0.00696983421497755
21,164,control,-0.00636108937789675
24,164,control,-0.02015139043078491
27,164,control,-0.02496183228876241
30,164,control,-0.01089581794431795
33,164,control,-0.03848383354925912
36,164,control,-0.02631690326663476
39,164,control,0.00702243638673333
42,164,control,-0.02005997269913611
45,164,control,-0.00794727719294094
48,164,control,-0.01542456246359534
0,165,control,-0.01560394787904786
3,165,control,-0.02617298791024833
6,165,control,-0.02389782752861426
9,165,control,-0.03710784762602142
12,165,control,-0.02430662185395189
15,165,control,-0.01477510183995735
18,165,control,-0.02160191467079999
21,165,control,-0.03329464393577186
24,165,control,0.00197343748627593
27,165,control,-0.01390832007108571
30,165,control,-0.0144065417840499
33,165,control,-0.01971901182294982
36,165,control,-0.01174225299548746
39,165,control,-0.01162146550679725
42,165,control,-0.03425724615636922
45,165,control,-0.0167704137179712
48,165,control,-0.02012178345249506
0,166,control,-0.01125102487327901
3,166,control,-0.0093704005343399
6,166,control,0.0023944500365181
9,166,control,-0.01130406308203098
12,166,control,-0.01294424356371626
15,166,control,-0.02516789266994818
18,166,control,-0.01193171218670299
21,166,control,-0.01106649161161371
24,166,control,-0.011687315279542171
27,166,control,-0.01226248683701175
30,166,control,-0.01281772100270434
33,166,control,-0.01604493084458663
36,166,control,-0.01387997575572453
39,166,control,0.00651931492855773
42,166,control,-0.00725552510433017
45,166,control,-0.02045144636245963
48,166,control,-0.00377612669852728
0,167,control,-0.02941077840867429
3,167,control,-0.01789541846571865
6,167,control,-0.01683224443917276
9,167,control,-0.02296684058749734
12,167,control,-0.02449732980856319
15,167,control,-0.00860475591122949
18,167,control,0.0036487154431352202
21,167,control,0.00351905056167713
24,167,control,0.00724580752605304
27,167,control,-0.02844641406011387
30,167,control,-0.02986481680020242
33,167,control,-0.01731309528926521
36,167,control,9.1122167953697e-4
39,167,control,-0.02346974697898957
42,167,control,-0.02818334599931171
45,167,control,-0.01622143997006892
48,167,control,-0.02160993461924729
0,168,control,-0.0208670869272764
3,168,control,-0.03984161427811782
6,168,control,-0.02835832756049774
9,168,control,-0.02815343064689549
12,168,control,-0.03314263710440262
15,168,control,-0.03159569824855841
18,168,control,-0.04002254731300765
21,168,control,-0.02309860728919087
24,168,control,-0.01922302742948396
27,168,control,-0.01890052924839951
30,168,control,-0.0264098135022317
33,168,control,-0.01906750810254054
36,168,control,-0.024334309990489002
39,168,control,-0.03561172587107349
42,168,control,-0.00732473791717214
45,168,control,-0.01822670692244217
48,168,control,-0.00991220877008974
0,169,control,-0.00880918512899739
3,169,control,-0.02211122573782537
6,169,control,-0.02364334396860343
9,169,control,-0.01641098364594662
12,169,control,-0.01147900896540411
15,169,control,-0.02680781747473102
18,169,control,-0.01711343393225389
21,169,control,-0.03283609275988811
24,169,control,-0.02722146877264859
27,169,control,-0.01341687460951811
30,169,control,-0.01910339340569028
33,169,control,-0.01910128035286547
36,169,control,-0.00993842895734153
39,169,control,-0.03752101535980727
42,169,control,-0.00793184183442716
45,169,control,-0.02578816946574989
48,169,control,-0.01679241185775378
0,17,control,-0.03758877644743041
3,17,control,-0.02602792819508947
6,17,control,3.7904995099818e-4
9,17,control,0.01019354004744344
12,17,control,-0.00697860473488148
15,17,control,-0.01728010633532617
18,17,control,-0.0078954566113519
21,17,control,-0.01791541210797582
24,17,control,-0.01813961148997435
27,17,control,-0.03506579009807691
30,17,control,-0.00507330853270439
33,17,control,-0.01246472611016916
36,17,control,-0.01406595520067877
39,17,control,-0.01999996388743877
42,17,control,0.00758043777726885
45,17,control,0.01361403626706928
48,17,control,-0.00681290296244829
0,170,control,-0.02413314283239704
3,170,control,-0.02755771552273928
6,170,control,-0.03711774583352472
9,170,control,-0.03542716988748793
12,170,control,-0.01780646480762216
15,170,control,-0.02260328761319287
18,170,control,-0.03236293452456128
21,170,control,-0.02418569156969176
24,170,control,-0.01478947141736652
27,170,control,-0.02883418919004938
30,170,control,-0.02428604757069848
33,170,control,-0.020770922058669868
36,170,control,-0.01534138304733608
39,170,control,-0.0287348976945199
42,170,control,-0.03596402959700184
45,170,control,-0.03009395155077091
48,170,control,-0.02126294655573109
0,171,control,0.01256655384667631
3,171,control,0.01488520001411756
6,171,control,0.0294721492006765
9,171,control,0.03756573513911088
12,171,control,0.02290347805145128
15,171,control,0.01749006185293255
18,171,control,0.03148300285093514
21,171,control,0.02925237082618689
24,171,control,0.01338123784475982
27,171,control,0.02612623612319052
30,171,control,0.03032691904181182
33,171,control,0.01575394023802428
36,171,control,0.02718407984094503
39,171,control,0.02516860049449702
42,171,control,0.03617732329920541
45,171,control,0.02650035694487663
48,171,control,0.00836679613038157
0,172,control,0.00417026904048805
3,172,control,0.00982921123343498
6,172,control,-0.00985212617913261
9,172,control,0.02593905457943342
12,172,control,-0.00380961674086785
15,172,control,0.00439049567034114
18,172,control,0.00284356729243206
21,172,control,0.00961126144031109
24,172,control,0.01685633711679236
27,172,control,0.01172459984929507
30,172,control,0.02507385208686487
33,172,control,0.00721512619417703
36,172,control,0.00144812389441088
39,172,control,0.03203755906611821
42,172,control,-0.00196557868537931
45,172,control,0.01431226285348898
48,172,control,0.02779096472256523
0,173,control,-0.00762727316993865
3,173,control,0.00300714698914547
6,173,control,-0.00473993672198805
9,173,control,-0.01461568684939257
12,173,control,0.00863325314326511
15,173,control,-0.00540570771045073
18,173,control,-0.00406538785790075
21,173,control,-0.00508664413868031
24,173,control,-0.01078414483959101
27,173,control,-0.01346786547025333
30,173,control,0.0011235046144452
33,173,control,0.00632068081616441
36,173,control,0.02236917878923854
39,173,control,0.0053475376074139
42,173,control,-0.00290307248047559
45,173,control,0.00638672363463108
48,173,control,0.01149222880501015
0,174,control,0.0657825321207449
3,174,control,0.06142082767964951
6,174,control,0.0770925275538619
9,174,control,0.0362175813914265
12,174,control,0.0612694622524266
15,174,control,0.04363436417521785
18,174,control,0.04838874935419207
21,174,control,0.08889607933536002
24,174,control,0.06777052297285878
27,174,control,0.07169715627048528
30,174,control,0.04618296188644923
33,174,control,0.05465196756428139
36,174,control,0.05305068304605418
39,174,control,0.05862601729367776
42,174,control,0.05671194856214836
45,174,control,0.04820526137566049
48,174,control,0.04705614158269228
0,175,control,0.01606010922300391
3,175,control,-0.00501845910512953
6,175,control,0.00450430462964711
9,175,control,0.01532260400460805
12,175,control,0.01348495174019804
15,175,control,-0.0180646663485868
18,175,control,0.00485208932168275
21,175,control,-0.00892556268137944
24,175,control,-0.01114157329280402
27,175,control,-0.006755552260824
30,175,control,7.7233038026564e-4
33,175,control,-0.00310770297092143
36,175,control,-0.03450142584697282
39,175,control,-0.00384015592230502
42,175,control,-0.00864747058664201
45,175,control,0.0052970756352255
48,175,control,0.00333436191665567
0,176,control,-0.00863346986326857
3,176,control,-0.0138085856366495
6,176,control,0.00254530034907538
9,176,control,1.6810560835201e-4
12,176,control,0.01003864316673384
15,176,control,-0.00861509127493129
18,176,control,0.01592868996953927
21,176,control,-0.01132061106493662
24,176,control,-0.00725407698797245
27,176,control,-0.01075978232717206
30,176,control,-0.00806834342621862
33,176,control,0.00601468034984269
36,176,control,0.00880957157288963
39,176,control,-8.656532112979e-4
42,176,control,0.0082557023493616
45,176,control,0.00844662129074294
48,176,control,-5.921697793202e-4
0,177,control,0.03975766938933486
3,177,control,0.01170336458975306
6,177,control,0.02134638062362353
9,177,control,0.00707657915646897
12,177,control,0.01846678209581568
15,177,control,0.00407729238453508
18,177,control,0.02871136535474189
21,177,control,0.01665045847560685
24,177,control,0.00924059591933045
27,177,control,0.02124501761354087
30,177,control,0.0242453376569839
33,177,control,0.02802731008249276
36,177,control,0.00407497918494476
39,177,control,0.0133636175260453
42,177,control,0.02545107860986974
45,177,control,0.03084186484366637
48,177,control,0.00751008872249557
0,178,control,-0.05167915868556502
3,178,control,-0.03877290359998429
6,178,control,-0.04641950736045739
9,178,control,-0.04632246134603686
12,178,control,-0.04106928756894242
15,178,control,-0.0394716418229603
18,178,control,-0.05063239005070256
21,178,control,-0.04635874428268344
24,178,control,-0.03789535027383819
27,178,control,-0.04868281856248506
30,178,control,-0.0593442501250156
33,178,control,-0.04101639943503242
36,178,control,-0.03945778700650255
39,178,control,-0.04465476754227686
42,178,control,-0.03548787177131638
45,178,control,-0.0324280907102011
48,178,control,-0.04320649596929337
0,179,control,-0.0115684458466198
3,179,control,-0.00386388038545447
6,179,control,-0.00430058678154479
9,179,control,0.00576478101786334
12,179,control,-0.00216982842083716
15,179,control,-0.00916451911349721
18,179,control,-0.00312651157329658
21,179,control,-0.00857715969996198
24,179,control,0.01303699145709053
27,179,control,0.00444937868679235
30,179,control,0.00886287598170746
33,179,control,-0.01198620361598955
36,179,control,-0.00646528758647557
39,179,control,-0.01139658805890023
42,179,control,-0.00530530630478758
45,179,control,-0.0169983947531211
48,179,control,-0.02032134367881465
0,18,control,-0.01936984313023055
3,18,control,-0.01999826767541236
6,18,control,-0.00628742366046396
9,18,control,-0.03151659076975433
12,18,control,-0.0288368109583819
15,18,control,-0.01675897513709633
18,18,control,-0.03094640383049166
21,18,control,-0.04036291866587162
24,18,control,-0.03468528155621393
27,18,control,-0.01991955921302137
30,18,control,-0.02153228571690414
33,18,control,-0.01115156624622975
36,18,control,-0.01860579624501708
39,18,control,-0.04476394841862446
42,18,control,-0.03255236479516543
45,18,control,-0.03203415476881743
48,18,control,-0.02007743918110354
0,180,control,-0.01899681342292692
3,180,control,0.00638144058670923
6,180,control,-0.01548219317300782
9,180,control,0.01326185836418313
12,180,control,-0.00292051501258058
15,180,control,0.0052924415778048
18,180,control,0.0122369304156986
21,180,control,-0.0030336997712424
24,180,control,-0.00795899003091364
27,180,control,-0.02797970458380642
30,180,control,-0.00890684341103481
33,180,control,-0.02151148918041513
36,180,control,-0.00688897877466775
39,180,control,-0.01164550720568467
42,180,control,-0.01152592309217441
45,180,control,-0.00556660792325825
48,180,control,-0.00266139239734378
0,181,control,-0.04321613969987122
3,181,control,-0.01379404764384786
6,181,control,-0.01920113912667128
9,181,control,-0.02601303876496033
12,181,control,-0.01549070497377175
15,181,control,-0.03316194861365566
18,181,control,-0.01988155854249226
21,181,control,-0.03247550367018487
24,181,control,-0.03043686072448966
27,181,control,-0.04455887896485906
30,181,control,-0.02317246482955331
33,181,control,-0.01909380656663715
36,181,control,-0.02498849612210935
39,181,control,-0.02867289963141695
42,181,control,-0.01196728533927828
45,181,control,-0.02710070640241858
48,181,control,-0.03568728494985683
0,182,control,-0.00275232509609019
3,182,control,0.0044617191053191
6,182,control,-0.00279631765116391
9,182,control,-0.01046772572629753
12,182,control,-7.962511153567453e-5
15,182,control,0.00266237675998429
18,182,control,0.00416083351590994
21,182,control,-0.00831207760514782
24,182,control,-0.01093435512629158
27,182,control,0.00147434462033711
30,182,control,-0.00213427515641748
33,182,control,-0.00469487976668523
36,182,control,-0.00273665710655818
39,182,control,-0.00255638707423952
42,182,control,-1.9727564039677e-4
45,182,control,8.6889286663646e-4
48,182,control,0.00508666878836002
0,183,control,0.01017187698697835
3,183,control,0.03249391081144167
6,183,control,0.03501188872685666
9,183,control,0.00873451044587276
12,183,control,7.5758873699217e-4
15,183,control,0.02516040826514064
18,183,control,0.02746836971555097
21,183,control,0.00985668538948177
24,183,control,0.02541849867675297
27,183,control,0.02678059101800603
30,183,control,0.01311939662165688
33,183,control,0.00924609745108306
36,183,control,0.01592166605310152
39,183,control,0.00549498533180018
42,183,control,0.00891981093734803
45,183,control,0.01462709028257553
48,183,control,0.05067692421642568
0,184,control,-0.01237223738504036
3,184,control,0.01184417794360577
6,184,control,-0.05500923086021139
9,184,control,-0.03653561211559927
12,184,control,-0.02916178575435015
15,184,control,-0.03990662974232397
18,184,control,-0.02140722897413942
21,184,control,-0.02665804887931456
24,184,control,-0.03075972841247769
27,184,control,-0.04244277221205025
30,184,control,-0.04855311921782402
33,184,control,-0.05855960341476752
36,184,control,-0.03300497140437992
39,184,control,-0.02198644435659636
42,184,control,-0.03964395104459092
45,184,control,-0.03394042762932204
48,184,control,-0.01458735009530541
0,185,control,-0.00696313746348598
3,185,control,-0.02352036002703951
6,185,control,-0.01770833283138304
9,185,control,-0.00566430171696827
12,185,control,1.5422298758486e-4
15,185,control,-0.01032375110024075
18,185,control,-0.01262538466788094
21,185,control,-0.01452404900862626
24,185,control,-0.00551985663813353
27,185,control,-0.02139111909814524
30,185,control,-0.01514968576909051
33,185,control,-0.00121547579994627
36,185,control,-0.02395271459331205
39,185,control,-0.00708495040773695
42,185,control,-0.00519750703605749
45,185,control,-0.02139251496810842
48,185,control,-0.01436534630312006
0,186,control,-6.4912996657268e-4
3,186,control,0.00642028155931041
6,186,control,1.6897177842759e-4
9,186,control,2.2064454151694e-4
12,186,control,-0.01235558441815696
15,186,control,-0.00508633739452508
18,186,control,-0.01307611829985576
21,186,control,-0.00249460297286184
24,186,control,-5.5829799744818e-4
27,186,control,0.01293838910198712
30,186,control,0.01008366660421059
33,186,control,0.00799888714935121
36,186,control,0.01689859018406404
39,186,control,0.00605282916247137
42,186,control,0.00693488296710307
45,186,control,0.00570204831858764
48,186,control,-0.00908556722503813
0,187,control,-0.01196354454861735
3,187,control,-0.0215189293921257
6,187,control,0.0017981603514498
9,187,control,-0.0079135242173531
12,187,control,-0.01804525188782057
15,187,control,0.00367724906154763
18,187,control,-0.0021822188231352
21,187,control,-0.00758647787861696
24,187,control,-0.00438915319111911
27,187,control,-0.01816920184606093
30,187,control,-0.01313707025767909
33,187,control,-0.00819999333228972
36,187,control,-0.00565102830162675
39,187,control,-0.01918560793847355
42,187,control,-0.0029873851472667
45,187,control,-0.00651808900563447
48,187,control,-0.00686879302723362
0,188,control,-0.00353713640725846
3,188,control,0.02169871593443298
6,188,control,0.03045082160619932
9,188,control,0.03904732921223932
12,188,control,0.02188843778056402
15,188,control,0.00996706065666303
18,188,control,0.00641900486298134
21,188,control,0.00215787610516236
24,188,control,0.00474942740062515
27,188,control,0.0260136800256366
30,188,control,0.0124788726155014
33,188,control,0.01080053373177869
36,188,control,0.02911221628226822
39,188,control,0.02886759389805292
42,188,control,0.02711406251540188
45,188,control,0.01277339387498722
48,188,control,0.0256558128623217
0,189,control,-0.04594409588698864
3,189,control,-0.08384313504579448
6,189,control,-0.07234688420481503
9,189,control,-0.07791459351211616
12,189,control,-0.06930850422752033
15,189,control,-0.05552234087224956
18,189,control,-0.06869372017151174
21,189,control,-0.07281032023457151
24,189,control,-0.08508328386986767
27,189,control,-0.06556535626034145
30,189,control,-0.09046177444679676
33,189,control,-0.05239073587528135
36,189,control,-0.07112710056349429
39,189,control,-0.05202532509677081
42,189,control,-0.06965385362726784
45,189,control,-0.04460393035500101
48,189,control,-0.04439756717649247
0,19,control,-0.04566368001917183
3,19,control,-0.03760206865239635
6,19,control,-0.03140746873114073
9,19,control,-0.04518490189233055
12,19,control,-0.05707447074912102
15,19,control,-0.04643585883272728
18,19,control,-0.04284865384416012
21,19,control,-0.05462781859895457
24,19,control,-0.04485444363043738
27,19,control,-0.02523242467336218
30,19,control,-0.0719153632940031
33,19,control,-0.03638481415073326
36,19,control,-0.02965799929388014
39,19,control,-0.06356917941195467
42,19,control,-0.02632422118931405
45,19,control,-0.04740853639309742
48,19,control,-0.05277802690684001
0,190,control,-0.0194895029490056
3,190,control,-0.01681919860503375
6,190,control,-0.02080048496154325
9,190,control,0.00970926110973627
12,190,control,-0.02644050368064585
15,190,control,-0.00719646951516896
18,190,control,-0.03225374084545129
21,190,control,-0.01071887979532976
24,190,control,-0.02283115607070572
27,190,control,-4.6917759365244e-4
30,190,control,-0.00303500140550922
33,190,control,-0.0180209184969333
36,190,control,-0.02016385162198755
39,190,control,-0.00578629007634246
42,190,control,-0.03417669915645705
45,190,control,-0.01653196665713535
48,190,control,0.00703917793928721
0,191,control,-0.02167904356271453
3,191,control,-0.02324292229441208
6,191,control,-0.01539081580314485
9,191,control,-0.00377359668974097
12,191,control,-0.00698248459370119
15,191,control,-0.0196564328035727
18,191,control,-0.00690154324319868
21,191,control,-0.0054720392871403
24,191,control,-0.03353909592352942
27,191,control,-0.02903128469571238
30,191,control,-0.01299704058845678
33,191,control,-5.9593003127136e-4
36,191,control,-0.01450937822307942
39,191,control,-0.00373152097077973
42,191,control,-0.01897535765200251
45,191,control,-0.02091308473625792
48,191,control,-0.01697666441966901
0,192,control,-0.0056938215325126
3,192,control,0.00358490583892607
6,192,control,1.3673613996212e-4
9,192,control,0.01148168077468684
12,192,control,-0.01263569566621186
15,192,control,0.00203173623363258
18,192,control,0.00922530690969267
21,192,control,0.03298586823880278
24,192,control,0.02931139704462815
27,192,control,-0.00142583722957274
30,192,control,-0.00106939527613411
33,192,control,-0.01081313070874507
36,192,control,0.02076094157761485
39,192,control,-0.00495314761836455
42,192,control,-0.00282609124696078
45,192,control,0.00480285867066774
48,192,control,0.019147679491611
0,193,control,0.01200922965009304
3,193,control,0.01321851151158812
6,193,control,0.01235963760527213
9,193,control,0.03251663983399699
12,193,control,0.02222682099274516
15,193,control,5.9690908402712e-4
18,193,control,0.01537843170143073
21,193,control,0.00561182587709121
24,193,control,0.00664699657087616
27,193,control,0.01190106773329141
30,193,control,0.01292691918139439
33,193,control,0.01073027511614886
36,193,control,0.01147414589242725
39,193,control,0.01198439778480339
42,193,control,0.01505338677455863
45,193,control,0.0257854470728205
48,193,control,0.01294358791376326
0,194,control,-0.00814202429927333
3,194,control,-0.00278643866982546
6,194,control,-0.0140597482294373
9,194,control,0.01386040381607691
12,194,control,0.00605099942330338
15,194,control,0.02449768525285552
18,194,control,-0.02098298716465771
21,194,control,0.00125188509343121
24,194,control,0.00377547704099331
27,194,control,-0.00520754065640496
30,194,control,-4.001362599133162e-5
33,194,control,0.00586080777098318
36,194,control,-0.01880316464332719
39,194,control,0.01394304623213996
42,194,control,-0.00331825077460181
45,194,control,0.01020087747444428
48,194,control,-0.01511470637455143
0,195,control,-0.00307533517791384
3,195,control,0.00745749463641168
6,195,control,-0.01120179082906359
9,195,control,-0.0147398310997113
12,195,control,0.00943328172177544
15,195,control,0.01262433351661375
18,195,control,0.00413220645450483
21,195,control,-0.02205645798897646
24,195,control,-0.00213794680160481
27,195,control,0.00346013751366704
30,195,control,0.0124822812437624
33,195,control,0.0048283547400747
36,195,control,-0.01244351496139598
39,195,control,0.00688547237753416
42,195,control,-0.00243576923032253
45,195,control,-0.01281264736847429
48,195,control,0.00548398339266042
0,196,control,0.00869502080803947
3,196,control,0.00724578869108449
6,196,control,0.02083419696123188
9,196,control,0.04991278759125909
12,196,control,-0.00518721956425376
15,196,control,0.02151154521188933
18,196,control,0.02803055545963852
21,196,control,0.0133864121414938
24,196,control,0.02926620436983701
27,196,control,0.00338008928872555
30,196,control,0.00880907740798946
33,196,control,0.04131627354162489
36,196,control,0.03799633426550596
39,196,control,0.00507399126312912
42,196,control,0.02619316238408306
45,196,control,0.02658516061776601
48,196,control,0.02044996936391529
0,197,control,-0.02079470577915419
3,197,control,-0.01480239421442162
6,197,control,-0.03338330860039762
9,197,control,-0.0167656504396413
12,197,control,-0.03275584595398317
15,197,control,-0.04693483403389634
18,197,control,-0.01599716742516012
21,197,control,-0.03638620721395071
24,197,control,-0.02260167667546377
27,197,control,-0.00422428674870419
30,197,control,-0.00790011321652702
33,197,control,0.00708827023727057
36,197,control,-0.01336043435254904
39,197,control,-0.0185743130455407
42,197,control,-0.04013743310291769
45,197,control,-0.02765202534013226
48,197,control,-0.01584703671164907
0,198,control,-0.01004178169262109
3,198,control,0.01428195638927585
6,198,control,0.00616126081605372
9,198,control,0.00327578302602357
12,198,control,0.00602803192235855
15,198,control,0.0122198389193253
18,198,control,0.00920446515469025
21,198,control,0.00667010540520049
24,198,control,0.00463778144742214
27,198,control,9.8000406132287e-4
30,198,control,0.00504189889188961
33,198,control,0.01015851716490579
36,198,control,-0.00679537654459654
39,198,control,0.01505722637351719
42,198,control,0.00999144112994583
45,198,control,0.00408105160527626
48,198,control,0.0182774332956833
0,199,control,-0.01881035107782331
3,199,control,-0.01561291016301747
6,199,control,-0.00802729861643253
9,199,control,-0.02019392959126502
12,199,control,-0.02617335768077574
15,199,control,-0.02713922100077124
18,199,control,-0.01677838846766066
21,199,control,-0.02784080431645873
24,199,control,-0.01121518069343266
27,199,control,-0.00983165402779848
30,199,control,-0.03480254055184056
33,199,control,-0.00885494633214966
36,199,control,0.00332639210194795
39,199,control,-0.02422284528478421
42,199,control,-0.02920599545728687
45,199,control,-0.01294282477669587
48,199,control,-0.00259711256222603
0,2,control,-0.00836503211525887
3,2,control,0.00941594963477794
6,2,control,-0.00487051518075851
9,2,control,-0.02205162555944541
12,2,control,-0.0219768265119738
15,2,control,-0.00727204813801469
18,2,control,-0.01497098867540464
21,2,control,-0.008559806646141
24,2,control,-0.00100257508604903
27,2,control,-0.00311572046348494
30,2,control,-6.7699877569099e-4
33,2,control,-0.00855480057780841
36,2,control,-0.00469380901676857
39,2,control,-0.01355448607968277
42,2,control,-0.01618406935351858
45,2,control,0.00397040959886857
48,2,control,0.00115264446670011
0,20,control,0.00586584416713209
3,20,control,0.00384762298533896
6,20,control,-0.00680658231027191
9,20,control,-0.00510192107461065
12,20,control,0.00172644324371339
15,20,control,-0.01660312592273319
18,20,control,-0.00714195905970892
21,20,control,-0.01027581806421995
24,20,control,-0.0201651346587877
27,20,control,0.00118131881015045
30,20,control,0.00582633522014755
33,20,control,-0.00911624250699138
36,20,control,0.01564123541691636
39,20,control,0.00116747533269082
42,20,control,-0.00718332306299935
45,20,control,-0.00981246956849095
48,20,control,0.00218882561915209
0,200,control,-0.00991124767654085
3,200,control,-0.0158206375842994
6,200,control,-0.016117240535161
9,200,control,0.0079355112926801
12,200,control,0.00982925607797117
15,200,control,-0.01836133374273728
18,200,control,-0.03103984546046053
21,200,control,0.01670104348299269
24,200,control,0.00903963995684998
27,200,control,7.7432343222604e-4
30,200,control,-0.00343415883064198
33,200,control,0.01186340494075372
36,200,control,-0.01073875506093167
39,200,control,-0.01094586010471852
42,200,control,-0.00699057984071471
45,200,control,0.00544076584116491
48,200,control,2.3976752136188e-4
0,21,control,-0.00233299389528746
3,21,control,0.02359611713671535
6,21,control,0.01962990862189394
9,21,control,0.02042909264133462
12,21,control,0.00715987088223349
15,21,control,-0.00637952074483672
18,21,control,0.0026587134656889
21,21,control,0.016472538383754
24,21,control,0.00220825536111347
27,21,control,0.02162535865427179
30,21,control,0.01743155868726752
33,21,control,0.02717092680115682
36,21,control,-0.00147042817503188
39,21,control,-0.00576427035713876
42,21,control,-0.00349102524771373
45,21,control,0.00928894839010457
48,21,control,0.01657824641492773
0,22,control,-0.03760651434895382
3,22,control,-0.03955751029515872
6,22,control,-0.0364744414322022
9,22,control,-0.04976768028540047
12,22,control,-0.03907727593352949
15,22,control,-0.05817423061261256
18,22,control,-0.04174265721341746
21,22,control,-0.03422521618598936
24,22,control,-0.03498079951627992
27,22,control,-0.05129280038037154
30,22,control,-0.03409195492528698
33,22,control,-0.05175096511052668
36,22,control,-0.03221390082418027
39,22,control,-0.03390371904297733
42,22,control,-0.04226646728948293
45,22,control,-0.03432567553692365
48,22,control,-0.06014997471677239
0,23,control,-0.00438896712855221
3,23,control,-0.02601397535814811
6,23,control,0.0095190637009277
9,23,control,-0.00744127093269268
12,23,control,0.00594097448654767
15,23,control,-0.00909575077192544
18,23,control,-0.00221260622444256
21,23,control,0.00829890027150216
24,23,control,-0.01677414239028042
27,23,control,-0.02443286161167799
30,23,control,-0.01545560483896375
33,23,control,0.0094642146466495
36,23,control,-0.00531546370354594
39,23,control,-0.00793796612701096
42,23,control,-0.00121946932124391
45,23,control,-0.01205595109935526
48,23,control,0.00238143084866581
0,24,control,0.0298494715011236
3,24,control,-0.00582802661864088
6,24,control,0.01600952716593975
9,24,control,-0.00639525380411144
12,24,control,0.01598418167064897
15,24,control,0.01168399909489946
18,24,control,-0.00367448921324716
21,24,control,0.02400049642818202
24,24,control,0.01059325497805343
27,24,control,0.01386962587758525
30,24,control,0.01562886945412257
33,24,control,2.9264405315268e-4
36,24,control,0.00319350629975866
39,24,control,0.01508709618225886
42,24,control,0.02220523244520598
45,24,control,0.00816210401143551
48,24,control,0.01558264907761158
0,26,control,-0.00632407795180281
3,26,control,-0.01608673721989764
6,26,control,0.00609427816110884
9,26,control,-0.00784766991133845
12,26,control,-0.00979703857924728
15,26,control,7.042991975554602e-5
18,26,control,0.00686090520887064
21,26,control,-0.00610910383364609
24,26,control,-0.00884853025169146
27,26,control,-0.01131154074294751
30,26,control,-0.00921303185212732
33,26,control,0.01244473679930528
36,26,control,-0.00523548453925615
39,26,control,-0.0076389998298339
42,26,control,-0.00340968288219354
45,26,control,-0.00217326209549995
48,26,control,-0.00448811507342281
0,27,control,-0.01495544528795657
3,27,control,0.00820006392835473
6,27,control,0.01993477573920836
9,27,control,-0.00373127762889627
12,27,control,-0.02577288937554098
15,27,control,-0.0173903677016699
18,27,control,-0.03562846892155069
21,27,control,-0.01269552098208529
24,27,control,-0.00630439927288247
27,27,control,0.00231029343973156
30,27,control,-0.010264175543414151
33,27,control,-0.02022823795447861
36,27,control,0.01339145018527682
39,27,control,-0.03009419006774615
42,27,control,-0.01417125666764771
45,27,control,-0.03482975123240235
48,27,control,0.01294286998913367
0,28,control,0.01440541497869286
3,28,control,0.00393843182832186
6,28,control,0.02298091513405316
9,28,control,0.0065584861066948
12,28,control,0.0070313406986387
15,28,control,0.01168963549894514
18,28,control,0.01725300497215275
21,28,control,0.01959417974436927
24,28,control,0.01407355718557223
27,28,control,0.00696806932127909
30,28,control,0.0065021963110645
33,28,control,0.01037032587101267
36,28,control,0.00824737456197569
39,28,control,-0.00399735958842883
42,28,control,0.01801549392277732
45,28,control,-0.00221348088264692
48,28,control,-3.3085956663016e-4
0,29,control,-0.02139412632230794
3,29,control,-0.03224059512300272
6,29,control,-0.02820486140255392
9,29,control,-0.02692271655653929
12,29,control,-0.02955334289275964
15,29,control,-0.03972322273513799
18,29,control,-0.02104623252289958
21,29,control,-0.02690982454479021
24,29,control,-0.04278573057958979
27,29,control,-0.043197799448315
30,29,control,-0.02508662708876971
33,29,control,-0.0256678285089258
36,29,control,-0.03681451871594708
39,29,control,-0.03869083716836161
42,29,control,-0.03182172599860504
45,29,control,-0.03674327945729492
48,29,control,-0.02130647481500245
0,3,control,-0.01539932024479476
3,3,control,-0.0276048045526856
6,3,control,-0.02663442891802419
9,3,control,-0.01201604995680017
12,3,control,-0.02641801209519784
15,3,control,-0.02089840605538383
18,3,control,-0.0252836057929163
21,3,control,-0.02760779268974302
24,3,control,-0.01797750021738441
27,3,control,-0.01974484589533502
30,3,control,-0.01774595355313497
33,3,control,-0.00930702193542819
36,3,control,-0.00786480793061789
39,3,control,-0.00979660089664893
42,3,control,-0.02438206010636007
45,3,control,-0.01432665844319711
48,3,control,-0.02633419426755159
0,30,control,-3.3992097420102e-4
3,30,control,0.00484328384172383
6,30,control,0.00103641847096777
9,30,control,0.00846464557245739
12,30,control,-0.00216180470320538
15,30,control,-0.00829859267482702
18,30,control,-0.00398448109276664
21,30,control,0.00400345878279156
24,30,control,-0.00407728306618396
27,30,control,4.0015655163864e-4
30,30,control,8.6204201039127e-4
33,30,control,-0.01586948604217276
36,30,control,0.00375478893230796
39,30,control,-0.00956218618805626
42,30,control,-0.01070199357550993
45,30,control,-0.02190788673972705
48,30,control,0.00176486534015708
0,31,control,0.01003566751333173
3,31,control,0.01597405981406604
6,31,control,0.02714465398488732
9,31,control,0.02816798050003753
12,31,control,-0.00290905708303509
15,31,control,0.01030161049483226
18,31,control,0.00609000945021868
21,31,control,0.01817221589843808
24,31,control,0.01702454152925696
27,31,control,0.02018591409790351
30,31,control,0.01010635599301986
33,31,control,0.01260735355524293
36,31,control,-0.01124236159175027
39,31,control,0.00738581916763313
42,31,control,0.02955030788896687
45,31,control,0.0078396362004901
48,31,control,0.02190184226857259
0,32,control,-0.00426576315299396
3,32,control,-0.00424770451662412
6,32,control,0.00876475557247786
9,32,control,0.01095490833813651
12,32,control,-0.00518059488469389
15,32,control,0.01674917403059647
18,32,control,0.00513184757432051
21,32,control,0.0044943523067274
24,32,control,0.00977917573736948
27,32,control,-0.01474828664169386
30,32,control,-0.02733724599819064
33,32,control,-0.00934504653658009
36,32,control,-0.01966042103790765
39,32,control,-0.01133743743960588
42,32,control,-0.00520969612753007
45,32,control,0.00594027925862187
48,32,control,0.01233213964271502
0,33,control,0.01880676777179482
3,33,control,0.00491249871612144
6,33,control,0.01459231715350061
9,33,control,0.01305625934265126
12,33,control,-2.4531683345204e-4
15,33,control,0.00323463031082338
18,33,control,0.01976341143664874
21,33,control,0.00827043405898114
24,33,control,0.00805946705751345
27,33,control,0.00489021367532258
30,33,control,0.01660448960086703
33,33,control,0.02047380389854379
36,33,control,0.01316228855188122
39,33,control,0.02039312103514223
42,33,control,0.01306063506313368
45,33,control,0.01745273782948932
48,33,control,0.00916153874660821
0,34,control,-0.01915278359513101
3,34,control,-0.00913133432786905
6,34,control,0.0144723825410445
9,34,control,2.3512234417274215e-5
12,34,control,-0.02534536059873028
15,34,control,-0.00801652377508446
18,34,control,-0.01779323580403525
21,34,control,-0.00365194314661685
24,34,control,-0.01800624761880081
27,34,control,-0.00203133873244837
30,34,control,-0.02050282440620576
33,34,control,-0.00421280783869563
36,34,control,0.00101501336430243
39,34,control,-0.00261297041607958
42,34,control,-0.00372354096037634
45,34,control,0.01430649786450961
48,34,control,-0.0068521609834665
0,35,control,-0.0221806955929778
3,35,control,-0.01771859524736872
6,35,control,-0.01022812799141845
9,35,control,-0.02750051454990161
12,35,control,-0.01426311548104318
15,35,control,-0.02443222230219242
18,35,control,-0.01941360283757032
21,35,control,-0.02085943312827563
24,35,control,-0.01206610693512944
27,35,control,-0.00958310823110029
30,35,control,-0.00405156843789912
33,35,control,-0.01482853524362891
36,35,control,-0.01117168127976742
39,35,control,-0.01213231546606364
42,35,control,-0.02621586210608993
45,35,control,-0.02393177282842708
48,35,control,-0.00516741691463921
0,36,control,0.01312834169236229
3,36,control,-4.1290971605207e-4
6,36,control,0.02754666988588054
9,36,control,0.0213347429339191
12,36,control,0.00658955499095374
15,36,control,0.01082191327858417
18,36,control,0.0065552643013177
21,36,control,4.8226518740441e-4
24,36,control,0.00192442400673475
27,36,control,0.02251203312940351
30,36,control,0.00745347877405985
33,36,control,0.01651336215140564
36,36,control,-0.01150835000221626
39,36,control,0.01267683361734986
42,36,control,0.01891645702221635
45,36,control,0.00404427209701595
48,36,control,0.01711520999442573
0,37,control,-0.00998271406968099
3,37,control,0.01428418265289673
6,37,control,-0.00884440452250239
9,37,control,-0.00973270306666991
12,37,control,-0.01378928136814499
15,37,control,-0.02419861451551695
18,37,control,0.02990715135385902
21,37,control,-0.00628540955026951
24,37,control,-0.01148946090837763
27,37,control,0.00115566926230019
30,37,control,0.0028663363206353
33,37,control,-0.010106735575436
36,37,control,-0.01698818014742374
39,37,control,-0.00484776374933939
42,37,control,0.00273349615263924
45,37,control,-0.02071790553342222
48,37,control,0.00303593308449566
0,38,control,-0.027614178765509
3,38,control,-0.0163060451222423
6,38,control,-0.01831580512372702
9,38,control,-0.0265832151272548
12,38,control,-0.00883958682705357
15,38,control,-0.00123342250433735
18,38,control,-0.02266408038853249
21,38,control,-0.0152916728034598
24,38,control,-0.01437032732501096
27,38,control,-0.02547656989557998
30,38,control,-0.00432429246410594
33,38,control,-0.02278091689415193
36,38,control,-0.0227993240412953
39,38,control,-0.02380518337666506
42,38,control,-0.00998376236878319
45,38,control,-0.02208846368585165
48,38,control,-0.02662357887466008
0,39,control,-0.02257357629768353
3,39,control,-0.03240364595475778
6,39,control,-0.0316758361202291
9,39,control,-0.01408143053966665
12,39,control,-0.03919848621177002
15,39,control,-0.03601346356818204
18,39,control,-0.0239662206135911
21,39,control,-0.04235385215923373
24,39,control,-0.02230885236257783
27,39,control,-0.02858104851634694
30,39,control,-0.01949059250653882
33,39,control,-0.00876097503393957
36,39,control,-0.03205308498099284
39,39,control,-0.00943064386446221
42,39,control,-0.02449381240218147
45,39,control,-0.02752201275453859
48,39,control,-0.01305972756300143
0,4,control,0.00216235191787969
3,4,control,0.00950207040936627
6,4,control,-0.00670254152709892
9,4,control,-9.7595836193489e-4
12,4,control,0.01544584729154962
15,4,control,0.00123064620843869
18,4,control,-8.1788541101185e-4
21,4,control,0.01514659460989005
24,4,control,0.00794926936504725
27,4,control,0.01566652563463134
30,4,control,0.0028528797621674
33,4,control,0.01148172382308288
36,4,control,0.02529676007511774
39,4,control,0.01888141314862477
42,4,control,0.01675317614930388
45,4,control,0.00308277670960868
48,4,control,-0.00616425670706282
0,40,control,0.0052252051758971
3,40,control,0.0130560350443399
6,40,control,0.01857192071560708
9,40,control,0.02193719318687954
12,40,control,0.01375155398674551
15,40,control,0.03812298486661825
18,40,control,0.00928468670331859
21,40,control,0.00117194671116525
24,40,control,0.01739340642199528
27,40,control,0.01082078163986056
30,40,control,0.01174287294391
33,40,control,0.03360500236660985
36,40,control,0.00756953736409272
39,40,control,0.01156236581211158
42,40,control,0.03384393212362014
45,40,control,0.01287475398440103
48,40,control,0.01634279608012158
0,41,control,0.00786939928332488
3,41,control,0.00265651084453518
6,41,control,0.01418432594155889
9,41,control,0.01542222741538919
12,41,control,2.4992967404297e-4
15,41,control,-0.0019692782743654
18,41,control,0.01336969309908207
21,41,control,0.0076616466621262
24,41,control,0.0057311171931289
27,41,control,-0.00200412648488176
30,41,control,0.0026896588516518
33,41,control,-0.00333176776673468
36,41,control,0.00352517200039462
39,41,control,0.00175266219235173
42,41,control,0.02239910151225501
45,41,control,0.00276142709498341
48,41,control,0.00245831121207711
0,42,control,0.01320559243367902
3,42,control,0.01507141524522648
6,42,control,0.00883907574392624
9,42,control,0.01350826434886499
12,42,control,0.00910328816804751
15,42,control,0.01390870812834431
18,42,control,0.00862039342498473
21,42,control,7.7043245637865e-4
24,42,control,0.03431520185262271
27,42,control,0.00283818636264744
30,42,control,0.01136733362395475
33,42,control,0.00124643048101297
36,42,control,0.01052899129224903
39,42,control,0.01119611669945878
42,42,control,0.01219684260537229
45,42,control,0.02456156380209256
48,42,control,0.01413378887240074
0,43,control,-0.00690680996836415
3,43,control,-0.00909806942238508
6,43,control,-0.00385359136977124
9,43,control,-0.00213462150112009
12,43,control,-0.01397291217968015
15,43,control,-0.01611232967462405
18,43,control,-0.0039924314034067
21,43,control,0.00828639733468976
24,43,control,-0.00918015854604916
27,43,control,-0.00710746385573942
30,43,control,-0.00718346217447871
33,43,control,-0.01098210402862265
36,43,control,-0.01015903423322524
39,43,control,-0.00461692425484494
42,43,control,-7.4525631722075e-4
45,43,control,-0.01401958650599135
48,43,control,-0.0158547520882381
0,44,control,0.02997301332286609
3,44,control,-6.390945759042046e-5
6,44,control,0.01042311738445265
9,44,control,-0.00286181458692586
12,44,control,0.03819606372980611
15,44,control,0.00386931411967178
18,44,control,0.00815060048180181
21,44,control,0.00643626223173839
24,44,control,0.00929058754105013
27,44,control,0.03898074707352762
30,44,control,0.00842292387581979
33,44,control,0.0082001429977348
36,44,control,0.02661129562524189
39,44,control,0.00697715910597795
42,44,control,0.00666850435180839
45,44,control,0.01373234765882885
48,44,control,0.02212831862666138
0,45,control,-0.03094304346454056
3,45,control,-0.02264737433979833
6,45,control,-0.02527187919186001
9,45,control,-0.02700584077837717
12,45,control,-0.01821050464966034
15,45,control,-0.01867129890364182
18,45,control,-0.02509034796210499
21,45,control,-0.01925845493359483
24,45,control,-0.04391055920213946
27,45,control,-0.02063762412049509
30,45,control,-0.02202031076111238
33,45,control,-0.02584302594082921
36,45,control,-0.01375735606295206
39,45,control,-0.01959565016532323
42,45,control,-0.03117980562677692
45,45,control,-0.01569525885525313
48,45,control,-0.0189571180154574
0,46,control,0.01019585947018439
3,46,control,-0.00482798017502447
6,46,control,-0.00535737088949036
9,46,control,-7.9229164057937e-4
12,46,control,-0.00651180492850807
15,46,control,-0.00193901047623572
18,46,control,1.6263707656801e-4
21,46,control,-0.02146267244983341
24,46,control,0.0109527719829008
27,46,control,0.00303842912777584
30,46,control,-0.00198374623809156
33,46,control,-0.00844191035405591
36,46,control,-0.02427514501722057
39,46,control,-0.00691457144047796
42,46,control,0.00844284757373898
45,46,control,-0.0073121211833495
48,46,control,0.00755416471928543
0,47,control,-0.01267123148745184
3,47,control,1.6392854418059e-4
6,47,control,-0.02738110327052364
9,47,control,-0.013060006415732
12,47,control,0.0036475695788524
15,47,control,-0.00932958301983774
18,47,control,-0.02055871062717548
21,47,control,-0.01044061794197976
24,47,control,-0.01729152969669039
27,47,control,-0.02992595573251364
30,47,control,-0.01413213434904376
33,47,control,-0.02750304239006825
36,47,control,-0.02050582538193611
39,47,control,-0.02866361398356852
42,47,control,-0.03778128521631595
45,47,control,-0.02061206097729244
48,47,control,-0.02831218397650286
0,48,control,-0.02319924480867308
3,48,control,4.461433148286e-4
6,48,control,-0.0147121340483482
9,48,control,-0.01787161817145114
12,48,control,-0.02679519625104951
15,48,control,-0.01160902960138294
18,48,control,-0.00300627926127038
21,48,control,-0.01042547208472488
24,48,control,-0.00588604475759968
27,48,control,-0.00405692501892971
30,48,control,0.00323288071979633
33,48,control,0.0065508811479666
36,48,control,-0.01128528184343266
39,48,control,-0.0166330921714455
42,48,control,0.00124202314335248
45,48,control,-0.00579478502289467
48,48,control,0.00302667971154269
0,49,control,0.02121502207551899
3,49,control,0.02105083658267658
6,49,control,0.01649304944285752
9,49,control,0.02054975576571567
12,49,control,0.04364433243565836
15,49,control,0.0074113137228665
18,49,control,0.02500439987721676
21,49,control,0.02826884141054019
24,49,control,0.02163705986686826
27,49,control,0.02446674705730318
30,49,control,0.02104145320906145
33,49,control,0.03000137385061577
36,49,control,0.02152518653601461
39,49,control,0.02237125873852719
42,49,control,0.02538252417419896
45,49,control,0.03301037308504916
48,49,control,0.02180946802224287
0,5,control,-0.06672947687851477
3,5,control,-0.05753773868003496
6,5,control,-0.05511303429717726
9,5,control,-0.05134704614563102
12,5,control,-0.06150546136397962
15,5,control,-0.06666261084934548
18,5,control,-0.07189714386369259
21,5,control,-0.06247565141079617
24,5,control,-0.05247003749893406
27,5,control,-0.07342557747328231
30,5,control,-0.04184925196079013
33,5,control,-0.06800783699167494
36,5,control,-0.04969006892314073
39,5,control,-0.05643822730190606
42,5,control,-0.05310318148660554
45,5,control,-0.07049754916099424
48,5,control,-0.05909145450348709
0,50,control,0.05369084150745475
3,50,control,0.02134623443275836
6,50,control,0.04169558758156141
9,50,control,0.03054525807318532
12,50,control,0.03277981471964619
15,50,control,0.03716705507879058
18,50,control,0.02907252360335316
21,50,control,0.04362223044262936
24,50,control,0.03241631963938743
27,50,control,0.05541007767021009
30,50,control,0.03838448393180067
33,50,control,0.0384126183267894
36,50,control,0.02259734414998823
39,50,control,0.03478019671389836
42,50,control,0.03896974814568257
45,50,control,0.03394537343617082
48,50,control,0.03051906282855802
0,51,control,0.03364565612336658
3,51,control,0.0169444113090945
6,51,control,0.0075868868742084
9,51,control,0.00520944444270355
12,51,control,0.00883928092105681
15,51,control,0.01010466316274665
18,51,control,0.02346416163362295
21,51,control,0.00565538389475734
24,51,control,0.02745178982506155
27,51,control,0.01817227338081627
30,51,control,0.02544117272760195
33,51,control,0.01550173764906753
36,51,control,0.009879173401322
39,51,control,0.02717940755138432
42,51,control,0.01307721719923249
45,51,control,0.01540858697707743
48,51,control,0.00866465394696735
0,52,control,0.01637827358700713
3,52,control,0.01754589497262875
6,52,control,0.03481646078242976
9,52,control,0.02490039450798858
12,52,control,0.04850901996207431
15,52,control,0.011243180307742
18,52,control,0.0113005905960339
21,52,control,-0.00252749695943623
24,52,control,0.01790907619484268
27,52,control,0.00714064867258192
30,52,control,0.02249722331208032
33,52,control,0.02415819838461111
36,52,control,0.01972761207791876
39,52,control,0.00799830175168901
42,52,control,0.02617147732626502
45,52,control,0.0110274653041108
48,52,control,0.00908341724710478
0,53,control,0.02440823869276957
3,53,control,0.03302075414264923
6,53,control,0.03576480222193273
9,53,control,0.02493349477031277
12,53,control,0.01513067280475096
15,53,control,0.01983202399460764
18,53,control,0.03428055785674606
21,53,control,0.02210729200048764
24,53,control,0.03252429948817827
27,53,control,0.02684995634482786
30,53,control,0.03823457195483251
33,53,control,0.03215547133324292
36,53,control,0.02231903197593295
39,53,control,0.03422155688457825
42,53,control,0.02886112562555336
45,53,control,0.04496890587625361
48,53,control,0.02753719496554815
0,54,control,-0.03723249034329796
3,54,control,-0.01961787518656645
6,54,control,-0.0394707123971313
9,54,control,-0.02079016479514488
12,54,control,-0.01081762025547545
15,54,control,-0.03616822451823491
18,54,control,-0.02844880281153163
21,54,control,-0.01894256174201883
24,54,control,-0.02208132581678457
27,54,control,-0.05048828340674891
30,54,control,-0.03327279873127667
33,54,control,-0.0432470760774496
36,54,control,-0.02292824046678236
39,54,control,-0.02340425379317942
42,54,control,-0.03423442375209563
45,54,control,-0.04611650541677885
48,54,control,-0.04865702168103835
0,55,control,0.06552479460296318
3,55,control,0.05726010484322755
6,55,control,0.03942469461490987
9,55,control,0.05589020381453279
12,55,control,0.04052576051678873
15,55,control,0.03552129755783204
18,55,control,0.05820085900881897
21,55,control,0.05935575579200835
24,55,control,0.04161685521776968
27,55,control,0.04175044064397706
30,55,control,0.05301675666604825
33,55,control,0.06362788189670467
36,55,control,0.05125715756565358
39,55,control,0.06212477557312495
42,55,control,0.02930447390213532
45,55,control,0.03046029581884886
48,55,control,0.02305705348814921
0,56,control,-0.02531765176353414
3,56,control,-0.02149949191859358
6,56,control,-0.01970517995845228
9,56,control,-0.0198011895988576
12,56,control,-0.01009845353992352
15,56,control,-0.01097681302658979
18,56,control,-0.02251102627586385
21,56,control,-0.01433379524839061
24,56,control,-0.02037141426601278
27,56,control,-0.01324905563208958
30,56,control,-0.00591722195175526
33,56,control,-0.02471905467872957
36,56,control,-0.01315053781867232
39,56,control,-0.01750385524047967
42,56,control,-0.0200355128022601
45,56,control,-0.01481505184844345
48,56,control,-0.02292463180136493
0,57,control,-5.5406643613965825e-5
3,57,control,0.04122947387984731
6,57,control,-0.03064247854845465
9,57,control,-8.1787136360688e-4
12,57,control,4.8976326722849e-4
15,57,control,-0.00865377396908336
18,57,control,-0.00638452415682294
21,57,control,-0.00594997712570426
24,57,control,-0.00476136176687372
27,57,control,-0.03572204234066929
30,57,control,-0.00553451186631617
33,57,control,-0.01502367967104448
36,57,control,-0.01438139016921199
39,57,control,-0.0062731956011119
42,57,control,-0.0011599673222024
45,57,control,-1.5121333752257e-4
48,57,control,0.00554361561128658
0,58,control,0.01791573961046177
3,58,control,0.01256656125965718
6,58,control,-0.01221830663126632
9,58,control,-0.02176061793182695
12,58,control,-0.02730225183174039
15,58,control,-0.00310178018708512
18,58,control,-0.01080540792176665
21,58,control,-0.01657793160155793
24,58,control,0.00836831845193358
27,58,control,-0.00237756625048033
30,58,control,-0.01391349329077403
33,58,control,0.00595462925290256
36,58,control,-0.02160307000581195
39,58,control,-0.01064808632342423
42,58,control,-0.00146762627551285
45,58,control,3.97575562388e-4
48,58,control,0.02054986654239795
0,59,control,-0.04506787633990475
3,59,control,-0.01889423947911104
6,59,control,-0.02175611948911179
9,59,control,-0.03302355590307528
12,59,control,-0.03239416518704949
15,59,control,-0.04181277958909581
18,59,control,-0.03295820723534371
21,59,control,-0.03210668727788937
24,59,control,-0.00833949409841997
27,59,control,-0.02083332184033895
30,59,control,-0.01433023317174783
33,59,control,-0.03301990315156629
36,59,control,-0.01649631329976647
39,59,control,-0.02303043178565769
42,59,control,-0.03463307876589841
45,59,control,-0.00898024715126307
48,59,control,-0.00398900843216515
0,6,control,-0.03391874292853279
3,6,control,-0.03071262466286008
6,6,control,-0.04117015099654603
9,6,control,-0.03131571064000447
12,6,control,-0.02635879025895835
15,6,control,-0.03365821389088398
18,6,control,-0.04131037894347442
21,6,control,-0.02696536957598518
24,6,control,-0.02996315948616022
27,6,control,-0.04081562106458552
30,6,control,-0.02564891838690051
33,6,control,-0.02182506847213808
36,6,control,-0.02200299145423795
39,6,control,-0.0307606965323013
42,6,control,-0.03460913467592019
45,6,control,-0.02510609399106115
48,6,control,-0.03378174072497905
0,60,control,-0.00136124161018277
3,60,control,0.00617178343598745
6,60,control,9.3794925691564e-4
9,60,control,-0.00628725566049596
12,60,control,0.01793245493314629
15,60,control,0.02930822721240378
18,60,control,0.01491721340283899
21,60,control,0.01681399587144371
24,60,control,0.00837306552442428
27,60,control,0.01876679609705215
30,60,control,-0.00543751721313121
33,60,control,9.4974965161849e-4
36,60,control,0.00969278147350935
39,60,control,0.01880921883195826
42,60,control,-1.5788548541186e-4
45,60,control,0.00307373833580984
48,60,control,-0.00586251462500488
0,61,control,-0.02912275781016924
3,61,control,-0.01581937227602703
6,61,control,-0.04737716454142799
9,61,control,-0.05351240063285467
12,61,control,-0.02479153752658267
15,61,control,-0.04216491070137218
18,61,control,-0.03418170971806967
21,61,control,-0.05374467509813521
24,61,control,-0.05824114774784914
27,61,control,-0.06060954752329216
30,61,control,-0.04887095709386274
33,61,control,-0.04437004035318601
36,61,control,-0.08265901364028637
39,61,control,-0.04359376802789891
42,61,control,-0.05828356081331595
45,61,control,-0.04877924705196526
48,61,control,-0.06373482787256325
0,62,control,-0.01807109983348809
3,62,control,-0.009581618679974
6,62,control,-0.01638774443989137
9,62,control,-0.00942379361073969
12,62,control,-0.00858422278138755
15,62,control,-0.00361214110044302
18,62,control,0.00207705987867134
21,62,control,-0.0204194085006666
24,62,control,-0.00991933491657802
27,62,control,0.00262436905950473
30,62,control,-0.02346002040525373
33,62,control,-0.01170661478402883
36,62,control,0.00294571486992518
39,62,control,-0.00712089039571729
42,62,control,-0.02152164719449604
45,62,control,0.00212295262211908
48,62,control,-0.01443650044557043
0,63,control,-0.03797526390491682
3,63,control,-0.04046687727735466
6,63,control,-0.03993882857496574
9,63,control,-0.03601856668677187
12,63,control,-0.01975674612942749
15,63,control,-0.02839943639615826
18,63,control,-0.03332426691574883
21,63,control,-0.02592752415233986
24,63,control,-0.01633780657187993
27,63,control,-0.02819424545368766
30,63,control,-0.01466726895312325
33,63,control,-0.03209277693313157
36,63,control,-0.03150494280948959
39,63,control,-0.04043496007674451
42,63,control,-0.03351391132629435
45,63,control,-0.02670404109640825
48,63,control,-0.00258850017363282
0,64,control,0.01406202989007988
3,64,control,-0.00263603443772913
6,64,control,-0.0058530480579848
9,64,control,0.01019076491221556
12,64,control,-0.01069719948137644
15,64,control,-0.01120178244008557
18,64,control,0.01126905322277815
21,64,control,-0.00664537832801406
24,64,control,0.00555638737675656
27,64,control,-0.00932853768394524
30,64,control,0.0075926673517475
33,64,control,-0.01901304041714631
36,64,control,-0.00491863079652148
39,64,control,-0.00618531875322861
42,64,control,-0.01147405274794771
45,64,control,0.01694846824526302
48,64,control,0.00420940128346884
0,65,control,-0.03393326515128966
3,65,control,-0.02369475759617107
6,65,control,-0.01855384940128297
9,65,control,-0.02857389141782654
12,65,control,-0.02818841450677563
15,65,control,-0.04209807651311718
18,65,control,-0.02263247510058511
21,65,control,-0.03104723655781574
24,65,control,-0.02558433495309101
27,65,control,-0.02141641898457242
30,65,control,-0.04022741371899437
33,65,control,-0.03795931379764628
36,65,control,-0.02147635490452203
39,65,control,-0.01923294252809944
42,65,control,-0.03500711553979687
45,65,control,-0.02079331935755954
48,65,control,-0.02386585251341989
0,66,control,-0.00739466855617078
3,66,control,-0.00214674125853047
6,66,control,-0.0210813973953753
9,66,control,-0.01922976815902407
12,66,control,-0.00852454962511658
15,66,control,0.00419511753764418
18,66,control,0.00340744550994215
21,66,control,-0.01648644139395427
24,66,control,-0.01011372738902105
27,66,control,-0.02026821186312926
30,66,control,-0.00112506057648892
33,66,control,0.0018511323747142
36,66,control,0.00416726082254654
39,66,control,0.00843984740681826
42,66,control,-0.0018811743453869
45,66,control,0.00140442166161008
48,66,control,-0.01336854754217956
0,67,control,-0.01476956093396893
3,67,control,-0.02262647044342259
6,67,control,-0.02755907261167678
9,67,control,-2.6902527243985e-4
12,67,control,-0.03213533438911441
15,67,control,-0.02644650834125148
18,67,control,-0.02123240328661132
21,67,control,-0.01501110012440572
24,67,control,-0.03327786199251311
27,67,control,-0.01989179962864316
30,67,control,0.00237893309944125
33,67,control,-0.01570613434395922
36,67,control,0.00122277690086108
39,67,control,-0.02502897565831021
42,67,control,-0.01576252213985047
45,67,control,-0.00486418467333381
48,67,control,-0.00584219958598414
0,68,control,-0.02078794538024516
3,68,control,-0.01745453187504424
6,68,control,-0.02119419857073468
9,68,control,-0.01714424760441951
12,68,control,-0.01626900824708953
15,68,control,-0.02773901232128054
18,68,control,-0.02528156439961347
21,68,control,-0.01541415913808104
24,68,control,-0.01722284099238598
27,68,control,-0.01995634060320844
30,68,control,-0.00602928349074789
33,68,control,-0.01766814537792717
36,68,control,-0.02040687522128874
39,68,control,-0.0252153220317646
42,68,control,-0.01555204148169711
45,68,control,-0.02174736451915845
48,68,control,-0.01057642153328138
0,69,control,-0.03200050045866461
3,69,control,-0.00888460130545157
6,69,control,-0.00337026014293818
9,69,control,-0.00991408429514726
12,69,control,-0.04609187252405331
15,69,control,-0.03785790119647367
18,69,control,-0.04127161321413217
21,69,control,0.01685167302108546
24,69,control,-1.052161458717e-4
27,69,control,0.00615831847029874
30,69,control,-0.0146973280921163
33,69,control,-0.01772981858212392
36,69,control,-0.02114282518136226
39,69,control,-0.03458956048259134
42,69,control,-0.01843023746694455
45,69,control,-0.01473368521458371
48,69,control,0.01371073066715228
0,7,control,0.01181518897320978
3,7,control,0.01843591003784503
6,7,control,0.0198726958494293
9,7,control,-0.00115570410807373
12,7,control,0.03564090277097907
15,7,control,0.00627668371833661
18,7,control,0.01784438090737594
21,7,control,0.01561340011318106
24,7,control,0.01346940078086481
27,7,control,0.02775427537228192
30,7,control,0.0113100559820214
33,7,control,0.00880744731890954
36,7,control,0.02837391293312718
39,7,control,0.01985586144527193
42,7,control,0.02945713873135642
45,7,control,0.02326173248579803
48,7,control,0.02465517070967377
0,70,control,0.01194450236543335
3,70,control,0.01241591008511043
6,70,control,0.01635607250124424
9,70,control,0.00786132949130443
12,70,control,0.0205863673865692
15,70,control,0.01949081997417897
18,70,control,0.00867535584477951
21,70,control,-0.00136439465261062
24,70,control,5.0512353203937e-4
27,70,control,0.00661650776913307
30,70,control,0.02211002618959385
33,70,control,0.01461007125928144
36,70,control,0.01301117841905744
39,70,control,-0.00329185904331863
42,70,control,0.00349656870513332
45,70,control,0.01196611994915183
48,70,control,-0.00289986594547562
0,72,control,-0.00830187066993428
3,72,control,-0.0052193480186406
6,72,control,-0.01166482884390113
9,72,control,0.01332377840854517
12,72,control,-0.00771682098649738
15,72,control,0.02704295707621393
18,72,control,-5.682881669158602e-5
21,72,control,0.01593769195918918
24,72,control,0.014550828469376
27,72,control,-0.01446663127416124
30,72,control,-0.00331875090926515
33,72,control,-0.00805116567800836
36,72,control,0.00411123841965653
39,72,control,0.00500995662942714
42,72,control,0.00769358516716043
45,72,control,0.02337145555129703
48,72,control,0.0162237920651463
0,73,control,-0.01455035249916108
3,73,control,-0.01498213320512887
6,73,control,-0.00316544780316205
9,73,control,-0.00739570960935856
12,73,control,-0.01510875889221549
15,73,control,0.00813697733490601
18,73,control,-0.01315669862847425
21,73,control,-0.01854250208099843
24,73,control,-0.00933258458701748
27,73,control,0.00323195078562424
30,73,control,-0.00953567235264992
33,73,control,0.00257649725671571
36,73,control,-0.01883722343462806
39,73,control,0.010562173684107
42,73,control,-0.00815825927068572
45,73,control,-0.00106420552379081
48,73,control,-0.01151069629482283
0,74,control,0.00887767842659666
3,74,control,0.00617679102179787
6,74,control,0.0023684822514302
9,74,control,0.00896846694466746
12,74,control,0.00497555290712795
15,74,control,8.9947980038978e-4
18,74,control,-0.00485269751690568
21,74,control,0.00295256722395655
24,74,control,0.00768924029846371
27,74,control,0.00330306909764385
30,74,control,0.00107293082596296
33,74,control,0.00101433888231108
36,74,control,0.00209893563417583
39,74,control,-0.00747267051954008
42,74,control,0.01034757288022931
45,74,control,0.00788384069371404
48,74,control,0.00293229506928763
0,75,control,-0.020707766808342
3,75,control,-0.01617099762721897
6,75,control,-0.02478116514040076
9,75,control,-0.01158984697542845
12,75,control,-0.02417155528776494
15,75,control,-0.00365917746187726
18,75,control,-0.03063881906984266
21,75,control,-0.01072005802423969
24,75,control,-0.02322834732980639
27,75,control,-0.00609973975080111
30,75,control,-0.01155134712334509
33,75,control,-0.02145921027553505
36,75,control,-0.02027881258756276
39,75,control,-0.00309837830553024
42,75,control,-0.00839258197974207
45,75,control,-0.01111447491986728
48,75,control,-0.0092970833364034
0,76,control,-0.00807908430172919
3,76,control,-0.01756409997497351
6,76,control,-0.02690997180630863
9,76,control,0.00289811281397302
12,76,control,-0.0132154134555069
15,76,control,-0.01695462369163677
18,76,control,-0.03293774417350928
21,76,control,-0.03361059911221104
24,76,control,-0.02218738409115758
27,76,control,-0.02410994873866297
30,76,control,5.1976053320531e-4
33,76,control,-0.02052853112754888
36,76,control,-0.02618611546385391
39,76,control,-4.8079076747741e-4
42,76,control,-0.02427493915369064
45,76,control,-0.01606576773863289
48,76,control,-0.02384996883916417
0,77,control,0.0053888718080162
3,77,control,-0.00434189919084517
6,77,control,0.02040552612922371
9,77,control,0.00193439714173049
12,77,control,0.00387832945604565
15,77,control,0.01796031590697607
18,77,control,0.00994517417645584
21,77,control,0.0120114722791796
24,77,control,0.0206845714446103
27,77,control,0.01541567000252765
30,77,control,0.01192700537620635
33,77,control,0.02491933417454183
36,77,control,0.00762151521351095
39,77,control,0.01147145182737706
42,77,control,0.02198842010004078
45,77,control,0.01570140707630592
48,77,control,0.00794755832433822
0,78,control,-0.01186331251592984
3,78,control,-0.02039446832892304
6,78,control,-0.0316588635819502
9,78,control,-0.0285276256107415
12,78,control,-0.01897747140946247
15,78,control,-0.0183141978400875
18,78,control,-0.04640850932970843
21,78,control,-0.02900164009148917
24,78,control,-0.0253146973639965
27,78,control,-0.0218049911031999
30,78,control,-0.02864723230073598
33,78,control,-0.01804314976541052
36,78,control,-0.0294097958742825
39,78,control,-0.03452957567925527
42,78,control,-0.03896743545951101
45,78,control,-0.0177065022091637
48,78,control,-0.03409321647594054
0,79,control,-0.03474019001802937
3,79,control,-0.02894188028131684
6,79,control,-0.03808644603693406
9,79,control,-0.01492202476061511
12,79,control,-0.01544176779115467
15,79,control,-0.01927765399539934
18,79,control,-0.02309626483205602
21,79,control,-0.03513706868971815
24,79,control,-0.0277116008525367
27,79,control,-0.01976120765064415
30,79,control,-0.0245339950131056
33,79,control,-0.01888195769181347
36,79,control,-0.02463990222589289
39,79,control,-0.01859669558241457
42,79,control,-0.02619496221759911
45,79,control,-0.02070479398951332
48,79,control,-0.01700029534285754
0,8,control,-0.00201042767030843
3,8,control,-0.00677462892550984
6,8,control,0.00212023703374393
9,8,control,-0.00649817503342005
12,8,control,0.00437826039214934
15,8,control,0.00830715999514761
18,8,control,-0.01021557823886152
21,8,control,-0.00459103671581845
24,8,control,-0.00544045180057778
27,8,control,-0.00539247478546889
30,8,control,-0.00587508617037308
33,8,control,-0.01195586801042082
36,8,control,8.9678986885551e-4
39,8,control,-0.00307202711623736
42,8,control,-0.00501436843720165
45,8,control,-0.0248486722821917
48,8,control,-0.01309976619912631
0,80,control,0.0038957792979617
3,80,control,-0.00885092527622621
6,80,control,0.00660835736839003
9,80,control,0.00271728725658659
12,80,control,0.00392059156973951
15,80,control,-0.01729642970212259
18,80,control,0.00763296105186352
21,80,control,3.77159714324e-4
24,80,control,0.00253178157437047
27,80,control,0.02420457539362605
30,80,control,-0.00811340401256054
33,80,control,-0.00330829808967554
36,80,control,-6.6172408849071e-4
39,80,control,0.00851582568683038
42,80,control,0.00871645148478446
45,80,control,0.02073158185722492
48,80,control,-0.0190174615588199
0,81,control,-0.01257493123622985
3,81,control,-0.01504808348507901
6,81,control,-0.01402543703325087
9,81,control,0.00398414636781472
12,81,control,-0.0184120133498221
15,81,control,-0.00859553960435959
18,81,control,-0.01820007140718029
21,81,control,-0.015757865842471
24,81,control,-0.01686270269844041
27,81,control,-0.00979434782286291
30,81,control,-0.00498553454942129
33,81,control,-0.01313093807862744
36,81,control,-0.01265073869327639
39,81,control,-0.01118355786158807
42,81,control,-0.00988702190707173
45,81,control,-0.0209862001679199
48,81,control,-0.02722784133557838
0,82,control,0.04496544050021657
3,82,control,0.03781826371075675
6,82,control,0.01457077655704195
9,82,control,0.03215193061182025
12,82,control,0.01676228606124313
15,82,control,0.0229905999577638
18,82,control,0.02421094830886104
21,82,control,0.0259675896775481
24,82,control,0.03016453327800712
27,82,control,0.00705823126785519
30,82,control,0.04149783446173369
33,82,control,0.03642065014529806
36,82,control,0.04231091270671652
39,82,control,0.03199640999467301
42,82,control,0.02802257223434176
45,82,control,0.0532926878479409
48,82,control,0.02028335902855254
0,83,control,0.02170944269361838
3,83,control,0.04231165052827934
6,83,control,0.06570870648222038
9,83,control,0.03944199709295339
12,83,control,0.04006707103080498
15,83,control,0.02447867242854269
18,83,control,0.02314197237770799
21,83,control,0.07455323361247157
24,83,control,0.00664678706622912
27,83,control,0.02710998752421944
30,83,control,0.04525502437856446
33,83,control,0.04297535137213727
36,83,control,0.03546798643267586
39,83,control,0.02571369967175556
42,83,control,0.05141764047221801
45,83,control,0.02248906493003523
48,83,control,0.04845831378118639
0,84,control,0.02180301406477466
3,84,control,6.8416527947408e-4
6,84,control,0.01555728053754182
9,84,control,0.00786127421851157
12,84,control,0.0252333951098011
15,84,control,0.01369128953420731
18,84,control,0.00804966293673171
21,84,control,0.00828194069569928
24,84,control,0.02790889156452595
27,84,control,0.00517135695778982
30,84,control,0.01903580205049186
33,84,control,0.00639447179029413
36,84,control,0.00586200361821199
39,84,control,0.02272138814665727
42,84,control,0.01246213554862852
45,84,control,0.00610640395277062
48,84,control,0.0056169439042093
0,85,control,0.0197722028344616
3,85,control,0.01913342281536235
6,85,control,0.02333496863851925
9,85,control,0.00173281489174137
12,85,control,0.00900247273289836
15,85,control,0.02004517804458162
18,85,control,-0.00223453382068755
21,85,control,0.02011207274172249
24,85,control,0.02306988269121187
27,85,control,0.02330428279941444
30,85,control,0.00960039778015993
33,85,control,-0.00671950227087431
36,85,control,0.01750284191603994
39,85,control,-0.00406069652714787
42,85,control,-0.00249818404350623
45,85,control,-0.02438050133972864
48,85,control,0.0282584935994604
0,86,control,-0.01586633459185071
3,86,control,-0.01105674322062728
6,86,control,-0.00184212103901235
9,86,control,-0.01139982994657266
12,86,control,-0.02590157030549713
15,86,control,-0.01287466509384414
18,86,control,-0.02022503978407279
21,86,control,-0.01699133574346576
24,86,control,-0.0154075884303596
27,86,control,-0.02835831536611122
30,86,control,-0.01109499901957116
33,86,control,-0.00468971729513988
36,86,control,-0.03570506213385833
39,86,control,-0.01155376162860211
42,86,control,-0.01708698729917085
45,86,control,-0.01373381743142085
48,86,control,-0.01656444020216022
0,87,control,0.02403731289592727
3,87,control,0.01382657343993076
6,87,control,0.02841412337866485
9,87,control,0.02591507196527252
12,87,control,0.01801326842523643
15,87,control,0.0362803389571899
18,87,control,0.01903698401620956
21,87,control,0.02266931505679663
24,87,control,0.02844846320204394
27,87,control,0.02971413508254976
30,87,control,0.01262465218005331
33,87,control,0.03528078899178043
36,87,control,0.0215050967306227
39,87,control,0.03001191088470449
42,87,control,0.01754585654095812
45,87,control,0.01317282076074745
48,87,control,0.01812138654485201
0,88,control,0.00920914439289987
3,88,control,0.0023021490021992
6,88,control,0.00151826274244117
9,88,control,0.02182404668336889
12,88,control,-0.01462826484925848
15,88,control,3.821887257570364e-5
18,88,control,-0.004233311419072
21,88,control,-0.01211300329590365
24,88,control,0.00249363139903648
27,88,control,0.0111207070359452
30,88,control,0.00840575596733098
33,88,control,0.00174027149762296
36,88,control,0.01682337545643902
39,88,control,-0.00419760884805181
42,88,control,-0.00669851238426616
45,88,control,-0.0195615038134082
48,88,control,-0.00726698447824183
0,89,control,-0.00247023669215681
3,89,control,-0.00382141061631792
6,89,control,-0.00600801649238034
9,89,control,0.0051233637821298
12,89,control,0.02455417381557172
15,89,control,0.00958211597749681
18,89,control,-0.00152555863729271
21,89,control,0.00857746748329369
24,89,control,0.00183353545002705
27,89,control,-2.1467916895995e-4
30,89,control,0.0083318411791383
33,89,control,0.00643110943497413
36,89,control,-0.00711627736367412
39,89,control,-0.02208990194009377
42,89,control,-0.00702242796588575
45,89,control,0.01509525502134947
48,89,control,-0.00106644530207347
0,9,control,0.03928712057783393
3,9,control,0.02536692388047007
6,9,control,0.03142090306724408
9,9,control,0.04555128621841491
12,9,control,0.04152246352750635
15,9,control,0.02215501666864916
18,9,control,0.03284101726028738
21,9,control,0.02871107262181642
24,9,control,0.02133468619271417
27,9,control,0.02542673833347519
30,9,control,0.02735631141569864
33,9,control,0.02641807783870375
36,9,control,0.03280277965440695
39,9,control,0.03859907459171388
42,9,control,0.02819441103190489
45,9,control,0.02630959848695691
48,9,control,0.03469572718540725
0,90,control,-0.03801145641612625
3,90,control,-0.04161207315592743
6,90,control,-0.0231966306594049
9,90,control,-0.05046555666916176
12,90,control,-0.03580756995437088
15,90,control,-0.03635459984488785
18,90,control,-0.03663588102872631
21,90,control,-0.02543882022107894
24,90,control,-0.02498490118955071
27,90,control,-0.04810061341522285
30,90,control,-0.06315868759461865
33,90,control,-0.02806004379577216
36,90,control,-0.03097227346368688
39,90,control,-0.03556118457655512
42,90,control,-0.03460757330491709
45,90,control,-0.02296109440662901
48,90,control,-0.03166985678114285
0,91,control,0.0548363641272577
3,91,control,0.03797787210446066
6,91,control,0.05667686981999129
9,91,control,0.03346223351129474
12,91,control,0.03705222373425305
15,91,control,0.04771051721079466
18,91,control,0.05708894499461919
21,91,control,0.05702580246137151
24,91,control,0.05238943892426947
27,91,control,0.05951149642215263
30,91,control,0.0496759246120533
33,91,control,0.06900733444535101
36,91,control,0.06076125706959084
39,91,control,0.05878944601975566
42,91,control,0.07350503363638537
45,91,control,0.05290410310992938
48,91,control,0.05604411875819695
0,92,control,0.02701653065163603
3,92,control,0.03594245360905124
6,92,control,0.03801353089344302
9,92,control,0.06860489967159863
12,92,control,0.07763813697719685
15,92,control,0.04177506843236613
18,92,control,0.02974287344077404
21,92,control,0.029356001629411
24,92,control,0.04910354983455008
27,92,control,0.02601424782772752
30,92,control,0.01853734711588592
33,92,control,0.01982133398603259
36,92,control,0.02909157556420759
39,92,control,0.03017682200182763
42,92,control,0.0403595813404928
45,92,control,0.05594546760114129
48,92,control,0.00993094134825297
0,93,control,0.04491647178993135
3,93,control,0.02470681614712735
6,93,control,0.03449286981337823
9,93,control,0.03774579403563884
12,93,control,0.04470970540415582
15,93,control,0.0348053086565486
18,93,control,0.03414314092709607
21,93,control,0.0405716554324276
24,93,control,0.04785583879021959
27,93,control,0.01584084151002632
30,93,control,0.03695622747409307
33,93,control,0.03735741640233688
36,93,control,0.03362827906088792
39,93,control,0.02012662835683513
42,93,control,0.06560198387093354
45,93,control,0.05864586295372166
48,93,control,0.03279121155893275
0,94,control,-0.03521895698809921
3,94,control,-0.0413369345453187
6,94,control,-0.0369430813603775
9,94,control,-0.03044518289242237
12,94,control,-0.03838892615263567
15,94,control,-0.03617196162488413
18,94,control,-0.03791473820124575
21,94,control,-0.03652317505946992
24,94,control,-0.02894779808722204
27,94,control,-0.04697447439243433
30,94,control,-0.04663980622154976
33,94,control,-0.04553067765308061
36,94,control,-0.03016292149507946
39,94,control,-0.03307430249516779
42,94,control,-0.05011732668600212
45,94,control,-0.01869068467444456
48,94,control,-0.03185028611309177
0,95,control,-0.00477894707755886
3,95,control,0.00160403701926996
6,95,control,0.00798736901279018
9,95,control,0.009997472981474
12,95,control,0.00261460699137202
15,95,control,0.00804155604826352
18,95,control,-0.0061138501634376
21,95,control,0.00692953443511374
24,95,control,0.01024428817258671
27,95,control,-0.00612149447175635
30,95,control,0.01590024667516868
33,95,control,0.00585059582917579
36,95,control,0.00176914906180894
39,95,control,0.00937141633697657
42,95,control,-0.00888488132104484
45,95,control,0.00272084190150311
48,95,control,0.0129929527677804
0,96,control,-0.01429379892323643
3,96,control,-0.00529115131526876
6,96,control,-0.0050249256884874
9,96,control,-0.010134977764828
12,96,control,-0.0033950194824271
15,96,control,-5.003832131545e-4
18,96,control,0.00361464654704558
21,96,control,-0.00496179147799258
24,96,control,-0.00142953696173939
27,96,control,-0.00530308629032642
30,96,control,0.00811252934375625
33,96,control,9.402986707504e-4
36,96,control,0.00395081768149418
39,96,control,0.01429969400523156
42,96,control,-0.01174381091943875
45,96,control,-0.00372539967976891
48,96,control,-0.0023171649219945
0,97,control,-0.00993541465384287
3,97,control,0.01624515560031379
6,97,control,0.00648562426096948
9,97,control,0.00296300320670254
12,97,control,-0.00577634543970667
15,97,control,0.00161817846108856
18,97,control,0.01324252137561861
21,97,control,-0.00937406330342214
24,97,control,0.00489396293761954
27,97,control,-0.01679292645008273
30,97,control,0.01227382978401363
33,97,control,0.01462355320097739
36,97,control,0.00812119877103546
39,97,control,0.00823487054297639
42,97,control,-0.00839009835616942
45,97,control,0.00245103423517504
48,97,control,-0.01399225199727048
0,98,control,0.00410086953429541
3,98,control,0.00590411326151618
6,98,control,0.01267535044277185
9,98,control,0.01001095204162674
12,98,control,0.03178714120379247
15,98,control,0.02284643710420334
18,98,control,0.01328936360404461
21,98,control,0.01551618864227916
24,98,control,0.00970184526772107
27,98,control,0.02866825912685096
30,98,control,0.03449626190448046
33,98,control,0.02937594532484897
36,98,control,0.01002912803719495
39,98,control,0.02700436600560608
42,98,control,0.0403256810700363
45,98,control,0.01738332307004606
48,98,control,0.01853393710736924
0,99,control,0.00637508974371193
3,99,control,0.00334379322467253
6,99,control,0.01599831022639721
9,99,control,0.00600934173444261
12,99,control,0.03315518784455065
15,99,control,0.00435184243057032
18,99,control,0.01229492365136581
21,99,control,0.02268364434279408
24,99,control,0.00181821555181844
27,99,control,0.00284066951563845
30,99,control,0.01494535271002721
33,99,control,-4.5113265451892e-4
36,99,control,0.03119506178055006
39,99,control,0.00908155452477465
42,99,control,0.0230579419890939
45,99,control,-3.1986377313448e-4
48,99,control,-0.00607686360526101
0,1,intervention,0.3339372930581632
3,1,intervention,0.343234430878508
6,1,intervention,0.3020598268236788
9,1,intervention,0.31884885639677696
12,1,intervention,0.2537200552001529
15,1,intervention,0.2529268521349039
18,1,intervention,0.21455216604970856
21,1,intervention,0.16945969342468692
24,1,intervention,0.14577633951829708
27,1,intervention,0.1223658604919876
30,1,intervention,0.1269879499421091
33,1,intervention,0.04584593666038487
36,1,intervention,0.03367549140909315
39,1,intervention,0.00252799165616624
42,1,intervention,0.01929756459332098
45,1,intervention,-0.00634965165332203
48,1,intervention,0.00379426461086294
0,10,intervention,0.13574176828449058
3,10,intervention,0.10960346554675168
6,10,intervention,0.12125447347052062
9,10,intervention,0.12207156363698066
12,10,intervention,0.07637325974076366
15,10,intervention,0.09747177649078828
18,10,intervention,0.0677332861553023
21,10,intervention,0.07041074442234878
24,10,intervention,0.09069319365729518
27,10,intervention,0.07201570917265691
30,10,intervention,0.0510528511116849
33,10,intervention,0.03827560520697697
36,10,intervention,0.02666625429767092
39,10,intervention,0.02356702137138603
42,10,intervention,0.02500272630324773
45,10,intervention,0.02190756680071692
48,10,intervention,0.03539394983714346
0,100,intervention,0.12758165513215322
3,100,intervention,0.10351562430440464
6,100,intervention,0.08833446585017946
9,100,intervention,0.10057331093805584
12,100,intervention,0.09847447741148288
15,100,intervention,0.05524778829128706
18,100,intervention,0.0621088958872486
21,100,intervention,0.04556098513218103
24,100,intervention,0.0397023695381647
27,100,intervention,0.01784021468359507
30,100,intervention,0.00529524206041507
33,100,intervention,0.0072778054232695
36,100,intervention,0.00184765219289799
39,100,intervention,0.00124810243214311
42,100,intervention,-0.00972538200923198
45,100,intervention,-0.02765102080042419
48,100,intervention,-0.00689246839116673
0,101,intervention,0.18494697559263593
3,101,intervention,0.19718385712752395
6,101,intervention,0.14435593002380714
9,101,intervention,0.1340903416585894
12,101,intervention,0.13979567885506022
15,101,intervention,0.1237913763537248
18,101,intervention,0.12552458397629793
21,101,intervention,0.12145103054745236
24,101,intervention,0.0615473346250371
27,101,intervention,0.06412129300384735
30,101,intervention,0.05680717187551604
33,101,intervention,0.03856893930580205
36,101,intervention,0.00549578189726061
39,101,intervention,0.02272600758693034
42,101,intervention,0.01963617267457994
45,101,intervention,0.02752322233570391
48,101,intervention,0.00673448735445413
0,102,intervention,0.18709508437977773
3,102,intervention,0.13442370967723813
6,102,intervention,0.14609097987052783
9,102,intervention,0.10091043134144294
12,102,intervention,0.1161768276558294
15,102,intervention,0.08609390201378277
18,102,intervention,0.06543720988177036
21,102,intervention,0.0918418021108846
24,102,intervention,0.07531412098368401
27,102,intervention,0.05455798092018524
30,102,intervention,0.0230437959258091
33,102,intervention,-0.00868165511270081
36,102,intervention,0.01594951999436826
39,102,intervention,0.00238067351241109
42,102,intervention,-0.00445553587465097
45,102,intervention,-0.01153021558173834
48,102,intervention,-0.01113253130819233
0,103,intervention,0.21590791033005108
3,103,intervention,0.16643247444862372
6,103,intervention,0.17858378368983274
9,103,intervention,0.129571880056022
12,103,intervention,0.13108394072990412
15,103,intervention,0.1378061321963909
18,103,intervention,0.04661053296417242
21,103,intervention,0.10214918559189058
24,103,intervention,0.03719970000567312
27,103,intervention,0.04438180918324361
30,103,intervention,-0.01553758249739366
33,103,intervention,-0.01245204791032928
36,103,intervention,-0.03437691194939363
39,103,intervention,-0.03100788406828942
42,103,intervention,-0.02982737885479625
45,103,intervention,-0.00991962066835117
48,103,intervention,-0.0095877984867472
0,104,intervention,0.09091666461658146
3,104,intervention,0.07133278737771882
6,104,intervention,0.03858609271840116
9,104,intervention,0.0602056303979854
12,104,intervention,0.02498183058516433
15,104,intervention,0.01288143201630561
18,104,intervention,0.01366063791785173
21,104,intervention,-0.0046419901351291
24,104,intervention,-0.00865576871324531
27,104,intervention,-0.02858304574119907
30,104,intervention,-0.01991894573492119
33,104,intervention,-0.0351887826073637
36,104,intervention,-0.04112732834604986
39,104,intervention,-0.05355756788216517
42,104,intervention,-0.04765795181976941
45,104,intervention,-0.05141960618009281
48,104,intervention,-0.02840669737286234
0,105,intervention,0.2443099130594057
3,105,intervention,0.2803174395067446
6,105,intervention,0.21271755048126748
9,105,intervention,0.15516020165990943
12,105,intervention,0.18059804459574572
15,105,intervention,0.17068502453389836
18,105,intervention,0.1523038527700252
21,105,intervention,0.12758119153720543
24,105,intervention,0.09165818260181378
27,105,intervention,0.0585042693820187
30,105,intervention,0.06230618313775537
33,105,intervention,0.0234373277394755
36,105,intervention,0.043934879997485
39,105,intervention,0.04376725511853908
42,105,intervention,0.04072043992814429
45,105,intervention,0.03772752528303268
48,105,intervention,0.04133449918061092
0,106,intervention,0.2601565706532358
3,106,intervention,0.2654261112468014
6,106,intervention,0.2791864643262988
9,106,intervention,0.2521572463306376
12,106,intervention,0.2177884151779426
15,106,intervention,0.2011562538669464
18,106,intervention,0.1920556541558707
21,106,intervention,0.1615460252622732
24,106,intervention,0.17412217195415736
27,106,intervention,0.13592633516658842
30,106,intervention,0.08168928441293519
33,106,intervention,0.04220416665962461
36,106,intervention,0.05141692151101987
39,106,intervention,0.05994373281143656
42,106,intervention,0.0686906364507963
45,106,intervention,0.05806289814853346
48,106,intervention,0.05809529921143719
0,107,intervention,0.1646491757840928
3,107,intervention,0.12329957887276928
6,107,intervention,0.11224460641828236
9,107,intervention,0.1168333417676948
12,107,intervention,0.09474514964614408
15,107,intervention,0.08306439256374157
18,107,intervention,0.07408111812288598
21,107,intervention,0.05600717771057295
24,107,intervention,0.04141980023105062
27,107,intervention,0.03381773484113527
30,107,intervention,0.00721874126591176
33,107,intervention,-0.0096237880706489
36,107,intervention,-0.0050956455852685
39,107,intervention,-0.0056327045473082
42,107,intervention,0.02048579132867471
45,107,intervention,0.01055566186591239
48,107,intervention,0.00496546771838914
0,108,intervention,0.14428090809507876
3,108,intervention,0.13880014046849296
6,108,intervention,0.1232771989852565
9,108,intervention,0.14010441805289495
12,108,intervention,0.08346206519970654
15,108,intervention,0.10001553245310556
18,108,intervention,0.05948736728716595
21,108,intervention,0.06112391421797333
24,108,intervention,0.06844326180329015
27,108,intervention,0.04438750511505271
30,108,intervention,0.04261594743179456
33,108,intervention,0.01937558158931146
36,108,intervention,0.0122526748969431
39,108,intervention,-0.00413787532733133
42,108,intervention,-0.01262181146216516
45,108,intervention,0.0119138705338791
48,108,intervention,0.00172875806525431
0,109,intervention,0.1837223817653571
3,109,intervention,0.1932537047096411
6,109,intervention,0.1584551203367586
9,109,intervention,0.12879284641767536
12,109,intervention,0.1080371017412142
15,109,intervention,0.10491722912475555
18,109,intervention,0.1092656569761264
21,109,intervention,0.00158450432724708
24,109,intervention,0.05898109307055076
27,109,intervention,0.03247356994288294
30,109,intervention,-0.00680703095695626
33,109,intervention,-0.02973359319051938
36,109,intervention,-0.01188815665967483
39,109,intervention,-0.03554143907649541
42,109,intervention,-0.06215930195881682
45,109,intervention,-0.03326087274304781
48,109,intervention,-0.02938738897375815
0,11,intervention,0.15056541694394257
3,11,intervention,0.1673785280086016
6,11,intervention,0.1423070519921916
9,11,intervention,0.13018100067833693
12,11,intervention,0.12825287961953974
15,11,intervention,0.09090295777356187
18,11,intervention,0.08282167762186259
21,11,intervention,0.08219777920727514
24,11,intervention,0.09624880654804006
27,11,intervention,0.03574555332748024
30,11,intervention,0.05216277354829727
33,11,intervention,0.02765987373525577
36,11,intervention,0.00135787332497539
39,11,intervention,-0.00477065998455568
42,11,intervention,0.00949428604235074
45,11,intervention,-0.00737482653585903
48,11,intervention,0.01235372497846448
0,110,intervention,0.15325685810327846
3,110,intervention,0.17096514242959795
6,110,intervention,0.1461138260013357
9,110,intervention,0.1356646287657297
12,110,intervention,0.1279208007871858
15,110,intervention,0.11057574804796153
18,110,intervention,0.10277436227729504
21,110,intervention,0.07030461193858617
24,110,intervention,0.05690964779788233
27,110,intervention,0.061153467246780877
30,110,intervention,0.03493965843519378
33,110,intervention,0.02556083218607359
36,110,intervention,0.01574703168607404
39,110,intervention,0.00986288064431219
42,110,intervention,0.0327705651624078
45,110,intervention,0.01946546608271426
48,110,intervention,0.01017534709246326
0,111,intervention,0.2711342730999549
3,111,intervention,0.2179588677436369
6,111,intervention,0.22404281658240843
9,111,intervention,0.19393258948239345
12,111,intervention,0.15686087241493202
15,111,intervention,0.1453998931233854
18,111,intervention,0.14193301890562268
21,111,intervention,0.12186945258929974
24,111,intervention,0.11451265642256608
27,111,intervention,0.05922083100873599
30,111,intervention,0.05887553861695052
33,111,intervention,0.01281573834503061
36,111,intervention,0.00907139971816455
39,111,intervention,-0.00660225634282309
42,111,intervention,0.00596597820081209
45,111,intervention,0.00959435908572943
48,111,intervention,0.00137675246092652
0,112,intervention,0.11346276218344242
3,112,intervention,0.12408871232740024
6,112,intervention,0.1148897549962198
9,112,intervention,0.11291501619455648
12,112,intervention,0.1081158741583268
15,112,intervention,0.07069297210636873
18,112,intervention,0.05556712783559334
21,112,intervention,0.03754005944050195
24,112,intervention,0.04037423909317404
27,112,intervention,0.02481443385170059
30,112,intervention,-5.2753652583483e-4
33,112,intervention,-0.00403788793126885
36,112,intervention,-0.01760720524942011
39,112,intervention,-0.01757150685795645
42,112,intervention,-0.03551419729754072
45,112,intervention,-0.01717635740919242
48,112,intervention,-0.01236292924926434
0,113,intervention,0.07523186345505004
3,113,intervention,0.06539438274817347
6,113,intervention,0.05816492068784817
9,113,intervention,0.06522678157017549
12,113,intervention,0.06098412352838082
15,113,intervention,0.0433303788112136
18,113,intervention,0.04521744664344724
21,113,intervention,0.03597820336597721
24,113,intervention,0.02995297310102947
27,113,intervention,0.02485240712447158
30,113,intervention,-0.00722800237416803
33,113,intervention,-0.02503631298158028
36,113,intervention,-0.02441265594280421
39,113,intervention,-0.01177131960245046
42,113,intervention,-0.03187279835674911
45,113,intervention,-0.01229665738861101
48,113,intervention,-0.02757823974869449
0,114,intervention,0.16886271346139592
3,114,intervention,0.1818370858542833
6,114,intervention,0.12349442127834
9,114,intervention,0.1414546280988504
12,114,intervention,0.13365952536297632
15,114,intervention,0.09517571737518649
18,114,intervention,0.10270455468298936
21,114,intervention,0.08914699918296218
24,114,intervention,0.05764863902816942
27,114,intervention,0.03390449180924326
30,114,intervention,-0.00725055996967249
33,114,intervention,0.02887897098447184
36,114,intervention,-0.02859650081001176
39,114,intervention,-0.01233955374552082
42,114,intervention,-0.02817329448104073
45,114,intervention,0.00519934785252338
48,114,intervention,0.00757404794588475
0,115,intervention,0.19162489012382647
3,115,intervention,0.1668330666640699
6,115,intervention,0.16321801693097365
9,115,intervention,0.15615983396714866
12,115,intervention,0.13874655190998864
15,115,intervention,0.11729129126839676
18,115,intervention,0.10169160987784732
21,115,intervention,0.07469048886758915
24,115,intervention,0.05335050168300029
27,115,intervention,0.03868041998343636
30,115,intervention,0.01601159175757394
33,115,intervention,-0.02430169931750411
36,115,intervention,-0.04036237231265081
39,115,intervention,-0.04463834668456508
42,115,intervention,-0.02092768676446671
45,115,intervention,-0.04729564143584024
48,115,intervention,-0.00675883595058974
0,116,intervention,0.16635125120502697
3,116,intervention,0.1353949449812346
6,116,intervention,0.14421716572126467
9,116,intervention,0.1138156087937946
12,116,intervention,0.11576065658401702
15,116,intervention,0.07640599628699851
18,116,intervention,0.09522823335595468
21,116,intervention,0.04126141158006823
24,116,intervention,0.06656961321436734
27,116,intervention,0.04390365770718935
30,116,intervention,-1.1580803227483e-4
33,116,intervention,0.0212592072205729
36,116,intervention,-0.01157694133602236
39,116,intervention,-0.03526512368253454
42,116,intervention,-0.01739683776092898
45,116,intervention,-0.02635436000824303
48,116,intervention,-0.01118878429474841
0,117,intervention,0.22227969227370956
3,117,intervention,0.23182941632552329
6,117,intervention,0.21526535863643545
9,117,intervention,0.18002221695291482
12,117,intervention,0.12193207693632936
15,117,intervention,0.13889860572006665
18,117,intervention,0.10905940792513528
21,117,intervention,0.10915426486894755
24,117,intervention,0.11082101925307376
27,117,intervention,0.05867606220757861
30,117,intervention,0.05395074249908892
33,117,intervention,0.03757248316779755
36,117,intervention,0.01110990763188929
39,117,intervention,-0.00612907520240096
42,117,intervention,0.02406780564925796
45,117,intervention,-0.01938884640429743
48,117,intervention,-4.8135580675101e-4
0,118,intervention,0.1169438493157788
3,118,intervention,0.119798857644221
6,118,intervention,0.09473545616142696
9,118,intervention,0.08944966895808489
12,118,intervention,0.07735500433603842
15,118,intervention,0.07039193827464695
18,118,intervention,0.04928475963387454
21,118,intervention,0.05187902400459289
24,118,intervention,0.03216387873501812
27,118,intervention,0.01719796378936602
30,118,intervention,0.00683584601392514
33,118,intervention,0.01284285984889132
36,118,intervention,-0.02824101246939361
39,118,intervention,-0.01647594832221118
42,118,intervention,-0.01161454154700989
45,118,intervention,-0.0195813298305041
48,118,intervention,-0.0089482224999985
0,119,intervention,0.23125049339412668
3,119,intervention,0.1601809199087601
6,119,intervention,0.20315320536214324
9,119,intervention,0.15341303845493856
12,119,intervention,0.1342563815974579
15,119,intervention,0.12256214759594224
18,119,intervention,0.10751854799737735
21,119,intervention,0.10450562144021888
24,119,intervention,0.04316135133745097
27,119,intervention,0.05703037133570765
30,119,intervention,0.02710074559414204
33,119,intervention,9.0904143708125e-4
36,119,intervention,-0.00473577046720935
39,119,intervention,-2.7578168986374e-4
42,119,intervention,-0.01797111212127681
45,119,intervention,-0.01344850946075257
48,119,intervention,-0.01066385476459996
0,12,intervention,0.2089756850490909
3,12,intervention,0.17520303110188057
6,12,intervention,0.14151981563411117
9,12,intervention,0.12594303861675846
12,12,intervention,0.12824828755504208
15,12,intervention,0.13248106720389938
18,12,intervention,0.09123978693005837
21,12,intervention,0.103039015127023
24,12,intervention,0.07357480168786466
27,12,intervention,0.04629670142286939
30,12,intervention,0.02775348420127332
33,12,intervention,0.00900046279878424
36,12,intervention,-0.0164456876230403
39,12,intervention,-0.0255178463275893
42,12,intervention,-0.00323167574847622
45,12,intervention,-0.02556391301256003
48,12,intervention,-0.0228560872150095
0,120,intervention,0.11759188731590238
3,120,intervention,0.12256051572992983
6,120,intervention,0.0913469164287832
9,120,intervention,0.09038895040118657
12,120,intervention,0.06639825840822926
15,120,intervention,0.06821469809003866
18,120,intervention,0.07409932802128831
21,120,intervention,0.02974047134397085
24,120,intervention,0.01340182617005664
27,120,intervention,0.02823233335529171
30,120,intervention,0.02096709780652705
33,120,intervention,-0.00748599275458949
36,120,intervention,0.00926815076655459
39,120,intervention,-0.01412940045348831
42,120,intervention,-4.353913921832323e-5
45,120,intervention,2.4416710512356e-4
48,120,intervention,0.00682932774947897
0,121,intervention,0.17645106224624976
3,121,intervention,0.12843016068413457
6,121,intervention,0.1229353565055891
9,121,intervention,0.11281384748761766
12,121,intervention,0.10899022912436172
15,121,intervention,0.12707905560919355
18,121,intervention,0.10169107075712516
21,121,intervention,0.08758319414201818
24,121,intervention,0.05283088799385215
27,121,intervention,0.05329889447859049
30,121,intervention,0.04941582405751917
33,121,intervention,0.04601913725700789
36,121,intervention,0.03101258628977745
39,121,intervention,0.03624170531763379
42,121,intervention,0.04033877820249092
45,121,intervention,0.01837248954879302
48,121,intervention,0.03864709793984614
0,122,intervention,0.09688545015192644
3,122,intervention,0.0610016651082915
6,122,intervention,0.05042779543109472
9,122,intervention,0.06467874988389367
12,122,intervention,0.08279982424321088
15,122,intervention,0.01939326243322704
18,122,intervention,0.05092039443812478
21,122,intervention,0.02771928861763198
24,122,intervention,0.01838651728972532
27,122,intervention,-0.0083595329801212
30,122,intervention,0.00630099713002716
33,122,intervention,-0.01520346550687046
36,122,intervention,-0.00265062601707201
39,122,intervention,-0.00526111876732098
42,122,intervention,-0.02489903206626989
45,122,intervention,-0.02676267317535482
48,122,intervention,-0.00434928117024716
0,123,intervention,0.07141653205170356
3,123,intervention,0.08021066488266389
6,123,intervention,0.05901039228256934
9,123,intervention,0.08089660320091606
12,123,intervention,0.0683921360906336
15,123,intervention,0.05083099225043468
18,123,intervention,0.05361068058900723
21,123,intervention,0.02691853640023669
24,123,intervention,0.03485885482067633
27,123,intervention,-6.8247068011007e-4
30,123,intervention,-0.01070246160641443
33,123,intervention,0.00397952758586344
36,123,intervention,-0.02415370360098696
39,123,intervention,-0.0332966421937601
42,123,intervention,-0.00737701331837306
45,123,intervention,-0.01857713670358291
48,123,intervention,-0.0073004305396236
0,124,intervention,0.2466347182791618
3,124,intervention,0.1918698567495208
6,124,intervention,0.18219344164642637
9,124,intervention,0.1467445738770693
12,124,intervention,0.15490439664534814
15,124,intervention,0.1333404169139765
18,124,intervention,0.1003827997235028
21,124,intervention,0.07996932999601884
24,124,intervention,0.096049351106137
27,124,intervention,0.03740199893651536
30,124,intervention,0.00975929818259529
33,124,intervention,-0.02118136586676738
36,124,intervention,-0.03152388517322027
39,124,intervention,-0.01586286505200413
42,124,intervention,-0.04355573462531557
45,124,intervention,-0.00663640501789866
48,124,intervention,-0.04099417333531406
0,125,intervention,0.09583194706655147
3,125,intervention,0.10394365071931924
6,125,intervention,0.07654166485300577
9,125,intervention,0.07385190517006253
12,125,intervention,0.0447635718908031
15,125,intervention,0.03080520161640853
18,125,intervention,0.02223587391936349
21,125,intervention,0.0070849814260857
24,125,intervention,-0.01170893052976693
27,125,intervention,-0.02264963764796558
30,125,intervention,-0.00737450096965343
33,125,intervention,-0.04520420879782838
36,125,intervention,-0.05345282284473633
39,125,intervention,-0.07305305527176878
42,125,intervention,-0.04698934416280864
45,125,intervention,-0.06159023894056244
48,125,intervention,-0.05291390647336291
0,126,intervention,0.20655839679827775
3,126,intervention,0.16563239206957964
6,126,intervention,0.14298782126534676
9,126,intervention,0.14995843715708787
12,126,intervention,0.10932645363392968
15,126,intervention,0.09661103283616516
18,126,intervention,0.11115395647891248
21,126,intervention,0.08202358328270301
24,126,intervention,0.10367950079042508
27,126,intervention,0.0535129550344376
30,126,intervention,0.01541562548066154
33,126,intervention,0.00981023316294449
36,126,intervention,0.01253310947912714
39,126,intervention,0.00554855262882077
42,126,intervention,-0.00524134540300681
45,126,intervention,0.00770640817820221
48,126,intervention,0.00349669811438227
0,127,intervention,0.065580860565523
3,127,intervention,0.06874217571324812
6,127,intervention,0.06701582778137895
9,127,intervention,0.07352404675719128
12,127,intervention,0.02662793108344509
15,127,intervention,0.0469626172604765
18,127,intervention,0.01953407333894321
21,127,intervention,0.03298286633323048
24,127,intervention,0.02315306934856724
27,127,intervention,0.02626795424417883
30,127,intervention,0.02793379307881807
33,127,intervention,0.00746463124849932
36,127,intervention,-0.00181346071768302
39,127,intervention,-0.00628421916572096
42,127,intervention,0.00696569564141106
45,127,intervention,0.00580914162801434
48,127,intervention,9.5322851334303e-4
0,128,intervention,0.194278749380624
3,128,intervention,0.16819264444978368
6,128,intervention,0.18560820689706797
9,128,intervention,0.15980977669085758
12,128,intervention,0.1374546682529621
15,128,intervention,0.12601930009464904
18,128,intervention,0.09955007955334512
21,128,intervention,0.0930861678180411
24,128,intervention,0.07741559626204275
27,128,intervention,0.07944868427282599
30,128,intervention,0.05858694768225187
33,128,intervention,0.03676843449013393
36,128,intervention,0.01564048445142358
39,128,intervention,0.02246703139287509
42,128,intervention,0.01593654244027408
45,128,intervention,0.02444875049829606
48,128,intervention,0.0172139016333373
0,129,intervention,0.17286635826614274
3,129,intervention,0.13513937768339732
6,129,intervention,0.12377960452806797
9,129,intervention,0.12014427919454332
12,129,intervention,0.12862365310614432
15,129,intervention,0.09899419458590324
18,129,intervention,0.10083191835962096
21,129,intervention,0.06774187114577436
24,129,intervention,0.0598414168142075
27,129,intervention,0.064735410522078
30,129,intervention,0.05681821375545015
33,129,intervention,0.03619122668716098
36,129,intervention,0.03512165656372711
39,129,intervention,0.03292878865106417
42,129,intervention,0.04738833803790629
45,129,intervention,0.04424404263446118
48,129,intervention,0.02264231139157272
0,13,intervention,0.13658975410883187
3,13,intervention,0.1383521194656198
6,13,intervention,0.11623729321449391
9,13,intervention,0.11337638397285205
12,13,intervention,0.09860479006488482
15,13,intervention,0.07010692198340128
18,13,intervention,0.07424119910551323
21,13,intervention,0.05412152736869011
24,13,intervention,0.00856008107358523
27,13,intervention,0.00847952475749851
30,13,intervention,-0.00885687810274517
33,13,intervention,-0.00889261742432635
36,13,intervention,-0.0286091993886245
39,13,intervention,-0.02610754940598826
42,13,intervention,-0.02543641312021824
45,13,intervention,-0.0201543610707676
48,13,intervention,-0.03359357544474496
0,130,intervention,0.19756239838016704
3,130,intervention,0.17644099657201384
6,130,intervention,0.15205774059008392
9,130,intervention,0.1679565409680404
12,130,intervention,0.12779365198468892
15,130,intervention,0.10968781700158432
18,130,intervention,0.08748598773653844
21,130,intervention,0.07535000707503818
24,130,intervention,0.08209117116063255
27,130,intervention,0.05508991341291982
30,130,intervention,0.02867590777998835
33,130,intervention,0.02051728831704314
36,130,intervention,0.01974890196166232
39,130,intervention,0.00215170305371382
42,130,intervention,0.00901216900561627
45,130,intervention,-0.00755843068798748
48,130,intervention,0.0169893263171445
0,131,intervention,0.08700111653096372
3,131,intervention,0.08931062533617384
6,131,intervention,0.06583191263666821
9,131,intervention,0.06984238941809012
12,131,intervention,0.06404707113144562
15,131,intervention,0.03498286431166356
18,131,intervention,0.03600764817666909
21,131,intervention,0.02511211815243328
24,131,intervention,0.03020807229604735
27,131,intervention,0.02527859966913325
30,131,intervention,0.00323045873583352
33,131,intervention,-0.00211768676392651
36,131,intervention,0.01572772739422906
39,131,intervention,0.006550968570693
42,131,intervention,0.0025087102569314
45,131,intervention,0.01345652171374511
48,131,intervention,-0.01337847045621149
0,132,intervention,0.11702343559313588
3,132,intervention,0.11287752657929394
6,132,intervention,0.10958144025426791
9,132,intervention,0.10133175047426544
12,132,intervention,0.07947426325487286
15,132,intervention,0.05960848508048632
18,132,intervention,0.07822086472202393
21,132,intervention,0.06754093246095001
24,132,intervention,0.05445439356136779
27,132,intervention,0.03698168954410144
30,132,intervention,0.02995656600530172
33,132,intervention,0.0023946945073607
36,132,intervention,3.3449897445573e-4
39,132,intervention,-8.494166255398e-4
42,132,intervention,0.01479056501180591
45,132,intervention,0.00555425818090536
48,132,intervention,0.00496979303008822
0,133,intervention,0.10466158379780524
3,133,intervention,0.09199703243401304
6,133,intervention,0.08139261505911143
9,133,intervention,0.0684678381773022
12,133,intervention,0.05692437770377966
15,133,intervention,0.07231384777094223
18,133,intervention,0.02384685095940817
21,133,intervention,0.02623599256602321
24,133,intervention,0.03129709933593775
27,133,intervention,0.01321096198447277
30,133,intervention,0.00989477149758186
33,133,intervention,0.00746306798250749
36,133,intervention,-0.00409602591626602
39,133,intervention,-0.01303583254312688
42,133,intervention,0.00389033244678495
45,133,intervention,0.00825469567548805
48,133,intervention,-0.01085600560577545
0,134,intervention,0.1537012746510834
3,134,intervention,0.12728898569786015
6,134,intervention,0.10933091307714858
9,134,intervention,0.08113579691563154
12,134,intervention,0.08993569656631419
15,134,intervention,0.06987460322541135
18,134,intervention,0.06730064081845266
21,134,intervention,0.0611849974315472
24,134,intervention,0.04793726425512538
27,134,intervention,0.0198796173134486
30,134,intervention,0.0032894095760106
33,134,intervention,0.0105373335268812
36,134,intervention,0.00392144920602648
39,134,intervention,-0.00393465733164305
42,134,intervention,-0.00592627094154716
45,134,intervention,0.00502406290468942
48,134,intervention,0.02833980811800783
0,135,intervention,0.31763896470044767
3,135,intervention,0.3044726892426384
6,135,intervention,0.25144872369290533
9,135,intervention,0.2189203920936104
12,135,intervention,0.21446181135597875
15,135,intervention,0.23027630437657495
18,135,intervention,0.20343006487512
21,135,intervention,0.1610848406633098
24,135,intervention,0.1250499863114116
27,135,intervention,0.0861537202705068
30,135,intervention,0.02532316046846926
33,135,intervention,0.01498748704319858
36,135,intervention,-0.03150325371155602
39,135,intervention,-0.02899777841693307
42,135,intervention,-0.00508878052707117
45,135,intervention,-0.01166160995918471
48,135,intervention,-0.02471360498121089
0,136,intervention,0.06929911634061815
3,136,intervention,0.09641662988368303
6,136,intervention,0.07739644746939693
9,136,intervention,0.03895533976657584
12,136,intervention,0.07627641526758565
15,136,intervention,0.06614808978745443
18,136,intervention,0.03907866832319706
21,136,intervention,0.03604467967314811
24,136,intervention,0.02278922467203776
27,136,intervention,0.00925717590636579
30,136,intervention,0.00424279067326477
33,136,intervention,0.00798651385564184
36,136,intervention,-0.00129115522483474
39,136,intervention,-0.02758993577589493
42,136,intervention,-0.01394954115983963
45,136,intervention,-0.01764361273610453
48,136,intervention,0.00457248138693578
0,137,intervention,0.07189477789025582
3,137,intervention,0.06930720530017737
6,137,intervention,0.0458289162251732
9,137,intervention,0.02701644332402247
12,137,intervention,0.02983482705112678
15,137,intervention,0.04146250698393703
18,137,intervention,0.00830709533474226
21,137,intervention,0.005279550075783
24,137,intervention,-0.00569765386069411
27,137,intervention,-0.0043221117507792
30,137,intervention,-0.00990261225073255
33,137,intervention,-0.02474625138822464
36,137,intervention,-0.02944884939968588
39,137,intervention,-0.02893311717551747
42,137,intervention,-0.03439824090912185
45,137,intervention,-0.04121863487921275
48,137,intervention,-0.03406176832250284
0,138,intervention,0.0600833346895873
3,138,intervention,0.03337280039763261
6,138,intervention,0.02246886641514416
9,138,intervention,0.02961681953721435
12,138,intervention,0.01300365359042613
15,138,intervention,0.00884484792706909
18,138,intervention,0.00691492356881595
21,138,intervention,0.00137724834711046
24,138,intervention,-0.00429609710729543
27,138,intervention,0.0065603709399543
30,138,intervention,-0.02026643803945609
33,138,intervention,-0.02691508151706916
36,138,intervention,-0.01851943573523576
39,138,intervention,-0.02143280973205416
42,138,intervention,-0.01387162708030812
45,138,intervention,-0.02241822731539364
48,138,intervention,-0.0345935466892342
0,139,intervention,0.19742442144180963
3,139,intervention,0.17540760517843756
6,139,intervention,0.15320303219904377
9,139,intervention,0.166313736673387
12,139,intervention,0.1654540572211566
15,139,intervention,0.1194294654158011
18,139,intervention,0.11700464785597524
21,139,intervention,0.08876199029615908
24,139,intervention,0.09707266244685252
27,139,intervention,0.06567153944534657
30,139,intervention,0.04849450775176816
33,139,intervention,0.04895551527194807
36,139,intervention,0.02322586724577302
39,139,intervention,0.02432703079869215
42,139,intervention,0.01237140080051024
45,139,intervention,0.01055319048686059
48,139,intervention,0.02485044850513057
0,14,intervention,0.1298710126295233
3,14,intervention,0.0831733913128646
6,14,intervention,0.10392608432045226
9,14,intervention,0.08492419937506482
12,14,intervention,0.0743212510617871
15,14,intervention,0.0632039516276527
18,14,intervention,0.029060001172056
21,14,intervention,0.03581516107151793
24,14,intervention,0.01886274302043425
27,14,intervention,0.04328235899475572
30,14,intervention,0.01501377461684943
33,14,intervention,-0.00430966879735043
36,14,intervention,3.3988206031701e-4
39,14,intervention,-0.00855729582736622
42,14,intervention,-0.00163427878239886
45,14,intervention,-0.01244379881716857
48,14,intervention,-0.02466198872004577
0,140,intervention,0.09042659733995852
3,140,intervention,0.10107022682856448
6,140,intervention,0.08199375660519066
9,140,intervention,0.07537040817315245
12,140,intervention,0.07903786348156473
15,140,intervention,0.06681963985100524
18,140,intervention,0.05536194770515668
21,140,intervention,0.06476736163129086
24,140,intervention,0.03557632618969941
27,140,intervention,0.04453323107814164
30,140,intervention,0.03976945444151886
33,140,intervention,0.02835997232796338
36,140,intervention,0.02737848207651241
39,140,intervention,0.02796846616392883
42,140,intervention,0.03994597558957773
45,140,intervention,0.02036754145851259
48,140,intervention,0.03572107393809085
0,141,intervention,0.15439479784615484
3,141,intervention,0.14860176046952664
6,141,intervention,0.11593827451119589
9,141,intervention,0.05731219395702085
12,141,intervention,0.08532937351999556
15,141,intervention,0.06394412361996152
18,141,intervention,0.03575063233025076
21,141,intervention,0.02623456057215101
24,141,intervention,0.0103800241390072
27,141,intervention,0.00296856952321724
30,141,intervention,-0.03034443285165268
33,141,intervention,-0.01812094787753903
36,141,intervention,-0.04392744119839774
39,141,intervention,-0.05633995910950431
42,141,intervention,-0.05573441119759716
45,141,intervention,-0.04277429439711971
48,141,intervention,-0.04244124816642283
0,142,intervention,0.1815201122023726
3,142,intervention,0.1793341959144018
6,142,intervention,0.1672929700292594
9,142,intervention,0.16089653028070466
12,142,intervention,0.1158547792895208
15,142,intervention,0.116271453512614
18,142,intervention,0.0916975074526452
21,142,intervention,0.0984298023051712
24,142,intervention,0.06675620769026273
27,142,intervention,0.05105489839157016
30,142,intervention,0.02711620521354217
33,142,intervention,0.00475658246296993
36,142,intervention,0.00363555226432515
39,142,intervention,0.01007696142594141
42,142,intervention,-0.00198476092684391
45,142,intervention,0.00819098799297369
48,142,intervention,0.00999355798074969
0,143,intervention,0.14543401345988746
3,143,intervention,0.13687456470733478
6,143,intervention,0.12274851619701534
9,143,intervention,0.11474632368656218
12,143,intervention,0.09172891295036296
15,143,intervention,0.09673337067939208
18,143,intervention,0.076309040147688
21,143,intervention,0.0554092420373775
24,143,intervention,0.0657838471325502
27,143,intervention,0.04225545623851708
30,143,intervention,0.02871807670128715
33,143,intervention,0.01277113334234625
36,143,intervention,-0.00847059563659796
39,143,intervention,-0.02789252221178837
42,143,intervention,-0.02786005435620476
45,143,intervention,-0.01443716347512366
48,143,intervention,-0.02780037112057909
0,144,intervention,0.15596338977961452
3,144,intervention,0.1726075658945926
6,144,intervention,0.16788184745564808
9,144,intervention,0.1288334261017344
12,144,intervention,0.1181703597003504
15,144,intervention,0.1127081306407836
18,144,intervention,0.08486787462995057
21,144,intervention,0.07667725209991874
24,144,intervention,0.06349514405229051
27,144,intervention,0.04056420637862391
30,144,intervention,0.04675290753698064
33,144,intervention,0.01645824564999675
36,144,intervention,0.02859480585535991
39,144,intervention,-0.00551979966912126
42,144,intervention,0.02271132297023363
45,144,intervention,0.00646599292870168
48,144,intervention,0.0169622436344559
0,145,intervention,0.13601131687231244
3,145,intervention,0.10863037437198568
6,145,intervention,0.08432419472288309
9,145,intervention,0.07082163258678183
12,145,intervention,0.06679714448330888
15,145,intervention,0.06500933594519327
18,145,intervention,0.04877282757953399
21,145,intervention,0.03521512105829216
24,145,intervention,0.04549284089007333
27,145,intervention,0.01241002417173758
30,145,intervention,0.00236109593795291
33,145,intervention,0.00905944655367285
36,145,intervention,0.00329196483625576
39,145,intervention,-6.8051485976754e-4
42,145,intervention,0.01329338975422617
45,145,intervention,0.00503916003414437
48,145,intervention,0.00840497723357926
0,146,intervention,0.17285454711365536
3,146,intervention,0.2021840658431243
6,146,intervention,0.17011354640232845
9,146,intervention,0.13672417817906618
12,146,intervention,0.11413067887262396
15,146,intervention,0.1149169001595791
18,146,intervention,0.09942606069620856
21,146,intervention,0.0788679627985721
24,146,intervention,0.0681412588024206
27,146,intervention,0.02408777872597652
30,146,intervention,0.04143726696814218
33,146,intervention,0.01150034795185816
36,146,intervention,0.01060673278912527
39,146,intervention,0.02940354282275867
42,146,intervention,0.01065517433466938
45,146,intervention,0.01926578918000981
48,146,intervention,-0.00634923574671377
0,147,intervention,0.12194374579936935
3,147,intervention,0.11262216763318106
6,147,intervention,0.08801366447139998
9,147,intervention,0.08397264854308231
12,147,intervention,0.08971807733626806
15,147,intervention,0.0791709394202489
18,147,intervention,0.04926566475430892
21,147,intervention,0.05345505176293658
24,147,intervention,0.0591770809051018
27,147,intervention,0.0364819152160638
30,147,intervention,0.04146684768597102
33,147,intervention,0.00327365223794426
36,147,intervention,0.01451120998645997
39,147,intervention,0.02280469443432736
42,147,intervention,0.01162942092172502
45,147,intervention,0.02394740473026149
48,147,intervention,0.0236794701817249
0,148,intervention,0.2101651935143411
3,148,intervention,0.1858231383156539
6,148,intervention,0.17862061114843025
9,148,intervention,0.15487901135496474
12,148,intervention,0.17304706670751677
15,148,intervention,0.17132948235526266
18,148,intervention,0.10466969370943108
21,148,intervention,0.10762825637991764
24,148,intervention,0.07797953368870786
27,148,intervention,0.05845217378385119
30,148,intervention,0.04579901704756711
33,148,intervention,0.03080310499127939
36,148,intervention,0.01059653748311392
39,148,intervention,-0.01043853952875558
42,148,intervention,0.00499437010501753
45,148,intervention,0.00278513878986064
48,148,intervention,-0.00513393071882592
0,149,intervention,0.4272814636471618
3,149,intervention,0.3754791722370994
6,149,intervention,0.39451528004049574
9,149,intervention,0.3161377201088188
12,149,intervention,0.2982030709305185
15,149,intervention,0.24374750325559727
18,149,intervention,0.22500591486871296
21,149,intervention,0.21961914704326865
24,149,intervention,0.1903335267453535
27,149,intervention,0.17872175181884536
30,149,intervention,0.12721082639166845
33,149,intervention,0.06170354514064419
36,149,intervention,0.04440503501986616
39,149,intervention,0.0506746473333291
42,149,intervention,0.07594626925341526
45,149,intervention,0.04359779205448529
48,149,intervention,0.05869952780055223
0,15,intervention,0.2011795587824843
3,15,intervention,0.1549365798273454
6,15,intervention,0.13699009804388973
9,15,intervention,0.09778034492754475
12,15,intervention,0.14530753558315324
15,15,intervention,0.09916945275973071
18,15,intervention,0.08183300874023891
21,15,intervention,0.06302225788511566
24,15,intervention,0.05508320852512753
27,15,intervention,0.02820698299834857
30,15,intervention,-0.01701108311599433
33,15,intervention,-0.03098569647987916
36,15,intervention,-0.04032603396605752
39,15,intervention,-0.02351801464512127
42,15,intervention,-0.01258859130030483
45,15,intervention,-0.02279750158590915
48,15,intervention,-0.01485795474024749
0,150,intervention,0.0795284809124169
3,150,intervention,0.08184106708478416
6,150,intervention,0.08370367967995695
9,150,intervention,0.08538558182800193
12,150,intervention,0.06407527924986492
15,150,intervention,0.0760468754793938
18,150,intervention,0.05329478807987535
21,150,intervention,0.05179559153809574
24,150,intervention,0.04489399592367695
27,150,intervention,0.0386472590066334
30,150,intervention,0.02567517840847335
33,150,intervention,0.01861846648620603
36,150,intervention,0.0221696857512986
39,150,intervention,0.01300740989133627
42,150,intervention,0.02797680211547288
45,150,intervention,0.01779947609100943
48,150,intervention,0.0220310199516023
0,151,intervention,0.26519602006662873
3,151,intervention,0.24834580384628163
6,151,intervention,0.22354133839051823
9,151,intervention,0.22659947921638424
12,151,intervention,0.19383820964527584
15,151,intervention,0.18925683085868997
18,151,intervention,0.12522308458873882
21,151,intervention,0.1012529784550968
24,151,intervention,0.09951661131924382
27,151,intervention,0.0289267526430222
30,151,intervention,0.04543388471604151
33,151,intervention,0.00345581573249832
36,151,intervention,-0.00921451659103412
39,151,intervention,-9.8365014118603e-4
42,151,intervention,-0.02368474548405334
45,151,intervention,-0.00232606613873336
48,151,intervention,0.00465830698573524
0,152,intervention,0.12562083163884075
3,152,intervention,0.1118422488886971
6,152,intervention,0.11493305085845124
9,152,intervention,0.06646157495839332
12,152,intervention,0.07088854144106439
15,152,intervention,0.06457492761376808
18,152,intervention,0.05822889798677885
21,152,intervention,0.02315005921409672
24,152,intervention,0.02783506546886681
27,152,intervention,0.00549973934936755
30,152,intervention,-0.00674013679249395
33,152,intervention,-0.01646185687178835
36,152,intervention,-0.00705731806058065
39,152,intervention,-0.02342387783241384
42,152,intervention,0.00159962462782353
45,152,intervention,-0.00552484346104591
48,152,intervention,-0.02142042369087766
0,153,intervention,0.188004702772554
3,153,intervention,0.1368366240065793
6,153,intervention,0.12037949845562608
9,153,intervention,0.13466896620020904
12,153,intervention,0.1394576963652187
15,153,intervention,0.08369975469610254
18,153,intervention,0.07128438770069954
21,153,intervention,0.02968646029462098
24,153,intervention,0.04257145348833762
27,153,intervention,0.03498254972497443
30,153,intervention,-0.00401697651761895
33,153,intervention,-0.04419471587618812
36,153,intervention,-0.02799080220879804
39,153,intervention,-0.05577748249388927
42,153,intervention,-0.04884696663037047
45,153,intervention,-0.03918011156542379
48,153,intervention,-0.0581779844832043
0,154,intervention,0.19823630327469105
3,154,intervention,0.20403148673873264
6,154,intervention,0.1892944584949071
9,154,intervention,0.13107878805215784
12,154,intervention,0.13616055190605705
15,154,intervention,0.14919865076461544
18,154,intervention,0.10317276042309792
21,154,intervention,0.07607785395031084
24,154,intervention,0.08760268761420995
27,154,intervention,0.04797040878880294
30,154,intervention,0.01250145585959575
33,154,intervention,0.02532414840289047
36,154,intervention,-0.0094654056487391
39,154,intervention,-0.00849676970624228
42,154,intervention,0.00538354441740573
45,154,intervention,-0.01257730248383107
48,154,intervention,-0.01445313992815823
0,155,intervention,0.05069796926606075
3,155,intervention,0.04581605640179531
6,155,intervention,0.04287732024403935
9,155,intervention,0.02367549085121136
12,155,intervention,0.01554955341131726
15,155,intervention,0.01364630425887861
18,155,intervention,0.00746995083015429
21,155,intervention,-0.00235862723622493
24,155,intervention,-0.00915833349885072
27,155,intervention,-0.0106477664295676
30,155,intervention,-0.03550574816236956
33,155,intervention,-0.04118152330800242
36,155,intervention,-0.02861078822983939
39,155,intervention,-0.02135543684653466
42,155,intervention,-0.01990647099036028
45,155,intervention,-0.03893557207039834
48,155,intervention,-0.03491768875120028
0,156,intervention,0.1509703913935264
3,156,intervention,0.11060895405558514
6,156,intervention,0.12485307663574408
9,156,intervention,0.09020387489248054
12,156,intervention,0.10461775158312991
15,156,intervention,0.07091428953082156
18,156,intervention,0.0523907476387925
21,156,intervention,0.03930311840004884
24,156,intervention,0.04991585268585916
27,156,intervention,0.02587381251926402
30,156,intervention,0.03675494186552416
33,156,intervention,-0.00247656986429601
36,156,intervention,-0.01337053006956355
39,156,intervention,1.0293310488611e-4
42,156,intervention,-0.01127595846152093
45,156,intervention,-0.01416895230889713
48,156,intervention,-0.01028430142472094
0,157,intervention,0.18152606290699635
3,157,intervention,0.15782805344079592
6,157,intervention,0.13234787361957245
9,157,intervention,0.15016719171546464
12,157,intervention,0.11813382547392082
15,157,intervention,0.10389992452811672
18,157,intervention,0.11102702089479294
21,157,intervention,0.08715165805828032
24,157,intervention,0.05418300507257851
27,157,intervention,0.04476671397204983
30,157,intervention,0.05403848354156423
33,157,intervention,0.01058586967774682
36,157,intervention,0.01433447579900194
39,157,intervention,0.01563774214146207
42,157,intervention,0.01413908961390466
45,157,intervention,0.00997661268090085
48,157,intervention,0.00851790887885494
0,158,intervention,0.14619774239174346
3,158,intervention,0.115315281914734
6,158,intervention,0.15602046104841227
9,158,intervention,0.09867523078908524
12,158,intervention,0.08247821485352276
15,158,intervention,0.0674048994741607
18,158,intervention,0.05845779894999566
21,158,intervention,0.06455859260435719
24,158,intervention,0.04303297335295197
27,158,intervention,9.5146560724205e-4
30,158,intervention,0.01596876416942713
33,158,intervention,-0.0035891250333104
36,158,intervention,-0.02018751821897539
39,158,intervention,-0.0138870580658381
42,158,intervention,-0.02285445578208883
45,158,intervention,-0.01434264137262554
48,158,intervention,-0.00748959360508243
0,159,intervention,0.2491686821823619
3,159,intervention,0.258196312417212
6,159,intervention,0.26299292668305685
9,159,intervention,0.2409212205057948
12,159,intervention,0.1822035706854346
15,159,intervention,0.2082967874796478
18,159,intervention,0.18989265967159297
21,159,intervention,0.1536278303099001
24,159,intervention,0.09440023435502472
27,159,intervention,0.1013970105646699
30,159,intervention,0.04646165377644296
33,159,intervention,0.05167839370432833
36,159,intervention,0.01425464445002276
39,159,intervention,0.03757717489721977
42,159,intervention,0.01987637792704754
45,159,intervention,0.00928589627854949
48,159,intervention,0.00152402594937332
0,16,intervention,0.08398112066120435
3,16,intervention,0.09406985075831768
6,16,intervention,0.06633986931084102
9,16,intervention,0.07084912288905877
12,16,intervention,0.06173694855401757
15,16,intervention,0.04901378875626527
18,16,intervention,0.05583732243333595
21,16,intervention,0.05231507974059277
24,16,intervention,0.01725237041951146
27,16,intervention,6.8504125137017e-4
30,16,intervention,-0.00613871658625538
33,16,intervention,-0.0021884005163902
36,16,intervention,-0.00374196022961767
39,16,intervention,-0.02321628593241267
42,16,intervention,-0.01796344141032384
45,16,intervention,-0.0047322429927256
48,16,intervention,-0.01259452171428932
0,160,intervention,0.14642251406824622
3,160,intervention,0.1334859282725585
6,160,intervention,0.13374008796771494
9,160,intervention,0.119498016579531
12,160,intervention,0.12501239825700744
15,160,intervention,0.10533419313332726
18,160,intervention,0.10217004740097652
21,160,intervention,0.07560630818118323
24,160,intervention,0.05961186067517298
27,160,intervention,0.05240182434945417
30,160,intervention,0.02867893348925643
33,160,intervention,0.00607905110168579
36,160,intervention,-0.01975375538329359
39,160,intervention,-0.00733792882967244
42,160,intervention,0.00934677102290306
45,160,intervention,0.00452083356896698
48,160,intervention,0.0023693895715063
0,161,intervention,0.16410805124703723
3,161,intervention,0.1476313285001999
6,161,intervention,0.12225751927236211
9,161,intervention,0.12771507794851697
12,161,intervention,0.09093002012138536
15,161,intervention,0.09521319444611706
18,161,intervention,0.1023149756859667
21,161,intervention,0.07943631784430143
24,161,intervention,0.050780950033946
27,161,intervention,0.05143540591573281
30,161,intervention,0.040912672725201
33,161,intervention,0.03080075101829787
36,161,intervention,0.031443498941786
39,161,intervention,0.00749084985339604
42,161,intervention,0.02516676119725474
45,161,intervention,0.01595970729932028
48,161,intervention,0.01631361092143048
0,162,intervention,0.32334579617596837
3,162,intervention,0.2291355515478097
6,162,intervention,0.24362792617674112
9,162,intervention,0.19205710095150744
12,162,intervention,0.16111726199982995
15,162,intervention,0.19757147878641745
18,162,intervention,0.1788606432062975
21,162,intervention,0.11461079886024396
24,162,intervention,0.14025142906192734
27,162,intervention,0.06789330038985318
30,162,intervention,0.03269954566955446
33,162,intervention,0.03698668679138002
36,162,intervention,0.00831085540837627
39,162,intervention,0.04411729819694778
42,162,intervention,0.02067540238110829
45,162,intervention,0.03373796704260806
48,162,intervention,0.01751516053523422
0,163,intervention,0.08679310540422798
3,163,intervention,0.12673391030297532
6,163,intervention,0.08816929672281851
9,163,intervention,0.0925907500694588
12,163,intervention,0.06153307561239375
15,163,intervention,0.06890854654566556
18,163,intervention,0.05026409066424591
21,163,intervention,0.0443953680066855
24,163,intervention,0.05857122641273216
27,163,intervention,0.00639515594805567
30,163,intervention,0.00441799299676942
33,163,intervention,-0.00269004281613931
36,163,intervention,-0.01296586217832657
39,163,intervention,-0.02481364037389273
42,163,intervention,-0.01251870299882639
45,163,intervention,-0.00827112485776942
48,163,intervention,-0.00808783339740399
0,164,intervention,0.2635178444734775
3,164,intervention,0.23573724096332307
6,164,intervention,0.21805635041145663
9,164,intervention,0.24468586259692987
12,164,intervention,0.20611986023864673
15,164,intervention,0.18437167346312391
18,164,intervention,0.15902243552396902
21,164,intervention,0.13444403024316487
24,164,intervention,0.10947893271583636
27,164,intervention,0.09552091618504066
30,164,intervention,0.04348026118621403
33,164,intervention,0.02659645286456908
36,164,intervention,0.00750513174168743
39,164,intervention,-0.00737941515445432
42,164,intervention,0.01876715384115949
45,164,intervention,0.03693650610753588
48,164,intervention,0.02863141828236421
0,165,intervention,0.3184249951930128
3,165,intervention,0.276293508620175
6,165,intervention,0.23256958542206985
9,165,intervention,0.2049489184038961
12,165,intervention,0.20079557734037215
15,165,intervention,0.16156921383900552
18,165,intervention,0.14099880882092322
21,165,intervention,0.08805876554258084
24,165,intervention,0.0823039631133916
27,165,intervention,0.04213474311090211
30,165,intervention,0.01705546155452359
33,165,intervention,0.00337157195089024
36,165,intervention,-0.02074617850976676
39,165,intervention,0.0113334251678116
42,165,intervention,-0.0406206919713496
45,165,intervention,-0.02378068321208178
48,165,intervention,-0.02007317826055931
0,166,intervention,0.12902262283348287
3,166,intervention,0.11971525614714376
6,166,intervention,0.11425543673972936
9,166,intervention,0.13926813856315037
12,166,intervention,0.10270912190798644
15,166,intervention,0.1023910071858646
18,166,intervention,0.08107746851869033
21,166,intervention,0.07334213285685183
24,166,intervention,0.03363747435375196
27,166,intervention,0.02353201776389609
30,166,intervention,0.00869394919580424
33,166,intervention,0.02015275711538451
36,166,intervention,-0.01549959558734753
39,166,intervention,-0.00747177570490224
42,166,intervention,0.00879639064912489
45,166,intervention,0.00553604953816478
48,166,intervention,0.00704575747043616
0,167,intervention,0.10686396589666246
3,167,intervention,0.09070432586372151
6,167,intervention,0.07914615555173621
9,167,intervention,0.08473377490052779
12,167,intervention,0.08281605672463241
15,167,intervention,0.0596426362809653
18,167,intervention,0.03193336557966181
21,167,intervention,0.05598267845959572
24,167,intervention,0.03210679965966116
27,167,intervention,0.02399235145676901
30,167,intervention,0.00842677710599115
33,167,intervention,0.00904097495991489
36,167,intervention,-0.00163518396620438
39,167,intervention,0.0025462574605103
42,167,intervention,-0.00194857645595636
45,167,intervention,0.00130120055154359
48,167,intervention,-0.00336402147710414
0,168,intervention,0.27289449948263383
3,168,intervention,0.23209301476003236
6,168,intervention,0.23845021521752
9,168,intervention,0.2343220548112645
12,168,intervention,0.20259671766966592
15,168,intervention,0.11072894824553985
18,168,intervention,0.134345957463879
21,168,intervention,0.09456494528973464
24,168,intervention,0.05825062483717897
27,168,intervention,0.02852294492866747
30,168,intervention,-0.00520931540975531
33,168,intervention,-0.04423694525974076
36,168,intervention,-0.03477822759758217
39,168,intervention,-0.04990958007005462
42,168,intervention,-0.04022022065641019
45,168,intervention,-0.0772404407528962
48,168,intervention,-0.03552759299330548
0,169,intervention,0.13080944613415382
3,169,intervention,0.12573849604243426
6,169,intervention,0.12612273926162304
9,169,intervention,0.1272335003654201
12,169,intervention,0.11236270477088528
15,169,intervention,0.08435088323704194
18,169,intervention,0.08295451648975338
21,169,intervention,0.04223815769792973
24,169,intervention,0.07204966877672449
27,169,intervention,0.02988064105228215
30,169,intervention,0.01636832885539102
33,169,intervention,0.03178565159988889
36,169,intervention,0.01275076930072217
39,169,intervention,0.01056070991905808
42,169,intervention,-0.00170779294197688
45,169,intervention,0.01653849312355199
48,169,intervention,0.00184604655385925
0,17,intervention,0.2737666243347756
3,17,intervention,0.2218325530184951
6,17,intervention,0.21544893712602847
9,17,intervention,0.18509612936216943
12,17,intervention,0.15837573059613097
15,17,intervention,0.13140936770153908
18,17,intervention,0.1250417252784063
21,17,intervention,0.07794062165840887
24,17,intervention,0.07940928916525886
27,17,intervention,0.02481381427768532
30,17,intervention,0.0351662255847598
33,17,intervention,9.8926854564651e-4
36,17,intervention,-0.02742063462527324
39,17,intervention,-0.03696336516058012
42,17,intervention,-0.03149799959326281
45,17,intervention,-0.01605392492341986
48,17,intervention,-0.01097235352573372
0,170,intervention,0.22564299219304187
3,170,intervention,0.20161919339751808
6,170,intervention,0.2116181564830539
9,170,intervention,0.17580498182089113
12,170,intervention,0.1487915427551392
15,170,intervention,0.15973733750993896
18,170,intervention,0.1356284990565979
21,170,intervention,0.10294143872842904
24,170,intervention,0.05991456115041946
27,170,intervention,0.06783829959067957
30,170,intervention,0.0654012028334772
33,170,intervention,0.02498873413280613
36,170,intervention,-0.00237518967401112
39,170,intervention,0.00533680739568318
42,170,intervention,0.00229334651360926
45,170,intervention,0.00816457129225485
48,170,intervention,0.00878964994053578
0,171,intervention,0.19292172356570209
3,171,intervention,0.15710409646485576
6,171,intervention,0.13273907215839192
9,171,intervention,0.137622036501322
12,171,intervention,0.12940784911549247
15,171,intervention,0.10428041495949378
18,171,intervention,0.09704126487863832
21,171,intervention,0.06625522010343679
24,171,intervention,0.04559325679816683
27,171,intervention,0.03640727865857798
30,171,intervention,0.03850899523426703
33,171,intervention,0.01390043833068405
36,171,intervention,0.00291254200266576
39,171,intervention,-1.849745384681e-4
42,171,intervention,0.00916927464065715
45,171,intervention,-0.00157155352553827
48,171,intervention,0.00827738908158269
0,172,intervention,0.13327782837436056
3,172,intervention,0.11733233157434274
6,172,intervention,0.12214438047682342
9,172,intervention,0.08491820910840905
12,172,intervention,0.10043198190365175
15,172,intervention,0.08125784527725843
18,172,intervention,0.0789031147402775
21,172,intervention,0.06285913007761305
24,172,intervention,0.03185635404995037
27,172,intervention,0.03627166273329069
30,172,intervention,0.02514080366606842
33,172,intervention,0.00782817131174432
36,172,intervention,-0.00783321594860268
39,172,intervention,-0.00384862828068705
42,172,intervention,-0.01165392273289496
45,172,intervention,-0.00409729679486127
48,172,intervention,-3.3914953914461e-4
0,173,intervention,0.13942591826300887
3,173,intervention,0.12104051035317102
6,173,intervention,0.10623577906790142
9,173,intervention,0.11592892108169534
12,173,intervention,0.0853919975721669
15,173,intervention,0.08302233877608961
18,173,intervention,0.1085290332745976
21,173,intervention,0.0717671197732004
24,173,intervention,0.03631780719977179
27,173,intervention,0.03169079880892257
30,173,intervention,0.03029281509285948
33,173,intervention,0.0010768792989705
36,173,intervention,0.00244357378752104
39,173,intervention,0.03015823344268506
42,173,intervention,0.00265476408630248
45,173,intervention,0.0168816230174015
48,173,intervention,3.957438193022e-4
0,174,intervention,0.19910024828042472
3,174,intervention,0.17361079264735596
6,174,intervention,0.1534596715067305
9,174,intervention,0.16167773576703698
12,174,intervention,0.16570954503228985
15,174,intervention,0.1199330079611988
18,174,intervention,0.11894287549610368
21,174,intervention,0.09123812651562016
24,174,intervention,0.06569153362923706
27,174,intervention,0.06576771527960351
30,174,intervention,0.03474634413291504
33,174,intervention,0.02230678458213527
36,174,intervention,0.02916473430471289
39,174,intervention,0.02246001081234239
42,174,intervention,0.04452966656764347
45,174,intervention,0.00528245903202947
48,174,intervention,0.01409638809248989
0,175,intervention,0.04843987300795642
3,175,intervention,0.05331958066424632
6,175,intervention,0.04333824318584373
9,175,intervention,0.04112907974216444
12,175,intervention,0.0434817308557436
15,175,intervention,0.02945818922592824
18,175,intervention,0.02794647132912003
21,175,intervention,0.01016920083966682
24,175,intervention,0.02592688457516065
27,175,intervention,0.01518433590003931
30,175,intervention,0.01261372017030179
33,175,intervention,0.00777106885472453
36,175,intervention,-0.00337129640051868
39,175,intervention,-0.00277216758289252
42,175,intervention,-0.00226001929025633
45,175,intervention,-1.6238430667939e-4
48,175,intervention,0.0115697041080818
0,176,intervention,0.09053786652059632
3,176,intervention,0.04210466206330632
6,176,intervention,0.05583145577462216
9,176,intervention,0.04409175907576567
12,176,intervention,0.0362260757737311
15,176,intervention,-1.2097928011113e-4
18,176,intervention,-0.01262371391854936
21,176,intervention,-0.01331292505862972
24,176,intervention,-0.02428216632384956
27,176,intervention,-0.02685314265131199
30,176,intervention,-0.041940355356635
33,176,intervention,-0.04748836151448779
36,176,intervention,-0.05233062699049086
39,176,intervention,-0.0507811776764641
42,176,intervention,-0.06760491738777936
45,176,intervention,-0.07050869340676005
48,176,intervention,-0.06406164877037109
0,177,intervention,0.2731381394471296
3,177,intervention,0.2541863398417711
6,177,intervention,0.2027476628891869
9,177,intervention,0.19247715396285056
12,177,intervention,0.16762134333141676
15,177,intervention,0.13559425481298756
18,177,intervention,0.10826313880564278
21,177,intervention,0.07971823097619764
24,177,intervention,0.06047826407950805
27,177,intervention,0.03096161443743724
30,177,intervention,0.02999995271483918
33,177,intervention,0.01239079792776227
36,177,intervention,-0.02153161702079037
39,177,intervention,-0.03066312813316363
42,177,intervention,-0.02695688384642899
45,177,intervention,-0.04541084804163217
48,177,intervention,-0.0117622807518745
0,178,intervention,0.08359051028223939
3,178,intervention,0.08731540753437987
6,178,intervention,0.0763906333189463
9,178,intervention,0.03597624291791364
12,178,intervention,0.0391561222063908
15,178,intervention,0.04089063586484959
18,178,intervention,0.03783762924263601
21,178,intervention,0.02693612440229527
24,178,intervention,0.004586390210061
27,178,intervention,0.00516786677542929
30,178,intervention,-0.0043506845751651
33,178,intervention,2.7075170297826e-4
36,178,intervention,-0.01246958672814667
39,178,intervention,-0.0184956960659049
42,178,intervention,-0.00699407486493216
45,178,intervention,-0.02013945396445429
48,178,intervention,-0.02963111478864427
0,179,intervention,0.1636914458136922
3,179,intervention,0.188331278730274
6,179,intervention,0.16526723073153562
9,179,intervention,0.13497175176451562
12,179,intervention,0.13667553053717418
15,179,intervention,0.13688338279864737
18,179,intervention,0.11001523356786976
21,179,intervention,0.09282737539163326
24,179,intervention,0.05608867879156382
27,179,intervention,0.014457952187145
30,179,intervention,0.00191108090933576
33,179,intervention,-0.00386006000815223
36,179,intervention,-0.03190361496710977
39,179,intervention,-0.00638773640094504
42,179,intervention,-0.00480504204946662
45,179,intervention,-0.00731194653790992
48,179,intervention,-0.01663337842332048
0,18,intervention,0.1691340848863744
3,18,intervention,0.1739629501299689
6,18,intervention,0.16440435344260174
9,18,intervention,0.1498424266392962
12,18,intervention,0.1226101123900587
15,18,intervention,0.14121689200425178
18,18,intervention,0.09727477419751587
21,18,intervention,0.10084919645809864
24,18,intervention,0.06752764968310321
27,18,intervention,0.06657436231539758
30,18,intervention,0.0197527735189539
33,18,intervention,0.02155677797196498
36,18,intervention,0.02299256662465743
39,18,intervention,0.00905301281165774
42,18,intervention,-0.00355618707433196
45,18,intervention,0.01215717769954294
48,18,intervention,0.02943125155606418
0,180,intervention,0.3060445819188725
3,180,intervention,0.2822128107324166
6,180,intervention,0.297233118219217
9,180,intervention,0.20497487576216705
12,180,intervention,0.2276505993723077
15,180,intervention,0.16657463124771277
18,180,intervention,0.15725935574503744
21,180,intervention,0.10657771899691051
24,180,intervention,0.12147731289328996
27,180,intervention,0.03511100660216539
30,180,intervention,0.03835973379218516
33,180,intervention,0.00507122524999236
36,180,intervention,0.01727001413755277
39,180,intervention,-0.01797323543283126
42,180,intervention,0.02392861166780557
45,180,intervention,-0.01097136070942619
48,180,intervention,-0.02571578888629418
0,181,intervention,0.09698464628116338
3,181,intervention,0.06729426624630477
6,181,intervention,0.06138009037371231
9,181,intervention,0.07748104676694995
12,181,intervention,0.04110813795966249
15,181,intervention,0.01913145894234855
18,181,intervention,-0.00100624033969322
21,181,intervention,0.00310089198280171
24,181,intervention,0.00501143385588373
27,181,intervention,0.00779759013416452
30,181,intervention,-0.00961544779520734
33,181,intervention,-0.02756665272082106
36,181,intervention,-0.03563871676155841
39,181,intervention,-0.04569007259099809
42,181,intervention,-0.0234818921710625
45,181,intervention,-0.03063740862952596
48,181,intervention,-0.02312210973841887
0,182,intervention,0.10962655953171624
3,182,intervention,0.09494545837274936
6,182,intervention,0.09793230137593888
9,182,intervention,0.10579039281082823
12,182,intervention,0.07809981272014684
15,182,intervention,0.08659410538022413
18,182,intervention,0.07101423048578481
21,182,intervention,0.05509483145766237
24,182,intervention,0.05224940130798649
27,182,intervention,0.02743986059670341
30,182,intervention,0.01590180152110193
33,182,intervention,0.01287901648631409
36,182,intervention,0.02041862718552235
39,182,intervention,0.02402212830760172
42,182,intervention,0.01715546716756665
45,182,intervention,0.00631984143257906
48,182,intervention,0.00256399766004201
0,183,intervention,0.3153738985786671
3,183,intervention,0.253265211732839
6,183,intervention,0.2756316674909261
9,183,intervention,0.19690331119007504
12,183,intervention,0.1900614062052307
15,183,intervention,0.1436702688344463
18,183,intervention,0.13061331817496033
21,183,intervention,0.10163962130719038
24,183,intervention,0.13468344282533806
27,183,intervention,0.04497362478282044
30,183,intervention,0.04526243178708761
33,183,intervention,-0.01812178546880975
36,183,intervention,-0.01416840194328929
39,183,intervention,-0.00388954432669528
42,183,intervention,-0.01951474624412197
45,183,intervention,-0.00561545566067539
48,183,intervention,-0.03056146099051358
0,184,intervention,0.11484311625870376
3,184,intervention,0.09028928105843773
6,184,intervention,0.05920307764111427
9,184,intervention,0.08090920502470597
12,184,intervention,0.06762741650716146
15,184,intervention,0.04951760078224671
18,184,intervention,0.04080005635657361
21,184,intervention,0.03899794617492303
24,184,intervention,0.04903964584748913
27,184,intervention,0.04666961714498557
30,184,intervention,0.01706283171493415
33,184,intervention,0.02117599211488012
36,184,intervention,0.01924038883910944
39,184,intervention,0.00639506695148183
42,184,intervention,0.00837340426493464
45,184,intervention,0.00553219316670129
48,184,intervention,-0.01418889984539495
0,185,intervention,0.12096082034543644
3,185,intervention,0.09375498820846642
6,185,intervention,0.14253127523735393
9,185,intervention,0.11512410503759005
12,185,intervention,0.07516682077562241
15,185,intervention,0.07473580558999503
18,185,intervention,0.07786242401024195
21,185,intervention,0.05538399005498834
24,185,intervention,0.04436450152039113
27,185,intervention,0.03858682457072585
30,185,intervention,0.00838883346863024
33,185,intervention,-0.00822211339352586
36,185,intervention,-0.02093978019065331
39,185,intervention,-0.01021899339926055
42,185,intervention,0.01545476673275972
45,185,intervention,-0.0106682496298749
48,185,intervention,-0.01522812114251902
0,186,intervention,0.17379395520260538
3,186,intervention,0.1408350058164811
6,186,intervention,0.14674887154790234
9,186,intervention,0.11287699758093696
12,186,intervention,0.12015046712897208
15,186,intervention,0.09424363988262124
18,186,intervention,0.10070831106408008
21,186,intervention,0.08087228128605911
24,186,intervention,0.06238771765750153
27,186,intervention,0.04640789891963813
30,186,intervention,0.03041436093291433
33,186,intervention,0.02196034276478762
36,186,intervention,0.02398193183814442
39,186,intervention,0.02512612269620406
42,186,intervention,0.01046140948820108
45,186,intervention,0.02340672006137143
48,186,intervention,0.00898200881940071
0,187,intervention,0.12715840923765911
3,187,intervention,0.11793847975359364
6,187,intervention,0.09870144462621516
9,187,intervention,0.12762151550055376
12,187,intervention,0.10484757523274855
15,187,intervention,0.0715109345065943
18,187,intervention,0.094380203834973
21,187,intervention,0.06294617382409075
24,187,intervention,0.05379353144866873
27,187,intervention,0.02964291401395154
30,187,intervention,0.00988120642892004
33,187,intervention,-0.00726340910268664
36,187,intervention,-0.00979785296355578
39,187,intervention,3.2535390568526e-4
42,187,intervention,0.01038748576334525
45,187,intervention,-0.01302434612250813
48,187,intervention,-0.0162563925221538
0,188,intervention,0.07746385948305767
3,188,intervention,0.07961904072781265
6,188,intervention,0.06240158785146547
9,188,intervention,0.06087525121622755
12,188,intervention,0.04459600205609177
15,188,intervention,0.05555900741313411
18,188,intervention,0.02754916879611084
21,188,intervention,0.03524055194154631
24,188,intervention,0.01597178482866607
27,188,intervention,-0.00173554287119455
30,188,intervention,0.00344936317367155
33,188,intervention,-0.00300580576650253
36,188,intervention,-0.01871655475248463
39,188,intervention,-0.0184776766034379
42,188,intervention,-0.00562692990991169
45,188,intervention,-0.012649501326123
48,188,intervention,-0.01886327861996139
0,189,intervention,0.25623389505403754
3,189,intervention,0.2420904515445026
6,189,intervention,0.2184895182953858
9,189,intervention,0.222169613821597
12,189,intervention,0.17808516706244804
15,189,intervention,0.21352722292271464
18,189,intervention,0.1375718913112461
21,189,intervention,0.10903566506468684
24,189,intervention,0.0829327575033447
27,189,intervention,0.04795003143488161
30,189,intervention,0.04422499401269996
33,189,intervention,0.01184136113148694
36,189,intervention,-0.01438584207227684
39,189,intervention,-0.00681161869071509
42,189,intervention,-0.01175147724617795
45,189,intervention,-0.0428821746670582
48,189,intervention,0.01285219255219684
0,19,intervention,0.0938260907890508
3,19,intervention,0.09258035397421711
6,19,intervention,0.0927248103975788
9,19,intervention,0.09514098704616608
12,19,intervention,0.05763370331939951
15,19,intervention,0.06549451401293757
18,19,intervention,0.07032053157437318
21,19,intervention,0.03154652292821899
24,19,intervention,0.02412797563844462
27,19,intervention,0.02572697015140816
30,19,intervention,-5.8372890409769e-4
33,19,intervention,0.00923815306984276
36,19,intervention,0.00154162154540589
39,19,intervention,0.00654375019615838
42,19,intervention,0.01443541990908896
45,19,intervention,-0.00206229743576149
48,19,intervention,0.0111172367052454
0,190,intervention,0.2445662877820648
3,190,intervention,0.2420946005701903
6,190,intervention,0.24249094723254735
9,190,intervention,0.2162788607363371
12,190,intervention,0.2142458405595746
15,190,intervention,0.16000096422416735
18,190,intervention,0.17107828900341307
21,190,intervention,0.12622755731425123
24,190,intervention,0.11819850236625694
27,190,intervention,0.09126948373945368
30,190,intervention,0.06405066754837106
33,190,intervention,0.04619387873973905
36,190,intervention,0.04003784057020448
39,190,intervention,0.04539005768986636
42,190,intervention,0.04363758216187571
45,190,intervention,0.02699400349884275
48,190,intervention,0.03784310767731311
0,191,intervention,0.3195275239727144
3,191,intervention,0.27575380755816387
6,191,intervention,0.2761285935995802
9,191,intervention,0.2733688470646446
12,191,intervention,0.20105496717110313
15,191,intervention,0.21185710086531093
18,191,intervention,0.15248766777598882
21,191,intervention,0.17429660152826115
24,191,intervention,0.0879586290553774
27,191,intervention,0.10012917445319802
30,191,intervention,0.0882707686074229
33,191,intervention,0.03631401512214347
36,191,intervention,0.0214335880573272
39,191,intervention,0.01109844459381728
42,191,intervention,0.01691267709996468
45,191,intervention,0.01786058343246237
48,191,intervention,0.0173507116073053
0,192,intervention,0.09729144121103252
3,192,intervention,0.11215205830915412
6,192,intervention,0.13198058044412905
9,192,intervention,0.07060029017133501
12,192,intervention,0.07391041388759496
15,192,intervention,0.06340323946720025
18,192,intervention,0.07952440411472772
21,192,intervention,0.04395269972414539
24,192,intervention,0.05013930241479431
27,192,intervention,0.02649902413723132
30,192,intervention,0.03186534046932986
33,192,intervention,-0.00670163965924705
36,192,intervention,-0.02890947658934011
39,192,intervention,-3.8036338417066e-4
42,192,intervention,-0.01474902252865006
45,192,intervention,-0.01594907632716919
48,192,intervention,-0.01206510225147044
0,193,intervention,0.1856166105575302
3,193,intervention,0.1754338670996013
6,193,intervention,0.1257620317042414
9,193,intervention,0.11079949007393436
12,193,intervention,0.0799672601215067
15,193,intervention,0.07000882836513277
18,193,intervention,0.06847688609387907
21,193,intervention,0.03279326237434878
24,193,intervention,0.05461201127798124
27,193,intervention,0.02531387821294605
30,193,intervention,-0.03302958062727294
33,193,intervention,-0.00538998795503047
36,193,intervention,-0.04473782516130986
39,193,intervention,-0.03576240175265986
42,193,intervention,-0.03974495643014117
45,193,intervention,-0.04646965627385138
48,193,intervention,-0.03242549021455849
0,194,intervention,0.28434396904563874
3,194,intervention,0.22592083695423384
6,194,intervention,0.1910043475075196
9,194,intervention,0.24054529369018587
12,194,intervention,0.18107128394189345
15,194,intervention,0.16545495355295062
18,194,intervention,0.14930523038904106
21,194,intervention,0.11859079275297986
24,194,intervention,0.07783226523918178
27,194,intervention,0.09407763266833992
30,194,intervention,0.05528325544686095
33,194,intervention,0.05894031413231442
36,194,intervention,-0.01124302829600773
39,194,intervention,0.00328821431717756
42,194,intervention,0.02723012721254745
45,194,intervention,0.00504786975409698
48,194,intervention,0.02604306857826964
0,195,intervention,0.2178730383631911
3,195,intervention,0.21651097006037495
6,195,intervention,0.1791797807339021
9,195,intervention,0.1482369069780522
12,195,intervention,0.16248583725002894
15,195,intervention,0.11293090583027754
18,195,intervention,0.11639361789921956
21,195,intervention,0.07341011031802809
24,195,intervention,0.08518466907471585
27,195,intervention,0.03530107117585512
30,195,intervention,0.01111725016039004
33,195,intervention,0.00316399576548698
36,195,intervention,-0.03857089462451053
39,195,intervention,-0.01200495625377245
42,195,intervention,-0.01970137729247255
45,195,intervention,-0.03757932185805292
48,195,intervention,-0.02642253233111337
0,196,intervention,0.13392887133313391
3,196,intervention,0.10181935214085888
6,196,intervention,0.10161279050416434
9,196,intervention,0.08765256776199902
12,196,intervention,0.08943361079188199
15,196,intervention,0.08215958630856433
18,196,intervention,0.0530691594765673
21,196,intervention,0.0701701416911081
24,196,intervention,0.01831131381896542
27,196,intervention,0.03935587125630391
30,196,intervention,-9.7906492275703e-4
33,196,intervention,0.00476425009771462
36,196,intervention,0.00340938564717386
39,196,intervention,0.01056432788865628
42,196,intervention,-0.0100092641771978
45,196,intervention,0.00237239313606699
48,196,intervention,-0.00214290471993537
0,197,intervention,0.0888558445845874
3,197,intervention,0.0669326268600866
6,197,intervention,0.06449398286944426
9,197,intervention,0.06476742062376455
12,197,intervention,0.04060999592703748
15,197,intervention,0.03821679965499647
18,197,intervention,0.02520074719904961
21,197,intervention,0.02626164739183762
24,197,intervention,0.01201453827280179
27,197,intervention,0.004128152293229
30,197,intervention,-0.01314859008451261
33,197,intervention,0.00350260979145033
36,197,intervention,-0.0036721776757957
39,197,intervention,-0.00427821820506459
42,197,intervention,-2.4325229139051e-4
45,197,intervention,0.00695083356760175
48,197,intervention,-0.00173895757845707
0,198,intervention,0.2680505525177262
3,198,intervention,0.2459938603009401
6,198,intervention,0.2553224985682194
9,198,intervention,0.23737412788903425
12,198,intervention,0.19841526112326613
15,198,intervention,0.1692128173262051
18,198,intervention,0.15805490055865998
21,198,intervention,0.14662000367166408
24,198,intervention,0.12048726639258886
27,198,intervention,0.08112101662683345
30,198,intervention,0.07573165402594371
33,198,intervention,0.03262020275235965
36,198,intervention,6.0641911136066766e-5
39,198,intervention,0.02907254389316919
42,198,intervention,0.02993253593758018
45,198,intervention,0.01335289550326005
48,198,intervention,0.03241952354966528
0,199,intervention,0.19205455969675533
3,199,intervention,0.17969861336525403
6,199,intervention,0.14814142478214953
9,199,intervention,0.1552270027652257
12,199,intervention,0.13819954761495798
15,199,intervention,0.1205640550825068
18,199,intervention,0.13666959747903457
21,199,intervention,0.09379960891358836
24,199,intervention,0.08029832799344089
27,199,intervention,0.07743469689482528
30,199,intervention,0.05555429847920493
33,199,intervention,0.07026645306181453
36,199,intervention,0.0326980336457478
39,199,intervention,0.02283129366417774
42,199,intervention,0.03807358105993549
45,199,intervention,0.04054648870759768
48,199,intervention,0.04606809690579993
0,2,intervention,0.09530071450861624
3,2,intervention,0.10911940298261504
6,2,intervention,0.07161616652398568
9,2,intervention,0.07167262448500188
12,2,intervention,0.07149710730401372
15,2,intervention,0.05415101162192196
18,2,intervention,0.03652249949612157
21,2,intervention,0.03129554177410756
24,2,intervention,0.03611093302851046
27,2,intervention,-0.00269781108538221
30,2,intervention,0.02564516844954468
33,2,intervention,0.00987936673961613
36,2,intervention,-0.00831286482419045
39,2,intervention,-0.01345283990570604
42,2,intervention,-0.02462761547377293
45,2,intervention,-0.00619705928667345
48,2,intervention,-0.00920311678237289
0,20,intervention,0.1356851508411563
3,20,intervention,0.09704959408987308
6,20,intervention,0.08878565284794064
9,20,intervention,0.09202121856039476
12,20,intervention,0.08854123562991727
15,20,intervention,0.07040738306336403
18,20,intervention,0.0497770863285602
21,20,intervention,0.05563630107563366
24,20,intervention,0.07839644366470452
27,20,intervention,0.02319737278350331
30,20,intervention,0.03812748843312005
33,20,intervention,0.00776889230230756
36,20,intervention,-0.00800201243659402
39,20,intervention,-0.01070631914509272
42,20,intervention,-0.00340756078846379
45,20,intervention,-0.0226302781284126
48,20,intervention,-0.01628753028351559
0,200,intervention,0.07784849998398119
3,200,intervention,0.08984804832223672
6,200,intervention,0.06648138586970342
9,200,intervention,0.06661626593858219
12,200,intervention,0.04731067489064105
15,200,intervention,0.04165190145277187
18,200,intervention,0.01371390212801729
21,200,intervention,0.01765995331377871
24,200,intervention,0.02462825903014228
27,200,intervention,0.0190665872471272
30,200,intervention,-0.01390423075091237
33,200,intervention,-0.00827442316707765
36,200,intervention,-0.02494411828280463
39,200,intervention,-0.02880275578482615
42,200,intervention,-0.0122572017343888
45,200,intervention,0.00268835516786502
48,200,intervention,-0.00502512655535484
0,21,intervention,0.12885465886223998
3,21,intervention,0.10711951627171208
6,21,intervention,0.09365675104400224
9,21,intervention,0.08545978491128604
12,21,intervention,0.06623480321445574
15,21,intervention,0.08458047298177637
18,21,intervention,0.02837835854652199
21,21,intervention,0.0512964821804542
24,21,intervention,0.07599346880564208
27,21,intervention,0.0319542720676297
30,21,intervention,0.02038161943373707
33,21,intervention,-0.01513582694978916
36,21,intervention,-0.01249434643633303
39,21,intervention,-0.012750677404738
42,21,intervention,-0.00784521460087147
45,21,intervention,-0.00323274660913133
48,21,intervention,0.00524596538462177
0,22,intervention,0.35277412358149657
3,22,intervention,0.28910887873956054
6,22,intervention,0.26152431973742796
9,22,intervention,0.27674854987286146
12,22,intervention,0.19246089953702267
15,22,intervention,0.1777880079952737
18,22,intervention,0.1604917648550058
21,22,intervention,0.14378103074692286
24,22,intervention,0.10644375487035876
27,22,intervention,0.05727061375180438
30,22,intervention,0.04400441472108303
33,22,intervention,0.01167394483349032
36,22,intervention,0.0066535177980265
39,22,intervention,-0.02405227843077394
42,22,intervention,-0.02161460389844109
45,22,intervention,-0.03530855017687738
48,22,intervention,-0.0355916166152873
0,23,intervention,0.12938840282241046
3,23,intervention,0.10713207453095902
6,23,intervention,0.11568771132090797
9,23,intervention,0.07368977042042801
12,23,intervention,0.07351647323750168
15,23,intervention,0.05770351525850989
18,23,intervention,0.04901597722574368
21,23,intervention,0.04939878257299969
24,23,intervention,0.02355271856343114
27,23,intervention,0.01613809232021835
30,23,intervention,0.01537594001115957
33,23,intervention,0.01069505393704172
36,23,intervention,-0.02857753635484995
39,23,intervention,0.0017644742857684
42,23,intervention,-0.01340898523797002
45,23,intervention,-0.00459640688331519
48,23,intervention,-0.021536250174549
0,24,intervention,0.2346123863895921
3,24,intervention,0.2418062858254924
6,24,intervention,0.18082032024522063
9,24,intervention,0.17568663392026462
12,24,intervention,0.15355234360820322
15,24,intervention,0.13424614152116443
18,24,intervention,0.08945509405485931
21,24,intervention,0.07279201480989161
24,24,intervention,0.07363464100866768
27,24,intervention,0.02907532097100059
30,24,intervention,0.01566933572135679
33,24,intervention,0.0078594180941132
36,24,intervention,-0.01776054274265208
39,24,intervention,-0.00704166347784958
42,24,intervention,0.0196830990342659
45,24,intervention,-0.00725686243733075
48,24,intervention,0.02170678694051973
0,26,intervention,0.16629750195366486
3,26,intervention,0.1239962649530703
6,26,intervention,0.10540205985804632
9,26,intervention,0.09812058171766534
12,26,intervention,0.07965567040949151
15,26,intervention,0.08343328125046881
18,26,intervention,0.07711493173397718
21,26,intervention,0.05563186846946993
24,26,intervention,0.02689210831963039
27,26,intervention,0.00328296735467563
30,26,intervention,-0.00664993097758823
33,26,intervention,-0.01656542222012437
36,26,intervention,-0.02945314730684818
39,26,intervention,-0.04640917472508402
42,26,intervention,-0.02380855119128994
45,26,intervention,-0.04289916473389272
48,26,intervention,-0.03700568452916131
0,27,intervention,0.17975999342103255
3,27,intervention,0.17923742786294364
6,27,intervention,0.16706315202976127
9,27,intervention,0.13977701934721554
12,27,intervention,0.10652583774183248
15,27,intervention,0.07212144202310437
18,27,intervention,0.05484861565133731
21,27,intervention,0.0569584922770435
24,27,intervention,0.05836344210689682
27,27,intervention,0.01952761221380845
30,27,intervention,-0.00101079520835012
33,27,intervention,-0.02078741610855537
36,27,intervention,-0.05850272728772369
39,27,intervention,-0.05741211777803364
42,27,intervention,-0.02171707872298845
45,27,intervention,-0.03728446390109891
48,27,intervention,-0.04725224968448597
0,28,intervention,0.3265533332371913
3,28,intervention,0.299724974219041
6,28,intervention,0.27791545404269336
9,28,intervention,0.23668262098337903
12,28,intervention,0.24566831260871497
15,28,intervention,0.15736746681290925
18,28,intervention,0.15530320342543402
21,28,intervention,0.14159292843633953
24,28,intervention,0.11877192483170138
27,28,intervention,0.08587011350908896
30,28,intervention,0.05896001762163377
33,28,intervention,0.01111100937249598
36,28,intervention,-0.00253561120993833
39,28,intervention,-0.00545747140957138
42,28,intervention,0.01509118150933584
45,28,intervention,0.00345674330827953
48,28,intervention,0.0102603128633498
0,29,intervention,0.07338786826290306
3,29,intervention,0.0475569680830753
6,29,intervention,0.03889006222514816
9,29,intervention,0.03457385759428521
12,29,intervention,0.03589901059078051
15,29,intervention,0.03821868756219178
18,29,intervention,0.02074211271989762
21,29,intervention,0.01986699839794946
24,29,intervention,0.01554177019623927
27,29,intervention,0.01607405284418345
30,29,intervention,-0.00108636956118453
33,29,intervention,0.00959828519910549
36,29,intervention,0.00310208627373148
39,29,intervention,0.00615121008358234
42,29,intervention,-0.00309860688463738
45,29,intervention,0.00430226420548862
48,29,intervention,-6.1378698071709e-4
0,3,intervention,0.3436742297688205
3,3,intervention,0.34145037767921566
6,3,intervention,0.31618191005136786
9,3,intervention,0.3120813800023416
12,3,intervention,0.25882162351392607
15,3,intervention,0.21726427427458145
18,3,intervention,0.21947231104000745
21,3,intervention,0.13973425738490625
24,3,intervention,0.16579362553872395
27,3,intervention,0.1262932951200434
30,3,intervention,0.0971523451888744
33,3,intervention,0.0710023448141613
36,3,intervention,0.03491974081493148
39,3,intervention,0.04102707297925075
42,3,intervention,0.03197973546265915
45,3,intervention,0.02856774838553415
48,3,intervention,0.03116406758877486
0,30,intervention,0.09966030236802394
3,30,intervention,0.10253947008779107
6,30,intervention,0.10060423015264258
9,30,intervention,0.06270797975884837
12,30,intervention,0.07135156497329352
15,30,intervention,0.04977482928202189
18,30,intervention,0.04987834686325802
21,30,intervention,0.04593574162942258
24,30,intervention,0.01278278554910355
27,30,intervention,0.02278994745127774
30,30,intervention,0.00816679072945579
33,30,intervention,-0.01421322411576748
36,30,intervention,-0.0124033647069258
39,30,intervention,-0.02625217979494914
42,30,intervention,-0.03698135078889969
45,30,intervention,-0.01912109950796852
48,30,intervention,-0.0227286748840597
0,31,intervention,0.23707667496628143
3,31,intervention,0.23111331643189564
6,31,intervention,0.22310290168964483
9,31,intervention,0.19151492121100977
12,31,intervention,0.16829176401744694
15,31,intervention,0.12918806880052316
18,31,intervention,0.12972147097587494
21,31,intervention,0.10373792293360644
24,31,intervention,0.10663836377219994
27,31,intervention,0.07207217340015795
30,31,intervention,0.02635191525239497
33,31,intervention,-0.01869963460525573
36,31,intervention,-0.04784103891171965
39,31,intervention,-0.02323041363262613
42,31,intervention,-0.02369592244468456
45,31,intervention,-0.05736575849470873
48,31,intervention,-0.02662849324755853
0,32,intervention,0.3053270908029541
3,32,intervention,0.3128020843573644
6,32,intervention,0.2624600097171256
9,32,intervention,0.21582940648605872
12,32,intervention,0.2117634119951543
15,32,intervention,0.19353775614497631
18,32,intervention,0.21414775473838665
21,32,intervention,0.17378436310774167
24,32,intervention,0.12279781451617532
27,32,intervention,0.10658153543945316
30,32,intervention,0.0678103906802073
33,32,intervention,0.04145990051433979
36,32,intervention,0.03900377727208682
39,32,intervention,0.04472167244786288
42,32,intervention,0.01189945353186985
45,32,intervention,0.02728891340679643
48,32,intervention,0.02662156132077469
0,33,intervention,0.09948332265784177
3,33,intervention,0.08719749048645671
6,33,intervention,0.07536609608564832
9,33,intervention,0.09282757809224051
12,33,intervention,0.035894729044566
15,33,intervention,0.03728565976529408
18,33,intervention,0.04346676461138136
21,33,intervention,0.0441533062361397
24,33,intervention,0.01343679761971983
27,33,intervention,0.0273567366644253
30,33,intervention,0.02082275397495861
33,33,intervention,-0.00995607121859181
36,33,intervention,3.7763440514312e-4
39,33,intervention,-0.01061684959946914
42,33,intervention,-0.01746636237018078
45,33,intervention,-0.01583455801785691
48,33,intervention,-0.0170084421152587
0,34,intervention,0.24284843961823344
3,34,intervention,0.2120086374448613
6,34,intervention,0.23044695792432124
9,34,intervention,0.1771346645083025
12,34,intervention,0.1427689374861695
15,34,intervention,0.10045808240246452
18,34,intervention,0.07563030531673295
21,34,intervention,0.06954965224656098
24,34,intervention,0.02447050827633587
27,34,intervention,0.0606623231782309
30,34,intervention,0.00842470523088087
33,34,intervention,-0.01209430926550448
36,34,intervention,-0.02258619864665959
39,34,intervention,-0.02871640888875444
42,34,intervention,-0.034881473540464
45,34,intervention,-0.03348320756207106
48,34,intervention,-0.02301463755595557
0,35,intervention,0.13335029586820615
3,35,intervention,0.1257812435173949
6,35,intervention,0.13336952302842653
9,35,intervention,0.1253385913108784
12,35,intervention,0.07373353765990849
15,35,intervention,0.10684036522032692
18,35,intervention,0.0767405417547882
21,35,intervention,0.08127047596970936
24,35,intervention,0.02360332794393613
27,35,intervention,0.04792586484720712
30,35,intervention,0.0365428149657625
33,35,intervention,0.0191700177254036
36,35,intervention,-0.01312855554526468
39,35,intervention,0.00116017290085472
42,35,intervention,0.01787162388679384
45,35,intervention,0.01843727471103806
48,35,intervention,0.00576459757061834
0,36,intervention,0.3786540509952639
3,36,intervention,0.3448434865272887
6,36,intervention,0.3606584213717632
9,36,intervention,0.3052330738988347
12,36,intervention,0.2718522287135982
15,36,intervention,0.2189728162340645
18,36,intervention,0.2141452144308581
21,36,intervention,0.1820169188549054
24,36,intervention,0.14853955514806358
27,36,intervention,0.0975188185366446
30,36,intervention,0.09708600583931348
33,36,intervention,0.03500743496531729
36,36,intervention,0.02582688569949325
39,36,intervention,0.04022908590967762
42,36,intervention,0.03858783414934506
45,36,intervention,0.00624675558538006
48,36,intervention,-0.00560113985223561
0,37,intervention,0.13539315883841038
3,37,intervention,0.14777766929291125
6,37,intervention,0.13798347162603475
9,37,intervention,0.10683343546633713
12,37,intervention,0.09417532784544123
15,37,intervention,0.11141681498750368
18,37,intervention,0.06024684645439773
21,37,intervention,0.06028047622413805
24,37,intervention,0.04579211467120089
27,37,intervention,0.0687694372027988
30,37,intervention,0.04387635206853498
33,37,intervention,0.02327047325847259
36,37,intervention,0.0291445975692345
39,37,intervention,0.03074245956489274
42,37,intervention,0.02581991641814917
45,37,intervention,0.01091612715613001
48,37,intervention,0.02340563480309038
0,38,intervention,0.19316727997902783
3,38,intervention,0.1467918702649144
6,38,intervention,0.14552941952933576
9,38,intervention,0.13177423661743456
12,38,intervention,0.14330979806899616
15,38,intervention,0.10428210452281904
18,38,intervention,0.09804130640014834
21,38,intervention,0.06768998596102754
24,38,intervention,0.05088685665162692
27,38,intervention,0.05819031772437475
30,38,intervention,0.04533293008049573
33,38,intervention,0.02151152535459737
36,38,intervention,0.02022542054710939
39,38,intervention,0.00812419399348067
42,38,intervention,0.02843020051689325
45,38,intervention,0.03235324798732703
48,38,intervention,0.02577575095184997
0,39,intervention,0.12257330937691405
3,39,intervention,0.07526158884969118
6,39,intervention,0.07604689003073366
9,39,intervention,0.05499968872019146
12,39,intervention,0.04971316078046971
15,39,intervention,0.03541286133578978
18,39,intervention,0.03642815417958055
21,39,intervention,0.03155672535725113
24,39,intervention,0.01735395156663881
27,39,intervention,-0.00493588603188468
30,39,intervention,0.01134510162617738
33,39,intervention,-0.00470879149249986
36,39,intervention,-0.00768572938303355
39,39,intervention,-0.01283131131549245
42,39,intervention,-0.02064587005167513
45,39,intervention,-0.02960890054985964
48,39,intervention,-0.01895973902963833
0,4,intervention,0.07247447911406751
3,4,intervention,0.06773255122040074
6,4,intervention,0.06345175550041064
9,4,intervention,0.07654089213588079
12,4,intervention,0.04492146581445983
15,4,intervention,0.04134990051433954
18,4,intervention,0.02401298631767267
21,4,intervention,0.01419815367658481
24,4,intervention,0.00603579283871611
27,4,intervention,0.00490148380735548
30,4,intervention,-0.00130629713476381
33,4,intervention,-0.02003529815434582
36,4,intervention,-0.02043740131409186
39,4,intervention,-0.02628885369604786
42,4,intervention,-0.01553685139591744
45,4,intervention,-0.02522582937726106
48,4,intervention,-0.01933714642464098
0,40,intervention,0.14257214254119116
3,40,intervention,0.1403500038976397
6,40,intervention,0.15314274228892108
9,40,intervention,0.1354064803253276
12,40,intervention,0.10107517862196522
15,40,intervention,0.13161614340837552
18,40,intervention,0.08534255307102538
21,40,intervention,0.08565213127801652
24,40,intervention,0.08925481375246079
27,40,intervention,0.06524097407607486
30,40,intervention,0.05581986270058563
33,40,intervention,0.04987257534707517
36,40,intervention,0.0397465160951101
39,40,intervention,0.03369289471598144
42,40,intervention,0.02028922877116493
45,40,intervention,0.0196622098409572
48,40,intervention,0.02781509767022465
0,41,intervention,0.11276326066491502
3,41,intervention,0.1311947933936843
6,41,intervention,0.10879398908102032
9,41,intervention,0.11573491788387524
12,41,intervention,0.10821796773202802
15,41,intervention,0.09425043918022916
18,41,intervention,0.0787923650071229
21,41,intervention,0.0632521799466106
24,41,intervention,0.08595991376723681
27,41,intervention,0.04948447235285755
30,41,intervention,0.03223566066152793
33,41,intervention,0.02728041440453738
36,41,intervention,0.01763611409615344
39,41,intervention,0.01506882279193962
42,41,intervention,0.02505461112028231
45,41,intervention,0.02736115338400804
48,41,intervention,0.03428787186056961
0,42,intervention,0.21135491543289792
3,42,intervention,0.16374556432575058
6,42,intervention,0.17709552943209247
9,42,intervention,0.1521514532997526
12,42,intervention,0.12317744374811382
15,42,intervention,0.1197351632731428
18,42,intervention,0.08820456289960807
21,42,intervention,0.05285124097766995
24,42,intervention,0.05416922030431749
27,42,intervention,0.01799815347736626
30,42,intervention,0.02380814119669768
33,42,intervention,-0.01413497122803656
36,42,intervention,-0.024960623230062758
39,42,intervention,-0.02607209552045495
42,42,intervention,-0.04520559171883913
45,42,intervention,-0.02646884344306473
48,42,intervention,-0.03659329880211875
0,43,intervention,0.17616515744327657
3,43,intervention,0.15292019092422202
6,43,intervention,0.18619389188753693
9,43,intervention,0.1475690877750926
12,43,intervention,0.13905905521633533
15,43,intervention,0.11485020033802384
18,43,intervention,0.11926660718327704
21,43,intervention,0.09941169659422563
24,43,intervention,0.03220000240275635
27,43,intervention,0.03070830953978596
30,43,intervention,0.04456693359059232
33,43,intervention,0.03722597516858813
36,43,intervention,0.0010955416963929
39,43,intervention,0.00151154515872919
42,43,intervention,0.03213594614785908
45,43,intervention,0.00680529212949254
48,43,intervention,0.0075902477659843
0,44,intervention,0.1829710719278611
3,44,intervention,0.15519277185430952
6,44,intervention,0.1523634216369446
9,44,intervention,0.11637511613457784
12,44,intervention,0.13183633178061815
15,44,intervention,0.12116575418449352
18,44,intervention,0.09982747902720383
21,44,intervention,0.0965576970090409
24,44,intervention,0.09644326575262148
27,44,intervention,0.06365765882151268
30,44,intervention,0.03463416919535665
33,44,intervention,0.02645286376162283
36,44,intervention,0.00808560539882633
39,44,intervention,0.00994021282369973
42,44,intervention,-0.00153757174715545
45,44,intervention,0.01333491922616376
48,44,intervention,0.00994927269785891
0,45,intervention,0.21886886351984505
3,45,intervention,0.21120626473082924
6,45,intervention,0.20474142197345463
9,45,intervention,0.17600383861697724
12,45,intervention,0.1666552576950007
15,45,intervention,0.14093348814278328
18,45,intervention,0.06758553432474873
21,45,intervention,0.09375046512782095
24,45,intervention,0.1016857120230764
27,45,intervention,0.04047588530699243
30,45,intervention,0.01038427291258026
33,45,intervention,9.5817243208489e-4
36,45,intervention,-0.03020316099317065
39,45,intervention,-0.0099173486711165
42,45,intervention,-0.02424231180753686
45,45,intervention,-0.00784216587069274
48,45,intervention,-0.02313983808429172
0,46,intervention,0.14644822061457904
3,46,intervention,0.08801835622562534
6,46,intervention,0.08274883821648099
9,46,intervention,0.1086249078486079
12,46,intervention,0.0494354487352831
15,46,intervention,0.06176667259828975
18,46,intervention,0.05496889813691872
21,46,intervention,0.05801455269073533
24,46,intervention,0.0334172001354473
27,46,intervention,0.00111768806491542
30,46,intervention,0.00289329541160057
33,46,intervention,-0.03795720514656552
36,46,intervention,-0.04129243072584117
39,46,intervention,-0.03186931756197697
42,46,intervention,-0.03387959133180155
45,46,intervention,-0.04993670514784985
48,46,intervention,-0.04825172984147963
0,47,intervention,0.31876685522007275
3,47,intervention,0.2374307177022857
6,47,intervention,0.2351181847701837
9,47,intervention,0.22627208375138577
12,47,intervention,0.1933275212695161
15,47,intervention,0.1742269722334801
18,47,intervention,0.13055948706153384
21,47,intervention,0.13445908908957965
24,47,intervention,0.08326051846422047
27,47,intervention,0.0623760142817485
30,47,intervention,0.03823191879001404
33,47,intervention,0.00969046367369416
36,47,intervention,-0.03955631410074048
39,47,intervention,-0.01412273878123098
42,47,intervention,-0.03914525500570916
45,47,intervention,-0.04179419850926921
48,47,intervention,-0.01547603363725455
0,48,intervention,0.08619062502797202
3,48,intervention,0.07394630105698316
6,48,intervention,0.07368695798673092
9,48,intervention,0.03366296044588317
12,48,intervention,0.05140908765609395
15,48,intervention,0.04301842322632267
18,48,intervention,0.03276143567023599
21,48,intervention,0.03181467181873609
24,48,intervention,0.0285524127157629
27,48,intervention,0.00876911287037377
30,48,intervention,0.00552197616416567
33,48,intervention,0.01801635052734868
36,48,intervention,0.01132574330000641
39,48,intervention,0.00233090196120748
42,48,intervention,-0.00419021864159664
45,48,intervention,-0.0095129296878475
48,48,intervention,4.638729859426e-4
0,49,intervention,0.23536454401278945
3,49,intervention,0.19348394240025885
6,49,intervention,0.1875382231676984
9,49,intervention,0.16956295504588753
12,49,intervention,0.1304396357799094
15,49,intervention,0.11978011794785648
18,49,intervention,0.10583320194751092
21,49,intervention,0.10475788294320228
24,49,intervention,0.08505694659909291
27,49,intervention,0.0711602427549531
30,49,intervention,0.00928646971114219
33,49,intervention,0.01420827554904921
36,49,intervention,0.00335250328442745
39,49,intervention,-0.00598487902465298
42,49,intervention,0.00303618016268029
45,49,intervention,-0.00297799270242316
48,49,intervention,0.00767795012229867
0,5,intervention,0.10087566088308138
3,5,intervention,0.08678325674419976
6,5,intervention,0.08656845740256192
9,5,intervention,0.06594173842044125
12,5,intervention,0.08419383472926154
15,5,intervention,0.05332522592129408
18,5,intervention,0.04679981121382012
21,5,intervention,0.04013968549953687
24,5,intervention,0.05131685298241335
27,5,intervention,0.03300471465748851
30,5,intervention,-9.0437491348691e-4
33,5,intervention,0.0065097068372795
36,5,intervention,0.00407637737168681
39,5,intervention,-5.6856129380567e-4
42,5,intervention,-0.00233462830937377
45,5,intervention,0.00793654037105027
48,5,intervention,0.00790728757309078
0,50,intervention,0.02693267413095303
3,50,intervention,0.03713839911515872
6,50,intervention,0.03108527388149501
9,50,intervention,0.03427918167083429
12,50,intervention,0.02099791754317586
15,50,intervention,0.00321692583383287
18,50,intervention,0.02059478138249291
21,50,intervention,0.00641908733687419
24,50,intervention,0.00445198747689641
27,50,intervention,-0.00169041754522596
30,50,intervention,-0.00738772908575093
33,50,intervention,-0.00798074959651854
36,50,intervention,-0.01539738008556337
39,50,intervention,-0.00596396425717596
42,50,intervention,-0.01287177146757243
45,50,intervention,-0.01388512266462985
48,50,intervention,-0.01569313172642835
0,51,intervention,0.08486223748234463
3,51,intervention,0.07528792557987161
6,51,intervention,0.07319787675509301
9,51,intervention,0.08224974237500518
12,51,intervention,0.04288540262979652
15,51,intervention,0.03725892034712225
18,51,intervention,0.02166451599781282
21,51,intervention,0.01503485469992488
24,51,intervention,0.01364698783755303
27,51,intervention,0.01710039697294178
30,51,intervention,-0.00505969363332616
33,51,intervention,-0.01149082301132654
36,51,intervention,-0.01884919143195065
39,51,intervention,-0.01946091096580124
42,51,intervention,-0.02221013833225433
45,51,intervention,-0.01723468023471285
48,51,intervention,-0.03257280075992341
0,52,intervention,0.10256541282295815
3,52,intervention,0.1175587054522176
6,52,intervention,0.0993601415570306
9,52,intervention,0.07330895904641684
12,52,intervention,0.07563389625385501
15,52,intervention,0.0512982714830881
18,52,intervention,0.04830598840748779
21,52,intervention,0.04158469988200821
24,52,intervention,0.02357667652676712
27,52,intervention,0.00881120305739473
30,52,intervention,0.00799358953883563
33,52,intervention,-0.00986662632941892
36,52,intervention,-0.02761400374645134
39,52,intervention,-0.02923877671237021
42,52,intervention,-0.02898134781754816
45,52,intervention,-0.03493943980466226
48,52,intervention,-0.0111768762538853
0,53,intervention,0.1796743853580407
3,53,intervention,0.20631337966430033
6,53,intervention,0.15683476016837558
9,53,intervention,0.1152519060341252
12,53,intervention,0.1235454359380634
15,53,intervention,0.0856670671931229
18,53,intervention,0.08099142104201354
21,53,intervention,0.07142680435595126
24,53,intervention,0.08016215220510996
27,53,intervention,0.06773694558132547
30,53,intervention,0.0181797833962873
33,53,intervention,0.00863889895068359
36,53,intervention,0.02097795122757416
39,53,intervention,0.00195899517100958
42,53,intervention,0.00437505008476248
45,53,intervention,0.01323789222333527
48,53,intervention,0.01938547521320573
0,54,intervention,0.14953694142792748
3,54,intervention,0.14670294585629293
6,54,intervention,0.09493986692699331
9,54,intervention,0.08999845706397559
12,54,intervention,0.0896085023359086
15,54,intervention,0.05609686773825496
18,54,intervention,0.02395168441356041
21,54,intervention,0.05891629280526662
24,54,intervention,0.0636287624430991
27,54,intervention,-0.00197947551465355
30,54,intervention,-0.00727038453251261
33,54,intervention,-0.01314027797818807
36,54,intervention,-0.03005249531569271
39,54,intervention,-0.01521454423020068
42,54,intervention,-0.02528725275922607
45,54,intervention,-0.00924083936757913
48,54,intervention,-0.03190990990973618
0,55,intervention,0.07943379081046974
3,55,intervention,0.08346947169044358
6,55,intervention,0.0646065181164354
9,55,intervention,0.04830767691687746
12,55,intervention,0.0319639877516397
15,55,intervention,0.04915011653354737
18,55,intervention,0.03057718116352788
21,55,intervention,0.02097383029882619
24,55,intervention,0.01110524140112339
27,55,intervention,0.02401933061088714
30,55,intervention,0.01695672211921364
33,55,intervention,-0.0041736375415393
36,55,intervention,0.00219588586280719
39,55,intervention,-0.00872095910878794
42,55,intervention,-0.0042166493114453
45,55,intervention,-0.01181607852269218
48,55,intervention,-0.00576131233889153
0,56,intervention,0.26469212968670797
3,56,intervention,0.26621941635106916
6,56,intervention,0.21483855178831257
9,56,intervention,0.23623565065099697
12,56,intervention,0.1604533017701417
15,56,intervention,0.15915124726071933
18,56,intervention,0.1247837045993304
21,56,intervention,0.09933911781354957
24,56,intervention,0.0953710063130104
27,56,intervention,0.07739889331389503
30,56,intervention,0.07659925727729991
33,56,intervention,0.00824385357002985
36,56,intervention,-0.00559614693556741
39,56,intervention,-0.00912543193475307
42,56,intervention,-0.00313715507967744
45,56,intervention,-0.00527815769452113
48,56,intervention,0.00671765316246943
0,57,intervention,0.14625592007031354
3,57,intervention,0.1201650323057042
6,57,intervention,0.10772517388284812
9,57,intervention,0.09497456976809084
12,57,intervention,0.07721017948877204
15,57,intervention,0.07978258158503622
18,57,intervention,0.07751237066775685
21,57,intervention,0.03390224211992099
24,57,intervention,0.0268829294749015
27,57,intervention,0.02981332862103707
30,57,intervention,0.01953516265728986
33,57,intervention,-0.00105369821801116
36,57,intervention,-0.014170286711279
39,57,intervention,-0.01333038170318886
42,57,intervention,-0.01512675572767456
45,57,intervention,-8.3251815600404e-4
48,57,intervention,-0.01295013298766693
0,58,intervention,0.1299904396257161
3,58,intervention,0.10303834081938323
6,58,intervention,0.11423694786209404
9,58,intervention,0.07499861247089704
12,58,intervention,0.09228997975794916
15,58,intervention,0.07188929043496729
18,58,intervention,0.06272637957050832
21,58,intervention,0.05603176644557002
24,58,intervention,0.03332223764982572
27,58,intervention,0.01982906318346264
30,58,intervention,6.4298611822833e-4
33,58,intervention,-0.01102252215400845
36,58,intervention,-0.01219899749913286
39,58,intervention,-0.01525489125649595
42,58,intervention,-0.00615804147381989
45,58,intervention,-0.02393491248972731
48,58,intervention,-0.01502422072845296
0,59,intervention,0.15123748884767554
3,59,intervention,0.14493049916888764
6,59,intervention,0.1423473793804433
9,59,intervention,0.14203266222592265
12,59,intervention,0.12268800007607984
15,59,intervention,0.13347126319702515
18,59,intervention,0.1177324223837078
21,59,intervention,0.0829826318769778
24,59,intervention,0.06749905126468593
27,59,intervention,0.07088821761466484
30,59,intervention,0.05136967109881046
33,59,intervention,0.01964459845672373
36,59,intervention,0.03311578222720321
39,59,intervention,0.02226425427340346
42,59,intervention,0.01598413937127864
45,59,intervention,0.02296078281541705
48,59,intervention,0.02930491994673911
0,6,intervention,0.12926679611611266
3,6,intervention,0.0963097571126993
6,6,intervention,0.08259059105760926
9,6,intervention,0.09722637076187685
12,6,intervention,0.0936154518105766
15,6,intervention,0.08106027250021315
18,6,intervention,0.08652144255304842
21,6,intervention,0.07867811549323539
24,6,intervention,0.04335943735336401
27,6,intervention,0.0540531268882684
30,6,intervention,0.03935882394448714
33,6,intervention,0.02810813615111703
36,6,intervention,0.01109839668863229
39,6,intervention,0.01539457264309106
42,6,intervention,0.01334437555361134
45,6,intervention,0.00689847609415754
48,6,intervention,-0.00229477716027973
0,60,intervention,0.05928649174285023
3,60,intervention,0.06624440732179257
6,60,intervention,0.06370219970464515
9,60,intervention,0.04769675804547532
12,60,intervention,0.04594548616274645
15,60,intervention,0.04496153058805411
18,60,intervention,0.04510909826121528
21,60,intervention,0.02835365159669275
24,60,intervention,0.01286565227819878
27,60,intervention,0.01021716133582447
30,60,intervention,0.00929609021829049
33,60,intervention,-0.0073767072535457
36,60,intervention,0.00955315065176572
39,60,intervention,0.00311463014564742
42,60,intervention,0.01215657526897137
45,60,intervention,0.00890133039652014
48,60,intervention,0.00398900079337159
0,61,intervention,0.09257643484467368
3,61,intervention,0.10243786769462408
6,61,intervention,0.10266394736233717
9,61,intervention,0.06805227226963133
12,61,intervention,0.0651444015008064
15,61,intervention,0.08192148838137006
18,61,intervention,0.08059210754042018
21,61,intervention,0.0221480359010517
24,61,intervention,0.02748758175979141
27,61,intervention,0.00879705578523402
30,61,intervention,0.01334647354460086
33,61,intervention,0.02581143454164688
36,61,intervention,0.00827452376723573
39,61,intervention,-0.01690157404693821
42,61,intervention,0.00489284892281138
45,61,intervention,-0.0025400418107692
48,61,intervention,-0.00663476268286851
0,62,intervention,0.16802914020158877
3,62,intervention,0.14345382835199852
6,62,intervention,0.1011000961333014
9,62,intervention,0.11694459852703692
12,62,intervention,0.08691119535454761
15,62,intervention,0.0870307083340466
18,62,intervention,0.07116365612863583
21,62,intervention,0.04205485830818929
24,62,intervention,0.04547616981792133
27,62,intervention,0.01225562674054199
30,62,intervention,-0.00314279609392137
33,62,intervention,-0.00513413032310369
36,62,intervention,-0.02765499858508534
39,62,intervention,-0.01597053179108467
42,62,intervention,-0.03049705408211688
45,62,intervention,-0.01549232728259607
48,62,intervention,-0.02312353618829471
0,63,intervention,0.11994184218906365
3,63,intervention,0.104361871796334
6,63,intervention,0.10988355282246906
9,63,intervention,0.10529224439322687
12,63,intervention,0.08294238119481721
15,63,intervention,0.08815363919629213
18,63,intervention,0.05864055156544996
21,63,intervention,0.04945100380858336
24,63,intervention,0.0535964865222005
27,63,intervention,0.03919090243496757
30,63,intervention,0.01030943456126517
33,63,intervention,-0.01593865255795593
36,63,intervention,-0.01026728808072912
39,63,intervention,-0.01974293593053679
42,63,intervention,-0.0077391611724939
45,63,intervention,-0.01524217258160355
48,63,intervention,0.00626212378396077
0,64,intervention,0.1868802821851759
3,64,intervention,0.15252319241698556
6,64,intervention,0.15891849111124554
9,64,intervention,0.16364011306691645
12,64,intervention,0.13499938130857833
15,64,intervention,0.08344503242761805
18,64,intervention,0.12244310821892318
21,64,intervention,0.10573696147774052
24,64,intervention,0.0380769994977178
27,64,intervention,0.03623051082353903
30,64,intervention,0.002364300639971
33,64,intervention,-0.0120152460186436
36,64,intervention,-0.03195206303148908
39,64,intervention,-0.01638006089911638
42,64,intervention,-0.00162655743604141
45,64,intervention,-0.01604577132345959
48,64,intervention,-0.01985300023865049
0,65,intervention,0.17943740040247205
3,65,intervention,0.162810487178358
6,65,intervention,0.18272641234019377
9,65,intervention,0.15843928776056276
12,65,intervention,0.12129966658184271
15,65,intervention,0.0924905790145024
18,65,intervention,0.10980102864845892
21,65,intervention,0.08265539773699634
24,65,intervention,0.06453270928961938
27,65,intervention,0.0378978497413276
30,65,intervention,0.01105092452624011
33,65,intervention,0.00240406524425076
36,65,intervention,-0.01814427003159966
39,65,intervention,-0.0204401679209147
42,65,intervention,0.01239750109782399
45,65,intervention,-0.01432705801069925
48,65,intervention,-0.0095915350004745
0,66,intervention,0.11186461117439776
3,66,intervention,0.0907703974018882
6,66,intervention,0.08198272009116321
9,66,intervention,0.08280985044715726
12,66,intervention,0.07309320957039926
15,66,intervention,0.05959556040859529
18,66,intervention,0.05793630423563735
21,66,intervention,0.04788248535510547
24,66,intervention,0.01783430585089402
27,66,intervention,0.02390918260009341
30,66,intervention,0.0072667236039621
33,66,intervention,3.4011829295369e-4
36,66,intervention,0.00273814226446372
39,66,intervention,0.00192741604726124
42,66,intervention,-0.00337020433823328
45,66,intervention,-0.00777585877864955
48,66,intervention,-0.00664085409871983
0,67,intervention,0.2299668489812789
3,67,intervention,0.2034832694245444
6,67,intervention,0.2043189070524554
9,67,intervention,0.17283364913451324
12,67,intervention,0.1707888063317412
15,67,intervention,0.14798953117803557
18,67,intervention,0.1170380758842982
21,67,intervention,0.10518026130710408
24,67,intervention,0.13325483003709676
27,67,intervention,0.06042707531013901
30,67,intervention,0.0528433963661333
33,67,intervention,0.0303511436016683
36,67,intervention,0.01073337310345744
39,67,intervention,0.03323824025076159
42,67,intervention,0.01405075376620313
45,67,intervention,0.03424831989842038
48,67,intervention,0.02326306430349276
0,68,intervention,0.21302201474342788
3,68,intervention,0.17960046400347637
6,68,intervention,0.19122970153168492
9,68,intervention,0.21868033203075704
12,68,intervention,0.13176742232465932
15,68,intervention,0.15170501073150577
18,68,intervention,0.11440005705640272
21,68,intervention,0.11112287363626126
24,68,intervention,0.09708840006020655
27,68,intervention,0.0445759085302891
30,68,intervention,0.068456021912705875
33,68,intervention,0.01760480859802393
36,68,intervention,-7.8499541265001e-4
39,68,intervention,4.5786323301551e-4
42,68,intervention,0.01879831494422163
45,68,intervention,-0.00562520989922417
48,68,intervention,0.00511871989086672
0,69,intervention,0.3989526049664076
3,69,intervention,0.3422518477846032
6,69,intervention,0.3334063518666993
9,69,intervention,0.2788334040146489
12,69,intervention,0.2442236543601916
15,69,intervention,0.21767801232248277
18,69,intervention,0.23225078985807368
21,69,intervention,0.20240251746844273
24,69,intervention,0.15771956876351992
27,69,intervention,0.1236748018640917
30,69,intervention,0.0938369879684406
33,69,intervention,0.05663843150694736
36,69,intervention,0.04731245980657651
39,69,intervention,0.06046646994375029
42,69,intervention,0.02262211897157264
45,69,intervention,0.03398210198566663
48,69,intervention,0.01806881349931493
0,7,intervention,0.08100056563279572
3,7,intervention,0.09164334359246572
6,7,intervention,0.09939490676378644
9,7,intervention,0.05780704014093639
12,7,intervention,0.07868038051375909
15,7,intervention,0.04911163932968012
18,7,intervention,0.08326962023734252
21,7,intervention,0.05032051765421583
24,7,intervention,0.03714215970780394
27,7,intervention,0.03438028422089211
30,7,intervention,0.03934192070379101
33,7,intervention,0.03273221699227834
36,7,intervention,0.00836622521710488
39,7,intervention,0.02561946144915134
42,7,intervention,0.01682037142940322
45,7,intervention,0.00816196986649115
48,7,intervention,-0.00456802606158666
0,70,intervention,0.11271781182033712
3,70,intervention,0.0870250028953635
6,70,intervention,0.08794650499894939
9,70,intervention,0.09295128789890313
12,70,intervention,0.07152169617043898
15,70,intervention,0.07226285268194019
18,70,intervention,0.05160806491174934
21,70,intervention,0.0486063076099402
24,70,intervention,0.05063025501178526
27,70,intervention,0.02650665932786413
30,70,intervention,0.04825436756215339
33,70,intervention,0.01520697212211652
36,70,intervention,0.02546050700652541
39,70,intervention,0.00859339128677886
42,70,intervention,0.02412077756269753
45,70,intervention,0.02106525219585476
48,70,intervention,0.01596958205689747
0,72,intervention,0.12075501582654775
3,72,intervention,0.08883319110174447
6,72,intervention,0.0835842007367652
9,72,intervention,0.0936014463861846
12,72,intervention,0.08401914249489448
15,72,intervention,0.08017244231758146
18,72,intervention,0.05696469342189201
21,72,intervention,0.06634740890314027
24,72,intervention,0.0566269902444259
27,72,intervention,0.02867266084988894
30,72,intervention,0.0319106220036998
33,72,intervention,0.00962793715912399
36,72,intervention,0.02489672514048524
39,72,intervention,0.03767523810282459
42,72,intervention,0.00170313614985439
45,72,intervention,0.01149310038365611
48,72,intervention,0.01926299594286458
0,73,intervention,0.27950464946416936
3,73,intervention,0.2713664282405883
6,73,intervention,0.2705058749269101
9,73,intervention,0.2264705374790247
12,73,intervention,0.1976362231381562
15,73,intervention,0.17265684246082383
18,73,intervention,0.1481170880220211
21,73,intervention,0.11462195508369484
24,73,intervention,0.06597603992093404
27,73,intervention,0.04692351045085517
30,73,intervention,0.0256115754333322
33,73,intervention,0.02384844895315463
36,73,intervention,-0.04589978900294877
39,73,intervention,-0.04959977061194398
42,73,intervention,-0.06336988057022952
45,73,intervention,-0.01965031552008259
48,73,intervention,-0.05839764956604067
0,74,intervention,0.15632806778547037
3,74,intervention,0.1570378017427594
6,74,intervention,0.1500488491499785
9,74,intervention,0.10188427108281758
12,74,intervention,0.11559399744616726
15,74,intervention,0.12791355707609725
18,74,intervention,0.09510072918468349
21,74,intervention,0.06356830284137566
24,74,intervention,0.05195132811206514
27,74,intervention,0.0588052143392213
30,74,intervention,0.02594922711460715
33,74,intervention,0.01936533948997451
36,74,intervention,0.03296906523431778
39,74,intervention,0.00343093033431154
42,74,intervention,0.03007087742746182
45,74,intervention,0.01090788401940246
48,74,intervention,0.01559352399974473
0,75,intervention,0.26658183184387557
3,75,intervention,0.28407030504891745
6,75,intervention,0.24184511759524455
9,75,intervention,0.2273609479820835
12,75,intervention,0.2227140333389196
15,75,intervention,0.18318460608218193
18,75,intervention,0.18997177117844544
21,75,intervention,0.18237687925156457
24,75,intervention,0.1276015385667117
27,75,intervention,0.06736309204722389
30,75,intervention,0.07605903455136141
33,75,intervention,0.03000189942851069
36,75,intervention,-0.00711022950854854
39,75,intervention,0.02351626569798831
42,75,intervention,0.05687460793828222
45,75,intervention,0.00988494162560407
48,75,intervention,0.014819257157468
0,76,intervention,0.1324881909278767
3,76,intervention,0.12978005718451682
6,76,intervention,0.08712662143751558
9,76,intervention,0.10146119490969054
12,76,intervention,0.06709276664650858
15,76,intervention,0.08918892979039857
18,76,intervention,0.05823002899354606
21,76,intervention,0.04350969265891205
24,76,intervention,0.05244749057920899
27,76,intervention,0.03043539147358779
30,76,intervention,0.00651491362765699
33,76,intervention,0.00434657319082182
36,76,intervention,-0.00559593871244092
39,76,intervention,-0.01978258493514072
42,76,intervention,-0.02435925423199762
45,76,intervention,-0.00781756829697103
48,76,intervention,-0.01338362394282246
0,77,intervention,0.22226558292917645
3,77,intervention,0.20602032493926728
6,77,intervention,0.16505507612108627
9,77,intervention,0.14916721142209696
12,77,intervention,0.1235884980325488
15,77,intervention,0.10924457484144826
18,77,intervention,0.08681833779810358
21,77,intervention,0.08647867678734832
24,77,intervention,0.08099145725748759
27,77,intervention,0.01897013512015397
30,77,intervention,0.02408686611119363
33,77,intervention,-0.00400385182998883
36,77,intervention,-0.0272017401194948
39,77,intervention,-0.02051379907148824
42,77,intervention,-0.02645636696110519
45,77,intervention,-0.01880541788512071
48,77,intervention,-0.00320109274479596
0,78,intervention,0.0695991532659006
3,78,intervention,0.09922390586714304
6,78,intervention,0.03746030536041395
9,78,intervention,0.05715600763388537
12,78,intervention,0.04580092582974553
15,78,intervention,0.02730775837573309
18,78,intervention,0.02500169647579435
21,78,intervention,0.00651596200099938
24,78,intervention,0.03331581124305145
27,78,intervention,0.00183663114566387
30,78,intervention,-0.00957808664257928
33,78,intervention,-0.01192931699044618
36,78,intervention,-0.01583515529767899
39,78,intervention,-0.01396615322686045
42,78,intervention,-0.00671267146453458
45,78,intervention,-0.03332334084169681
48,78,intervention,-0.02057552023639228
0,79,intervention,0.1244076849727641
3,79,intervention,0.11594840411540948
6,79,intervention,0.1011821653050506
9,79,intervention,0.09429409018281172
12,79,intervention,0.10118634735838712
15,79,intervention,0.07527342102047997
18,79,intervention,0.09258187740642557
21,79,intervention,0.06884736629453038
24,79,intervention,0.06777493870782521
27,79,intervention,0.03618886750531443
30,79,intervention,0.04024193265131281
33,79,intervention,0.02855721173570447
36,79,intervention,0.01661249685016189
39,79,intervention,0.02816921034648421
42,79,intervention,0.0093702641042919
45,79,intervention,-0.00109924875664768
48,79,intervention,0.01636370283272355
0,8,intervention,0.10495260408509464
3,8,intervention,0.10634722008662396
6,8,intervention,0.08829984336847367
9,8,intervention,0.06177417485069059
12,8,intervention,0.04945049794888566
15,8,intervention,0.05627366240771459
18,8,intervention,0.04271734720957176
21,8,intervention,0.0282331028448333
24,8,intervention,0.02169871655570707
27,8,intervention,0.03095958960063357
30,8,intervention,0.01722045945215589
33,8,intervention,0.00895131469415778
36,8,intervention,-0.00827129594459928
39,8,intervention,0.00225687682552576
42,8,intervention,-0.00415746190669141
45,8,intervention,-0.00264982424223148
48,8,intervention,-0.0088753493091843
0,80,intervention,0.11056638412458894
3,80,intervention,0.0896900063685892
6,80,intervention,0.0860215954435087
9,80,intervention,0.09775118780208916
12,80,intervention,0.10344075932442708
15,80,intervention,0.03994631603207661
18,80,intervention,0.05844441040312945
21,80,intervention,0.04006703650768949
24,80,intervention,0.02408250129557567
27,80,intervention,0.01696916429315554
30,80,intervention,0.00172613957089616
33,80,intervention,-0.00576280764568302
36,80,intervention,-0.01215695891209581
39,80,intervention,-0.009601245738178
42,80,intervention,-0.01277701188356999
45,80,intervention,-0.00721463804435021
48,80,intervention,-0.01931124677519217
0,81,intervention,0.1952200394153661
3,81,intervention,0.2073652170645585
6,81,intervention,0.1766138427758919
9,81,intervention,0.18226110309263188
12,81,intervention,0.1472217269164562
15,81,intervention,0.12743184786264472
18,81,intervention,0.10266429495658372
21,81,intervention,0.1192470080101242
24,81,intervention,0.07892798547573954
27,81,intervention,0.05717233043760084
30,81,intervention,0.03627210359887568
33,81,intervention,0.02491114045024213
36,81,intervention,0.01719968600351932
39,81,intervention,0.00203539478554147
42,81,intervention,-0.01692366022592195
45,81,intervention,0.01380909412694375
48,81,intervention,0.01903276270665264
0,82,intervention,0.08228452133604638
3,82,intervention,0.08841994096402284
6,82,intervention,0.06969086811905212
9,82,intervention,0.0598473974065465
12,82,intervention,0.02441902060233698
15,82,intervention,0.05274837471347077
18,82,intervention,0.05232469509901032
21,82,intervention,0.04164210342273741
24,82,intervention,0.01902419244658848
27,82,intervention,0.04494547135429111
30,82,intervention,0.00295000117379411
33,82,intervention,-0.00448183758728132
36,82,intervention,-0.02072419564206653
39,82,intervention,-0.01891874048810981
42,82,intervention,-0.01280222636564234
45,82,intervention,-0.01563493239366251
48,82,intervention,-0.01420120937144472
0,83,intervention,0.3119469473754478
3,83,intervention,0.28099468900046426
6,83,intervention,0.22376434068310555
9,83,intervention,0.1906546171921746
12,83,intervention,0.22288559171213185
15,83,intervention,0.17352785569386717
18,83,intervention,0.179407762306673
21,83,intervention,0.09601371718530032
24,83,intervention,0.1254778412606798
27,83,intervention,0.09763344356581688
30,83,intervention,0.07820941275530462
33,83,intervention,0.04641791007446334
36,83,intervention,0.01261653540756434
39,83,intervention,0.01430144085912531
42,83,intervention,0.00242675575708904
45,83,intervention,0.02215251402982614
48,83,intervention,0.05005892215805051
0,84,intervention,0.14138284047603011
3,84,intervention,0.1836146083918107
6,84,intervention,0.14780095749719818
9,84,intervention,0.14957326888503492
12,84,intervention,0.12690761131799785
15,84,intervention,0.0678416412222973
18,84,intervention,0.09450479245784102
21,84,intervention,0.06558773842811204
24,84,intervention,0.0680354271169977
27,84,intervention,0.03584541481425887
30,84,intervention,0.03392811246108435
33,84,intervention,0.00368941809196514
36,84,intervention,0.0147695714776916
39,84,intervention,-0.01331798297877917
42,84,intervention,-0.0249776942945636
45,84,intervention,-0.00244361274234139
48,84,intervention,-0.00450642064352325
0,85,intervention,0.1426619378669763
3,85,intervention,0.16981769823313594
6,85,intervention,0.13690259313596026
9,85,intervention,0.11480505275977786
12,85,intervention,0.10611371304111944
15,85,intervention,0.08908683552842094
18,85,intervention,0.09656060962928534
21,85,intervention,0.07765482493912636
24,85,intervention,0.06705113520719966
27,85,intervention,0.05827974605035968
30,85,intervention,0.04703255189968954
33,85,intervention,0.0160459923011703
36,85,intervention,0.00997467702860998
39,85,intervention,8.3989431045642e-4
42,85,intervention,0.03448470526886575
45,85,intervention,0.02170163909318022
48,85,intervention,0.02077924423277037
0,86,intervention,0.07327488174617029
3,86,intervention,0.12014156882669814
6,86,intervention,0.08714602617536928
9,86,intervention,0.06560959641441909
12,86,intervention,0.07920297429772177
15,86,intervention,0.03560440608833463
18,86,intervention,0.02515408043753012
21,86,intervention,0.03720599022995462
24,86,intervention,0.03163608074383739
27,86,intervention,0.04332942881770803
30,86,intervention,0.02811617703560295
33,86,intervention,-0.00567792208652145
36,86,intervention,0.00671423855860697
39,86,intervention,-0.00179574196076667
42,86,intervention,0.01018487852494772
45,86,intervention,0.0024498655939676
48,86,intervention,-0.00804313094220113
0,87,intervention,0.09862276814559078
3,87,intervention,0.08183587611122078
6,87,intervention,0.09081496770669777
9,87,intervention,0.09506121545801668
12,87,intervention,0.0896406472473563
15,87,intervention,0.06066638515292644
18,87,intervention,0.0362754152058499
21,87,intervention,0.04182938253571863
24,87,intervention,0.01504156823384133
27,87,intervention,0.01153090210658139
30,87,intervention,0.02911456866907563
33,87,intervention,0.01603531913321827
36,87,intervention,-0.02334807723123794
39,87,intervention,0.01040166254594655
42,87,intervention,-0.0099392885936652
45,87,intervention,-0.00817555191412638
48,87,intervention,-0.0130457885563683
0,88,intervention,0.10219649872502076
3,88,intervention,0.10096211541941204
6,88,intervention,0.10921046064020076
9,88,intervention,0.08662488216490871
12,88,intervention,0.07725494282816427
15,88,intervention,0.06787417837682883
18,88,intervention,0.04611180185892525
21,88,intervention,0.04950673242101355
24,88,intervention,0.04477506836214805
27,88,intervention,0.02775666220911761
30,88,intervention,0.04210617594172054
33,88,intervention,0.01796109200466555
36,88,intervention,0.01776888840126861
39,88,intervention,0.020795746400092
42,88,intervention,0.0096948737252308
45,88,intervention,0.00297192127523252
48,88,intervention,0.00984195670849346
0,89,intervention,0.2992103980749554
3,89,intervention,0.26432588700592524
6,89,intervention,0.2230948724018876
9,89,intervention,0.16494145198370397
12,89,intervention,0.21684602163185004
15,89,intervention,0.22124116889001805
18,89,intervention,0.17027777632215624
21,89,intervention,0.17439251522385446
24,89,intervention,0.1207147755535482
27,89,intervention,0.07372441110249359
30,89,intervention,0.0440272245465662
33,89,intervention,0.0443447698176232
36,89,intervention,0.00278920610930554
39,89,intervention,0.02708476789600017
42,89,intervention,0.00307173912280601
45,89,intervention,0.01598589056595211
48,89,intervention,-0.00541663287951176
0,9,intervention,0.16914444108675497
3,9,intervention,0.1878943079215676
6,9,intervention,0.17056485771214985
9,9,intervention,0.11838376341718734
12,9,intervention,0.1204490729584628
15,9,intervention,0.07881191123114938
18,9,intervention,0.07499755438710978
21,9,intervention,0.06914444385135826
24,9,intervention,0.07332619323723691
27,9,intervention,0.04635495687477245
30,9,intervention,0.03344154480873951
33,9,intervention,0.03596335885975137
36,9,intervention,0.00729218633106307
39,9,intervention,0.00163249455089657
42,9,intervention,0.00305998994563482
45,9,intervention,0.00535569231170471
48,9,intervention,-0.00175751047411175
0,90,intervention,0.09445709953367391
3,90,intervention,0.07468511513577525
6,90,intervention,0.0878351317316891
9,90,intervention,0.0721547355733027
12,90,intervention,0.05697346022472523
15,90,intervention,0.07017916252759589
18,90,intervention,0.04606528893164974
21,90,intervention,0.05191118665856328
24,90,intervention,0.0452078136393404
27,90,intervention,0.03942021428643304
30,90,intervention,0.02711937863489324
33,90,intervention,0.02859827894943572
36,90,intervention,0.01472780226487092
39,90,intervention,0.02691270233517716
42,90,intervention,0.02488044979108857
45,90,intervention,0.03108370767819929
48,90,intervention,0.02487248522934168
0,91,intervention,0.04675519505022488
3,91,intervention,0.07667624042000379
6,91,intervention,0.02645001399843329
9,91,intervention,0.03619175564170227
12,91,intervention,0.02445623553345896
15,91,intervention,0.01837009377198262
18,91,intervention,0.0317551589406934
21,91,intervention,0.01352286018795463
24,91,intervention,0.01703943276093314
27,91,intervention,0.01826378853414034
30,91,intervention,-0.00863212921320594
33,91,intervention,-0.00537485992499304
36,91,intervention,-0.01442965766983003
39,91,intervention,-0.01213343341714588
42,91,intervention,-0.00781934291380192
45,91,intervention,-0.02023503390071124
48,91,intervention,-0.0143891785359637
0,92,intervention,0.2537032384048942
3,92,intervention,0.1968027317555268
6,92,intervention,0.22367642415188116
9,92,intervention,0.2154135212657524
12,92,intervention,0.16422530249015202
15,92,intervention,0.15665312942135773
18,92,intervention,0.126345339131165
21,92,intervention,0.10468142469634872
24,92,intervention,0.06970244398795518
27,92,intervention,0.11944937887885886
30,92,intervention,0.06931479282362554
33,92,intervention,0.04995823019963084
36,92,intervention,0.03588450054562679
39,92,intervention,0.0319002182834532
42,92,intervention,0.04518686517892787
45,92,intervention,0.02862496143550702
48,92,intervention,0.05356116721576408
0,93,intervention,0.1876432241885868
3,93,intervention,0.161839012465057
6,93,intervention,0.14194845506871986
9,93,intervention,0.12296533131985712
12,93,intervention,0.11801405915761017
15,93,intervention,0.09745655752384536
18,93,intervention,0.10843319769339609
21,93,intervention,0.11279993931932572
24,93,intervention,0.07632326316261812
27,93,intervention,0.07388870842459733
30,93,intervention,0.04430942653527248
33,93,intervention,0.02902694698549748
36,93,intervention,0.00805054891418112
39,93,intervention,0.02366548039537207
42,93,intervention,0.02585642836981852
45,93,intervention,0.02214308064491712
48,93,intervention,0.03562149378434323
0,94,intervention,0.12413322716634977
3,94,intervention,0.12465391319890652
6,94,intervention,0.1112442618043458
9,94,intervention,0.08671769705333719
12,94,intervention,0.08993804970308687
15,94,intervention,0.09194461462678732
18,94,intervention,0.03989522683882723
21,94,intervention,0.04232862457613401
24,94,intervention,0.03807869826560673
27,94,intervention,0.0191646622689126
30,94,intervention,0.01316702651412566
33,94,intervention,-0.03558936883993401
36,94,intervention,-0.01181087140402785
39,94,intervention,-0.01303626132234434
42,94,intervention,-0.01212738692111792
45,94,intervention,-0.01683156331032024
48,94,intervention,-0.00911833053588209
0,95,intervention,0.2131431567519658
3,95,intervention,0.19953274235717905
6,95,intervention,0.188400793906397
9,95,intervention,0.14477715866830618
12,95,intervention,0.15780686549658224
15,95,intervention,0.10923970862486514
18,95,intervention,0.09147986602397765
21,95,intervention,0.13633729442986614
24,95,intervention,0.10044654368027944
27,95,intervention,0.05908345584068193
30,95,intervention,0.04225476212095359
33,95,intervention,5.239878582548129e-5
36,95,intervention,-0.00828698846156224
39,95,intervention,0.00287693093480254
42,95,intervention,0.01724675855861241
45,95,intervention,0.02399315943445724
48,95,intervention,-0.00123279520492182
0,96,intervention,0.2324630543013316
3,96,intervention,0.1767878631606827
6,96,intervention,0.16218830769252926
9,96,intervention,0.1800775241247723
12,96,intervention,0.15527057300982516
15,96,intervention,0.15149004697914795
18,96,intervention,0.1380057274247411
21,96,intervention,0.11672297897890672
24,96,intervention,0.04559360323486595
27,96,intervention,0.09337008006639608
30,96,intervention,0.05642947307850434
33,96,intervention,0.01254999856675297
36,96,intervention,0.01833596988653636
39,96,intervention,0.0419867967965535
42,96,intervention,0.03376453116761344
45,96,intervention,0.01132476426399081
48,96,intervention,0.01544935528045101
0,97,intervention,0.09294206880960978
3,97,intervention,0.10895936691658983
6,97,intervention,0.1239866319645159
9,97,intervention,0.08591209084823502
12,97,intervention,0.10579129298241198
15,97,intervention,0.0659436369335209
18,97,intervention,0.05813868050775998
21,97,intervention,0.05545231173484276
24,97,intervention,0.06087007448322402
27,97,intervention,0.04223881723379115
30,97,intervention,0.00356065741468041
33,97,intervention,0.00857900364967074
36,97,intervention,-0.00558369446549177
39,97,intervention,0.00594988818448175
42,97,intervention,-0.00361528394401592
45,97,intervention,-6.2222192581371e-4
48,97,intervention,-0.00303897239287095
0,98,intervention,0.39799150642624376
3,98,intervention,0.35362034806430215
6,98,intervention,0.36976537263761866
9,98,intervention,0.28811635718171635
12,98,intervention,0.29702227602630504
15,98,intervention,0.20433781197273107
18,98,intervention,0.14981517425886484
21,98,intervention,0.16366617016450935
24,98,intervention,0.16303845543702372
27,98,intervention,0.06336994481472567
30,98,intervention,0.01714741012454843
33,98,intervention,0.02056439825827392
36,98,intervention,-0.08859024941824716
39,98,intervention,-0.05368630707073847
42,98,intervention,-0.05696015477627403
45,98,intervention,-0.05861161265297397
48,98,intervention,-0.00817841337745252
0,99,intervention,0.2217976794171055
3,99,intervention,0.23150315712679775
6,99,intervention,0.2031348908334309
9,99,intervention,0.1851532991302358
12,99,intervention,0.1598317867898227
15,99,intervention,0.15717839267422254
18,99,intervention,0.12177242471519883
21,99,intervention,0.12355625698737242
24,99,intervention,0.06797859947407055
27,99,intervention,0.07259209884450557
30,99,intervention,0.06313297620579003
33,99,intervention,0.01341558142377083
36,99,intervention,0.03418845955683323
39,99,intervention,0.00836826903564336
42,99,intervention,0.02246542037120179
45,99,intervention,0.03754407405923167
48,99,intervention,0.0134437304935771
