Time,N,Seed,Model,Value
0,10,1,control,-0.0016885048971297
0,30,1,control,-0.06900118571327034
3,10,1,control,-0.00234688182964268
3,30,1,control,-0.04315174070497048
6,10,1,control,-0.00565340800236875
6,30,1,control,-0.05566412014700862
9,10,1,control,-0.06652829438185055
9,30,1,control,-0.07289520545955157
12,10,1,control,-0.09386650577161204
12,30,1,control,-0.04280730703400907
15,10,1,control,-0.02700707716116862
15,30,1,control,-0.04620953893715635
18,10,1,control,0.00449013834356249
18,30,1,control,-0.02959842094615776
21,10,1,control,-0.05922778150368273
21,30,1,control,-0.06790816427139837
24,10,1,control,-0.07953240496270417
24,30,1,control,-0.03925821697021129
27,10,1,control,-0.00381863711652141
27,30,1,control,-0.05733724892896155
30,10,1,control,-0.05398112366052896
30,30,1,control,-0.08335345365261033
33,10,1,control,-0.05824716965276953
33,30,1,control,-0.0557516855827013
36,10,1,control,-0.03332171478326472
36,30,1,control,-0.05814931126167711
39,10,1,control,-0.02791381899723425
39,30,1,control,-0.04467452614482908
42,10,1,control,-0.00600144166744996
42,30,1,control,-0.00337695283555424
45,10,1,control,-0.06947532069727475
45,30,1,control,-0.0363724867002585
48,10,1,control,-0.04128779934623466
48,30,1,control,-0.08145332340198135
0,10,10,control,-0.00733758198670063
0,30,10,control,0.00214712557848361
3,10,10,control,9.6644797234959e-4
3,30,10,control,0.02547757011474965
6,10,10,control,0.00306199306373815
6,30,10,control,0.01914404411103171
9,10,10,control,0.02752247179792307
9,30,10,control,-0.00957038361069084
12,10,10,control,0.01634767752920846
12,30,10,control,0.00391639384612906
15,10,10,control,0.02257589397234619
15,30,10,control,0.01899938718447228
18,10,10,control,0.00659611467806204
18,30,10,control,0.01891471983827848
21,10,10,control,0.02053259063668143
21,30,10,control,0.02348094033817256
24,10,10,control,0.02513211579533162
24,30,10,control,0.0134333526630783
27,10,10,control,-0.01013935850217511
27,30,10,control,-0.04422513822178853
30,10,10,control,-0.00848766101478861
30,30,10,control,0.01404362914959472
33,10,10,control,-0.00482116902829973
33,30,10,control,0.02030976037145639
36,10,10,control,0.01952054189377874
36,30,10,control,0.01809340524029745
39,10,10,control,-0.02842026432379747
39,30,10,control,-0.03092646273591518
42,10,10,control,-0.03198870556834105
42,30,10,control,0.0415988134811844
45,10,10,control,-0.00669560518423508
45,30,10,control,-0.01155388921759666
48,10,10,control,-0.02038393615955821
48,30,10,control,-0.01935054756550094
0,10,100,control,0.12674593063294784
0,30,100,control,-0.05920792692702958
3,10,100,control,-0.01124029858860847
3,30,100,control,-0.0585619133588217
6,10,100,control,-0.05741804764719511
6,30,100,control,-0.06071702968861967
9,10,100,control,0.00732626050266081
9,30,100,control,-0.042449460249264
12,10,100,control,0.03700847786270152
12,30,100,control,-0.06204677584264204
15,10,100,control,-0.11954625043946313
15,30,100,control,-0.0613486099068558
18,10,100,control,-0.04387279721889398
18,30,100,control,-0.00723445195185496
21,10,100,control,-0.03460957359186949
21,30,100,control,-0.05566923147896924
24,10,100,control,-0.02047618977141645
24,30,100,control,-0.0850404975224258
27,10,100,control,-0.00699033724875473
27,30,100,control,-0.09239545613568294
30,10,100,control,-0.06687043611978398
30,30,100,control,-0.06729057419292689
33,10,100,control,-0.05203550393067704
33,30,100,control,-0.02381445311422496
36,10,100,control,-0.02264163640170114
36,30,100,control,-0.08304560566062383
39,10,100,control,0.01345907684496763
39,30,100,control,-0.09028640336791544
42,10,100,control,-0.1076545716912029
42,30,100,control,-0.14042655915063276
45,10,100,control,-0.06186679497989568
45,30,100,control,-0.08484703635483053
48,10,100,control,-0.01003069616214195
48,30,100,control,-0.05186760995048484
0,10,101,control,-0.05237073633899392
0,30,101,control,-0.05879521207393382
3,10,101,control,-0.04938069420287543
3,30,101,control,-0.07143860092652415
6,10,101,control,-0.01610509196629905
6,30,101,control,-0.07594038511530314
9,10,101,control,-0.06539798946360625
9,30,101,control,-0.1068201275750972
12,10,101,control,-0.13165087384447477
12,30,101,control,-0.17372954970600063
15,10,101,control,-0.07088514134578758
15,30,101,control,-0.07431445131289352
18,10,101,control,-0.02034425073167359
18,30,101,control,-0.00698839096090761
21,10,101,control,0.02043430721551111
21,30,101,control,-0.070417828074641
24,10,101,control,-0.04020807608310359
24,30,101,control,-0.0229497371065524
27,10,101,control,-0.00707680039956281
27,30,101,control,-0.03152912024805218
30,10,101,control,-0.03300532453031139
30,30,101,control,-0.09242152246629635
33,10,101,control,0.01117839207766505
33,30,101,control,-0.05171416912439971
36,10,101,control,-0.00707718456618782
36,30,101,control,-0.12194412133286885
39,10,101,control,0.0019134424709129
39,30,101,control,-0.00862723226968292
42,10,101,control,-0.07163936873890313
42,30,101,control,-0.15365185287357988
45,10,101,control,-0.03961996740677436
45,30,101,control,-0.1312187912821194
48,10,101,control,-0.09757464535304627
48,30,101,control,-0.10375320927289824
0,10,102,control,-0.03816068761794239
0,30,102,control,-0.03748058808965779
3,10,102,control,0.01765043245225838
3,30,102,control,-0.04127613985789485
6,10,102,control,0.02576062737675184
6,30,102,control,0.02053601569877303
9,10,102,control,-0.08829343868364878
9,30,102,control,-0.05321077447465591
12,10,102,control,-0.00720753175771776
12,30,102,control,0.00420603871791457
15,10,102,control,0.00620608699104068
15,30,102,control,-0.04319106893229205
18,10,102,control,-0.0322256538639832
18,30,102,control,-0.05054413134231644
21,10,102,control,-0.01076526701753573
21,30,102,control,-0.05428482253292983
24,10,102,control,-0.04566807303660835
24,30,102,control,-0.03571714157963034
27,10,102,control,-9.6460322700892e-4
27,30,102,control,-0.05267805408931717
30,10,102,control,-0.04969990688612887
30,30,102,control,-0.03142065419158373
33,10,102,control,-4.1431623236739e-4
33,30,102,control,-0.03810284208268257
36,10,102,control,-0.03155001927008594
36,30,102,control,-0.0841958637672459
39,10,102,control,0.00523676777733969
39,30,102,control,-0.06485536951863695
42,10,102,control,-0.00663421144360602
42,30,102,control,-0.07736830222659265
45,10,102,control,-0.04556994369355253
45,30,102,control,-0.01470115539837947
48,10,102,control,-0.01065522803647292
48,30,102,control,-0.04641334264979931
0,10,103,control,0.01589953349086828
0,30,103,control,-0.00926517100385048
3,10,103,control,-0.03250260285634233
3,30,103,control,-0.01729826829604612
6,10,103,control,-0.03391229619505261
6,30,103,control,-0.00198798149157818
9,10,103,control,0.01169925504724094
9,30,103,control,-4.1754922525103e-4
12,10,103,control,0.00168461666953649
12,30,103,control,-0.00650309250496606
15,10,103,control,-0.01576259293009947
15,30,103,control,0.00238431494505872
18,10,103,control,0.00931643970953493
18,30,103,control,-0.01858792226878595
21,10,103,control,-0.03869030399035727
21,30,103,control,6.9230682400206e-4
24,10,103,control,-0.0472377028059727
24,30,103,control,-0.04498086837491942
27,10,103,control,-0.02631405473523241
27,30,103,control,-0.01654649629392535
30,10,103,control,-0.0147190019468355
30,30,103,control,-0.01569139073534121
33,10,103,control,-0.01856444230100335
33,30,103,control,-0.04703624734452128
36,10,103,control,0.01465218145706795
36,30,103,control,-0.0251138030442104
39,10,103,control,-0.02787374125081237
39,30,103,control,-0.023994289894095
42,10,103,control,0.01017639681847833
42,30,103,control,-0.02805707104113584
45,10,103,control,0.03518935239659395
45,30,103,control,-0.00920229287515637
48,10,103,control,-0.01105004451009042
48,30,103,control,0.00340374658635159
0,10,104,control,-0.00465452567619325
0,30,104,control,-0.01199918088856776
3,10,104,control,0.02994410433184944
3,30,104,control,0.01601081841522932
6,10,104,control,0.01324179085604191
6,30,104,control,0.01386435965367459
9,10,104,control,-0.01151867325278379
9,30,104,control,0.01165376403387422
12,10,104,control,-0.0437936442798118
12,30,104,control,-0.00293263493292967
15,10,104,control,-0.0254383595645122
15,30,104,control,-0.00309249220809117
18,10,104,control,0.02261780331446121
18,30,104,control,0.01794969248371445
21,10,104,control,-0.04984989064226326
21,30,104,control,-0.0333770320388554
24,10,104,control,-0.02351390012705353
24,30,104,control,-0.0060779023968885
27,10,104,control,0.04475849210448864
27,30,104,control,0.01410108002594713
30,10,104,control,-0.02214953259586715
30,30,104,control,0.02230738399382866
33,10,104,control,-0.04416874459092578
33,30,104,control,-0.03451570622611652
36,10,104,control,0.0100569599719269
36,30,104,control,-0.00533165691365561
39,10,104,control,-0.03034411691366798
39,30,104,control,0.001681283168348
42,10,104,control,-0.02241918470747149
42,30,104,control,-0.00883225455249491
45,10,104,control,0.01224651417352798
45,30,104,control,0.02155308541818403
48,10,104,control,-0.00515442341723445
48,30,104,control,0.04938984028549541
0,10,105,control,-0.06799763829415503
0,30,105,control,-0.14159072883093415
3,10,105,control,0.0358795840624872
3,30,105,control,-0.05760890856402372
6,10,105,control,-0.09631053641571012
6,30,105,control,-0.05942044969584002
9,10,105,control,-0.0945447721240731
9,30,105,control,-0.12327500995562546
12,10,105,control,0.00770256077695741
12,30,105,control,-0.11543035965067554
15,10,105,control,-0.0271405259650882
15,30,105,control,-0.0362565422214324
18,10,105,control,-0.03786202627784744
18,30,105,control,-0.08969460530486807
21,10,105,control,-0.00697039472258675
21,30,105,control,-0.05017944644895508
24,10,105,control,-0.0804720792510738
24,30,105,control,-0.15789175785735635
27,10,105,control,-0.04223333726439516
27,30,105,control,-0.01352756721248357
30,10,105,control,-0.0861212993934047
30,30,105,control,0.00429654170082957
33,10,105,control,0.01311532504822715
33,30,105,control,-0.1582416109044025
36,10,105,control,0.04443231136237303
36,30,105,control,-0.11809147301695476
39,10,105,control,-0.03187160147901704
39,30,105,control,-0.02687077350466235
42,10,105,control,-0.09837458102183531
42,30,105,control,-0.07543252012333455
45,10,105,control,-0.08932355175073176
45,30,105,control,-0.10198952639564292
48,10,105,control,-0.00309923227762137
48,30,105,control,-0.08695435115060786
0,10,106,control,0.01452348291503208
0,30,106,control,-0.0352243669644946
3,10,106,control,0.06588877503414538
3,30,106,control,0.00378112069664879
6,10,106,control,-0.00195314809716912
6,30,106,control,0.01227415184129482
9,10,106,control,-0.02743194172050259
9,30,106,control,0.00823565568133222
12,10,106,control,-0.04307186050768011
12,30,106,control,-0.00418934527346356
15,10,106,control,-0.01374577799897739
15,30,106,control,0.00113644562681479
18,10,106,control,0.01245341012403251
18,30,106,control,-6.4009513006388e-4
21,10,106,control,0.02170320792096373
21,30,106,control,-9.4190473861874e-4
24,10,106,control,-0.02286143066250067
24,30,106,control,0.0210629786722212
27,10,106,control,5.4965437726744e-4
27,30,106,control,-4.8216780113479e-4
30,10,106,control,0.01269298555586677
30,30,106,control,-0.0155513932635276
33,10,106,control,0.00511512545525859
33,30,106,control,0.02932927400429721
36,10,106,control,0.03410859824363746
36,30,106,control,-0.02146281287821215
39,10,106,control,0.02359145803628897
39,30,106,control,0.01289642340616892
42,10,106,control,-0.02877821915567909
42,30,106,control,-0.00995052972366838
45,10,106,control,-0.00256875439157383
45,30,106,control,-0.07914712845459894
48,10,106,control,0.03682049140678609
48,30,106,control,-0.02631323901409208
0,10,107,control,0.05257946196063377
0,30,107,control,0.03808404147245806
3,10,107,control,0.03407928665228892
3,30,107,control,0.0411039705928215
6,10,107,control,0.02254227045495792
6,30,107,control,0.02373310170328424
9,10,107,control,0.05125847302773501
9,30,107,control,0.01718894538244771
12,10,107,control,0.00345358515051514
12,30,107,control,0.03828494308493007
15,10,107,control,0.01988283614982199
15,30,107,control,0.04263883813648756
18,10,107,control,0.05108407378115336
18,30,107,control,0.0723887902786208
21,10,107,control,0.03977770493217516
21,30,107,control,0.04876500916766008
24,10,107,control,4.8676199842545e-4
24,30,107,control,0.05484415398552932
27,10,107,control,0.02657932866321338
27,30,107,control,0.04321423123135817
30,10,107,control,0.02442048577988415
30,30,107,control,0.0502453981563914
33,10,107,control,0.00442569019702202
33,30,107,control,0.043815228456945667
36,10,107,control,-0.01872704193645409
36,30,107,control,0.04744185913704681
39,10,107,control,0.04849456251516301
39,30,107,control,0.01638484921676614
42,10,107,control,0.0235379950155003
42,30,107,control,0.01308592622525313
45,10,107,control,0.0369687439716225
45,30,107,control,0.04002241657913019
48,10,107,control,-0.03409667292151272
48,30,107,control,0.00549394220844035
0,10,108,control,0.05160469225428898
0,30,108,control,0.00388592300772838
3,10,108,control,0.0119120458752355
3,30,108,control,0.01962112927912995
6,10,108,control,0.02244089158851407
6,30,108,control,0.05433894630122365
9,10,108,control,-0.02220375373114061
9,30,108,control,9.4011501494211e-4
12,10,108,control,0.03216375317970431
12,30,108,control,-0.03421719150742352
15,10,108,control,0.02763434741292049
15,30,108,control,-0.0057044052708782
18,10,108,control,0.06576857226139775
18,30,108,control,0.00769977847835896
21,10,108,control,0.01339667717534985
21,30,108,control,0.03047604726690576
24,10,108,control,0.02507728456568156
24,30,108,control,0.04695230521179444
27,10,108,control,0.01467455001131323
27,30,108,control,0.0490564387681903
30,10,108,control,-0.00239829731044024
30,30,108,control,-2.2100105821314732e-5
33,10,108,control,-0.01135783568977733
33,30,108,control,0.02073733737750411
36,10,108,control,0.0263520261399807
36,30,108,control,0.04004109262939143
39,10,108,control,0.05163309708594098
39,30,108,control,0.07703696280149137
42,10,108,control,-0.03980671136497496
42,30,108,control,0.00687991623347354
45,10,108,control,0.00348217662679775
45,30,108,control,0.032737325568338
48,10,108,control,0.02905196066554374
48,30,108,control,0.01152027090227789
0,10,109,control,-0.16553245031072072
0,30,109,control,-0.1672032779944968
3,10,109,control,-0.15756092306024094
3,30,109,control,-0.12638763939494568
6,10,109,control,-0.04022426280372214
6,30,109,control,-0.09073755746925588
9,10,109,control,-0.00226288523937906
9,30,109,control,-0.1446497901989334
12,10,109,control,-0.02780537393302013
12,30,109,control,-0.11080298481891332
15,10,109,control,-0.04137361544215193
15,30,109,control,-0.07753711572942212
18,10,109,control,-0.08872744435601228
18,30,109,control,-0.10508791047086664
21,10,109,control,-0.11064736778015984
21,30,109,control,-0.13013903822970513
24,10,109,control,-0.12911945211344228
24,30,109,control,-0.09490145367202558
27,10,109,control,-0.12003788840395949
27,30,109,control,-0.09900759503542976
30,10,109,control,-0.1657693347906902
30,30,109,control,-0.17888778241076914
33,10,109,control,-0.08855398613996662
33,30,109,control,-0.0904809206462134
36,10,109,control,-0.1343218254253246
36,30,109,control,-0.22264055031768729
39,10,109,control,-0.15504568226730683
39,30,109,control,-0.11786347429471589
42,10,109,control,-0.11695763638543902
42,30,109,control,-0.13352703169728783
45,10,109,control,-0.08056992802162397
45,30,109,control,-0.14733158042027286
48,10,109,control,-0.1378356856831304
48,30,109,control,-0.13547303305925557
0,10,11,control,-0.00261226108540088
0,30,11,control,-0.03700494039143755
3,10,11,control,-0.0374927403925563
3,30,11,control,0.02629473506559832
6,10,11,control,-0.04335351801985942
6,30,11,control,0.05268564834485037
9,10,11,control,-0.01261136573614806
9,30,11,control,-0.02054270179818125
12,10,11,control,0.01238077703440059
12,30,11,control,0.00634540271495521
15,10,11,control,-0.00334894250521093
15,30,11,control,0.02433048433725607
18,10,11,control,0.02240485640286646
18,30,11,control,0.00936459075888787
21,10,11,control,0.11003328167286104
21,30,11,control,0.00210954858401189
24,10,11,control,0.00649410614634122
24,30,11,control,-0.024803385072392
27,10,11,control,-0.05486879163098609
27,30,11,control,0.00109290286541795
30,10,11,control,0.04206260680190579
30,30,11,control,0.03071669804417242
33,10,11,control,-0.07154536958600109
33,30,11,control,-0.01942906237516141
36,10,11,control,-0.01452430101964207
36,30,11,control,0.01465241541797231
39,10,11,control,0.002343287177832
39,30,11,control,0.02399070447470623
42,10,11,control,0.0081188319265353
42,30,11,control,0.01922379164530449
45,10,11,control,-0.05172300857324686
45,30,11,control,-0.01661132336798389
48,10,11,control,-0.00715101915812311
48,30,11,control,-0.02998536630157921
0,10,110,control,0.12748289554628542
0,30,110,control,0.06863513025866473
3,10,110,control,0.01341832527576029
3,30,110,control,0.00166764528261458
6,10,110,control,-0.02046507204122663
6,30,110,control,-0.02804054152688955
9,10,110,control,0.11133053025212616
9,30,110,control,-0.00450031438900583
12,10,110,control,0.08999820168412725
12,30,110,control,0.02292564587827686
15,10,110,control,0.07581315876612374
15,30,110,control,0.03849017195053265
18,10,110,control,0.03970285108909038
18,30,110,control,0.06418760601910953
21,10,110,control,0.00788873527760426
21,30,110,control,0.07037638839647009
24,10,110,control,0.0439259176647852
24,30,110,control,0.05240240684990287
27,10,110,control,0.05815975918280997
27,30,110,control,0.03936204672594966
30,10,110,control,-0.01339833516620089
30,30,110,control,0.04829646824923307
33,10,110,control,0.03951307890875041
33,30,110,control,0.02692020032233569
36,10,110,control,0.10632406454060478
36,30,110,control,0.1040102413044022
39,10,110,control,0.0165311555432449
39,30,110,control,0.0198043352882793
42,10,110,control,0.04261935328820531
42,30,110,control,0.09413238924511562
45,10,110,control,0.0297827229091733
45,30,110,control,0.10264282627011674
48,10,110,control,0.04111153808508478
48,30,110,control,0.0403801168188416
0,10,111,control,-1.7161752971167e-4
0,30,111,control,0.02751909350691554
3,10,111,control,0.0205679532691316
3,30,111,control,-0.00376243596985053
6,10,111,control,-0.03983732896722239
6,30,111,control,0.00463499141260517
9,10,111,control,-0.04683473215035537
9,30,111,control,0.03140324231097038
12,10,111,control,0.04003106351918747
12,30,111,control,-0.01928928697281932
15,10,111,control,0.06996769296048659
15,30,111,control,0.00307913128734438
18,10,111,control,0.02935284741660608
18,30,111,control,0.00468119479908872
21,10,111,control,0.0723530884458098
21,30,111,control,-0.0083720858805821
24,10,111,control,-0.04470263375606011
24,30,111,control,0.03721586876010895
27,10,111,control,0.03755146144834808
27,30,111,control,0.01872389707607839
30,10,111,control,-0.08474848657876667
30,30,111,control,-4.0189497876007e-4
33,10,111,control,-0.04980765430389088
33,30,111,control,-0.03887693470464709
36,10,111,control,0.08114975316561397
36,30,111,control,0.05935299819656519
39,10,111,control,-0.09058828157068312
39,30,111,control,0.0054637316859706
42,10,111,control,0.01998505999026339
42,30,111,control,0.0793205303035005
45,10,111,control,-0.01197044634616608
45,30,111,control,0.04333816046524725
48,10,111,control,0.00459117306686617
48,30,111,control,-0.00103987282462939
0,10,112,control,-0.05685900438726497
0,30,112,control,-0.05146429265375051
3,10,112,control,-0.04794087700110905
3,30,112,control,-0.07519324905777605
6,10,112,control,-0.00441194889589654
6,30,112,control,-0.04082145125485111
9,10,112,control,-0.05044310144170026
9,30,112,control,-0.06934320537698413
12,10,112,control,0.04836499813482568
12,30,112,control,0.00376763551276425
15,10,112,control,0.0175973749112313
15,30,112,control,0.00628605182836763
18,10,112,control,-0.06664327556221365
18,30,112,control,-7.3987077395909e-4
21,10,112,control,0.01345330419246923
21,30,112,control,-0.04242474817788747
24,10,112,control,0.01849272813801903
24,30,112,control,-0.09011841964788256
27,10,112,control,-6.3697816165615e-4
27,30,112,control,-0.05683845375502743
30,10,112,control,-0.04920793987327027
30,30,112,control,-0.02080225876109449
33,10,112,control,-0.1142054039437913
33,30,112,control,-0.03358638556059543
36,10,112,control,0.00720280357130674
36,30,112,control,-0.05480025190332627
39,10,112,control,-0.05203273847578133
39,30,112,control,-0.01531078405404499
42,10,112,control,-0.02556353353671671
42,30,112,control,0.01546084956754925
45,10,112,control,-0.03136495356525968
45,30,112,control,-0.0255326443931161
48,10,112,control,0.02143886727085698
48,30,112,control,-0.01957819396827273
0,10,113,control,-0.09818475662886238
0,30,113,control,-0.0490158180594494
3,10,113,control,-0.05149136178447947
3,30,113,control,0.01592225086200354
6,10,113,control,0.07191727063272156
6,30,113,control,0.01700910653692949
9,10,113,control,-0.04153911056776512
9,30,113,control,-0.0547147873695844
12,10,113,control,-0.03263705249661468
12,30,113,control,-0.0538872779874762
15,10,113,control,-0.06798406838348495
15,30,113,control,0.08826870299352893
18,10,113,control,0.10152298579618982
18,30,113,control,-0.04614915916313519
21,10,113,control,-0.06721578529917256
21,30,113,control,-0.06305645509839705
24,10,113,control,-0.09995559818635633
24,30,113,control,-0.00788633331819444
27,10,113,control,0.00235538459894724
27,30,113,control,-0.04439686762931694
30,10,113,control,-0.0309962416186313
30,30,113,control,0.02488499694265046
33,10,113,control,-0.01043225520037404
33,30,113,control,-0.0480196064093332
36,10,113,control,-0.08003432765808603
36,30,113,control,-0.1916525056400065
39,10,113,control,-0.08027920560766556
39,30,113,control,0.03181416346646526
42,10,113,control,-0.0337662582450586
42,30,113,control,-0.04679727734912081
45,10,113,control,-0.04695310877415255
45,30,113,control,-0.00953453319874332
48,10,113,control,-0.05043999417409185
48,30,113,control,-0.0220446991075058
0,10,114,control,-0.019338084556305032
0,30,114,control,-0.01132882873628747
3,10,114,control,-0.01901871294241727
3,30,114,control,0.01399252701000305
6,10,114,control,-0.00492741907523261
6,30,114,control,-0.01501486064242123
9,10,114,control,-0.01065061190083337
9,30,114,control,-0.00802825541438636
12,10,114,control,0.00761291538874633
12,30,114,control,-0.01358789489343846
15,10,114,control,0.0722228047389232
15,30,114,control,0.03042292968409285
18,10,114,control,-0.01368582484426473
18,30,114,control,-0.01542204110272876
21,10,114,control,-0.03355642285237074
21,30,114,control,-0.03666128907956318
24,10,114,control,0.06185816367329291
24,30,114,control,1.4386298150239e-4
27,10,114,control,0.01130918692718944
27,30,114,control,0.00497533273466756
30,10,114,control,0.01041856368543719
30,30,114,control,-0.0062135656888823
33,10,114,control,-0.02707193435431599
33,30,114,control,0.0135271408889392
36,10,114,control,-0.03180758029921583
36,30,114,control,0.00193617769796755
39,10,114,control,-0.02909374966495945
39,30,114,control,-0.01637151041093735
42,10,114,control,-0.00902818272679588
42,30,114,control,-0.03027335873736289
45,10,114,control,-0.02750371785248523
45,30,114,control,-0.01302693083313248
48,10,114,control,0.00371527614747825
48,30,114,control,0.00436186231516758
0,10,115,control,0.06208450564503112
0,30,115,control,0.00526556816524217
3,10,115,control,0.10933755839937
3,30,115,control,-0.00216906667153694
6,10,115,control,0.09098972298743543
6,30,115,control,0.0798584058383705
9,10,115,control,0.03220731163236923
9,30,115,control,0.06676614816105274
12,10,115,control,0.13085970842113331
12,30,115,control,0.09964878209151988
15,10,115,control,0.08757649494521866
15,30,115,control,0.07237355726169648
18,10,115,control,0.09404792786509374
18,30,115,control,0.12399050606065948
21,10,115,control,0.03384641114268537
21,30,115,control,0.08063355864315143
24,10,115,control,0.00349312559964239
24,30,115,control,0.03054096942338975
27,10,115,control,0.1145323743160775
27,30,115,control,-0.00555765129574307
30,10,115,control,0.03180646252289996
30,30,115,control,0.05165287973923319
33,10,115,control,0.0770326550500764
33,30,115,control,0.13797652878563846
36,10,115,control,0.01389080827075632
36,30,115,control,0.01760725385553021
39,10,115,control,0.20260493144526823
39,30,115,control,0.08374082699612655
42,10,115,control,0.24095734110984143
42,30,115,control,0.16337069699325804
45,10,115,control,0.04606915607847178
45,30,115,control,0.07859586488449437
48,10,115,control,0.08809313027461875
48,30,115,control,0.08796118364038992
0,10,116,control,0.0022237303942747
0,30,116,control,0.00610871070950237
3,10,116,control,0.01785763421637886
3,30,116,control,-0.01592047459300657
6,10,116,control,-0.02423747533431611
6,30,116,control,-0.02357546603095909
9,10,116,control,-0.02836253424212142
9,30,116,control,-0.02583904275655842
12,10,116,control,-0.01977066633781282
12,30,116,control,-0.02340134555354541
15,10,116,control,0.04254448566757229
15,30,116,control,-0.03415953150416098
18,10,116,control,-0.00933717819825018
18,30,116,control,-0.06369549052262395
21,10,116,control,0.05920593948109692
21,30,116,control,-0.03677346360021242
24,10,116,control,-0.01844794079046764
24,30,116,control,-0.04438539429477441
27,10,116,control,0.05552878635333371
27,30,116,control,0.00364897668791063
30,10,116,control,-0.06333154505279409
30,30,116,control,-0.05159130790993204
33,10,116,control,-0.03761221912864064
33,30,116,control,-0.05307632534534876
36,10,116,control,-0.07156144889961386
36,30,116,control,-0.04803471471829883
39,10,116,control,5.1354055052564e-4
39,30,116,control,-0.03984842220616376
42,10,116,control,0.06104427669216517
42,30,116,control,-0.02526587975727578
45,10,116,control,0.01188186709419837
45,30,116,control,1.8341141264878e-4
48,10,116,control,0.05846078038411731
48,30,116,control,-0.05076482506703686
0,10,117,control,-0.024867580145676398
0,30,117,control,-0.03061244144522248
3,10,117,control,-0.04220737619136448
3,30,117,control,-0.03037771957950722
6,10,117,control,-0.01033143365474351
6,30,117,control,-0.02884994709155184
9,10,117,control,-0.04423717759425932
9,30,117,control,-0.03770940926986475
12,10,117,control,-0.01023295776498915
12,30,117,control,-0.03633976355144345
15,10,117,control,-0.00327198511099859
15,30,117,control,-0.00528716632101239
18,10,117,control,0.00888282873873623
18,30,117,control,-0.02471687375371565
21,10,117,control,-0.02831683619720171
21,30,117,control,-0.03334405710679451
24,10,117,control,-0.04704863103607093
24,30,117,control,-0.03730476714760704
27,10,117,control,-0.01410595094941048
27,30,117,control,-0.02053389767140195
30,10,117,control,-0.00792577745926835
30,30,117,control,-0.02041064964922861
33,10,117,control,-0.01600497259671928
33,30,117,control,-0.05040883120974797
36,10,117,control,-0.04562576550460372
36,30,117,control,-0.02629203274739608
39,10,117,control,-0.05001058849421825
39,30,117,control,-0.03846693216364665
42,10,117,control,-0.0361478853233588
42,30,117,control,-0.03751293299876965
45,10,117,control,-0.01393934798516895
45,30,117,control,-0.02036466318628055
48,10,117,control,-0.08047246800767079
48,30,117,control,-0.03845101481386318
0,10,118,control,-0.05797078693792731
0,30,118,control,-0.02329767517979496
3,10,118,control,-0.07032669570271124
3,30,118,control,-0.04656986311297738
6,10,118,control,-0.06334327880965243
6,30,118,control,-0.00281739742316432
9,10,118,control,-0.07990266542084533
9,30,118,control,-0.04698568426722965
12,10,118,control,-0.06029171602758162
12,30,118,control,-0.03465283221879155
15,10,118,control,0.00831896192923425
15,30,118,control,-0.03503214774280203
18,10,118,control,-0.03277912334837189
18,30,118,control,-0.01429765819543848
21,10,118,control,-0.0493598242078937
21,30,118,control,-0.04024161820567866
24,10,118,control,-0.02541694732588606
24,30,118,control,-0.04245088422814711
27,10,118,control,-0.04064760024806072
27,30,118,control,-0.02938371133078339
30,10,118,control,-0.01984461698164492
30,30,118,control,-0.01121829484889242
33,10,118,control,-0.08794911799181704
33,30,118,control,-0.08226096176189758
36,10,118,control,-0.07153790287411675
36,30,118,control,-0.07029496142362895
39,10,118,control,-0.04710668267872679
39,30,118,control,-0.05092899755164503
42,10,118,control,-0.03918855392668819
42,30,118,control,-0.04668678464017406
45,10,118,control,-0.10349621043497992
45,30,118,control,-0.0462377341343029
48,10,118,control,-0.04010867296163639
48,30,118,control,-0.02167151581825865
0,10,119,control,0.00425602869435883
0,30,119,control,0.02963148765515215
3,10,119,control,0.03561581795295586
3,30,119,control,0.00800627319983772
6,10,119,control,0.00186650261728512
6,30,119,control,0.01598229163471261
9,10,119,control,0.02982799058876177
9,30,119,control,0.02224810444104294
12,10,119,control,0.01490992669622352
12,30,119,control,0.0349676912832151
15,10,119,control,0.0743800775191405
15,30,119,control,0.09161459097069163
18,10,119,control,0.03156528642522373
18,30,119,control,0.04239518414708106
21,10,119,control,0.00745320184287397
21,30,119,control,0.03419414620596216
24,10,119,control,0.032583588418176
24,30,119,control,0.04417945676355248
27,10,119,control,0.02534856916444566
27,30,119,control,0.01826322418260735
30,10,119,control,0.1293070305957961
30,30,119,control,0.0419438343584194
33,10,119,control,0.11130411450783552
33,30,119,control,0.04711616307339732
36,10,119,control,0.02044475431973244
36,30,119,control,-2.1491405867785e-4
39,10,119,control,0.00197026195062686
39,30,119,control,0.01462552353075277
42,10,119,control,0.00598353234467345
42,30,119,control,0.08556692978772533
45,10,119,control,-0.02666066372247176
45,30,119,control,-0.00786908756522972
48,10,119,control,0.03829021134847483
48,30,119,control,0.01901593563282664
0,10,12,control,-0.04571384166048871
0,30,12,control,-0.07944041339315472
3,10,12,control,-0.06170117544814823
3,30,12,control,-0.08059076333094863
6,10,12,control,-0.07303655774517122
6,30,12,control,-0.07875491323229435
9,10,12,control,-0.04024009507586078
9,30,12,control,-0.03202674198363256
12,10,12,control,-0.02276948560275391
12,30,12,control,-0.10791994200143935
15,10,12,control,-0.09232022989011245
15,30,12,control,-0.1304802392843696
18,10,12,control,-0.01501623461896919
18,30,12,control,-0.0350947280173063
21,10,12,control,-0.07303482922847973
21,30,12,control,-0.09869173742939127
24,10,12,control,-0.00787787572754136
24,30,12,control,-0.08543322503066665
27,10,12,control,-0.06385935928974036
27,30,12,control,-0.06967043984168762
30,10,12,control,-0.0884004604076431
30,30,12,control,-0.10659949276875633
33,10,12,control,-0.11504526052528342
33,30,12,control,-0.07961341631857254
36,10,12,control,-0.05781244394857242
36,30,12,control,-0.06428006861003241
39,10,12,control,-0.06281725132655792
39,30,12,control,-0.07889019847762259
42,10,12,control,-0.02709650052423708
42,30,12,control,-0.09067498521306776
45,10,12,control,-0.02389909731889782
45,30,12,control,-0.08742343246703557
48,10,12,control,-0.04785240523600109
48,30,12,control,-0.06992563318251624
0,10,120,control,0.01127555847795786
0,30,120,control,-0.01296183662119549
3,10,120,control,0.00201233091767614
3,30,120,control,0.00200228536398275
6,10,120,control,-0.02563258636210204
6,30,120,control,-0.06038019601523459
9,10,120,control,-0.01960650924467725
9,30,120,control,-0.04521849793526461
12,10,120,control,-0.02998670463837877
12,30,120,control,0.01109053364767716
15,10,120,control,0.0635642599754276
15,30,120,control,0.03914261106050323
18,10,120,control,-0.00233964237261986
18,30,120,control,-0.01546048641865324
21,10,120,control,0.0163584047850532
21,30,120,control,-0.0193684701248054
24,10,120,control,0.01217937719394833
24,30,120,control,0.01727450969757834
27,10,120,control,-0.00646421660097769
27,30,120,control,-0.01614336049686545
30,10,120,control,-0.03618786120047986
30,30,120,control,-0.05188557686425824
33,10,120,control,-0.00745543635142856
33,30,120,control,-0.0112775725540711
36,10,120,control,0.04398436748193579
36,30,120,control,-0.00108063679580958
39,10,120,control,0.06173579019556066
39,30,120,control,-0.00885844985988144
42,10,120,control,0.02361037722076798
42,30,120,control,-0.01772863544649419
45,10,120,control,0.02227627316728142
45,30,120,control,0.04252583787129577
48,10,120,control,-0.00722140546840844
48,30,120,control,-0.04134555165231857
0,10,121,control,-0.04232390447221718
0,30,121,control,-0.03092728639419072
3,10,121,control,-0.00640922924324305
3,30,121,control,-0.03306464416187538
6,10,121,control,-0.04117015026749239
6,30,121,control,-0.03707545316426008
9,10,121,control,-0.02998409895765843
9,30,121,control,-0.02645881943962664
12,10,121,control,-0.03206606770097396
12,30,121,control,-0.02955808017938612
15,10,121,control,-5.1104698346809e-4
15,30,121,control,-0.00364722017990016
18,10,121,control,0.0202365404844831
18,30,121,control,-0.03752013644112854
21,10,121,control,-0.03795297713053583
21,30,121,control,-0.02647280062869966
24,10,121,control,-0.05991253939786058
24,30,121,control,-0.04634714147081799
27,10,121,control,-0.05272608772789641
27,30,121,control,-0.04490198023695139
30,10,121,control,-0.0565313114897449
30,30,121,control,-0.0417004135267615
33,10,121,control,-0.03746524746818799
33,30,121,control,-0.04944472712507426
36,10,121,control,-0.02695997935558443
36,30,121,control,-0.02949035878948187
39,10,121,control,-0.04747777454564279
39,30,121,control,-0.05302694415442755
42,10,121,control,-0.02798397200829815
42,30,121,control,-0.07668162898020159
45,10,121,control,-0.01772416873777919
45,30,121,control,-0.04819852645542424
48,10,121,control,-0.02566297358321498
48,30,121,control,-0.00610187084294127
0,10,122,control,0.02366070110491833
0,30,122,control,0.04853422325162357
3,10,122,control,0.04971615606025721
3,30,122,control,0.01386358610750515
6,10,122,control,-0.00607371838806053
6,30,122,control,0.04234450470781772
9,10,122,control,0.03143494171419255
9,30,122,control,0.01442415407066408
12,10,122,control,-0.00309010070650064
12,30,122,control,0.01175252239416239
15,10,122,control,0.06640922240671995
15,30,122,control,0.04872736082326852
18,10,122,control,-0.01631300002728013
18,30,122,control,0.02084515294101784
21,10,122,control,0.01493093436661396
21,30,122,control,0.04368746917834486
24,10,122,control,0.03070570736139505
24,30,122,control,0.02250885082297795
27,10,122,control,0.07832109097122457
27,30,122,control,0.07150629616723973
30,10,122,control,0.03916563707352668
30,30,122,control,0.04142341743739147
33,10,122,control,0.0103829550732566
33,30,122,control,0.01906982279984315
36,10,122,control,0.01578670040689213
36,30,122,control,0.06086923985796576
39,10,122,control,-0.02689333517479967
39,30,122,control,0.0306129754472965
42,10,122,control,0.02333561494219093
42,30,122,control,0.04867313182550232
45,10,122,control,0.02789576736656493
45,30,122,control,0.04472407499537135
48,10,122,control,0.02503998299979174
48,30,122,control,0.03637860935696687
0,10,123,control,-0.02724130754599514
0,30,123,control,-0.0292693980169611
3,10,123,control,7.253349161211318e-5
3,30,123,control,-0.02590653712071094
6,10,123,control,-0.02735497580951567
6,30,123,control,3.2600457971903e-4
9,10,123,control,-0.0340459411006721
9,30,123,control,-0.00118254336574653
12,10,123,control,0.01249867534433761
12,30,123,control,0.00612669835205476
15,10,123,control,-0.02882025862547211
15,30,123,control,-0.02371806815586642
18,10,123,control,-0.00434682275804101
18,30,123,control,0.01285217504993464
21,10,123,control,-0.02101459073831906
21,30,123,control,-0.01007189635073377
24,10,123,control,-0.02390156854087067
24,30,123,control,-0.02280362417601273
27,10,123,control,-0.04658921338815535
27,30,123,control,-0.02931575658094259
30,10,123,control,-0.03014331234737292
30,30,123,control,-0.01372097564099151
33,10,123,control,-0.01350765869860133
33,30,123,control,0.00937021275276828
36,10,123,control,0.00796760223095534
36,30,123,control,0.01257233294444237
39,10,123,control,0.02029041233536001
39,30,123,control,-0.0058874223116144
42,10,123,control,0.00645139892693689
42,30,123,control,-0.00471862984698923
45,10,123,control,-0.01106879193431369
45,30,123,control,0.00655810686066231
48,10,123,control,-0.02161046749002752
48,30,123,control,-0.01836956705168271
0,10,124,control,0.02624222324482706
0,30,124,control,0.04730781696084098
3,10,124,control,0.01474552968558984
3,30,124,control,0.04596629650277251
6,10,124,control,0.05594218042519026
6,30,124,control,0.0638316514465135
9,10,124,control,0.07536374755606795
9,30,124,control,0.06541999511118474
12,10,124,control,0.01467873272695071
12,30,124,control,0.04221800023132455
15,10,124,control,0.04569748931308263
15,30,124,control,0.05655046588255999
18,10,124,control,0.00909689625652124
18,30,124,control,0.0477248222351752
21,10,124,control,0.05677746257545154
21,30,124,control,0.04908568559732658
24,10,124,control,0.06487941406511684
24,30,124,control,0.04347402199631409
27,10,124,control,0.02409475221262162
27,30,124,control,0.07773445053958646
30,10,124,control,0.03545511517331383
30,30,124,control,0.07007077996408578
33,10,124,control,0.04788549181493377
33,30,124,control,0.08639998504549903
36,10,124,control,0.00280963775016714
36,30,124,control,0.05668243874560258
39,10,124,control,0.06690957416176951
39,30,124,control,0.10236389545235548
42,10,124,control,0.0805433321073631
42,30,124,control,0.08823307384614841
45,10,124,control,0.07523234151578632
45,30,124,control,0.06405304576662277
48,10,124,control,0.08709108324063165
48,30,124,control,0.05388286374535807
0,10,125,control,-0.00184687001059933
0,30,125,control,-0.01815669262330677
3,10,125,control,-0.02541814151448356
3,30,125,control,-0.0084763499280833
6,10,125,control,0.02441551860110907
6,30,125,control,-0.00332906015808948
9,10,125,control,0.03718061164170402
9,30,125,control,-0.01323054296128222
12,10,125,control,0.01834199303083789
12,30,125,control,0.02513556728950336
15,10,125,control,0.04992516663093925
15,30,125,control,0.02201182271791935
18,10,125,control,0.02219793049794827
18,30,125,control,-0.03380727140738205
21,10,125,control,0.03893758432269332
21,30,125,control,1.2250192491747e-4
24,10,125,control,0.00394370397993238
24,30,125,control,0.02391869915630636
27,10,125,control,0.01636377216004723
27,30,125,control,-0.00506130226283215
30,10,125,control,-0.00665478099533807
30,30,125,control,0.00685722811571262
33,10,125,control,-0.06881237848956338
33,30,125,control,-0.0078372023044737
36,10,125,control,0.03418368242406679
36,30,125,control,-0.02762510855759523
39,10,125,control,0.00357535533438967
39,30,125,control,-0.00354368518400735
42,10,125,control,0.01922848534588347
42,30,125,control,-0.00645105780456688
45,10,125,control,-0.0694015253837509
45,30,125,control,0.00189484951811851
48,10,125,control,0.00965011935376859
48,30,125,control,0.02560548403599459
0,10,126,control,-0.00176949665437531
0,30,126,control,0.11797203987202612
3,10,126,control,0.03618024497199287
3,30,126,control,0.09983408606163242
6,10,126,control,0.05739324428565279
6,30,126,control,0.05940935074333518
9,10,126,control,0.06288998607132662
9,30,126,control,0.06511612088788035
12,10,126,control,0.03047507738398835
12,30,126,control,0.0629507250424029
15,10,126,control,0.08881337231581683
15,30,126,control,0.1004864570179624
18,10,126,control,0.06114949286789455
18,30,126,control,0.07430484284987973
21,10,126,control,0.03263061073942677
21,30,126,control,0.05111417567614346
24,10,126,control,0.05494081748558553
24,30,126,control,0.07095529260525063
27,10,126,control,0.02902435788178033
27,30,126,control,0.11035791787206344
30,10,126,control,0.06276551127589829
30,30,126,control,0.12275590734663522
33,10,126,control,0.01096001325707954
33,30,126,control,0.05145894375118878
36,10,126,control,0.08660908665198533
36,30,126,control,0.08264793194246532
39,10,126,control,0.05166735132158603
39,30,126,control,0.11811181504628047
42,10,126,control,0.07103235736705328
42,30,126,control,0.07656231309923113
45,10,126,control,0.06396191926599491
45,30,126,control,0.09389449472605942
48,10,126,control,0.10136833724021342
48,30,126,control,0.10145636680930777
0,10,127,control,-0.07353886691564727
0,30,127,control,-0.04539805648681398
3,10,127,control,-0.06461482889262192
3,30,127,control,-0.06395294696279694
6,10,127,control,-0.0645948354558425
6,30,127,control,-0.04627150364706815
9,10,127,control,-0.04578081416528214
9,30,127,control,-0.06827524354347406
12,10,127,control,-0.05058087944295334
12,30,127,control,-0.08017575948787045
15,10,127,control,-0.02313940876527733
15,30,127,control,-0.0411445152555121
18,10,127,control,-0.04732536621532259
18,30,127,control,-0.04267486486794687
21,10,127,control,-0.01888212150368353
21,30,127,control,-0.05556276744272891
24,10,127,control,-0.085716204995311
24,30,127,control,-0.0921728684759927
27,10,127,control,-0.06408166443762908
27,30,127,control,-0.07408063157961355
30,10,127,control,-0.02521403206272498
30,30,127,control,-0.04489126508611411
33,10,127,control,-0.00318807997488317
33,30,127,control,-0.0709796294538567
36,10,127,control,-0.04844586361490006
36,30,127,control,-0.04429055403247083
39,10,127,control,-0.06487609893136564
39,30,127,control,-0.05638454242728701
42,10,127,control,-0.07852114571872387
42,30,127,control,-0.07710295316603293
45,10,127,control,-0.02171470655776935
45,30,127,control,-0.04735846681427142
48,10,127,control,-0.04423968118376288
48,30,127,control,-0.05044806525317978
0,10,128,control,-0.03687163986088631
0,30,128,control,0.00995079877436221
3,10,128,control,0.00248976000483722
3,30,128,control,-0.00352103592287658
6,10,128,control,0.02254347227673078
6,30,128,control,-0.01189989927153514
9,10,128,control,0.11872283907292584
9,30,128,control,-0.04871743359579238
12,10,128,control,0.03533976111256219
12,30,128,control,0.00949322781906926
15,10,128,control,0.00314383341618926
15,30,128,control,-0.04171153634668697
18,10,128,control,0.0661477287722117
18,30,128,control,0.05010131918506559
21,10,128,control,-0.02419056468833918
21,30,128,control,-0.01171450227175192
24,10,128,control,-0.0080856933468775
24,30,128,control,-0.03355628150057425
27,10,128,control,-0.02299204956354601
27,30,128,control,0.00748142035009327
30,10,128,control,0.00121395613084873
30,30,128,control,-0.04173288223331995
33,10,128,control,-0.01388208566455742
33,30,128,control,-0.00375195643426322
36,10,128,control,0.07977039318815342
36,30,128,control,-0.00433642964991805
39,10,128,control,0.00698983967011168
39,30,128,control,0.01565675835482634
42,10,128,control,0.00196944424538671
42,30,128,control,0.02401223195907833
45,10,128,control,-0.04317581760137089
45,30,128,control,-0.04004083515843924
48,10,128,control,0.0190017132852738
48,30,128,control,-0.03770531021189562
0,10,129,control,-0.0565947950688188
0,30,129,control,-0.101306922967893
3,10,129,control,-0.03602962889164219
3,30,129,control,-0.10120751652348688
6,10,129,control,-0.04707029100498969
6,30,129,control,-0.07599282848089789
9,10,129,control,-0.06689293055360654
9,30,129,control,-0.10457564506916156
12,10,129,control,-0.05542034638466412
12,30,129,control,-0.09896457917825016
15,10,129,control,-0.04244007771753315
15,30,129,control,-0.09209897921422382
18,10,129,control,-0.0806231412445572
18,30,129,control,-0.10505297702369454
21,10,129,control,-0.08392474740664584
21,30,129,control,-0.08295650689142199
24,10,129,control,-0.0465384808767127
24,30,129,control,-0.06496931688988598
27,10,129,control,-0.07036052783780485
27,30,129,control,-0.06596432071882521
30,10,129,control,-0.04495495558518008
30,30,129,control,-0.08109573068687506
33,10,129,control,-0.06929516681261041
33,30,129,control,-0.07917972119703107
36,10,129,control,-0.08306165657565387
36,30,129,control,-0.11491562406437972
39,10,129,control,-0.00333868868483882
39,30,129,control,-0.04825315021887414
42,10,129,control,-0.06089068357175573
42,30,129,control,-0.10308616534910917
45,10,129,control,-0.12537593333631775
45,30,129,control,-0.07324412639759563
48,10,129,control,-0.07695152570246086
48,30,129,control,-0.1007686803411951
0,10,13,control,0.00696682605547036
0,30,13,control,0.05259690247126689
3,10,13,control,0.02249568387438229
3,30,13,control,0.03153003820348604
6,10,13,control,0.02342209729876284
6,30,13,control,-0.0266656338507052
9,10,13,control,-0.02130990702368344
9,30,13,control,0.00518434501824775
12,10,13,control,0.0749399988377139
12,30,13,control,0.06217873790909521
15,10,13,control,0.09095256460073443
15,30,13,control,0.05247462113542881
18,10,13,control,0.00919312053300875
18,30,13,control,0.02097395399838048
21,10,13,control,-0.04990358878951092
21,30,13,control,0.01813755958467523
24,10,13,control,0.10816675868790802
24,30,13,control,0.05065339630912575
27,10,13,control,0.02807831860905967
27,30,13,control,-0.008048486162145
30,10,13,control,-0.0624600423953633
30,30,13,control,0.03452339640101461
33,10,13,control,0.02644840850327149
33,30,13,control,0.04563833721755584
36,10,13,control,0.07418478826105736
36,30,13,control,0.040268050455823
39,10,13,control,-0.03181961891865074
39,30,13,control,0.01898241184640613
42,10,13,control,0.05524310665255964
42,30,13,control,-0.00919115137147375
45,10,13,control,-0.02996730479512833
45,30,13,control,0.03050120388861669
48,10,13,control,0.04781354975759025
48,30,13,control,0.03973802904450461
0,10,130,control,-0.04676486417755748
0,30,130,control,-0.0486355033961237
3,10,130,control,-0.04728901728142723
3,30,130,control,-0.07739461892836058
6,10,130,control,-0.05340481825529641
6,30,130,control,-0.05613224192206114
9,10,130,control,-0.05108857263073096
9,30,130,control,-0.0896501356983984
12,10,130,control,0.015465933762651
12,30,130,control,-0.04455718656759976
15,10,130,control,0.00158137348924652
15,30,130,control,0.00220731849828694
18,10,130,control,-0.04346525392600223
18,30,130,control,-0.06212910458242043
21,10,130,control,0.0013423946126163
21,30,130,control,-0.04621488614596883
24,10,130,control,-0.03137477149206508
24,30,130,control,-0.04830591344813747
27,10,130,control,-0.02495152815835858
27,30,130,control,-0.01061933352356063
30,10,130,control,-0.03268714609859611
30,30,130,control,-0.05462636256343615
33,10,130,control,-0.07158980991403453
33,30,130,control,-0.04682452323368576
36,10,130,control,-0.04825542757666737
36,30,130,control,-0.05196272594533701
39,10,130,control,-0.05485242956474264
39,30,130,control,-0.04896812040645311
42,10,130,control,-0.08123971706170724
42,30,130,control,-0.08822235279305074
45,10,130,control,-0.14605273462970697
45,30,130,control,-0.0982464774257213
48,10,130,control,0.01625555245643511
48,30,130,control,-0.08601616641155158
0,10,131,control,-0.01654395086216002
0,30,131,control,-0.03654234923147197
3,10,131,control,-0.05129314427616584
3,30,131,control,-0.01352475157562793
6,10,131,control,-0.06257819535552524
6,30,131,control,-0.01390345914169224
9,10,131,control,-0.01870043224931503
9,30,131,control,0.00556953566443517
12,10,131,control,-0.02529541829586262
12,30,131,control,0.00379132358942771
15,10,131,control,-0.01926467964251881
15,30,131,control,0.01513103015859243
18,10,131,control,-0.09239538838706976
18,30,131,control,-0.01164019582047158
21,10,131,control,-0.09496743856710647
21,30,131,control,-0.00109282393324956
24,10,131,control,-0.04342158285021874
24,30,131,control,-6.1525701155986e-4
27,10,131,control,-0.03145433896320819
27,30,131,control,-0.02873314924942038
30,10,131,control,-0.01833768079375063
30,30,131,control,-0.03122757887196787
33,10,131,control,-0.03237744110866527
33,30,131,control,-0.02672395777340609
36,10,131,control,-0.05238745690587497
36,30,131,control,-0.01013241634911812
39,10,131,control,-0.04370905301094188
39,30,131,control,-0.05069398644883209
42,10,131,control,-0.07441253680577749
42,30,131,control,-0.04308186273081679
45,10,131,control,0.01632302007415517
45,30,131,control,0.01801166005660301
48,10,131,control,-0.02624433404354204
48,30,131,control,-0.06588120587527042
0,10,132,control,-0.07786946052343313
0,30,132,control,-0.04973522202944257
3,10,132,control,-0.06108222113349321
3,30,132,control,-0.10301019974001416
6,10,132,control,-0.03796065063451719
6,30,132,control,-0.06191061001026621
9,10,132,control,-0.07762962385733246
9,30,132,control,-0.04169330768388248
12,10,132,control,-0.05277165301091061
12,30,132,control,-0.11733921080455466
15,10,132,control,-0.02153015934608158
15,30,132,control,-0.03895036016041485
18,10,132,control,-0.11271800429457192
18,30,132,control,-0.0662089645376229
21,10,132,control,-0.05819070068828117
21,30,132,control,-0.07111624915201112
24,10,132,control,0.02737962022239903
24,30,132,control,-0.1154330325848734
27,10,132,control,0.01262630845936151
27,30,132,control,-0.0584471610645509
30,10,132,control,-0.05060791912711708
30,30,132,control,-0.05891885769593016
33,10,132,control,0.0024954830171967
33,30,132,control,-0.04899601716024743
36,10,132,control,-0.04064346213302994
36,30,132,control,-0.0685486439753853
39,10,132,control,-0.05999294218373815
39,30,132,control,-0.02160716816785776
42,10,132,control,-0.02085576644764564
42,30,132,control,-0.07415781485480956
45,10,132,control,-0.05290982601756025
45,30,132,control,-0.02778159163945167
48,10,132,control,0.01614894643474808
48,30,132,control,-0.1658689109226777
0,10,133,control,-0.00134930739119527
0,30,133,control,0.04056057000873598
3,10,133,control,0.0140790519010363
3,30,133,control,0.05939665663103026
6,10,133,control,0.07835877882527138
6,30,133,control,0.08910595736561731
9,10,133,control,0.05822087229944756
9,30,133,control,0.03727716734609192
12,10,133,control,0.00291761574273188
12,30,133,control,0.04002148965262793
15,10,133,control,-0.00201121367095294
15,30,133,control,0.06972063147559858
18,10,133,control,0.01300859326260532
18,30,133,control,0.03524522455625768
21,10,133,control,0.04494089436034298
21,30,133,control,0.02727183614024676
24,10,133,control,-0.02809707239612624
24,30,133,control,0.01753545346802434
27,10,133,control,0.06286261482213897
27,30,133,control,0.0327215983290322
30,10,133,control,0.06121285853959257
30,30,133,control,0.05931147249962602
33,10,133,control,6.1663315515696e-4
33,30,133,control,0.0616588332649189
36,10,133,control,0.09554783647962543
36,30,133,control,0.0394519575999789
39,10,133,control,0.08230976656957835
39,30,133,control,0.06067355280766069
42,10,133,control,0.0137787395380089
42,30,133,control,0.03678114114867625
45,10,133,control,0.04561145251418364
45,30,133,control,0.03240256671413176
48,10,133,control,-0.0336355184673489
48,30,133,control,0.02028148005474002
0,10,134,control,-0.07911713643346455
0,30,134,control,-0.02735901921467749
3,10,134,control,-0.08016385136447172
3,30,134,control,-0.04939063261874021
6,10,134,control,-0.09221155129914764
6,30,134,control,-0.08065263530991619
9,10,134,control,-0.11825117209720136
9,30,134,control,-0.12133872117699657
12,10,134,control,-0.03428998449265244
12,30,134,control,-0.08541136080646805
15,10,134,control,-0.0651741320177863
15,30,134,control,-0.04230884847714158
18,10,134,control,-0.08610257977781685
18,30,134,control,-0.02323050883147229
21,10,134,control,-0.1061287418236574
21,30,134,control,-0.03141886998874561
24,10,134,control,-0.02120718283594693
24,30,134,control,-0.02761443510855166
27,10,134,control,-0.01598681552570577
27,30,134,control,-0.03482834554069937
30,10,134,control,-0.02262267781330178
30,30,134,control,-0.07877266824060292
33,10,134,control,-0.06159284123821641
33,30,134,control,-0.05497366921711057
36,10,134,control,-0.05446493496553911
36,30,134,control,-0.03155541486043396
39,10,134,control,-0.0983321107035747
39,30,134,control,-0.08113022486746267
42,10,134,control,-0.05103531788479044
42,30,134,control,-0.05458202098005047
45,10,134,control,-0.04345600607206654
45,30,134,control,-0.04152801036720321
48,10,134,control,-0.01371092721312095
48,30,134,control,-0.02286898444949304
0,10,135,control,0.0731091979698794
0,30,135,control,-0.01593577681399124
3,10,135,control,0.03391682711196959
3,30,135,control,-0.00809525231428009
6,10,135,control,0.01599016084418395
6,30,135,control,0.02031746899644664
9,10,135,control,-0.02717441639865837
9,30,135,control,-0.03443799802062713
12,10,135,control,0.03847154345904407
12,30,135,control,-0.03638590604572663
15,10,135,control,-0.02210828612057318
15,30,135,control,0.00258983095084468
18,10,135,control,0.00829985648461953
18,30,135,control,-0.09446414178335512
21,10,135,control,-0.03276811872904162
21,30,135,control,-0.02854969003509533
24,10,135,control,-0.0805888324634793
24,30,135,control,-0.05440695251399312
27,10,135,control,-0.02251684615182662
27,30,135,control,-0.05208536442448684
30,10,135,control,0.01489440339867117
30,30,135,control,0.04304200815088027
33,10,135,control,0.05018788425989407
33,30,135,control,-0.01759770537489671
36,10,135,control,-0.05363799230045585
36,30,135,control,-0.01503921261935398
39,10,135,control,-0.03609122648735357
39,30,135,control,0.00178595385114272
42,10,135,control,-0.01629431632069463
42,30,135,control,0.01260675468871797
45,10,135,control,0.02446953628938318
45,30,135,control,-0.01099295217165381
48,10,135,control,0.06177827146135804
48,30,135,control,0.02306875238848802
0,10,136,control,-0.05580001291422717
0,30,136,control,-0.03475135903419165
3,10,136,control,-0.03504602835524145
3,30,136,control,-0.05247243995134632
6,10,136,control,-0.07295488467400388
6,30,136,control,-0.05149427716029653
9,10,136,control,0.00468067087264479
9,30,136,control,-0.05441107233495108
12,10,136,control,0.02953664102146944
12,30,136,control,-0.04644947692833309
15,10,136,control,-0.00612957847195373
15,30,136,control,-0.02183323022501768
18,10,136,control,-0.0631898421631841
18,30,136,control,-0.06267817143460275
21,10,136,control,-0.01667260202507144
21,30,136,control,-0.01714854211594599
24,10,136,control,-0.03009698570235773
24,30,136,control,-0.06159030571119057
27,10,136,control,-0.03638552289178693
27,30,136,control,-0.0566960802121118
30,10,136,control,-0.04988922640483047
30,30,136,control,-0.03170885156437907
33,10,136,control,-0.03159387368743262
33,30,136,control,-0.07653926562504444
36,10,136,control,-0.030830377341508598
36,30,136,control,-0.06442944863183504
39,10,136,control,0.0076661600349849
39,30,136,control,-0.02732713651953028
42,10,136,control,-0.03259977803566451
42,30,136,control,-0.05594399095081975
45,10,136,control,-0.04336761205846978
45,30,136,control,-0.02298682276521934
48,10,136,control,-0.00270869738379502
48,30,136,control,-0.05776326636707413
0,10,137,control,-0.02880890367964853
0,30,137,control,-0.02656667290270237
3,10,137,control,0.0627697482296245
3,30,137,control,0.00672138310455082
6,10,137,control,0.00545615322906331
6,30,137,control,0.00760143906402377
9,10,137,control,-0.01680512815991895
9,30,137,control,-0.00756888846115265
12,10,137,control,0.00224168767611512
12,30,137,control,-0.0221080837604672
15,10,137,control,0.02557042502000799
15,30,137,control,0.03145981456773562
18,10,137,control,0.00402848366800653
18,30,137,control,0.0047093363099903
21,10,137,control,-0.03979266053544331
21,30,137,control,0.0030393890172515
24,10,137,control,-0.00993772418281505
24,30,137,control,-0.04480298791613624
27,10,137,control,0.00551511412039219
27,30,137,control,-0.03825563485498314
30,10,137,control,0.01142732054020717
30,30,137,control,-0.0159939352047768
33,10,137,control,0.03265565594811846
33,30,137,control,-0.00492099452269843
36,10,137,control,-0.01117941307553421
36,30,137,control,-0.03761039339979222
39,10,137,control,-0.01416431601545119
39,30,137,control,-0.04424197536374821
42,10,137,control,0.01338939557851258
42,30,137,control,-0.03916979793932927
45,10,137,control,-0.00841573389338049
45,30,137,control,-0.00315289741384484
48,10,137,control,-0.02097852239780175
48,30,137,control,-0.02681604817443391
0,10,138,control,-0.04936279550918986
0,30,138,control,-0.03619464422193282
3,10,138,control,-0.01700397303370939
3,30,138,control,-0.04123010044133699
6,10,138,control,-0.00841236764953507
6,30,138,control,-0.07100909451944921
9,10,138,control,-0.02644711713621656
9,30,138,control,-0.06498149786102307
12,10,138,control,-0.06768388220057535
12,30,138,control,-0.01998872222885225
15,10,138,control,-0.04597056271726655
15,30,138,control,-0.04430945071811849
18,10,138,control,-0.0161197449067975
18,30,138,control,-0.0815573079077811
21,10,138,control,-0.05307473027044061
21,30,138,control,-0.04933438005978462
24,10,138,control,-0.08291855834726641
24,30,138,control,-0.0609310023002683
27,10,138,control,-0.00711145402078589
27,30,138,control,-0.06207755340114091
30,10,138,control,-0.02948133021847663
30,30,138,control,-0.0562340001809604
33,10,138,control,-0.03463070789854215
33,30,138,control,-0.02777120464134212
36,10,138,control,-0.06297162676310675
36,30,138,control,-0.05446359578347957
39,10,138,control,0.03045388541893061
39,30,138,control,-0.00847690045643902
42,10,138,control,-0.07405531758202366
42,30,138,control,-0.01771634006503749
45,10,138,control,-0.05068517329957153
45,30,138,control,-0.03531072470701138
48,10,138,control,-0.02183678710950055
48,30,138,control,-0.04632251310292208
0,10,139,control,0.04226788998420099
0,30,139,control,0.04266255398052768
3,10,139,control,0.02661901980456642
3,30,139,control,0.04721421594674154
6,10,139,control,0.01587774301710144
6,30,139,control,0.06734867486130962
9,10,139,control,0.03859153909647446
9,30,139,control,0.0640368677522123
12,10,139,control,0.07297845381602677
12,30,139,control,0.03171721998901287
15,10,139,control,0.06503999609181953
15,30,139,control,0.03418300681113514
18,10,139,control,0.05190216547577905
18,30,139,control,0.05145280739292957
21,10,139,control,0.01495058014491534
21,30,139,control,0.04429351981170759
24,10,139,control,0.02525715341089718
24,30,139,control,0.04190137364322237
27,10,139,control,0.07993977734611057
27,30,139,control,0.0509738236931492
30,10,139,control,0.05703266073435942
30,30,139,control,0.06674368651584865
33,10,139,control,0.02756081841981066
33,30,139,control,0.05201242884114607
36,10,139,control,0.01014338298775092
36,30,139,control,0.01588860459173827
39,10,139,control,0.00927572670118219
39,30,139,control,0.03867604615934807
42,10,139,control,0.08067395189701522
42,30,139,control,0.04285701217531536
45,10,139,control,0.10455770174119142
45,30,139,control,0.08279976729692576
48,10,139,control,0.03906033959135071
48,30,139,control,0.04094497257436675
0,10,14,control,0.01841682674345234
0,30,14,control,-0.0954665793809468
3,10,14,control,-0.04405369161308809
3,30,14,control,-0.09656375094480256
6,10,14,control,-0.05332798922385351
6,30,14,control,-0.08607485137844142
9,10,14,control,-0.0793159708306231
9,30,14,control,-0.07705077700237577
12,10,14,control,-0.02158204278917824
12,30,14,control,-0.03220737711775794
15,10,14,control,-0.02528904181455885
15,30,14,control,-0.06926441118847391
18,10,14,control,-0.08831274144418248
18,30,14,control,-0.11782907763121116
21,10,14,control,-0.070922956820813
21,30,14,control,-0.08663542834651683
24,10,14,control,-0.05845048553019553
24,30,14,control,-0.08455297953711281
27,10,14,control,-0.07670479409705858
27,30,14,control,-0.0875217836813997
30,10,14,control,7.1743186827269e-4
30,30,14,control,-0.02449509498854065
33,10,14,control,-0.03133143287993217
33,30,14,control,-0.04940188339105322
36,10,14,control,-0.08534838413099229
36,30,14,control,-0.05484227282307713
39,10,14,control,-0.07944616701281455
39,30,14,control,-0.09289883610449765
42,10,14,control,-0.02522840980811767
42,30,14,control,-0.0744634122565573
45,10,14,control,-0.05686739060773497
45,30,14,control,-0.01734573222990029
48,10,14,control,-0.04210908598247
48,30,14,control,-0.08152140527482823
0,10,140,control,0.0476673558800889
0,30,140,control,0.03734386491402299
3,10,140,control,0.00147521945810697
3,30,140,control,0.02479245732507752
6,10,140,control,0.03361711811321372
6,30,140,control,0.00768734318913139
9,10,140,control,-0.004517592745002
9,30,140,control,-0.02785076229810839
12,10,140,control,-0.00360974693728241
12,30,140,control,0.00975942488398368
15,10,140,control,0.03477474353490652
15,30,140,control,0.01783590523142884
18,10,140,control,0.02178970993803826
18,30,140,control,-0.02918769031217937
21,10,140,control,0.01582825403093202
21,30,140,control,-0.02699176245432186
24,10,140,control,0.02870847417535339
24,30,140,control,0.02767213961344257
27,10,140,control,0.03316433673036684
27,30,140,control,0.01411578215744472
30,10,140,control,0.04568258292083618
30,30,140,control,-0.0161453057875033
33,10,140,control,-0.0329357826339989
33,30,140,control,0.0080055561389025
36,10,140,control,0.00927224583220529
36,30,140,control,0.02438365955362466
39,10,140,control,0.04767763168985536
39,30,140,control,0.02272458838399677
42,10,140,control,-0.0307232741576707
42,30,140,control,-0.01708637437163964
45,10,140,control,0.02166158424305286
45,30,140,control,-0.01534137426796638
48,10,140,control,-4.1392904563417e-4
48,30,140,control,0.03230455624155671
0,10,141,control,-0.00636643682929828
0,30,141,control,0.01568790839511601
3,10,141,control,0.00759165168066388
3,30,141,control,0.02867112498982117
6,10,141,control,0.07818841793721927
6,30,141,control,0.01682630677815174
9,10,141,control,0.01710079826989305
9,30,141,control,-0.00806772271073125
12,10,141,control,-0.05292350274688996
12,30,141,control,0.00689337464758068
15,10,141,control,-0.00930416075196354
15,30,141,control,0.03428072432452245
18,10,141,control,-0.02869990987485126
18,30,141,control,0.03887573890531672
21,10,141,control,0.05523637212792265
21,30,141,control,0.03707096356745155
24,10,141,control,0.04220803118198175
24,30,141,control,0.06022872924476349
27,10,141,control,0.033679230058886817
27,30,141,control,0.01121772878739237
30,10,141,control,0.05027912821529495
30,30,141,control,0.06268588134282035
33,10,141,control,0.04723263375721188
33,30,141,control,-0.00710301142664897
36,10,141,control,0.02300663537807414
36,30,141,control,-0.05474514489081388
39,10,141,control,0.00473287344208372
39,30,141,control,-0.05154502396161646
42,10,141,control,0.12304925856822012
42,30,141,control,0.00988832609297533
45,10,141,control,0.01168875111455578
45,30,141,control,0.01168316189219404
48,10,141,control,0.02981371016461874
48,30,141,control,0.00747494696353192
0,10,142,control,0.01473023476471299
0,30,142,control,0.00828500189529544
3,10,142,control,-0.07475318491675825
3,30,142,control,0.00634672400508603
6,10,142,control,0.02032299406759492
6,30,142,control,0.02995657647767729
9,10,142,control,-0.01879666210294753
9,30,142,control,-0.00452600097081115
12,10,142,control,-0.00797947828775727
12,30,142,control,0.0254786740325449
15,10,142,control,-0.06177431447573058
15,30,142,control,0.05683598246058945
18,10,142,control,0.08948594236701854
18,30,142,control,0.03477073818150789
21,10,142,control,-0.00745330895065963
21,30,142,control,0.02325778745027355
24,10,142,control,0.02000765234084316
24,30,142,control,-0.00259545839873111
27,10,142,control,-0.02594232684486299
27,30,142,control,0.01428565700080806
30,10,142,control,-0.02905093872346353
30,30,142,control,-0.01292206405176738
33,10,142,control,0.03017565225776285
33,30,142,control,-0.03031668066478353
36,10,142,control,-0.00573371023319533
36,30,142,control,0.01226455990664141
39,10,142,control,0.01509554436670963
39,30,142,control,0.04944845913751207
42,10,142,control,-0.03510999270559174
42,30,142,control,0.01164334533562983
45,10,142,control,0.04128649091595166
45,30,142,control,0.01635914383970521
48,10,142,control,0.02973793559487966
48,30,142,control,-0.05258974702070722
0,10,143,control,-0.0279968295440549
0,30,143,control,0.0073000883827055
3,10,143,control,-0.07783118262422568
3,30,143,control,-0.00187414054118517
6,10,143,control,0.00473318816866914
6,30,143,control,0.06735934304179494
9,10,143,control,-0.04113315477289372
9,30,143,control,-0.02006527726847729
12,10,143,control,0.01069739828857732
12,30,143,control,0.05874006170114409
15,10,143,control,-0.03589294237846332
15,30,143,control,-0.00429752955917192
18,10,143,control,0.11239122567485922
18,30,143,control,0.04456255221839787
21,10,143,control,0.0709676350342634
21,30,143,control,-0.00118757268564005
24,10,143,control,-0.00343630536730095
24,30,143,control,0.02392197057551098
27,10,143,control,0.04930949424744452
27,30,143,control,-0.02065889876421548
30,10,143,control,0.12688015822388032
30,30,143,control,0.03402664306892638
33,10,143,control,0.02391609785339353
33,30,143,control,-0.03137688537210009
36,10,143,control,0.04050280728079369
36,30,143,control,0.0081455006802142
39,10,143,control,0.0526043892722143
39,30,143,control,-0.00791804795185843
42,10,143,control,-0.04100875809910648
42,30,143,control,0.00396912595450715
45,10,143,control,0.08303760693008105
45,30,143,control,0.02801005386593591
48,10,143,control,0.02406611794640921
48,30,143,control,-0.00394563334466864
0,10,144,control,0.03738196556592053
0,30,144,control,0.00236224341375038
3,10,144,control,0.00419142478204818
3,30,144,control,-0.01431752133414522
6,10,144,control,0.00193145770492963
6,30,144,control,0.01467850216426129
9,10,144,control,-0.00724525966423321
9,30,144,control,0.01672138114494681
12,10,144,control,-0.03766391375400516
12,30,144,control,-0.01966036851106638
15,10,144,control,0.04324768526668716
15,30,144,control,-0.02056723917423219
18,10,144,control,-0.00365347758614026
18,30,144,control,-0.0088698315478175
21,10,144,control,-0.02012982470981804
21,30,144,control,-0.00492100885543031
24,10,144,control,-9.204634480383336e-5
24,30,144,control,-0.00223824697752051
27,10,144,control,0.04953814553914792
27,30,144,control,0.01424340292805094
30,10,144,control,0.02543682606933678
30,30,144,control,-0.02028012463103061
33,10,144,control,-0.03019638741605677
33,30,144,control,0.0436531421498568
36,10,144,control,0.00837565113546374
36,30,144,control,-0.01497210231493478
39,10,144,control,-0.01700214114059415
39,30,144,control,-0.010524784250084
42,10,144,control,1.3221459925338e-4
42,30,144,control,0.01838608352326732
45,10,144,control,0.00521243080970471
45,30,144,control,-0.05556079392225794
48,10,144,control,-0.00931372331909013
48,30,144,control,-0.00881900831773091
0,10,145,control,-0.03251034328060925
0,30,145,control,0.07952384133626408
3,10,145,control,0.02860264947767352
3,30,145,control,0.07220524995799026
6,10,145,control,0.06429070890873897
6,30,145,control,0.05791453266861985
9,10,145,control,0.0955680986183915
9,30,145,control,0.06762710839088748
12,10,145,control,0.01848527537081995
12,30,145,control,0.05580792072127214
15,10,145,control,-0.01162777389514646
15,30,145,control,0.07485885670463086
18,10,145,control,-0.00507727079550494
18,30,145,control,0.07415816910101641
21,10,145,control,0.0611625015260855
21,30,145,control,0.07348558224712162
24,10,145,control,0.04144348840028731
24,30,145,control,0.08562239240609024
27,10,145,control,0.04483514480725381
27,30,145,control,0.0599659492826976
30,10,145,control,0.12117029180399444
30,30,145,control,0.1478418693214048
33,10,145,control,0.02789071560902228
33,30,145,control,0.0371125173447018
36,10,145,control,0.02713906382859533
36,30,145,control,0.0846785704209852
39,10,145,control,0.02732786830720933
39,30,145,control,0.0460788554479246
42,10,145,control,0.03912946569343327
42,30,145,control,0.1228020925275054
45,10,145,control,0.0627647436926789
45,30,145,control,0.12184260225036238
48,10,145,control,-0.01651603233151506
48,30,145,control,0.098595875335737
0,10,146,control,0.11699193687609664
0,30,146,control,0.09137258137268936
3,10,146,control,0.07480858790825104
3,30,146,control,0.08331216116309334
6,10,146,control,0.09126769351137644
6,30,146,control,0.0811817232927446
9,10,146,control,0.02535275121111841
9,30,146,control,0.03093877204812524
12,10,146,control,0.0316199028057118
12,30,146,control,0.01137556469348496
15,10,146,control,0.06859037963086048
15,30,146,control,0.06055191383112808
18,10,146,control,0.08836010740606107
18,30,146,control,0.06572433068653945
21,10,146,control,0.10437986605157674
21,30,146,control,0.10273378462611416
24,10,146,control,0.05061342752809469
24,30,146,control,0.05338103892756992
27,10,146,control,0.01668540472598542
27,30,146,control,0.08433572128962355
30,10,146,control,0.07088646339380791
30,30,146,control,0.01552774970933352
33,10,146,control,0.09012347717344532
33,30,146,control,0.06244976739975145
36,10,146,control,0.0551899723711274
36,30,146,control,0.09135126057135788
39,10,146,control,0.12418622065213895
39,30,146,control,0.1147186604919749
42,10,146,control,0.10325919925127049
42,30,146,control,0.02321600525639734
45,10,146,control,0.05534220363838778
45,30,146,control,0.0612823452099895
48,10,146,control,0.03089174961134018
48,30,146,control,0.06678957687742554
0,10,147,control,0.10776283466620508
0,30,147,control,0.1241279623228825
3,10,147,control,0.03942755592097777
3,30,147,control,0.15861504866950446
6,10,147,control,0.0932784187034394
6,30,147,control,0.08663430717559754
9,10,147,control,0.06558856381967651
9,30,147,control,0.01137618153921206
12,10,147,control,0.02639082008313218
12,30,147,control,0.07408571416293519
15,10,147,control,0.05791452438826068
15,30,147,control,0.11984908349846096
18,10,147,control,0.04876651388131746
18,30,147,control,0.13550392020378849
21,10,147,control,0.0746098340823618
21,30,147,control,0.09613496093955472
24,10,147,control,0.01537106625863276
24,30,147,control,0.05225635456048462
27,10,147,control,0.050299948703843383
27,30,147,control,0.11729016281277233
30,10,147,control,0.0438730632030462
30,30,147,control,0.0941073143012337
33,10,147,control,0.02327112807958558
33,30,147,control,0.05347040311090287
36,10,147,control,0.03131661797677954
36,30,147,control,0.10833401999494686
39,10,147,control,0.02664177572103414
39,30,147,control,0.11660016492071028
42,10,147,control,0.03941146714552707
42,30,147,control,0.09890025620974494
45,10,147,control,0.01776850052427187
45,30,147,control,0.04639364929643155
48,10,147,control,0.03514233789636556
48,30,147,control,0.05264096722498922
0,10,148,control,0.04369945766312193
0,30,148,control,0.00639113982573829
3,10,148,control,-0.06789767043330336
3,30,148,control,0.03171282715630388
6,10,148,control,0.02799067143205049
6,30,148,control,0.00137048951831899
9,10,148,control,-0.00670437854939344
9,30,148,control,0.01336281855320716
12,10,148,control,-0.01019887383734248
12,30,148,control,-0.00911157825156518
15,10,148,control,-0.00409977073418129
15,30,148,control,0.00462856404066119
18,10,148,control,0.00333158088446086
18,30,148,control,0.02404930924877544
21,10,148,control,-0.00662157069354664
21,30,148,control,0.02782062575876535
24,10,148,control,-0.01234759637064646
24,30,148,control,-0.01937485747906305
27,10,148,control,-0.02440665966551832
27,30,148,control,0.00531748021395594
30,10,148,control,0.04152246951070354
30,30,148,control,-0.00403101867356426
33,10,148,control,0.01880870674320576
33,30,148,control,0.0094912268147076
36,10,148,control,-0.02232364345248604
36,30,148,control,-0.02205458494945711
39,10,148,control,-0.03545987143685061
39,30,148,control,-0.02500629235894989
42,10,148,control,-0.03393007467797315
42,30,148,control,-0.00472006892694476
45,10,148,control,7.5192650795738e-4
45,30,148,control,-0.01046592570855163
48,10,148,control,0.03532560383970724
48,30,148,control,0.00849313586517943
0,10,149,control,-0.06901046373464645
0,30,149,control,-0.05236021035265634
3,10,149,control,-0.01213936607620269
3,30,149,control,-0.02915064293528383
6,10,149,control,0.02050846567682051
6,30,149,control,-0.00736395558371712
9,10,149,control,-0.0116416138431042
9,30,149,control,-0.01433171957286617
12,10,149,control,-0.0318813350560182
12,30,149,control,0.01387410710330961
15,10,149,control,-0.0123564330552621
15,30,149,control,0.01640008007670797
18,10,149,control,-0.01121815397754387
18,30,149,control,0.03583068874685703
21,10,149,control,-0.01774825348955525
21,30,149,control,-0.03423695413506189
24,10,149,control,0.0316006663632355
24,30,149,control,-0.03470574013920375
27,10,149,control,0.056845551967518
27,30,149,control,0.0040869285878483
30,10,149,control,-0.04554351822136829
30,30,149,control,-0.0241088794070082
33,10,149,control,-0.00921517110929234
33,30,149,control,-0.01332613914009908
36,10,149,control,-0.00848849090812701
36,30,149,control,-0.05366324538967495
39,10,149,control,0.04800492042756841
39,30,149,control,0.00513697246528474
42,10,149,control,0.00744169393282968
42,30,149,control,0.01629424922658616
45,10,149,control,-0.0144149168259667
45,30,149,control,-0.00947523197317573
48,10,149,control,-0.02619825165175625
48,30,149,control,-0.02725432443171974
0,10,15,control,0.05878006915136434
0,30,15,control,0.0440108800002027
3,10,15,control,0.05538351547995529
3,30,15,control,0.01255396923217335
6,10,15,control,0.10259246688403652
6,30,15,control,0.00361899796165907
9,10,15,control,0.03956570797316711
9,30,15,control,0.04883173987120046
12,10,15,control,-0.00221388699638492
12,30,15,control,-0.00419416789130774
15,10,15,control,-0.00442600382243104
15,30,15,control,-0.0013232849214802
18,10,15,control,0.013047131024294
18,30,15,control,0.03843332061511977
21,10,15,control,0.01446966189702761
21,30,15,control,-0.00493935036237567
24,10,15,control,-0.01484947976875
24,30,15,control,0.0752286697806381
27,10,15,control,0.04771366072311271
27,30,15,control,0.03326926060349699
30,10,15,control,0.00118385692067693
30,30,15,control,-0.01968030448900771
33,10,15,control,-0.03374054218696503
33,30,15,control,-0.04686822391076238
36,10,15,control,-0.0134623583517146
36,30,15,control,0.0223308380411387
39,10,15,control,-0.0249076179981453
39,30,15,control,-0.05064019030359196
42,10,15,control,-0.01537069351713267
42,30,15,control,-0.02508059408521431
45,10,15,control,0.03360506364012994
45,30,15,control,0.00453127940408356
48,10,15,control,0.00508126369797952
48,30,15,control,-0.0407843516996994
0,10,150,control,-0.08782351460132257
0,30,150,control,-0.03426382278764861
3,10,150,control,0.00825386291871573
3,30,150,control,-0.03287987449341643
6,10,150,control,0.00526724095780061
6,30,150,control,-0.03686247720702566
9,10,150,control,-0.07958138569963406
9,30,150,control,-0.05708524537113171
12,10,150,control,0.04405003126502119
12,30,150,control,-0.076685736081464
15,10,150,control,-0.01704868819998343
15,30,150,control,-0.08580990799025554
18,10,150,control,-0.02250272929192254
18,30,150,control,-0.04519707772150254
21,10,150,control,-0.09391648191469174
21,30,150,control,-0.0578638479047848
24,10,150,control,-0.04808087752605294
24,30,150,control,-0.04523951273316513
27,10,150,control,0.0188142561107511
27,30,150,control,-0.06134801558893271
30,10,150,control,0.05430624921230943
30,30,150,control,-0.04567402904426766
33,10,150,control,-0.0478732353879331
33,30,150,control,-0.01451001732590339
36,10,150,control,-0.09704396730598464
36,30,150,control,-0.05153674858026244
39,10,150,control,-0.03567246042408992
39,30,150,control,-0.05037961811340802
42,10,150,control,0.00623227952490294
42,30,150,control,-0.02324456868067476
45,10,150,control,0.02988920857134864
45,30,150,control,-0.0447342524981576
48,10,150,control,0.04940947851469115
48,30,150,control,-0.06976442298457208
0,10,151,control,0.00184676514220545
0,30,151,control,0.03597526798830679
3,10,151,control,0.05653651738809025
3,30,151,control,0.04051232273291186
6,10,151,control,0.06419949829990032
6,30,151,control,0.07682203965459775
9,10,151,control,0.02486023797637461
9,30,151,control,0.04795680161368045
12,10,151,control,0.04841945551842987
12,30,151,control,0.06546615532780002
15,10,151,control,0.05884101709067656
15,30,151,control,0.02149019570218946
18,10,151,control,0.02802414949321817
18,30,151,control,0.07755889259931929
21,10,151,control,0.03100649473319343
21,30,151,control,0.07147515668675482
24,10,151,control,0.01871351334477089
24,30,151,control,0.04890039290993741
27,10,151,control,0.08422681792963431
27,30,151,control,0.04091609786501562
30,10,151,control,0.04101731437713244
30,30,151,control,0.116944549078182
33,10,151,control,0.018989773965741
33,30,151,control,0.05378139356549919
36,10,151,control,0.00340012045211229
36,30,151,control,0.0151458921791128
39,10,151,control,0.0291198640540371
39,30,151,control,0.04083866018374762
42,10,151,control,0.02414133417218426
42,30,151,control,0.02947062746607897
45,10,151,control,0.04172997866247618
45,30,151,control,0.035706955904044733
48,10,151,control,-0.01884312975694039
48,30,151,control,0.03444159757098666
0,10,152,control,0.02010294858864087
0,30,152,control,-0.00289174642796934
3,10,152,control,0.0823611020891033
3,30,152,control,-0.02593950268855556
6,10,152,control,0.05400398925957662
6,30,152,control,0.03596536127691348
9,10,152,control,-0.00873773614754216
9,30,152,control,0.06094749779488854
12,10,152,control,-0.04915881215046611
12,30,152,control,-0.02306675882808525
15,10,152,control,0.0228085832186997
15,30,152,control,0.03230048849586154
18,10,152,control,0.02626996480854088
18,30,152,control,0.03869004981442517
21,10,152,control,-0.01894078795727508
21,30,152,control,0.01714377059872652
24,10,152,control,0.01746588730358616
24,30,152,control,0.04791337968501552
27,10,152,control,0.01861876833452409
27,30,152,control,-0.02557721553415901
30,10,152,control,-0.02218680164186163
30,30,152,control,0.02884692360108981
33,10,152,control,-0.00699153932768172
33,30,152,control,0.00405208632523593
36,10,152,control,-0.01281180878674977
36,30,152,control,-0.0375256344454476
39,10,152,control,0.09655335281356188
39,30,152,control,0.04228133398488777
42,10,152,control,0.0445626226083913
42,30,152,control,-0.01412156954616539
45,10,152,control,0.02649227857288617
45,30,152,control,-0.01982770617956214
48,10,152,control,0.050118849528029
48,30,152,control,0.0120168973828809
0,10,153,control,-0.007560441230931
0,30,153,control,0.02798533506900175
3,10,153,control,-0.0134604252601965
3,30,153,control,-0.00706384191014002
6,10,153,control,0.00592511590163471
6,30,153,control,0.0149788784299774
9,10,153,control,0.02667009524839897
9,30,153,control,0.01538207113897784
12,10,153,control,0.0325606967258763
12,30,153,control,0.00653120068886257
15,10,153,control,0.01025429153167936
15,30,153,control,0.00166601311857625
18,10,153,control,-0.00328048804571067
18,30,153,control,0.02229323162636111
21,10,153,control,-0.02281063834819847
21,30,153,control,0.02066064386821816
24,10,153,control,-0.05667970580628011
24,30,153,control,0.01368544887397084
27,10,153,control,0.04886277708966229
27,30,153,control,-0.00357169910967843
30,10,153,control,-0.00733696212826383
30,30,153,control,0.02550522347121477
33,10,153,control,0.00271838404762228
33,30,153,control,0.01583239336064479
36,10,153,control,0.03313723616678119
36,30,153,control,-0.0019862335122924
39,10,153,control,0.00536120940099328
39,30,153,control,0.03111673483195232
42,10,153,control,-0.05456445870121582
42,30,153,control,0.03479287197025169
45,10,153,control,0.04743750475022742
45,30,153,control,0.03088005142786893
48,10,153,control,0.05943067023979518
48,30,153,control,-0.01226623229019027
0,10,154,control,3.1497380453363e-4
0,30,154,control,-0.02644698883689684
3,10,154,control,0.04029088445208915
3,30,154,control,-0.01841137294791771
6,10,154,control,-0.03839305033109631
6,30,154,control,-0.00571240218719982
9,10,154,control,0.00398153261470724
9,30,154,control,-0.01155026470056527
12,10,154,control,-0.03789716912595365
12,30,154,control,-0.01113910788494075
15,10,154,control,-0.03445642381393176
15,30,154,control,-0.03206823572208008
18,10,154,control,-0.02283241458376578
18,30,154,control,0.0092333867745006
21,10,154,control,0.03806797472154014
21,30,154,control,-0.00700432334148282
24,10,154,control,-0.03984355368479159
24,30,154,control,-0.01095584486237328
27,10,154,control,-0.03007773752984003
27,30,154,control,0.02624904035673059
30,10,154,control,0.00148767081627857
30,30,154,control,-0.03121118518591423
33,10,154,control,0.03121160519451751
33,30,154,control,0.01017616347839712
36,10,154,control,-0.05758267066704271
36,30,154,control,0.03113591639597634
39,10,154,control,0.06198706676066882
39,30,154,control,-0.00289080283012272
42,10,154,control,-0.07564646484467005
42,30,154,control,0.01380918001591964
45,10,154,control,0.02665763539616581
45,30,154,control,-0.00883866965353045
48,10,154,control,0.02694989118509689
48,30,154,control,8.1730812061545e-4
0,10,155,control,-0.0377247901284271
0,30,155,control,-0.09078914006953842
3,10,155,control,-0.02934400198032168
3,30,155,control,-0.02233996088968798
6,10,155,control,-0.00636369107753717
6,30,155,control,3.6790317843189e-4
9,10,155,control,-0.09731485652396868
9,30,155,control,-0.03639710209998047
12,10,155,control,-0.01116790025767054
12,30,155,control,-0.04098187039595631
15,10,155,control,-0.04399003211609696
15,30,155,control,-0.01442546904131671
18,10,155,control,-0.01347467387336444
18,30,155,control,-0.05507588696497707
21,10,155,control,-0.0956421780021952
21,30,155,control,-0.08614729507231865
24,10,155,control,-0.01995643896826278
24,30,155,control,-0.00338967086860737
27,10,155,control,0.01867654593005258
27,30,155,control,-0.06246267879952759
30,10,155,control,-0.09970203314991068
30,30,155,control,-0.04415272097350423
33,10,155,control,-0.04235501621346677
33,30,155,control,0.01963232288183986
36,10,155,control,-0.03350762862272255
36,30,155,control,-0.06674072317135918
39,10,155,control,-0.02906492937563882
39,30,155,control,-0.02727748257933701
42,10,155,control,-0.02612306827254233
42,30,155,control,-0.03936301641609879
45,10,155,control,-0.00630252800485113
45,30,155,control,-0.03760720637053422
48,10,155,control,-0.0684590836020332
48,30,155,control,-0.05757195308487859
0,10,156,control,0.13824028382562423
0,30,156,control,0.01642705376291909
3,10,156,control,0.05512926703169225
3,30,156,control,0.06420456757861408
6,10,156,control,0.04509503551648705
6,30,156,control,0.1082360645714278
9,10,156,control,0.09419193282633131
9,30,156,control,0.06028293928476527
12,10,156,control,0.13875354569791715
12,30,156,control,0.08595417412655187
15,10,156,control,0.0879314104613977
15,30,156,control,0.04165439250042023
18,10,156,control,0.02746081605656227
18,30,156,control,0.02618644066707703
21,10,156,control,0.1254598835291774
21,30,156,control,0.02736864556650257
24,10,156,control,0.09504714595604864
24,30,156,control,0.10505786770073684
27,10,156,control,0.01193013989086292
27,30,156,control,0.0900705162700734
30,10,156,control,0.07484490479329328
30,30,156,control,0.05777441870387483
33,10,156,control,0.0877196445573532
33,30,156,control,0.0685907882937959
36,10,156,control,0.10458151885555184
36,30,156,control,0.05279488253876866
39,10,156,control,0.02641874757566716
39,30,156,control,0.06751742419301372
42,10,156,control,0.03038487287060242
42,30,156,control,0.0989989364385181
45,10,156,control,0.12181643116739511
45,30,156,control,0.03151986157411105
48,10,156,control,0.1202858488492494
48,30,156,control,0.08222391413798281
0,10,157,control,0.01219906077447548
0,30,157,control,-0.02967529984840703
3,10,157,control,0.07063967201544386
3,30,157,control,-0.00534116200134014
6,10,157,control,0.01750570184743949
6,30,157,control,0.01312981205844443
9,10,157,control,0.04602771490079396
9,30,157,control,-0.00972587636793539
12,10,157,control,0.03389265188455295
12,30,157,control,0.02524078244759894
15,10,157,control,0.03010422961853597
15,30,157,control,0.00516106236098772
18,10,157,control,0.02370072514935285
18,30,157,control,0.08929985833332474
21,10,157,control,0.04545815768620024
21,30,157,control,0.02077799769783941
24,10,157,control,0.06000015617078828
24,30,157,control,0.04360503112697771
27,10,157,control,-0.01925567370494334
27,30,157,control,0.04776991549799434
30,10,157,control,0.06868888536450178
30,30,157,control,0.06609896532759826
33,10,157,control,-0.02195594672896652
33,30,157,control,0.02738395904289557
36,10,157,control,0.03484303828545974
36,30,157,control,0.02489696536472834
39,10,157,control,-0.0073851459800718
39,30,157,control,0.03434670423055605
42,10,157,control,0.08370009482152348
42,30,157,control,0.03027575037226482
45,10,157,control,0.03917121839405855
45,30,157,control,-0.01605747205858437
48,10,157,control,0.0147790968081107
48,30,157,control,0.06981155103071783
0,10,158,control,0.00568035375280451
0,30,158,control,-0.03418479675355648
3,10,158,control,-0.0188537031169721
3,30,158,control,-0.06881735484670878
6,10,158,control,-7.2539816199219e-4
6,30,158,control,-0.05347095268867616
9,10,158,control,-0.01924139049107334
9,30,158,control,-0.07178685425555931
12,10,158,control,-0.03394201527397593
12,30,158,control,-0.08556791687391385
15,10,158,control,-0.02796071994470578
15,30,158,control,-0.1062130438783538
18,10,158,control,-0.01249065034528696
18,30,158,control,-0.09036745368930446
21,10,158,control,-0.06525768000601595
21,30,158,control,-0.06555040986599221
24,10,158,control,0.00125856880845732
24,30,158,control,-0.04316436679377616
27,10,158,control,-0.1052004952071708
27,30,158,control,-0.0909166723021737
30,10,158,control,-0.05879560246220949
30,30,158,control,-0.04384526859762846
33,10,158,control,-0.06613951171177855
33,30,158,control,-0.06008570602153461
36,10,158,control,-0.05468087516394149
36,30,158,control,-0.06526590843666727
39,10,158,control,-0.04476016744481323
39,30,158,control,-0.07926380633093404
42,10,158,control,-0.0980721605583629
42,30,158,control,-0.11675536547560816
45,10,158,control,-0.0405364410295858
45,30,158,control,-0.09498415389367423
48,10,158,control,-0.0532952282815816
48,30,158,control,-0.04735360256068768
0,10,159,control,-0.07910808033351797
0,30,159,control,-0.06235725895526886
3,10,159,control,-0.17002407298876035
3,30,159,control,-0.09656529043664128
6,10,159,control,-0.03850747714790397
6,30,159,control,-0.05626759416267595
9,10,159,control,-0.09054598236075367
9,30,159,control,-0.14490300930971395
12,10,159,control,-0.04635858253086234
12,30,159,control,-0.08007819075508747
15,10,159,control,-0.20215289809049583
15,30,159,control,-0.08404743133683638
18,10,159,control,-0.07169242124944318
18,30,159,control,-0.12449843160663691
21,10,159,control,-0.0807652671443041
21,30,159,control,-0.1005972606426955
24,10,159,control,-0.15153547879100815
24,30,159,control,-0.02614518171573226
27,10,159,control,-0.02385291972187339
27,30,159,control,-0.08937166427614428
30,10,159,control,-0.14915352969819357
30,30,159,control,-0.13766330825938758
33,10,159,control,-0.08815917321982064
33,30,159,control,-0.13493891085232249
36,10,159,control,-0.07899844871284274
36,30,159,control,-0.14687554395555738
39,10,159,control,-0.07296964781916017
39,30,159,control,-0.05380800886393635
42,10,159,control,-0.06177543864692648
42,30,159,control,-0.05145153494617907
45,10,159,control,-0.0837586916106103
45,30,159,control,-0.09740715154880496
48,10,159,control,-0.14062802572435276
48,30,159,control,-0.16465569921951384
0,10,16,control,-0.00934908939732456
0,30,16,control,-0.021578940698409
3,10,16,control,-0.05140705800899452
3,30,16,control,-0.03589753635310615
6,10,16,control,0.0351111263377752
6,30,16,control,-0.02538312013175905
9,10,16,control,-0.03595975107577678
9,30,16,control,-0.00508853397740099
12,10,16,control,0.01237277963099336
12,30,16,control,-0.00852266083664393
15,10,16,control,0.00981268555370126
15,30,16,control,0.00971829298125045
18,10,16,control,-0.02775490651509489
18,30,16,control,0.03714438048877185
21,10,16,control,0.05583648564385642
21,30,16,control,0.0127703483125096
24,10,16,control,0.02693833491329756
24,30,16,control,-0.01125818106350936
27,10,16,control,-0.04343135132676777
27,30,16,control,0.00846566671218026
30,10,16,control,-0.03791367188441667
30,30,16,control,-0.03896429031938824
33,10,16,control,-0.00300709410985774
33,30,16,control,-0.00659209410850524
36,10,16,control,-0.04535835692638864
36,30,16,control,-0.063338728120613
39,10,16,control,0.02354373280939427
39,30,16,control,-0.03288084030737664
42,10,16,control,-0.03180007188784418
42,30,16,control,-0.02380879913306051
45,10,16,control,-0.04417930831278992
45,30,16,control,-0.0386036490905778
48,10,16,control,-0.05412608463346529
48,30,16,control,-0.01298752777086203
0,10,160,control,-0.0411409573998075
0,30,160,control,0.01902761792402958
3,10,160,control,-0.01183240978645399
3,30,160,control,0.03152393312705677
6,10,160,control,0.05704503254149337
6,30,160,control,0.05139498821019811
9,10,160,control,0.05441376304204812
9,30,160,control,0.02655112293429163
12,10,160,control,0.02403367132430612
12,30,160,control,0.04681711497922383
15,10,160,control,-0.0220390944152608
15,30,160,control,0.03130038322215591
18,10,160,control,0.02625556002054749
18,30,160,control,0.02430449770191976
21,10,160,control,-0.02290215394112768
21,30,160,control,0.02401513425657465
24,10,160,control,0.0431912033356924
24,30,160,control,0.04529909231180344
27,10,160,control,0.07274294058464395
27,30,160,control,0.0141691729943871
30,10,160,control,0.04381696576867057
30,30,160,control,-0.00382141785705226
33,10,160,control,-0.01667322176134155
33,30,160,control,0.01103319168096107
36,10,160,control,0.05255039249639997
36,30,160,control,0.02160735521932418
39,10,160,control,0.03112321546208876
39,30,160,control,0.03130417376727704
42,10,160,control,0.02897306562853923
42,30,160,control,0.01100264920136552
45,10,160,control,0.07265350601224115
45,30,160,control,0.06383732929358073
48,10,160,control,-1.6717442441625457e-5
48,30,160,control,-0.01893259542991638
0,10,161,control,-0.01564573779227669
0,30,161,control,0.05439884006359315
3,10,161,control,-0.04376636901295559
3,30,161,control,0.03053986903721623
6,10,161,control,-0.01817486043199848
6,30,161,control,-0.00918018770224123
9,10,161,control,0.03509806774005433
9,30,161,control,-0.00913934257709076
12,10,161,control,0.02409063830034661
12,30,161,control,-0.04492441473178629
15,10,161,control,-0.03638142625840182
15,30,161,control,-0.01532211751137454
18,10,161,control,-0.06677187827684032
18,30,161,control,0.00973398779108289
21,10,161,control,-0.03869239187331193
21,30,161,control,0.01064769339587895
24,10,161,control,-0.04085563203177661
24,30,161,control,-0.02997636456028169
27,10,161,control,-0.01266342625531404
27,30,161,control,-0.02826576128215481
30,10,161,control,0.02985647608055056
30,30,161,control,0.01127030345742279
33,10,161,control,0.0379472109938372
33,30,161,control,-0.02179160696029456
36,10,161,control,0.0227453644670202
36,30,161,control,-0.02300368252770305
39,10,161,control,-0.03911611780702929
39,30,161,control,-0.04585211390341597
42,10,161,control,-0.04056793866079256
42,30,161,control,-0.02954344133485507
45,10,161,control,0.0194567282024679
45,30,161,control,-0.01136935154579222
48,10,161,control,0.00131285833656174
48,30,161,control,0.0254328714302021
0,10,162,control,0.00424137935806461
0,30,162,control,-0.01870691967593267
3,10,162,control,-0.00390969471752331
3,30,162,control,-0.01900224515292433
6,10,162,control,-0.01928072271414344
6,30,162,control,-0.02529229587012921
9,10,162,control,-0.02313043950370501
9,30,162,control,-0.0421107452374509
12,10,162,control,-0.0389841765298171
12,30,162,control,-0.02568765517347489
15,10,162,control,-0.02170963122120242
15,30,162,control,-0.03651562437348311
18,10,162,control,0.00334348636740791
18,30,162,control,-0.03999062260721282
21,10,162,control,0.01176787200488936
21,30,162,control,-0.00514946901156441
24,10,162,control,0.03371175900769085
24,30,162,control,-0.00446451866650221
27,10,162,control,-0.01167639653498723
27,30,162,control,-0.01562185228050518
30,10,162,control,0.00862654852784628
30,30,162,control,-7.3573619622343e-4
33,10,162,control,0.01090467010311351
33,30,162,control,-0.02051737471442609
36,10,162,control,0.00708367807364255
36,30,162,control,-0.07146772701518997
39,10,162,control,-0.03147722960665275
39,30,162,control,-0.02832835922061234
42,10,162,control,-0.01109608103007414
42,30,162,control,-0.05439468170564757
45,10,162,control,0.01336635518073512
45,30,162,control,-0.01699203001825099
48,10,162,control,0.01713733695834141
48,30,162,control,0.01940412774649704
0,10,163,control,0.02653165308559316
0,30,163,control,-0.0320459755125646
3,10,163,control,-0.00628660131478183
3,30,163,control,0.00744000673212673
6,10,163,control,-0.0049886182894706
6,30,163,control,0.00508921677839185
9,10,163,control,-0.03787950052039846
9,30,163,control,-0.00738460051855586
12,10,163,control,0.00929854073389587
12,30,163,control,-0.02515608534411486
15,10,163,control,-0.00652425398114796
15,30,163,control,-0.0150465021399607
18,10,163,control,-0.03790166060863814
18,30,163,control,-0.01084538517086244
21,10,163,control,-0.0132341272923819
21,30,163,control,0.00781427184999931
24,10,163,control,5.0068976212798e-4
24,30,163,control,-3.427271423832513e-5
27,10,163,control,-0.06880997478665032
27,30,163,control,-0.02879888509257343
30,10,163,control,-0.014811971749697
30,30,163,control,0.00737654612155549
33,10,163,control,0.02820271624610817
33,30,163,control,0.01302873704758
36,10,163,control,-0.01862179372821877
36,30,163,control,0.00293500182557935
39,10,163,control,-0.02232019412972722
39,30,163,control,0.01128421298530269
42,10,163,control,0.00879458053306879
42,30,163,control,-0.00305946633008327
45,10,163,control,0.07706892406622125
45,30,163,control,0.02032925230124956
48,10,163,control,-0.05053116602204269
48,30,163,control,0.05323646575220667
0,10,164,control,-0.00562220392468587
0,30,164,control,-0.07454237053584994
3,10,164,control,-0.06285590635192234
3,30,164,control,-0.05737576369263771
6,10,164,control,-0.06626480783494525
6,30,164,control,-0.05184655801741231
9,10,164,control,0.00817503755636552
9,30,164,control,-0.00335603544486361
12,10,164,control,-0.01792111217174134
12,30,164,control,-0.03112431220342098
15,10,164,control,0.00188812095712181
15,30,164,control,-0.05721502233535559
18,10,164,control,-0.0481135024362197
18,30,164,control,-0.08211223674211668
21,10,164,control,-0.01024754592432567
21,30,164,control,-0.05590123467104904
24,10,164,control,-0.06236895708383729
24,30,164,control,-0.03607694602777356
27,10,164,control,0.03208378380757973
27,30,164,control,-0.07113842900600764
30,10,164,control,-0.10910901910695756
30,30,164,control,-0.05127192799687946
33,10,164,control,-0.02794118854815671
33,30,164,control,-0.07851788161932088
36,10,164,control,-0.05687663088333826
36,30,164,control,-0.03025515241395556
39,10,164,control,-0.03793380027242577
39,30,164,control,-0.10804707622827447
42,10,164,control,-0.07379958532688337
42,30,164,control,-0.00953055614239874
45,10,164,control,-0.04060870733326637
45,30,164,control,-0.0879178465457847
48,10,164,control,-0.058509981904162
48,30,164,control,-0.02836564922019879
0,10,165,control,-0.04908091631648924
0,30,165,control,-0.04810900106986026
3,10,165,control,-0.02131311532683797
3,30,165,control,0.02985025535539869
6,10,165,control,-0.01234622594989338
6,30,165,control,0.0080118140221365
9,10,165,control,0.0023319373472021
9,30,165,control,-0.01386304303781469
12,10,165,control,-0.07335681026483525
12,30,165,control,-0.01308961226268292
15,10,165,control,7.4198271553975e-4
15,30,165,control,-0.04094842587890571
18,10,165,control,0.0181424105271633
18,30,165,control,0.02219756618653966
21,10,165,control,-0.04568133521464575
21,30,165,control,0.03974207442740471
24,10,165,control,-0.05690176455257977
24,30,165,control,-0.03196021183955769
27,10,165,control,-0.07206714256512066
27,30,165,control,-0.03721893581810678
30,10,165,control,-3.9893509222043e-4
30,30,165,control,-0.05305904019961949
33,10,165,control,-0.02236709894239953
33,30,165,control,-0.04094313350914733
36,10,165,control,-0.0210474229193296
36,30,165,control,-0.0436216337988433
39,10,165,control,0.09214390746828358
39,30,165,control,0.02741279479810946
42,10,165,control,-0.02495616374544197
42,30,165,control,-7.4709969595508e-4
45,10,165,control,-0.05586102540803494
45,30,165,control,-0.07850703450492852
48,10,165,control,0.03630965888873257
48,30,165,control,0.03162724996566538
0,10,166,control,-0.03873577318296031
0,30,166,control,0.00239502278365336
3,10,166,control,-0.06820395077996969
3,30,166,control,0.04827689403211297
6,10,166,control,0.01129310576435537
6,30,166,control,0.04610171498293238
9,10,166,control,-0.01672210548899961
9,30,166,control,0.02032947541597458
12,10,166,control,0.03382483748034962
12,30,166,control,0.04684095107355285
15,10,166,control,0.01262834281897527
15,30,166,control,4.159507426992e-4
18,10,166,control,-0.00949875348682232
18,30,166,control,0.04857546004373129
21,10,166,control,0.04946307235343217
21,30,166,control,-0.04054905830054427
24,10,166,control,-0.00900391284094395
24,30,166,control,-8.7259761475197e-4
27,10,166,control,0.02133551505160344
27,30,166,control,0.00241738645752328
30,10,166,control,-0.05952212660639757
30,30,166,control,0.01662841354735727
33,10,166,control,-0.02276635621335904
33,30,166,control,-0.02557216072569361
36,10,166,control,-0.00468866993455372
36,30,166,control,0.06043678608862642
39,10,166,control,0.04186941844012727
39,30,166,control,-0.01592127067908224
42,10,166,control,-0.05168541430321711
42,30,166,control,-0.08111963343723658
45,10,166,control,-0.01898762149270736
45,30,166,control,0.01237203199176806
48,10,166,control,0.01490141531068193
48,30,166,control,0.01169508988380192
0,10,167,control,-0.01141490531051684
0,30,167,control,0.06889779205957511
3,10,167,control,-0.00766443762133737
3,30,167,control,0.01848887851944254
6,10,167,control,-0.03460403930048407
6,30,167,control,0.02182047742080017
9,10,167,control,9.7217437693938e-4
9,30,167,control,0.02809396492792121
12,10,167,control,-0.10313734700284637
12,30,167,control,-0.00822879016199866
15,10,167,control,-0.04985096257566183
15,30,167,control,-3.5316264942711e-4
18,10,167,control,0.03018266913614678
18,30,167,control,0.03272869095208824
21,10,167,control,-0.04377409967947587
21,30,167,control,-0.01223085406821662
24,10,167,control,0.01604176936377448
24,30,167,control,0.00581358489645118
27,10,167,control,-0.04003703710249591
27,30,167,control,0.01370772856555474
30,10,167,control,0.03324007176310454
30,30,167,control,0.03337342524695909
33,10,167,control,-0.02280395402206088
33,30,167,control,-0.00263277437920682
36,10,167,control,-0.01278113987444162
36,30,167,control,-0.00606300505816719
39,10,167,control,-0.01496519022987659
39,30,167,control,0.03726362884575294
42,10,167,control,0.01699274519006909
42,30,167,control,0.00668497350787858
45,10,167,control,-0.03753170908558631
45,30,167,control,0.02196365265080983
48,10,167,control,-0.02625446393712345
48,30,167,control,0.05071288770218517
0,10,168,control,-0.02508894635644861
0,30,168,control,-0.01863971681715099
3,10,168,control,0.09099830144741262
3,30,168,control,0.04447255415378112
6,10,168,control,0.01906947431231668
6,30,168,control,0.04903556273862875
9,10,168,control,-0.02059322801944102
9,30,168,control,0.0397178584920217
12,10,168,control,-0.01975989126203264
12,30,168,control,0.00975040952555304
15,10,168,control,0.02861279816011521
15,30,168,control,0.07138546941541933
18,10,168,control,0.0472740031543813
18,30,168,control,0.10947762053809022
21,10,168,control,-0.01613915975752989
21,30,168,control,0.00679166919319308
24,10,168,control,0.07106325551906122
24,30,168,control,-0.05501315931078549
27,10,168,control,0.05100519898464099
27,30,168,control,0.01592935690036929
30,10,168,control,0.0764335698941793
30,30,168,control,-0.01268280401583683
33,10,168,control,0.03000318509252649
33,30,168,control,0.05977293634815464
36,10,168,control,0.08552491669973943
36,30,168,control,0.05185721407405964
39,10,168,control,0.09810169609161597
39,30,168,control,0.03382225680808692
42,10,168,control,0.12756822833277756
42,30,168,control,0.04989236282190687
45,10,168,control,0.05614700540711689
45,30,168,control,0.0176068353533207
48,10,168,control,0.02607534594507324
48,30,168,control,0.05709389257170539
0,10,169,control,-0.00851584016913886
0,30,169,control,0.02639071997938311
3,10,169,control,0.02852638725817069
3,30,169,control,0.03525823001058284
6,10,169,control,0.01148000914520297
6,30,169,control,0.03195296326331624
9,10,169,control,0.04186627642345801
9,30,169,control,0.03776690980827487
12,10,169,control,0.00312812187068993
12,30,169,control,0.04295437365998376
15,10,169,control,0.04898853154279418
15,30,169,control,0.03609901144775143
18,10,169,control,0.04473577863975473
18,30,169,control,0.05758032434074121
21,10,169,control,0.01069115682644278
21,30,169,control,0.02027231662181065
24,10,169,control,0.01823716517530414
24,30,169,control,0.02920183437995795
27,10,169,control,0.03476134781854899
27,30,169,control,0.02855100497649879
30,10,169,control,0.04608854050466371
30,30,169,control,0.04930790218172114
33,10,169,control,0.0286144662852682
33,30,169,control,0.0388959382251658
36,10,169,control,0.0098378096317182
36,30,169,control,0.0084543352069205
39,10,169,control,0.03727839350015897
39,30,169,control,0.0439047251407126
42,10,169,control,0.03295205548484788
42,30,169,control,0.01863705906019014
45,10,169,control,0.05920421378708078
45,30,169,control,0.03789976148920309
48,10,169,control,0.02512142841525607
48,30,169,control,0.03104805568426953
0,10,17,control,0.03209066085452696
0,30,17,control,-0.01698212370906109
3,10,17,control,-0.06450913945228964
3,30,17,control,-0.06397969813275547
6,10,17,control,-0.0311329518024749
6,30,17,control,-0.00516080854693261
9,10,17,control,0.05487903764575898
9,30,17,control,-0.04357046843169945
12,10,17,control,-0.04144547230726272
12,30,17,control,-0.00861230090004008
15,10,17,control,0.00771162113667747
15,30,17,control,0.00639269490199184
18,10,17,control,-0.0380619886725547
18,30,17,control,0.03212964660056741
21,10,17,control,-0.06853635372344746
21,30,17,control,-0.07838715983987209
24,10,17,control,0.03815094538986813
24,30,17,control,-0.03532775163146135
27,10,17,control,8.0675697582363e-4
27,30,17,control,-0.04123362425148419
30,10,17,control,-0.06360342573880086
30,30,17,control,-0.05397811631339858
33,10,17,control,-0.03085839236495709
33,30,17,control,-0.04106384299896382
36,10,17,control,-0.01809067828997559
36,30,17,control,-0.00277395348133052
39,10,17,control,-0.05145464851779661
39,30,17,control,-0.05103403022894144
42,10,17,control,-0.06194221244550927
42,30,17,control,-0.05747011596434583
45,10,17,control,-0.08797246427298719
45,30,17,control,-0.06119068124957383
48,10,17,control,-0.03907182274000738
48,30,17,control,-0.05481501836947326
0,10,170,control,-0.07335705420865872
0,30,170,control,-0.00277834032231208
3,10,170,control,-0.03173708907348529
3,30,170,control,0.00407882455743043
6,10,170,control,0.04187213225550652
6,30,170,control,-3.8182490433664e-4
9,10,170,control,-0.03229955631563514
9,30,170,control,-0.00692221191334263
12,10,170,control,-0.01235485326501835
12,30,170,control,0.00657192500232257
15,10,170,control,-0.02983934475162808
15,30,170,control,0.01724982371923772
18,10,170,control,-0.0045834089176198
18,30,170,control,0.0221182678081018
21,10,170,control,-0.02754283152246915
21,30,170,control,-0.03021911180460138
24,10,170,control,0.01189712675671573
24,30,170,control,-0.0031336338971429
27,10,170,control,0.01208786010691326
27,30,170,control,-0.01796648560082065
30,10,170,control,0.01391835511092422
30,30,170,control,-0.0143079337996431
33,10,170,control,-0.03381522941636192
33,30,170,control,2.6616142994633e-4
36,10,170,control,-0.03368351753913718
36,30,170,control,-0.04269907179119795
39,10,170,control,0.00390329887037062
39,30,170,control,-0.02459417380963107
42,10,170,control,0.0442954265041821
42,30,170,control,0.00754003093247642
45,10,170,control,0.01026018938011555
45,30,170,control,-0.00297247576588899
48,10,170,control,-0.02483615228539079
48,30,170,control,0.02195656925799422
0,10,171,control,-0.0660725406075071
0,30,171,control,-0.03327558116505438
3,10,171,control,-0.02845431692663248
3,30,171,control,0.03248347086699988
6,10,171,control,-0.0099665395518801
6,30,171,control,-0.06180139121291224
9,10,171,control,-0.03831850038711058
9,30,171,control,-0.01583392269429139
12,10,171,control,-0.02912041245267032
12,30,171,control,1.159916460471e-4
15,10,171,control,-0.03270273625282815
15,30,171,control,-0.04154508452927997
18,10,171,control,-0.00996279332472989
18,30,171,control,0.00316028333086243
21,10,171,control,-0.00722899312010615
21,30,171,control,-0.02220170079607502
24,10,171,control,-0.05811008710011562
24,30,171,control,-0.10171049417062362
27,10,171,control,-0.07814758516195656
27,30,171,control,-0.05603767403641258
30,10,171,control,-0.02932293751336759
30,30,171,control,-0.0765549152464294
33,10,171,control,0.01295746198978873
33,30,171,control,-0.01893709233864496
36,10,171,control,0.01530055738857507
36,30,171,control,-0.01599243015585386
39,10,171,control,0.0085663938672734
39,30,171,control,-0.02876210630338874
42,10,171,control,-0.03791944530767455
42,30,171,control,-0.05253739217152824
45,10,171,control,0.00937895086469722
45,30,171,control,-0.06481159274961909
48,10,171,control,-0.04488980845462332
48,30,171,control,-0.08954383648502098
0,10,172,control,0.04950140422939145
0,30,172,control,0.06894585460270107
3,10,172,control,0.02834179083305183
3,30,172,control,0.07387730340492372
6,10,172,control,0.03048359457411943
6,30,172,control,0.0158326098627793
9,10,172,control,0.0779680281363095
9,30,172,control,0.02265006234100463
12,10,172,control,0.05024416954649676
12,30,172,control,0.07507696968197215
15,10,172,control,0.05094139772883471
15,30,172,control,0.05156307243028662
18,10,172,control,0.02347188628252456
18,30,172,control,0.0569121937021031
21,10,172,control,0.0933759029832743
21,30,172,control,0.02726900077753374
24,10,172,control,0.05371792216925358
24,30,172,control,0.04393243192176337
27,10,172,control,0.04363981008484902
27,30,172,control,0.07289201857497436
30,10,172,control,-0.00273685720654463
30,30,172,control,0.07203897741866903
33,10,172,control,-0.01198208870569304
33,30,172,control,0.06407693861263128
36,10,172,control,-0.0105610226658685
36,30,172,control,0.00623854804928382
39,10,172,control,0.03821904094382543
39,30,172,control,0.07299268988943769
42,10,172,control,-0.00236582286268856
42,30,172,control,0.05855872937539631
45,10,172,control,0.01583531952924692
45,30,172,control,0.04990147379243417
48,10,172,control,0.06816487181577169
48,30,172,control,0.03280454808327025
0,10,173,control,-0.02088388563819207
0,30,173,control,0.03078559768472042
3,10,173,control,0.10061421995047024
3,30,173,control,7.4320428456043e-4
6,10,173,control,0.05136686675783752
6,30,173,control,0.03022482392102731
9,10,173,control,0.01087077337874197
9,30,173,control,-0.0172752494825799
12,10,173,control,-0.00671189331081277
12,30,173,control,0.02432449476875139
15,10,173,control,0.03106021550394192
15,30,173,control,0.02277449856447622
18,10,173,control,0.02274494004515423
18,30,173,control,0.0117995825408732
21,10,173,control,-0.01522983594276816
21,30,173,control,0.01379943326733935
24,10,173,control,-0.02272195430217605
24,30,173,control,0.00254018660229139
27,10,173,control,0.03277521116468476
27,30,173,control,0.00190897452499977
30,10,173,control,0.04355152924558148
30,30,173,control,0.03827691671553575
33,10,173,control,0.01230472201403717
33,30,173,control,0.03994794224493278
36,10,173,control,0.04463420711245332
36,30,173,control,0.02619075184603082
39,10,173,control,0.05280360302136457
39,30,173,control,0.03546342725261634
42,10,173,control,0.05508524702432813
42,30,173,control,0.03435010814914882
45,10,173,control,0.00758877369534772
45,30,173,control,0.03295059662003165
48,10,173,control,0.04246074360130356
48,30,173,control,0.07659497463648275
0,10,174,control,0.04161554494454865
0,30,174,control,0.00487366245826496
3,10,174,control,0.0347511056289545
3,30,174,control,0.03688728577264737
6,10,174,control,0.02434593536177892
6,30,174,control,0.04569347523422636
9,10,174,control,0.03915389651880926
9,30,174,control,0.04468473055097291
12,10,174,control,0.03027044481180915
12,30,174,control,0.04008098086600534
15,10,174,control,0.07252752802705524
15,30,174,control,0.0165298767960653
18,10,174,control,0.02124053555103617
18,30,174,control,0.00864960860368435
21,10,174,control,0.04491100176491335
21,30,174,control,0.0132498199296909
24,10,174,control,-0.08324288356234442
24,30,174,control,0.04351280763123175
27,10,174,control,-0.02981085513014418
27,30,174,control,0.02717518800572751
30,10,174,control,0.030224086284224
30,30,174,control,0.03362463846809184
33,10,174,control,0.04268011330296007
33,30,174,control,0.06681279499486986
36,10,174,control,-0.03535217840515765
36,30,174,control,-0.0060405736065003
39,10,174,control,0.00832458690987303
39,30,174,control,0.0307393001794551
42,10,174,control,0.05265519023358517
42,30,174,control,0.0395394186354569
45,10,174,control,0.03979843895137523
45,30,174,control,0.01466911839060549
48,10,174,control,0.04278447232595532
48,30,174,control,0.05990662776940667
0,10,175,control,-0.10267201638079829
0,30,175,control,-0.09817091289653672
3,10,175,control,-0.0872276095648935
3,30,175,control,-0.05943070179620659
6,10,175,control,-0.03733986453447278
6,30,175,control,-0.04317546040578188
9,10,175,control,4.9457399410691e-4
9,30,175,control,-0.01190905831175383
12,10,175,control,-0.10029437787221532
12,30,175,control,-0.0428813310127024
15,10,175,control,-0.03331289063926974
15,30,175,control,-0.02061319024996565
18,10,175,control,-0.04308167862855943
18,30,175,control,-0.05928326150414366
21,10,175,control,-0.02684149392950805
21,30,175,control,-0.01870135597007839
24,10,175,control,-0.00567854362693545
24,30,175,control,-0.01662700654177374
27,10,175,control,0.00364018535808087
27,30,175,control,-0.02720477708722096
30,10,175,control,0.07282543961951173
30,30,175,control,-0.04541974935707899
33,10,175,control,-0.02931815814774357
33,30,175,control,-0.03652778799632776
36,10,175,control,0.00136067955643385
36,30,175,control,-0.05103083230487148
39,10,175,control,-0.06259297454641312
39,30,175,control,-0.06492539003918867
42,10,175,control,-0.08352178713236984
42,30,175,control,-0.06008004286217115
45,10,175,control,0.010827533732461
45,30,175,control,-0.06729404965259464
48,10,175,control,-0.03493171475512136
48,30,175,control,-0.10070574049216556
0,10,176,control,0.04971325860628611
0,30,176,control,0.00714380628906155
3,10,176,control,-0.00130860493779978
3,30,176,control,-0.02179264499936356
6,10,176,control,0.09482084819447284
6,30,176,control,0.06563242258059966
9,10,176,control,0.07952955308298747
9,30,176,control,-1.1938773185224e-4
12,10,176,control,-0.00137504656402499
12,30,176,control,0.06048069154504276
15,10,176,control,-0.01292801535717068
15,30,176,control,-0.00674250083336738
18,10,176,control,0.02155577690094527
18,30,176,control,0.01950949117936206
21,10,176,control,-0.0565882320833161
21,30,176,control,-0.0320467968207191
24,10,176,control,0.03909650991412582
24,30,176,control,-0.00118737163348756
27,10,176,control,0.0126825599485395
27,30,176,control,0.01881594261310289
30,10,176,control,0.10473355476710368
30,30,176,control,-0.02573308666892639
33,10,176,control,0.02207011229488607
33,30,176,control,-0.02713137108869946
36,10,176,control,-0.00110074342895283
36,30,176,control,-0.03260402031354762
39,10,176,control,0.07751267425044275
39,30,176,control,0.01311147265980554
42,10,176,control,0.00645971582547981
42,30,176,control,-0.01501659245184125
45,10,176,control,0.01212613797033961
45,30,176,control,9.0558834904068e-4
48,10,176,control,-0.00356768969496169
48,30,176,control,-0.02935212804701461
0,10,177,control,-0.09952422652816012
0,30,177,control,0.01151889221323207
3,10,177,control,0.00848235544204258
3,30,177,control,0.09049816448825618
6,10,177,control,-0.02245883819288267
6,30,177,control,-0.06329696253590646
9,10,177,control,-0.10165582911791876
9,30,177,control,0.04673683279267417
12,10,177,control,0.01638237712094257
12,30,177,control,-0.00227667681160148
15,10,177,control,-0.00370522890726446
15,30,177,control,0.00323121714334429
18,10,177,control,-0.02703501552610306
18,30,177,control,-0.04741973870731018
21,10,177,control,-0.00824618194831317
21,30,177,control,-0.06143187764052518
24,10,177,control,-0.05529861934224282
24,30,177,control,-0.02987967908156235
27,10,177,control,0.0673173529142249
27,30,177,control,-0.00391107964622487
30,10,177,control,0.03049687052232486
30,30,177,control,0.04693023653186646
33,10,177,control,-0.120296508169459
33,30,177,control,-0.0873313433275856
36,10,177,control,-0.014254321844634271
36,30,177,control,0.01360103834409785
39,10,177,control,0.03286719980892022
39,30,177,control,-0.05964847605637199
42,10,177,control,-0.00197766416492416
42,30,177,control,-0.0159388187693669
45,10,177,control,0.02322570381897514
45,30,177,control,-0.00919910364285149
48,10,177,control,-0.00101228017790147
48,30,177,control,-0.06543547464510663
0,10,178,control,0.06075985683569501
0,30,178,control,0.04277800967086376
3,10,178,control,0.02329446438793684
3,30,178,control,0.07131922348020696
6,10,178,control,0.046133701083447
6,30,178,control,0.02232294489741996
9,10,178,control,0.08289757772647904
9,30,178,control,0.076463463579389
12,10,178,control,-0.04840452417553777
12,30,178,control,0.10595260872343924
15,10,178,control,0.10045155064315844
15,30,178,control,0.10190709632731249
18,10,178,control,0.07592564955740808
18,30,178,control,0.04572208789353771
21,10,178,control,0.13706856067808557
21,30,178,control,0.08919390348285085
24,10,178,control,0.0549787064649714
24,30,178,control,0.10525005069670558
27,10,178,control,0.02980233284778357
27,30,178,control,0.07722770169846845
30,10,178,control,0.05057692845494993
30,30,178,control,0.07927383507750799
33,10,178,control,0.10712222869259204
33,30,178,control,0.06371039451924655
36,10,178,control,0.0616296932109801
36,30,178,control,0.0259264642814362
39,10,178,control,0.20709201421260923
39,30,178,control,0.12623312818873683
42,10,178,control,0.09789328472017828
42,30,178,control,0.07628705202757247
45,10,178,control,0.08652925197195815
45,30,178,control,0.04372450187523716
48,10,178,control,0.05261982610544584
48,30,178,control,0.10161824472721805
0,10,179,control,0.06099669136575837
0,30,179,control,0.0525089691771636
3,10,179,control,0.05344085536737371
3,30,179,control,0.05196439129054808
6,10,179,control,0.04711559899834827
6,30,179,control,0.08425006748763979
9,10,179,control,-9.1700334106691e-4
9,30,179,control,0.03884365529711324
12,10,179,control,0.05385980243255008
12,30,179,control,0.03310880738361192
15,10,179,control,0.04727082440649306
15,30,179,control,0.07160848875823536
18,10,179,control,0.0626707456080238
18,30,179,control,0.07117323319378312
21,10,179,control,0.02323790000710059
21,30,179,control,0.06558707089487809
24,10,179,control,0.05837008335492841
24,30,179,control,0.03743914216458115
27,10,179,control,0.06421160612887153
27,30,179,control,0.0668859126166877
30,10,179,control,0.02140039010714419
30,30,179,control,0.03628778899520307
33,10,179,control,0.01179745239037495
33,30,179,control,0.03177685977321434
36,10,179,control,0.0838366951577186
36,30,179,control,0.04549373634420867
39,10,179,control,0.06315791112982418
39,30,179,control,0.03216385928931702
42,10,179,control,0.0425850279976233
42,30,179,control,0.06746675741428995
45,10,179,control,0.00455115049997946
45,30,179,control,0.0463644399056246
48,10,179,control,-0.00334459505533755
48,30,179,control,0.0253777295972114
0,10,18,control,0.00906901549881775
0,30,18,control,0.07298857507042715
3,10,18,control,0.04847075268083387
3,30,18,control,0.09988765315953672
6,10,18,control,0.0367088641714951
6,30,18,control,0.1019489631436935
9,10,18,control,0.10409418261373296
9,30,18,control,0.04154311843883451
12,10,18,control,0.041528361207111
12,30,18,control,0.02981867893459234
15,10,18,control,0.05777444085354132
15,30,18,control,0.07611838169361536
18,10,18,control,0.08955410766560208
18,30,18,control,0.10304204500463857
21,10,18,control,0.08236022226437698
21,30,18,control,0.10447925912944188
24,10,18,control,0.06238900084707895
24,30,18,control,0.08027555953729493
27,10,18,control,0.09858396696292382
27,30,18,control,0.04484975604503388
30,10,18,control,0.08252498366454673
30,30,18,control,0.08733981640351035
33,10,18,control,0.11959133193064508
33,30,18,control,0.10424450153258426
36,10,18,control,0.1057872014184752
36,30,18,control,0.09263966669592674
39,10,18,control,0.10693502377000004
39,30,18,control,0.04481988087473455
42,10,18,control,0.01179837912962022
42,30,18,control,0.08075049872489665
45,10,18,control,-0.05536858644707593
45,30,18,control,0.06587209609492622
48,10,18,control,-0.01929074034421668
48,30,18,control,-0.00335541477578666
0,10,180,control,0.02866546764125914
0,30,180,control,0.01281112971299961
3,10,180,control,0.00966454716429606
3,30,180,control,0.07180020154944664
6,10,180,control,0.05017310534947523
6,30,180,control,0.05553954274451518
9,10,180,control,0.05020079703376165
9,30,180,control,-0.01819018575591973
12,10,180,control,-0.00739833424253971
12,30,180,control,-0.00336745351716373
15,10,180,control,0.02861451098108474
15,30,180,control,0.0093244406799752
18,10,180,control,-0.00592384147196375
18,30,180,control,0.01341378709581556
21,10,180,control,0.02673638888312195
21,30,180,control,-0.0132779611129149
24,10,180,control,-0.03639970606886675
24,30,180,control,0.05562378626738279
27,10,180,control,0.09816220310294052
27,30,180,control,0.01270156486036325
30,10,180,control,0.04155511018421288
30,30,180,control,0.04456645294177477
33,10,180,control,0.03315567167536319
33,30,180,control,0.04921261361761851
36,10,180,control,0.08610853743965398
36,30,180,control,0.02369908534422541
39,10,180,control,0.06542711488802146
39,30,180,control,0.03932607708733354
42,10,180,control,0.03928572675656089
42,30,180,control,0.06270632196096451
45,10,180,control,0.08093410666319062
45,30,180,control,0.05782813593013287
48,10,180,control,-0.03767603554083278
48,30,180,control,0.0397291964258006
0,10,181,control,0.01133645750575742
0,30,181,control,0.03116869492116249
3,10,181,control,0.06745364371795824
3,30,181,control,0.06705909493380702
6,10,181,control,0.0434243520078261
6,30,181,control,-0.00531538179494023
9,10,181,control,9.2920200456197e-4
9,30,181,control,0.04395017784273281
12,10,181,control,0.01056206607700082
12,30,181,control,0.01810759359301432
15,10,181,control,0.07797781031788675
15,30,181,control,0.12202556646446008
18,10,181,control,0.04993068992101462
18,30,181,control,0.08940658210410382
21,10,181,control,0.04534964730716258
21,30,181,control,0.08038495613490405
24,10,181,control,0.01791403369435085
24,30,181,control,0.06573913234842495
27,10,181,control,0.07417098828168059
27,30,181,control,0.0556131558161902
30,10,181,control,0.0186607265544879
30,30,181,control,0.07234594472432447
33,10,181,control,0.03494595174037708
33,30,181,control,0.06175898074696882
36,10,181,control,-0.00283397428209747
36,30,181,control,0.01872928597095955
39,10,181,control,0.05900357865227827
39,30,181,control,0.04609394449923536
42,10,181,control,0.04849665052750198
42,30,181,control,0.05290697500748773
45,10,181,control,0.009900846987433
45,30,181,control,0.04580995009781719
48,10,181,control,-0.02350909713715874
48,30,181,control,0.02836864464411657
0,10,182,control,-0.00697750852729638
0,30,182,control,-0.02425251493903071
3,10,182,control,0.03321694155548581
3,30,182,control,0.02965321916901525
6,10,182,control,0.00934330176681839
6,30,182,control,-0.01762684464614545
9,10,182,control,-0.01330775069579683
9,30,182,control,-0.01546895636519069
12,10,182,control,-0.05420579509372945
12,30,182,control,-0.03206213582181878
15,10,182,control,8.59687100648916e-5
15,30,182,control,-0.0116515267736936
18,10,182,control,0.01088970440712534
18,30,182,control,-0.00894668367312741
21,10,182,control,0.01103420231107129
21,30,182,control,0.01034853481792171
24,10,182,control,0.01817171743632952
24,30,182,control,-0.01963042708100899
27,10,182,control,-0.04183959938141055
27,30,182,control,-0.03360969667621492
30,10,182,control,0.10698102576776244
30,30,182,control,0.0479929245505838
33,10,182,control,0.06484918490393254
33,30,182,control,0.01998792489647015
36,10,182,control,0.08865753974453609
36,30,182,control,-0.02043568178513281
39,10,182,control,-0.02651244482116479
39,30,182,control,0.02200618523002779
42,10,182,control,-0.04365686964052261
42,30,182,control,-0.01157477097916894
45,10,182,control,0.02770231563795422
45,30,182,control,0.00770522744277038
48,10,182,control,0.02779480716983901
48,30,182,control,-0.01436404933806475
0,10,183,control,0.12198632007737568
0,30,183,control,-0.06435846776254665
3,10,183,control,-0.01387382003503659
3,30,183,control,0.0310292326914896
6,10,183,control,-0.07992350828875561
6,30,183,control,-0.08592677528427686
9,10,183,control,-0.02402796318100904
9,30,183,control,-0.10588887423430224
12,10,183,control,0.00420422331043127
12,30,183,control,-0.09054657776341156
15,10,183,control,0.02047558766353573
15,30,183,control,-0.11014967374929172
18,10,183,control,-0.06111488014925673
18,30,183,control,-0.1226479035070392
21,10,183,control,-0.1122666971742584
21,30,183,control,-0.11224879625784293
24,10,183,control,-0.04813598233466814
24,30,183,control,-0.04984942950367777
27,10,183,control,-0.00366264226830408
27,30,183,control,-0.06156910210677568
30,10,183,control,-0.08082199713780597
30,30,183,control,-0.03731649688430342
33,10,183,control,-0.0712772628872271
33,30,183,control,-0.0694112700323026
36,10,183,control,-0.08831060278089538
36,30,183,control,-0.03631706737759532
39,10,183,control,0.06167558307128568
39,30,183,control,-0.1006094193459544
42,10,183,control,-0.13864924271278095
42,30,183,control,-0.0856342495288205
45,10,183,control,0.01725427461401111
45,30,183,control,-0.09134709785803231
48,10,183,control,-0.04614228745242338
48,30,183,control,-0.03252463299502211
0,10,184,control,0.01078742151169052
0,30,184,control,0.02232820678176422
3,10,184,control,0.01829566354372179
3,30,184,control,0.05531673242789647
6,10,184,control,0.00239102929856275
6,30,184,control,0.01077908922263221
9,10,184,control,0.01838364539970956
9,30,184,control,0.01716366932327987
12,10,184,control,0.05467974632597026
12,30,184,control,0.024132403380514
15,10,184,control,-0.00610067530750916
15,30,184,control,0.05570542602557832
18,10,184,control,0.00775540086058139
18,30,184,control,0.05026983482599347
21,10,184,control,0.01193806260243691
21,30,184,control,-0.00352479791743983
24,10,184,control,0.03804292170627352
24,30,184,control,0.03708361876032989
27,10,184,control,0.01264513530331099
27,30,184,control,0.01950059789103621
30,10,184,control,0.0045199469927389
30,30,184,control,0.05948052175072118
33,10,184,control,0.01795162700331952
33,30,184,control,0.03586582687091408
36,10,184,control,0.02352192845492339
36,30,184,control,-0.0088317625151057
39,10,184,control,0.02659811897331297
39,30,184,control,0.01608651584333162
42,10,184,control,0.00427774075302286
42,30,184,control,0.03411993332507543
45,10,184,control,0.0430759367110407
45,30,184,control,-0.00617531101782452
48,10,184,control,-0.00353783115338549
48,30,184,control,0.05611732448882868
0,10,185,control,0.03607919829903653
0,30,185,control,0.08537934700427696
3,10,185,control,0.09501034291716606
3,30,185,control,0.0732947163893008
6,10,185,control,0.03213974971061249
6,30,185,control,0.06979466396860277
9,10,185,control,0.12752333968963148
9,30,185,control,0.13374336590279098
12,10,185,control,0.08403554881622283
12,30,185,control,0.09767949657654444
15,10,185,control,0.09445016278025672
15,30,185,control,0.11515517559551104
18,10,185,control,0.11248076918523794
18,30,185,control,0.12295281434490685
21,10,185,control,0.07654252010292367
21,30,185,control,0.10673864496878167
24,10,185,control,0.05877344012312021
24,30,185,control,0.10607197232608837
27,10,185,control,0.05435220566455062
27,30,185,control,0.1110768846829153
30,10,185,control,0.06234287312808489
30,30,185,control,0.09664518854749649
33,10,185,control,0.0904761161973494
33,30,185,control,0.1186498314960334
36,10,185,control,0.10993940797546946
36,30,185,control,0.1317263702259551
39,10,185,control,0.04011434236234098
39,30,185,control,0.08697257455476745
42,10,185,control,0.11222427734057212
42,30,185,control,0.08360985844429138
45,10,185,control,0.0603408535365414
45,30,185,control,0.11692811574353956
48,10,185,control,0.11176289494897038
48,30,185,control,0.11116070269358733
0,10,186,control,-0.13126268757319393
0,30,186,control,-0.0815824071455158
3,10,186,control,-0.0909447600786221
3,30,186,control,-0.09152870971114764
6,10,186,control,-0.06348708810749445
6,30,186,control,-0.08861449835424852
9,10,186,control,-0.09749147903708431
9,30,186,control,-0.07422527683600036
12,10,186,control,-0.04251537990231338
12,30,186,control,-0.05281883411671639
15,10,186,control,-0.02840860452679013
15,30,186,control,-0.05079808479152643
18,10,186,control,-0.07241247424826446
18,30,186,control,-0.12530512635060082
21,10,186,control,0.00127550095001064
21,30,186,control,-0.05375754929493169
24,10,186,control,0.00756422828457317
24,30,186,control,-0.04663080356842558
27,10,186,control,-0.02301104478344952
27,30,186,control,-0.03353844087471149
30,10,186,control,-0.04888546292506777
30,30,186,control,-0.10680667692279232
33,10,186,control,-0.09386268922757444
33,30,186,control,-0.0304122068619313
36,10,186,control,-0.01374844020986166
36,30,186,control,-0.07572153910242982
39,10,186,control,-0.08115296937339854
39,30,186,control,-0.06662066993152294
42,10,186,control,-0.06057622511146937
42,30,186,control,-0.02980878214412742
45,10,186,control,-0.07564391379562363
45,30,186,control,-0.02380532152629089
48,10,186,control,-0.1389154798133329
48,30,186,control,-0.04892617411499671
0,10,187,control,0.03822527668140888
0,30,187,control,0.04978327454562639
3,10,187,control,0.06195026793180466
3,30,187,control,0.06236551265875922
6,10,187,control,0.06535925940279175
6,30,187,control,0.0906332533183663
9,10,187,control,0.0156856815858812
9,30,187,control,0.06581228614946327
12,10,187,control,0.0090707985999414
12,30,187,control,0.05459834669547205
15,10,187,control,0.02267149063756971
15,30,187,control,0.06653794951591867
18,10,187,control,-0.00232247945885202
18,30,187,control,0.0901774787059366
21,10,187,control,0.05988328728049311
21,30,187,control,0.0326161141436463
24,10,187,control,0.0547870202079208
24,30,187,control,0.09471069880166728
27,10,187,control,0.00464684011517763
27,30,187,control,0.0380564990833214
30,10,187,control,0.02146917351540927
30,30,187,control,0.05904789743371984
33,10,187,control,-0.00566953917502002
33,30,187,control,0.04181752231948069
36,10,187,control,0.00425826759759138
36,30,187,control,0.0524194473235744
39,10,187,control,0.0731484988034103
39,30,187,control,0.04657661343772582
42,10,187,control,0.05278324996540302
42,30,187,control,0.02598062051791205
45,10,187,control,0.0315616865354744
45,30,187,control,0.02897930512464756
48,10,187,control,0.00813414915445721
48,30,187,control,0.08065742476209424
0,10,188,control,-0.01862259245733162
0,30,188,control,-0.08486353956416008
3,10,188,control,-0.05772236013438439
3,30,188,control,-0.06650843536791669
6,10,188,control,0.04991323026721258
6,30,188,control,-0.03443192160361758
9,10,188,control,-0.08395559801227975
9,30,188,control,-0.07199843386281798
12,10,188,control,-0.00613549741342277
12,30,188,control,-0.00815447319943673
15,10,188,control,-0.02681901648393045
15,30,188,control,-0.05099964053785964
18,10,188,control,0.00932195899261159
18,30,188,control,0.01773819215714927
21,10,188,control,0.03738134064227133
21,30,188,control,-0.00444679595529612
24,10,188,control,-0.06552665094788981
24,30,188,control,1.035706418073785e-5
27,10,188,control,-0.0298155117491383
27,30,188,control,0.00643287819163198
30,10,188,control,0.04849087670744432
30,30,188,control,0.00746097894006886
33,10,188,control,-0.06092301308474848
33,30,188,control,-0.04091220506521452
36,10,188,control,-0.01975735540419537
36,30,188,control,-0.02993604272764131
39,10,188,control,-0.08067029701311793
39,30,188,control,-0.00165676094819374
42,10,188,control,-0.00662779866202019
42,30,188,control,0.05884416004111575
45,10,188,control,-0.11651841715578296
45,30,188,control,-0.06768744619390436
48,10,188,control,-0.01825576921315767
48,30,188,control,0.045825607893412
0,10,189,control,-0.02555905734669074
0,30,189,control,-0.0565371447219329
3,10,189,control,0.00805131329410259
3,30,189,control,0.0018891816525602
6,10,189,control,-0.0113746234679848
6,30,189,control,0.04984558245648816
9,10,189,control,-0.0359625683854687
9,30,189,control,-0.01423993137713681
12,10,189,control,-0.10176828781043422
12,30,189,control,0.00748482069112209
15,10,189,control,-0.04111878584205013
15,30,189,control,-0.03496290252742184
18,10,189,control,-0.03850555271680486
18,30,189,control,-0.02892086542790632
21,10,189,control,-0.03481270741871273
21,30,189,control,0.01117055504077605
24,10,189,control,-0.00114876954870557
24,30,189,control,0.00318929662747734
27,10,189,control,-0.03177872728492145
27,30,189,control,-0.01195700281397039
30,10,189,control,-0.05629042411524097
30,30,189,control,-0.04730071077464947
33,10,189,control,-0.03427737490979845
33,30,189,control,-0.04511894535777584
36,10,189,control,-0.02567535798779366
36,30,189,control,-0.01413906625857446
39,10,189,control,-0.01616688239007701
39,30,189,control,0.01958546403531499
42,10,189,control,0.07622515372115192
42,30,189,control,-0.02794255715691011
45,10,189,control,-0.0217756937282553
45,30,189,control,-0.0080117475817742
48,10,189,control,-0.01304247453188515
48,30,189,control,-0.03598368348331238
0,10,19,control,-0.03594387180528781
0,30,19,control,-0.00502657648394403
3,10,19,control,0.04757993448527452
3,30,19,control,0.04233505982048558
6,10,19,control,-0.01783717832229915
6,30,19,control,0.02771323417892118
9,10,19,control,0.02233997754795338
9,30,19,control,0.03541642069898605
12,10,19,control,0.00291559608047528
12,30,19,control,0.01242028543869578
15,10,19,control,0.02493316696449333
15,30,19,control,0.03230442847419917
18,10,19,control,-0.02637903521799514
18,30,19,control,0.03208903400738949
21,10,19,control,-0.01576184261134051
21,30,19,control,-0.02957545883481905
24,10,19,control,0.01526370352695909
24,30,19,control,-0.0289519545574942
27,10,19,control,0.01840104136787387
27,30,19,control,0.06750640310358974
30,10,19,control,0.0197269964110491
30,30,19,control,0.00382206619003365
33,10,19,control,0.00754003235681098
33,30,19,control,0.00202633897109847
36,10,19,control,-0.05539375019955536
36,30,19,control,-0.04150553469784607
39,10,19,control,-0.01517173973412144
39,30,19,control,-0.00244046125076749
42,10,19,control,-0.05350759274529478
42,30,19,control,0.00150024529606914
45,10,19,control,-0.01901118210131723
45,30,19,control,-0.01022470769989258
48,10,19,control,-0.0580499305169524
48,30,19,control,-0.04691786832112626
0,10,190,control,0.00640443838413233
0,30,190,control,0.03959677405244639
3,10,190,control,0.05303731276581275
3,30,190,control,0.06099182043440891
6,10,190,control,-0.00564828400746236
6,30,190,control,0.02808802251909245
9,10,190,control,0.02096723983252969
9,30,190,control,0.0192878808078004
12,10,190,control,-7.9551577503016e-4
12,30,190,control,0.03079948094930698
15,10,190,control,0.01770863366267582
15,30,190,control,0.01565107473724281
18,10,190,control,-0.00861584025561112
18,30,190,control,0.01739838758035771
21,10,190,control,0.04005635273928094
21,30,190,control,0.02765755429084877
24,10,190,control,0.00995271015362289
24,30,190,control,0.02662236001867897
27,10,190,control,0.05015458374181364
27,30,190,control,0.03709976659331161
30,10,190,control,0.01595371875164332
30,30,190,control,0.0102302141203557
33,10,190,control,0.00310092742384913
33,30,190,control,0.04650503890700268
36,10,190,control,0.03132956207205915
36,30,190,control,0.037967620736103
39,10,190,control,0.04079199110765205
39,30,190,control,0.03759488811929673
42,10,190,control,-0.02390078787889777
42,30,190,control,0.03695704450855608
45,10,190,control,0.03023606897191115
45,30,190,control,0.03116355716165753
48,10,190,control,0.02892930344949406
48,30,190,control,0.06092989219868517
0,10,191,control,-0.1142784107243844
0,30,191,control,-0.08138192150510315
3,10,191,control,-0.1238864627270926
3,30,191,control,-0.1324000598082799
6,10,191,control,-0.08767996925782615
6,30,191,control,-0.08615363120374943
9,10,191,control,-0.05775286049509517
9,30,191,control,-0.07889698544396122
12,10,191,control,0.00470333720551528
12,30,191,control,-0.10002418412808038
15,10,191,control,-0.09186298066353636
15,30,191,control,-0.08913539457540018
18,10,191,control,0.0160616217344232
18,30,191,control,-0.03346068059501945
21,10,191,control,-0.10582914808274203
21,30,191,control,-0.05865281850220363
24,10,191,control,-0.13220649677585253
24,30,191,control,-0.04007334021705226
27,10,191,control,-0.06603002402153901
27,30,191,control,-0.08196068946909471
30,10,191,control,-0.06040924378711757
30,30,191,control,-0.09614670709967976
33,10,191,control,-0.12007458808202216
33,30,191,control,-0.08919768746443603
36,10,191,control,-0.0949197009726308
36,30,191,control,-0.0973267272622114
39,10,191,control,-0.07361693358759178
39,30,191,control,-0.09929962421550811
42,10,191,control,-0.097320646882761
42,30,191,control,-0.07378854294973351
45,10,191,control,-0.08120800625529379
45,30,191,control,-0.09181037202858504
48,10,191,control,-0.09692956645534792
48,30,191,control,-0.09480285248979842
0,10,192,control,0.00115742127011464
0,30,192,control,-0.02289051417271932
3,10,192,control,-0.01042239224721749
3,30,192,control,-0.04667515934443607
6,10,192,control,0.02171737414781716
6,30,192,control,0.04649227564527689
9,10,192,control,0.03964542889726748
9,30,192,control,-0.04373488157623181
12,10,192,control,0.04790425136935701
12,30,192,control,0.00953787863714174
15,10,192,control,-0.05202731847679381
15,30,192,control,-0.01573169869436061
18,10,192,control,0.04136286020082135
18,30,192,control,-0.03544720895664228
21,10,192,control,-0.05856966859256558
21,30,192,control,-0.04085881609365131
24,10,192,control,-0.05424156791190341
24,30,192,control,0.00351118156378452
27,10,192,control,-0.06814064780480354
27,30,192,control,-0.02873577224508472
30,10,192,control,0.00547198794118286
30,30,192,control,0.0089219114877298
33,10,192,control,-0.0186902408196658
33,30,192,control,0.03574873049450067
36,10,192,control,-0.00511966498154165
36,30,192,control,-0.01831004605676838
39,10,192,control,-0.03458408269395976
39,30,192,control,0.03940278439986419
42,10,192,control,0.02331345096215796
42,30,192,control,-0.00851413350209696
45,10,192,control,0.05179249733288574
45,30,192,control,-0.01872292642931145
48,10,192,control,0.03265695222641694
48,30,192,control,0.0581162986191444
0,10,193,control,-0.07186863078635675
0,30,193,control,-0.00766384591137096
3,10,193,control,-0.04427673168061068
3,30,193,control,0.02916819054094076
6,10,193,control,0.05622701758664736
6,30,193,control,-0.04059861104028502
9,10,193,control,0.02465415251625122
9,30,193,control,0.04990129030457227
12,10,193,control,-6.4255495701874e-4
12,30,193,control,-0.04756231107862189
15,10,193,control,-0.08279276963928094
15,30,193,control,-0.02121003503277076
18,10,193,control,-0.02632024014904253
18,30,193,control,-6.307463987262338e-5
21,10,193,control,-0.02893671352736703
21,30,193,control,-0.04282815766317773
24,10,193,control,-0.05096613636844997
24,30,193,control,-0.02132651517453172
27,10,193,control,0.03997704130983478
27,30,193,control,-0.02002945315532804
30,10,193,control,-0.10350928731394568
30,30,193,control,-0.05597534245110269
33,10,193,control,-0.02711988337449611
33,30,193,control,-0.05846992265713216
36,10,193,control,0.04800675161063544
36,30,193,control,-0.03954270696066826
39,10,193,control,-0.07018966432164116
39,30,193,control,-0.02414498714024302
42,10,193,control,-0.06636487939982963
42,30,193,control,-0.06061318024504555
45,10,193,control,-0.02299901425910966
45,30,193,control,-0.04877655030588015
48,10,193,control,0.03202723697753022
48,30,193,control,-0.06991928563346343
0,10,194,control,-0.08015341900179383
0,30,194,control,-0.04845847245910621
3,10,194,control,-0.04197558988816308
3,30,194,control,-0.02430956625716754
6,10,194,control,-0.06735240494413748
6,30,194,control,0.03588403181721807
9,10,194,control,-0.04961702674190619
9,30,194,control,0.0031975821521825
12,10,194,control,0.04345823534160489
12,30,194,control,0.03816860506733994
15,10,194,control,-0.03094940758781212
15,30,194,control,-0.01599379682407238
18,10,194,control,-0.04133021740866013
18,30,194,control,-0.00738103413550704
21,10,194,control,-0.0496221381576015
21,30,194,control,-0.06554527046581066
24,10,194,control,-0.09396661842787583
24,30,194,control,-0.06556783986095577
27,10,194,control,-0.02573977950418738
27,30,194,control,-0.02690722004059968
30,10,194,control,-0.0642943793358404
30,30,194,control,0.03383955248388089
33,10,194,control,-0.03581137408059295
33,30,194,control,-0.10846834995819572
36,10,194,control,-0.04477865907756095
36,30,194,control,-0.01475803098564739
39,10,194,control,-0.06514697032194292
39,30,194,control,-0.02090209025668963
42,10,194,control,-0.09111725007902144
42,30,194,control,-0.03098165572216034
45,10,194,control,-0.04305419663360292
45,30,194,control,0.00882943225224785
48,10,194,control,-0.08754194349638122
48,30,194,control,-0.07962684004893114
0,10,195,control,-0.09168021775045308
0,30,195,control,0.05049475597135983
3,10,195,control,-0.04554622776511388
3,30,195,control,-0.00549065287679883
6,10,195,control,-0.08735105430593897
6,30,195,control,0.02136080387846384
9,10,195,control,-0.03012809856771658
9,30,195,control,-0.00595274386436575
12,10,195,control,-0.07983342626267717
12,30,195,control,-0.07267485554226978
15,10,195,control,0.04294286580842712
15,30,195,control,-0.03790018857229244
18,10,195,control,-0.06527077607245739
18,30,195,control,-0.0911788074533591
21,10,195,control,-0.01503797608073711
21,30,195,control,-0.09229772612652018
24,10,195,control,-0.0543174756676483
24,30,195,control,-0.01246272350381528
27,10,195,control,-0.07919609232336444
27,30,195,control,-0.00701859513895202
30,10,195,control,0.02802714962859704
30,30,195,control,-0.00896847007194427
33,10,195,control,-0.02288330409038767
33,30,195,control,-0.11940940577891077
36,10,195,control,-0.03399726996383005
36,30,195,control,-0.15436271137053548
39,10,195,control,-0.08585255910332626
39,30,195,control,-0.0358681930250615
42,10,195,control,-0.07752715951487145
42,30,195,control,-0.09376012486193708
45,10,195,control,-0.11960130086170818
45,30,195,control,-0.08056576964583534
48,10,195,control,0.01212836992506983
48,30,195,control,-0.05748305728492909
0,10,196,control,-0.00530335582354997
0,30,196,control,0.03513695378605884
3,10,196,control,0.04911652207111113
3,30,196,control,0.03734685537672801
6,10,196,control,0.00742520119670203
6,30,196,control,0.03532041648848474
9,10,196,control,0.03380037773561975
9,30,196,control,0.03480378492128827
12,10,196,control,0.02239619765788695
12,30,196,control,6.896355210589e-4
15,10,196,control,0.03984126845891503
15,30,196,control,0.05289628450935366
18,10,196,control,0.00400230113264823
18,30,196,control,0.06966469561971017
21,10,196,control,0.05184492680246073
21,30,196,control,0.03708911163859577
24,10,196,control,0.01651834424426582
24,30,196,control,0.00881553533418433
27,10,196,control,0.03481820897842307
27,30,196,control,0.04782879162361442
30,10,196,control,0.0189191174172915
30,30,196,control,0.01830689169372119
33,10,196,control,0.02947036071003051
33,30,196,control,0.04118875512386835
36,10,196,control,0.05968207513670193
36,30,196,control,0.02645278884560831
39,10,196,control,-0.01353885385696121
39,30,196,control,0.01940039646546254
42,10,196,control,0.02587431105688459
42,30,196,control,0.03943570788273524
45,10,196,control,0.03821055894524598
45,30,196,control,0.04034233353164059
48,10,196,control,0.04082936285817434
48,30,196,control,0.03096959730063496
0,10,197,control,0.07925200567620452
0,30,197,control,0.00363417387745469
3,10,197,control,-0.06993093608700196
3,30,197,control,-0.04480166363622147
6,10,197,control,0.05726420861564724
6,30,197,control,0.07740683097300592
9,10,197,control,-0.00164317411433543
9,30,197,control,0.0273916143331231
12,10,197,control,0.0772307794981079
12,30,197,control,0.05101119128594498
15,10,197,control,0.05173439455228371
15,30,197,control,0.0221760574251722
18,10,197,control,-0.11462272060386566
18,30,197,control,0.03852053091555971
21,10,197,control,0.02132533293718059
21,30,197,control,-9.9863025979429e-4
24,10,197,control,0.03423636600919273
24,30,197,control,-0.01324911791529408
27,10,197,control,0.06015441964402743
27,30,197,control,0.00505889927769645
30,10,197,control,-0.01534827798400561
30,30,197,control,-0.04533076967777303
33,10,197,control,-0.10189183107474878
33,30,197,control,-0.05892569730810818
36,10,197,control,0.0277395391512464
36,30,197,control,-0.03320260695924643
39,10,197,control,0.10246447956977112
39,30,197,control,0.03498769349324163
42,10,197,control,0.00108150820832787
42,30,197,control,0.00119619915149415
45,10,197,control,0.04368006376506127
45,30,197,control,0.03484057136735684
48,10,197,control,0.03337871340643
48,30,197,control,0.0146433143931854
0,10,198,control,0.00196394928038734
0,30,198,control,-0.02934202957906708
3,10,198,control,-0.03308714301158048
3,30,198,control,0.03144245410442788
6,10,198,control,-0.03153923059475062
6,30,198,control,0.02513774010653729
9,10,198,control,0.01014170893794128
9,30,198,control,-0.03131066680411621
12,10,198,control,-0.01016203912797091
12,30,198,control,0.00595219692543628
15,10,198,control,-0.03279733886847308
15,30,198,control,-0.00656530736630741
18,10,198,control,-0.05149150593564548
18,30,198,control,0.0208882051415503
21,10,198,control,-0.01582104874876437
21,30,198,control,-0.00936041172392467
24,10,198,control,-0.06821957458819224
24,30,198,control,8.5975685122705e-4
27,10,198,control,-0.00429157216924502
27,30,198,control,-0.0159308482357816
30,10,198,control,0.02528724564429715
30,30,198,control,0.03016911867575314
33,10,198,control,-0.05467835723451088
33,30,198,control,-0.02120635892511544
36,10,198,control,9.9346309578467e-4
36,30,198,control,-0.02313655546910361
39,10,198,control,-0.03975297450565739
39,30,198,control,0.00751002808505871
42,10,198,control,0.0464053905496255
42,30,198,control,0.02177180213817466
45,10,198,control,0.01651251384878615
45,30,198,control,-0.01100803562515852
48,10,198,control,0.00333578108549487
48,30,198,control,0.0111676972186799
0,10,199,control,-0.0203833147030629
0,30,199,control,0.04506656487317694
3,10,199,control,-0.070883019282246
3,30,199,control,-0.06190701663951557
6,10,199,control,-0.02462882372794152
6,30,199,control,-0.03913055611597596
9,10,199,control,-0.00681403770342537
9,30,199,control,0.03763854697742855
12,10,199,control,-0.04854774943353079
12,30,199,control,-0.03718774521846083
15,10,199,control,-0.01326705043741631
15,30,199,control,-0.04858419343196277
18,10,199,control,-0.0155684739304879
18,30,199,control,0.02131196229805032
21,10,199,control,-0.04271836610863151
21,30,199,control,-0.05081917792924523
24,10,199,control,-0.01068635270428061
24,30,199,control,0.02627258837545926
27,10,199,control,0.00432640489890897
27,30,199,control,-0.00230623422705103
30,10,199,control,0.02581420291759843
30,30,199,control,0.00696078043927275
33,10,199,control,0.0205882803290823
33,30,199,control,0.02375421916612921
36,10,199,control,0.01036544912754279
36,30,199,control,0.01054640343287631
39,10,199,control,-0.00765746035410222
39,30,199,control,0.02708109176759956
42,10,199,control,0.02837295361019014
42,30,199,control,0.0633710369470522
45,10,199,control,-0.01275296650691022
45,30,199,control,-0.00496452871511214
48,10,199,control,-0.00886077231860682
48,30,199,control,-0.03072731210985487
0,10,2,control,0.01256944332123967
0,30,2,control,-0.07413261020712976
3,10,2,control,-0.02397498920912044
3,30,2,control,0.00397430036877889
6,10,2,control,-0.07120443409777878
6,30,2,control,-0.04263602174328703
9,10,2,control,-0.04207713689760055
9,30,2,control,-0.04806473530664192
12,10,2,control,-0.04436861387550705
12,30,2,control,-0.06463921227779919
15,10,2,control,-0.01971746216738807
15,30,2,control,-0.02929302800243353
18,10,2,control,-0.00134119531201228
18,30,2,control,-0.0061320609665128
21,10,2,control,-0.00335716697015239
21,30,2,control,-0.06232114342612441
24,10,2,control,-0.08543246275183208
24,30,2,control,-0.03490332160854025
27,10,2,control,-0.00785757831990618
27,30,2,control,0.00913269110222313
30,10,2,control,-0.01926042737499053
30,30,2,control,-0.04006391882664615
33,10,2,control,0.0043767477799507
33,30,2,control,-0.01595602172018951
36,10,2,control,-0.00117722056400103
36,30,2,control,-0.06111645027356288
39,10,2,control,0.00589932856825568
39,30,2,control,-0.02398708396676902
42,10,2,control,0.00672316974590727
42,30,2,control,-0.00806154192537335
45,10,2,control,-0.02075412075131391
45,30,2,control,-0.03761574301962839
48,10,2,control,0.0224701432052978
48,30,2,control,-0.05889244713154391
0,10,20,control,0.04229471719244369
0,30,20,control,-0.00813122087386756
3,10,20,control,0.01443725336952777
3,30,20,control,0.0204618347124175
6,10,20,control,-0.06778336396924796
6,30,20,control,-0.04040868778431724
9,10,20,control,-0.06624359972464067
9,30,20,control,0.02140004168276812
12,10,20,control,-0.03373155845767304
12,30,20,control,0.00653698140933332
15,10,20,control,-0.04256291469815134
15,30,20,control,0.01066376470974906
18,10,20,control,-0.01022367237100015
18,30,20,control,-0.01197993358899603
21,10,20,control,-0.01286376020556249
21,30,20,control,0.01801479274597833
24,10,20,control,-0.02591655115206646
24,30,20,control,0.01848205187255223
27,10,20,control,-0.03223229477943259
27,30,20,control,-0.0460051613623713
30,10,20,control,-0.00691332955589019
30,30,20,control,-0.01436293269188859
33,10,20,control,-0.09595034266767018
33,30,20,control,-0.00929517623675484
36,10,20,control,-0.07221083362470232
36,30,20,control,-0.00179904456410104
39,10,20,control,-0.03212999821069229
39,30,20,control,-0.06184430571778853
42,10,20,control,5.5646600810377e-4
42,30,20,control,0.01362623028916396
45,10,20,control,-0.04845739051061475
45,30,20,control,0.00271747870402688
48,10,20,control,0.03070240552866732
48,30,20,control,0.00624497266332441
0,10,200,control,0.03948196464912922
0,30,200,control,0.03681226329489631
3,10,200,control,0.03771246293807679
3,30,200,control,-0.0313957493412853
6,10,200,control,0.01721568715487583
6,30,200,control,-0.01261151443706661
9,10,200,control,0.02099947478138456
9,30,200,control,-0.02688981888982107
12,10,200,control,0.04054245162878736
12,30,200,control,0.03033757657951256
15,10,200,control,-0.017512378086572
15,30,200,control,0.04138302317018372
18,10,200,control,0.07644339436562213
18,30,200,control,0.05257299316531601
21,10,200,control,-0.02753849214758481
21,30,200,control,-0.00744360703661428
24,10,200,control,0.00526465767268053
24,30,200,control,0.02543748633362198
27,10,200,control,-0.00748683789167522
27,30,200,control,-0.00333564194132361
30,10,200,control,0.01856734246174103
30,30,200,control,0.04342632256800002
33,10,200,control,0.02925403066137638
33,30,200,control,0.01539655979593577
36,10,200,control,0.01403012017942206
36,30,200,control,0.02061323286159788
39,10,200,control,0.00936610021721679
39,30,200,control,0.01812284468216228
42,10,200,control,0.02662244341517051
42,30,200,control,0.00301559898684361
45,10,200,control,0.02611092467228017
45,30,200,control,-0.0040822246554141
48,10,200,control,-0.01628881832749515
48,30,200,control,-0.03294539803000956
0,10,21,control,0.00451044279841087
0,30,21,control,-0.00474345852156021
3,10,21,control,-0.01067545852935011
3,30,21,control,0.01366777907225841
6,10,21,control,-4.7375970223991e-4
6,30,21,control,-0.02419458485854503
9,10,21,control,8.9798846057737e-4
9,30,21,control,-0.00596080748154258
12,10,21,control,-0.01305429731270043
12,30,21,control,-0.00665019650506833
15,10,21,control,-0.00318273120194728
15,30,21,control,-0.0393473284793397
18,10,21,control,0.00855940249489016
18,30,21,control,-0.0164528611901224
21,10,21,control,-0.02352427476129624
21,30,21,control,-0.02937480731163158
24,10,21,control,0.06720628156962237
24,30,21,control,-0.04508389125733768
27,10,21,control,-0.05190964211353309
27,30,21,control,-0.05962138040166186
30,10,21,control,-0.0659975764789441
30,30,21,control,-0.05858943005429563
33,10,21,control,-0.00487396516480946
33,30,21,control,-0.0182930799326766
36,10,21,control,-0.03962128022248095
36,30,21,control,-0.01555698376503036
39,10,21,control,-0.07922603203617101
39,30,21,control,-0.00606270280927135
42,10,21,control,0.00514766592375686
42,30,21,control,0.00403218507247316
45,10,21,control,-0.01185477992944046
45,30,21,control,-0.03090348189868118
48,10,21,control,0.06467076064249944
48,30,21,control,0.02927516593333937
0,10,22,control,-0.1041868560710577
0,30,22,control,-0.11789003571896316
3,10,22,control,-0.04802694239061567
3,30,22,control,-0.03985158530655194
6,10,22,control,-0.07731131170866282
6,30,22,control,-0.06552705451018323
9,10,22,control,0.04844805681077584
9,30,22,control,-0.05925167389686398
12,10,22,control,0.01185361257270582
12,30,22,control,-0.06700743761457346
15,10,22,control,-0.14176958994775934
15,30,22,control,-0.09083711624491694
18,10,22,control,-0.0072789321055038
18,30,22,control,-0.06659701200640532
21,10,22,control,0.04060058125538611
21,30,22,control,-0.04097430204362559
24,10,22,control,-0.07227968876270864
24,30,22,control,-0.03228073760185514
27,10,22,control,-0.03573267757851703
27,30,22,control,-0.04595359104252807
30,10,22,control,-0.12170146615978776
30,30,22,control,-0.06289810483776785
33,10,22,control,-0.01877233888672931
33,30,22,control,-0.00144682799889838
36,10,22,control,-0.09042741727266657
36,30,22,control,-0.06526281662174326
39,10,22,control,-0.0693448873912954
39,30,22,control,-0.05599584170488884
42,10,22,control,-0.11919151234569052
42,30,22,control,-0.07262909486384286
45,10,22,control,-0.07344693685245743
45,30,22,control,-0.11434283497948391
48,10,22,control,-0.01955276469775266
48,30,22,control,-0.13633248637444131
0,10,23,control,-0.09171576737427328
0,30,23,control,-6.3694532818916e-4
3,10,23,control,-0.03145712706736126
3,30,23,control,-0.04585544092572039
6,10,23,control,0.08184447869229611
6,30,23,control,0.02006888390089092
9,10,23,control,0.03290652579702687
9,30,23,control,0.01904833044169839
12,10,23,control,-0.02031407353613441
12,30,23,control,0.01476855830693864
15,10,23,control,-4.465235870386049e-5
15,30,23,control,0.02186968718529111
18,10,23,control,0.01280128741680869
18,30,23,control,-0.06352025196144462
21,10,23,control,0.03032386593345628
21,30,23,control,-0.00915468900653486
24,10,23,control,0.01205104455800345
24,30,23,control,-0.00764607656903867
27,10,23,control,-0.10446645493517916
27,30,23,control,-0.02374591437084993
30,10,23,control,0.02408117538671856
30,30,23,control,6.7353854671247e-4
33,10,23,control,0.05255832308885854
33,30,23,control,0.09247191709841046
36,10,23,control,0.01529394397706613
36,30,23,control,0.02299767785487127
39,10,23,control,-0.02200010092235625
39,30,23,control,-0.00183907599091585
42,10,23,control,-0.0624084773075455
42,30,23,control,-0.00732200866165651
45,10,23,control,0.0407042504095493
45,30,23,control,-0.01681853034604848
48,10,23,control,-0.05141254909114227
48,30,23,control,-0.04499763922725992
0,10,24,control,0.03736836547237605
0,30,24,control,0.01131072288752448
3,10,24,control,0.01746598311294455
3,30,24,control,0.04472982484117875
6,10,24,control,-0.00343538606967464
6,30,24,control,-0.04015254852004994
9,10,24,control,-0.0129801033592238
9,30,24,control,-0.01746276601554447
12,10,24,control,-0.00557920129040356
12,30,24,control,-0.03989379606365822
15,10,24,control,-0.02505973058179461
15,30,24,control,-0.00621902817939085
18,10,24,control,0.0152540997126709
18,30,24,control,0.01376292476432861
21,10,24,control,-0.01612585731849386
21,30,24,control,0.01684057296671752
24,10,24,control,0.0122911659156901
24,30,24,control,0.00129237978264628
27,10,24,control,0.02493113990098341
27,30,24,control,-0.00385119272625298
30,10,24,control,-0.02130096616971646
30,30,24,control,0.01342048744965417
33,10,24,control,0.02953680129043229
33,30,24,control,-0.01694090639924904
36,10,24,control,0.00332529007460633
36,30,24,control,-0.03706581943808056
39,10,24,control,0.0266083759212108
39,30,24,control,-0.00135497493785405
42,10,24,control,-0.02053357661215728
42,30,24,control,-0.02564048851129227
45,10,24,control,0.05103985694118847
45,30,24,control,0.0040428513985898
48,10,24,control,-0.03004709204556328
48,30,24,control,-0.00815252856061883
0,10,25,control,0.05449489190600265
0,30,25,control,0.13856522760800172
3,10,25,control,0.07176746460146592
3,30,25,control,0.12607588784174584
6,10,25,control,0.10512850627160396
6,30,25,control,0.16935327747783915
9,10,25,control,0.08979886511958003
9,30,25,control,0.15225154647596828
12,10,25,control,0.1224275626229474
12,30,25,control,0.13443707645716246
15,10,25,control,0.08561230256625914
15,30,25,control,0.14298533658224277
18,10,25,control,0.11435144533354552
18,30,25,control,0.11204656355407386
21,10,25,control,0.09185354447101854
21,30,25,control,0.13946345433184956
24,10,25,control,0.10955537875331844
24,30,25,control,0.05839806832989152
27,10,25,control,0.09983234792097824
27,30,25,control,0.10801051033974736
30,10,25,control,0.07992408288206689
30,30,25,control,0.21522584575650663
33,10,25,control,0.15142044552377962
33,30,25,control,0.15090136833062912
36,10,25,control,0.18932337260468105
36,30,25,control,0.1559204967822395
39,10,25,control,0.1342019658836594
39,30,25,control,0.13601946429650405
42,10,25,control,0.053484872099963623
42,30,25,control,0.14397824204118806
45,10,25,control,0.01325159607324648
45,30,25,control,0.110731266010977
48,10,25,control,0.15274367733044814
48,30,25,control,0.1150662657957306
0,10,26,control,0.01016685815388323
0,30,26,control,-0.03909568238299238
3,10,26,control,-5.439269395526e-4
3,30,26,control,-2.130153784228599e-5
6,10,26,control,-0.02100604718922762
6,30,26,control,-0.00265888388914206
9,10,26,control,-0.03113924837250508
9,30,26,control,-0.0169235035519544
12,10,26,control,-0.02084125775862599
12,30,26,control,-7.0928078591818e-4
15,10,26,control,-0.02879123522799107
15,30,26,control,0.01524485511887839
18,10,26,control,0.00653096347640509
18,30,26,control,0.016393062378489
21,10,26,control,-0.01100385037643032
21,30,26,control,-0.03110758962758134
24,10,26,control,-0.00685064614362688
24,30,26,control,-0.01868995223020576
27,10,26,control,0.01966863573000849
27,30,26,control,-0.01891023703436537
30,10,26,control,-0.01813996105790895
30,30,26,control,-0.0026899498372155
33,10,26,control,-0.03170942251035628
33,30,26,control,-0.02658857302007198
36,10,26,control,-0.02924864130571486
36,30,26,control,-0.06181080456473916
39,10,26,control,0.00489613345180344
39,30,26,control,0.02279492301482594
42,10,26,control,-0.0640339816746789
42,30,26,control,-0.02702843737000041
45,10,26,control,-0.05569930460810461
45,30,26,control,-0.01699530146229213
48,10,26,control,-0.01367391085345638
48,30,26,control,-0.0128205862811884
0,10,27,control,-0.0798430188968008
0,30,27,control,-0.0414860115389741
3,10,27,control,-0.00782340405558067
3,30,27,control,0.00296922582073489
6,10,27,control,-0.02910883956969039
6,30,27,control,-0.00563941543346318
9,10,27,control,-0.01227685723071551
9,30,27,control,-1.5077451141335e-4
12,10,27,control,-0.06842617162738429
12,30,27,control,-0.01425872526296369
15,10,27,control,0.02515491207865286
15,30,27,control,0.0020403765790457
18,10,27,control,-4.6290735603278e-4
18,30,27,control,-0.02895688937218359
21,10,27,control,-0.03688448912126612
21,30,27,control,-0.00254992724757072
24,10,27,control,-0.04936723255869815
24,30,27,control,-0.03759496478128505
27,10,27,control,-0.03316324067665714
27,30,27,control,-0.00448479379377092
30,10,27,control,-0.01392443379726855
30,30,27,control,-0.01543583811174689
33,10,27,control,-0.01757261703947131
33,30,27,control,0.01529816958530159
36,10,27,control,-0.05731844010549184
36,30,27,control,-0.0341538393531054
39,10,27,control,0.02590174663258573
39,30,27,control,-0.00370622335409441
42,10,27,control,-0.00888429802513506
42,30,27,control,0.00719040697456474
45,10,27,control,-0.04778462948448031
45,30,27,control,0.03526675261567134
48,10,27,control,0.01081957443131743
48,30,27,control,0.03659302342465054
0,10,28,control,0.00958692415320912
0,30,28,control,-0.0076173490947393
3,10,28,control,-0.00558846753769473
3,30,28,control,-0.00875512962019638
6,10,28,control,0.01586799192975762
6,30,28,control,0.03783692035107608
9,10,28,control,3.2569471155146e-4
9,30,28,control,0.01306065109016251
12,10,28,control,-0.02042364619750163
12,30,28,control,0.00109897210898873
15,10,28,control,0.02711821053183159
15,30,28,control,0.01817533473731306
18,10,28,control,-0.02625562281962783
18,30,28,control,0.02358150243609018
21,10,28,control,0.02097957336772019
21,30,28,control,0.01945864661095596
24,10,28,control,0.01674629185628292
24,30,28,control,-0.00891992348885487
27,10,28,control,-0.00306903036781787
27,30,28,control,-0.00132556852391401
30,10,28,control,0.01257776428725229
30,30,28,control,0.00358316922590867
33,10,28,control,0.00639440701809895
33,30,28,control,0.00951992103449489
36,10,28,control,0.00730271372414799
36,30,28,control,0.0104917934607602
39,10,28,control,-0.00145627461531217
39,30,28,control,0.00241928617680604
42,10,28,control,-0.00920712816757562
42,30,28,control,0.03807978596200517
45,10,28,control,-0.03114895855203559
45,30,28,control,-0.03165958743724296
48,10,28,control,-0.00906430423350935
48,30,28,control,-0.00350411316789062
0,10,29,control,-0.01799567099471466
0,30,29,control,-0.07689366999812756
3,10,29,control,-0.05609030917670477
3,30,29,control,-0.08348598006832024
6,10,29,control,-0.07602201727466057
6,30,29,control,-0.08366031119674014
9,10,29,control,-0.0659780042501227
9,30,29,control,-0.05947272240308077
12,10,29,control,-0.05536514474726117
12,30,29,control,-0.05866354572981429
15,10,29,control,-0.03535394942830101
15,30,29,control,-0.07830812758048172
18,10,29,control,-0.03491143642743118
18,30,29,control,-0.07356017534994651
21,10,29,control,-0.05242195462729659
21,30,29,control,-0.08241373875016632
24,10,29,control,-0.06544218677212842
24,30,29,control,-0.07634872551785259
27,10,29,control,-0.023563391487476
27,30,29,control,-0.070505751820402085
30,10,29,control,0.04985172762708134
30,30,29,control,-0.05562324504314081
33,10,29,control,-0.03123818495910326
33,30,29,control,-0.06194850770981123
36,10,29,control,-0.0464189598295008
36,30,29,control,-0.0712737442590739
39,10,29,control,-0.1035016603997626
39,30,29,control,-0.0922055198787781
42,10,29,control,-0.05777027421183249
42,30,29,control,-0.04526593640606746
45,10,29,control,-0.03478616727234734
45,30,29,control,-0.04711607182301734
48,10,29,control,-0.05539625296279181
48,30,29,control,-0.08194338499951204
0,10,3,control,0.05080735638749092
0,30,3,control,0.03703363558433911
3,10,3,control,-0.00341653130263622
3,30,3,control,0.01614490822305126
6,10,3,control,0.0180809401156268
6,30,3,control,0.03009282257310568
9,10,3,control,0.05552488875208145
9,30,3,control,0.02604886695816868
12,10,3,control,0.03397000360130257
12,30,3,control,0.02864481272482041
15,10,3,control,-0.00288937543054052
15,30,3,control,0.0405940571024125
18,10,3,control,0.07540936267914296
18,30,3,control,0.05391930974758601
21,10,3,control,0.06353798012086084
21,30,3,control,0.03619776891834478
24,10,3,control,0.02559149111731491
24,30,3,control,0.02556850471587119
27,10,3,control,0.03030378733600317
27,30,3,control,0.03090541779991624
30,10,3,control,0.08376828343759816
30,30,3,control,0.03811905119462546
33,10,3,control,0.01177508324586508
33,30,3,control,0.02571981123380384
36,10,3,control,0.01871720380673194
36,30,3,control,0.02114649013362201
39,10,3,control,0.00766791388674306
39,30,3,control,0.02698696266270166
42,10,3,control,0.05233689572733653
42,30,3,control,0.02017572115287789
45,10,3,control,0.05591717096560587
45,30,3,control,0.06214122663701571
48,10,3,control,0.00774169018900949
48,30,3,control,0.02989537196527205
0,10,30,control,0.01168595140274782
0,30,30,control,-0.02811693065827991
3,10,30,control,-0.09487208952581096
3,30,30,control,0.00448920593026182
6,10,30,control,-0.06756559535920487
6,30,30,control,0.06947515481502076
9,10,30,control,0.09311330373549224
9,30,30,control,0.0236724998738676
12,10,30,control,0.0392145578371828
12,30,30,control,0.04914458170046624
15,10,30,control,-0.02725483643810623
15,30,30,control,0.05646792414132236
18,10,30,control,0.063708892172433
18,30,30,control,0.08024289172440388
21,10,30,control,0.01251653392295138
21,30,30,control,0.01436908309491773
24,10,30,control,0.06826739594244781
24,30,30,control,0.06024107000034343
27,10,30,control,0.0391593426345778
27,30,30,control,0.01620660128998624
30,10,30,control,-0.0131460502186261
30,30,30,control,-0.00664853624720048
33,10,30,control,0.0149742775731293
33,30,30,control,0.07565754040861666
36,10,30,control,0.05665179443359904
36,30,30,control,0.024595766635288
39,10,30,control,-0.02841776668972111
39,30,30,control,-0.00276399864235362
42,10,30,control,-0.01243213509435751
42,30,30,control,0.04355866468631153
45,10,30,control,0.05438846520131254
45,30,30,control,0.03986898263795509
48,10,30,control,-0.01116283504238659
48,30,30,control,0.01675456518251242
0,10,31,control,-0.07055845811280836
0,30,31,control,-0.06659178211141527
3,10,31,control,-0.06434119552080414
3,30,31,control,-0.05568332352387312
6,10,31,control,-0.04594807862681796
6,30,31,control,-0.07262161725075218
9,10,31,control,-0.10499401712575224
9,30,31,control,-0.03425312466061491
12,10,31,control,-0.13516999525025503
12,30,31,control,-0.08655652280289866
15,10,31,control,-0.08340338643137453
15,30,31,control,-0.07138899275908207
18,10,31,control,-0.08515393598594144
18,30,31,control,-0.07552238545710985
21,10,31,control,-0.04559002217839462
21,30,31,control,-0.09396002381252903
24,10,31,control,-0.05160406049649808
24,30,31,control,-0.05716540502326965
27,10,31,control,-0.01858499155345729
27,30,31,control,-0.05724770080140589
30,10,31,control,-0.05051782281078499
30,30,31,control,-0.05540373546664894
33,10,31,control,-0.07097979473686376
33,30,31,control,-0.06820470077652684
36,10,31,control,-0.06512184680993778
36,30,31,control,-0.02987399006810524
39,10,31,control,-0.04935639800245847
39,30,31,control,-0.09130033302887013
42,10,31,control,-0.0411790601971018
42,30,31,control,-0.07919851097188066
45,10,31,control,-0.02957691879520544
45,30,31,control,-0.04862823424153468
48,10,31,control,-0.06439784477672217
48,30,31,control,-0.08876952042225636
0,10,32,control,0.02614149397278333
0,30,32,control,0.03242014929703896
3,10,32,control,0.09842427383720352
3,30,32,control,0.06598263253011466
6,10,32,control,0.13900190200656506
6,30,32,control,0.11226510010363068
9,10,32,control,0.14011965667649237
9,30,32,control,0.04613836331085155
12,10,32,control,0.11970375820160412
12,30,32,control,0.03908154528825606
15,10,32,control,0.11986597563236633
15,30,32,control,0.1361924006118869
18,10,32,control,0.10678561696132428
18,30,32,control,0.05854522126894966
21,10,32,control,0.09870737650866086
21,30,32,control,0.09250801842243078
24,10,32,control,0.02539259673475953
24,30,32,control,0.05332917678285943
27,10,32,control,0.17853934187217113
27,30,32,control,0.08615520573484284
30,10,32,control,0.12005261807169774
30,30,32,control,0.14636136125148294
33,10,32,control,0.10535859725640108
33,30,32,control,0.05726532594380392
36,10,32,control,0.17037998607642982
36,30,32,control,0.10198363319388792
39,10,32,control,0.1354653059745514
39,30,32,control,0.03410952036604369
42,10,32,control,0.07651071505667455
42,30,32,control,0.10058858510121002
45,10,32,control,0.11161218170561032
45,30,32,control,0.112246689454771
48,10,32,control,0.05846251188245081
48,30,32,control,0.05636997500152849
0,10,33,control,-0.0260994899194849
0,30,33,control,0.00874287240873874
3,10,33,control,0.09102881008505628
3,30,33,control,-0.00632122124912186
6,10,33,control,-0.02691704381636979
6,30,33,control,-0.04698368204406784
9,10,33,control,-0.0558962635048349
9,30,33,control,-0.03544449286289719
12,10,33,control,0.08443777819419877
12,30,33,control,-0.06940861337126543
15,10,33,control,-0.02605600306017539
15,30,33,control,-0.01563881516158016
18,10,33,control,-0.07303539461978009
18,30,33,control,-0.0291872159679245
21,10,33,control,0.01467119929993852
21,30,33,control,-0.03465329934584515
24,10,33,control,-0.02571838297068796
24,30,33,control,-0.10577782905330062
27,10,33,control,-0.00321595843294351
27,30,33,control,-0.02175389018487401
30,10,33,control,-0.04068681458564482
30,30,33,control,-0.01047413843401419
33,10,33,control,0.12288403552303212
33,30,33,control,0.03427219326081126
36,10,33,control,0.01490034284249697
36,30,33,control,-0.03592097705946474
39,10,33,control,0.01471257975607702
39,30,33,control,0.08292986069373437
42,10,33,control,0.03417477346894769
42,30,33,control,0.04091817585164482
45,10,33,control,0.07976641044154688
45,30,33,control,-0.02776253798766478
48,10,33,control,-0.04657210069526748
48,30,33,control,-0.03973733317579855
0,10,34,control,0.06401147573878473
0,30,34,control,0.04099852894802239
3,10,34,control,0.02212688582366031
3,30,34,control,-0.03046878342075206
6,10,34,control,-0.05179070645726402
6,30,34,control,0.02235339774777103
9,10,34,control,-0.03300144335072614
9,30,34,control,0.02637247592207185
12,10,34,control,0.03589632552086829
12,30,34,control,0.00245595920324286
15,10,34,control,0.01310256255916394
15,30,34,control,0.00789876897226579
18,10,34,control,-0.06446193888720565
18,30,34,control,-0.00303912646640761
21,10,34,control,0.02328402616398116
21,30,34,control,-0.05571140232479864
24,10,34,control,-0.01421461234745675
24,30,34,control,0.01880526323663893
27,10,34,control,-0.00718036803908328
27,30,34,control,-0.05842525074722654
30,10,34,control,0.02855262651606611
30,30,34,control,0.00194856194657132
33,10,34,control,0.01265408078107495
33,30,34,control,0.03108183655226391
36,10,34,control,-0.04543456084617637
36,30,34,control,-0.05170716842965174
39,10,34,control,-7.3128017107706e-4
39,30,34,control,0.01451685393817052
42,10,34,control,-0.04733889754522364
42,30,34,control,2.7990690337416e-4
45,10,34,control,0.06242476633442771
45,30,34,control,-0.00885625735758542
48,10,34,control,-0.00612791978009372
48,30,34,control,-0.03170298302502024
0,10,35,control,0.05349255546965748
0,30,35,control,0.04324164616039213
3,10,35,control,0.02745427292164254
3,30,35,control,0.06804892906354863
6,10,35,control,0.02505774769912872
6,30,35,control,0.07078933106363793
9,10,35,control,-0.00671570153298266
9,30,35,control,-0.02591758089385663
12,10,35,control,0.00614164651981003
12,30,35,control,0.03798034864128324
15,10,35,control,-0.0766597923757106
15,30,35,control,0.00757382475692559
18,10,35,control,-0.03406504509842557
18,30,35,control,-0.01369645598098152
21,10,35,control,0.08172516125776381
21,30,35,control,0.08440884722773714
24,10,35,control,0.01060117633655178
24,30,35,control,0.00727156002949162
27,10,35,control,-0.01970608020156873
27,30,35,control,0.03046001416468921
30,10,35,control,0.10414804560523493
30,30,35,control,0.07162739985756882
33,10,35,control,0.0236622722731568
33,30,35,control,0.01916399399620613
36,10,35,control,0.12116761947968954
36,30,35,control,0.02567400227532131
39,10,35,control,0.0333340097660687
39,30,35,control,0.1180237684134722
42,10,35,control,0.03925162653346856
42,30,35,control,-0.04054512164015397
45,10,35,control,0.0650099529409774
45,30,35,control,0.01675616524453341
48,10,35,control,0.06947812682824543
48,30,35,control,0.06223991632871708
0,10,36,control,0.02166490106391251
0,30,36,control,0.0139152648148888
3,10,36,control,0.03078569641634784
3,30,36,control,0.03335824253262118
6,10,36,control,-0.01350863105226177
6,30,36,control,-0.04556077864922747
9,10,36,control,0.06774061283132024
9,30,36,control,0.02099836732259069
12,10,36,control,-5.6360748045469e-4
12,30,36,control,0.07799221563897116
15,10,36,control,-0.05586458942314298
15,30,36,control,-0.0243979958188289
18,10,36,control,0.07688383297130659
18,30,36,control,-0.00829798861864165
21,10,36,control,-0.00499808365066373
21,30,36,control,0.04683921889094391
24,10,36,control,-0.03782781332584901
24,30,36,control,-0.00920268289451053
27,10,36,control,-0.0755890116525448
27,30,36,control,-0.003066267430333
30,10,36,control,-0.05360483257564156
30,30,36,control,-0.01349866148319752
33,10,36,control,-0.02148559764702149
33,30,36,control,0.00234515658251411
36,10,36,control,-0.00907037509944485
36,30,36,control,-0.01131536078890833
39,10,36,control,-0.00497011655525506
39,30,36,control,0.02988712781130261
42,10,36,control,-0.02336640574489684
42,30,36,control,-3.33332930297e-4
45,10,36,control,0.06858084784646444
45,30,36,control,0.00715191585558781
48,10,36,control,-0.04762812709650452
48,30,36,control,-0.00203320749323319
0,10,37,control,-0.07434983965227394
0,30,37,control,0.0136093395486048
3,10,37,control,-0.01028591116589924
3,30,37,control,-0.0320777893761427
6,10,37,control,-0.03039601058581472
6,30,37,control,-0.03407791631695867
9,10,37,control,-0.02590751754455306
9,30,37,control,-9.8387829770272e-4
12,10,37,control,-0.0026278140942369
12,30,37,control,-0.04309314842783728
15,10,37,control,-0.00218303909548411
15,30,37,control,-0.04148640527077608
18,10,37,control,-0.0205635386993434
18,30,37,control,0.02140098495247668
21,10,37,control,0.04237366120729658
21,30,37,control,0.02775451592201233
24,10,37,control,-0.05300038862608029
24,30,37,control,-0.05127171618684564
27,10,37,control,-0.04070516251698796
27,30,37,control,0.00202552866788203
30,10,37,control,-0.01596851352984366
30,30,37,control,0.01580927757502363
33,10,37,control,-0.01954129843831573
33,30,37,control,-0.01687741741310908
36,10,37,control,-0.0380273892249998
36,30,37,control,-0.06558779857279594
39,10,37,control,0.02751348766032283
39,30,37,control,0.00477860811481888
42,10,37,control,0.02675865344761747
42,30,37,control,0.00955311775440694
45,10,37,control,-0.02709677342023189
45,30,37,control,0.00620954802803678
48,10,37,control,0.02377818313022861
48,30,37,control,0.00493668915031433
0,10,38,control,0.01653784686873433
0,30,38,control,-0.00641634090922566
3,10,38,control,-0.04671561802388604
3,30,38,control,0.00751839364336601
6,10,38,control,-0.0686297095205357
6,30,38,control,0.00579122423832115
9,10,38,control,-0.00205808307566899
9,30,38,control,0.00831673787228327
12,10,38,control,-0.04117873980523356
12,30,38,control,0.00308745224592932
15,10,38,control,-0.01725377273093791
15,30,38,control,0.00168687109270166
18,10,38,control,-0.03318177205817833
18,30,38,control,-0.0214276880662624
21,10,38,control,-0.01957901995187912
21,30,38,control,-0.02882928833561166
24,10,38,control,0.0491346843353451
24,30,38,control,-0.00639146887108081
27,10,38,control,-0.04586988306835846
27,30,38,control,0.03550898046683221
30,10,38,control,-0.00176195154931854
30,30,38,control,0.00783869305494544
33,10,38,control,0.01061717699395257
33,30,38,control,0.03183058185456134
36,10,38,control,-0.0210116914468198
36,30,38,control,0.00690024783775946
39,10,38,control,-0.04207465621604252
39,30,38,control,-0.01592595215872311
42,10,38,control,-0.01877754383864518
42,30,38,control,0.00343515551858291
45,10,38,control,-0.04953475332831175
45,30,38,control,1.0579532864781435e-5
48,10,38,control,-0.0361505323183388
48,30,38,control,-0.0319035813572014
0,10,39,control,-0.06011679240856171
0,30,39,control,0.02391087498644278
3,10,39,control,-0.06182931073455517
3,30,39,control,0.03888114774557384
6,10,39,control,-0.04877579278743516
6,30,39,control,-0.0034933912679873
9,10,39,control,-0.01751568087496316
9,30,39,control,0.00748650576894029
12,10,39,control,0.02246558901092827
12,30,39,control,0.02032301721941143
15,10,39,control,0.04040978711133715
15,30,39,control,0.02768768937827629
18,10,39,control,0.00377469800227435
18,30,39,control,-0.01113715912581959
21,10,39,control,-0.04021413158089463
21,30,39,control,8.71014157463e-4
24,10,39,control,-0.04957155614736483
24,30,39,control,-0.00520105190993336
27,10,39,control,-0.09783205500642818
27,30,39,control,0.01930736541483872
30,10,39,control,2.2749124242828e-4
30,30,39,control,0.00577072252731536
33,10,39,control,-0.05919702343715087
33,30,39,control,0.00910945612603885
36,10,39,control,-0.05295496811773401
36,30,39,control,0.09286082310159978
39,10,39,control,-0.00125194244577031
39,30,39,control,0.00363216239456837
42,10,39,control,0.00106087111995986
42,30,39,control,0.00640728811579009
45,10,39,control,-0.05389114130971888
45,30,39,control,-0.03323049240780471
48,10,39,control,0.00462094770654965
48,30,39,control,0.02769596989887317
0,10,4,control,-0.04300537026045011
0,30,4,control,-0.03934508794086058
3,10,4,control,-0.02000488505612261
3,30,4,control,-0.03085361598489907
6,10,4,control,-0.0398050087003319
6,30,4,control,-0.00385393184721036
9,10,4,control,-0.01309192657916383
9,30,4,control,-0.03460057069894268
12,10,4,control,-0.04230360215817057
12,30,4,control,-0.05113022787177667
15,10,4,control,-0.00583728876718573
15,30,4,control,0.02794276806680692
18,10,4,control,-0.04230270316850906
18,30,4,control,-0.04317500410796311
21,10,4,control,-0.03360231021544185
21,30,4,control,-0.04188734775726117
24,10,4,control,-0.02578441788053176
24,30,4,control,-0.02224338858110542
27,10,4,control,-0.04520026267136716
27,30,4,control,-0.06320382255665008
30,10,4,control,-0.03903526180056064
30,30,4,control,-0.0416671387419111
33,10,4,control,-0.0143557604837379
33,30,4,control,-0.0765356707436372
36,10,4,control,-0.00363868949936316
36,30,4,control,-0.03259071958207375
39,10,4,control,-0.03242224443156459
39,30,4,control,-0.05146787994076739
42,10,4,control,-0.01072507918785936
42,30,4,control,0.00186938521191724
45,10,4,control,0.01079973257036362
45,30,4,control,-0.08406275843912252
48,10,4,control,0.02678647346635927
48,30,4,control,-0.05933318971255759
0,10,40,control,-0.05367797390612331
0,30,40,control,-0.07127760061214278
3,10,40,control,-0.0934142175966908
3,30,40,control,-0.05194425900099145
6,10,40,control,-0.04582669936639519
6,30,40,control,-0.03777303017533593
9,10,40,control,-0.07475465008751889
9,30,40,control,-0.08393665068601684
12,10,40,control,-0.05145449499192899
12,30,40,control,-0.06113066676513521
15,10,40,control,-0.09346383496131892
15,30,40,control,-0.07104510165344478
18,10,40,control,-0.03109373450654056
18,30,40,control,-0.05071665551728168
21,10,40,control,-0.07134716984836503
21,30,40,control,-0.06740689635235969
24,10,40,control,-0.06643297570999263
24,30,40,control,-0.08553987362580437
27,10,40,control,-0.05810176779919015
27,30,40,control,-0.07506963975450513
30,10,40,control,-0.03295228714786569
30,30,40,control,-0.0207838550687329
33,10,40,control,-0.05693693716694899
33,30,40,control,-0.07119309644382107
36,10,40,control,-0.1001796080103825
36,30,40,control,-0.06639520987290876
39,10,40,control,-0.03822040132332485
39,30,40,control,-0.04265340769558389
42,10,40,control,-0.07512080957324194
42,30,40,control,-0.06666989162834065
45,10,40,control,-0.03177103168987653
45,30,40,control,-0.08468925065717242
48,10,40,control,-0.03954646962789067
48,30,40,control,-0.04964269360403302
0,10,41,control,-0.04324373976521929
0,30,41,control,-0.12336561782204732
3,10,41,control,-0.04660267503666199
3,30,41,control,-0.0904218596287822
6,10,41,control,-0.09347575496386946
6,30,41,control,-0.10433760279610448
9,10,41,control,-0.05287498450445429
9,30,41,control,-0.05750428528421996
12,10,41,control,-0.0669929972924948
12,30,41,control,-0.1314064488634601
15,10,41,control,-0.0460789595387473
15,30,41,control,-0.07642616974394743
18,10,41,control,-0.09096352326205344
18,30,41,control,-0.11978846790703158
21,10,41,control,-0.01571214554375132
21,30,41,control,-0.07170868066098933
24,10,41,control,-0.05984171987813062
24,30,41,control,-0.08779752383258714
27,10,41,control,-0.02142509287589878
27,30,41,control,-0.07247121652711346
30,10,41,control,-0.1259911307156988
30,30,41,control,-0.11194667349149136
33,10,41,control,-0.08870724593885439
33,30,41,control,-0.1186410018785503
36,10,41,control,-0.11690441319071794
36,30,41,control,-0.08252488173794977
39,10,41,control,-0.02593234627468108
39,30,41,control,-0.08309690864818468
42,10,41,control,-0.11898453254732833
42,30,41,control,-0.05637262930903648
45,10,41,control,-0.12403443925565336
45,30,41,control,-0.04285779158583695
48,10,41,control,-0.09154765803917078
48,30,41,control,-0.06463533816343651
0,10,42,control,0.0720535341650904
0,30,42,control,0.0125188342602716
3,10,42,control,0.02098251027862853
3,30,42,control,-0.01845612908466153
6,10,42,control,0.03123138473036306
6,30,42,control,-0.01571710402039647
9,10,42,control,0.042815012369903
9,30,42,control,-0.06111438691227641
12,10,42,control,0.03270740227368875
12,30,42,control,0.01192143779075577
15,10,42,control,-0.0115679339765089
15,30,42,control,0.0036905947645493
18,10,42,control,0.02676962776056963
18,30,42,control,-0.02429968113512063
21,10,42,control,-0.01489032333859564
21,30,42,control,-0.04131674983638846
24,10,42,control,0.05452086085180979
24,30,42,control,0.01348197506965541
27,10,42,control,0.01964951014130314
27,30,42,control,3.2141966931835e-4
30,10,42,control,0.05774855956286705
30,30,42,control,-0.00735374053978525
33,10,42,control,-0.07320920750679069
33,30,42,control,-0.05158207001971376
36,10,42,control,-0.00649023525257477
36,30,42,control,-0.04283142072432793
39,10,42,control,0.0390142554832666
39,30,42,control,-0.02309965373454423
42,10,42,control,-0.05669797064769241
42,30,42,control,-2.2367833982329e-4
45,10,42,control,-0.02425131495452249
45,30,42,control,-0.00497445266100682
48,10,42,control,-0.00936234982009695
48,30,42,control,-7.1173639352404e-4
0,10,43,control,0.01134743613392906
0,30,43,control,0.02165963492818232
3,10,43,control,0.0760584125972976
3,30,43,control,-0.01561161927820148
6,10,43,control,0.04506532071968687
6,30,43,control,0.01872715474932756
9,10,43,control,0.01236261864124012
9,30,43,control,0.00195167705283248
12,10,43,control,0.0280303360750268
12,30,43,control,-0.02508966369111591
15,10,43,control,-0.01433990580849196
15,30,43,control,0.01269197116564817
18,10,43,control,-0.00961246357148912
18,30,43,control,0.03575330335639154
21,10,43,control,-0.00131879722482582
21,30,43,control,0.04515010024822524
24,10,43,control,-0.01890924963021363
24,30,43,control,0.00641765787355843
27,10,43,control,0.04076538555788589
27,30,43,control,0.00682876490810093
30,10,43,control,-0.0133587430651692
30,30,43,control,0.00102704511756126
33,10,43,control,0.08484802572107938
33,30,43,control,-0.01180639610435222
36,10,43,control,0.01383364014655518
36,30,43,control,0.01895411871686524
39,10,43,control,-0.00460177277664568
39,30,43,control,-0.05851969000439534
42,10,43,control,0.10559851288403202
42,30,43,control,0.01178160255149251
45,10,43,control,0.06077953760102272
45,30,43,control,0.03127336303067092
48,10,43,control,-0.08313086669940874
48,30,43,control,-0.0034671874094064
0,10,44,control,-0.07654019890368874
0,30,44,control,-0.03258003533575994
3,10,44,control,-0.05648201134848418
3,30,44,control,-0.02996645634860334
6,10,44,control,0.03521724886653387
6,30,44,control,-0.01777628409708848
9,10,44,control,-0.0811008608884391
9,30,44,control,-0.07102109019086456
12,10,44,control,0.02555303245438461
12,30,44,control,0.00379832083111585
15,10,44,control,-0.04295519445644351
15,30,44,control,-0.06572872106351782
18,10,44,control,0.00964294082999809
18,30,44,control,-0.00164920696337777
21,10,44,control,-0.04341002068053773
21,30,44,control,-0.00906324297395541
24,10,44,control,-0.08485665968310124
24,30,44,control,-0.07970064995616198
27,10,44,control,-0.07591662438195189
27,30,44,control,-0.07652139322825413
30,10,44,control,0.00661299319061773
30,30,44,control,-0.04034383844894411
33,10,44,control,0.01152287170799294
33,30,44,control,0.01706322216342793
36,10,44,control,0.04763211819947378
36,30,44,control,-0.04787323592667672
39,10,44,control,0.00302586209368402
39,30,44,control,-0.02267134206603747
42,10,44,control,0.04666241497889342
42,30,44,control,0.00599290940432809
45,10,44,control,-1.4133492551131e-4
45,30,44,control,-0.0203468228607195
48,10,44,control,-0.07296465802669105
48,30,44,control,-0.03310687630231131
0,10,45,control,0.00776422284999258
0,30,45,control,0.02373757564358504
3,10,45,control,0.03469243876279337
3,30,45,control,0.00256876599226571
6,10,45,control,-0.00765948800060698
6,30,45,control,-0.00710021281671884
9,10,45,control,0.00867921541041661
9,30,45,control,-7.9567065644018e-4
12,10,45,control,0.0158717522657551
12,30,45,control,0.00600306859382632
15,10,45,control,-0.00468220026420769
15,30,45,control,0.00157073766490804
18,10,45,control,-0.00636164230706247
18,30,45,control,0.00878684661629156
21,10,45,control,0.00730423547868144
21,30,45,control,0.04838834648320515
24,10,45,control,-0.01043741384054342
24,30,45,control,0.01004925711490898
27,10,45,control,0.00112853305456951
27,30,45,control,0.00830727913932421
30,10,45,control,0.02843823102949417
30,30,45,control,-1.6740872120408e-4
33,10,45,control,-0.00968088196431686
33,30,45,control,-0.02114722613205167
36,10,45,control,-0.00142300006719549
36,30,45,control,0.01299262232836802
39,10,45,control,0.01298921872993965
39,30,45,control,-0.00471201033635593
42,10,45,control,0.00807219187652524
42,30,45,control,0.03058622989435499
45,10,45,control,0.01994482255816269
45,30,45,control,0.04018219542675828
48,10,45,control,0.02095025134667409
48,30,45,control,0.00748234950608075
0,10,46,control,0.02831559088382757
0,30,46,control,0.04685015831912504
3,10,46,control,-0.00562330099926143
3,30,46,control,0.03592719261491228
6,10,46,control,0.0641860481289774
6,30,46,control,0.0416560457124989
9,10,46,control,0.08170037902244694
9,30,46,control,-0.01115462120051745
12,10,46,control,-0.02875418149905268
12,30,46,control,-0.01479782571307219
15,10,46,control,0.03995074431604797
15,30,46,control,-0.0062035498742693904
18,10,46,control,0.02622674952074084
18,30,46,control,-0.00272929511975816
21,10,46,control,-0.02229607225605906
21,30,46,control,0.00157129452500312
24,10,46,control,0.05353192337282653
24,30,46,control,0.02405510293404013
27,10,46,control,0.0088851915697774
27,30,46,control,0.01320114660321606
30,10,46,control,0.03891497906395626
30,30,46,control,0.03184219412485948
33,10,46,control,-0.05756340443743378
33,30,46,control,-0.01188706288291114
36,10,46,control,0.010161356916119
36,30,46,control,-0.01493405427361025
39,10,46,control,-0.01319753121193138
39,30,46,control,0.01038508837761479
42,10,46,control,0.02585471769572499
42,30,46,control,0.02973667689688368
45,10,46,control,0.00818917612727699
45,30,46,control,0.03488594488328489
48,10,46,control,0.01649545320000751
48,30,46,control,0.01046649107368587
0,10,47,control,0.05331597464696212
0,30,47,control,0.02421592059760877
3,10,47,control,0.10162530647538044
3,30,47,control,0.10819832268834154
6,10,47,control,0.06676125515536743
6,30,47,control,0.0779742972467733
9,10,47,control,0.00492796781379728
9,30,47,control,0.04884975756389419
12,10,47,control,0.05092470904635028
12,30,47,control,0.05066348436180311
15,10,47,control,0.05916620609235341
15,30,47,control,0.06136767905172591
18,10,47,control,0.06103410019746654
18,30,47,control,0.0568336976419212
21,10,47,control,0.01680817073859207
21,30,47,control,0.09771173823098808
24,10,47,control,0.1061027750058535
24,30,47,control,0.10112698911072455
27,10,47,control,0.0558126816483489
27,30,47,control,0.06801086563052904
30,10,47,control,0.1136924609514573
30,30,47,control,0.05842339574145068
33,10,47,control,0.04519460665258351
33,30,47,control,0.07853485522780228
36,10,47,control,0.04252679578032419
36,30,47,control,0.05287231559174898
39,10,47,control,0.01078820734360992
39,30,47,control,0.02816826317137594
42,10,47,control,0.10019877050726768
42,30,47,control,0.04697400762018175
45,10,47,control,0.09543577773140226
45,30,47,control,0.07611751495519486
48,10,47,control,0.03358419723933019
48,30,47,control,0.0431152349904953
0,10,48,control,0.00515734501467656
0,30,48,control,0.00128933499912359
3,10,48,control,0.03239561901182838
3,30,48,control,-0.03572117055503607
6,10,48,control,-0.00231800137563203
6,30,48,control,-0.02710398396085009
9,10,48,control,0.02941711758660238
9,30,48,control,0.01770460188463141
12,10,48,control,-0.00379277221387409
12,30,48,control,-0.05972109270333818
15,10,48,control,-0.0758358625710257
15,30,48,control,-0.05365416581072024
18,10,48,control,-0.00465073717820868
18,30,48,control,0.00265044028681798
21,10,48,control,-0.04566918093042691
21,30,48,control,-0.0246880670960559
24,10,48,control,-0.03638817897617966
24,30,48,control,-0.02513703818783488
27,10,48,control,-0.04411394601667604
27,30,48,control,-0.04793739459252582
30,10,48,control,-0.05229207472610423
30,30,48,control,-0.05262924598747847
33,10,48,control,0.01733580601221246
33,30,48,control,-0.03540700695576428
36,10,48,control,0.01192224111191709
36,30,48,control,-0.04047884900419259
39,10,48,control,-0.02830989553312571
39,30,48,control,-0.05296962342767641
42,10,48,control,0.02030609597851918
42,30,48,control,-0.01263563644789184
45,10,48,control,0.03310171631583166
45,30,48,control,-0.02280739319904445
48,10,48,control,-0.03508146763337393
48,30,48,control,-0.03874230188752051
0,10,49,control,-0.06594550030809986
0,30,49,control,-0.01354554791229681
3,10,49,control,-0.08270141715312891
3,30,49,control,-0.05199228546173611
6,10,49,control,-0.04269017551696496
6,30,49,control,-0.04638051769021702
9,10,49,control,-0.02654313204577598
9,30,49,control,-0.04757859998912637
12,10,49,control,-0.04943412149724102
12,30,49,control,-0.01767012353845829
15,10,49,control,-0.02805783933537592
15,30,49,control,-0.06604259105959259
18,10,49,control,-0.01975789540819343
18,30,49,control,-0.02516802408700188
21,10,49,control,-0.05226462015419802
21,30,49,control,-0.05309724978386121
24,10,49,control,-0.06744933857833973
24,30,49,control,-0.04550998763417696
27,10,49,control,-0.03308017726491209
27,30,49,control,-0.04470220631315105
30,10,49,control,-0.05365132088000481
30,30,49,control,-0.02996115444174939
33,10,49,control,0.05540682425334953
33,30,49,control,-0.05372859999436254
36,10,49,control,-0.04226598583289404
36,30,49,control,-0.06326556201860319
39,10,49,control,-0.02133722517827427
39,30,49,control,-0.03595416663867462
42,10,49,control,-0.01022153769461713
42,30,49,control,-0.0259752716759941
45,10,49,control,-0.09886202544483456
45,30,49,control,-0.05000896312216773
48,10,49,control,0.01691218739170481
48,30,49,control,0.00539557794934167
0,10,5,control,-0.11353808584742242
0,30,5,control,-0.04987202187055072
3,10,5,control,-0.1072189095321004
3,30,5,control,-0.08220089419008193
6,10,5,control,0.01453454833319503
6,30,5,control,-0.05464806425123668
9,10,5,control,0.00538627020420846
9,30,5,control,-0.0074331301300385
12,10,5,control,-0.1483149251583443
12,30,5,control,-0.06130326782620517
15,10,5,control,-0.05900197178515521
15,30,5,control,-0.03713546275552629
18,10,5,control,-0.02565499762629417
18,30,5,control,0.03002489619206837
21,10,5,control,-0.08354342583917272
21,30,5,control,-0.02003539694031694
24,10,5,control,0.03971991980680085
24,30,5,control,0.04003683224692236
27,10,5,control,-0.08724157762998014
27,30,5,control,-0.05924489979118457
30,10,5,control,-0.0242665963503985
30,30,5,control,0.04279165675553324
33,10,5,control,-0.07614269457354551
33,30,5,control,-0.05444562524246769
36,10,5,control,-0.06929077538172577
36,30,5,control,-0.06979977725576812
39,10,5,control,-0.11843768083107764
39,30,5,control,-0.05437766393236749
42,10,5,control,-0.06627920398152332
42,30,5,control,-0.014491488351292
45,10,5,control,-0.02815104657959799
45,30,5,control,0.01829472935202804
48,10,5,control,0.03410773305596149
48,30,5,control,-0.05270967351038455
0,10,50,control,0.0364413915140923
0,30,50,control,0.07248409237208221
3,10,50,control,0.00201967024451128
3,30,50,control,0.0038058210971695
6,10,50,control,0.04049637714690474
6,30,50,control,-1.8314192092153e-4
9,10,50,control,-0.01374019876730817
9,30,50,control,-6.7608564130245e-4
12,10,50,control,0.06108657266244168
12,30,50,control,0.05827472318271996
15,10,50,control,-0.0083810868510918
15,30,50,control,0.08305967115878782
18,10,50,control,0.08089943823467735
18,30,50,control,0.01381312187874801
21,10,50,control,-0.04429340621584776
21,30,50,control,0.00186464949109972
24,10,50,control,-0.06716809260566364
24,30,50,control,-0.01177351550395704
27,10,50,control,0.06880786875987471
27,30,50,control,0.07644797014164566
30,10,50,control,-0.05861649666631998
30,30,50,control,0.06596506714910062
33,10,50,control,0.01310091206184832
33,30,50,control,0.03130179479442824
36,10,50,control,-0.03601329043427821
36,30,50,control,0.05908515711931547
39,10,50,control,-0.03938149725903606
39,30,50,control,0.00851039406174197
42,10,50,control,0.01193742411438919
42,30,50,control,0.04979847312357555
45,10,50,control,0.04258012382262349
45,30,50,control,0.01955304236146114
48,10,50,control,0.06629711922895314
48,30,50,control,0.07643729002303395
0,10,51,control,0.00969986200175477
0,30,51,control,0.0257926144171623
3,10,51,control,0.0464516995349959
3,30,51,control,0.06562278445233168
6,10,51,control,0.05641477567556038
6,30,51,control,0.01804960990100806
9,10,51,control,0.06279083505908786
9,30,51,control,0.0288015169932732
12,10,51,control,0.00773713838809405
12,30,51,control,0.0441070544344955
15,10,51,control,0.06836034818222017
15,30,51,control,0.03331390347145546
18,10,51,control,-0.00244479178497489
18,30,51,control,0.04753567290171168
21,10,51,control,0.07148609997926156
21,30,51,control,-0.01234266424802793
24,10,51,control,-5.5196112907756e-4
24,30,51,control,0.02937343164934875
27,10,51,control,-0.03582625626436049
27,30,51,control,0.01590609955359611
30,10,51,control,0.05728389016587094
30,30,51,control,0.01314425377895796
33,10,51,control,-0.01246127918197293
33,30,51,control,-0.02964424728777929
36,10,51,control,6.0741213894558105e-5
36,30,51,control,0.00625184479075019
39,10,51,control,0.02935480339381579
39,30,51,control,-0.00565582320543838
42,10,51,control,0.04862986580501485
42,30,51,control,0.04069489907951076
45,10,51,control,0.03540970072357862
45,30,51,control,0.02611765979970676
48,10,51,control,0.01736930742376211
48,30,51,control,0.00838089159012308
0,10,52,control,-0.03093816776250496
0,30,52,control,0.00621057226481826
3,10,52,control,-0.01071934199160267
3,30,52,control,0.01196772582426367
6,10,52,control,-0.00281405178540434
6,30,52,control,-0.0061214009994382
9,10,52,control,-0.00485231786294226
9,30,52,control,-0.01076195145292374
12,10,52,control,0.00581357149287482
12,30,52,control,0.02005687416702298
15,10,52,control,0.02108836212358815
15,30,52,control,0.01368955241515933
18,10,52,control,-0.00487026861858174
18,30,52,control,-0.01230183698486341
21,10,52,control,0.02928457257969749
21,30,52,control,0.02897000425499324
24,10,52,control,0.01911861476274231
24,30,52,control,0.04509573409327065
27,10,52,control,-0.01502577537963896
27,30,52,control,0.01658145385608874
30,10,52,control,0.01597574441429571
30,30,52,control,0.00651447194648449
33,10,52,control,-0.0060027215359962
33,30,52,control,0.01852738968771033
36,10,52,control,0.00264394101180466
36,30,52,control,0.00147415047367294
39,10,52,control,-0.00410073219588187
39,30,52,control,0.03681576182767747
42,10,52,control,0.01602040891442852
42,30,52,control,-0.00838681959616007
45,10,52,control,0.00312216042018281
45,30,52,control,0.03341193326887662
48,10,52,control,0.00362885384276813
48,30,52,control,0.00661028543432069
0,10,53,control,-0.04020056528182392
0,30,53,control,-0.06083666093313712
3,10,53,control,-0.07529529567271293
3,30,53,control,-0.03310547635088826
6,10,53,control,-0.02499923492415763
6,30,53,control,-0.03707889393000555
9,10,53,control,-0.06659183383333557
9,30,53,control,-0.06630923086188349
12,10,53,control,-0.01386812513967322
12,30,53,control,-0.06871007634641117
15,10,53,control,-0.10352787557551588
15,30,53,control,-0.03652108888466275
18,10,53,control,-0.06124402033189084
18,30,53,control,-0.01538256251126817
21,10,53,control,-0.00465785591364783
21,30,53,control,-0.03340058708133887
24,10,53,control,-0.02109606367438029
24,30,53,control,-0.04244439204366124
27,10,53,control,-0.0311047849777996
27,30,53,control,-0.06309292444775372
30,10,53,control,-0.04797125848817286
30,30,53,control,-0.02041066343515408
33,10,53,control,-0.00370906874324835
33,30,53,control,-0.03044330890930087
36,10,53,control,-0.01746934166439074
36,30,53,control,-0.03056571402448543
39,10,53,control,-0.06235681670800975
39,30,53,control,-0.07292514975474473
42,10,53,control,-0.06312514647746716
42,30,53,control,-0.04322531704122284
45,10,53,control,-0.05415703310752733
45,30,53,control,-0.0745347047668183
48,10,53,control,-0.05448451061489971
48,30,53,control,-0.07667920374678092
0,10,54,control,0.04298109766858113
0,30,54,control,0.03125405871693496
3,10,54,control,0.00803330705344505
3,30,54,control,0.0210679746487871
6,10,54,control,0.03199860317362305
6,30,54,control,0.04139447947342329
9,10,54,control,0.07214467932796848
9,30,54,control,0.04174347153450833
12,10,54,control,-0.0286702364534505
12,30,54,control,0.00228162323521112
15,10,54,control,0.02972622553904691
15,30,54,control,0.00537285249024788
18,10,54,control,0.0357775892573885
18,30,54,control,0.04478118352028684
21,10,54,control,-0.01133692764763764
21,30,54,control,-0.00616541901272029
24,10,54,control,0.01467259455776594
24,30,54,control,0.02525876727099735
27,10,54,control,0.04096953069692918
27,30,54,control,0.03813022454914872
30,10,54,control,0.00774970942664642
30,30,54,control,-0.02406603219661083
33,10,54,control,0.0317187529193576
33,30,54,control,-0.00467520132071597
36,10,54,control,0.04194910408320956
36,30,54,control,-7.9059238213619e-4
39,10,54,control,0.01609362346334985
39,30,54,control,0.02261552288554326
42,10,54,control,0.07250185523496239
42,30,54,control,0.04360670378575614
45,10,54,control,0.04447478983617405
45,30,54,control,0.04012144247204092
48,10,54,control,0.01396202230359874
48,30,54,control,0.04359451008891731
0,10,55,control,-0.07788439809753411
0,30,55,control,-0.04496031565072912
3,10,55,control,0.02979279996631413
3,30,55,control,0.04481049518885618
6,10,55,control,-0.01043196395347291
6,30,55,control,-0.04181644987712179
9,10,55,control,0.01421451515943028
9,30,55,control,0.04448483547657984
12,10,55,control,-0.046090414248003773
12,30,55,control,0.01731000103533233
15,10,55,control,-0.02030830850886118
15,30,55,control,-7.394240587910233e-5
18,10,55,control,-0.06164447684876278
18,30,55,control,-0.03032513769326899
21,10,55,control,-0.06635858116221173
21,30,55,control,-0.00580291807259913
24,10,55,control,-0.00451235583658117
24,30,55,control,0.09301832811731112
27,10,55,control,-0.00737066377368002
27,30,55,control,-0.00617242317731076
30,10,55,control,0.04942539385557414
30,30,55,control,0.0204861982439275
33,10,55,control,0.02280346812164713
33,30,55,control,0.02920701358312161
36,10,55,control,0.01133895398903784
36,30,55,control,-0.01889711117062573
39,10,55,control,-0.00425922430050932
39,30,55,control,0.02575307652073464
42,10,55,control,-0.01054458929149043
42,30,55,control,0.03925421494101601
45,10,55,control,-0.02590380512224017
45,30,55,control,0.02338741859655433
48,10,55,control,0.05738636810317617
48,30,55,control,-0.02321424399611208
0,10,56,control,-0.13985724572520825
0,30,56,control,-0.07300178503654366
3,10,56,control,-0.02396430584908463
3,30,56,control,-0.04485714320668255
6,10,56,control,-0.09756203708172166
6,30,56,control,-0.06539861383709622
9,10,56,control,-0.04959650670449588
9,30,56,control,-0.07125539089862985
12,10,56,control,-0.03047770852802498
12,30,56,control,-0.07774441491139295
15,10,56,control,-0.08118707154890069
15,30,56,control,-0.09059798665573852
18,10,56,control,-0.04123813842222419
18,30,56,control,-0.09297467074297454
21,10,56,control,0.02010507259904715
21,30,56,control,-0.02440681577486471
24,10,56,control,-0.10164085522593348
24,30,56,control,-0.04695959406447733
27,10,56,control,-0.12196948884977664
27,30,56,control,-0.07861759871164017
30,10,56,control,-0.06288333815661916
30,30,56,control,-0.08415897011843809
33,10,56,control,-0.0674586620730438
33,30,56,control,-0.02861945588440849
36,10,56,control,-0.04009451246657507
36,30,56,control,-0.05173699858729595
39,10,56,control,-0.02540197410241426
39,30,56,control,-0.03056845765968259
42,10,56,control,-0.05921669030015072
42,30,56,control,-0.04434835933946802
45,10,56,control,-0.04018514557624402
45,30,56,control,-0.02776681424860905
48,10,56,control,-0.08208422281810739
48,30,56,control,-0.0406774402138499
0,10,57,control,-0.06487612798154559
0,30,57,control,-0.07903914957093362
3,10,57,control,-0.0779502806502159
3,30,57,control,-0.06346360153050364
6,10,57,control,-0.05181028700781599
6,30,57,control,0.02027102384095148
9,10,57,control,-0.10244821631356134
9,30,57,control,-0.04179215565715161
12,10,57,control,-0.05703152348773568
12,30,57,control,-0.0893623156450274
15,10,57,control,-0.05901711572971992
15,30,57,control,0.01065894903386309
18,10,57,control,-0.04373928246288391
18,30,57,control,-0.06314936377107234
21,10,57,control,-0.03821948072016162
21,30,57,control,-0.01883202092162924
24,10,57,control,-0.01837772422205403
24,30,57,control,-0.02064327389951528
27,10,57,control,-0.03215573092806371
27,30,57,control,-0.07152969777897725
30,10,57,control,-0.07680596117522064
30,30,57,control,-0.05746281237361729
33,10,57,control,-0.06141597329878948
33,30,57,control,-0.05060536089678585
36,10,57,control,-0.04672423728181181
36,30,57,control,-0.02412796092439287
39,10,57,control,0.03674011116780572
39,30,57,control,0.02407051999861154
42,10,57,control,-0.05926702060691576
42,30,57,control,-0.018791698889406232
45,10,57,control,-0.03189452154169191
45,30,57,control,-0.03682092521635893
48,10,57,control,-0.04675128849167809
48,30,57,control,-0.05234796300778944
0,10,58,control,0.17261998354855873
0,30,58,control,0.1089291460999822
3,10,58,control,0.2004925506698468
3,30,58,control,0.05250114237826055
6,10,58,control,0.065825330899384707
6,30,58,control,0.10248788103146753
9,10,58,control,0.03647981344716392
9,30,58,control,-0.02412161553034753
12,10,58,control,0.09865072552420438
12,30,58,control,0.0661664040987963
15,10,58,control,0.1091383515656311
15,30,58,control,0.03175834812809226
18,10,58,control,0.05201491348418861
18,30,58,control,0.01088563840343393
21,10,58,control,-0.00679268910208987
21,30,58,control,0.0636264453224273
24,10,58,control,-0.02388597262524108
24,30,58,control,-0.03752204038917384
27,10,58,control,0.05902980855686669
27,30,58,control,0.02511890820159096
30,10,58,control,0.00971526573938247
30,30,58,control,0.10384859447545798
33,10,58,control,0.02980680141110635
33,30,58,control,0.01121167387934065
36,10,58,control,0.10402873823789578
36,30,58,control,0.07954490058911824
39,10,58,control,0.0929305392461337
39,30,58,control,0.06353967815813205
42,10,58,control,0.1117700235604531
42,30,58,control,0.0952448947333817
45,10,58,control,0.03566360325549526
45,30,58,control,0.02247325137575754
48,10,58,control,0.00903741507820435
48,30,58,control,-0.02188568833021384
0,10,59,control,0.02219438870143186
0,30,59,control,-0.0334303978410342
3,10,59,control,-0.00294062731997399
3,30,59,control,0.00369541302767539
6,10,59,control,0.00395392343312814
6,30,59,control,0.01399353643081424
9,10,59,control,-0.00132941510913882
9,30,59,control,-0.04611565636027531
12,10,59,control,0.00527767177781516
12,30,59,control,-0.06934891911101236
15,10,59,control,-0.02298771048087114
15,30,59,control,-0.03165201675358169
18,10,59,control,-0.0424537049994366
18,30,59,control,-0.01450811656652428
21,10,59,control,-0.00789804676288141
21,30,59,control,-0.01627620278610611
24,10,59,control,0.03624436302760039
24,30,59,control,-0.02960388997187207
27,10,59,control,0.02553672060632065
27,30,59,control,-0.03247165749097363
30,10,59,control,-0.0385552802391356
30,30,59,control,-0.00248073463119457
33,10,59,control,0.02109524479076737
33,30,59,control,-0.02883868323619077
36,10,59,control,0.0328364995267733
36,30,59,control,-0.01427735434967818
39,10,59,control,-0.02465553967824339
39,30,59,control,-0.05494381395852388
42,10,59,control,0.02417066862288728
42,30,59,control,-0.01795664577401238
45,10,59,control,0.05324753140896961
45,30,59,control,-0.02183199312461022
48,10,59,control,-0.04420341533439253
48,30,59,control,-0.05831817136807674
0,10,6,control,0.00596810414571377
0,30,6,control,0.05590192605743914
3,10,6,control,0.04183936848488198
3,30,6,control,0.03010069931730871
6,10,6,control,0.00557592304384781
6,30,6,control,0.08299546754795785
9,10,6,control,0.01170629336152962
9,30,6,control,0.027344900964288
12,10,6,control,0.03796901267133151
12,30,6,control,0.03128421743048615
15,10,6,control,0.02433925290221598
15,30,6,control,0.06953351279999134
18,10,6,control,0.03470413778544167
18,30,6,control,0.03871242917297859
21,10,6,control,0.04433503439787203
21,30,6,control,7.6458256308601e-4
24,10,6,control,0.01467812271251013
24,30,6,control,0.06025821073116905
27,10,6,control,-0.01131465055241622
27,30,6,control,0.06669697512779403
30,10,6,control,9.7257102117362e-4
30,30,6,control,0.05796234095588968
33,10,6,control,0.09703483442415609
33,30,6,control,0.06727144668689512
36,10,6,control,-0.03688743628159401
36,30,6,control,0.01707140596177041
39,10,6,control,-0.04556146270154636
39,30,6,control,0.02649676785606859
42,10,6,control,0.0857649113170578
42,30,6,control,0.07476348639080344
45,10,6,control,0.05125673754879654
45,30,6,control,0.00957282423502556
48,10,6,control,0.05348881555055723
48,30,6,control,0.07497842748253998
0,10,60,control,-0.0498283872120628
0,30,60,control,0.01208606890975954
3,10,60,control,0.04153821347652232
3,30,60,control,-0.08790215037164674
6,10,60,control,-0.0023658942890712
6,30,60,control,-0.12235518520499512
9,10,60,control,-0.1206697047485538
9,30,60,control,-0.08041064416236379
12,10,60,control,0.02346851787569733
12,30,60,control,-0.0736801842787012
15,10,60,control,-0.05830393674821519
15,30,60,control,-0.07039125451315321
18,10,60,control,-0.08796405250750046
18,30,60,control,-0.08124826922052741
21,10,60,control,-0.13513173545713988
21,30,60,control,-0.05517376509586528
24,10,60,control,-0.11034179390137942
24,30,60,control,-0.03227182095537165
27,10,60,control,-0.04477909058533336
27,30,60,control,-0.08310113660913276
30,10,60,control,-0.09326579649852192
30,30,60,control,-0.02143209473741956
33,10,60,control,-0.08088038936796024
33,30,60,control,-0.09186752013336696
36,10,60,control,-0.11180276357203846
36,30,60,control,-0.05374886961104338
39,10,60,control,-0.05411191650596318
39,30,60,control,-0.0555801804933488
42,10,60,control,-0.03348895568726574
42,30,60,control,-0.07059840038024544
45,10,60,control,-0.07840130795690534
45,30,60,control,-0.05106297729536573
48,10,60,control,-0.1273879680913986
48,30,60,control,-0.11323976908090132
0,10,61,control,-0.04393751270667678
0,30,61,control,0.01885547854024894
3,10,61,control,0.01965211666841082
3,30,61,control,-0.00807249394411215
6,10,61,control,0.04107748303128646
6,30,61,control,0.00528023544799448
9,10,61,control,0.08404876982236534
9,30,61,control,0.0312746614978345
12,10,61,control,0.06906588719973601
12,30,61,control,0.02433896604661784
15,10,61,control,0.01083604267101227
15,30,61,control,0.0582624634238726
18,10,61,control,0.07834521998086022
18,30,61,control,0.08716484615323673
21,10,61,control,-0.00147479046295677
21,30,61,control,0.02232766999865995
24,10,61,control,0.05987621662846907
24,30,61,control,0.04765468106818237
27,10,61,control,-0.01001267363545686
27,30,61,control,0.09848311146817332
30,10,61,control,0.03776457259642087
30,30,61,control,0.06376127933366213
33,10,61,control,0.00505309410827643
33,30,61,control,0.02770415591623996
36,10,61,control,-0.01518263518695306
36,30,61,control,0.01033892785361551
39,10,61,control,0.07356699214767896
39,30,61,control,0.04802265176707383
42,10,61,control,0.05033095814771121
42,30,61,control,0.03848523963500522
45,10,61,control,0.08466473226952849
45,30,61,control,0.05124841758057796
48,10,61,control,-0.03869016277029516
48,30,61,control,0.0337095160929305
0,10,62,control,-0.05794112053743132
0,30,62,control,-0.00972768951399226
3,10,62,control,-0.11306831596502938
3,30,62,control,-0.01853770442801389
6,10,62,control,-0.06972388221636024
6,30,62,control,0.00417852142038256
9,10,62,control,0.02335181627083313
9,30,62,control,-0.03030302022471122
12,10,62,control,-0.0354440237710037
12,30,62,control,-0.04285752787171628
15,10,62,control,-0.08350260967552824
15,30,62,control,-0.09368468507045326
18,10,62,control,0.03264572975586551
18,30,62,control,-0.01455233827138079
21,10,62,control,-0.00980956394185522
21,30,62,control,-0.02719573964810715
24,10,62,control,-0.01979848241076006
24,30,62,control,-0.0158152725181658
27,10,62,control,0.02272425471138778
27,30,62,control,0.04475305022828461
30,10,62,control,-0.06400103364578096
30,30,62,control,-0.0573183474454329
33,10,62,control,0.03085095491087771
33,30,62,control,0.01386531598803124
36,10,62,control,-0.09408076469269988
36,30,62,control,-0.0271271994547836
39,10,62,control,1.2760731033018e-4
39,30,62,control,-0.00748392182734816
42,10,62,control,-0.0140661168943838
42,30,62,control,0.02817176884110353
45,10,62,control,0.1647587252812298
45,30,62,control,0.02802314960323889
48,10,62,control,-0.06060807910130265
48,30,62,control,0.02157625367348187
0,10,63,control,-0.11184629518951655
0,30,63,control,-0.05130078824550575
3,10,63,control,-0.00585675072699184
3,30,63,control,-0.0541111912706383
6,10,63,control,0.01977475779583335
6,30,63,control,0.01303640466918457
9,10,63,control,0.01468948649002173
9,30,63,control,0.01649595867341947
12,10,63,control,5.6131230268194e-4
12,30,63,control,-0.02227580189207122
15,10,63,control,-0.00351561647017733
15,30,63,control,-0.02792871419660085
18,10,63,control,-0.06863340504417734
18,30,63,control,-0.01763379134573468
21,10,63,control,0.04586137069732359
21,30,63,control,0.01541009697843915
24,10,63,control,-0.03578671830509689
24,30,63,control,-0.00414330852356199
27,10,63,control,-0.06244527442137338
27,30,63,control,-0.01404394766256818
30,10,63,control,-0.02994547322814243
30,30,63,control,-0.00512046692144214
33,10,63,control,-0.0539106280172216
33,30,63,control,-0.00303087297598276
36,10,63,control,-0.01980177579668926
36,30,63,control,2.6089486647946e-4
39,10,63,control,-0.05135919168977494
39,30,63,control,0.01627773215827862
42,10,63,control,0.03007214864088542
42,30,63,control,0.03866722715388595
45,10,63,control,0.01317448076819498
45,30,63,control,-0.02836016110318671
48,10,63,control,0.03263573022072227
48,30,63,control,-0.03964773231864395
0,10,64,control,-0.01161364826563809
0,30,64,control,-0.04860770592706406
3,10,64,control,0.00976841406903926
3,30,64,control,-0.01875635869235592
6,10,64,control,0.01464133710190724
6,30,64,control,0.00858632778950295
9,10,64,control,-0.0191320512492796
9,30,64,control,-0.01089328283440201
12,10,64,control,0.03838564433318466
12,30,64,control,0.00166386401444168
15,10,64,control,0.03757549666618944
15,30,64,control,0.02335864863250371
18,10,64,control,0.02087273755908153
18,30,64,control,0.02992912496507522
21,10,64,control,-0.04096705349638393
21,30,64,control,-0.04279472100856846
24,10,64,control,-0.05223094807451431
24,30,64,control,-0.01379861429962865
27,10,64,control,0.0270045334111561
27,30,64,control,-0.0063019957692081
30,10,64,control,0.00748887769516364
30,30,64,control,0.0100919968053238
33,10,64,control,-0.02348669937248911
33,30,64,control,0.02066845593833555
36,10,64,control,0.04818679920170254
36,30,64,control,7.511461770516e-4
39,10,64,control,0.02347384567973093
39,30,64,control,0.01031864852728528
42,10,64,control,0.02843359995826732
42,30,64,control,0.01615443034924067
45,10,64,control,-0.05815663521684564
45,30,64,control,-0.02429636282278162
48,10,64,control,0.01383398177800967
48,30,64,control,-0.03075533789306085
0,10,65,control,-0.07341907973046098
0,30,65,control,-0.15302700026235347
3,10,65,control,-0.06984149307266957
3,30,65,control,-0.128698805551841
6,10,65,control,-0.09327695269534812
6,30,65,control,-0.08367875214260326
9,10,65,control,-0.05571205937909655
9,30,65,control,-0.11607729271243572
12,10,65,control,-0.0268602891665007
12,30,65,control,-0.10488811064367316
15,10,65,control,-0.1209435817449622
15,30,65,control,-0.12464253256901953
18,10,65,control,-0.07080882904593144
18,30,65,control,-0.07154886826818768
21,10,65,control,-0.04954247886449051
21,30,65,control,-0.18798289780729405
24,10,65,control,-0.05974590667364182
24,30,65,control,-0.13876114760849115
27,10,65,control,-0.06395502694898884
27,30,65,control,-0.1574283116176479
30,10,65,control,0.07897934714084827
30,30,65,control,-0.09687674947424332
33,10,65,control,-0.16061396688520516
33,30,65,control,-0.13750646259407603
36,10,65,control,-0.1516332129977905
36,30,65,control,-0.1282626467110131
39,10,65,control,-0.07812255695081942
39,30,65,control,-0.14916946080026994
42,10,65,control,-0.01556968037999707
42,30,65,control,-0.09472532708527538
45,10,65,control,-0.11157730837532674
45,30,65,control,-0.13110361022596767
48,10,65,control,-0.04640181205463157
48,30,65,control,-0.12080743551761684
0,10,66,control,-0.02837845442349982
0,30,66,control,-0.03775320663643097
3,10,66,control,-0.0343241678316706
3,30,66,control,-0.0068342908444332
6,10,66,control,-0.02651870198696144
6,30,66,control,-0.04198195363314089
9,10,66,control,-0.00818661878259421
9,30,66,control,-0.0657655408328783
12,10,66,control,0.00731112085005149
12,30,66,control,-0.01900761216633073
15,10,66,control,-0.02932724041059485
15,30,66,control,0.01645095332265409
18,10,66,control,0.00672435982306603
18,30,66,control,-0.02172074580508619
21,10,66,control,-0.03836829799321849
21,30,66,control,-0.042313134834060503
24,10,66,control,-0.01875538577807463
24,30,66,control,-0.02960666251634565
27,10,66,control,0.01393759199620989
27,30,66,control,-0.01085026959143388
30,10,66,control,-0.05353568839873213
30,30,66,control,-0.07157141459584353
33,10,66,control,-0.02446335090871219
33,30,66,control,-0.02801679367665563
36,10,66,control,-0.0579919113057605
36,30,66,control,-0.05967349639989199
39,10,66,control,-0.02332305534019948
39,30,66,control,-0.04338476792877206
42,10,66,control,-0.02893388938320587
42,30,66,control,-0.07536531527548462
45,10,66,control,-0.02699447877789471
45,30,66,control,-0.04606361676461621
48,10,66,control,-0.05917284381609451
48,30,66,control,-0.07164666074229682
0,10,67,control,-0.05714075556064846
0,30,67,control,-0.13494610886024777
3,10,67,control,-0.03576810145893346
3,30,67,control,-0.06697076867851852
6,10,67,control,-0.07116817078227776
6,30,67,control,-0.08937442353910996
9,10,67,control,-0.08378202843457495
9,30,67,control,-0.07244939523511856
12,10,67,control,-0.0866089354052517
12,30,67,control,-0.06808072980789866
15,10,67,control,-0.1057500095668141
15,30,67,control,-0.09357483346301217
18,10,67,control,-0.06311770821363748
18,30,67,control,-0.07463796578265065
21,10,67,control,-0.15709395063385082
21,30,67,control,-0.12868999314003696
24,10,67,control,-0.03967695237287837
24,30,67,control,-0.07481810372637963
27,10,67,control,-0.0890467153219972
27,30,67,control,-0.08215125665744305
30,10,67,control,-0.11098774645672872
30,30,67,control,-0.05205200524259773
33,10,67,control,-0.05682177096548867
33,30,67,control,-0.1142869555288914
36,10,67,control,-0.05852296175703461
36,30,67,control,-0.07586428101495962
39,10,67,control,-0.0733778146577003
39,30,67,control,-0.0702786812391319
42,10,67,control,-0.07050198654061474
42,30,67,control,-0.1334432739507165
45,10,67,control,-0.03064551741953349
45,30,67,control,-0.05848683756992984
48,10,67,control,-0.02068470693398889
48,30,67,control,-0.042699379822570487
0,10,68,control,0.03243051212893763
0,30,68,control,0.01933038174620748
3,10,68,control,0.03484004752710887
3,30,68,control,0.00627252743812593
6,10,68,control,-0.01353037951637961
6,30,68,control,-0.00791584953839295
9,10,68,control,0.02576833416671991
9,30,68,control,-0.017727433357637
12,10,68,control,0.06928436274255724
12,30,68,control,0.02646170170206501
15,10,68,control,0.05109706596740159
15,30,68,control,-0.00698286576262845
18,10,68,control,0.00323278529362876
18,30,68,control,-1.3355937652974e-4
21,10,68,control,0.06315011299517118
21,30,68,control,0.02179108527400652
24,10,68,control,0.05562796211963426
24,30,68,control,0.03823735700500336
27,10,68,control,0.01619767072619611
27,30,68,control,0.0634459624020158
30,10,68,control,0.04061798260284771
30,30,68,control,0.00431438703727447
33,10,68,control,0.02261052564249916
33,30,68,control,0.02060594273630812
36,10,68,control,0.03858862404858957
36,30,68,control,0.03315651525711048
39,10,68,control,0.01958906130570808
39,30,68,control,0.04109068772785285
42,10,68,control,-0.00947711906450009
42,30,68,control,-0.04803299700714512
45,10,68,control,0.01378597410101652
45,30,68,control,0.01521417080716575
48,10,68,control,-0.03111618807735624
48,30,68,control,0.0088064788510033
0,10,69,control,0.06395202476770658
0,30,69,control,0.03908760328852813
3,10,69,control,0.1067448992896304
3,30,69,control,0.0883101194642871
6,10,69,control,0.01463314646290967
6,30,69,control,0.085701606781676265
9,10,69,control,0.06029233474335336
9,30,69,control,0.10707537335850131
12,10,69,control,0.1424433063296446
12,30,69,control,0.09504121219560356
15,10,69,control,0.07603270807903359
15,30,69,control,0.09052786574557664
18,10,69,control,0.03393482440235502
18,30,69,control,0.07019782404785227
21,10,69,control,0.02401108325112745
21,30,69,control,0.07197289566633112
24,10,69,control,0.05957141703330642
24,30,69,control,0.07788432158147576
27,10,69,control,0.02417989817598811
27,30,69,control,0.06065789458275413
30,10,69,control,0.11354250730718078
30,30,69,control,0.08902613278996248
33,10,69,control,0.05137619544412326
33,30,69,control,0.08050320097663477
36,10,69,control,9.7222641245768e-4
36,30,69,control,0.0713542919970072
39,10,69,control,0.0271072288667222
39,30,69,control,0.06858089948322915
42,10,69,control,0.01239935327698053
42,30,69,control,0.09913214501777393
45,10,69,control,0.05077992939142309
45,30,69,control,0.05996964189788335
48,10,69,control,0.10407363080294144
48,30,69,control,0.1024650658651389
0,10,7,control,-0.0677563311645585
0,30,7,control,1.1215716288567e-4
3,10,7,control,-0.07468338865709888
3,30,7,control,0.00584725372610215
6,10,7,control,0.03557845735224747
6,30,7,control,0.04063224826690961
9,10,7,control,-0.10154563391839652
9,30,7,control,-0.08384038211213868
12,10,7,control,0.01198718383744147
12,30,7,control,0.00992400159888739
15,10,7,control,-0.00245601383695985
15,30,7,control,-0.01910040807451555
18,10,7,control,-0.01147590355807214
18,30,7,control,-0.00968428996890726
21,10,7,control,-0.00803106909451315
21,30,7,control,-0.0032724804919606
24,10,7,control,-0.01869161548290692
24,30,7,control,-0.05913619248325825
27,10,7,control,0.00644621720831958
27,30,7,control,0.04435277485132107
30,10,7,control,-0.03530784964073939
30,30,7,control,-0.07663446883991935
33,10,7,control,-0.0144705785666619
33,30,7,control,0.02046032890833766
36,10,7,control,-0.03279481054063506
36,30,7,control,0.02287732269373394
39,10,7,control,0.02102551725936882
39,30,7,control,-0.00229811617388064
42,10,7,control,0.00312694466923454
42,30,7,control,-0.0496364580404591
45,10,7,control,-0.02169199303901417
45,30,7,control,-0.016847067803876
48,10,7,control,-0.01529578607770252
48,30,7,control,-0.01791155875495393
0,10,70,control,-0.05572610374070302
0,30,70,control,0.03423434985401574
3,10,70,control,0.01768113626395476
3,30,70,control,0.02156355943374141
6,10,70,control,-0.03683231027274492
6,30,70,control,0.06466492547785423
9,10,70,control,0.00774166303547933
9,30,70,control,-0.01234600229823722
12,10,70,control,-0.07018569188515546
12,30,70,control,0.05166481007779478
15,10,70,control,-0.05705629687066309
15,30,70,control,0.03283315156394439
18,10,70,control,0.02919834976139356
18,30,70,control,0.03951864333474724
21,10,70,control,0.03789762348877549
21,30,70,control,0.00340176500522827
24,10,70,control,0.01619958313003543
24,30,70,control,-0.01537951924403644
27,10,70,control,-0.09148197329055612
27,30,70,control,-0.01825729926727
30,10,70,control,0.04751012715080108
30,30,70,control,-0.05493542822522261
33,10,70,control,-0.03631075283390676
33,30,70,control,-0.00102319262932945
36,10,70,control,-0.03117092261811658
36,30,70,control,0.06129902152733958
39,10,70,control,0.02760677749696119
39,30,70,control,-0.03103690897677486
42,10,70,control,-0.08064124586031074
42,30,70,control,2.3974432063475964e-5
45,10,70,control,0.07070372712314861
45,30,70,control,0.01578816959447171
48,10,70,control,0.01188582943929163
48,30,70,control,0.00292943129406168
0,10,71,control,-0.03674821212946069
0,30,71,control,-0.00667062262455506
3,10,71,control,0.01376239875275648
3,30,71,control,0.03794698098759438
6,10,71,control,0.02141902027915667
6,30,71,control,0.05685140650497711
9,10,71,control,0.01147422293948739
9,30,71,control,0.03491566506677058
12,10,71,control,0.02632905302329572
12,30,71,control,0.00158788926407257
15,10,71,control,0.01643333376223976
15,30,71,control,0.02822277818278924
18,10,71,control,0.03003737525026986
18,30,71,control,0.03474160689414876
21,10,71,control,0.02582652819568485
21,30,71,control,0.03328385290262016
24,10,71,control,0.02220157936424672
24,30,71,control,-0.00175803432731999
27,10,71,control,0.01184344716491648
27,30,71,control,0.05774476842761067
30,10,71,control,0.00245347837585188
30,30,71,control,0.05147875084798099
33,10,71,control,0.01335625376348495
33,30,71,control,0.05025766528556037
36,10,71,control,-0.015988147426811
36,30,71,control,0.0384779898594263
39,10,71,control,-0.00631385431739468
39,30,71,control,0.04647449931717541
42,10,71,control,0.01949272890962468
42,30,71,control,0.04464350565637175
45,10,71,control,0.01855051004646725
45,30,71,control,0.0341190272995167
48,10,71,control,0.03960754219506856
48,30,71,control,0.02498371945191719
0,10,72,control,-0.02312901539920763
0,30,72,control,-0.04749927982782415
3,10,72,control,0.00422577318331377
3,30,72,control,-0.01731879510323261
6,10,72,control,0.09882201189385892
6,30,72,control,0.04477807840919919
9,10,72,control,0.01679560716811568
9,30,72,control,0.02554973357329455
12,10,72,control,-0.032618973966568
12,30,72,control,0.00981093235748318
15,10,72,control,-0.03173980414101572
15,30,72,control,-0.05479935766281819
18,10,72,control,-0.04538696417048608
18,30,72,control,0.00295509570310491
21,10,72,control,-0.01939819106273696
21,30,72,control,0.04632189287245951
24,10,72,control,0.03378828315261137
24,30,72,control,0.00351736330111254
27,10,72,control,0.01182767301883214
27,30,72,control,0.01769811197815553
30,10,72,control,-3.753635872014e-4
30,30,72,control,0.01139585759833245
33,10,72,control,-0.01111738206567588
33,30,72,control,-0.00929811221161842
36,10,72,control,-0.01103614439742415
36,30,72,control,0.01118674474228347
39,10,72,control,-0.01370167147646609
39,30,72,control,0.00316897688095955
42,10,72,control,-0.01051948720193558
42,30,72,control,0.02845764223355348
45,10,72,control,0.02863608513847235
45,30,72,control,0.04345252123135942
48,10,72,control,0.02297307585750479
48,30,72,control,-0.00451716333021604
0,10,73,control,0.00573644911057765
0,30,73,control,-0.02352466882117754
3,10,73,control,0.01197018709310866
3,30,73,control,0.03232843216363094
6,10,73,control,-0.0248191864659449
6,30,73,control,-0.0283933384657036
9,10,73,control,0.01708829639946154
9,30,73,control,0.01722665949670304
12,10,73,control,-0.03604227188948852
12,30,73,control,0.02473654483563436
15,10,73,control,-0.06077512113651594
15,30,73,control,-0.01620090023112343
18,10,73,control,0.03552008787036948
18,30,73,control,-0.01622502616449088
21,10,73,control,0.0332309150617282
21,30,73,control,0.04318679520493523
24,10,73,control,0.03169016553462561
24,30,73,control,-0.01910393708630778
27,10,73,control,-0.06060033189148056
27,30,73,control,-0.04778499388985789
30,10,73,control,-0.08967188023403039
30,30,73,control,-0.03579626978378912
33,10,73,control,0.01763528322144105
33,30,73,control,-0.01228344551045388
36,10,73,control,-0.04158618774575259
36,30,73,control,-0.02619595237379672
39,10,73,control,0.03855092817525915
39,30,73,control,0.03761222489010508
42,10,73,control,0.00159911203024139
42,30,73,control,0.03092529084409937
45,10,73,control,0.01321232339942537
45,30,73,control,-0.01333855581057643
48,10,73,control,-0.01713354774763049
48,30,73,control,0.01650525979940021
0,10,74,control,-0.02429022641801054
0,30,74,control,-0.06506677502532385
3,10,74,control,-0.08240439429646927
3,30,74,control,0.03747880293364712
6,10,74,control,-0.06118395489614686
6,30,74,control,-0.02889293698398934
9,10,74,control,-0.02777601482182127
9,30,74,control,-0.03312822893782171
12,10,74,control,0.13326175239978325
12,30,74,control,-0.04292694315617781
15,10,74,control,-0.09187761766612952
15,30,74,control,-0.01868661344923041
18,10,74,control,-0.0089714109441128
18,30,74,control,-0.05877190591452216
21,10,74,control,0.03375103881676397
21,30,74,control,-0.0852209799179498
24,10,74,control,-0.00810096771073943
24,30,74,control,-0.01412729465478897
27,10,74,control,-0.1589177575365825
27,30,74,control,-0.0556822965869807
30,10,74,control,-0.02815073021312223
30,30,74,control,0.00633748867492449
33,10,74,control,0.03280238255067275
33,30,74,control,-0.02905634580948268
36,10,74,control,-0.10864701115755164
36,30,74,control,-0.0417402003718574
39,10,74,control,-0.02082043495056575
39,30,74,control,-0.0812912895459793
42,10,74,control,-0.02314602969276456
42,30,74,control,-0.07820986187302728
45,10,74,control,-0.14226365228255422
45,30,74,control,-0.03707245595269868
48,10,74,control,-0.08424458096632335
48,30,74,control,-0.05132764992887605
0,10,75,control,-0.07187953867618381
0,30,75,control,-0.07430454472599284
3,10,75,control,-0.0290327175389134
3,30,75,control,-0.05684835858786143
6,10,75,control,-0.07676618936690371
6,30,75,control,-0.05275198440375357
9,10,75,control,-0.04725747914411368
9,30,75,control,-0.08877932545684011
12,10,75,control,-0.07742960918705014
12,30,75,control,-0.05679259420437128
15,10,75,control,-0.0065721443539538
15,30,75,control,-0.05089265684929712
18,10,75,control,-0.01670898949796602
18,30,75,control,-0.04045929011646888
21,10,75,control,-0.02721979392255401
21,30,75,control,-0.06901485065457087
24,10,75,control,-0.00912508054852898
24,30,75,control,-0.05929674269900614
27,10,75,control,-0.03578775904439846
27,30,75,control,-0.05036677214640715
30,10,75,control,-0.08490712323225993
30,30,75,control,-0.05799166419490096
33,10,75,control,-0.00299556690140197
33,30,75,control,-0.03847723922866696
36,10,75,control,-0.02889114771867774
36,30,75,control,-0.04072671456217791
39,10,75,control,-0.07219791050470999
39,30,75,control,-0.04183580315819225
42,10,75,control,-0.03603826176093377
42,30,75,control,-0.05137582115924562
45,10,75,control,-0.08515356447808457
45,30,75,control,-0.02295507379893789
48,10,75,control,-0.01659358079614342
48,30,75,control,-0.05692839632080049
0,10,76,control,0.0379383070109497
0,30,76,control,-0.07380341596125699
3,10,76,control,0.11261087081837012
3,30,76,control,-0.05560214919188221
6,10,76,control,-0.02229703490401518
6,30,76,control,-0.0104004651423623
9,10,76,control,0.02224319946585171
9,30,76,control,-0.06317948187144604
12,10,76,control,-0.00231501342966238
12,30,76,control,-0.00107724340351696
15,10,76,control,0.03320630724789313
15,30,76,control,-0.00248111988792505
18,10,76,control,0.00826668877306746
18,30,76,control,0.01326241098768168
21,10,76,control,-0.01433161216945035
21,30,76,control,-0.02290563211196138
24,10,76,control,0.01947883612425658
24,30,76,control,-0.02369475516978508
27,10,76,control,-0.01671677222852495
27,30,76,control,0.01392043135267656
30,10,76,control,-0.01823497245164278
30,30,76,control,0.04828816791860789
33,10,76,control,-0.01462503905972516
33,30,76,control,-0.04744046802267253
36,10,76,control,0.0350588589918626
36,30,76,control,-0.07642180714750607
39,10,76,control,0.04214737838408812
39,30,76,control,0.00793944314060561
42,10,76,control,-0.02952265275817506
42,30,76,control,0.02505245296240567
45,10,76,control,0.01285844135207865
45,30,76,control,-0.00580604741502515
48,10,76,control,0.08425928687862885
48,30,76,control,0.01507636276444454
0,10,77,control,-0.03675956956006052
0,30,77,control,-0.02976430788900883
3,10,77,control,0.02818759149505313
3,30,77,control,0.05687448280813648
6,10,77,control,0.00677724257711908
6,30,77,control,0.00165326985457743
9,10,77,control,0.02903031344940657
9,30,77,control,-0.01036521842144683
12,10,77,control,-0.03895402803014314
12,30,77,control,-0.01522810563830829
15,10,77,control,-0.01855527836003205
15,30,77,control,-0.02114604781252136
18,10,77,control,-0.00814941819772436
18,30,77,control,-0.01767689117472915
21,10,77,control,-0.0030033497700942
21,30,77,control,-0.0447316332969412
24,10,77,control,0.067239669569229
24,30,77,control,-0.00428982670411911
27,10,77,control,-0.00362563866881906
27,30,77,control,0.02078461058407832
30,10,77,control,-0.00425705352084687
30,30,77,control,-0.01581150718993037
33,10,77,control,0.01658428764018064
33,30,77,control,-0.02215966614232522
36,10,77,control,-0.05660101065451566
36,30,77,control,-0.01089954081743587
39,10,77,control,0.00150260108184109
39,30,77,control,0.0379000512371207
42,10,77,control,-0.00379306352712857
42,30,77,control,-0.00848130738356971
45,10,77,control,0.01869217632812318
45,30,77,control,-0.01662472595625066
48,10,77,control,-0.07402501042704188
48,30,77,control,-0.04814775369540061
0,10,78,control,-0.03147861379443367
0,30,78,control,0.05188730341698378
3,10,78,control,-0.0025422290597012
3,30,78,control,0.02935199387740411
6,10,78,control,0.07908230616202488
6,30,78,control,0.00937447386624057
9,10,78,control,0.01864685486576382
9,30,78,control,0.03920196761278923
12,10,78,control,-0.02484699727854928
12,30,78,control,0.02182993003763355
15,10,78,control,-0.01309461975943966
15,30,78,control,0.03466240260360837
18,10,78,control,0.04398724736970511
18,30,78,control,0.09785080254236594
21,10,78,control,-0.0061152069316663
21,30,78,control,0.05711080554013031
24,10,78,control,-0.03112955353917106
24,30,78,control,0.01455901980667536
27,10,78,control,0.03154361589474894
27,30,78,control,0.11803546786231484
30,10,78,control,-0.00437628485883631
30,30,78,control,0.04280426633158638
33,10,78,control,-0.01950769338514088
33,30,78,control,0.08129295655752249
36,10,78,control,-0.00582457954039285
36,30,78,control,0.02601915974780053
39,10,78,control,-0.01392125663391656
39,30,78,control,0.03718642425158433
42,10,78,control,-0.01280757896805045
42,30,78,control,0.00708828869006022
45,10,78,control,-0.05702409361651085
45,30,78,control,0.02010853190594255
48,10,78,control,-0.00874772589528784
48,30,78,control,0.02120861013330642
0,10,79,control,0.01410902306436639
0,30,79,control,-0.00127145367970049
3,10,79,control,-0.07551470674815178
3,30,79,control,0.02877397340061685
6,10,79,control,0.04729605700839526
6,30,79,control,-0.04491266579705649
9,10,79,control,-0.07260818709111791
9,30,79,control,-0.01855184923132017
12,10,79,control,-0.05226709537382521
12,30,79,control,-0.02309097023634248
15,10,79,control,0.08289172710733211
15,30,79,control,0.03220440997017961
18,10,79,control,-0.03855139369523847
18,30,79,control,-0.02178253718531938
21,10,79,control,0.01536587708697061
21,30,79,control,-0.05284572708987122
24,10,79,control,0.00155617332930032
24,30,79,control,0.03448883919457177
27,10,79,control,0.02428755176787024
27,30,79,control,0.01006505846422559
30,10,79,control,0.00611635595854699
30,30,79,control,0.01763271518301443
33,10,79,control,-0.02456780539093444
33,30,79,control,0.00927722064927632
36,10,79,control,-0.01192604944813115
36,30,79,control,-0.03422280566590694
39,10,79,control,0.05530198192361359
39,30,79,control,0.04591145160886819
42,10,79,control,0.06332498012085994
42,30,79,control,0.04475755363649036
45,10,79,control,0.01643988796941406
45,30,79,control,0.01304707880302506
48,10,79,control,-0.035517239169836
48,30,79,control,0.01295778853941828
0,10,8,control,-0.03051622513960785
0,30,8,control,0.0117017085997478
3,10,8,control,-0.00292238504251107
3,30,8,control,0.05078132386503525
6,10,8,control,-0.01848694707700986
6,30,8,control,0.00162154323055924
9,10,8,control,0.038841949001087
9,30,8,control,0.03348917053023113
12,10,8,control,0.03349442833645392
12,30,8,control,0.05438254517204704
15,10,8,control,0.02969173232322801
15,30,8,control,0.04315233071940932
18,10,8,control,0.0482536049629614
18,30,8,control,-8.9552298892102e-4
21,10,8,control,-0.00508454277415196
21,30,8,control,0.09127247592338368
24,10,8,control,-0.01241580791740421
24,30,8,control,0.00487832716818027
27,10,8,control,-0.00873067144355425
27,30,8,control,0.0161563450321049
30,10,8,control,0.03969466521324289
30,30,8,control,0.0098090819215005
33,10,8,control,-0.02425477083358939
33,30,8,control,0.02859217715742006
36,10,8,control,0.01867490675327901
36,30,8,control,0.00816604036027519
39,10,8,control,0.0441776699431395
39,30,8,control,0.06942954790922899
42,10,8,control,-0.00667807168911178
42,30,8,control,0.00939711879532481
45,10,8,control,-0.00159582972223253
45,30,8,control,-0.02662461428311657
48,10,8,control,-0.02532889570029475
48,30,8,control,0.01840013178948858
0,10,80,control,-0.03149629725321052
0,30,80,control,-0.03392212941316455
3,10,80,control,-0.02697584492854467
3,30,80,control,-0.00296086667212003
6,10,80,control,0.02362103940737579
6,30,80,control,-0.00791347504160357
9,10,80,control,-0.02585407204627035
9,30,80,control,-0.02459331504916959
12,10,80,control,0.00291246282656079
12,30,80,control,-0.00238210626689853
15,10,80,control,-0.01742090266921841
15,30,80,control,-0.00735215773380913
18,10,80,control,-0.03590671209446083
18,30,80,control,-0.00816326402535788
21,10,80,control,-0.03334618190061902
21,30,80,control,8.7046844908459e-4
24,10,80,control,-0.00525293660488403
24,30,80,control,-0.00694927442857586
27,10,80,control,-0.03009734053204696
27,30,80,control,0.00715519785695377
30,10,80,control,-0.01628676705783788
30,30,80,control,-0.02719404920941082
33,10,80,control,-0.01201121645273479
33,30,80,control,-0.01996365271159474
36,10,80,control,-0.01733011263549268
36,30,80,control,-0.01620594132754613
39,10,80,control,-0.01296093621197686
39,30,80,control,-0.01118754123807597
42,10,80,control,-0.0067986532986454
42,30,80,control,-0.00346854784668927
45,10,80,control,-0.03610607599243228
45,30,80,control,-0.03011177664080221
48,10,80,control,-0.03762926294553229
48,30,80,control,0.00362257774191486
0,10,81,control,-0.09442029723980436
0,30,81,control,-0.06332041568104428
3,10,81,control,-0.05202547109623577
3,30,81,control,-0.05133072214001164
6,10,81,control,-0.02703710575609938
6,30,81,control,-0.05815359258427038
9,10,81,control,-0.05003529378435392
9,30,81,control,-0.06591754726543388
12,10,81,control,-0.03753338827950109
12,30,81,control,-0.09318485121583364
15,10,81,control,-0.0487886890156029
15,30,81,control,-0.0988353433457925
18,10,81,control,-0.07155804539950199
18,30,81,control,-0.07793425050531586
21,10,81,control,-0.04687855443747812
21,30,81,control,-0.08964675716771382
24,10,81,control,-0.02885913290967801
24,30,81,control,-0.09368248131533816
27,10,81,control,0.0235513249746223
27,30,81,control,-0.0830632371000746
30,10,81,control,-0.07015378555419935
30,30,81,control,-0.05531749494618269
33,10,81,control,-0.09273464895533376
33,30,81,control,-0.11285874250800954
36,10,81,control,-0.10539435072712287
36,30,81,control,-0.11490054515602462
39,10,81,control,-0.094563408925321
39,30,81,control,-0.0553885485195601
42,10,81,control,-0.08556929828960672
42,30,81,control,-0.12838527597522956
45,10,81,control,-0.05057528750329825
45,30,81,control,-0.0704829701927041
48,10,81,control,0.02556419141509503
48,30,81,control,-0.10250570654417555
0,10,82,control,-0.03269658253568273
0,30,82,control,-0.07189936742411776
3,10,82,control,-0.02527677677449933
3,30,82,control,-0.01520001461309315
6,10,82,control,0.04232481815233906
6,30,82,control,0.02302875362868395
9,10,82,control,-0.04669179288391727
9,30,82,control,-0.03390564333433141
12,10,82,control,0.0267775339840949
12,30,82,control,-0.02221843612766384
15,10,82,control,0.01766949837531436
15,30,82,control,-0.06059313395926887
18,10,82,control,-0.06623161677109828
18,30,82,control,-0.03207553007637143
21,10,82,control,-0.0252956894031523
21,30,82,control,-0.00997809299431773
24,10,82,control,-0.02469890443689887
24,30,82,control,-0.06366495995035039
27,10,82,control,0.02510801507050944
27,30,82,control,-0.06303223753982432
30,10,82,control,-0.05750689748258875
30,30,82,control,-0.0959479073221853
33,10,82,control,-9.1055515106592e-4
33,30,82,control,-0.03896045425726605
36,10,82,control,-0.04903349987073335
36,30,82,control,-0.0624942882013463
39,10,82,control,-0.01829931362450718
39,30,82,control,-0.07860293871077252
42,10,82,control,0.00228732544139024
42,30,82,control,0.00748036880670608
45,10,82,control,7.1584963591867e-4
45,30,82,control,0.00355282908152407
48,10,82,control,-0.01909170351384523
48,30,82,control,-0.05990280474756683
0,10,83,control,-0.1058156874404378
0,30,83,control,-0.03230289671480617
3,10,83,control,-0.07677178801559015
3,30,83,control,-0.05751430117521238
6,10,83,control,-0.02746600158122267
6,30,83,control,-0.04402625729657991
9,10,83,control,-0.11835847597255682
9,30,83,control,-0.0658772162047209
12,10,83,control,-0.04927035364510897
12,30,83,control,-0.05193125178607669
15,10,83,control,-0.05941821068457433
15,30,83,control,-0.04074899229250863
18,10,83,control,-0.02757608630252241
18,30,83,control,0.02025191964829164
21,10,83,control,-0.09848900370675204
21,30,83,control,-0.05950804444872813
24,10,83,control,-0.03519832503469605
24,30,83,control,-0.0399985821331211
27,10,83,control,-0.01525203347235778
27,30,83,control,-0.03821098277352002
30,10,83,control,-0.03671829211648202
30,30,83,control,-0.03489541372816836
33,10,83,control,-0.05422905699816385
33,30,83,control,-0.07904362310187174
36,10,83,control,-0.0907644626849247
36,30,83,control,-0.09999986539565885
39,10,83,control,-0.03452716240873916
39,30,83,control,-0.0345438596588547
42,10,83,control,0.00797175593279226
42,30,83,control,-0.00241913908665699
45,10,83,control,-0.09611562929593438
45,30,83,control,-0.09479175133640372
48,10,83,control,-0.03337203436694814
48,30,83,control,0.00313791046896841
0,10,84,control,0.03217445481891047
0,30,84,control,-0.01576674681491816
3,10,84,control,0.05901731192603451
3,30,84,control,0.01375650919630367
6,10,84,control,0.00645801461239944
6,30,84,control,-0.04143274058962476
9,10,84,control,0.02480746627248265
9,30,84,control,-8.813382987754e-4
12,10,84,control,-0.02247192200788807
12,30,84,control,0.03175343120438197
15,10,84,control,-0.00471928734799633
15,30,84,control,0.00423335399426302
18,10,84,control,-0.05197002048482375
18,30,84,control,-0.01460706803684751
21,10,84,control,0.02876385424653225
21,30,84,control,0.01187764807643872
24,10,84,control,0.0094009589133995
24,30,84,control,0.04448256313694004
27,10,84,control,0.03696675659159045
27,30,84,control,7.3922405494824e-4
30,10,84,control,0.00961622045921039
30,30,84,control,0.00201451409535406
33,10,84,control,-0.02700413605518314
33,30,84,control,-0.03810247781102475
36,10,84,control,0.0072445038705764
36,30,84,control,0.02447583636403699
39,10,84,control,-0.00214063985929581
39,30,84,control,-0.03303027803250188
42,10,84,control,0.00304794059369375
42,30,84,control,0.00122401558589087
45,10,84,control,0.03000093717973387
45,30,84,control,-4.9695410845334e-4
48,10,84,control,-0.02131072618057394
48,30,84,control,-0.00936176938237978
0,10,85,control,0.00372018321681011
0,30,85,control,0.01009856150874764
3,10,85,control,-0.01619935272737733
3,30,85,control,-0.011032967165658
6,10,85,control,5.4540996900884e-4
6,30,85,control,-0.00256203543962183
9,10,85,control,-0.05000705922618102
9,30,85,control,0.00489584247260201
12,10,85,control,-0.03546696547230536
12,30,85,control,-0.01646150302700605
15,10,85,control,-0.0294407702854276
15,30,85,control,-4.6865190393e-4
18,10,85,control,-0.05270253496993903
18,30,85,control,-0.02840110569036608
21,10,85,control,-0.02410751435627539
21,30,85,control,-0.00573242097815742
24,10,85,control,-0.02138622839513174
24,30,85,control,-0.010309950787459
27,10,85,control,-0.03505501309311463
27,30,85,control,-0.01698109309649281
30,10,85,control,0.00134126333437708
30,30,85,control,-0.01341939142406181
33,10,85,control,-0.0157787840596768
33,30,85,control,7.7172550901504e-4
36,10,85,control,-0.02295697974144917
36,30,85,control,-0.04114561741968728
39,10,85,control,-0.03129208176894243
39,30,85,control,-0.01833395231032436
42,10,85,control,0.04626298107411197
42,30,85,control,0.02754623505800906
45,10,85,control,0.01177071468109639
45,30,85,control,-0.00873217693077442
48,10,85,control,-0.01779685709160749
48,30,85,control,-0.008717948472605
0,10,86,control,-0.00612795849800553
0,30,86,control,0.00254373637130682
3,10,86,control,0.00142965961282059
3,30,86,control,0.01307098873795707
6,10,86,control,-0.09133441926510914
6,30,86,control,-0.02705369968773648
9,10,86,control,-0.03065848468885674
9,30,86,control,-0.03333909490305689
12,10,86,control,0.0044521112984165
12,30,86,control,0.06168479987491008
15,10,86,control,-0.05580134434872536
15,30,86,control,-0.01204250633583531
18,10,86,control,0.0736050790119975
18,30,86,control,-0.01317329750450289
21,10,86,control,0.04522075851149641
21,30,86,control,0.03845243707707824
24,10,86,control,-0.0089524354353922
24,30,86,control,0.01338509991897939
27,10,86,control,0.03652723795028915
27,30,86,control,-0.0318260140063541
30,10,86,control,-0.00338457144226493
30,30,86,control,0.02840737322774037
33,10,86,control,0.04636520668169071
33,30,86,control,0.00107735301353362
36,10,86,control,0.04777823771415878
36,30,86,control,-0.0202996162783029
39,10,86,control,0.00872109493424197
39,30,86,control,0.00620926410459637
42,10,86,control,-0.0664222954671692
42,30,86,control,-0.00359874817336331
45,10,86,control,0.05930833235938864
45,30,86,control,0.02782394189901352
48,10,86,control,-0.0235145858141284
48,30,86,control,-0.00162649247887965
0,10,87,control,-0.0651242253225985
0,30,87,control,0.00725675473264196
3,10,87,control,-0.01567848587936794
3,30,87,control,-0.01424872763281191
6,10,87,control,-0.01726410490100266
6,30,87,control,0.02289452173359409
9,10,87,control,0.00925172571287584
9,30,87,control,-0.01599144441445675
12,10,87,control,-0.06337492470244574
12,30,87,control,-0.01486118417998923
15,10,87,control,0.00830262347721962
15,30,87,control,-0.00163204496318592
18,10,87,control,0.00186699972967896
18,30,87,control,-0.03692483117874066
21,10,87,control,-0.05069385563160787
21,30,87,control,-0.02862117456195462
24,10,87,control,-0.00623544054496987
24,30,87,control,-0.05532977995154563
27,10,87,control,-0.07882916146342062
27,30,87,control,-0.01920834529890698
30,10,87,control,-0.03596542637712911
30,30,87,control,-0.02388945787284159
33,10,87,control,0.01723715175186918
33,30,87,control,0.00865673973572278
36,10,87,control,0.02159395216155018
36,30,87,control,-0.01090844994140547
39,10,87,control,-0.02242031559637481
39,30,87,control,-0.02442620946145533
42,10,87,control,-0.02139210789306359
42,30,87,control,-0.04634990806097118
45,10,87,control,-0.03116416057200772
45,30,87,control,-0.03516155801508943
48,10,87,control,0.01250005516303053
48,30,87,control,-0.00582598345070946
0,10,88,control,0.0920062946396728
0,30,88,control,0.06651025299710359
3,10,88,control,0.05976337932276194
3,30,88,control,0.10964811760215708
6,10,88,control,0.11904999912863408
6,30,88,control,0.11875650983370506
9,10,88,control,0.07949004861163059
9,30,88,control,0.0803329178112301
12,10,88,control,0.01666250970381185
12,30,88,control,0.04683334083262313
15,10,88,control,0.03951295415679935
15,30,88,control,0.04354587570103416
18,10,88,control,0.10348654531034794
18,30,88,control,0.09962464279295816
21,10,88,control,0.04969984340599902
21,30,88,control,0.02503672035606749
24,10,88,control,0.03553691418990809
24,30,88,control,0.09395505963941708
27,10,88,control,0.04090504521561439
27,30,88,control,0.0533497821847681
30,10,88,control,-0.00836484158339394
30,30,88,control,0.00611420816597885
33,10,88,control,0.03414122812818676
33,30,88,control,0.0406214700528015
36,10,88,control,0.04808417664843147
36,30,88,control,0.04581756676372259
39,10,88,control,0.1395827587313269
39,30,88,control,0.08001081801087864
42,10,88,control,0.00467150326063198
42,30,88,control,0.11288957734713737
45,10,88,control,0.05443226592390741
45,30,88,control,0.03813942642040048
48,10,88,control,0.0766639485147743
48,30,88,control,0.06359946428197671
0,10,89,control,0.04559801761343972
0,30,89,control,0.03270190143916939
3,10,89,control,0.05483476231754755
3,30,89,control,0.04908208059069378
6,10,89,control,0.04882614280545857
6,30,89,control,0.01938043846748349
9,10,89,control,0.05379819235846037
9,30,89,control,0.03782605282538742
12,10,89,control,0.03693356998296521
12,30,89,control,0.08701261634151951
15,10,89,control,-0.02176087348565342
15,30,89,control,0.04368989029570376
18,10,89,control,0.05012096194517396
18,30,89,control,0.07252462373772528
21,10,89,control,0.05295535464349098
21,30,89,control,0.06958836145861463
24,10,89,control,0.02462452454832708
24,30,89,control,0.03759192780686191
27,10,89,control,0.09929689002725307
27,30,89,control,0.05603514156457139
30,10,89,control,-0.00490105144197783
30,30,89,control,0.03351601436456678
33,10,89,control,0.01511688235384254
33,30,89,control,0.01450743402670619
36,10,89,control,0.05751605748410799
36,30,89,control,0.08052082227176291
39,10,89,control,0.10891982248990328
39,30,89,control,0.08830847091665935
42,10,89,control,0.06334157046735316
42,30,89,control,0.0743756905403047
45,10,89,control,0.02254098528311238
45,30,89,control,0.01254776252136847
48,10,89,control,0.06826511446660445
48,30,89,control,0.02259747676949084
0,10,9,control,0.066260307231933685
0,30,9,control,0.0731417268038519
3,10,9,control,-0.08009756068467302
3,30,9,control,-0.08760685452955355
6,10,9,control,-0.02062603242570994
6,30,9,control,0.00644713504779395
9,10,9,control,0.07719030507788455
9,30,9,control,0.01084842434637741
12,10,9,control,-0.00154594942664861
12,30,9,control,-0.02739703731914352
15,10,9,control,0.02790560828157675
15,30,9,control,0.04675275420576208
18,10,9,control,-0.0053528690732578
18,30,9,control,-0.02325366364107354
21,10,9,control,0.01221067565043986
21,30,9,control,0.02525339038335843
24,10,9,control,0.05117963043631064
24,30,9,control,0.02463912427927903
27,10,9,control,-0.01837335977707362
27,30,9,control,-0.03109835962216807
30,10,9,control,-0.02331159086421784
30,30,9,control,0.02192044772801002
33,10,9,control,-0.02273428469361646
33,30,9,control,-0.00334124671393248
36,10,9,control,0.01081384042437709
36,30,9,control,-0.01844282779821648
39,10,9,control,0.0107735474136823
39,30,9,control,0.02138549719859171
42,10,9,control,0.02600956151779395
42,30,9,control,-0.03748812681986098
45,10,9,control,-0.08008567150002188
45,30,9,control,-3.6619746694773e-4
48,10,9,control,-0.01263850278898465
48,30,9,control,0.02386227270004932
0,10,90,control,-0.09831454403379045
0,30,90,control,-0.04190395696068722
3,10,90,control,-0.03589284424699491
3,30,90,control,-0.02646293594007518
6,10,90,control,-0.01908223141674597
6,30,90,control,-0.07250466035844742
9,10,90,control,-0.05418432908811316
9,30,90,control,-0.07318537713038568
12,10,90,control,-0.01188457388179392
12,30,90,control,-0.05675349187622255
15,10,90,control,0.00640062092372697
15,30,90,control,-0.09491950862405096
18,10,90,control,0.00407828296498632
18,30,90,control,-0.06320793734340176
21,10,90,control,-0.05851466405698576
21,30,90,control,-0.03424185547777345
24,10,90,control,-0.06145917464942248
24,30,90,control,-0.04409823733214748
27,10,90,control,0.04913367099667325
27,30,90,control,0.00954285084876553
30,10,90,control,-0.0551229204436196
30,30,90,control,-0.03886727284651575
33,10,90,control,-0.00941096581146189
33,30,90,control,-0.03643650151759688
36,10,90,control,0.0092849362949976
36,30,90,control,-0.02928701990526124
39,10,90,control,-0.0069687726997388
39,30,90,control,-0.04057505253787872
42,10,90,control,0.00795575780549425
42,30,90,control,-0.00708559774310009
45,10,90,control,-0.05677238278563003
45,30,90,control,-0.01322485600955592
48,10,90,control,-0.07964832086008869
48,30,90,control,-0.08571332607572048
0,10,91,control,-0.05058254712814879
0,30,91,control,-0.02858309614749533
3,10,91,control,0.00825609910049502
3,30,91,control,-0.016008577036104
6,10,91,control,-0.01339871078847995
6,30,91,control,-0.00778441719743807
9,10,91,control,-0.03207341510143428
9,30,91,control,-0.02311757347340406
12,10,91,control,-0.01784779958719874
12,30,91,control,-0.03295942441811141
15,10,91,control,-0.02902658008999548
15,30,91,control,-0.04732701974467391
18,10,91,control,0.07100801445476924
18,30,91,control,0.06257597542395033
21,10,91,control,0.04718924770948643
21,30,91,control,-0.03208889519008368
24,10,91,control,-0.03792296010422442
24,30,91,control,-0.052407207200407153
27,10,91,control,0.05820777261626418
27,30,91,control,-0.02020659073037876
30,10,91,control,0.04486463717696171
30,30,91,control,-0.00429846331137609
33,10,91,control,-0.03119143849524815
33,30,91,control,0.00948388078320861
36,10,91,control,-0.03130667866628871
36,30,91,control,0.02752471146251293
39,10,91,control,0.05739525353866167
39,30,91,control,0.00430673268827579
42,10,91,control,-0.00776771669699062
42,30,91,control,-0.03587054106817146
45,10,91,control,-0.04583680007684316
45,30,91,control,-0.03429005009270206
48,10,91,control,-0.01226170641381955
48,30,91,control,-0.04404554304788889
0,10,92,control,-0.01227056649635884
0,30,92,control,0.0097759986054465
3,10,92,control,0.0366914207664226
3,30,92,control,0.02074817635810202
6,10,92,control,0.02483949522663452
6,30,92,control,0.01522673636920241
9,10,92,control,0.01506820873116222
9,30,92,control,-0.00891533252158668
12,10,92,control,-0.01569283964379655
12,30,92,control,-0.00563334714028229
15,10,92,control,0.00968399901305627
15,30,92,control,0.02665981227926485
18,10,92,control,0.05526404508915246
18,30,92,control,0.03867632156632187
21,10,92,control,-0.01266744693788301
21,30,92,control,0.01356251604971142
24,10,92,control,-0.02612879974283449
24,30,92,control,0.0081280430806253
27,10,92,control,0.04124597305944364
27,30,92,control,0.0399234876394528
30,10,92,control,-1.0949630499243e-4
30,30,92,control,0.06172743088813252
33,10,92,control,0.00113649895241655
33,30,92,control,0.03746824631350586
36,10,92,control,0.02044050191764273
36,30,92,control,0.03295105235227336
39,10,92,control,-0.02430043162240442
39,30,92,control,0.01955608031304751
42,10,92,control,0.05566040163887863
42,30,92,control,-1.9765636465843e-4
45,10,92,control,-0.00401739770506631
45,30,92,control,0.03149142197623698
48,10,92,control,0.01179322648466803
48,30,92,control,-0.02098216429484451
0,10,93,control,-0.03537204463237759
0,30,93,control,-0.06314769385469912
3,10,93,control,-0.18076957547233047
3,30,93,control,-0.05615883926279542
6,10,93,control,-0.16014489448878702
6,30,93,control,-0.08257620529608503
9,10,93,control,-0.02027614252445532
9,30,93,control,-0.10754893845936876
12,10,93,control,-0.0671339704471838
12,30,93,control,-0.08962066266519791
15,10,93,control,-0.01936972924125955
15,30,93,control,-0.04606892798357188
18,10,93,control,-0.04330300581642488
18,30,93,control,-0.09613577885873334
21,10,93,control,-0.12163108692354388
21,30,93,control,-0.1252004896006597
24,10,93,control,-0.08429421822170717
24,30,93,control,-0.13737421309080547
27,10,93,control,-0.07081918381865927
27,30,93,control,-0.08904955860578681
30,10,93,control,-0.08054516300453386
30,30,93,control,-0.07872474232481572
33,10,93,control,-0.04419204154267545
33,30,93,control,-0.07925679122663692
36,10,93,control,-0.06811477297778747
36,30,93,control,-0.16040951021761923
39,10,93,control,-0.08387094563670199
39,30,93,control,-0.0782430613796979
42,10,93,control,0.02681420785721964
42,30,93,control,-0.00792353644642536
45,10,93,control,-0.09762636260944292
45,30,93,control,-0.07879860636592216
48,10,93,control,-0.13381663881815145
48,30,93,control,-0.08966613015620459
0,10,94,control,0.05296199794369911
0,30,94,control,0.05423958903768158
3,10,94,control,0.12578499970012336
3,30,94,control,0.08153106179318241
6,10,94,control,0.01225732630808105
6,30,94,control,0.06675191375253371
9,10,94,control,0.05949330811786261
9,30,94,control,0.04486380390099125
12,10,94,control,0.03547494052223503
12,30,94,control,0.05877819638502805
15,10,94,control,-0.00993762340484647
15,30,94,control,0.05997389424745781
18,10,94,control,0.03009479685175231
18,30,94,control,0.06424664037811281
21,10,94,control,0.04334020330872136
21,30,94,control,0.02916262121858042
24,10,94,control,0.03090733106256505
24,30,94,control,0.0853884524725925
27,10,94,control,-0.00230963654235
27,30,94,control,0.05944895008088387
30,10,94,control,0.04918557159272392
30,30,94,control,0.07443722921797677
33,10,94,control,0.05661511133759883
33,30,94,control,0.08100851877079022
36,10,94,control,0.03807424749526759
36,30,94,control,0.05400327886380633
39,10,94,control,0.04550909601975988
39,30,94,control,0.04795573312856349
42,10,94,control,0.06702230352271353
42,30,94,control,0.03848169634287913
45,10,94,control,0.07808016430686154
45,30,94,control,0.05605593608264137
48,10,94,control,0.02377577570860128
48,30,94,control,0.06500295937088249
0,10,95,control,-0.02733810033948517
0,30,95,control,0.03898099325160379
3,10,95,control,0.0292762697117319
3,30,95,control,0.01275197563458632
6,10,95,control,0.05814118527823498
6,30,95,control,-0.01521087522862384
9,10,95,control,0.01870694421652918
9,30,95,control,0.07436554831477016
12,10,95,control,0.01968214275961195
12,30,95,control,0.0697252012013092
15,10,95,control,0.02191174922389283
15,30,95,control,0.02089456496998986
18,10,95,control,-0.02266484482376096
18,30,95,control,-0.00456661631140983
21,10,95,control,0.02640682134127564
21,30,95,control,0.03198373747976491
24,10,95,control,0.00931858974972439
24,30,95,control,0.03182559784159331
27,10,95,control,0.02352385551211655
27,30,95,control,0.03887976092928045
30,10,95,control,-0.00856150567447072
30,30,95,control,0.08290943177079488
33,10,95,control,0.03246010927323766
33,30,95,control,0.01778387652046669
36,10,95,control,0.08255005538736276
36,30,95,control,0.05842737937963897
39,10,95,control,0.04392378424321341
39,30,95,control,0.0487065495018058
42,10,95,control,0.00320867542151368
42,30,95,control,-0.02300868042122565
45,10,95,control,0.04057323282853524
45,30,95,control,0.05252667155049025
48,10,95,control,0.04974791919383639
48,30,95,control,-0.01842010943311492
0,10,96,control,0.06626556835236573
0,30,96,control,0.00698936927570613
3,10,96,control,0.00465892767208432
3,30,96,control,0.01342788884639516
6,10,96,control,0.05539453544911625
6,30,96,control,0.07908353359459927
9,10,96,control,0.00787010268658447
9,30,96,control,0.05669375723054179
12,10,96,control,-0.02500237949449546
12,30,96,control,0.04189649308341007
15,10,96,control,0.02169846838845615
15,30,96,control,0.04088255685265125
18,10,96,control,6.5208406151948e-4
18,30,96,control,0.03972280723522132
21,10,96,control,-0.00186374091985513
21,30,96,control,0.02359850442188385
24,10,96,control,-0.03694663001390133
24,30,96,control,0.00672890384474127
27,10,96,control,-0.01745900487795342
27,30,96,control,0.01142149918782871
30,10,96,control,-0.04378939025021698
30,30,96,control,0.03827042856544174
33,10,96,control,-0.00848711523639577
33,30,96,control,0.03463584315871734
36,10,96,control,0.02129905856579344
36,30,96,control,0.04231182074914964
39,10,96,control,0.04786788847614979
39,30,96,control,0.06168170226047081
42,10,96,control,0.00274258497442754
42,30,96,control,0.01458790910974504
45,10,96,control,0.04228718280763953
45,30,96,control,0.01786890178791107
48,10,96,control,-0.01828555740601667
48,30,96,control,0.02324515756236509
0,10,97,control,-0.01466661189291792
0,30,97,control,0.06483464081271692
3,10,97,control,0.07767600546992372
3,30,97,control,0.00249628648573567
6,10,97,control,-0.01179229751524451
6,30,97,control,0.01892427654672133
9,10,97,control,0.01814403531924156
9,30,97,control,0.0287537591737397
12,10,97,control,-0.00143596413701564
12,30,97,control,-0.00554225272273901
15,10,97,control,0.0185034344347756
15,30,97,control,0.05667532413045748
18,10,97,control,0.01455978459880161
18,30,97,control,0.0419304222673
21,10,97,control,0.06783062102410534
21,30,97,control,0.06272248957694014
24,10,97,control,-0.00452831474914399
24,30,97,control,0.03235406308867568
27,10,97,control,0.03205650208513307
27,30,97,control,0.07158189129499824
30,10,97,control,0.01839777784802417
30,30,97,control,0.03040032192361861
33,10,97,control,0.0155882543575392
33,30,97,control,0.07141959953166092
36,10,97,control,0.02058560499672481
36,30,97,control,0.09205387225279686
39,10,97,control,0.00745970852610855
39,30,97,control,0.04079521876798497
42,10,97,control,0.06140637822390954
42,30,97,control,0.03502352621747302
45,10,97,control,0.03678999948165835
45,30,97,control,0.03600857656056941
48,10,97,control,0.03203737887192447
48,30,97,control,0.06991269900465025
0,10,98,control,-0.01016230505272633
0,30,98,control,-0.068730342987846
3,10,98,control,-0.05786715471889527
3,30,98,control,-0.05121453435329466
6,10,98,control,-0.03878713104987665
6,30,98,control,-0.07136471799727082
9,10,98,control,-0.03593682123766209
9,30,98,control,-0.0471415741101652
12,10,98,control,-0.04249114835951076
12,30,98,control,-0.02733699414478906
15,10,98,control,-0.0228657191333948
15,30,98,control,-0.05232760349264333
18,10,98,control,-0.06546977294901749
18,30,98,control,-0.04761238137816014
21,10,98,control,0.03467035837818912
21,30,98,control,-0.04508019375176405
24,10,98,control,-0.00898471502511958
24,30,98,control,-0.07160051846053252
27,10,98,control,-3.0799395753699e-4
27,30,98,control,-0.00523760577443842
30,10,98,control,0.01038150803325559
30,30,98,control,0.01425088771696195
33,10,98,control,-0.07254252923226617
33,30,98,control,-0.04267785085204494
36,10,98,control,0.00374274345822227
36,30,98,control,-0.0432653322981269
39,10,98,control,-0.06432418674567325
39,30,98,control,-0.0440243302688459
42,10,98,control,0.03829134692835192
42,30,98,control,-0.04946098059028253
45,10,98,control,-0.02165076271288631
45,30,98,control,-0.05169256440911019
48,10,98,control,-0.03578359895568834
48,30,98,control,-0.04374471938220836
0,10,99,control,-0.04896557907502776
0,30,99,control,-0.02864925618172235
3,10,99,control,-0.07958817747052617
3,30,99,control,-0.04734821894569233
6,10,99,control,-0.0991178193078772
6,30,99,control,-0.06952148473821293
9,10,99,control,-0.00574608977154064
9,30,99,control,-0.01588152619013542
12,10,99,control,0.04182905902038569
12,30,99,control,-0.02831796497225511
15,10,99,control,-0.02421716714937069
15,30,99,control,-0.04005848557887101
18,10,99,control,-0.00989995554215003
18,30,99,control,-0.01559369926185344
21,10,99,control,-0.0235784876334845
21,30,99,control,-0.02508148040601786
24,10,99,control,-0.07664056539354934
24,30,99,control,-0.04544441315535168
27,10,99,control,-0.03123105525430661
27,30,99,control,-0.08293642542006761
30,10,99,control,-0.02119268105858045
30,30,99,control,-0.03243917608286624
33,10,99,control,-0.03165580611517509
33,30,99,control,-0.08549978098580277
36,10,99,control,-0.04188441368880649
36,30,99,control,-0.04638469951345722
39,10,99,control,-0.07053372046615508
39,30,99,control,-0.05505632244492452
42,10,99,control,-0.01326058942978438
42,30,99,control,-0.11375687899915088
45,10,99,control,-0.11653551579902544
45,30,99,control,-0.07704994107346848
48,10,99,control,-0.04023467380450073
48,30,99,control,-0.05055763471316504
0,10,1,intervention,0.03292897937905605
0,30,1,intervention,0.21528935621449588
3,10,1,intervention,0.08527991406116978
3,30,1,intervention,0.3645536952756709
6,10,1,intervention,0.11039038838006976
6,30,1,intervention,0.2724256263170012
9,10,1,intervention,0.02657701702033081
9,30,1,intervention,0.13902914437494546
12,10,1,intervention,0.03226100984437643
12,30,1,intervention,0.19128930623478543
15,10,1,intervention,0.02404438298751087
15,30,1,intervention,0.15791421037310976
18,10,1,intervention,0.06220199692206255
18,30,1,intervention,0.17788707793464895
21,10,1,intervention,0.03375288099973345
21,30,1,intervention,0.09981524180458907
24,10,1,intervention,0.01565834520197946
24,30,1,intervention,0.07643613692594191
27,10,1,intervention,0.03577527538832619
27,30,1,intervention,0.10564461294785436
30,10,1,intervention,0.01122357305205258
30,30,1,intervention,0.06022226113642828
33,10,1,intervention,0.03708537890147001
33,30,1,intervention,0.01927473355026517
36,10,1,intervention,1.7952225722137e-4
36,30,1,intervention,0.03059344446880505
39,10,1,intervention,-0.02223535824747332
39,30,1,intervention,-0.03697643652348367
42,10,1,intervention,-0.02839484861735751
42,30,1,intervention,0.01374853530183474
45,10,1,intervention,-0.03187205223275683
45,30,1,intervention,-0.03818620002638196
48,10,1,intervention,-0.02939664068684031
48,30,1,intervention,-0.01052062208744697
0,10,10,intervention,0.5550945520810218
0,30,10,intervention,1.0295669595655212
3,10,10,intervention,0.4708765546739767
3,30,10,intervention,0.9888609202225006
6,10,10,intervention,0.48018621280432133
6,30,10,intervention,1.090608303089991
9,10,10,intervention,0.47860577497379553
9,30,10,intervention,0.9527906947005838
12,10,10,intervention,0.43160488586325074
12,30,10,intervention,0.8074155889290853
15,10,10,intervention,0.580826074702404
15,30,10,intervention,0.8191645431953121
18,10,10,intervention,0.4398876608561808
18,30,10,intervention,0.723254622087296
21,10,10,intervention,0.3022647210409197
21,30,10,intervention,0.7483418068412467
24,10,10,intervention,0.12187895147925634
24,30,10,intervention,0.40224463189791554
27,10,10,intervention,0.3542965584945173
27,30,10,intervention,0.45492267235269906
30,10,10,intervention,0.16746331112462384
30,30,10,intervention,0.26521720717174335
33,10,10,intervention,0.10134899570156512
33,30,10,intervention,0.1379938646535459
36,10,10,intervention,0.05942451519205932
36,30,10,intervention,-0.03451741747430298
39,10,10,intervention,-0.04767907296172877
39,30,10,intervention,0.01208257394564534
42,10,10,intervention,0.10422796431371502
42,30,10,intervention,-0.01454287523435827
45,10,10,intervention,-0.03079334153366154
45,30,10,intervention,0.00112580801457954
48,10,10,intervention,0.09676431379488425
48,30,10,intervention,0.00938185697397062
0,10,100,intervention,0.4731808369885997
0,30,100,intervention,0.8590141685391838
3,10,100,intervention,0.4797797792237351
3,30,100,intervention,0.7101842239642606
6,10,100,intervention,0.3254007040149633
6,30,100,intervention,0.7366242425118245
9,10,100,intervention,0.26703279124570106
9,30,100,intervention,0.5600091188553291
12,10,100,intervention,0.4335899954046622
12,30,100,intervention,0.5089013375356632
15,10,100,intervention,0.2589987208873044
15,30,100,intervention,0.6362899942609967
18,10,100,intervention,0.31103843409259985
18,30,100,intervention,0.6478380811631946
21,10,100,intervention,0.2999878634010985
21,30,100,intervention,0.46493195881071625
24,10,100,intervention,0.11969998644371496
24,30,100,intervention,0.4585972335197701
27,10,100,intervention,0.18508912925782697
27,30,100,intervention,0.3830156537775362
30,10,100,intervention,0.1339244243565188
30,30,100,intervention,0.3330949372241539
33,10,100,intervention,0.12517299499759743
33,30,100,intervention,0.1496643735634209
36,10,100,intervention,0.03084767631454322
36,30,100,intervention,0.05526985892374833
39,10,100,intervention,0.02482550290041162
39,30,100,intervention,0.00409021296039674
42,10,100,intervention,0.06220857245122326
42,30,100,intervention,0.02047024653729507
45,10,100,intervention,0.05260472527317531
45,30,100,intervention,0.11099176414039852
48,10,100,intervention,-0.01234791558389521
48,30,100,intervention,0.0436756792225428
0,10,101,intervention,0.1088891299866795
0,30,101,intervention,0.28301522656464756
3,10,101,intervention,0.20396708321543308
3,30,101,intervention,0.3286880027053718
6,10,101,intervention,0.09555636978791313
6,30,101,intervention,0.3097229366383654
9,10,101,intervention,0.08079715366714914
9,30,101,intervention,0.2321144079710916
12,10,101,intervention,0.07368894047312788
12,30,101,intervention,0.2144925690792069
15,10,101,intervention,0.04997926707921533
15,30,101,intervention,0.18519563781088583
18,10,101,intervention,0.06983429172148557
18,30,101,intervention,0.1633791979096322
21,10,101,intervention,0.05431259364181851
21,30,101,intervention,0.17878611804272623
24,10,101,intervention,0.06140940781758838
24,30,101,intervention,0.05551791922584207
27,10,101,intervention,-0.03248024004538992
27,30,101,intervention,0.05336276357336906
30,10,101,intervention,-0.0187928039465737
30,30,101,intervention,0.04490846825252707
33,10,101,intervention,0.00308669286742314
33,30,101,intervention,0.01103880842584838
36,10,101,intervention,-0.04096522361445012
36,30,101,intervention,-0.05030088473642405
39,10,101,intervention,-0.03980864307561058
39,30,101,intervention,-0.01242789349152248
42,10,101,intervention,-0.04590401519839408
42,30,101,intervention,-0.03385656702957844
45,10,101,intervention,-0.01394840476593891
45,30,101,intervention,-0.00536038889403743
48,10,101,intervention,-0.05419233971768192
48,30,101,intervention,-0.0609926254188585
0,10,102,intervention,0.3803403172606637
0,30,102,intervention,0.7472727309268608
3,10,102,intervention,0.449041949746652
3,30,102,intervention,0.7742398268617341
6,10,102,intervention,0.36562846558125994
6,30,102,intervention,0.7945768452079851
9,10,102,intervention,0.3465032222013178
9,30,102,intervention,0.624989957192911
12,10,102,intervention,0.22195869630103493
12,30,102,intervention,0.5896113562043509
15,10,102,intervention,0.23589659152967335
15,30,102,intervention,0.5305251563500818
18,10,102,intervention,0.24599534968994588
18,30,102,intervention,0.5815555708400837
21,10,102,intervention,0.10181443240650916
21,30,102,intervention,0.5492796506947623
24,10,102,intervention,0.19105004499807976
24,30,102,intervention,0.41850504400619215
27,10,102,intervention,0.1548417035865639
27,30,102,intervention,0.41342278293734613
30,10,102,intervention,0.131506774470845
30,30,102,intervention,0.326246855138374
33,10,102,intervention,0.04756681726669306
33,30,102,intervention,0.16892204217858683
36,10,102,intervention,-0.01047081929412151
36,30,102,intervention,0.0771303809134527
39,10,102,intervention,0.01710733118574919
39,30,102,intervention,0.05208024065148155
42,10,102,intervention,0.01941450936166448
42,30,102,intervention,0.02176500974744358
45,10,102,intervention,-0.06097841211123576
45,30,102,intervention,-0.04700074518444548
48,10,102,intervention,-0.00344433216052573
48,30,102,intervention,0.07752407269818175
0,10,103,intervention,0.12375783846827863
0,30,103,intervention,0.20067799407574236
3,10,103,intervention,0.09572169468993086
3,30,103,intervention,0.2163655719802388
6,10,103,intervention,0.08270678429166878
6,30,103,intervention,0.2318607061815985
9,10,103,intervention,-0.01723345851055793
9,30,103,intervention,0.13886722962445308
12,10,103,intervention,0.08137845948274028
12,30,103,intervention,0.11785088279367562
15,10,103,intervention,0.01637747736545204
15,30,103,intervention,0.15334637682589258
18,10,103,intervention,0.02996698655644733
18,30,103,intervention,0.16474888668653684
21,10,103,intervention,-0.00179717223134079
21,30,103,intervention,0.15137023192477878
24,10,103,intervention,0.06991140163397688
24,30,103,intervention,0.064677779767817
27,10,103,intervention,0.0504380061107878
27,30,103,intervention,0.10718244140387503
30,10,103,intervention,0.021507242421601
30,30,103,intervention,0.03546745968589453
33,10,103,intervention,-0.04564125970434445
33,30,103,intervention,-0.02092764551512153
36,10,103,intervention,-0.03608009606731319
36,30,103,intervention,-0.01903724375015194
39,10,103,intervention,-0.00733054102829179
39,30,103,intervention,-0.02130533119811741
42,10,103,intervention,-0.01061597359384333
42,30,103,intervention,-0.01712799583277746
45,10,103,intervention,-0.01291375339240985
45,30,103,intervention,-0.02731417964851454
48,10,103,intervention,0.0406579340429675
48,30,103,intervention,0.02330318039782742
0,10,104,intervention,0.3848234200837863
0,30,104,intervention,0.6256317876440226
3,10,104,intervention,0.32097608228399016
3,30,104,intervention,0.565452231417032
6,10,104,intervention,0.22113886889237597
6,30,104,intervention,0.5266868509358617
9,10,104,intervention,0.23079500697786104
9,30,104,intervention,0.4453380691803563
12,10,104,intervention,0.184384606434788
12,30,104,intervention,0.5203523257134223
15,10,104,intervention,0.3423847967381376
15,30,104,intervention,0.48735912549334653
18,10,104,intervention,0.2072650388980369
18,30,104,intervention,0.4628967492287422
21,10,104,intervention,0.14469446492797422
21,30,104,intervention,0.3844209778341308
24,10,104,intervention,0.25562824776922577
24,30,104,intervention,0.3245507850388272
27,10,104,intervention,0.15272027818007455
27,30,104,intervention,0.28204452368771143
30,10,104,intervention,0.2740271603935767
30,30,104,intervention,0.29230833628741043
33,10,104,intervention,0.04231274527056542
33,30,104,intervention,0.10135209157262937
36,10,104,intervention,0.02003090717418317
36,30,104,intervention,0.05327057119175105
39,10,104,intervention,0.04980732733752593
39,30,104,intervention,0.02559909974091773
42,10,104,intervention,0.10488240141704903
42,30,104,intervention,0.09205987303601831
45,10,104,intervention,0.04814493546210981
45,30,104,intervention,0.05525610462525911
48,10,104,intervention,0.04834276565555148
48,30,104,intervention,0.09865891931189352
0,10,105,intervention,0.3069559540557164
0,30,105,intervention,0.628263663595912
3,10,105,intervention,0.2818805898678103
3,30,105,intervention,0.6683240506460716
6,10,105,intervention,0.41512282272800183
6,30,105,intervention,0.6109252335332647
9,10,105,intervention,0.2151033914725862
9,30,105,intervention,0.5047763185780747
12,10,105,intervention,0.24099557192368964
12,30,105,intervention,0.4886748412094089
15,10,105,intervention,0.24589455097829957
15,30,105,intervention,0.45348515730753514
18,10,105,intervention,0.27269003946533205
18,30,105,intervention,0.46929770306416574
21,10,105,intervention,0.2299978651748606
21,30,105,intervention,0.3318907729458713
24,10,105,intervention,0.15911947174628857
24,30,105,intervention,0.3215947095283402
27,10,105,intervention,0.15679837207849284
27,30,105,intervention,0.33297140195284874
30,10,105,intervention,0.1743101883244344
30,30,105,intervention,0.24749913745445545
33,10,105,intervention,0.1355438352113348
33,30,105,intervention,0.20659332159101612
36,10,105,intervention,0.06043499805238347
36,30,105,intervention,0.04349534031688
39,10,105,intervention,0.02939546627630337
39,30,105,intervention,0.02548865425582851
42,10,105,intervention,0.106858583406491
42,30,105,intervention,0.04465871488012886
45,10,105,intervention,0.13520015806479954
45,30,105,intervention,0.0537356556664712
48,10,105,intervention,0.0944507749276936
48,30,105,intervention,0.04755315553737237
0,10,106,intervention,0.09005723422229998
0,30,106,intervention,0.2571980296491043
3,10,106,intervention,0.06399836873031094
3,30,106,intervention,0.1927453638918025
6,10,106,intervention,0.06128771921947056
6,30,106,intervention,0.25102726733470304
9,10,106,intervention,0.0267285299155849
9,30,106,intervention,0.1804418947224161
12,10,106,intervention,0.04360269851804611
12,30,106,intervention,0.18485165188798597
15,10,106,intervention,0.04647083285300678
15,30,106,intervention,0.1634860884099727
18,10,106,intervention,0.03138774023771534
18,30,106,intervention,0.16703306865490697
21,10,106,intervention,0.02753784163076603
21,30,106,intervention,0.10262043004514244
24,10,106,intervention,-0.00882004279373794
24,30,106,intervention,0.02876250191520791
27,10,106,intervention,0.04780064978703897
27,30,106,intervention,0.09279851665200346
30,10,106,intervention,0.01733412479389828
30,30,106,intervention,0.05905080243442359
33,10,106,intervention,-0.03882494485610089
33,30,106,intervention,0.03055339254809324
36,10,106,intervention,-0.0041982178594433
36,30,106,intervention,-0.01278738272344904
39,10,106,intervention,0.01091330446253135
39,30,106,intervention,-0.0313695970869882
42,10,106,intervention,-0.00496621404788109
42,30,106,intervention,-0.01123472054917132
45,10,106,intervention,-0.01638247094877432
45,30,106,intervention,6.0140902142726e-4
48,10,106,intervention,0.0181434572529701
48,30,106,intervention,-0.02317995127059301
0,10,107,intervention,0.26453528311768226
0,30,107,intervention,0.569650532718272
3,10,107,intervention,0.3305219780212254
3,30,107,intervention,0.5491955472334594
6,10,107,intervention,0.33025711494287446
6,30,107,intervention,0.6329243624347193
9,10,107,intervention,0.15817390930195366
9,30,107,intervention,0.5458073255401302
12,10,107,intervention,0.15491578300289122
12,30,107,intervention,0.34915728213411706
15,10,107,intervention,0.37032732003390056
15,30,107,intervention,0.4124557961809198
18,10,107,intervention,0.18757510482806344
18,30,107,intervention,0.367123645697133
21,10,107,intervention,0.1253437509412691
21,30,107,intervention,0.27907694536389255
24,10,107,intervention,0.133024909990994
24,30,107,intervention,0.1668886639794483
27,10,107,intervention,0.05947815301730459
27,30,107,intervention,0.2809176888993577
30,10,107,intervention,0.05119116246441668
30,30,107,intervention,0.2093279794828223
33,10,107,intervention,0.01972318962210319
33,30,107,intervention,0.1277427488678088
36,10,107,intervention,0.0114339934420869
36,30,107,intervention,0.01285656574490727
39,10,107,intervention,-0.07956034366196042
39,30,107,intervention,-0.03708753915987405
42,10,107,intervention,0.00884234012920109
42,30,107,intervention,0.02805767922050524
45,10,107,intervention,-0.024052997533679
45,30,107,intervention,0.00616014456752272
48,10,107,intervention,0.00333560826208031
48,30,107,intervention,-0.00963589783038777
0,10,108,intervention,0.28313522817439
0,30,108,intervention,0.45547964936380336
3,10,108,intervention,0.10721368804042689
3,30,108,intervention,0.4253345506610634
6,10,108,intervention,0.07613712581666487
6,30,108,intervention,0.3889362238845848
9,10,108,intervention,0.22444035710280952
9,30,108,intervention,0.33140805140819807
12,10,108,intervention,0.139504729841348
12,30,108,intervention,0.27800401414106485
15,10,108,intervention,0.16107716786286044
15,30,108,intervention,0.3078770290338545
18,10,108,intervention,0.18652802369629232
18,30,108,intervention,0.28134958292788326
21,10,108,intervention,-0.01475257727420813
21,30,108,intervention,0.157741819067359
24,10,108,intervention,0.06169168535888196
24,30,108,intervention,0.09969549391087722
27,10,108,intervention,0.09710782185033318
27,30,108,intervention,0.15118012173265238
30,10,108,intervention,0.06897652699656794
30,30,108,intervention,0.10400948148501396
33,10,108,intervention,0.0195211371376762
33,30,108,intervention,0.03499906509757859
36,10,108,intervention,0.02076158149341977
36,30,108,intervention,-0.03973574834337966
39,10,108,intervention,-0.02791585991641796
39,30,108,intervention,-0.08328493720673569
42,10,108,intervention,-0.02025797030596587
42,30,108,intervention,-0.06817424302986096
45,10,108,intervention,-0.07840460183223687
45,30,108,intervention,-0.06324850600753733
48,10,108,intervention,0.00360322045594279
48,30,108,intervention,-0.02197314285716599
0,10,109,intervention,0.3075069120765314
0,30,109,intervention,0.6401423707480163
3,10,109,intervention,0.3872801432895102
3,30,109,intervention,0.7076579809044534
6,10,109,intervention,0.22219833731358457
6,30,109,intervention,0.6083401679181594
9,10,109,intervention,0.3062857992245882
9,30,109,intervention,0.4640213929407038
12,10,109,intervention,0.18771002489001212
12,30,109,intervention,0.39029040167426193
15,10,109,intervention,0.1453091020112293
15,30,109,intervention,0.42222976586890487
18,10,109,intervention,0.1062524399378963
18,30,109,intervention,0.42993485258640457
21,10,109,intervention,0.07570859255240844
21,30,109,intervention,0.2829514044581476
24,10,109,intervention,0.12274900874345827
24,30,109,intervention,0.26638582337407435
27,10,109,intervention,0.10620821414323556
27,30,109,intervention,0.1763527446123472
30,10,109,intervention,0.18442160665456928
30,30,109,intervention,0.2786606309819351
33,10,109,intervention,-0.00728196248444678
33,30,109,intervention,0.08925907062980136
36,10,109,intervention,0.05053400474381209
36,30,109,intervention,-0.02991446860187253
39,10,109,intervention,-0.0072111044279633
39,30,109,intervention,-0.04472155853985118
42,10,109,intervention,9.240350258967946e-5
42,30,109,intervention,0.02241750410320586
45,10,109,intervention,0.05469003454841488
45,30,109,intervention,0.04161364756136358
48,10,109,intervention,0.04756945546578638
48,30,109,intervention,0.00625036109008496
0,10,11,intervention,0.02381425044303534
0,30,11,intervention,0.25974114052652314
3,10,11,intervention,0.05250279056979599
3,30,11,intervention,0.23979944562381456
6,10,11,intervention,0.06659038217074058
6,30,11,intervention,0.21289303728173356
9,10,11,intervention,0.09108430811553316
9,30,11,intervention,0.23619256451385529
12,10,11,intervention,0.11548930216767304
12,30,11,intervention,0.1462892992134905
15,10,11,intervention,0.06843592249875795
15,30,11,intervention,0.19006968720325873
18,10,11,intervention,-0.00119624164321634
18,30,11,intervention,0.12003264292550378
21,10,11,intervention,0.0317686250591606
21,30,11,intervention,0.06286345986124486
24,10,11,intervention,0.0081461375733849
24,30,11,intervention,0.04394035427978089
27,10,11,intervention,0.00909364077038389
27,30,11,intervention,0.02799801959564119
30,10,11,intervention,-0.04260521941582785
30,30,11,intervention,0.07805638348019607
33,10,11,intervention,0.01438910491610928
33,30,11,intervention,-0.0090658744236722
36,10,11,intervention,-0.02515177537646039
36,30,11,intervention,-0.0764170774705489
39,10,11,intervention,-0.03555437700317615
39,30,11,intervention,-0.05300875826743642
42,10,11,intervention,-0.081324785304176
42,30,11,intervention,-0.04832567927457388
45,10,11,intervention,-0.02891775656707216
45,30,11,intervention,-0.03790800997365919
48,10,11,intervention,-0.07271004423064416
48,30,11,intervention,-0.03630516512178408
0,10,110,intervention,0.11233499188717828
0,30,110,intervention,0.33757856450070606
3,10,110,intervention,0.06415638865694334
3,30,110,intervention,0.32812513971610635
6,10,110,intervention,0.12478917313149449
6,30,110,intervention,0.3349919441979119
9,10,110,intervention,0.08184289469575268
9,30,110,intervention,0.31089324206337277
12,10,110,intervention,0.1744688609368139
12,30,110,intervention,0.2661370918043103
15,10,110,intervention,0.08209346213272195
15,30,110,intervention,0.22247219042247063
18,10,110,intervention,0.05097382527769682
18,30,110,intervention,0.23615255031070911
21,10,110,intervention,0.04546178847776015
21,30,110,intervention,0.1648108006127893
24,10,110,intervention,0.02273658611851103
24,30,110,intervention,0.08535605144265333
27,10,110,intervention,0.1059669870396561
27,30,110,intervention,0.12830316671499054
30,10,110,intervention,0.01818747435059173
30,30,110,intervention,0.0930430364137252
33,10,110,intervention,0.00606265827438092
33,30,110,intervention,0.00949710992411638
36,10,110,intervention,-0.0447562334807971
36,30,110,intervention,-0.03368284676544757
39,10,110,intervention,-0.0272101901979945
39,30,110,intervention,0.02606817293017369
42,10,110,intervention,0.02406698563433956
42,30,110,intervention,0.05875879949033746
45,10,110,intervention,0.00951343161653747
45,30,110,intervention,0.01836789693147009
48,10,110,intervention,-0.04135166344878599
48,30,110,intervention,0.00610980050266106
0,10,111,intervention,0.15958887412926592
0,30,111,intervention,0.4687454572364057
3,10,111,intervention,0.20804330366443397
3,30,111,intervention,0.39205038941386816
6,10,111,intervention,0.21708018575166904
6,30,111,intervention,0.4483562159837183
9,10,111,intervention,0.18280784678359505
9,30,111,intervention,0.3811824318307118
12,10,111,intervention,0.27967238967290525
12,30,111,intervention,0.34464844960957225
15,10,111,intervention,0.11612803884872828
15,30,111,intervention,0.33674359289215944
18,10,111,intervention,0.1678745724242143
18,30,111,intervention,0.2953471986305753
21,10,111,intervention,0.1221929224855122
21,30,111,intervention,0.2586173332630841
24,10,111,intervention,0.0547614639807795
24,30,111,intervention,0.13063561541118238
27,10,111,intervention,0.12521760838725277
27,30,111,intervention,0.11162757142233289
30,10,111,intervention,0.04733734231448926
30,30,111,intervention,0.06355259786368392
33,10,111,intervention,0.05844794037275065
33,30,111,intervention,0.06875227948542281
36,10,111,intervention,0.06105242544397727
36,30,111,intervention,0.06804189924156608
39,10,111,intervention,0.01833887403852338
39,30,111,intervention,0.01294956910304636
42,10,111,intervention,0.08189726761963842
42,30,111,intervention,0.02371784035047614
45,10,111,intervention,0.05171492422449871
45,30,111,intervention,0.04609749508773557
48,10,111,intervention,0.05478041411744559
48,30,111,intervention,0.02687652007801767
0,10,112,intervention,0.14953604599241982
0,30,112,intervention,0.4885160304624376
3,10,112,intervention,0.27444244012528884
3,30,112,intervention,0.473961285952231
6,10,112,intervention,0.24808316776634043
6,30,112,intervention,0.47981086583638727
9,10,112,intervention,0.17013883137221208
9,30,112,intervention,0.30736314891392713
12,10,112,intervention,0.11172627727194943
12,30,112,intervention,0.2981867175908697
15,10,112,intervention,0.08754516746507031
15,30,112,intervention,0.3131610716594851
18,10,112,intervention,0.12407201864384793
18,30,112,intervention,0.32689416176906105
21,10,112,intervention,0.04788622044671454
21,30,112,intervention,0.20794920679677675
24,10,112,intervention,0.03508727245031393
24,30,112,intervention,0.196092804432581
27,10,112,intervention,0.01196380529345553
27,30,112,intervention,0.17191139273179953
30,10,112,intervention,0.06059159102621377
30,30,112,intervention,0.11608358155334352
33,10,112,intervention,-0.11152850944739248
33,30,112,intervention,0.0045881727214356
36,10,112,intervention,-0.06300924271593027
36,30,112,intervention,-0.06115103029536661
39,10,112,intervention,-0.08905589706372645
39,30,112,intervention,-0.07679958578274877
42,10,112,intervention,-0.00289931175116046
42,30,112,intervention,-0.07167900644122413
45,10,112,intervention,-0.0720011000936817
45,30,112,intervention,-0.03928396324764738
48,10,112,intervention,-0.07103436701319667
48,30,112,intervention,-0.05255991195720218
0,10,113,intervention,0.19067472161974627
0,30,113,intervention,0.5756736026769677
3,10,113,intervention,0.352147088588846
3,30,113,intervention,0.6369591077559893
6,10,113,intervention,0.2823811125971597
6,30,113,intervention,0.5952285567606417
9,10,113,intervention,0.16195449239142662
9,30,113,intervention,0.5161124628769057
12,10,113,intervention,0.1672550827948818
12,30,113,intervention,0.422851740287157
15,10,113,intervention,0.10194427653940012
15,30,113,intervention,0.440581620911369
18,10,113,intervention,0.05265071311829121
18,30,113,intervention,0.38458125353536743
21,10,113,intervention,0.1603611862352118
21,30,113,intervention,0.3307764532389008
24,10,113,intervention,0.01221552676543414
24,30,113,intervention,0.21349656101272255
27,10,113,intervention,0.03200650688776613
27,30,113,intervention,0.27113092960503044
30,10,113,intervention,-0.02956723772775084
30,30,113,intervention,0.19707298194090545
33,10,113,intervention,0.02153201852630473
33,30,113,intervention,0.12141352998375904
36,10,113,intervention,-0.07896627471067542
36,30,113,intervention,-0.09091778834702068
39,10,113,intervention,-0.09638857278728712
39,30,113,intervention,-0.05301869232394098
42,10,113,intervention,0.01818453840308559
42,30,113,intervention,-0.00914125912434363
45,10,113,intervention,-0.01998597050545755
45,30,113,intervention,-0.03134970085598413
48,10,113,intervention,-0.01756612743146815
48,30,113,intervention,0.021152226757904
0,10,114,intervention,0.1749864025871236
0,30,114,intervention,0.2971420620009403
3,10,114,intervention,0.12309470405692814
3,30,114,intervention,0.3269565380100987
6,10,114,intervention,0.09635231772862347
6,30,114,intervention,0.33110298317225584
9,10,114,intervention,0.11585771786726246
9,30,114,intervention,0.2865182202192964
12,10,114,intervention,0.13766846992337128
12,30,114,intervention,0.25747182707804606
15,10,114,intervention,0.1263750063510666
15,30,114,intervention,0.2677261954538747
18,10,114,intervention,0.04031139322425559
18,30,114,intervention,0.22460123903484217
21,10,114,intervention,0.13259506895248557
21,30,114,intervention,0.15895323524133054
24,10,114,intervention,0.08726126791861868
24,30,114,intervention,0.21674337100121807
27,10,114,intervention,0.09134849159552463
27,30,114,intervention,0.1654145262778164
30,10,114,intervention,0.07195660927588525
30,30,114,intervention,0.14773754283290796
33,10,114,intervention,0.0385012981052345
33,30,114,intervention,0.03412741583010576
36,10,114,intervention,-4.8721339652771e-4
36,30,114,intervention,-0.00474597849548633
39,10,114,intervention,0.03023804208974082
39,30,114,intervention,0.03429893570860479
42,10,114,intervention,0.04872681594106248
42,30,114,intervention,0.04742180473742471
45,10,114,intervention,0.02886010666071928
45,30,114,intervention,0.03801521179229549
48,10,114,intervention,0.01221898356758539
48,30,114,intervention,0.02158827080875318
0,10,115,intervention,0.1926487808212431
0,30,115,intervention,0.3023147042554749
3,10,115,intervention,0.1239014937295606
3,30,115,intervention,0.317757420482943
6,10,115,intervention,0.12033829380505856
6,30,115,intervention,0.3409020819380933
9,10,115,intervention,0.10996141964309109
9,30,115,intervention,0.27954383792499127
12,10,115,intervention,0.10464052018074364
12,30,115,intervention,0.24321531995938445
15,10,115,intervention,0.1030853810188873
15,30,115,intervention,0.2437303974841972
18,10,115,intervention,0.1474052691499791
18,30,115,intervention,0.16946035241388477
21,10,115,intervention,0.06209882276330162
21,30,115,intervention,0.1538995822628311
24,10,115,intervention,0.02454549981470899
24,30,115,intervention,0.10937857303990572
27,10,115,intervention,0.05411658439405569
27,30,115,intervention,0.11828095368574948
30,10,115,intervention,0.05234001328037096
30,30,115,intervention,0.08309378653947326
33,10,115,intervention,-0.01153421236341906
33,30,115,intervention,0.03382553173890326
36,10,115,intervention,-0.00466060516470619
36,30,115,intervention,0.02243512307089348
39,10,115,intervention,-0.03001164142989986
39,30,115,intervention,0.02378641391362264
42,10,115,intervention,0.03150506273972905
42,30,115,intervention,-0.0028555414558596
45,10,115,intervention,-0.01351101689842133
45,30,115,intervention,0.03592168365582429
48,10,115,intervention,-0.03688258231345909
48,30,115,intervention,-0.00438173124159802
0,10,116,intervention,0.29416514717755243
0,30,116,intervention,0.4800478136365627
3,10,116,intervention,0.30294882661782546
3,30,116,intervention,0.5554619433007623
6,10,116,intervention,0.25292065173227046
6,30,116,intervention,0.5086282996470906
9,10,116,intervention,0.28013694330624134
9,30,116,intervention,0.5052522330429058
12,10,116,intervention,0.13867850096306028
12,30,116,intervention,0.41017218660335425
15,10,116,intervention,0.1370010224162111
15,30,116,intervention,0.40492485420513846
18,10,116,intervention,0.13964906982765338
18,30,116,intervention,0.3322365041783153
21,10,116,intervention,0.14019539348318888
21,30,116,intervention,0.308943804713928
24,10,116,intervention,0.06862077515483754
24,30,116,intervention,0.18803643868894843
27,10,116,intervention,0.10579648697278209
27,30,116,intervention,0.23836108879984969
30,10,116,intervention,0.03302210220745805
30,30,116,intervention,0.10436869096245575
33,10,116,intervention,0.00540569755169957
33,30,116,intervention,0.03328722646164282
36,10,116,intervention,0.00681166982719491
36,30,116,intervention,-0.03059730836187546
39,10,116,intervention,0.01173620416841809
39,30,116,intervention,-0.04330987884745336
42,10,116,intervention,-0.01129580732564761
42,30,116,intervention,-0.04419406546986854
45,10,116,intervention,-0.06709327425256444
45,30,116,intervention,-0.0438917201022737
48,10,116,intervention,-0.07210054656338992
48,30,116,intervention,-0.01858461546332147
0,10,117,intervention,0.1495916485286943
0,30,117,intervention,0.31331390404807985
3,10,117,intervention,0.13369016149521662
3,30,117,intervention,0.33791608387467137
6,10,117,intervention,0.13988313557058388
6,30,117,intervention,0.3146938546392222
9,10,117,intervention,0.11956106556585176
9,30,117,intervention,0.26398584340522957
12,10,117,intervention,0.06567664607676633
12,30,117,intervention,0.26040182497513853
15,10,117,intervention,0.10696790202156872
15,30,117,intervention,0.26341188531022325
18,10,117,intervention,0.07777840738353342
18,30,117,intervention,0.21006799734683484
21,10,117,intervention,0.05243003921468359
21,30,117,intervention,0.1808489003085272
24,10,117,intervention,0.04164135383137584
24,30,117,intervention,0.16980727952116667
27,10,117,intervention,0.06593213942390772
27,30,117,intervention,0.20876173863224604
30,10,117,intervention,0.01688472521005474
30,30,117,intervention,0.14948173942158047
33,10,117,intervention,0.0428799014568364
33,30,117,intervention,0.08265189351722876
36,10,117,intervention,0.02647627465668325
36,30,117,intervention,0.05264862270914926
39,10,117,intervention,-0.0287116485491294
39,30,117,intervention,0.00696075284747622
42,10,117,intervention,0.00574506433489035
42,30,117,intervention,-0.01772212718117519
45,10,117,intervention,0.04210549614782405
45,30,117,intervention,0.01949863932004764
48,10,117,intervention,0.00321800575420689
48,30,117,intervention,0.05712247350465628
0,10,118,intervention,0.1236913297547159
0,30,118,intervention,0.27290688754821163
3,10,118,intervention,0.13441964899105396
3,30,118,intervention,0.2243317528977149
6,10,118,intervention,0.08043141387021314
6,30,118,intervention,0.22804954603029093
9,10,118,intervention,0.10056545064433432
9,30,118,intervention,0.22784026690679188
12,10,118,intervention,0.09573076538527615
12,30,118,intervention,0.20583723156832512
15,10,118,intervention,0.0994383333370378
15,30,118,intervention,0.18647176277115787
18,10,118,intervention,0.12717618066199568
18,30,118,intervention,0.1912697500295163
21,10,118,intervention,0.03308617837306801
21,30,118,intervention,0.1588495037940875
24,10,118,intervention,0.05328740600619718
24,30,118,intervention,0.15227744250158817
27,10,118,intervention,0.04237708923402127
27,30,118,intervention,0.0979887837805858
30,10,118,intervention,0.08442919411919199
30,30,118,intervention,0.10843799793966367
33,10,118,intervention,0.05790352902253003
33,30,118,intervention,0.05769252755812403
36,10,118,intervention,-0.00634020244152587
36,30,118,intervention,0.04838038098345685
39,10,118,intervention,0.04969058058885779
39,30,118,intervention,0.02663014086442805
42,10,118,intervention,0.01044533661419521
42,30,118,intervention,0.03670068935154191
45,10,118,intervention,0.04647953416564508
45,30,118,intervention,0.05906208188871379
48,10,118,intervention,0.02000163293310678
48,30,118,intervention,0.05551268914646656
0,10,119,intervention,0.04171883032986183
0,30,119,intervention,0.28253870457428526
3,10,119,intervention,0.1098219472218342
3,30,119,intervention,0.29635311538622267
6,10,119,intervention,0.11443403846566629
6,30,119,intervention,0.2692828518178703
9,10,119,intervention,0.06051358350370695
9,30,119,intervention,0.2162165580114636
12,10,119,intervention,0.04596020810672241
12,30,119,intervention,0.2480325554027084
15,10,119,intervention,0.00961900706587239
15,30,119,intervention,0.2085987337283295
18,10,119,intervention,0.05596373531475892
18,30,119,intervention,0.20326231581542753
21,10,119,intervention,0.0114773192279372
21,30,119,intervention,0.07173523940872281
24,10,119,intervention,-0.01866652384101591
24,30,119,intervention,0.03160401602233093
27,10,119,intervention,1.3713891780613e-4
27,30,119,intervention,0.07154347365272566
30,10,119,intervention,-0.06525675431906977
30,30,119,intervention,0.04703369537697902
33,10,119,intervention,-0.00252866880855511
33,30,119,intervention,-0.05595379867936831
36,10,119,intervention,-0.08422397215278841
36,30,119,intervention,-0.07046237401726145
39,10,119,intervention,-0.04540637522006545
39,30,119,intervention,-0.12250439948999066
42,10,119,intervention,-0.02050123590630959
42,30,119,intervention,-0.07684725207768539
45,10,119,intervention,-0.09252765978069702
45,30,119,intervention,-0.08367527107525356
48,10,119,intervention,-0.1056866512975113
48,30,119,intervention,-0.09889399318476871
0,10,12,intervention,0.49992739969332617
0,30,12,intervention,0.76610165474834
3,10,12,intervention,0.2343064156304291
3,30,12,intervention,0.7689229670592048
6,10,12,intervention,0.35634710766036604
6,30,12,intervention,0.7599124433420448
9,10,12,intervention,0.25669956082693485
9,30,12,intervention,0.6398620100418856
12,10,12,intervention,0.3161732104773343
12,30,12,intervention,0.5414722759650279
15,10,12,intervention,0.28072488899798603
15,30,12,intervention,0.5531689425478907
18,10,12,intervention,0.20667054198680251
18,30,12,intervention,0.5375121017415124
21,10,12,intervention,0.18745751499917085
21,30,12,intervention,0.4479983258274989
24,10,12,intervention,0.11836641824873397
24,30,12,intervention,0.3854991203797966
27,10,12,intervention,0.30889326458401534
27,30,12,intervention,0.4040728224572074
30,10,12,intervention,0.08901014173650411
30,30,12,intervention,0.2639128865774643
33,10,12,intervention,0.11978378523406293
33,30,12,intervention,0.14909146020311825
36,10,12,intervention,0.00353007551376838
36,30,12,intervention,0.04912518412723055
39,10,12,intervention,-0.03682693300096495
39,30,12,intervention,-0.09076356190982354
42,10,12,intervention,0.10131856700948588
42,30,12,intervention,-0.05298567304185462
45,10,12,intervention,0.05030830167811461
45,30,12,intervention,0.01376259113649545
48,10,12,intervention,0.01941627657185388
48,30,12,intervention,0.03917531987389199
0,10,120,intervention,0.13344126344728455
0,30,120,intervention,0.3289212327711226
3,10,120,intervention,0.16517925377826118
3,30,120,intervention,0.3648988757582373
6,10,120,intervention,0.13381924711199103
6,30,120,intervention,0.29289784718594547
9,10,120,intervention,0.10874192282855716
9,30,120,intervention,0.23789443183502185
12,10,120,intervention,0.09406954544358596
12,30,120,intervention,0.23523399002031423
15,10,120,intervention,0.1110942940661564
15,30,120,intervention,0.2677378275090305
18,10,120,intervention,0.06604292728405096
18,30,120,intervention,0.16689762502034208
21,10,120,intervention,0.09763120866820628
21,30,120,intervention,0.18300161053610323
24,10,120,intervention,0.01640519328865935
24,30,120,intervention,0.14503106285984427
27,10,120,intervention,-0.02794302941830009
27,30,120,intervention,0.15424199880421668
30,10,120,intervention,0.03337933142504066
30,30,120,intervention,0.16601564873329502
33,10,120,intervention,0.06218133926276725
33,30,120,intervention,0.03793881884753294
36,10,120,intervention,0.03542715120268026
36,30,120,intervention,0.01078722656974959
39,10,120,intervention,0.01482809463998115
39,30,120,intervention,0.01949070991619702
42,10,120,intervention,0.04493403970963591
42,30,120,intervention,0.00568089955971281
45,10,120,intervention,0.03803855943161716
45,30,120,intervention,-0.00329870070158252
48,10,120,intervention,-0.00448750054509703
48,30,120,intervention,0.04629695005343528
0,10,121,intervention,0.0755740630677216
0,30,121,intervention,0.18816809531466136
3,10,121,intervention,0.04510501103584622
3,30,121,intervention,0.2122782617438003
6,10,121,intervention,0.04723895627879543
6,30,121,intervention,0.14608047565117202
9,10,121,intervention,0.0479401726656853
9,30,121,intervention,0.10945055050563354
12,10,121,intervention,0.02415645297195973
12,30,121,intervention,0.0808653869683159
15,10,121,intervention,0.04188835008554456
15,30,121,intervention,0.10926368784460884
18,10,121,intervention,0.0648390071403204
18,30,121,intervention,0.06636643575049626
21,10,121,intervention,0.02644876378309358
21,30,121,intervention,0.07153921561049426
24,10,121,intervention,0.03998113512138213
24,30,121,intervention,0.07528274521965687
27,10,121,intervention,0.00289287332138661
27,30,121,intervention,0.04331651337875905
30,10,121,intervention,0.0086014348113196
30,30,121,intervention,0.03894851644687448
33,10,121,intervention,-0.01254203861850398
33,30,121,intervention,0.02836159875317546
36,10,121,intervention,-0.00295952813156002
36,30,121,intervention,-0.02218893075439047
39,10,121,intervention,0.01859261073920243
39,30,121,intervention,-0.02124118772026754
42,10,121,intervention,-0.00964317138521033
42,30,121,intervention,5.0018701117205e-4
45,10,121,intervention,-0.02979167931376664
45,30,121,intervention,-0.04837684552172023
48,10,121,intervention,-0.03255497122735727
48,30,121,intervention,-0.02141971300680768
0,10,122,intervention,0.1935767579187856
0,30,122,intervention,0.38769526152360206
3,10,122,intervention,0.2105450318948414
3,30,122,intervention,0.4163763796006294
6,10,122,intervention,0.1972853076401543
6,30,122,intervention,0.379663053550913
9,10,122,intervention,0.11485473851638352
9,30,122,intervention,0.34066042468863605
12,10,122,intervention,0.11907043716373789
12,30,122,intervention,0.28675477302274643
15,10,122,intervention,0.13634036662733587
15,30,122,intervention,0.3116003717735687
18,10,122,intervention,0.16373100341419072
18,30,122,intervention,0.29258634114342674
21,10,122,intervention,0.09453615599308143
21,30,122,intervention,0.17122674276680508
24,10,122,intervention,0.11091089593091084
24,30,122,intervention,0.13287031249113834
27,10,122,intervention,0.07177271188430834
27,30,122,intervention,0.20628049331426013
30,10,122,intervention,0.0847340601743339
30,30,122,intervention,0.16761486863674974
33,10,122,intervention,0.01471982928311467
33,30,122,intervention,0.09495246800220886
36,10,122,intervention,0.07469233892765938
36,30,122,intervention,0.0271884789321023
39,10,122,intervention,-0.00786210458159042
39,30,122,intervention,0.04659334469921094
42,10,122,intervention,0.00801398746158635
42,30,122,intervention,0.07102683455762382
45,10,122,intervention,0.02609883680910037
45,30,122,intervention,0.06120219161578044
48,10,122,intervention,0.07315902149000623
48,30,122,intervention,0.06916447287008756
0,10,123,intervention,0.4012382741251887
0,30,123,intervention,0.6758990964665916
3,10,123,intervention,0.4186231005287176
3,30,123,intervention,0.7247896930054865
6,10,123,intervention,0.4345951508409018
6,30,123,intervention,0.6559937805934501
9,10,123,intervention,0.27174561757826554
9,30,123,intervention,0.6300232913625671
12,10,123,intervention,0.36969192545846447
12,30,123,intervention,0.5647979853289429
15,10,123,intervention,0.2918550480624866
15,30,123,intervention,0.6432532111676643
18,10,123,intervention,0.34966897549730414
18,30,123,intervention,0.564413938552852
21,10,123,intervention,0.179951150401351
21,30,123,intervention,0.3739230017951903
24,10,123,intervention,0.2195212211492663
24,30,123,intervention,0.2682164796994099
27,10,123,intervention,0.09381250814299864
27,30,123,intervention,0.3153476862795138
30,10,123,intervention,0.10995573917242484
30,30,123,intervention,0.3972817666910359
33,10,123,intervention,0.01192201490964038
33,30,123,intervention,0.03761368285464266
36,10,123,intervention,0.06370678784328665
36,30,123,intervention,0.03427596172899493
39,10,123,intervention,-0.00808038235299695
39,30,123,intervention,-0.0428838491423157
42,10,123,intervention,0.02006024859999945
42,30,123,intervention,-0.0374301675555629
45,10,123,intervention,-0.0106249196862421
45,30,123,intervention,0.01355692720398035
48,10,123,intervention,0.0925745770698362
48,30,123,intervention,-0.04516141199610407
0,10,124,intervention,0.20130474657627287
0,30,124,intervention,0.39473132503013986
3,10,124,intervention,0.180354885142096
3,30,124,intervention,0.4649655832060154
6,10,124,intervention,0.23126755090060283
6,30,124,intervention,0.3888575476979398
9,10,124,intervention,0.17915770078801818
9,30,124,intervention,0.4147536858073747
12,10,124,intervention,0.14293394710820503
12,30,124,intervention,0.28624521134343645
15,10,124,intervention,0.15511470743790343
15,30,124,intervention,0.3314038492345199
18,10,124,intervention,0.0779281446362157
18,30,124,intervention,0.236703109409374
21,10,124,intervention,0.11580641106426806
21,30,124,intervention,0.20311359535360193
24,10,124,intervention,0.10840168294430906
24,30,124,intervention,0.111771474525168
27,10,124,intervention,0.05754940892040162
27,30,124,intervention,0.12258678817969476
30,10,124,intervention,0.02824191419728395
30,30,124,intervention,0.07309719815949477
33,10,124,intervention,0.03343330982470126
33,30,124,intervention,0.02548537046725003
36,10,124,intervention,0.01230050044546226
36,30,124,intervention,-0.01204385642125232
39,10,124,intervention,-0.02597724401651723
39,30,124,intervention,-0.02948605527592836
42,10,124,intervention,0.036034468199729
42,30,124,intervention,-0.03862738492870924
45,10,124,intervention,0.02431483988152128
45,30,124,intervention,-0.05152676336053723
48,10,124,intervention,0.04026922503171452
48,30,124,intervention,0.02775837753585387
0,10,125,intervention,0.5042124381109334
0,30,125,intervention,0.7758296001737167
3,10,125,intervention,0.4191521000918041
3,30,125,intervention,0.84885825055016
6,10,125,intervention,0.47534617493628234
6,30,125,intervention,0.8315113381415475
9,10,125,intervention,0.3985413211457266
9,30,125,intervention,0.7251891378994602
12,10,125,intervention,0.1934662135537528
12,30,125,intervention,0.4936871705348353
15,10,125,intervention,0.2991920090610493
15,30,125,intervention,0.5577948751907784
18,10,125,intervention,0.23332593459998385
18,30,125,intervention,0.5698545089303398
21,10,125,intervention,0.13264524656795346
21,30,125,intervention,0.49813540038188214
24,10,125,intervention,0.09160652210762654
24,30,125,intervention,0.2213234154510134
27,10,125,intervention,0.1918887857333939
27,30,125,intervention,0.34245871221526963
30,10,125,intervention,0.04733368911250607
30,30,125,intervention,0.33558841592668054
33,10,125,intervention,0.17690613205256667
33,30,125,intervention,0.12683584318533422
36,10,125,intervention,-0.02618963733150706
36,30,125,intervention,-0.00504975949891743
39,10,125,intervention,-0.02118910141756119
39,30,125,intervention,-0.06623054026721606
42,10,125,intervention,-0.01356874401167875
42,30,125,intervention,-0.10921451862454556
45,10,125,intervention,-0.0278760838931949
45,30,125,intervention,-0.12621208153298857
48,10,125,intervention,-0.12892205751359676
48,30,125,intervention,-0.16494314134082125
0,10,126,intervention,0.31886447196759193
0,30,126,intervention,0.5721841349165423
3,10,126,intervention,0.2900969001480474
3,30,126,intervention,0.6056368465132157
6,10,126,intervention,0.16099784367428616
6,30,126,intervention,0.4332257490495251
9,10,126,intervention,0.24467992258834653
9,30,126,intervention,0.534720276479415
12,10,126,intervention,0.21263766598073192
12,30,126,intervention,0.4621716274768803
15,10,126,intervention,0.12931728946603566
15,30,126,intervention,0.4470831846227269
18,10,126,intervention,0.23402602864789224
18,30,126,intervention,0.3826824534343729
21,10,126,intervention,0.2643563888512616
21,30,126,intervention,0.27660541814869605
24,10,126,intervention,0.17541488296051652
24,30,126,intervention,0.18958426109291687
27,10,126,intervention,0.07461335524203419
27,30,126,intervention,0.3060574569215472
30,10,126,intervention,0.09721921704114596
30,30,126,intervention,0.23518182115632297
33,10,126,intervention,-0.01325765039823857
33,30,126,intervention,0.02491520515121644
36,10,126,intervention,-0.06664560442646392
36,30,126,intervention,-0.00119082746330696
39,10,126,intervention,-0.03122069991379185
39,30,126,intervention,-0.05521570311133127
42,10,126,intervention,0.03094213473565622
42,30,126,intervention,-1.6705475704834e-4
45,10,126,intervention,-0.02191634360301747
45,30,126,intervention,-0.05524308005644405
48,10,126,intervention,-0.04217530986230518
48,30,126,intervention,-0.0207579281610798
0,10,127,intervention,0.1935256074942276
0,30,127,intervention,0.413360845781736
3,10,127,intervention,0.19318823228106508
3,30,127,intervention,0.42813595769101465
6,10,127,intervention,0.1770009633320572
6,30,127,intervention,0.45234728368398386
9,10,127,intervention,0.23416620675462224
9,30,127,intervention,0.33430208453387483
12,10,127,intervention,0.16793131515365764
12,30,127,intervention,0.36232320029000514
15,10,127,intervention,0.24832808470261863
15,30,127,intervention,0.34590491208095725
18,10,127,intervention,0.10667709234332888
18,30,127,intervention,0.25630334885100947
21,10,127,intervention,0.11168369705280816
21,30,127,intervention,0.2677382672167368
24,10,127,intervention,0.04587506928987423
24,30,127,intervention,0.12877839398031676
27,10,127,intervention,0.01666395876000547
27,30,127,intervention,0.18176024262772889
30,10,127,intervention,0.0226516495734548
30,30,127,intervention,0.1181985622162664
33,10,127,intervention,0.06355681429340089
33,30,127,intervention,0.07207491990847507
36,10,127,intervention,-0.04839409219543594
36,30,127,intervention,0.009403445856928
39,10,127,intervention,-0.0785350475471299
39,30,127,intervention,-0.08034406154222433
42,10,127,intervention,0.03099890355040733
42,30,127,intervention,-0.06489550080987506
45,10,127,intervention,-0.04184276217162096
45,30,127,intervention,-0.02375938136243941
48,10,127,intervention,0.00633005224328879
48,30,127,intervention,-0.01085327047550245
0,10,128,intervention,0.14386205360100637
0,30,128,intervention,0.24883421521521984
3,10,128,intervention,0.18529189147348848
3,30,128,intervention,0.2531049645634777
6,10,128,intervention,0.14952550429549272
6,30,128,intervention,0.3175962604581273
9,10,128,intervention,0.09481545692997244
9,30,128,intervention,0.21228173272626963
12,10,128,intervention,0.10313878937406834
12,30,128,intervention,0.1851643804358283
15,10,128,intervention,0.12134319438763096
15,30,128,intervention,0.187519935956817
18,10,128,intervention,0.10574338068386634
18,30,128,intervention,0.17099962526651763
21,10,128,intervention,-0.0194649130463878
21,30,128,intervention,0.12249865182230986
24,10,128,intervention,0.05269129081488062
24,30,128,intervention,0.04694295730201119
27,10,128,intervention,0.04121993615109867
27,30,128,intervention,0.07311936668479035
30,10,128,intervention,-0.02557989647988059
30,30,128,intervention,0.0544784150361799
33,10,128,intervention,0.0632466419289829
33,30,128,intervention,0.00131667663369879
36,10,128,intervention,-0.03097167273048018
36,30,128,intervention,-0.06759206592221664
39,10,128,intervention,0.01378922986203165
39,30,128,intervention,-0.06432624028032717
42,10,128,intervention,-0.04545909836894753
42,30,128,intervention,-0.06193410483864587
45,10,128,intervention,-3.4749425197273e-4
45,30,128,intervention,-0.04594565235565455
48,10,128,intervention,-0.05095414857635276
48,30,128,intervention,-0.03490568031658424
0,10,129,intervention,0.1540718954137485
0,30,129,intervention,0.49759714957153023
3,10,129,intervention,0.23040931724804037
3,30,129,intervention,0.4465616036932761
6,10,129,intervention,0.2093121041921847
6,30,129,intervention,0.4559553274584995
9,10,129,intervention,0.28381623116623717
9,30,129,intervention,0.4629253647042797
12,10,129,intervention,0.18769797695013224
12,30,129,intervention,0.3612485821857323
15,10,129,intervention,0.16034685407320146
15,30,129,intervention,0.31953586667127354
18,10,129,intervention,0.1321498962457361
18,30,129,intervention,0.32272143078299315
21,10,129,intervention,0.1073373142363374
21,30,129,intervention,0.15909344687486934
24,10,129,intervention,0.13476431023861582
24,30,129,intervention,0.1787168597710062
27,10,129,intervention,0.11482688440676804
27,30,129,intervention,0.17587384230759098
30,10,129,intervention,0.1291273455838692
30,30,129,intervention,0.15746645051571934
33,10,129,intervention,0.0798487460154589
33,30,129,intervention,0.04658206494200698
36,10,129,intervention,0.01010714915718592
36,30,129,intervention,-0.04270055310523997
39,10,129,intervention,-0.02312898395570236
39,30,129,intervention,-0.04607088891514256
42,10,129,intervention,-0.08766812293465001
42,30,129,intervention,-0.01162341749189203
45,10,129,intervention,0.05304691978691178
45,30,129,intervention,-0.01798465221960202
48,10,129,intervention,0.0399931047433625
48,30,129,intervention,0.00945053983102015
0,10,13,intervention,0.2726564999778662
0,30,13,intervention,0.7233095301414288
3,10,13,intervention,0.40581376799388913
3,30,13,intervention,0.6735244347516038
6,10,13,intervention,0.3430208742628259
6,30,13,intervention,0.727796119551864
9,10,13,intervention,0.32124224816386143
9,30,13,intervention,0.6062795402937344
12,10,13,intervention,0.29930803566536424
12,30,13,intervention,0.6626042735000893
15,10,13,intervention,0.344901317275712
15,30,13,intervention,0.6230340286161068
18,10,13,intervention,0.2968971785999629
18,30,13,intervention,0.5271469348605602
21,10,13,intervention,0.3036886774632799
21,30,13,intervention,0.5011223348562903
24,10,13,intervention,0.08188192636264548
24,30,13,intervention,0.4542462827260963
27,10,13,intervention,0.240484626797553
27,30,13,intervention,0.3629560436427238
30,10,13,intervention,0.28838562352253916
30,30,13,intervention,0.3228676726193934
33,10,13,intervention,0.1649833206752665
33,30,13,intervention,0.1944143799961479
36,10,13,intervention,-0.01367236990485013
36,30,13,intervention,0.07125727130408457
39,10,13,intervention,-0.03683395928509644
39,30,13,intervention,0.07284785399380353
42,10,13,intervention,-0.03492764109917418
42,30,13,intervention,0.03188612304929528
45,10,13,intervention,-0.0194672679435297
45,30,13,intervention,-0.0084878599098495
48,10,13,intervention,-0.08394651617873075
48,30,13,intervention,0.01685926777532172
0,10,130,intervention,0.06423832000422278
0,30,130,intervention,0.18268983915212336
3,10,130,intervention,0.05885375642282087
3,30,130,intervention,0.1480855460274053
6,10,130,intervention,0.1261635215237874
6,30,130,intervention,0.1840117531326912
9,10,130,intervention,0.00667252035977848
9,30,130,intervention,0.12344222904305582
12,10,130,intervention,-0.00426036927210368
12,30,130,intervention,0.11629713907330765
15,10,130,intervention,0.07579712144091712
15,30,130,intervention,0.11043151615396486
18,10,130,intervention,-0.00864646539301405
18,30,130,intervention,0.10687660277287608
21,10,130,intervention,-0.03562824667208726
21,30,130,intervention,0.0829347808329069
24,10,130,intervention,0.02620491726698342
24,30,130,intervention,0.04224874597021049
27,10,130,intervention,0.00581649477536569
27,30,130,intervention,0.0211952677468319
30,10,130,intervention,0.0526573671145249
30,30,130,intervention,0.01393258141168698
33,10,130,intervention,-0.01536193622246436
33,30,130,intervention,-0.01808158751739244
36,10,130,intervention,-0.05584844526530701
36,30,130,intervention,-0.07842059657023402
39,10,130,intervention,-0.03221129784219546
39,30,130,intervention,-0.04740646769463252
42,10,130,intervention,-0.04169878033505219
42,30,130,intervention,-0.04680822385807921
45,10,130,intervention,-0.02898807064316258
45,30,130,intervention,-0.02936966857757803
48,10,130,intervention,-0.01205436937996448
48,30,130,intervention,-0.05516843829081026
0,10,131,intervention,0.3073298856744055
0,30,131,intervention,0.6642200957023888
3,10,131,intervention,0.4056190976249807
3,30,131,intervention,0.7404836528575485
6,10,131,intervention,0.31188570934947735
6,30,131,intervention,0.6543007075612274
9,10,131,intervention,0.2202541877725581
9,30,131,intervention,0.5595375204392734
12,10,131,intervention,0.2764708982302583
12,30,131,intervention,0.5046870649493197
15,10,131,intervention,0.1809808565550584
15,30,131,intervention,0.5037444584188251
18,10,131,intervention,0.27553258322603164
18,30,131,intervention,0.48613122737416575
21,10,131,intervention,0.2194683157350822
21,30,131,intervention,0.391758172495375
24,10,131,intervention,-0.00829147219786025
24,30,131,intervention,0.2656875334052231
27,10,131,intervention,0.06927826786040897
27,30,131,intervention,0.2607179524790951
30,10,131,intervention,-0.01081601217702537
30,30,131,intervention,0.2293855847991012
33,10,131,intervention,0.06913265434057297
33,30,131,intervention,0.04452864526746865
36,10,131,intervention,-0.07626257914137086
36,30,131,intervention,-0.03633415460493049
39,10,131,intervention,-0.04122647306386993
39,30,131,intervention,-0.11359785924625596
42,10,131,intervention,-0.0315176974152836
42,30,131,intervention,-0.05568133801551387
45,10,131,intervention,-0.07487199353238497
45,30,131,intervention,-0.07023937092469497
48,10,131,intervention,-0.01253014044207619
48,30,131,intervention,-0.04210393171807428
0,10,132,intervention,0.20304350452312347
0,30,132,intervention,0.5254603915219099
3,10,132,intervention,0.2842355327113229
3,30,132,intervention,0.5076645657987529
6,10,132,intervention,0.1536572377588498
6,30,132,intervention,0.4407577505393011
9,10,132,intervention,0.2208104209012897
9,30,132,intervention,0.40620019326200607
12,10,132,intervention,0.19543042350878995
12,30,132,intervention,0.34828586448618454
15,10,132,intervention,0.21280198361369948
15,30,132,intervention,0.3816259472785595
18,10,132,intervention,0.01758007865979494
18,30,132,intervention,0.3405011075086432
21,10,132,intervention,0.09234049512950177
21,30,132,intervention,0.274971593031008
24,10,132,intervention,0.04346674142505924
24,30,132,intervention,0.19285394997811947
27,10,132,intervention,0.13760909300440383
27,30,132,intervention,0.17444989185994858
30,10,132,intervention,0.01859358272786699
30,30,132,intervention,0.16487066237057835
33,10,132,intervention,-0.05234364455421008
33,30,132,intervention,0.04207283744159949
36,10,132,intervention,-0.00325715657854499
36,30,132,intervention,0.00836089740048225
39,10,132,intervention,-3.3063214397862e-4
39,30,132,intervention,0.01842664594066292
42,10,132,intervention,-0.02837447720481598
42,30,132,intervention,-0.00922344388255595
45,10,132,intervention,0.0396268719421968
45,30,132,intervention,0.02289128297055467
48,10,132,intervention,-0.01675571300477756
48,30,132,intervention,0.00563428057543265
0,10,133,intervention,0.25556493109836653
0,30,133,intervention,0.5234545715956169
3,10,133,intervention,0.2866533079863402
3,30,133,intervention,0.5717248842221674
6,10,133,intervention,0.26142331603502295
6,30,133,intervention,0.5708420803374764
9,10,133,intervention,0.26738237460579845
9,30,133,intervention,0.49104693277557254
12,10,133,intervention,0.22773068517883216
12,30,133,intervention,0.3806621084969792
15,10,133,intervention,0.2343717188112031
15,30,133,intervention,0.5270776734472898
18,10,133,intervention,0.3026316070754424
18,30,133,intervention,0.5289760128119045
21,10,133,intervention,0.16294074989642504
21,30,133,intervention,0.358167751204449
24,10,133,intervention,0.06712055231552008
24,30,133,intervention,0.16665418477159263
27,10,133,intervention,0.1816305934918992
27,30,133,intervention,0.27656001353736603
30,10,133,intervention,0.08204524579557596
30,30,133,intervention,0.21763360008876076
33,10,133,intervention,-0.00998693905705874
33,30,133,intervention,0.08678245945190072
36,10,133,intervention,0.03585170824290543
36,30,133,intervention,-0.00107739244715739
39,10,133,intervention,-0.09741042753839274
39,30,133,intervention,-0.01471889250283444
42,10,133,intervention,0.00952147089234477
42,30,133,intervention,0.0307507536318988
45,10,133,intervention,-0.02262385581521101
45,30,133,intervention,-0.02613575488903519
48,10,133,intervention,7.396310657313e-4
48,30,133,intervention,0.00118639030364233
0,10,134,intervention,0.2715109212819577
0,30,134,intervention,0.5187421778133261
3,10,134,intervention,0.2898299778769514
3,30,134,intervention,0.4949017295215497
6,10,134,intervention,0.22057200391081447
6,30,134,intervention,0.5568477842888998
9,10,134,intervention,0.29954354728724625
9,30,134,intervention,0.4874423168488152
12,10,134,intervention,0.29909165636440016
12,30,134,intervention,0.4347913027930778
15,10,134,intervention,0.1838861357654102
15,30,134,intervention,0.4780261488001792
18,10,134,intervention,0.29823305158054975
18,30,134,intervention,0.5019604616178555
21,10,134,intervention,0.16531886836667284
21,30,134,intervention,0.37580011031595656
24,10,134,intervention,0.04880759256914187
24,30,134,intervention,0.2673690347537393
27,10,134,intervention,0.15302206787021702
27,30,134,intervention,0.23674082086904863
30,10,134,intervention,0.21489415347620175
30,30,134,intervention,0.2803701633817827
33,10,134,intervention,0.0559004204452752
33,30,134,intervention,0.09950831524174146
36,10,134,intervention,0.04494041283368189
36,30,134,intervention,0.07132051494925498
39,10,134,intervention,0.0205559760165952
39,30,134,intervention,0.04551569476127708
42,10,134,intervention,0.03433000064245921
42,30,134,intervention,4.3423251769123e-4
45,10,134,intervention,-0.01896116810869589
45,30,134,intervention,0.07159942893784682
48,10,134,intervention,0.09490441189400578
48,30,134,intervention,0.03447938878427294
0,10,135,intervention,0.48598305360330296
0,30,135,intervention,0.7781439305573679
3,10,135,intervention,0.4268413946021155
3,30,135,intervention,0.8224179828777034
6,10,135,intervention,0.2492643881900507
6,30,135,intervention,0.7003614537276311
9,10,135,intervention,0.217512002803321
9,30,135,intervention,0.7415340783399365
12,10,135,intervention,0.2506325721568508
12,30,135,intervention,0.5521698851633214
15,10,135,intervention,0.2705245202064134
15,30,135,intervention,0.6372233985816439
18,10,135,intervention,0.1855263291023229
18,30,135,intervention,0.5567308284176135
21,10,135,intervention,0.1892633088198883
21,30,135,intervention,0.43651860000424486
24,10,135,intervention,0.09683187797225792
24,30,135,intervention,0.3362260959888826
27,10,135,intervention,0.16976957252796004
27,30,135,intervention,0.3898189883151142
30,10,135,intervention,0.0828861109090966
30,30,135,intervention,0.30756538771912845
33,10,135,intervention,0.0804428051702976
33,30,135,intervention,0.06741820291283444
36,10,135,intervention,0.02583434426979624
36,30,135,intervention,-0.00819985408463734
39,10,135,intervention,-0.03190083775275659
39,30,135,intervention,-0.01718301300804257
42,10,135,intervention,0.05067688896748967
42,30,135,intervention,0.02777849723187068
45,10,135,intervention,0.02172393469169655
45,30,135,intervention,-0.00105443403846195
48,10,135,intervention,-0.0963879763016503
48,30,135,intervention,-0.03605598860890183
0,10,136,intervention,0.4475990574083913
0,30,136,intervention,0.7216003237274708
3,10,136,intervention,0.32276085400631577
3,30,136,intervention,0.6352327191825307
6,10,136,intervention,0.31018157051886214
6,30,136,intervention,0.7121280006617412
9,10,136,intervention,0.3682141015763787
9,30,136,intervention,0.5265618771043904
12,10,136,intervention,0.30278782854393455
12,30,136,intervention,0.5172797832400666
15,10,136,intervention,0.2510121098077105
15,30,136,intervention,0.5127300730391777
18,10,136,intervention,0.2819604751748497
18,30,136,intervention,0.38377501245910545
21,10,136,intervention,0.1310878659213176
21,30,136,intervention,0.26875108765407585
24,10,136,intervention,0.11351668452243197
24,30,136,intervention,0.31635079059363297
27,10,136,intervention,0.08125865394431508
27,30,136,intervention,0.2730547586514599
30,10,136,intervention,0.11434940037956765
30,30,136,intervention,0.13257150756573413
33,10,136,intervention,-0.02858958856710303
33,30,136,intervention,0.04318885712465603
36,10,136,intervention,-0.01385060231891505
36,30,136,intervention,-0.02885053769767252
39,10,136,intervention,-0.0961643339208064
39,30,136,intervention,-0.0901132921670065
42,10,136,intervention,-0.0670040226300777
42,30,136,intervention,-0.1065983947400791
45,10,136,intervention,-0.10372063431681253
45,30,136,intervention,-0.07927901220270923
48,10,136,intervention,-0.03654147002554508
48,30,136,intervention,-0.0412926106912912
0,10,137,intervention,0.2854425360939781
0,30,137,intervention,0.46157768910647984
3,10,137,intervention,0.2187580145272376
3,30,137,intervention,0.4485581773839374
6,10,137,intervention,0.16802598406847088
6,30,137,intervention,0.4380169018274213
9,10,137,intervention,0.114624459111944
9,30,137,intervention,0.3606447370741472
12,10,137,intervention,0.2012420460568503
12,30,137,intervention,0.3446403866442791
15,10,137,intervention,0.17972409096732417
15,30,137,intervention,0.30436075102710264
18,10,137,intervention,0.15561160034883872
18,30,137,intervention,0.29959765156800733
21,10,137,intervention,0.188122709071876
21,30,137,intervention,0.195423612728528
24,10,137,intervention,0.09386141626292537
24,30,137,intervention,0.1746037087200419
27,10,137,intervention,0.05824988310016408
27,30,137,intervention,0.16524998216837933
30,10,137,intervention,0.00123280545819711
30,30,137,intervention,0.10786923638719012
33,10,137,intervention,0.05103482892747239
33,30,137,intervention,0.02925802721779756
36,10,137,intervention,-0.11652286054476972
36,30,137,intervention,-0.04307527981114759
39,10,137,intervention,0.00380381206875836
39,30,137,intervention,-0.04630912607736986
42,10,137,intervention,-0.1234790407686906
42,30,137,intervention,-0.07090379600327149
45,10,137,intervention,-0.06475629267730053
45,30,137,intervention,-0.0791409601396159
48,10,137,intervention,0.0017665480225091
48,30,137,intervention,-0.04080700223550557
0,10,138,intervention,0.17886886238868954
0,30,138,intervention,0.4506232186703123
3,10,138,intervention,0.23643287574341337
3,30,138,intervention,0.40719554970345545
6,10,138,intervention,0.12032736639185398
6,30,138,intervention,0.47117443550138366
9,10,138,intervention,0.22811944393836217
9,30,138,intervention,0.39455377679829107
12,10,138,intervention,0.12804932999659113
12,30,138,intervention,0.3259908709374393
15,10,138,intervention,0.06292205610918107
15,30,138,intervention,0.2773048128219638
18,10,138,intervention,0.10644508415570114
18,30,138,intervention,0.3634477577212832
21,10,138,intervention,0.08815858421020453
21,30,138,intervention,0.2835744683301537
24,10,138,intervention,0.0968279464827035
24,30,138,intervention,0.17484887191238255
27,10,138,intervention,0.12046778481302851
27,30,138,intervention,0.14183926722367937
30,10,138,intervention,0.06601589737147273
30,30,138,intervention,0.137401739305204
33,10,138,intervention,-0.02321488101141322
33,30,138,intervention,0.03916870627095408
36,10,138,intervention,-0.10444078449086416
36,30,138,intervention,-0.05576774835252449
39,10,138,intervention,-0.09236819846327424
39,30,138,intervention,-0.04467382973369172
42,10,138,intervention,-0.03269357453083715
42,30,138,intervention,-0.0879894998831514
45,10,138,intervention,-0.063860210950207
45,30,138,intervention,-0.06269499514957717
48,10,138,intervention,-0.00894689061098322
48,30,138,intervention,-0.04011394768238278
0,10,139,intervention,0.2817021291653606
0,30,139,intervention,0.6243209187786524
3,10,139,intervention,0.2665084486099897
3,30,139,intervention,0.5730728853000604
6,10,139,intervention,0.31054995577750766
6,30,139,intervention,0.5390421647906893
9,10,139,intervention,0.32984312612242644
9,30,139,intervention,0.54656751084256
12,10,139,intervention,0.26889389102445754
12,30,139,intervention,0.5005787113300371
15,10,139,intervention,0.14762351930524864
15,30,139,intervention,0.44682768005563706
18,10,139,intervention,0.20834479717094892
18,30,139,intervention,0.39475976480200325
21,10,139,intervention,0.23834060086115444
21,30,139,intervention,0.35150841462688504
24,10,139,intervention,0.15826823985253624
24,30,139,intervention,0.24878605965603684
27,10,139,intervention,0.08869382715376516
27,30,139,intervention,0.2792476536860045
30,10,139,intervention,0.05683590552422049
30,30,139,intervention,0.22297183097452852
33,10,139,intervention,0.08220329959852041
33,30,139,intervention,0.01791888318123955
36,10,139,intervention,-0.02400985354850224
36,30,139,intervention,-0.04301478627925571
39,10,139,intervention,-0.05602704042984886
39,30,139,intervention,0.01687424133101328
42,10,139,intervention,-0.03892312697850114
42,30,139,intervention,0.0466975571259485
45,10,139,intervention,0.05203002296292445
45,30,139,intervention,0.11055249631792877
48,10,139,intervention,0.0678904987812856
48,30,139,intervention,0.00297659863351302
0,10,14,intervention,0.19572525699644452
0,30,14,intervention,0.38730587262357624
3,10,14,intervention,0.171941967327311
3,30,14,intervention,0.35601319418170846
6,10,14,intervention,0.1664398499957077
6,30,14,intervention,0.3248125028183331
9,10,14,intervention,0.16019070343506073
9,30,14,intervention,0.3574828149086738
12,10,14,intervention,0.10865323278768543
12,30,14,intervention,0.30527291834914094
15,10,14,intervention,0.12078172846321449
15,30,14,intervention,0.30356440225370007
18,10,14,intervention,0.15212389888240543
18,30,14,intervention,0.24968303246750265
21,10,14,intervention,0.14345386453681544
21,30,14,intervention,0.24436652196468336
24,10,14,intervention,0.09638965586568551
24,30,14,intervention,0.14852355139727744
27,10,14,intervention,0.08328937217333231
27,30,14,intervention,0.21981587556485505
30,10,14,intervention,0.04539275004418577
30,30,14,intervention,0.11599458150442084
33,10,14,intervention,0.1047944906704208
33,30,14,intervention,0.05596585452415389
36,10,14,intervention,0.03422207741214282
36,30,14,intervention,0.03394720040427895
39,10,14,intervention,0.02647411002168064
39,30,14,intervention,0.03115567189373606
42,10,14,intervention,0.00175718516327545
42,30,14,intervention,0.02583756400737889
45,10,14,intervention,0.03276015490833026
45,30,14,intervention,0.06011365220115606
48,10,14,intervention,0.01415059632418689
48,30,14,intervention,0.02652293867782307
0,10,140,intervention,0.4161889242644392
0,30,140,intervention,0.8661732373611368
3,10,140,intervention,0.4930965937814989
3,30,140,intervention,0.8407703182098705
6,10,140,intervention,0.4479948855576033
6,30,140,intervention,0.8274607879008175
9,10,140,intervention,0.4453686143424806
9,30,140,intervention,0.7173755024878696
12,10,140,intervention,0.5137754082267961
12,30,140,intervention,0.7707960168277178
15,10,140,intervention,0.46306835337241553
15,30,140,intervention,0.7823045337806769
18,10,140,intervention,0.22985388879831872
18,30,140,intervention,0.7576557034288794
21,10,140,intervention,0.28660262707359335
21,30,140,intervention,0.5577817437897806
24,10,140,intervention,0.3788077676970985
24,30,140,intervention,0.4371109174871208
27,10,140,intervention,0.2551738529652919
27,30,140,intervention,0.5079990137254139
30,10,140,intervention,0.22986788608097633
30,30,140,intervention,0.40785614941490544
33,10,140,intervention,0.18264682199749743
33,30,140,intervention,0.20820774012149904
36,10,140,intervention,0.04402563959206893
36,30,140,intervention,0.06206848375293732
39,10,140,intervention,0.08672755941342884
39,30,140,intervention,0.04642299497576267
42,10,140,intervention,-0.05692046354195712
42,30,140,intervention,0.02282126016200687
45,10,140,intervention,0.03965873578789506
45,30,140,intervention,0.08414677361436611
48,10,140,intervention,0.05907721386655132
48,30,140,intervention,0.11747272731679506
0,10,141,intervention,0.12944787722643775
0,30,141,intervention,0.2634172401018512
3,10,141,intervention,0.09519657198298362
3,30,141,intervention,0.25482615864422387
6,10,141,intervention,0.17602997360702805
6,30,141,intervention,0.27556630831944146
9,10,141,intervention,0.16466946852839792
9,30,141,intervention,0.2574706767544122
12,10,141,intervention,0.09221151300248272
12,30,141,intervention,0.1784978202963876
15,10,141,intervention,0.06295892059050595
15,30,141,intervention,0.2151601029672554
18,10,141,intervention,0.05243481785572246
18,30,141,intervention,0.14386155465211217
21,10,141,intervention,0.06013922181934814
21,30,141,intervention,0.13213899628298695
24,10,141,intervention,0.06808215613553693
24,30,141,intervention,0.15534458520687094
27,10,141,intervention,0.09462577328531188
27,30,141,intervention,0.08287870619541374
30,10,141,intervention,0.04335053271224559
30,30,141,intervention,0.12391819962839762
33,10,141,intervention,0.02977503744617572
33,30,141,intervention,0.013437524769605
36,10,141,intervention,0.01136626762877859
36,30,141,intervention,-0.02333117202905518
39,10,141,intervention,0.01935846791852994
39,30,141,intervention,0.0010545013192927
42,10,141,intervention,0.01714317106629128
42,30,141,intervention,-0.00552015764450131
45,10,141,intervention,-0.01031097815315134
45,30,141,intervention,0.01919970785808317
48,10,141,intervention,-0.04532561908833376
48,30,141,intervention,-0.01428283391214801
0,10,142,intervention,0.30358867605137013
0,30,142,intervention,0.7011051039937929
3,10,142,intervention,0.3130502536968504
3,30,142,intervention,0.7375378312589497
6,10,142,intervention,0.35183023141237346
6,30,142,intervention,0.8010921599698145
9,10,142,intervention,0.15140249947917783
9,30,142,intervention,0.6347118734849496
12,10,142,intervention,0.129568950580584
12,30,142,intervention,0.5516325847118436
15,10,142,intervention,0.159671414339151
15,30,142,intervention,0.6355110414900355
18,10,142,intervention,0.21250804701908577
18,30,142,intervention,0.5598222593641111
21,10,142,intervention,0.19007447512731457
21,30,142,intervention,0.41138436482572266
24,10,142,intervention,0.0902013439111438
24,30,142,intervention,0.3012234835528948
27,10,142,intervention,0.04876472626647149
27,30,142,intervention,0.30781013141343644
30,10,142,intervention,0.06504714951008186
30,30,142,intervention,0.2752891690617006
33,10,142,intervention,0.05783207161100363
33,30,142,intervention,0.0887880892748703
36,10,142,intervention,-0.01831771635760216
36,30,142,intervention,-0.07242785828145638
39,10,142,intervention,-0.03331054190420109
39,30,142,intervention,-0.052132696796012117
42,10,142,intervention,-0.01855273346702208
42,30,142,intervention,-0.04888234414977524
45,10,142,intervention,-0.04432324492059054
45,30,142,intervention,-0.02397348140093404
48,10,142,intervention,-0.02022675629491685
48,30,142,intervention,-0.06434380519483857
0,10,143,intervention,0.3800786698830642
0,30,143,intervention,0.640824156956187
3,10,143,intervention,0.3210199448352238
3,30,143,intervention,0.7078976070913587
6,10,143,intervention,0.32086225823533926
6,30,143,intervention,0.6549991967274087
9,10,143,intervention,0.19683042982230337
9,30,143,intervention,0.5741571165378723
12,10,143,intervention,0.25339355068992475
12,30,143,intervention,0.5242543151519478
15,10,143,intervention,0.309068187625087
15,30,143,intervention,0.524032181075465
18,10,143,intervention,0.2730682854422954
18,30,143,intervention,0.5247257786553657
21,10,143,intervention,0.12341437017356131
21,30,143,intervention,0.4553239137707482
24,10,143,intervention,0.19489494000918892
24,30,143,intervention,0.4063123079220912
27,10,143,intervention,0.2673274198344405
27,30,143,intervention,0.43733016164288335
30,10,143,intervention,0.16638436499541856
30,30,143,intervention,0.35388823186870744
33,10,143,intervention,0.04875961478164829
33,30,143,intervention,0.137029328777952
36,10,143,intervention,0.07483548130468559
36,30,143,intervention,0.09322675477707512
39,10,143,intervention,0.01810477952617539
39,30,143,intervention,0.1236108449186596
42,10,143,intervention,0.09640777152127424
42,30,143,intervention,0.11115220104488065
45,10,143,intervention,0.05537159310779977
45,30,143,intervention,0.07448905572842737
48,10,143,intervention,0.05559967226506885
48,30,143,intervention,0.09525337533622288
0,10,144,intervention,0.14620818739158922
0,30,144,intervention,0.30013165057606
3,10,144,intervention,0.10707059626603475
3,30,144,intervention,0.3468428022449868
6,10,144,intervention,0.10575163082901268
6,30,144,intervention,0.25654663364730096
9,10,144,intervention,0.05270786044551874
9,30,144,intervention,0.24878668921805688
12,10,144,intervention,0.12422647105337456
12,30,144,intervention,0.2245941342965947
15,10,144,intervention,0.13033412244259193
15,30,144,intervention,0.2174554019266358
18,10,144,intervention,0.14078376949089758
18,30,144,intervention,0.2380932473602299
21,10,144,intervention,0.08993573743345418
21,30,144,intervention,0.17302834531058392
24,10,144,intervention,0.03571242582681785
24,30,144,intervention,0.14765707658848296
27,10,144,intervention,0.05261469550042448
27,30,144,intervention,0.14351826892750863
30,10,144,intervention,0.13948319889620386
30,30,144,intervention,0.14824674113762704
33,10,144,intervention,0.12350874661090076
33,30,144,intervention,0.06766907483518492
36,10,144,intervention,0.04542673980554999
36,30,144,intervention,0.02507139067151199
39,10,144,intervention,0.03667566818466495
39,30,144,intervention,0.0779123113786129
42,10,144,intervention,0.0406158018071453
42,30,144,intervention,0.02651083969967753
45,10,144,intervention,0.05816851238842531
45,30,144,intervention,0.0086082506124031
48,10,144,intervention,0.06693779346324583
48,30,144,intervention,0.05646899039655082
0,10,145,intervention,0.369340853982032
0,30,145,intervention,0.7042340037784478
3,10,145,intervention,0.4323906583144077
3,30,145,intervention,0.739987458433451
6,10,145,intervention,0.2999988097412384
6,30,145,intervention,0.626628367734321
9,10,145,intervention,0.20579755171954503
9,30,145,intervention,0.6070627252272028
12,10,145,intervention,0.2170996906374703
12,30,145,intervention,0.5569943668439915
15,10,145,intervention,0.25333238503902467
15,30,145,intervention,0.6096707815540929
18,10,145,intervention,0.35819064738414497
18,30,145,intervention,0.46812001737158
21,10,145,intervention,0.15179565296118985
21,30,145,intervention,0.29704748752754495
24,10,145,intervention,0.20314473112004375
24,30,145,intervention,0.2653793022318993
27,10,145,intervention,0.11988973425000662
27,30,145,intervention,0.272143674107645
30,10,145,intervention,0.08097385784528591
30,30,145,intervention,0.19570658287104445
33,10,145,intervention,0.00921454821819278
33,30,145,intervention,0.11134907134823238
36,10,145,intervention,0.0535895418139864
36,30,145,intervention,0.06079052855214342
39,10,145,intervention,0.08115314319115988
39,30,145,intervention,0.01741974211121945
42,10,145,intervention,-0.00269781725023408
42,30,145,intervention,0.0591091108462265
45,10,145,intervention,-0.05924324955027755
45,30,145,intervention,0.02025900112557319
48,10,145,intervention,0.02603007230889549
48,30,145,intervention,-0.01691480645387021
0,10,146,intervention,0.20803892680897187
0,30,146,intervention,0.4125690417343808
3,10,146,intervention,0.2323529578389104
3,30,146,intervention,0.47429899915561774
6,10,146,intervention,0.2755301009661878
6,30,146,intervention,0.4475993219774552
9,10,146,intervention,0.25447699751710734
9,30,146,intervention,0.39961102220301264
12,10,146,intervention,0.1706781789824049
12,30,146,intervention,0.3200606349915509
15,10,146,intervention,0.22359432461405776
15,30,146,intervention,0.33314908400277793
18,10,146,intervention,0.18223049891881188
18,30,146,intervention,0.3125115453072524
21,10,146,intervention,0.12335224539908717
21,30,146,intervention,0.21406435949040023
24,10,146,intervention,0.05780526672246068
24,30,146,intervention,0.16338564841239592
27,10,146,intervention,0.0993854734867098
27,30,146,intervention,0.1911139924737258
30,10,146,intervention,0.08962571580979094
30,30,146,intervention,0.16312656214546184
33,10,146,intervention,0.04575814103887454
33,30,146,intervention,0.1103746913592508
36,10,146,intervention,0.01293545356259909
36,30,146,intervention,0.01331859440090399
39,10,146,intervention,-0.00930837638135534
39,30,146,intervention,0.0994328642855168
42,10,146,intervention,0.03951612093158629
42,30,146,intervention,0.01146324132442527
45,10,146,intervention,0.05507677255570867
45,30,146,intervention,0.03210579336890271
48,10,146,intervention,0.07583433065958296
48,30,146,intervention,-0.00413037929943081
0,10,147,intervention,0.23987661305348848
0,30,147,intervention,0.5281359345094426
3,10,147,intervention,0.26058789882751243
3,30,147,intervention,0.4901031369866883
6,10,147,intervention,0.19787411292381143
6,30,147,intervention,0.4500372091492133
9,10,147,intervention,0.24669915581550592
9,30,147,intervention,0.3633744711426022
12,10,147,intervention,0.10448675844192476
12,30,147,intervention,0.3503562448080593
15,10,147,intervention,0.1949959811183224
15,30,147,intervention,0.33192128118031056
18,10,147,intervention,0.1826222207492484
18,30,147,intervention,0.3594662254979777
21,10,147,intervention,0.06875274078124671
21,30,147,intervention,0.2891540328404479
24,10,147,intervention,0.06415964301844743
24,30,147,intervention,0.19186414457579673
27,10,147,intervention,0.06510290686456009
27,30,147,intervention,0.24559923488157953
30,10,147,intervention,0.09665050646402994
30,30,147,intervention,0.12298855042719152
33,10,147,intervention,0.00719542113496269
33,30,147,intervention,0.02367987129659879
36,10,147,intervention,-0.05124645580568006
36,30,147,intervention,0.02926406193214705
39,10,147,intervention,0.02790306822866675
39,30,147,intervention,0.00450643089748522
42,10,147,intervention,0.01569835634703321
42,30,147,intervention,0.04705941679106595
45,10,147,intervention,-0.04092085344074251
45,30,147,intervention,7.0530219936867e-4
48,10,147,intervention,-0.08346832484156864
48,30,147,intervention,-0.01798602486327285
0,10,148,intervention,0.15705319400543064
0,30,148,intervention,0.5004954580833271
3,10,148,intervention,0.22567103927170132
3,30,148,intervention,0.5476875284758851
6,10,148,intervention,0.03545389177928318
6,30,148,intervention,0.47233003726598327
9,10,148,intervention,0.1388921463086727
9,30,148,intervention,0.4694387614119522
12,10,148,intervention,0.2899584029365622
12,30,148,intervention,0.4569143281130948
15,10,148,intervention,0.15979355649532498
15,30,148,intervention,0.4108947062349612
18,10,148,intervention,0.08430109708966921
18,30,148,intervention,0.3588022410988333
21,10,148,intervention,0.10706549456303864
21,30,148,intervention,0.3429283356414062
24,10,148,intervention,0.12862719499436043
24,30,148,intervention,0.19534231942489877
27,10,148,intervention,0.0990653469381924
27,30,148,intervention,0.22411264613843832
30,10,148,intervention,0.07648799440939923
30,30,148,intervention,0.2288394056188128
33,10,148,intervention,0.02294111811533641
33,30,148,intervention,0.08937360573764075
36,10,148,intervention,-0.03877824207873685
36,30,148,intervention,-0.00365573405603796
39,10,148,intervention,0.06220193495586973
39,30,148,intervention,-9.2590245850791e-4
42,10,148,intervention,0.04416718003487155
42,30,148,intervention,0.02742296814329148
45,10,148,intervention,-0.01768946910081515
45,30,148,intervention,-0.04886811158992232
48,10,148,intervention,-0.00590183462662737
48,30,148,intervention,-0.01014449616936478
0,10,149,intervention,0.33983060412101085
0,30,149,intervention,0.6905750850023704
3,10,149,intervention,0.4533159381375955
3,30,149,intervention,0.752747647577253
6,10,149,intervention,0.296045028310096
6,30,149,intervention,0.6886252925563063
9,10,149,intervention,0.2385391796134164
9,30,149,intervention,0.62406094052616
12,10,149,intervention,0.3395276042596613
12,30,149,intervention,0.6183742931758014
15,10,149,intervention,0.16262406861100387
15,30,149,intervention,0.6049350383535217
18,10,149,intervention,0.24131527677734604
18,30,149,intervention,0.5715037145779013
21,10,149,intervention,0.1756228019398098
21,30,149,intervention,0.4099071961813292
24,10,149,intervention,0.24555138767269769
24,30,149,intervention,0.4461548706768758
27,10,149,intervention,0.16950027858267128
27,30,149,intervention,0.37668638847404584
30,10,149,intervention,0.243350139550437
30,30,149,intervention,0.3966672150154713
33,10,149,intervention,0.07728307733324861
33,30,149,intervention,0.2364957464863267
36,10,149,intervention,-0.04159103039388764
36,30,149,intervention,0.01208068578976643
39,10,149,intervention,0.08123220304475139
39,30,149,intervention,0.0568403510814503
42,10,149,intervention,0.01268093399355284
42,30,149,intervention,0.06192687710272825
45,10,149,intervention,0.10469772106840934
45,30,149,intervention,0.04575059041163688
48,10,149,intervention,0.10725472883509046
48,30,149,intervention,0.03592489412035881
0,10,15,intervention,0.4245393430276193
0,30,15,intervention,0.858264873734033
3,10,15,intervention,0.36643252645829344
3,30,15,intervention,0.6990479310378946
6,10,15,intervention,0.40887972999623423
6,30,15,intervention,0.8547408836829862
9,10,15,intervention,0.3618071948013857
9,30,15,intervention,0.6460743853107027
12,10,15,intervention,0.3042826886388792
12,30,15,intervention,0.6324667625416869
15,10,15,intervention,0.333774794592694
15,30,15,intervention,0.607461527914309
18,10,15,intervention,0.29294785612054225
18,30,15,intervention,0.5750031625465494
21,10,15,intervention,0.20365574657497745
21,30,15,intervention,0.42220814958346525
24,10,15,intervention,0.04678959518811082
24,30,15,intervention,0.4042777971710074
27,10,15,intervention,0.06303199701409909
27,30,15,intervention,0.31540522264956755
30,10,15,intervention,0.06480308369596002
30,30,15,intervention,0.31092937438121665
33,10,15,intervention,0.1318434070596079
33,30,15,intervention,0.18665259926919017
36,10,15,intervention,0.03228484183558743
36,30,15,intervention,0.05799768819734162
39,10,15,intervention,0.16619563905095533
39,30,15,intervention,0.05466609718551885
42,10,15,intervention,0.06318759702419628
42,30,15,intervention,0.06922597361578788
45,10,15,intervention,0.10220282210337205
45,30,15,intervention,0.03715822325317249
48,10,15,intervention,0.1118219591318781
48,30,15,intervention,0.08124803925102542
0,10,150,intervention,0.2208860829813167
0,30,150,intervention,0.44915933251513274
3,10,150,intervention,0.17973267199877546
3,30,150,intervention,0.4302466498284144
6,10,150,intervention,0.23301889876204268
6,30,150,intervention,0.44117471426239296
9,10,150,intervention,0.1429441031277195
9,30,150,intervention,0.3440757576955552
12,10,150,intervention,0.17761668235734945
12,30,150,intervention,0.3038275433916294
15,10,150,intervention,0.16594185485127397
15,30,150,intervention,0.34370913072492726
18,10,150,intervention,0.13154631993069626
18,30,150,intervention,0.26641187099468555
21,10,150,intervention,0.1183689332997008
21,30,150,intervention,0.22596338927447715
24,10,150,intervention,0.06064670779439968
24,30,150,intervention,0.21709032363380415
27,10,150,intervention,0.06247139677028865
27,30,150,intervention,0.18871256540864983
30,10,150,intervention,0.08975303189142766
30,30,150,intervention,0.09888621629425774
33,10,150,intervention,0.11372156828327364
33,30,150,intervention,0.06882808880826406
36,10,150,intervention,-0.01908330873940395
36,30,150,intervention,-0.05526617334092468
39,10,150,intervention,-0.00220102856061403
39,30,150,intervention,-0.00857767952083605
42,10,150,intervention,-0.06268302401174766
42,30,150,intervention,-0.0158294822438037
45,10,150,intervention,-0.01643810266860276
45,30,150,intervention,-0.05002646069894798
48,10,150,intervention,0.00442828793820668
48,30,150,intervention,-0.01603705803116423
0,10,151,intervention,0.1990937968508896
0,30,151,intervention,0.34509896165425497
3,10,151,intervention,0.22080863771665
3,30,151,intervention,0.3606142375509119
6,10,151,intervention,0.17199077695168602
6,30,151,intervention,0.3517451903487644
9,10,151,intervention,0.17560511223017766
9,30,151,intervention,0.38086117898060257
12,10,151,intervention,0.09714431827871248
12,30,151,intervention,0.2711864838204133
15,10,151,intervention,0.10033167259361515
15,30,151,intervention,0.2666479856008718
18,10,151,intervention,0.05371814888141977
18,30,151,intervention,0.20332746996323992
21,10,151,intervention,0.03225150759619679
21,30,151,intervention,0.1753589001344766
24,10,151,intervention,0.1122549508688578
24,30,151,intervention,0.17127263532314357
27,10,151,intervention,0.04371179382830618
27,30,151,intervention,0.1805522640520184
30,10,151,intervention,0.12018005810219291
30,30,151,intervention,0.20722245277061185
33,10,151,intervention,0.0545801955981221
33,30,151,intervention,0.1320136759304001
36,10,151,intervention,-0.00150076034129107
36,30,151,intervention,0.00145653928143886
39,10,151,intervention,-0.02082564742079638
39,30,151,intervention,0.04315640475244339
42,10,151,intervention,-0.03177095572822922
42,30,151,intervention,0.01162324537669698
45,10,151,intervention,-0.01580950132430229
45,30,151,intervention,0.02580094329409296
48,10,151,intervention,-0.03088669291689078
48,30,151,intervention,-0.01745000480425117
0,10,152,intervention,0.14355051419883436
0,30,152,intervention,0.32448098928095304
3,10,152,intervention,0.15474173681806674
3,30,152,intervention,0.39141528511915274
6,10,152,intervention,0.11831184777297096
6,30,152,intervention,0.27274054346638044
9,10,152,intervention,0.17953535177581356
9,30,152,intervention,0.31297921363159975
12,10,152,intervention,0.12008869068796615
12,30,152,intervention,0.25222111675199776
15,10,152,intervention,0.08188806496270733
15,30,152,intervention,0.22490287438005577
18,10,152,intervention,0.06697826368858585
18,30,152,intervention,0.2065244494256275
21,10,152,intervention,0.14514183421451557
21,30,152,intervention,0.1613873566941259
24,10,152,intervention,-0.0327757840693222
24,30,152,intervention,0.07643746321028248
27,10,152,intervention,0.08409951919477819
27,30,152,intervention,0.05715693054162639
30,10,152,intervention,0.0407389928747483
30,30,152,intervention,0.05205372197377479
33,10,152,intervention,-0.05544388158470125
33,30,152,intervention,0.00697980339242184
36,10,152,intervention,-0.03545170108599648
36,30,152,intervention,0.01150475492176083
39,10,152,intervention,-0.01413029668781447
39,30,152,intervention,-0.0181484726276591
42,10,152,intervention,-0.02340080978477145
42,30,152,intervention,-0.04195342522552724
45,10,152,intervention,-0.03231323910060919
45,30,152,intervention,-1.2798586019961e-4
48,10,152,intervention,-0.00253012656955226
48,30,152,intervention,-0.01838923999490564
0,10,153,intervention,0.20384125518970825
0,30,153,intervention,0.4266015468668088
3,10,153,intervention,0.18782263717512565
3,30,153,intervention,0.3864391794848947
6,10,153,intervention,0.1737793865916542
6,30,153,intervention,0.3754891138185403
9,10,153,intervention,0.1543260288078405
9,30,153,intervention,0.31827017219531023
12,10,153,intervention,0.10281899948090314
12,30,153,intervention,0.3209095133046851
15,10,153,intervention,0.15611377358469963
15,30,153,intervention,0.32206885737856233
18,10,153,intervention,0.1334283800097368
18,30,153,intervention,0.264609275318859
21,10,153,intervention,0.15568548673946855
21,30,153,intervention,0.2012215212492592
24,10,153,intervention,0.1013244461742344
24,30,153,intervention,0.1446193515560601
27,10,153,intervention,0.06891124473333182
27,30,153,intervention,0.2213727055408001
30,10,153,intervention,0.07623127143376762
30,30,153,intervention,0.18573605902416057
33,10,153,intervention,0.07971382316708218
33,30,153,intervention,0.13307889197800363
36,10,153,intervention,0.03206227380149234
36,30,153,intervention,0.0758817019512621
39,10,153,intervention,0.04244546298752692
39,30,153,intervention,0.04648861584371361
42,10,153,intervention,0.01611677328749647
42,30,153,intervention,0.06623324017034855
45,10,153,intervention,0.04836579019658364
45,30,153,intervention,0.04825986459336721
48,10,153,intervention,0.02479264145482105
48,30,153,intervention,0.0459294572136076
0,10,154,intervention,0.49653794976560006
0,30,154,intervention,1.0462322848109615
3,10,154,intervention,0.6079152449843489
3,30,154,intervention,1.1572101328528193
6,10,154,intervention,0.616028724173955
6,30,154,intervention,0.937841036976326
9,10,154,intervention,0.4766541704566793
9,30,154,intervention,0.8225870519384939
12,10,154,intervention,0.431413704982715
12,30,154,intervention,0.7572695759936696
15,10,154,intervention,0.44211974903796536
15,30,154,intervention,0.8414394381048298
18,10,154,intervention,0.5584827802660721
18,30,154,intervention,0.9351895514367912
21,10,154,intervention,0.18977490375372688
21,30,154,intervention,0.58130776341244506
24,10,154,intervention,0.10584448763524971
24,30,154,intervention,0.4421282916919796
27,10,154,intervention,0.3703229433325452
27,30,154,intervention,0.4722779632945498
30,10,154,intervention,0.34833861095741103
30,30,154,intervention,0.38189107533752453
33,10,154,intervention,0.03567262507705892
33,30,154,intervention,0.10776536813707772
36,10,154,intervention,-0.10259063834947518
36,30,154,intervention,-0.12407623124738552
39,10,154,intervention,-0.07787861311260681
39,30,154,intervention,-0.08861817225821977
42,10,154,intervention,-0.04521994714605908
42,30,154,intervention,-0.12013524930579968
45,10,154,intervention,-0.10860861850539338
45,30,154,intervention,-0.1306666273573136
48,10,154,intervention,-0.08439318505537495
48,30,154,intervention,-0.10026621733780508
0,10,155,intervention,0.18738628488216577
0,30,155,intervention,0.4629961541852513
3,10,155,intervention,0.14914245254605263
3,30,155,intervention,0.47928087274752185
6,10,155,intervention,0.28106820476614613
6,30,155,intervention,0.4363109915638124
9,10,155,intervention,0.105132708482058
9,30,155,intervention,0.31203280258752913
12,10,155,intervention,0.07989146663024588
12,30,155,intervention,0.31211952264931153
15,10,155,intervention,0.17505454656106054
15,30,155,intervention,0.2769966432753843
18,10,155,intervention,0.14526025042574744
18,30,155,intervention,0.2535791159359777
21,10,155,intervention,0.14845606108981566
21,30,155,intervention,0.19447960158609023
24,10,155,intervention,0.0756047838520589
24,30,155,intervention,0.15630884132862433
27,10,155,intervention,0.04633527068142277
27,30,155,intervention,0.1700773298392402
30,10,155,intervention,0.01498329641731584
30,30,155,intervention,0.08837105406913058
33,10,155,intervention,0.02949038276102833
33,30,155,intervention,0.08902892503555578
36,10,155,intervention,-0.00783897785383606
36,30,155,intervention,0.00216263272304543
39,10,155,intervention,0.01317862018950483
39,30,155,intervention,0.0226979297351924
42,10,155,intervention,-0.00481761958901326
42,30,155,intervention,0.02583117090676033
45,10,155,intervention,-0.02966716216195198
45,30,155,intervention,-0.01721964912565671
48,10,155,intervention,-0.01055029908873907
48,30,155,intervention,0.02573732281742096
0,10,156,intervention,0.22239078316367844
0,30,156,intervention,0.5404966027501953
3,10,156,intervention,0.18603285608490588
3,30,156,intervention,0.4878687085933441
6,10,156,intervention,0.28405595066729483
6,30,156,intervention,0.53405308520163
9,10,156,intervention,0.10774970496749275
9,30,156,intervention,0.42344652814602574
12,10,156,intervention,0.1813462158886676
12,30,156,intervention,0.47225832894150666
15,10,156,intervention,0.09654590908615134
15,30,156,intervention,0.3986586949675411
18,10,156,intervention,0.18792628535019928
18,30,156,intervention,0.3761770639639852
21,10,156,intervention,0.1486830754303845
21,30,156,intervention,0.288178821351482
24,10,156,intervention,0.03173522619651481
24,30,156,intervention,0.19841404709399743
27,10,156,intervention,0.06105206603953696
27,30,156,intervention,0.12817230178328648
30,10,156,intervention,0.1259677101377368
30,30,156,intervention,0.14415453237625162
33,10,156,intervention,-0.05365786622391581
33,30,156,intervention,-0.04170659661384062
36,10,156,intervention,-0.10530170826452082
36,30,156,intervention,-0.06263550962531433
39,10,156,intervention,-0.05491067174364127
39,30,156,intervention,-0.1152622302702082
42,10,156,intervention,-0.02296138537763462
42,30,156,intervention,-0.08819519072129621
45,10,156,intervention,-0.04208767647891695
45,30,156,intervention,-0.09042713798592791
48,10,156,intervention,-0.10032721976328524
48,30,156,intervention,-0.13937771706838528
0,10,157,intervention,0.30927845437815027
0,30,157,intervention,0.6891150365587648
3,10,157,intervention,0.27999735495002565
3,30,157,intervention,0.5980172039264966
6,10,157,intervention,0.2289568641715396
6,30,157,intervention,0.6306648118601763
9,10,157,intervention,0.4302545561653685
9,30,157,intervention,0.6436264272392175
12,10,157,intervention,0.20164444563475223
12,30,157,intervention,0.5669801340890542
15,10,157,intervention,0.2851421825401681
15,30,157,intervention,0.4957274167969424
18,10,157,intervention,0.23094749922356592
18,30,157,intervention,0.5311402458001796
21,10,157,intervention,0.14786997452704573
21,30,157,intervention,0.4651118350093044
24,10,157,intervention,-0.00667042947392785
24,30,157,intervention,0.22790541891942384
27,10,157,intervention,0.0768602322851935
27,30,157,intervention,0.3726835177762573
30,10,157,intervention,0.06383391431040185
30,30,157,intervention,0.20713631960933737
33,10,157,intervention,-0.01642203643296585
33,30,157,intervention,0.17184802194052426
36,10,157,intervention,-0.05566962061637325
36,30,157,intervention,-0.05638404635413233
39,10,157,intervention,-0.01645603940281283
39,30,157,intervention,-0.00548810750676857
42,10,157,intervention,-0.04452638307598165
42,30,157,intervention,-0.03434467569408095
45,10,157,intervention,-0.08444186649324888
45,30,157,intervention,-0.01380152446679325
48,10,157,intervention,-0.03599171850107562
48,30,157,intervention,-0.08468866718643302
0,10,158,intervention,0.2923260830155253
0,30,158,intervention,0.5517067127797887
3,10,158,intervention,0.20047192676528905
3,30,158,intervention,0.5190750305366144
6,10,158,intervention,0.20938234343239487
6,30,158,intervention,0.5087788345447789
9,10,158,intervention,0.16582335167094728
9,30,158,intervention,0.45402619833388
12,10,158,intervention,0.1895429967634437
12,30,158,intervention,0.29892655321960704
15,10,158,intervention,0.14147650810424095
15,30,158,intervention,0.35953004916227793
18,10,158,intervention,-0.00155555248890229
18,30,158,intervention,0.3929646108131877
21,10,158,intervention,0.03548513074171163
21,30,158,intervention,0.267568951585823
24,10,158,intervention,0.03188840535595777
24,30,158,intervention,0.18901072626994952
27,10,158,intervention,0.02093885859308288
27,30,158,intervention,0.16517524315212553
30,10,158,intervention,0.069726389575562
30,30,158,intervention,0.1294251634086943
33,10,158,intervention,0.01521284337294912
33,30,158,intervention,0.12102671847038432
36,10,158,intervention,-0.02225065565752851
36,30,158,intervention,0.05655501429611934
39,10,158,intervention,-0.06635611062828478
39,30,158,intervention,0.02828693836571477
42,10,158,intervention,-0.08673722011691079
42,30,158,intervention,-0.03283890618548859
45,10,158,intervention,-0.0374840137906172
45,30,158,intervention,-0.01644379215481108
48,10,158,intervention,-0.00548731132648514
48,30,158,intervention,-0.0233100622917022
0,10,159,intervention,0.17898601941057257
0,30,159,intervention,0.41813902317541446
3,10,159,intervention,0.1360863615565506
3,30,159,intervention,0.3630392854793301
6,10,159,intervention,0.12334371815908889
6,30,159,intervention,0.3350877558233261
9,10,159,intervention,0.10559103151294492
9,30,159,intervention,0.3046868937572522
12,10,159,intervention,0.10853423377551308
12,30,159,intervention,0.2885992681112086
15,10,159,intervention,0.08525392898844068
15,30,159,intervention,0.2484570015743731
18,10,159,intervention,0.17458390149367012
18,30,159,intervention,0.28569354274129194
21,10,159,intervention,0.00943104834947366
21,30,159,intervention,0.1813743424251724
24,10,159,intervention,-0.03070327688447622
24,30,159,intervention,0.16984356626704386
27,10,159,intervention,0.02095508694961582
27,30,159,intervention,0.13250641056114087
30,10,159,intervention,0.07479676992276747
30,30,159,intervention,0.09381565594137924
33,10,159,intervention,-0.01546070044001889
33,30,159,intervention,-0.01845141524306428
36,10,159,intervention,-0.05337219063124408
36,30,159,intervention,-0.00329900933251983
39,10,159,intervention,0.03747082831942188
39,30,159,intervention,-0.05248316705572204
42,10,159,intervention,-0.00248145931454479
42,30,159,intervention,-0.04487090645994831
45,10,159,intervention,0.00913289757716751
45,30,159,intervention,0.00694697807024828
48,10,159,intervention,0.01558519745014874
48,30,159,intervention,-0.03407372433184454
0,10,16,intervention,0.07255233407823275
0,30,16,intervention,0.32871805993864534
3,10,16,intervention,0.19300374108340784
3,30,16,intervention,0.3405548955296719
6,10,16,intervention,0.13988411534174214
6,30,16,intervention,0.3577140062653317
9,10,16,intervention,0.1661111397189664
9,30,16,intervention,0.32534464929996715
12,10,16,intervention,0.2176264527488713
12,30,16,intervention,0.2865935053061131
15,10,16,intervention,0.1415806769820163
15,30,16,intervention,0.2650333393996745
18,10,16,intervention,0.05639410762372344
18,30,16,intervention,0.24668083423647288
21,10,16,intervention,0.18024949937611448
21,30,16,intervention,0.2021331462992371
24,10,16,intervention,0.04380560089189717
24,30,16,intervention,0.16170786164921663
27,10,16,intervention,0.044521123997299857
27,30,16,intervention,0.1600392018475402
30,10,16,intervention,0.09924082950470704
30,30,16,intervention,0.2675105317428197
33,10,16,intervention,0.08616972510287908
33,30,16,intervention,0.06173058969014326
36,10,16,intervention,0.02482172994717766
36,30,16,intervention,0.0177105039229289
39,10,16,intervention,0.01386982490569017
39,30,16,intervention,0.06330935876745131
42,10,16,intervention,0.00885929754237004
42,30,16,intervention,0.01374914370366418
45,10,16,intervention,0.03709934979756588
45,30,16,intervention,0.04715849578565196
48,10,16,intervention,0.01086054875926886
48,30,16,intervention,0.02669290039064557
0,10,160,intervention,0.2703011326622517
0,30,160,intervention,0.4497142808666662
3,10,160,intervention,0.2648645982911099
3,30,160,intervention,0.43948730231990407
6,10,160,intervention,0.13491900541771742
6,30,160,intervention,0.3960150958168306
9,10,160,intervention,0.11797720144476302
9,30,160,intervention,0.32468607465564575
12,10,160,intervention,0.1013369621457336
12,30,160,intervention,0.3465731155315694
15,10,160,intervention,0.10904241572627212
15,30,160,intervention,0.3278545434920996
18,10,160,intervention,0.2094710419952276
18,30,160,intervention,0.3436710650023233
21,10,160,intervention,0.11883359386507054
21,30,160,intervention,0.25416991319591054
24,10,160,intervention,0.1019971992439338
24,30,160,intervention,0.11527025008836617
27,10,160,intervention,0.12065140606911888
27,30,160,intervention,0.23071355719435524
30,10,160,intervention,0.15269410279329712
30,30,160,intervention,0.1623757210900283
33,10,160,intervention,0.02023144819094946
33,30,160,intervention,0.10864417152106036
36,10,160,intervention,0.08675384308394958
36,30,160,intervention,0.04307998728889855
39,10,160,intervention,0.03774837799370038
39,30,160,intervention,0.0825637398833205
42,10,160,intervention,0.07565955423769925
42,30,160,intervention,0.09825955037022516
45,10,160,intervention,0.03046754013035966
45,30,160,intervention,0.01330321348804945
48,10,160,intervention,0.06054241689678477
48,30,160,intervention,0.0783936980587636
0,10,161,intervention,0.17343790936420683
0,30,161,intervention,0.3563903179494722
3,10,161,intervention,0.13650406591873168
3,30,161,intervention,0.4562478057005832
6,10,161,intervention,-0.03909536727132154
6,30,161,intervention,0.3445813708524045
9,10,161,intervention,0.04379160716131992
9,30,161,intervention,0.33680566536288825
12,10,161,intervention,0.05310155015309243
12,30,161,intervention,0.2990810339624957
15,10,161,intervention,-0.01031455722056497
15,30,161,intervention,0.27719189719549725
18,10,161,intervention,-0.05807210067080905
18,30,161,intervention,0.2718072518755125
21,10,161,intervention,-0.02837865481904872
21,30,161,intervention,0.13559300936162108
24,10,161,intervention,-0.02987208367886968
24,30,161,intervention,0.05208091478489938
27,10,161,intervention,-0.0407936454197398
27,30,161,intervention,0.00151477226142911
30,10,161,intervention,-0.05152624960367134
30,30,161,intervention,0.03570223076226678
33,10,161,intervention,-0.05261087128842952
33,30,161,intervention,-0.09686150778122232
36,10,161,intervention,-0.11197457135524248
36,30,161,intervention,-0.1593237452178635
39,10,161,intervention,-0.09104993554230886
39,30,161,intervention,-0.15907237483216996
42,10,161,intervention,-0.1385660982078816
42,30,161,intervention,-0.09670272423439578
45,10,161,intervention,-0.17222828922380048
45,30,161,intervention,-0.18561025916743457
48,10,161,intervention,-0.12613513786861308
48,30,161,intervention,-0.18773627469241047
0,10,162,intervention,0.11336721269135648
0,30,162,intervention,0.26535298281465863
3,10,162,intervention,0.1838491458365391
3,30,162,intervention,0.31901099286402523
6,10,162,intervention,0.1851890874856996
6,30,162,intervention,0.3677498933958247
9,10,162,intervention,0.1106289941008137
9,30,162,intervention,0.2754825909960602
12,10,162,intervention,0.09744690900475968
12,30,162,intervention,0.2201740503179629
15,10,162,intervention,0.04809721150343347
15,30,162,intervention,0.2685937070778341
18,10,162,intervention,0.15371693446741574
18,30,162,intervention,0.18810655678402816
21,10,162,intervention,0.07643629616346043
21,30,162,intervention,0.15515642206647393
24,10,162,intervention,0.02600593901033447
24,30,162,intervention,0.16762060360284267
27,10,162,intervention,0.06034107319876033
27,30,162,intervention,0.09930275581156106
30,10,162,intervention,0.07338870445028987
30,30,162,intervention,0.114875878435712
33,10,162,intervention,0.00176251070139869
33,30,162,intervention,0.03885044108243225
36,10,162,intervention,0.08986973046025624
36,30,162,intervention,0.01305914256861519
39,10,162,intervention,0.00149439910455105
39,30,162,intervention,0.01740589248241064
42,10,162,intervention,0.04665899393539037
42,30,162,intervention,0.03908897028180606
45,10,162,intervention,-0.01330633838219455
45,30,162,intervention,0.0017218154289033
48,10,162,intervention,0.04073606942849016
48,30,162,intervention,0.0178223643566621
0,10,163,intervention,0.13390523018903322
0,30,163,intervention,0.4313057262163781
3,10,163,intervention,0.1597725059521888
3,30,163,intervention,0.4019143342882889
6,10,163,intervention,0.17233412101858012
6,30,163,intervention,0.3227872161323923
9,10,163,intervention,0.1054747423499449
9,30,163,intervention,0.3544187685205666
12,10,163,intervention,0.1663346744916088
12,30,163,intervention,0.24835850447233715
15,10,163,intervention,0.07764767498588995
15,30,163,intervention,0.26597833440071106
18,10,163,intervention,0.1302925799326063
18,30,163,intervention,0.28101778616665063
21,10,163,intervention,0.10543789382482734
21,30,163,intervention,0.21161040150663368
24,10,163,intervention,0.03328063585903676
24,30,163,intervention,0.15395164518766832
27,10,163,intervention,0.04454233654045966
27,30,163,intervention,0.10775382221106417
30,10,163,intervention,0.00614742500318244
30,30,163,intervention,0.14655974354246845
33,10,163,intervention,0.01407977179512313
33,30,163,intervention,0.03277313766346559
36,10,163,intervention,0.01878552560013851
36,30,163,intervention,-0.04423231701967959
39,10,163,intervention,-0.01837827000315736
39,30,163,intervention,0.01457566334911716
42,10,163,intervention,0.03924548811637812
42,30,163,intervention,0.03253605961745309
45,10,163,intervention,-0.02561790653939797
45,30,163,intervention,-0.0315294956263788
48,10,163,intervention,0.03769056064949123
48,30,163,intervention,-0.02070524210438272
0,10,164,intervention,0.07878013679386532
0,30,164,intervention,0.2838269097658272
3,10,164,intervention,0.11401225307416936
3,30,164,intervention,0.2692992571339403
6,10,164,intervention,0.0797399371776145
6,30,164,intervention,0.2444161615844356
9,10,164,intervention,0.08371516268146673
9,30,164,intervention,0.24151653568007592
12,10,164,intervention,-0.00286550318246597
12,30,164,intervention,0.1691499902761745
15,10,164,intervention,0.07265431746364076
15,30,164,intervention,0.18544515708418496
18,10,164,intervention,0.06943083140567964
18,30,164,intervention,0.1951249752890432
21,10,164,intervention,0.07821492111458984
21,30,164,intervention,0.09024439608317432
24,10,164,intervention,0.01447253059834648
24,30,164,intervention,0.08318692936915946
27,10,164,intervention,0.00243374207814459
27,30,164,intervention,0.09513061887228116
30,10,164,intervention,0.01584444067053322
30,30,164,intervention,0.07916145930499684
33,10,164,intervention,-0.00320255773850743
33,30,164,intervention,-0.00354856040632949
36,10,164,intervention,-0.03485318293409927
36,30,164,intervention,-0.02772968847008848
39,10,164,intervention,-0.03113868240207697
39,30,164,intervention,0.01248804037712642
42,10,164,intervention,-0.03761038790411179
42,30,164,intervention,0.01317425595134109
45,10,164,intervention,-0.03336263674736105
45,30,164,intervention,-0.01521013356245065
48,10,164,intervention,0.00465398154106762
48,30,164,intervention,-0.00579911906083947
0,10,165,intervention,0.24613238096729853
0,30,165,intervention,0.49273525069146407
3,10,165,intervention,0.2750886457282748
3,30,165,intervention,0.4613749354600626
6,10,165,intervention,0.24953580348986168
6,30,165,intervention,0.4942753900184597
9,10,165,intervention,0.2245220213597132
9,30,165,intervention,0.4548657939176839
12,10,165,intervention,0.17118454549528786
12,30,165,intervention,0.3558410335311152
15,10,165,intervention,0.11055385453614752
15,30,165,intervention,0.342257622690113
18,10,165,intervention,0.2761999896620412
18,30,165,intervention,0.3515306515441255
21,10,165,intervention,0.189304676755793
21,30,165,intervention,0.18874637495973984
24,10,165,intervention,0.14237204742971374
24,30,165,intervention,0.24902063549762837
27,10,165,intervention,0.08697014673266798
27,30,165,intervention,0.2155046672635997
30,10,165,intervention,0.11608354099809348
30,30,165,intervention,0.09928299468601216
33,10,165,intervention,-0.07693485758604084
33,30,165,intervention,-0.03021261375977233
36,10,165,intervention,0.0157049698165454
36,30,165,intervention,-0.01680825766331266
39,10,165,intervention,-0.01614647860316454
39,30,165,intervention,-0.03615206224894158
42,10,165,intervention,0.0341935602471286
42,30,165,intervention,-0.03638650692360471
45,10,165,intervention,-0.04022860234398855
45,30,165,intervention,-0.02657849150399844
48,10,165,intervention,-0.010041581378234
48,30,165,intervention,-0.04126380686315231
0,10,166,intervention,0.10227506524578348
0,30,166,intervention,0.31084373100113777
3,10,166,intervention,0.05007320398780573
3,30,166,intervention,0.28968253646755054
6,10,166,intervention,0.09888186111064372
6,30,166,intervention,0.23827357081727613
9,10,166,intervention,0.09747017730158872
9,30,166,intervention,0.2843695729671865
12,10,166,intervention,0.01654293067675344
12,30,166,intervention,0.1842183154960826
15,10,166,intervention,0.03685683934495865
15,30,166,intervention,0.1908309426570269
18,10,166,intervention,0.04576849244997467
18,30,166,intervention,0.2099125270695962
21,10,166,intervention,0.04688353656004025
21,30,166,intervention,0.09193915087712716
24,10,166,intervention,0.01470577880573064
24,30,166,intervention,0.1522014154860354
27,10,166,intervention,0.04243354403177956
27,30,166,intervention,0.09455463557659
30,10,166,intervention,0.05735429316504536
30,30,166,intervention,0.13311260976701253
33,10,166,intervention,-0.05353921242695677
33,30,166,intervention,0.0342061897219075
36,10,166,intervention,-1.8415101387244e-4
36,30,166,intervention,-0.02866816503937202
39,10,166,intervention,-0.03680293160731113
39,30,166,intervention,-0.02360803494455752
42,10,166,intervention,-0.052475549294955653
42,30,166,intervention,-0.0424772172104752
45,10,166,intervention,-0.05795474230495204
45,30,166,intervention,-0.05025198330493283
48,10,166,intervention,-0.08125708421948043
48,30,166,intervention,-0.01619725030951362
0,10,167,intervention,0.14883856382574895
0,30,167,intervention,0.4058465906168848
3,10,167,intervention,0.14460943926620293
3,30,167,intervention,0.37050885322219623
6,10,167,intervention,0.1929030396749024
6,30,167,intervention,0.3565577348129951
9,10,167,intervention,0.1617603237725686
9,30,167,intervention,0.2671615543768156
12,10,167,intervention,0.0981359839092743
12,30,167,intervention,0.2619791002942392
15,10,167,intervention,0.1002704352695898
15,30,167,intervention,0.26325736626246315
18,10,167,intervention,0.17325455935895406
18,30,167,intervention,0.2249984737270705
21,10,167,intervention,0.05438696517896918
21,30,167,intervention,0.18742084834972655
24,10,167,intervention,0.04288673372841356
24,30,167,intervention,0.10808493520872844
27,10,167,intervention,0.09677822181450828
27,30,167,intervention,0.15058434499823123
30,10,167,intervention,0.00624139109895365
30,30,167,intervention,0.10258712922520508
33,10,167,intervention,0.03648987292296615
33,30,167,intervention,0.08457909489607451
36,10,167,intervention,-0.02438218518827925
36,30,167,intervention,0.01039044220087174
39,10,167,intervention,-0.03559932227568904
39,30,167,intervention,0.0159416082390889
42,10,167,intervention,-0.02756902149032756
42,30,167,intervention,0.03677788940958322
45,10,167,intervention,0.03386721750265412
45,30,167,intervention,0.00857592381437617
48,10,167,intervention,-0.07185082963054576
48,30,167,intervention,-0.05012730613735079
0,10,168,intervention,0.0917148111119382
0,30,168,intervention,0.30976664973689405
3,10,168,intervention,0.07092678745110328
3,30,168,intervention,0.26292407253703054
6,10,168,intervention,0.1571040292855011
6,30,168,intervention,0.2988696299164567
9,10,168,intervention,0.1124992808555022
9,30,168,intervention,0.2204999524217024
12,10,168,intervention,0.115108811157929
12,30,168,intervention,0.2016397936249078
15,10,168,intervention,0.13746095911768527
15,30,168,intervention,0.2623620702734857
18,10,168,intervention,0.1106504156958303
18,30,168,intervention,0.2270391409760961
21,10,168,intervention,0.05065506577965238
21,30,168,intervention,0.13932104176183754
24,10,168,intervention,-0.01138051773434354
24,30,168,intervention,0.11874954649639584
27,10,168,intervention,0.04391650510168548
27,30,168,intervention,0.1042664999327292
30,10,168,intervention,0.04645740215525468
30,30,168,intervention,0.07843395520446722
33,10,168,intervention,-0.01246829558560659
33,30,168,intervention,0.04361730758649233
36,10,168,intervention,0.04107465284445043
36,30,168,intervention,0.02178181549272075
39,10,168,intervention,0.00396932869613337
39,30,168,intervention,0.01397865435691171
42,10,168,intervention,-0.01990243335082633
42,30,168,intervention,0.00810766935401592
45,10,168,intervention,0.04135165309770954
45,30,168,intervention,0.03544942358542619
48,10,168,intervention,0.01498411859602783
48,30,168,intervention,-9.7475682570953e-4
0,10,169,intervention,0.16305427652358614
0,30,169,intervention,0.4007662424523199
3,10,169,intervention,0.133664640777842
3,30,169,intervention,0.38159685462848986
6,10,169,intervention,0.2970198604407361
6,30,169,intervention,0.39767448318474946
9,10,169,intervention,0.12966136396049455
9,30,169,intervention,0.35608195920889285
12,10,169,intervention,0.1583807569513608
12,30,169,intervention,0.32290959026953603
15,10,169,intervention,0.11784565334582858
15,30,169,intervention,0.3341104303776603
18,10,169,intervention,0.1868028835037961
18,30,169,intervention,0.25965571806280835
21,10,169,intervention,0.04116803172266551
21,30,169,intervention,0.15633076775878263
24,10,169,intervention,-0.02078654681364458
24,30,169,intervention,0.10423509139599728
27,10,169,intervention,0.09607040699687454
27,30,169,intervention,0.18593432001275448
30,10,169,intervention,-0.0685472276035723
30,30,169,intervention,0.15126404383513242
33,10,169,intervention,-0.00548728116930938
33,30,169,intervention,0.01818483042998887
36,10,169,intervention,0.03924745852932507
36,30,169,intervention,0.03415352242788402
39,10,169,intervention,-0.010328423864156
39,30,169,intervention,-0.00321165370722788
42,10,169,intervention,-0.04549049541637477
42,30,169,intervention,-0.00367680585738479
45,10,169,intervention,0.00343459508593791
45,30,169,intervention,-0.01876575507447311
48,10,169,intervention,-0.01950716065294905
48,30,169,intervention,-0.02414341631380634
0,10,17,intervention,0.2743976945157311
0,30,17,intervention,0.5211658828087428
3,10,17,intervention,0.1922924822928702
3,30,17,intervention,0.5254380313574856
6,10,17,intervention,0.2719480839293991
6,30,17,intervention,0.505514551323979
9,10,17,intervention,0.24186940574747515
9,30,17,intervention,0.4750738453298904
12,10,17,intervention,0.12411457963243744
12,30,17,intervention,0.4278802973835633
15,10,17,intervention,0.08398399615079644
15,30,17,intervention,0.4200367014053844
18,10,17,intervention,0.09609355455918844
18,30,17,intervention,0.3739816834980174
21,10,17,intervention,0.07716630119170503
21,30,17,intervention,0.250869092938238
24,10,17,intervention,0.08317292012707134
24,30,17,intervention,0.2186123255786707
27,10,17,intervention,0.17180949629971204
27,30,17,intervention,0.21013661934313543
30,10,17,intervention,0.0641027984786979
30,30,17,intervention,0.19373107475682871
33,10,17,intervention,0.09509661018210318
33,30,17,intervention,0.09245351971372194
36,10,17,intervention,-0.00852800779313422
36,30,17,intervention,0.00769866271056282
39,10,17,intervention,0.02099500455855958
39,30,17,intervention,0.01566827865338614
42,10,17,intervention,-0.02206035400150824
42,30,17,intervention,0.05635030059630453
45,10,17,intervention,0.01276203802743268
45,30,17,intervention,-0.01941302801035787
48,10,17,intervention,-0.04503744673311202
48,30,17,intervention,0.01147897164261643
0,10,170,intervention,0.4860557910836401
0,30,170,intervention,0.856591822280181
3,10,170,intervention,0.33573849397630107
3,30,170,intervention,0.8287960872593394
6,10,170,intervention,0.3705798241205218
6,30,170,intervention,0.7614793996480268
9,10,170,intervention,0.3865079954743532
9,30,170,intervention,0.6391123991490122
12,10,170,intervention,0.2405978873588761
12,30,170,intervention,0.7120345215342987
15,10,170,intervention,0.2699064468250908
15,30,170,intervention,0.5901156249210798
18,10,170,intervention,0.4191665837246736
18,30,170,intervention,0.5198507059320376
21,10,170,intervention,0.1534704258637827
21,30,170,intervention,0.3408136020473453
24,10,170,intervention,0.11948939548691433
24,30,170,intervention,0.2860459607988162
27,10,170,intervention,0.14029782070746313
27,30,170,intervention,0.29667416779385375
30,10,170,intervention,0.07791168675315205
30,30,170,intervention,0.2555904804497123
33,10,170,intervention,0.01389999775128476
33,30,170,intervention,0.15372208133361054
36,10,170,intervention,0.06768458535385277
36,30,170,intervention,0.00146938216739142
39,10,170,intervention,-0.04367538553444262
39,30,170,intervention,-0.04964050614374904
42,10,170,intervention,-0.01459878178764194
42,30,170,intervention,-0.04419011182562411
45,10,170,intervention,0.02462363589240201
45,30,170,intervention,-0.00545158796995277
48,10,170,intervention,0.01501403931405825
48,30,170,intervention,-0.06239821087376938
0,10,171,intervention,0.334228606393751
0,30,171,intervention,0.709451380984558
3,10,171,intervention,0.2803004451560076
3,30,171,intervention,0.8360755226474719
6,10,171,intervention,0.18880483992044295
6,30,171,intervention,0.7327044934713743
9,10,171,intervention,0.31114349656562373
9,30,171,intervention,0.5799214322533983
12,10,171,intervention,0.17130113627669638
12,30,171,intervention,0.5801067984469163
15,10,171,intervention,0.15030905942320408
15,30,171,intervention,0.5649981304164993
18,10,171,intervention,0.23590463710849377
18,30,171,intervention,0.5393226662838614
21,10,171,intervention,0.18833427141421305
21,30,171,intervention,0.4981258902920925
24,10,171,intervention,0.2223380392529148
24,30,171,intervention,0.3187088516290495
27,10,171,intervention,0.10013555112333113
27,30,171,intervention,0.4061192869856473
30,10,171,intervention,0.05331488612429409
30,30,171,intervention,0.35320829540120113
33,10,171,intervention,0.03858074495569384
33,30,171,intervention,0.1746882300930158
36,10,171,intervention,-0.06181957770527742
36,30,171,intervention,-0.02170037217711194
39,10,171,intervention,0.01305595193618819
39,30,171,intervention,-0.04339716470808709
42,10,171,intervention,0.02075234834634629
42,30,171,intervention,0.08190688499074703
45,10,171,intervention,0.01198074243476544
45,30,171,intervention,-0.01799858503445694
48,10,171,intervention,-0.0959043417415964
48,30,171,intervention,-0.00427609884088162
0,10,172,intervention,0.2311867732873795
0,30,172,intervention,0.48544170613112
3,10,172,intervention,0.2201144287555088
3,30,172,intervention,0.4862477534089543
6,10,172,intervention,0.1588901911570311
6,30,172,intervention,0.4482234450905833
9,10,172,intervention,0.12230481357770616
9,30,172,intervention,0.35386878642417274
12,10,172,intervention,0.0894592202422
12,30,172,intervention,0.2828449928913051
15,10,172,intervention,0.15022502774895335
15,30,172,intervention,0.3294099193936228
18,10,172,intervention,0.21013201387800945
18,30,172,intervention,0.3478519022441778
21,10,172,intervention,0.17244225373551766
21,30,172,intervention,0.3273766690033556
24,10,172,intervention,0.072417441308334607
24,30,172,intervention,0.2217807913716643
27,10,172,intervention,0.1301190297940961
27,30,172,intervention,0.15570111677586296
30,10,172,intervention,0.0926404177493688
30,30,172,intervention,0.12592499657066486
33,10,172,intervention,0.04779047843573719
33,30,172,intervention,0.080556502115795
36,10,172,intervention,-0.02439593325022583
36,30,172,intervention,-0.01020198884394726
39,10,172,intervention,0.01948685657266149
39,30,172,intervention,0.03797528666271007
42,10,172,intervention,0.00150989392219906
42,30,172,intervention,0.00806378674170449
45,10,172,intervention,0.05695640793586535
45,30,172,intervention,0.0454617922097652
48,10,172,intervention,0.07938593327368591
48,30,172,intervention,0.05742086054993627
0,10,173,intervention,0.25987852766530106
0,30,173,intervention,0.4444989465388874
3,10,173,intervention,0.23149698808907845
3,30,173,intervention,0.5217626384554519
6,10,173,intervention,0.21388709134476916
6,30,173,intervention,0.5142478941919231
9,10,173,intervention,0.2739738063106014
9,30,173,intervention,0.402782934639282
12,10,173,intervention,0.13793736637364803
12,30,173,intervention,0.3264898120815579
15,10,173,intervention,0.17423078174825718
15,30,173,intervention,0.33754016017259675
18,10,173,intervention,0.06728153338579117
18,30,173,intervention,0.3151314697331858
21,10,173,intervention,0.04267266218281546
21,30,173,intervention,0.2273224575173237
24,10,173,intervention,0.07809579150663032
24,30,173,intervention,0.1445187081313581
27,10,173,intervention,0.00704614094530012
27,30,173,intervention,0.19510368812402745
30,10,173,intervention,0.03605158808767286
30,30,173,intervention,0.16140163635571153
33,10,173,intervention,0.02198227491736075
33,30,173,intervention,0.08706398278765883
36,10,173,intervention,-0.02580477020948034
36,30,173,intervention,0.00698286741473026
39,10,173,intervention,0.01813491093405848
39,30,173,intervention,0.03257700355301647
42,10,173,intervention,-0.00277395607348149
42,30,173,intervention,-0.02392922915231811
45,10,173,intervention,-0.00347171856292427
45,30,173,intervention,-0.03855559470219672
48,10,173,intervention,0.00426979997062601
48,30,173,intervention,0.04652500112612068
0,10,174,intervention,0.19111033945791103
0,30,174,intervention,0.469231679576167
3,10,174,intervention,0.22229013619668345
3,30,174,intervention,0.50868991139171
6,10,174,intervention,0.19676463010180512
6,30,174,intervention,0.4810385290870245
9,10,174,intervention,0.1713948840779526
9,30,174,intervention,0.4105449302524838
12,10,174,intervention,0.13285222218604403
12,30,174,intervention,0.3606264652455153
15,10,174,intervention,0.1805845024676604
15,30,174,intervention,0.3832194135426993
18,10,174,intervention,0.05512164806062468
18,30,174,intervention,0.3781421069696787
21,10,174,intervention,0.14534581460246265
21,30,174,intervention,0.25118595115826875
24,10,174,intervention,0.16325414238184235
24,30,174,intervention,0.24985766738988904
27,10,174,intervention,0.02636872656931861
27,30,174,intervention,0.17909064391981758
30,10,174,intervention,0.1410736591147548
30,30,174,intervention,0.10481701256694524
33,10,174,intervention,-0.06397948082460372
33,30,174,intervention,-4.817338314527528e-5
36,10,174,intervention,-0.06143246218006334
36,30,174,intervention,0.04035107170097132
39,10,174,intervention,-0.03274468645402267
39,30,174,intervention,-0.00697717641055437
42,10,174,intervention,8.8576228543022e-4
42,30,174,intervention,0.00467330108553887
45,10,174,intervention,0.01377896585734032
45,30,174,intervention,-0.0026877434967457
48,10,174,intervention,-0.01564411516012359
48,30,174,intervention,0.00212481542792316
0,10,175,intervention,0.20687045477603608
0,30,175,intervention,0.6898024865125616
3,10,175,intervention,0.31455102339122637
3,30,175,intervention,0.6940325048341662
6,10,175,intervention,0.21023849316893345
6,30,175,intervention,0.584228276004401
9,10,175,intervention,0.21462580171909232
9,30,175,intervention,0.5398446828975131
12,10,175,intervention,0.1617447191070738
12,30,175,intervention,0.4779828776115428
15,10,175,intervention,0.20853861567339335
15,30,175,intervention,0.47198002264320743
18,10,175,intervention,0.129963583214046
18,30,175,intervention,0.42916645611917303
21,10,175,intervention,0.12290046405775867
21,30,175,intervention,0.3475115708317213
24,10,175,intervention,0.11856266365348687
24,30,175,intervention,0.2959106142800782
27,10,175,intervention,0.2124778224857397
27,30,175,intervention,0.3466943798451333
30,10,175,intervention,0.0853244622043588
30,30,175,intervention,0.2756422502850726
33,10,175,intervention,0.00206472444245136
33,30,175,intervention,0.15042846159477546
36,10,175,intervention,0.01403760126922376
36,30,175,intervention,-0.04543617548855628
39,10,175,intervention,-0.03597974154333139
39,30,175,intervention,-0.032285217227674357
42,10,175,intervention,-0.04323940779260001
42,30,175,intervention,0.0290331949742661
45,10,175,intervention,0.04312331111562124
45,30,175,intervention,-0.0391835509688508
48,10,175,intervention,0.05640868150811622
48,30,175,intervention,0.00481296558330007
0,10,176,intervention,0.04305310009380076
0,30,176,intervention,0.19343201224624515
3,10,176,intervention,0.05151862740617389
3,30,176,intervention,0.15391382016312918
6,10,176,intervention,0.05307198659668956
6,30,176,intervention,0.1440514348679551
9,10,176,intervention,0.02730768464051483
9,30,176,intervention,0.1448630157907854
12,10,176,intervention,0.08610464445447834
12,30,176,intervention,0.12547217616200462
15,10,176,intervention,0.05436988767560594
15,30,176,intervention,0.11908237971438164
18,10,176,intervention,0.05084587016003285
18,30,176,intervention,0.15234330653772293
21,10,176,intervention,0.03191422704753583
21,30,176,intervention,0.03904280462850897
24,10,176,intervention,0.05022275182538464
24,30,176,intervention,0.06343058394968307
27,10,176,intervention,0.03502809269373988
27,30,176,intervention,0.06327399146509433
30,10,176,intervention,-0.01772243884647089
30,30,176,intervention,0.05899884678160912
33,10,176,intervention,0.01112554833928244
33,30,176,intervention,0.02876881634121081
36,10,176,intervention,-5.0352628870552e-4
36,30,176,intervention,-0.01370894092431766
39,10,176,intervention,0.01951536655628085
39,30,176,intervention,0.01905651947950534
42,10,176,intervention,-0.00889667376913357
42,30,176,intervention,-0.01156309756325372
45,10,176,intervention,-0.00903138897038829
45,30,176,intervention,-0.02350503965932003
48,10,176,intervention,-0.01266538685919072
48,30,176,intervention,-0.01183276073825017
0,10,177,intervention,0.4632767879602712
0,30,177,intervention,0.9069121236287078
3,10,177,intervention,0.522953764695865
3,30,177,intervention,1.0712774515914982
6,10,177,intervention,0.4809512123335819
6,30,177,intervention,0.8364673931628466
9,10,177,intervention,0.4256466315215909
9,30,177,intervention,0.6661389768013469
12,10,177,intervention,0.31808461847116165
12,30,177,intervention,0.5615164229271948
15,10,177,intervention,0.30291255135722994
15,30,177,intervention,0.6098639305994843
18,10,177,intervention,0.3409458063615017
18,30,177,intervention,0.5238894230537086
21,10,177,intervention,0.3415188224758901
21,30,177,intervention,0.5174178967383599
24,10,177,intervention,0.17544475762132034
24,30,177,intervention,0.34367186561756785
27,10,177,intervention,0.11409443518157686
27,30,177,intervention,0.41454614016177055
30,10,177,intervention,0.1475324186803421
30,30,177,intervention,0.34346231318323617
33,10,177,intervention,0.10497464376117974
33,30,177,intervention,0.22566706739860465
36,10,177,intervention,0.01260702658767989
36,30,177,intervention,-0.00281490824285254
39,10,177,intervention,0.01995725983203824
39,30,177,intervention,0.03785405825274115
42,10,177,intervention,0.10950350574555603
42,30,177,intervention,-0.04925215807754623
45,10,177,intervention,-0.1130222672468027
45,30,177,intervention,-0.01921296362943217
48,10,177,intervention,-0.02617932779912205
48,30,177,intervention,0.01442957888804135
0,10,178,intervention,0.18299941728327668
0,30,178,intervention,0.38788930470132366
3,10,178,intervention,0.15833347480081494
3,30,178,intervention,0.33319894512845843
6,10,178,intervention,0.11521083559512632
6,30,178,intervention,0.3140291875182479
9,10,178,intervention,0.13949098340239255
9,30,178,intervention,0.29588992036504025
12,10,178,intervention,0.08107329541672813
12,30,178,intervention,0.25650922963599543
15,10,178,intervention,0.00655345858940953
15,30,178,intervention,0.2086123226900885
18,10,178,intervention,0.06734891854071134
18,30,178,intervention,0.19969924914556111
21,10,178,intervention,0.1270698509841891
21,30,178,intervention,0.14392992726555437
24,10,178,intervention,0.09702386127338895
24,30,178,intervention,0.18306233884247491
27,10,178,intervention,0.0864489522775592
27,30,178,intervention,0.1256497724929703
30,10,178,intervention,0.0909067320743572
30,30,178,intervention,0.11433820948533022
33,10,178,intervention,0.02300898800779679
33,30,178,intervention,0.03194379274948831
36,10,178,intervention,-1.5260069685365e-4
36,30,178,intervention,0.04678104735357993
39,10,178,intervention,0.06999054753588584
39,30,178,intervention,0.02779127307536003
42,10,178,intervention,0.00941030823448374
42,30,178,intervention,0.02134646622972837
45,10,178,intervention,0.04237457643564791
45,30,178,intervention,-4.0725802340235e-4
48,10,178,intervention,-0.00310057880119502
48,30,178,intervention,-0.00306461544091736
0,10,179,intervention,0.12427966587458668
0,30,179,intervention,0.3762437019572411
3,10,179,intervention,0.15423340965914423
3,30,179,intervention,0.3280270988088088
6,10,179,intervention,0.12499735626742796
6,30,179,intervention,0.3993938613584766
9,10,179,intervention,0.08787231652585328
9,30,179,intervention,0.3482608685390124
12,10,179,intervention,0.06623581716739445
12,30,179,intervention,0.25805564534762077
15,10,179,intervention,0.07048314157900387
15,30,179,intervention,0.2832146538920951
18,10,179,intervention,0.1304732183305507
18,30,179,intervention,0.2214342755439909
21,10,179,intervention,0.02917003458244317
21,30,179,intervention,0.19210347914893228
24,10,179,intervention,0.09592766928428328
24,30,179,intervention,0.0933364693972624
27,10,179,intervention,0.04440351903223615
27,30,179,intervention,0.1629479941105927
30,10,179,intervention,0.01236244163316926
30,30,179,intervention,0.11308449797685642
33,10,179,intervention,-0.0570914608720375
33,30,179,intervention,0.01426363268831178
36,10,179,intervention,-0.07893902894103982
36,30,179,intervention,-0.03012117373830687
39,10,179,intervention,-0.00585361534742748
39,30,179,intervention,-0.017760408800725
42,10,179,intervention,-0.05947254785457792
42,30,179,intervention,0.0083391536811086
45,10,179,intervention,-0.03273845529395504
45,30,179,intervention,0.03283860017475605
48,10,179,intervention,9.1929014386213e-4
48,30,179,intervention,-0.01418269594078162
0,10,18,intervention,0.30079492121608997
0,30,18,intervention,0.6249987684142289
3,10,18,intervention,0.3358810634777368
3,30,18,intervention,0.5617885770215444
6,10,18,intervention,0.2544237761933213
6,30,18,intervention,0.6439874386173186
9,10,18,intervention,0.16055377219401162
9,30,18,intervention,0.5280392525678209
12,10,18,intervention,0.20544689999669355
12,30,18,intervention,0.4703049545341432
15,10,18,intervention,0.17099411809929643
15,30,18,intervention,0.47737123185837127
18,10,18,intervention,0.1888184575824804
18,30,18,intervention,0.37926272267265887
21,10,18,intervention,0.12126002142622114
21,30,18,intervention,0.27449234265122613
24,10,18,intervention,0.04001972293404635
24,30,18,intervention,0.2729183029195983
27,10,18,intervention,0.10129761190368156
27,30,18,intervention,0.2586848528729671
30,10,18,intervention,0.02390838251541164
30,30,18,intervention,0.09021160340807602
33,10,18,intervention,0.12703431129941806
33,30,18,intervention,0.17074526568102744
36,10,18,intervention,-0.04128439022000354
36,30,18,intervention,0.05486088684001454
39,10,18,intervention,-0.03789046974058815
39,30,18,intervention,0.00918383173214553
42,10,18,intervention,-0.06923730927971605
42,30,18,intervention,-6.6431021092458e-4
45,10,18,intervention,-0.00105512623128246
45,30,18,intervention,0.00847106893436316
48,10,18,intervention,-0.0211298157081025
48,30,18,intervention,0.02141665989606012
0,10,180,intervention,0.17912142986494395
0,30,180,intervention,0.3419231085820052
3,10,180,intervention,0.1568229536495514
3,30,180,intervention,0.39344968235800104
6,10,180,intervention,0.20510568540326715
6,30,180,intervention,0.3438677428372189
9,10,180,intervention,0.06713388585697844
9,30,180,intervention,0.24972468264408343
12,10,180,intervention,0.12193904666262131
12,30,180,intervention,0.20306283549834836
15,10,180,intervention,0.10841451393386348
15,30,180,intervention,0.2145706350549579
18,10,180,intervention,0.14665364920285437
18,30,180,intervention,0.19983018315244297
21,10,180,intervention,0.01510665273435414
21,30,180,intervention,0.21666835123084263
24,10,180,intervention,0.06000123402581226
24,30,180,intervention,0.11738229543569652
27,10,180,intervention,0.04042707624698635
27,30,180,intervention,0.12712494995350057
30,10,180,intervention,0.05372878698522906
30,30,180,intervention,0.09334029083287614
33,10,180,intervention,0.03640671071417757
33,30,180,intervention,0.08375508038199618
36,10,180,intervention,-0.00109536937976125
36,30,180,intervention,0.01549610103128637
39,10,180,intervention,-0.01143808949210693
39,30,180,intervention,-0.01392198121531401
42,10,180,intervention,-0.02549883877673312
42,30,180,intervention,0.01697447414259184
45,10,180,intervention,-0.04092978350440246
45,30,180,intervention,-0.01635386406840095
48,10,180,intervention,-0.03917294668246751
48,30,180,intervention,-0.00973201787798483
0,10,181,intervention,0.20546533935916833
0,30,181,intervention,0.5889967794245125
3,10,181,intervention,0.2662230131502029
3,30,181,intervention,0.6201777630784816
6,10,181,intervention,0.31715729199481046
6,30,181,intervention,0.582889835997218
9,10,181,intervention,0.18874710821372984
9,30,181,intervention,0.4919716219362452
12,10,181,intervention,0.16808142876312512
12,30,181,intervention,0.47815847417459967
15,10,181,intervention,0.16196511638725253
15,30,181,intervention,0.4671659221657431
18,10,181,intervention,0.24358059799623455
18,30,181,intervention,0.4575798033350519
21,10,181,intervention,0.1848893573265307
21,30,181,intervention,0.32105178639963045
24,10,181,intervention,0.18528992424157345
24,30,181,intervention,0.2850574491735008
27,10,181,intervention,0.16254929294900236
27,30,181,intervention,0.2292044403348938
30,10,181,intervention,0.12314126583062508
30,30,181,intervention,0.17110874646485516
33,10,181,intervention,0.03122974935453145
33,30,181,intervention,0.0886493389124796
36,10,181,intervention,-0.05660007934116081
36,30,181,intervention,-0.06031117650373998
39,10,181,intervention,-0.06543969878427715
39,30,181,intervention,0.02610830354381162
42,10,181,intervention,-0.00165546276292192
42,30,181,intervention,-0.07241447939470662
45,10,181,intervention,-0.02964601884294549
45,30,181,intervention,-0.03157798458765697
48,10,181,intervention,-0.06968607988573729
48,30,181,intervention,-0.00765810823646739
0,10,182,intervention,0.22705907903211703
0,30,182,intervention,0.5123585019654316
3,10,182,intervention,0.23907893648048736
3,30,182,intervention,0.531346573882033
6,10,182,intervention,0.22616136280156812
6,30,182,intervention,0.4647742100941918
9,10,182,intervention,0.07688855370526668
9,30,182,intervention,0.3702824692330447
12,10,182,intervention,0.1117346087053301
12,30,182,intervention,0.35553026460993875
15,10,182,intervention,0.06511786740251943
15,30,182,intervention,0.3292216322582136
18,10,182,intervention,0.08633871338961056
18,30,182,intervention,0.2773312884288236
21,10,182,intervention,0.09265664285563144
21,30,182,intervention,0.2186272455117995
24,10,182,intervention,0.01743615375874214
24,30,182,intervention,0.18689492735342975
27,10,182,intervention,0.15271145526478827
27,30,182,intervention,0.1683520803685102
30,10,182,intervention,0.10039626087284724
30,30,182,intervention,0.12958608970431745
33,10,182,intervention,-0.02853282237357386
33,30,182,intervention,0.03145588908855894
36,10,182,intervention,0.02371969617643844
36,30,182,intervention,-0.02978195374265795
39,10,182,intervention,-0.02864859883109263
39,30,182,intervention,-0.06936871611132324
42,10,182,intervention,0.00124006951711114
42,30,182,intervention,0.02368784172172613
45,10,182,intervention,0.0191927620235459
45,30,182,intervention,-0.03917909610381879
48,10,182,intervention,-0.00776831757428167
48,30,182,intervention,-0.01459542477757311
0,10,183,intervention,0.30313198474388775
0,30,183,intervention,0.5313847011870556
3,10,183,intervention,0.34856558384923003
3,30,183,intervention,0.5301577854258047
6,10,183,intervention,0.20653427174345887
6,30,183,intervention,0.43727240812210943
9,10,183,intervention,0.14540506365942488
9,30,183,intervention,0.3837469563915193
12,10,183,intervention,0.14887278791652564
12,30,183,intervention,0.35584628542636265
15,10,183,intervention,0.13883112131685593
15,30,183,intervention,0.25093661595547084
18,10,183,intervention,0.09411841770686272
18,30,183,intervention,0.25841694049202363
21,10,183,intervention,0.06355447312132938
21,30,183,intervention,0.2548636213357886
24,10,183,intervention,0.11147440776303535
24,30,183,intervention,0.18127833159319884
27,10,183,intervention,0.02446477521381579
27,30,183,intervention,0.17638842233545238
30,10,183,intervention,0.02860111955999893
30,30,183,intervention,0.08418128302812558
33,10,183,intervention,0.13969435894379242
33,30,183,intervention,0.07638939091680393
36,10,183,intervention,-0.01708932231912138
36,30,183,intervention,0.00770844129333248
39,10,183,intervention,0.03612202863120328
39,30,183,intervention,-0.02816390786903209
42,10,183,intervention,-0.01140935173430704
42,30,183,intervention,-0.02300176210427737
45,10,183,intervention,-0.02980964562253273
45,30,183,intervention,-0.01278040320886018
48,10,183,intervention,0.00672235869597944
48,30,183,intervention,-0.0035520599089985
0,10,184,intervention,0.15329068349882646
0,30,184,intervention,0.39040586572352887
3,10,184,intervention,0.14363679242272337
3,30,184,intervention,0.4400563532721249
6,10,184,intervention,0.10650204807667032
6,30,184,intervention,0.3610090790265308
9,10,184,intervention,0.19709316689783005
9,30,184,intervention,0.28148029709536776
12,10,184,intervention,0.11739257158048497
12,30,184,intervention,0.26722922252374454
15,10,184,intervention,0.0938060987681459
15,30,184,intervention,0.2750718702827962
18,10,184,intervention,-0.00926678731420345
18,30,184,intervention,0.2277027142118106
21,10,184,intervention,0.02098200758527115
21,30,184,intervention,0.1593589594339903
24,10,184,intervention,0.04884943331177759
24,30,184,intervention,0.10653357981622597
27,10,184,intervention,0.00750715671550429
27,30,184,intervention,0.06778888894035168
30,10,184,intervention,-0.02572410307107139
30,30,184,intervention,0.08700919254917262
33,10,184,intervention,-0.03917092244218173
33,30,184,intervention,-0.0256419251708786
36,10,184,intervention,-0.10941112135897518
36,30,184,intervention,-0.0884391791923774
39,10,184,intervention,-0.05036911790004178
39,30,184,intervention,-0.0650243564020581
42,10,184,intervention,-0.06229556961402634
42,30,184,intervention,-0.05986658660235135
45,10,184,intervention,-0.07853880503470975
45,30,184,intervention,-0.08519625913294598
48,10,184,intervention,-0.0773702895845855
48,30,184,intervention,-0.06715336095142868
0,10,185,intervention,0.04912997870975511
0,30,185,intervention,0.25249803574797236
3,10,185,intervention,0.11256990121297006
3,30,185,intervention,0.25366150624897554
6,10,185,intervention,0.04335815838499121
6,30,185,intervention,0.26917453100644967
9,10,185,intervention,0.05182354809009755
9,30,185,intervention,0.1988773226402777
12,10,185,intervention,0.05265657340967204
12,30,185,intervention,0.1573471810814176
15,10,185,intervention,0.04872561561208562
15,30,185,intervention,0.1763480830771826
18,10,185,intervention,0.05854633818355344
18,30,185,intervention,0.12372441476753196
21,10,185,intervention,0.03970319718566084
21,30,185,intervention,0.13060306149370063
24,10,185,intervention,0.0218818693576585
24,30,185,intervention,0.04397711726564907
27,10,185,intervention,-0.05590041266450216
27,30,185,intervention,0.05541708682391964
30,10,185,intervention,0.0528594305234074
30,30,185,intervention,0.10792836974145528
33,10,185,intervention,0.00100661183841223
33,30,185,intervention,-0.00839683996819706
36,10,185,intervention,-0.02607578422856685
36,30,185,intervention,-0.03579050636013937
39,10,185,intervention,-0.04231359302909489
39,30,185,intervention,0.0020119717379321
42,10,185,intervention,-0.03694523883230768
42,30,185,intervention,-0.00132447665488018
45,10,185,intervention,0.02733694823982279
45,30,185,intervention,-0.008748927768786
48,10,185,intervention,-0.0389449523885927
48,30,185,intervention,-0.00337830742757524
0,10,186,intervention,0.4521507799077928
0,30,186,intervention,0.7192446553877956
3,10,186,intervention,0.3795377315730834
3,30,186,intervention,0.753349780867436
6,10,186,intervention,0.35963719520653287
6,30,186,intervention,0.7118547342023125
9,10,186,intervention,0.2284097544323832
9,30,186,intervention,0.5871070741315036
12,10,186,intervention,0.28395593329477103
12,30,186,intervention,0.5065186679095517
15,10,186,intervention,0.2402639801599247
15,30,186,intervention,0.5158953629258262
18,10,186,intervention,0.24097838807854796
18,30,186,intervention,0.47713054229089114
21,10,186,intervention,0.2216137967682053
21,30,186,intervention,0.4331445214321843
24,10,186,intervention,0.02734404613113331
24,30,186,intervention,0.29104636275035484
27,10,186,intervention,0.1328667493863548
27,30,186,intervention,0.23550259159283177
30,10,186,intervention,0.1325119191589598
30,30,186,intervention,0.2328099338613506
33,10,186,intervention,0.01577319070554815
33,30,186,intervention,0.00446449119489133
36,10,186,intervention,-0.1112104032286478
36,30,186,intervention,-0.1538627817399634
39,10,186,intervention,-0.04973009444022987
39,30,186,intervention,-0.03971474126817865
42,10,186,intervention,-0.06316496758059884
42,30,186,intervention,0.00237328159861714
45,10,186,intervention,0.00410489834300748
45,30,186,intervention,-0.05449987082743408
48,10,186,intervention,-0.08196286858639781
48,30,186,intervention,-0.05028795335554607
0,10,187,intervention,0.20572395910314192
0,30,187,intervention,0.43826332262104994
3,10,187,intervention,0.12017136918801435
3,30,187,intervention,0.4235380055320008
6,10,187,intervention,0.14121597014266116
6,30,187,intervention,0.42468388143853775
9,10,187,intervention,0.12545656453840667
9,30,187,intervention,0.34550842995908776
12,10,187,intervention,0.10087065813577333
12,30,187,intervention,0.29817309077831333
15,10,187,intervention,0.10293917485616354
15,30,187,intervention,0.26415763823552985
18,10,187,intervention,0.1978107259334123
18,30,187,intervention,0.3359090128399315
21,10,187,intervention,0.20690255549353576
21,30,187,intervention,0.2117934306214654
24,10,187,intervention,0.07735831105837794
24,30,187,intervention,0.1923823627854248
27,10,187,intervention,0.0493357137367542
27,30,187,intervention,0.17481145900878725
30,10,187,intervention,0.11393576336901984
30,30,187,intervention,0.1976663543923752
33,10,187,intervention,0.01275950037363142
33,30,187,intervention,0.00757959253911842
36,10,187,intervention,-0.00189028525778926
36,30,187,intervention,7.4357801613395e-4
39,10,187,intervention,-0.05000009862227994
39,30,187,intervention,-0.01603252234937746
42,10,187,intervention,-0.0042628518224043
42,30,187,intervention,0.03453859337938754
45,10,187,intervention,-0.01246024791361914
45,30,187,intervention,-0.04239337480548734
48,10,187,intervention,0.04269163728714657
48,30,187,intervention,-0.02658118902063162
0,10,188,intervention,0.3120826340699003
0,30,188,intervention,0.4955754762501701
3,10,188,intervention,0.25334255058366656
3,30,188,intervention,0.5319631006983662
6,10,188,intervention,0.1899426591225736
6,30,188,intervention,0.44623535196948216
9,10,188,intervention,0.08878296720640914
9,30,188,intervention,0.4199519608730517
12,10,188,intervention,0.15764324546216757
12,30,188,intervention,0.4328403453266611
15,10,188,intervention,0.1712090396159221
15,30,188,intervention,0.41427629356583906
18,10,188,intervention,0.16203299583784214
18,30,188,intervention,0.36511695190027194
21,10,188,intervention,0.08281367078824835
21,30,188,intervention,0.26490735566520296
24,10,188,intervention,0.02845374373459577
24,30,188,intervention,0.14651159316360177
27,10,188,intervention,0.06916367686210484
27,30,188,intervention,0.19108062994828864
30,10,188,intervention,0.11357175083305776
30,30,188,intervention,0.1844226292468693
33,10,188,intervention,-0.07244299786035074
33,30,188,intervention,-0.0147366302594345
36,10,188,intervention,-0.09150851927367372
36,30,188,intervention,-0.0726745154111794
39,10,188,intervention,-0.1465967344882756
39,30,188,intervention,-0.04686684326399412
42,10,188,intervention,0.02578934922342046
42,30,188,intervention,-0.03408304910911269
45,10,188,intervention,-0.12889607179774198
45,30,188,intervention,-0.1195528669112032
48,10,188,intervention,-0.0985130989335022
48,30,188,intervention,-0.08258164665170631
0,10,189,intervention,0.25082962676930476
0,30,189,intervention,0.5510271871907522
3,10,189,intervention,0.3026366262185464
3,30,189,intervention,0.5282066880143871
6,10,189,intervention,0.26638340554010925
6,30,189,intervention,0.5283301819431828
9,10,189,intervention,0.1559943536951398
9,30,189,intervention,0.41776697570167776
12,10,189,intervention,0.06862157645382842
12,30,189,intervention,0.40868711023967313
15,10,189,intervention,0.09864221759078996
15,30,189,intervention,0.4141634571263026
18,10,189,intervention,0.1875064047243124
18,30,189,intervention,0.40874225147000215
21,10,189,intervention,0.15833338288679988
21,30,189,intervention,0.2827131539305229
24,10,189,intervention,0.14721089008302926
24,30,189,intervention,0.22325460216351997
27,10,189,intervention,0.13466986799959066
27,30,189,intervention,0.21708743554761256
30,10,189,intervention,0.05822108667645865
30,30,189,intervention,0.12183779579614416
33,10,189,intervention,0.07392950989386653
33,30,189,intervention,0.05044679268596513
36,10,189,intervention,-0.03683491738597701
36,30,189,intervention,-0.0263239644675691
39,10,189,intervention,-0.02844371634608521
39,30,189,intervention,-0.0356657601336818
42,10,189,intervention,0.00488441597458069
42,30,189,intervention,-0.02969245452510539
45,10,189,intervention,-0.06591030294451282
45,30,189,intervention,-0.04777751158394385
48,10,189,intervention,0.01086500812230249
48,30,189,intervention,-0.01090969124141767
0,10,19,intervention,0.13699369067474837
0,30,19,intervention,0.2770990491638649
3,10,19,intervention,0.10429310993549336
3,30,19,intervention,0.2804905979048873
6,10,19,intervention,0.07666119791243373
6,30,19,intervention,0.2563941714904554
9,10,19,intervention,0.12137258410446489
9,30,19,intervention,0.2790103338793072
12,10,19,intervention,0.05153909566842782
12,30,19,intervention,0.184781370598899
15,10,19,intervention,0.10016500183529504
15,30,19,intervention,0.2020192657851449
18,10,19,intervention,0.10056329500998835
18,30,19,intervention,0.18578544726014737
21,10,19,intervention,0.03984322078270971
21,30,19,intervention,0.17789944899349455
24,10,19,intervention,0.07664903425274343
24,30,19,intervention,0.13682032136429345
27,10,19,intervention,0.04143755312962312
27,30,19,intervention,0.0731259222643211
30,10,19,intervention,0.04769960603984822
30,30,19,intervention,0.10416485418480394
33,10,19,intervention,-0.01032598507766162
33,30,19,intervention,0.06260597406098184
36,10,19,intervention,0.00606301974076195
36,30,19,intervention,0.00130992368339579
39,10,19,intervention,-0.01332139335262869
39,30,19,intervention,0.01061788165284779
42,10,19,intervention,-0.02001333615846757
42,30,19,intervention,0.00641193990244961
45,10,19,intervention,-0.02955540991433641
45,30,19,intervention,0.03080087020842998
48,10,19,intervention,0.00182651335041946
48,30,19,intervention,0.05085829390691498
0,10,190,intervention,0.10360237289826447
0,30,190,intervention,0.26097609040247854
3,10,190,intervention,0.16469014304932297
3,30,190,intervention,0.22627926090697853
6,10,190,intervention,0.05664553308605975
6,30,190,intervention,0.20111856586425408
9,10,190,intervention,0.02062478086144971
9,30,190,intervention,0.16913299753336616
12,10,190,intervention,0.08205877029016477
12,30,190,intervention,0.14572643367580349
15,10,190,intervention,0.03571640223916865
15,30,190,intervention,0.13309706548091269
18,10,190,intervention,-0.00373628283481138
18,30,190,intervention,0.1260825280413339
21,10,190,intervention,0.01801201735223939
21,30,190,intervention,0.0848410049290353
24,10,190,intervention,-0.00406163174577652
24,30,190,intervention,0.08382959271098078
27,10,190,intervention,0.04079080487724805
27,30,190,intervention,0.02881638910405987
30,10,190,intervention,-0.01462348316306687
30,30,190,intervention,0.05952887667293857
33,10,190,intervention,-0.00659626750979035
33,30,190,intervention,-0.02928650750456061
36,10,190,intervention,-0.05168170975560365
36,30,190,intervention,-0.01415030159201185
39,10,190,intervention,-0.00283417131931561
39,30,190,intervention,-0.01779121231675998
42,10,190,intervention,-0.00880248378305837
42,30,190,intervention,0.00230631974053464
45,10,190,intervention,0.00124253199620735
45,30,190,intervention,-0.03177311171548101
48,10,190,intervention,-0.04856754788658198
48,30,190,intervention,-0.0365738074017567
0,10,191,intervention,0.22786690543401317
0,30,191,intervention,0.37419823593174006
3,10,191,intervention,0.16816101494782884
3,30,191,intervention,0.3368080037912573
6,10,191,intervention,0.12287153206566592
6,30,191,intervention,0.3037542280037994
9,10,191,intervention,0.07384827818682571
9,30,191,intervention,0.2679203091068626
12,10,191,intervention,0.2028743567557782
12,30,191,intervention,0.28109198304532657
15,10,191,intervention,0.11191915908961088
15,30,191,intervention,0.24279004820278025
18,10,191,intervention,0.06127758491097926
18,30,191,intervention,0.23367170036379373
21,10,191,intervention,0.02247959849569833
21,30,191,intervention,0.11514909464686172
24,10,191,intervention,0.0462866135395297
24,30,191,intervention,0.13596005729395902
27,10,191,intervention,0.04707222353660596
27,30,191,intervention,0.05897859580547586
30,10,191,intervention,0.09505040848066876
30,30,191,intervention,0.09833503494875276
33,10,191,intervention,0.00635438231423118
33,30,191,intervention,0.05418708999297216
36,10,191,intervention,-0.02229591595222291
36,30,191,intervention,0.00644753410959543
39,10,191,intervention,0.06402828267559263
39,30,191,intervention,0.01125562435616305
42,10,191,intervention,-0.00477055154721283
42,30,191,intervention,0.00985404629895148
45,10,191,intervention,0.00290742175721848
45,30,191,intervention,-0.00909441968342451
48,10,191,intervention,0.03870044899467993
48,30,191,intervention,-0.00948860182239832
0,10,192,intervention,0.30718019572856137
0,30,192,intervention,0.6609262457857193
3,10,192,intervention,0.3679807605150549
3,30,192,intervention,0.7503198952674495
6,10,192,intervention,0.3196307327840583
6,30,192,intervention,0.6554758795362171
9,10,192,intervention,0.2466028155450017
9,30,192,intervention,0.5782379737227419
12,10,192,intervention,0.31486080506821085
12,30,192,intervention,0.42593346314367375
15,10,192,intervention,0.3154321083597738
15,30,192,intervention,0.48654410022774225
18,10,192,intervention,0.343446044352998
18,30,192,intervention,0.524101618719734
21,10,192,intervention,0.19397753916443267
21,30,192,intervention,0.3329599809710665
24,10,192,intervention,0.16828306743625523
24,30,192,intervention,0.29705547994479653
27,10,192,intervention,0.23375170029118192
27,30,192,intervention,0.3645577294450531
30,10,192,intervention,0.1915862076699386
30,30,192,intervention,0.2874867946388403
33,10,192,intervention,0.1648098405448457
33,30,192,intervention,0.20939908720676836
36,10,192,intervention,0.12705463887428134
36,30,192,intervention,0.11304359849095472
39,10,192,intervention,0.08538211638009717
39,30,192,intervention,0.03109612110444377
42,10,192,intervention,0.0832870177822791
42,30,192,intervention,0.11325935045762546
45,10,192,intervention,0.10164048655341797
45,30,192,intervention,0.03390355273086955
48,10,192,intervention,0.16287239128849343
48,30,192,intervention,0.03258838474179427
0,10,193,intervention,0.06867043876477673
0,30,193,intervention,0.24467227118234983
3,10,193,intervention,0.12898617418216768
3,30,193,intervention,0.2464941984866505
6,10,193,intervention,0.11431228997947916
6,30,193,intervention,0.2557050453316945
9,10,193,intervention,0.11313870124930032
9,30,193,intervention,0.18206694340727347
12,10,193,intervention,0.0691255193135443
12,30,193,intervention,0.2017647392643788
15,10,193,intervention,0.09213598538022036
15,30,193,intervention,0.19094635519315056
18,10,193,intervention,0.07755406070081386
18,30,193,intervention,0.17618907408487056
21,10,193,intervention,0.06406306489557718
21,30,193,intervention,0.11732981704538578
24,10,193,intervention,0.0760140943130988
24,30,193,intervention,0.0969458789006721
27,10,193,intervention,0.01144508492635757
27,30,193,intervention,0.16374544108448152
30,10,193,intervention,0.02602040248235191
30,30,193,intervention,0.10094335034455816
33,10,193,intervention,0.07086546665271395
33,30,193,intervention,0.07811370814954853
36,10,193,intervention,0.01920877903356368
36,30,193,intervention,0.0158613337005911
39,10,193,intervention,-0.01972013186401641
39,30,193,intervention,0.01141774615819547
42,10,193,intervention,0.03128417086190546
42,30,193,intervention,0.02072869860935531
45,10,193,intervention,-0.02714455018185947
45,30,193,intervention,0.01741111646087843
48,10,193,intervention,0.06641692736321983
48,30,193,intervention,0.04314040702610332
0,10,194,intervention,0.21099067651193623
0,30,194,intervention,0.412146469326664
3,10,194,intervention,0.3643052349295171
3,30,194,intervention,0.4158722869835398
6,10,194,intervention,0.2172185196911795
6,30,194,intervention,0.3725427406032924
9,10,194,intervention,0.1921030134305096
9,30,194,intervention,0.3714736198903113
12,10,194,intervention,0.09483543797967926
12,30,194,intervention,0.3118274459888091
15,10,194,intervention,0.0554670145841424
15,30,194,intervention,0.23632313271901337
18,10,194,intervention,0.03286911827890853
18,30,194,intervention,0.2583461050899902
21,10,194,intervention,0.06495025319311962
21,30,194,intervention,0.2379348805480637
24,10,194,intervention,0.01677885297292859
24,30,194,intervention,0.14737679923651523
27,10,194,intervention,0.07608030090732422
27,30,194,intervention,0.18143570007098384
30,10,194,intervention,-0.02519978735253033
30,30,194,intervention,0.07933870164895603
33,10,194,intervention,-0.04329982688291019
33,30,194,intervention,-0.00827588529480609
36,10,194,intervention,-0.09204202175065124
36,30,194,intervention,-0.06793547545728547
39,10,194,intervention,0.01598096031058478
39,30,194,intervention,-0.02601653744868861
42,10,194,intervention,-0.02278323777685951
42,30,194,intervention,-0.02851558812510377
45,10,194,intervention,-0.06611216586247244
45,30,194,intervention,-0.13251029187606095
48,10,194,intervention,-0.11516883078767082
48,30,194,intervention,-0.07901254362154175
0,10,195,intervention,0.1598499499124815
0,30,195,intervention,0.43401115737875406
3,10,195,intervention,0.13964123805442102
3,30,195,intervention,0.4302219401871449
6,10,195,intervention,0.12921501583416198
6,30,195,intervention,0.43678497722410525
9,10,195,intervention,0.22095182605477573
9,30,195,intervention,0.33553865100731867
12,10,195,intervention,0.08897700531806395
12,30,195,intervention,0.3357161421405038
15,10,195,intervention,0.08451989404269387
15,30,195,intervention,0.29922472957171103
18,10,195,intervention,0.106595701284369
18,30,195,intervention,0.2764579258314967
21,10,195,intervention,0.10837549289351504
21,30,195,intervention,0.21828162687779465
24,10,195,intervention,0.09264026764285252
24,30,195,intervention,0.20100992001469223
27,10,195,intervention,0.08066916175528312
27,30,195,intervention,0.16091954252279211
30,10,195,intervention,0.07749849770402002
30,30,195,intervention,0.13720943306640043
33,10,195,intervention,0.01588256501732457
33,30,195,intervention,0.07026885364634616
36,10,195,intervention,0.03402264273474501
36,30,195,intervention,0.02813504361231895
39,10,195,intervention,0.03885171772944801
39,30,195,intervention,0.04432660322749714
42,10,195,intervention,0.03977577745994506
42,30,195,intervention,0.01526821190273538
45,10,195,intervention,0.03347105464617429
45,30,195,intervention,0.01583086283074704
48,10,195,intervention,0.0256134164380395
48,30,195,intervention,-0.01677182436593757
0,10,196,intervention,0.04175185777337868
0,30,196,intervention,0.2449442482717553
3,10,196,intervention,0.08570669607435087
3,30,196,intervention,0.2370143201126921
6,10,196,intervention,0.04788738842958782
6,30,196,intervention,0.2400875790650158
9,10,196,intervention,0.1265760030191564
9,30,196,intervention,0.21079433307267376
12,10,196,intervention,-0.00790088796254797
12,30,196,intervention,0.18926097061948063
15,10,196,intervention,0.07485703896055429
15,30,196,intervention,0.16490544200175766
18,10,196,intervention,0.10267169826418215
18,30,196,intervention,0.12050339929284726
21,10,196,intervention,0.05791941277497734
21,30,196,intervention,0.19233861293324375
24,10,196,intervention,0.09184370797466553
24,30,196,intervention,0.08912021031101913
27,10,196,intervention,0.00648551260980569
27,30,196,intervention,0.05164160938546654
30,10,196,intervention,0.00219581499090632
30,30,196,intervention,0.0761758865779309
33,10,196,intervention,-0.05549514068286198
33,30,196,intervention,-0.01036107287908919
36,10,196,intervention,-0.03895621108049194
36,30,196,intervention,-0.05601619687819848
39,10,196,intervention,-0.04081443424574554
39,30,196,intervention,-0.06751764242288784
42,10,196,intervention,-0.07839533164520301
42,30,196,intervention,-0.02506423702789449
45,10,196,intervention,-0.02399500272939136
45,30,196,intervention,-0.03100393276587106
48,10,196,intervention,-0.08457144581289319
48,30,196,intervention,-0.03379525955303692
0,10,197,intervention,0.2773023846988869
0,30,197,intervention,0.3856088166800467
3,10,197,intervention,0.19286294955911945
3,30,197,intervention,0.44715634626921547
6,10,197,intervention,0.1859845724063471
6,30,197,intervention,0.39477291408069975
9,10,197,intervention,0.20364491335514132
9,30,197,intervention,0.33739779887206095
12,10,197,intervention,0.16959983586214175
12,30,197,intervention,0.30002869359083667
15,10,197,intervention,0.14511459208778318
15,30,197,intervention,0.3282280157710451
18,10,197,intervention,0.17688956508550824
18,30,197,intervention,0.3095194937706304
21,10,197,intervention,0.09618984000218284
21,30,197,intervention,0.22605445134123575
24,10,197,intervention,0.10645020404638716
24,30,197,intervention,0.1833493575724017
27,10,197,intervention,0.0677458306001192
27,30,197,intervention,0.20823791179301177
30,10,197,intervention,0.0882345569001746
30,30,197,intervention,0.21530446312220747
33,10,197,intervention,0.0203490456988959
33,30,197,intervention,0.09569897588509103
36,10,197,intervention,0.02583176391055803
36,30,197,intervention,0.04844203307713565
39,10,197,intervention,0.09359672737356724
39,30,197,intervention,0.02979516049342065
42,10,197,intervention,-0.01583906042326473
42,30,197,intervention,-0.02543820479354658
45,10,197,intervention,0.03327915188413698
45,30,197,intervention,0.04135026437657736
48,10,197,intervention,-0.01444402572108733
48,30,197,intervention,0.02955215902907862
0,10,198,intervention,0.324356614291961
0,30,198,intervention,0.5803363084733655
3,10,198,intervention,0.3350138810307429
3,30,198,intervention,0.6170679025659571
6,10,198,intervention,0.2761127540606958
6,30,198,intervention,0.6197431544106597
9,10,198,intervention,0.32030327920090024
9,30,198,intervention,0.5665515421325995
12,10,198,intervention,0.1891981603383579
12,30,198,intervention,0.5042171234268595
15,10,198,intervention,0.24713097347226864
15,30,198,intervention,0.42081715822338106
18,10,198,intervention,0.3571118597076906
18,30,198,intervention,0.4357563665054365
21,10,198,intervention,0.1755901147441189
21,30,198,intervention,0.2977545480657157
24,10,198,intervention,0.07360348146221173
24,30,198,intervention,0.2165840479001903
27,10,198,intervention,0.17249232098200482
27,30,198,intervention,0.18429022320916305
30,10,198,intervention,0.06068140500089987
30,30,198,intervention,0.2016321169338083
33,10,198,intervention,0.08475719755110937
33,30,198,intervention,0.11991592119161656
36,10,198,intervention,0.02681091151659345
36,30,198,intervention,0.02178109204484523
39,10,198,intervention,0.06462327013081347
39,30,198,intervention,0.08430303342883308
42,10,198,intervention,0.01966040455904929
42,30,198,intervention,0.03777952206131237
45,10,198,intervention,0.01956940747697953
45,30,198,intervention,0.02733715503153252
48,10,198,intervention,-0.00927093608558184
48,30,198,intervention,0.02189867598543788
0,10,199,intervention,0.01412611957241513
0,30,199,intervention,0.256708986310001
3,10,199,intervention,0.09661168033123103
3,30,199,intervention,0.2016524922611346
6,10,199,intervention,0.05341293898712838
6,30,199,intervention,0.18555904560953432
9,10,199,intervention,0.05094818735126945
9,30,199,intervention,0.12695262164308058
12,10,199,intervention,0.03434056327916154
12,30,199,intervention,0.07129503610454263
15,10,199,intervention,0.0405825255427101
15,30,199,intervention,0.0958118552417968
18,10,199,intervention,0.02126022105025987
18,30,199,intervention,0.05953122590968308
21,10,199,intervention,0.0358367425020715
21,30,199,intervention,0.07703482630412911
24,10,199,intervention,-0.01771078018898581
24,30,199,intervention,0.01498921368510929
27,10,199,intervention,-0.02524948607138597
27,30,199,intervention,-0.0026238581547179
30,10,199,intervention,-0.03712573250093105
30,30,199,intervention,4.2107629381679e-4
33,10,199,intervention,-0.06047702618867921
33,30,199,intervention,3.4939139243948e-4
36,10,199,intervention,-0.06345242206457767
36,30,199,intervention,-0.05567689662242977
39,10,199,intervention,-0.05449565047509788
39,30,199,intervention,-0.084748040391655
42,10,199,intervention,-0.03192037465193598
42,30,199,intervention,-0.05984689046297402
45,10,199,intervention,-0.02519306149473227
45,30,199,intervention,-0.027650549707589
48,10,199,intervention,-0.02896979484517949
48,30,199,intervention,-0.11308615031087338
0,10,2,intervention,0.16076501403547364
0,30,2,intervention,0.34261146788573754
3,10,2,intervention,0.12998975992802655
3,30,2,intervention,0.30290086841052716
6,10,2,intervention,0.14602550651290264
6,30,2,intervention,0.32913277892243303
9,10,2,intervention,0.0831831063570656
9,30,2,intervention,0.3001257834647765
12,10,2,intervention,0.05688162648923321
12,30,2,intervention,0.2295308315953067
15,10,2,intervention,0.07469606898488781
15,30,2,intervention,0.22655343237239647
18,10,2,intervention,0.0567155844724496
18,30,2,intervention,0.21501598818513828
21,10,2,intervention,0.13114509296367763
21,30,2,intervention,0.09749030282227936
24,10,2,intervention,0.071525480043212325
24,30,2,intervention,0.04229376995408258
27,10,2,intervention,-0.03422060215698203
27,30,2,intervention,0.09245029438095737
30,10,2,intervention,-0.01440381863391827
30,30,2,intervention,0.06063617140803365
33,10,2,intervention,-0.06434536547900815
33,30,2,intervention,-0.0319478481171032
36,10,2,intervention,-0.0404412601519025
36,30,2,intervention,7.984710044457578e-5
39,10,2,intervention,-0.05739333587312068
39,30,2,intervention,-0.05393811376852263
42,10,2,intervention,-0.01691674820039205
42,30,2,intervention,-0.03951337087688966
45,10,2,intervention,-0.09221177032644876
45,30,2,intervention,-0.06107567298512471
48,10,2,intervention,-5.6739620138909e-4
48,30,2,intervention,-0.05466689127308608
0,10,20,intervention,0.03268192532706832
0,30,20,intervention,0.2901497562055241
3,10,20,intervention,0.02889386158640301
3,30,20,intervention,0.26128666985991117
6,10,20,intervention,0.1197201284161276
6,30,20,intervention,0.2709604140024885
9,10,20,intervention,0.10902178474886264
9,30,20,intervention,0.26967809106898993
12,10,20,intervention,0.07483265025311926
12,30,20,intervention,0.1694053120702045
15,10,20,intervention,0.13481684495840388
15,30,20,intervention,0.24046871359609368
18,10,20,intervention,0.03434290175911984
18,30,20,intervention,0.20049590941801201
21,10,20,intervention,-0.0339314615491671
21,30,20,intervention,0.0630667080430802
24,10,20,intervention,-0.04114058800539119
24,30,20,intervention,5.7631300077886e-4
27,10,20,intervention,-0.10000101542278513
27,30,20,intervention,0.06276697338856341
30,10,20,intervention,-0.06655423549680037
30,30,20,intervention,-0.00899758194628992
33,10,20,intervention,-0.03645879284763319
33,30,20,intervention,-0.07191647146408832
36,10,20,intervention,-0.02103620590261822
36,30,20,intervention,-0.0954558986727038
39,10,20,intervention,-0.0935892704215237
39,30,20,intervention,-0.06050466026945273
42,10,20,intervention,-0.1151783184003782
42,30,20,intervention,-0.09052086206745798
45,10,20,intervention,-0.07395696215853861
45,30,20,intervention,-0.06590418416530397
48,10,20,intervention,-0.10781817718123776
48,30,20,intervention,-0.125353710839349
0,10,200,intervention,0.31117192495882157
0,30,200,intervention,0.49643478450965345
3,10,200,intervention,0.2194359921128999
3,30,200,intervention,0.527319729234029
6,10,200,intervention,0.22859821901800573
6,30,200,intervention,0.5712861307757127
9,10,200,intervention,0.233719829317915
9,30,200,intervention,0.34832784701272324
12,10,200,intervention,0.16064205820456748
12,30,200,intervention,0.34606835676029996
15,10,200,intervention,0.08920314140759793
15,30,200,intervention,0.25989465615819884
18,10,200,intervention,0.1373567140435405
18,30,200,intervention,0.31887945823536995
21,10,200,intervention,0.1211880228968865
21,30,200,intervention,0.3685156055210537
24,10,200,intervention,0.11775481084217249
24,30,200,intervention,0.26699156559693576
27,10,200,intervention,0.00933368763850759
27,30,200,intervention,0.23057828867131097
30,10,200,intervention,0.05582195535177898
30,30,200,intervention,0.1296021634944972
33,10,200,intervention,0.06070059381930537
33,30,200,intervention,0.1545637964535632
36,10,200,intervention,-0.03903461628884663
36,30,200,intervention,2.8902296129742e-4
39,10,200,intervention,-0.02032741959433075
39,30,200,intervention,-0.07145925772479765
42,10,200,intervention,-0.04173253430472435
42,30,200,intervention,-0.05744920221734796
45,10,200,intervention,0.01885160707692329
45,30,200,intervention,-0.01333086675999618
48,10,200,intervention,-0.04929852409872169
48,30,200,intervention,-0.013762573637422
0,10,21,intervention,0.04040090166797604
0,30,21,intervention,0.35032641851038954
3,10,21,intervention,0.11074815338393136
3,30,21,intervention,0.39790148476102966
6,10,21,intervention,0.13501029346321478
6,30,21,intervention,0.3767290877016312
9,10,21,intervention,0.08126070598744592
9,30,21,intervention,0.2452603978980663
12,10,21,intervention,0.03834329464269566
12,30,21,intervention,0.1897215987874192
15,10,21,intervention,0.13385375491301155
15,30,21,intervention,0.26173851495377104
18,10,21,intervention,0.10646783339725142
18,30,21,intervention,0.19167595509780033
21,10,21,intervention,0.02111177267201187
21,30,21,intervention,0.14214288180678425
24,10,21,intervention,0.01048316964107143
24,30,21,intervention,0.10827846258636868
27,10,21,intervention,0.16108129517912714
27,30,21,intervention,0.09460001522641096
30,10,21,intervention,-0.03082550815985389
30,30,21,intervention,0.09810145859133576
33,10,21,intervention,-0.0260702433756756
33,30,21,intervention,0.03416175154685523
36,10,21,intervention,-0.05717275330593443
36,30,21,intervention,-0.05774516370483244
39,10,21,intervention,-0.00786259591155786
39,30,21,intervention,-0.06643698445556268
42,10,21,intervention,-0.02598411968419255
42,30,21,intervention,-0.03553678446139663
45,10,21,intervention,-0.041324631337914
45,30,21,intervention,-0.03061548048227541
48,10,21,intervention,0.02514315868297409
48,30,21,intervention,-0.02814298343420358
0,10,22,intervention,0.17863540229630742
0,30,22,intervention,0.3148969610528125
3,10,22,intervention,0.1914219031759169
3,30,22,intervention,0.3901104374678757
6,10,22,intervention,0.22375949961111055
6,30,22,intervention,0.3617689397900422
9,10,22,intervention,0.16858106585705418
9,30,22,intervention,0.31051307708433523
12,10,22,intervention,0.09946211155400382
12,30,22,intervention,0.3135019937863839
15,10,22,intervention,0.12922559825986857
15,30,22,intervention,0.26553892014021035
18,10,22,intervention,0.07955101170811707
18,30,22,intervention,0.18992131187159272
21,10,22,intervention,-0.00827811413484399
21,30,22,intervention,0.15396215224088464
24,10,22,intervention,0.08735532743545901
24,30,22,intervention,0.1001266104156146
27,10,22,intervention,0.05779195331627443
27,30,22,intervention,0.18066789924230367
30,10,22,intervention,0.06541896624095184
30,30,22,intervention,0.17676091952814765
33,10,22,intervention,-0.07501434140517857
33,30,22,intervention,0.01002672004405691
36,10,22,intervention,0.01690558851711784
36,30,22,intervention,0.01784137593715709
39,10,22,intervention,-0.00166305335449943
39,30,22,intervention,-0.03815649126558447
42,10,22,intervention,0.00917210058840852
42,30,22,intervention,-0.01285153924840787
45,10,22,intervention,-0.00526259976592226
45,30,22,intervention,-0.02585782957279108
48,10,22,intervention,0.00911224218422474
48,30,22,intervention,0.02866362864991706
0,10,23,intervention,0.27825275284652884
0,30,23,intervention,0.6408100647355154
3,10,23,intervention,0.4183968149325986
3,30,23,intervention,0.7336285816842713
6,10,23,intervention,0.23580407665773712
6,30,23,intervention,0.6653728971054609
9,10,23,intervention,0.3141457959226354
9,30,23,intervention,0.5997791001263494
12,10,23,intervention,0.2104537611071587
12,30,23,intervention,0.4230290327179401
15,10,23,intervention,0.3097990984485812
15,30,23,intervention,0.5376977942827503
18,10,23,intervention,0.12144355230826567
18,30,23,intervention,0.46342277153941286
21,10,23,intervention,0.3022757915780988
21,30,23,intervention,0.3720580459495974
24,10,23,intervention,0.1228726527252244
24,30,23,intervention,0.2730686320064044
27,10,23,intervention,0.01740245001482367
27,30,23,intervention,0.25518403613730495
30,10,23,intervention,0.05941065290567247
30,30,23,intervention,0.1950720920026787
33,10,23,intervention,0.01396726736652088
33,30,23,intervention,0.02976523099588633
36,10,23,intervention,-0.13502248434258776
36,30,23,intervention,-0.0962016843615929
39,10,23,intervention,-0.06286592884530556
39,30,23,intervention,-0.03774839124090134
42,10,23,intervention,-0.03677418263119209
42,30,23,intervention,-0.04333780277229872
45,10,23,intervention,-0.06802927760656595
45,30,23,intervention,-0.12503642833765738
48,10,23,intervention,-0.1537723368734058
48,30,23,intervention,-0.1043693355077502
0,10,24,intervention,0.3081875920669862
0,30,24,intervention,0.5995117094748523
3,10,24,intervention,0.3556659546721732
3,30,24,intervention,0.6807526209557674
6,10,24,intervention,0.3452460152454519
6,30,24,intervention,0.620992935563687
9,10,24,intervention,0.15554636907769034
9,30,24,intervention,0.4896581998149901
12,10,24,intervention,0.2207600298069
12,30,24,intervention,0.4740719885920736
15,10,24,intervention,0.1657113794961159
15,30,24,intervention,0.47344678317278543
18,10,24,intervention,0.23423378964263297
18,30,24,intervention,0.4339416277923774
21,10,24,intervention,0.19663720884079905
21,30,24,intervention,0.31901286161542786
24,10,24,intervention,0.1778151132152009
24,30,24,intervention,0.25312519974767383
27,10,24,intervention,0.13045240956692564
27,30,24,intervention,0.3268176820312907
30,10,24,intervention,0.2536547038976793
30,30,24,intervention,0.3025501934619058
33,10,24,intervention,0.04528505738792318
33,30,24,intervention,0.12531667329347349
36,10,24,intervention,0.01394545122725568
36,30,24,intervention,0.02790520074022479
39,10,24,intervention,0.0095096548578436
39,30,24,intervention,0.01655725176308296
42,10,24,intervention,-0.02071025629715315
42,30,24,intervention,0.05888063774204438
45,10,24,intervention,0.0098756479982413
45,30,24,intervention,0.05402775329503369
48,10,24,intervention,0.02720706872929017
48,30,24,intervention,-0.00145100286666947
0,10,25,intervention,0.1526655598958845
0,30,25,intervention,0.36018620252978306
3,10,25,intervention,0.1225407785591804
3,30,25,intervention,0.31629423212000507
6,10,25,intervention,0.17348659182078588
6,30,25,intervention,0.3023596744948652
9,10,25,intervention,0.142928216809033
9,30,25,intervention,0.24726667403896277
12,10,25,intervention,0.12941742043806373
12,30,25,intervention,0.2277971022581773
15,10,25,intervention,0.12945824748690055
15,30,25,intervention,0.2556674729992464
18,10,25,intervention,0.0595879062808356
18,30,25,intervention,0.1747757776683517
21,10,25,intervention,-0.01358536342203879
21,30,25,intervention,0.17254296817366158
24,10,25,intervention,0.05392413798654866
24,30,25,intervention,0.08961106324593851
27,10,25,intervention,0.07129035527668699
27,30,25,intervention,0.16261244750462597
30,10,25,intervention,0.00379957411643701
30,30,25,intervention,0.071252726099158
33,10,25,intervention,0.0093710668459094
33,30,25,intervention,0.06023693779601842
36,10,25,intervention,0.04500344267103532
36,30,25,intervention,-0.00931548206927831
39,10,25,intervention,0.01786852054658491
39,30,25,intervention,-0.02441924392856167
42,10,25,intervention,-0.0059424508496542
42,30,25,intervention,-0.00863274972828481
45,10,25,intervention,-0.00364290380531964
45,30,25,intervention,0.01046972058769019
48,10,25,intervention,-0.00792391074441971
48,30,25,intervention,-0.0144891152560648
0,10,26,intervention,0.12652589299298422
0,30,26,intervention,0.26367512268429066
3,10,26,intervention,0.16123629939846035
3,30,26,intervention,0.2427679319214544
6,10,26,intervention,0.08707751710343155
6,30,26,intervention,0.27681938619637636
9,10,26,intervention,0.05898106941366378
9,30,26,intervention,0.23584912495364543
12,10,26,intervention,0.05609213575224875
12,30,26,intervention,0.18600540133843857
15,10,26,intervention,0.0682412382175298
15,30,26,intervention,0.1534597267090268
18,10,26,intervention,-0.01255664058525206
18,30,26,intervention,0.14901700467463336
21,10,26,intervention,0.08388645676536591
21,30,26,intervention,0.1508886566339272
24,10,26,intervention,0.08033291932790783
24,30,26,intervention,0.10391110820005682
27,10,26,intervention,0.02475297101195225
27,30,26,intervention,0.08910124212097505
30,10,26,intervention,-0.02142118760000724
30,30,26,intervention,0.0627510940720475
33,10,26,intervention,-0.0524080146343903
33,30,26,intervention,-0.04862635412980608
36,10,26,intervention,7.5020498040684e-4
36,30,26,intervention,-0.03825416481334064
39,10,26,intervention,-0.0145762629003269
39,30,26,intervention,-0.00596067259429177
42,10,26,intervention,-0.01108047011720891
42,30,26,intervention,0.00426114273394946
45,10,26,intervention,-0.00599790207103376
45,30,26,intervention,-0.0369291114145828
48,10,26,intervention,-0.03344521355445157
48,30,26,intervention,-0.02400261402343229
0,10,27,intervention,0.2965358587977726
0,30,27,intervention,0.8163500011559697
3,10,27,intervention,0.4341460502597242
3,30,27,intervention,0.7602539192717265
6,10,27,intervention,0.2628767831000638
6,30,27,intervention,0.6983928354943096
9,10,27,intervention,0.37829186644458457
9,30,27,intervention,0.6568099346440184
12,10,27,intervention,0.19536072713336025
12,30,27,intervention,0.552769595539021
15,10,27,intervention,0.3655221482810768
15,30,27,intervention,0.6276536568016879
18,10,27,intervention,0.2751887070452299
18,30,27,intervention,0.5119452288527679
21,10,27,intervention,0.15130382127143582
21,30,27,intervention,0.42772485712162206
24,10,27,intervention,0.05396361105586067
24,30,27,intervention,0.32487850867327134
27,10,27,intervention,0.13824637521557231
27,30,27,intervention,0.3722319486998414
30,10,27,intervention,0.06959570258113723
30,30,27,intervention,0.2712639718917212
33,10,27,intervention,0.144188979405331
33,30,27,intervention,0.1856318078084033
36,10,27,intervention,0.03416637698984592
36,30,27,intervention,0.04224555036194993
39,10,27,intervention,0.01090694442365883
39,30,27,intervention,-6.5976868938386e-4
42,10,27,intervention,0.11324173052369468
42,30,27,intervention,0.06292758351841223
45,10,27,intervention,0.0434534322325233
45,30,27,intervention,0.04349459554965838
48,10,27,intervention,0.03823312417373597
48,30,27,intervention,0.02927818293106409
0,10,28,intervention,0.09613084166106774
0,30,28,intervention,0.2738298675792742
3,10,28,intervention,0.14449985322648234
3,30,28,intervention,0.21511431077206913
6,10,28,intervention,0.04250162973198653
6,30,28,intervention,0.2483779977558073
9,10,28,intervention,0.0705931324446286
9,30,28,intervention,0.23451746970916404
12,10,28,intervention,0.0111403554034337
12,30,28,intervention,0.21629779473477095
15,10,28,intervention,0.04899110292818168
15,30,28,intervention,0.2109312838599455
18,10,28,intervention,0.03340732651093842
18,30,28,intervention,0.12855171554573566
21,10,28,intervention,0.03740977335216294
21,30,28,intervention,0.05713485702818822
24,10,28,intervention,0.03097757894613974
24,30,28,intervention,0.04552749745732054
27,10,28,intervention,0.04871346320253818
27,30,28,intervention,0.05530989004471736
30,10,28,intervention,0.03216821809590209
30,30,28,intervention,0.06594576091508791
33,10,28,intervention,0.00553237071674276
33,30,28,intervention,0.0326009754154837
36,10,28,intervention,-0.07158723386341381
36,30,28,intervention,-0.0539255737261616
39,10,28,intervention,-0.03824173258675052
39,30,28,intervention,-0.03361250411279329
42,10,28,intervention,0.00650126520602684
42,30,28,intervention,-0.03400016149050325
45,10,28,intervention,-0.06223916914708615
45,30,28,intervention,-0.00279758309712533
48,10,28,intervention,-0.02856729994945052
48,30,28,intervention,-0.02286296987711425
0,10,29,intervention,0.23176526074631257
0,30,29,intervention,0.43794297663310067
3,10,29,intervention,0.23639723689200867
3,30,29,intervention,0.4450825941989541
6,10,29,intervention,0.21288143336085336
6,30,29,intervention,0.4519337067790076
9,10,29,intervention,0.2441220410017375
9,30,29,intervention,0.38669135821954925
12,10,29,intervention,0.163753577864523
12,30,29,intervention,0.289557341971412
15,10,29,intervention,0.2191551316964617
15,30,29,intervention,0.3619068894994712
18,10,29,intervention,0.12577028923928624
18,30,29,intervention,0.22519452549238472
21,10,29,intervention,0.05729832167766766
21,30,29,intervention,0.17679105037044934
24,10,29,intervention,0.05348613529800375
24,30,29,intervention,0.1738913461411024
27,10,29,intervention,-0.0184420395343614
27,30,29,intervention,0.16597458691436634
30,10,29,intervention,0.0179634917461728
30,30,29,intervention,0.11579641331602582
33,10,29,intervention,-0.01201700133624459
33,30,29,intervention,0.00536069736607671
36,10,29,intervention,0.01774713469922828
36,30,29,intervention,-0.01541656965171535
39,10,29,intervention,0.02246253888404201
39,30,29,intervention,-0.01392944268784657
42,10,29,intervention,-0.0090015716342764
42,30,29,intervention,0.04181050944432811
45,10,29,intervention,-0.01611236995373521
45,30,29,intervention,-0.02579115520288052
48,10,29,intervention,0.01242834590514308
48,30,29,intervention,0.02895532921245028
0,10,3,intervention,0.4505471404497848
0,30,3,intervention,0.8351803480276647
3,10,3,intervention,0.3711006465102511
3,30,3,intervention,0.855406657290254
6,10,3,intervention,0.3967291968734509
6,30,3,intervention,0.8102628941095581
9,10,3,intervention,0.3355644107104012
9,30,3,intervention,0.7221042065465622
12,10,3,intervention,0.29322913054568656
12,30,3,intervention,0.6712976830087918
15,10,3,intervention,0.49576058933157774
15,30,3,intervention,0.8149296961730731
18,10,3,intervention,0.30927601121132153
18,30,3,intervention,0.6483862029952479
21,10,3,intervention,0.2689439268516274
21,30,3,intervention,0.5946354523604791
24,10,3,intervention,0.18143317216678895
24,30,3,intervention,0.4692737012649033
27,10,3,intervention,0.26534629386783504
27,30,3,intervention,0.4443350726604065
30,10,3,intervention,0.2464898675679609
30,30,3,intervention,0.3582477312556794
33,10,3,intervention,0.08984406106487877
33,30,3,intervention,0.1982783180653108
36,10,3,intervention,-0.04728146808682935
36,30,3,intervention,0.04823535750450347
39,10,3,intervention,0.12356935504269638
39,30,3,intervention,0.1533757871855333
42,10,3,intervention,0.01538130855099735
42,30,3,intervention,0.03571712309008763
45,10,3,intervention,0.09110015701033083
45,30,3,intervention,0.04241184093875575
48,10,3,intervention,0.09338770521591676
48,30,3,intervention,0.0988336828292964
0,10,30,intervention,0.20286021447324973
0,30,30,intervention,0.5125063666749463
3,10,30,intervention,0.2299649192320722
3,30,30,intervention,0.4550874144110332
6,10,30,intervention,0.271846891836944
6,30,30,intervention,0.45255776455682606
9,10,30,intervention,0.24890143977310084
9,30,30,intervention,0.4034627364996125
12,10,30,intervention,0.1330867102772064
12,30,30,intervention,0.37271646134313735
15,10,30,intervention,0.12484570018138735
15,30,30,intervention,0.3225879482884289
18,10,30,intervention,0.14005496944530887
18,30,30,intervention,0.33464928091527424
21,10,30,intervention,0.13305993111475978
21,30,30,intervention,0.27114505745543044
24,10,30,intervention,0.07211325039714288
24,30,30,intervention,0.15071881704374251
27,10,30,intervention,0.07839691785637276
27,30,30,intervention,0.22373949050466
30,10,30,intervention,0.10664838634083308
30,30,30,intervention,0.15391750821804226
33,10,30,intervention,0.11991451065680968
33,30,30,intervention,0.14846751944998693
36,10,30,intervention,0.05896031367941937
36,30,30,intervention,0.08498854953237588
39,10,30,intervention,0.0546727756886908
39,30,30,intervention,0.10555810612586908
42,10,30,intervention,0.05983357676966167
42,30,30,intervention,0.08678086927170368
45,10,30,intervention,0.07521519946270686
45,30,30,intervention,0.08156320285251935
48,10,30,intervention,0.0328517370070104
48,30,30,intervention,0.09822986914046564
0,10,31,intervention,0.289720366135764
0,30,31,intervention,0.6994044839895661
3,10,31,intervention,0.3506461531932885
3,30,31,intervention,0.7124935054047421
6,10,31,intervention,0.3147312372850355
6,30,31,intervention,0.6139043231489245
9,10,31,intervention,0.3211892702127083
9,30,31,intervention,0.48738782424134475
12,10,31,intervention,0.3025405642514944
12,30,31,intervention,0.5432528913201499
15,10,31,intervention,0.2336779504516874
15,30,31,intervention,0.5347238455948404
18,10,31,intervention,0.21735977966680436
18,30,31,intervention,0.4799105955575181
21,10,31,intervention,0.20637182097684903
21,30,31,intervention,0.4005142439524807
24,10,31,intervention,0.1737845533648118
24,30,31,intervention,0.303348199750012
27,10,31,intervention,0.14189916943911987
27,30,31,intervention,0.3387845094069083
30,10,31,intervention,0.13826929258995557
30,30,31,intervention,0.2901821124333032
33,10,31,intervention,0.08838456200780478
33,30,31,intervention,0.15347815447007043
36,10,31,intervention,0.09827335264464938
36,30,31,intervention,0.03286203429620661
39,10,31,intervention,0.08471486460612178
39,30,31,intervention,0.05160221220275945
42,10,31,intervention,0.05875775045400154
42,30,31,intervention,0.07503675701703325
45,10,31,intervention,0.04082920968690144
45,30,31,intervention,0.04593348812545392
48,10,31,intervention,0.05214058166028988
48,30,31,intervention,0.0270680123998968
0,10,32,intervention,0.3332346471993216
0,30,32,intervention,0.7018596003715905
3,10,32,intervention,0.22485768286468405
3,30,32,intervention,0.579089053700289
6,10,32,intervention,0.36107734944014935
6,30,32,intervention,0.6035213850339034
9,10,32,intervention,0.3125746939796303
9,30,32,intervention,0.5182792996617788
12,10,32,intervention,0.19366195585446389
12,30,32,intervention,0.41573086383796354
15,10,32,intervention,0.11536614630231204
15,30,32,intervention,0.4364099375714828
18,10,32,intervention,0.19976812070646377
18,30,32,intervention,0.5636274508272199
21,10,32,intervention,0.16880521086414063
21,30,32,intervention,0.3781703312549533
24,10,32,intervention,0.16212391969944617
24,30,32,intervention,0.293227866899111
27,10,32,intervention,0.07622153436201166
27,30,32,intervention,0.2957902010759212
30,10,32,intervention,0.08164282535351777
30,30,32,intervention,0.243457691557632
33,10,32,intervention,0.0963011513617218
33,30,32,intervention,0.10715221491570324
36,10,32,intervention,0.01078454503948785
36,30,32,intervention,0.08086786933403359
39,10,32,intervention,0.097546738295592475
39,30,32,intervention,0.05825605210331221
42,10,32,intervention,0.02980125757855609
42,30,32,intervention,0.06628766960270849
45,10,32,intervention,0.10747160734185536
45,30,32,intervention,0.03612264347078675
48,10,32,intervention,0.01819469918306774
48,30,32,intervention,0.05465943164310018
0,10,33,intervention,0.1916854906960209
0,30,33,intervention,0.5809838743057999
3,10,33,intervention,0.2422672092879058
3,30,33,intervention,0.5349733002565461
6,10,33,intervention,0.17566397173611206
6,30,33,intervention,0.5704620639390486
9,10,33,intervention,0.21719918840117627
9,30,33,intervention,0.48986981484575737
12,10,33,intervention,0.2572619340352294
12,30,33,intervention,0.4379580086501787
15,10,33,intervention,0.2148433399144212
15,30,33,intervention,0.38984959327638663
18,10,33,intervention,0.17958146075630677
18,30,33,intervention,0.34901797569016824
21,10,33,intervention,0.16135014627031796
21,30,33,intervention,0.33260798097845334
24,10,33,intervention,0.16418777207361498
24,30,33,intervention,0.22367915537150457
27,10,33,intervention,0.05299069582417663
27,30,33,intervention,0.24872518706791233
30,10,33,intervention,0.04022604895799187
30,30,33,intervention,0.14597640403750312
33,10,33,intervention,0.02942737569953422
33,30,33,intervention,0.05887696887778666
36,10,33,intervention,0.00623679142855639
36,30,33,intervention,-0.09137280608412328
39,10,33,intervention,-0.00981199685562619
39,30,33,intervention,-0.08329365435540377
42,10,33,intervention,0.04358616522117151
42,30,33,intervention,-0.0499096735611597
45,10,33,intervention,-0.05674090927874185
45,30,33,intervention,0.02971343309450859
48,10,33,intervention,-0.03104269589775225
48,30,33,intervention,-0.02255112995063201
0,10,34,intervention,0.15172615228760533
0,30,34,intervention,0.3280269889785957
3,10,34,intervention,0.14486630879265763
3,30,34,intervention,0.3488446345998826
6,10,34,intervention,0.0881027697278675
6,30,34,intervention,0.3681408156564663
9,10,34,intervention,0.05186434767782436
9,30,34,intervention,0.36243574310051807
12,10,34,intervention,0.07632854187471858
12,30,34,intervention,0.2371028729262291
15,10,34,intervention,0.22757606377620984
15,30,34,intervention,0.2525593922188283
18,10,34,intervention,0.03037547051101271
18,30,34,intervention,0.1633453465923053
21,10,34,intervention,0.07330609861828444
21,30,34,intervention,0.14505324566004887
24,10,34,intervention,0.05982305371706364
24,30,34,intervention,0.13363137102463424
27,10,34,intervention,0.11781311827772052
27,30,34,intervention,0.10963890622788044
30,10,34,intervention,0.05951938154862951
30,30,34,intervention,0.18441890758055937
33,10,34,intervention,0.00958295235075997
33,30,34,intervention,0.00302443827350471
36,10,34,intervention,-0.0430193479402023
36,30,34,intervention,0.02107519031824625
39,10,34,intervention,-0.0013182482512416
39,30,34,intervention,0.00540290903533031
42,10,34,intervention,-0.02388878668676189
42,30,34,intervention,0.01123786943433088
45,10,34,intervention,0.00694960592802371
45,30,34,intervention,-0.01946559687168078
48,10,34,intervention,0.00236593222776341
48,30,34,intervention,0.00446198832334055
0,10,35,intervention,0.3918627101504472
0,30,35,intervention,0.7739618035321895
3,10,35,intervention,0.3795992543850219
3,30,35,intervention,0.7750722860013862
6,10,35,intervention,0.26641056681993175
6,30,35,intervention,0.7210113217647595
9,10,35,intervention,0.20462794193381192
9,30,35,intervention,0.6339445683749699
12,10,35,intervention,0.38836477149155
12,30,35,intervention,0.5832963558995021
15,10,35,intervention,0.15350220680343044
15,30,35,intervention,0.5925687134571621
18,10,35,intervention,0.3451984097645753
18,30,35,intervention,0.5302922069186261
21,10,35,intervention,0.33751574861757705
21,30,35,intervention,0.39318132574465414
24,10,35,intervention,0.1726524088399881
24,30,35,intervention,0.3503682731088453
27,10,35,intervention,0.04988416131527262
27,30,35,intervention,0.27692306698218
30,10,35,intervention,0.03387940161991444
30,30,35,intervention,0.3865897830704523
33,10,35,intervention,-0.01142453079893185
33,30,35,intervention,0.09021325427193352
36,10,35,intervention,-0.09630740822493968
36,30,35,intervention,-0.01572795976282446
39,10,35,intervention,-0.05392637467071306
39,30,35,intervention,-0.05459327089703054
42,10,35,intervention,0.04951879013331746
42,30,35,intervention,0.03756432516753745
45,10,35,intervention,0.00212837967276974
45,30,35,intervention,0.01645830584031704
48,10,35,intervention,0.03434996959455028
48,30,35,intervention,0.00689529582490678
0,10,36,intervention,0.24593161019623844
0,30,36,intervention,0.6283755106338382
3,10,36,intervention,0.20126506764453805
3,30,36,intervention,0.6087429381652886
6,10,36,intervention,0.3007677603104576
6,30,36,intervention,0.6639347788064471
9,10,36,intervention,0.3211557129503137
9,30,36,intervention,0.58164473421073
12,10,36,intervention,0.32178634201908884
12,30,36,intervention,0.4237169787912977
15,10,36,intervention,0.25668263814117087
15,30,36,intervention,0.4228587266010496
18,10,36,intervention,0.21896535269855152
18,30,36,intervention,0.4916466630663944
21,10,36,intervention,0.21166493717483673
21,30,36,intervention,0.4034594558147597
24,10,36,intervention,0.20289484763344737
24,30,36,intervention,0.3519038419348121
27,10,36,intervention,0.18299255597242345
27,30,36,intervention,0.33090204706252246
30,10,36,intervention,0.09265208471664656
30,30,36,intervention,0.2470374702462849
33,10,36,intervention,0.11337256817937458
33,30,36,intervention,0.19337233428331344
36,10,36,intervention,0.02006385753794021
36,30,36,intervention,0.085353931301617475
39,10,36,intervention,0.00741629911869349
39,30,36,intervention,0.06866045291208545
42,10,36,intervention,0.091802156991808
42,30,36,intervention,0.12765433228418524
45,10,36,intervention,0.07688438962730088
45,30,36,intervention,0.139728887803898
48,10,36,intervention,0.14082370960386345
48,30,36,intervention,0.13989679322346696
0,10,37,intervention,0.21247817494395743
0,30,37,intervention,0.3842135956964759
3,10,37,intervention,0.16917098191152924
3,30,37,intervention,0.36340223514845105
6,10,37,intervention,0.13113281659211187
6,30,37,intervention,0.3457282108905688
9,10,37,intervention,0.10393330827660366
9,30,37,intervention,0.25435789623870914
12,10,37,intervention,0.13675299982339206
12,30,37,intervention,0.2136529268337324
15,10,37,intervention,0.1608175864573614
15,30,37,intervention,0.2563963890641793
18,10,37,intervention,0.1781385605883656
18,30,37,intervention,0.26486354049633604
21,10,37,intervention,0.00862029050039915
21,30,37,intervention,0.14075621229948876
24,10,37,intervention,0.09178415271147032
24,30,37,intervention,0.15564123020582776
27,10,37,intervention,0.03657388727630888
27,30,37,intervention,0.14723480810803946
30,10,37,intervention,0.0126245403423429
30,30,37,intervention,0.11420475941598628
33,10,37,intervention,0.10653579418348388
33,30,37,intervention,0.094532189455301
36,10,37,intervention,-0.00468145874448678
36,30,37,intervention,-0.02587595139530436
39,10,37,intervention,0.0454719547904764
39,30,37,intervention,0.01051986931010579
42,10,37,intervention,0.01002560491934597
42,30,37,intervention,0.04107174285824856
45,10,37,intervention,-0.02364329157778614
45,30,37,intervention,-0.00528411112299846
48,10,37,intervention,0.01767250166332666
48,30,37,intervention,0.02870159114436402
0,10,38,intervention,0.12176915117720162
0,30,38,intervention,0.32702223475032155
3,10,38,intervention,0.11219869498416234
3,30,38,intervention,0.31872742961507705
6,10,38,intervention,0.04852835824877387
6,30,38,intervention,0.33938070986364194
9,10,38,intervention,0.0794522604460652
9,30,38,intervention,0.23416889484355655
12,10,38,intervention,0.08306505290243256
12,30,38,intervention,0.21810107214382157
15,10,38,intervention,0.11224459439447178
15,30,38,intervention,0.26024671242109965
18,10,38,intervention,0.10861214277629072
18,30,38,intervention,0.2174274434467416
21,10,38,intervention,0.1051686136814846
21,30,38,intervention,0.19352639218044507
24,10,38,intervention,0.02011259959197493
24,30,38,intervention,0.1220229421736871
27,10,38,intervention,0.04485939319223228
27,30,38,intervention,0.09991744199501044
30,10,38,intervention,0.02526758451090935
30,30,38,intervention,0.10394336986941416
33,10,38,intervention,-0.03060121134211796
33,30,38,intervention,0.04992363036857849
36,10,38,intervention,-0.0128324166264242
36,30,38,intervention,-0.01909428092683601
39,10,38,intervention,-0.06651414040273226
39,30,38,intervention,-0.06103246296046504
42,10,38,intervention,-0.06809645292412088
42,30,38,intervention,-0.02934633576840356
45,10,38,intervention,-0.0494765235714933
45,30,38,intervention,-0.07421091614155281
48,10,38,intervention,-0.03949028709754857
48,30,38,intervention,-0.0388918524887189
0,10,39,intervention,0.17832703464781474
0,30,39,intervention,0.5162922122295791
3,10,39,intervention,0.1863620430282336
3,30,39,intervention,0.566939456862199
6,10,39,intervention,0.31395416471212195
6,30,39,intervention,0.5734175617366543
9,10,39,intervention,0.15309131173567322
9,30,39,intervention,0.40588051324744723
12,10,39,intervention,0.1732365720419778
12,30,39,intervention,0.4211529247806713
15,10,39,intervention,0.2178880085433899
15,30,39,intervention,0.4655315812766146
18,10,39,intervention,0.15238643961302606
18,30,39,intervention,0.4277767730456236
21,10,39,intervention,0.0928392914494586
21,30,39,intervention,0.33435084798583253
24,10,39,intervention,0.1673747638394595
24,30,39,intervention,0.27803194795487496
27,10,39,intervention,0.15695306347312954
27,30,39,intervention,0.304003536835413
30,10,39,intervention,0.01533603659310025
30,30,39,intervention,0.21194343794791493
33,10,39,intervention,0.09798828859531926
33,30,39,intervention,0.02287324989162272
36,10,39,intervention,0.05773150421223842
36,30,39,intervention,0.041472330336218687
39,10,39,intervention,-0.01675859885926434
39,30,39,intervention,0.01665039065927884
42,10,39,intervention,0.0555079167891872
42,30,39,intervention,-0.01338758565042894
45,10,39,intervention,-0.00144508089695223
45,30,39,intervention,0.01471542820360373
48,10,39,intervention,0.00214089005507296
48,30,39,intervention,-0.00750466692733992
0,10,4,intervention,0.26610199413763647
0,30,4,intervention,0.4006153371949907
3,10,4,intervention,0.13713388187607362
3,30,4,intervention,0.40828384066096185
6,10,4,intervention,0.12290337994057642
6,30,4,intervention,0.3750377861652466
9,10,4,intervention,0.1393499670616968
9,30,4,intervention,0.2369116848099871
12,10,4,intervention,0.08422684924015811
12,30,4,intervention,0.2734963227203361
15,10,4,intervention,0.08979605501679316
15,30,4,intervention,0.20689382269389625
18,10,4,intervention,0.08890002859783874
18,30,4,intervention,0.20244985507530827
21,10,4,intervention,0.07088602600698003
21,30,4,intervention,0.1404295499503274
24,10,4,intervention,0.07129389851801303
24,30,4,intervention,0.11034177155039532
27,10,4,intervention,0.0740810493190616
27,30,4,intervention,0.12741239417160735
30,10,4,intervention,0.05923991447152937
30,30,4,intervention,0.1603480498259229
33,10,4,intervention,0.00682749128916824
33,30,4,intervention,0.01466165901869719
36,10,4,intervention,0.03902865395941904
36,30,4,intervention,-0.01201479440704289
39,10,4,intervention,-0.02195077985643929
39,30,4,intervention,0.02939769939041468
42,10,4,intervention,-0.0469700187258882
42,30,4,intervention,-0.0059222589160289
45,10,4,intervention,4.4433086302192e-4
45,30,4,intervention,0.01193955126045044
48,10,4,intervention,-0.01227163532383776
48,30,4,intervention,-0.01068451764027857
0,10,40,intervention,0.3470501838571781
0,30,40,intervention,0.6538771709423914
3,10,40,intervention,0.38966711860534314
3,30,40,intervention,0.5887728539464626
6,10,40,intervention,0.25349756759439285
6,30,40,intervention,0.6712774657682057
9,10,40,intervention,0.18311526623855776
9,30,40,intervention,0.48344418268701594
12,10,40,intervention,0.20653710281822568
12,30,40,intervention,0.4798716915399722
15,10,40,intervention,0.2573867532445593
15,30,40,intervention,0.4525910596034337
18,10,40,intervention,0.27748210156085196
18,30,40,intervention,0.4648255440877626
21,10,40,intervention,0.08279868476182732
21,30,40,intervention,0.2672270579761539
24,10,40,intervention,0.14634763646006096
24,30,40,intervention,0.2906884919546024
27,10,40,intervention,0.12501586304557044
27,30,40,intervention,0.20034395551899217
30,10,40,intervention,0.05638167037556261
30,30,40,intervention,0.19142516283826777
33,10,40,intervention,0.04746737929056933
33,30,40,intervention,0.0784566660753301
36,10,40,intervention,-0.04018975993557409
36,30,40,intervention,-0.00636396885747297
39,10,40,intervention,-0.07917681448046084
39,30,40,intervention,-0.01854916329822419
42,10,40,intervention,0.05304539431532087
42,30,40,intervention,-0.00534867043923895
45,10,40,intervention,-0.00982581143877993
45,30,40,intervention,0.06347567884166777
48,10,40,intervention,0.00787341655889345
48,30,40,intervention,0.00601770455987067
0,10,41,intervention,0.1664548704936158
0,30,41,intervention,0.2886476678382883
3,10,41,intervention,0.08514630725961213
3,30,41,intervention,0.25225500885498997
6,10,41,intervention,0.12291916547690292
6,30,41,intervention,0.24261148094856536
9,10,41,intervention,0.09414225554940264
9,30,41,intervention,0.23922547711272568
12,10,41,intervention,0.06025773244497398
12,30,41,intervention,0.15174409128571545
15,10,41,intervention,0.08140400067229198
15,30,41,intervention,0.1933656847013105
18,10,41,intervention,0.08193673449387552
18,30,41,intervention,0.1958876159275597
21,10,41,intervention,0.10561348612016244
21,30,41,intervention,0.1235359022581374
24,10,41,intervention,0.03655642767941845
24,30,41,intervention,0.13057910870339468
27,10,41,intervention,0.04680518690679642
27,30,41,intervention,0.12074703447442836
30,10,41,intervention,0.02937611876482125
30,30,41,intervention,0.12761873295549542
33,10,41,intervention,0.11203257254377136
33,30,41,intervention,0.0282480183012494
36,10,41,intervention,0.0348233117239816
36,30,41,intervention,0.03111713342793631
39,10,41,intervention,0.03470996427197382
39,30,41,intervention,0.02118017565504398
42,10,41,intervention,0.05685189659928664
42,30,41,intervention,0.03673771549123774
45,10,41,intervention,0.04184969992559476
45,30,41,intervention,0.02688802185842068
48,10,41,intervention,0.00689855798508925
48,30,41,intervention,0.01072766183991856
0,10,42,intervention,0.17641440980144857
0,30,42,intervention,0.33458622705810964
3,10,42,intervention,0.18814497351580073
3,30,42,intervention,0.31443137175543745
6,10,42,intervention,0.13285214040216334
6,30,42,intervention,0.29658912425182926
9,10,42,intervention,0.12135223149984792
9,30,42,intervention,0.255681308120461
12,10,42,intervention,0.10677375766611232
12,30,42,intervention,0.26284565032233653
15,10,42,intervention,0.08774342660722594
15,30,42,intervention,0.22997937945468663
18,10,42,intervention,0.09854605813598774
18,30,42,intervention,0.23883173236254024
21,10,42,intervention,0.10181481188426762
21,30,42,intervention,0.19392493842543615
24,10,42,intervention,0.10838189894169852
24,30,42,intervention,0.11479160002166984
27,10,42,intervention,0.02270296615759436
27,30,42,intervention,0.14905414598769606
30,10,42,intervention,0.12086685318684928
30,30,42,intervention,0.1533231430240982
33,10,42,intervention,0.044980708891032
33,30,42,intervention,0.1109432432854324
36,10,42,intervention,0.05632956239536705
36,30,42,intervention,0.05888562242194447
39,10,42,intervention,0.00100398658003182
39,30,42,intervention,0.04977874806039346
42,10,42,intervention,0.04283944383013802
42,30,42,intervention,0.02210092242699458
45,10,42,intervention,0.01028257664043363
45,30,42,intervention,0.02897496554906573
48,10,42,intervention,0.0029246860527383
48,30,42,intervention,0.05960272893893691
0,10,43,intervention,0.1510923191237691
0,30,43,intervention,0.29496779894588027
3,10,43,intervention,0.06617851808968558
3,30,43,intervention,0.3108355326840085
6,10,43,intervention,0.10677953240306408
6,30,43,intervention,0.29298236681971795
9,10,43,intervention,0.1057772993337693
9,30,43,intervention,0.25345774649891717
12,10,43,intervention,0.07917838881227622
12,30,43,intervention,0.20017708561267145
15,10,43,intervention,0.08562347476921128
15,30,43,intervention,0.2745659360494862
18,10,43,intervention,0.16170566427548175
18,30,43,intervention,0.25137164293700937
21,10,43,intervention,0.04087251625555933
21,30,43,intervention,0.17149305055726316
24,10,43,intervention,0.0104079280635684
24,30,43,intervention,0.120133058756811
27,10,43,intervention,0.09938565690263762
27,30,43,intervention,0.17959706107331802
30,10,43,intervention,0.10771559030153524
30,30,43,intervention,0.0779003918102012
33,10,43,intervention,-0.00824047319564177
33,30,43,intervention,0.06212564413554183
36,10,43,intervention,0.00863956128281129
36,30,43,intervention,0.02585864971337967
39,10,43,intervention,0.02151173864224293
39,30,43,intervention,0.00490840316866563
42,10,43,intervention,-0.02106901974799864
42,30,43,intervention,-0.00588761091947075
45,10,43,intervention,-0.02522548617621464
45,30,43,intervention,0.01672622916143499
48,10,43,intervention,0.02245051066923987
48,30,43,intervention,0.01582855696432241
0,10,44,intervention,0.19307922295717325
0,30,44,intervention,0.3099544358662793
3,10,44,intervention,0.19315349041557292
3,30,44,intervention,0.33866694135411485
6,10,44,intervention,0.1486396707057153
6,30,44,intervention,0.2794957296790532
9,10,44,intervention,0.07611518417153977
9,30,44,intervention,0.24308799813210916
12,10,44,intervention,0.12540329258534794
12,30,44,intervention,0.19149425658798624
15,10,44,intervention,0.15898636780139846
15,30,44,intervention,0.30767110627644084
18,10,44,intervention,0.10452567482566516
18,30,44,intervention,0.15955143702223065
21,10,44,intervention,0.03464529154413517
21,30,44,intervention,0.1584716900681414
24,10,44,intervention,0.04916995640103092
24,30,44,intervention,0.10314306230704776
27,10,44,intervention,0.08250572440695345
27,30,44,intervention,0.15306131417700866
30,10,44,intervention,0.047506202999172
30,30,44,intervention,0.11860285572305825
33,10,44,intervention,0.0289853943237034
33,30,44,intervention,0.11211726628940412
36,10,44,intervention,0.00438375111081835
36,30,44,intervention,0.03281491271756876
39,10,44,intervention,0.06781347581417525
39,30,44,intervention,0.08608312822151139
42,10,44,intervention,0.00869646460421371
42,30,44,intervention,0.06403761489876049
45,10,44,intervention,0.03309076312211382
45,30,44,intervention,0.03543228416139849
48,10,44,intervention,0.02411019566883959
48,30,44,intervention,0.02173989437993908
0,10,45,intervention,0.2507858648705735
0,30,45,intervention,0.5201589731865052
3,10,45,intervention,0.20116351129474952
3,30,45,intervention,0.6427728353531718
6,10,45,intervention,0.2711989614794411
6,30,45,intervention,0.4622278924332566
9,10,45,intervention,0.3097839925505612
9,30,45,intervention,0.47820072969236394
12,10,45,intervention,0.1481303525352817
12,30,45,intervention,0.3854307942393649
15,10,45,intervention,0.15616432114169235
15,30,45,intervention,0.41426399118739465
18,10,45,intervention,0.29011284597715664
18,30,45,intervention,0.4133749792076153
21,10,45,intervention,0.09001958306632235
21,30,45,intervention,0.33585735141970874
24,10,45,intervention,0.11159782905138886
24,30,45,intervention,0.20682079312870577
27,10,45,intervention,0.11247223361634796
27,30,45,intervention,0.21658741477358143
30,10,45,intervention,0.07700784450280378
30,30,45,intervention,0.21158940336230497
33,10,45,intervention,0.02839953586314107
33,30,45,intervention,0.09028198400501714
36,10,45,intervention,0.04264961589372563
36,30,45,intervention,0.00321439932920132
39,10,45,intervention,0.07234074093972492
39,30,45,intervention,0.08129325835208015
42,10,45,intervention,-0.0245291249839355
42,30,45,intervention,0.01346257489995925
45,10,45,intervention,0.11194643926833749
45,30,45,intervention,0.08273483851838045
48,10,45,intervention,-0.00947240147487226
48,30,45,intervention,0.03793708431360656
0,10,46,intervention,0.10341731193501616
0,30,46,intervention,0.29393127791912443
3,10,46,intervention,0.1165022659103384
3,30,46,intervention,0.3527552245114271
6,10,46,intervention,0.08037259381842628
6,30,46,intervention,0.2679350768351716
9,10,46,intervention,0.09341458840657728
9,30,46,intervention,0.306279958192369
12,10,46,intervention,0.08495016585453116
12,30,46,intervention,0.20927073608739963
15,10,46,intervention,0.13769018718461218
15,30,46,intervention,0.28786067077035876
18,10,46,intervention,0.08235368942361253
18,30,46,intervention,0.24411638459145235
21,10,46,intervention,0.04629691134292846
21,30,46,intervention,0.15191344166642057
24,10,46,intervention,-0.01096805404347646
24,30,46,intervention,0.06892742415722795
27,10,46,intervention,0.0100632136713031
27,30,46,intervention,0.09222992814973212
30,10,46,intervention,0.00777431477170112
30,30,46,intervention,0.04490701211496085
33,10,46,intervention,-0.00730046927928775
33,30,46,intervention,0.0042475118161014
36,10,46,intervention,0.02042608788634664
36,30,46,intervention,-0.02154894208618899
39,10,46,intervention,-0.00298603268523657
39,30,46,intervention,-0.04072926055375143
42,10,46,intervention,-0.02173295860455142
42,30,46,intervention,-0.03440272773889229
45,10,46,intervention,-0.01207642126825054
45,30,46,intervention,0.02572374078799154
48,10,46,intervention,-0.05412641166509162
48,30,46,intervention,0.00428321341465843
0,10,47,intervention,0.22167141005751545
0,30,47,intervention,0.6310548686424868
3,10,47,intervention,0.33844804544270035
3,30,47,intervention,0.6836471080341163
6,10,47,intervention,0.2988318695837691
6,30,47,intervention,0.584876530736023
9,10,47,intervention,0.130421501403428
9,30,47,intervention,0.5524205111911703
12,10,47,intervention,0.2996143383795761
12,30,47,intervention,0.46958088230927375
15,10,47,intervention,0.2259676851083943
15,30,47,intervention,0.5671319956471162
18,10,47,intervention,0.19586030015131609
18,30,47,intervention,0.5235388619965554
21,10,47,intervention,0.17017415723592966
21,30,47,intervention,0.29500637571687194
24,10,47,intervention,0.06488511901039688
24,30,47,intervention,0.22949799691939016
27,10,47,intervention,0.18396913196224185
27,30,47,intervention,0.25740752575680803
30,10,47,intervention,0.0397875951891725
30,30,47,intervention,0.1918734110921188
33,10,47,intervention,-0.11227393253489663
33,30,47,intervention,-0.06896561470702049
36,10,47,intervention,-0.11563617313430012
36,30,47,intervention,-0.19641719729235457
39,10,47,intervention,-0.13577624862752644
39,30,47,intervention,-0.10317957096815968
42,10,47,intervention,-0.0993682673298568
42,30,47,intervention,-0.06948010631649734
45,10,47,intervention,-0.11482051259551666
45,30,47,intervention,-0.13407294183943833
48,10,47,intervention,-0.127644848939478
48,30,47,intervention,-0.14321155280163936
0,10,48,intervention,0.273912716675243
0,30,48,intervention,0.5132220229619309
3,10,48,intervention,0.3337389124176437
3,30,48,intervention,0.553665269803287
6,10,48,intervention,0.2543015841048456
6,30,48,intervention,0.6106741600067067
9,10,48,intervention,0.23463675516505067
9,30,48,intervention,0.4965180835127629
12,10,48,intervention,0.1575741348881962
12,30,48,intervention,0.4864900111427839
15,10,48,intervention,0.25793625522484026
15,30,48,intervention,0.4837192522086555
18,10,48,intervention,0.18198104642225024
18,30,48,intervention,0.462306970418166
21,10,48,intervention,0.04379038033201484
21,30,48,intervention,0.2324081494768448
24,10,48,intervention,0.00673368963631519
24,30,48,intervention,0.1196238486883638
27,10,48,intervention,0.03413389909088649
27,30,48,intervention,0.21798629685391735
30,10,48,intervention,0.15713115726654175
30,30,48,intervention,0.20860200781491875
33,10,48,intervention,-0.05856386721689606
33,30,48,intervention,0.01557810056531792
36,10,48,intervention,-0.09557775323863434
36,30,48,intervention,-0.08927778611853396
39,10,48,intervention,0.08466367686977326
39,30,48,intervention,0.00533271716184129
42,10,48,intervention,0.01941638334177819
42,30,48,intervention,0.02983435577760392
45,10,48,intervention,-0.0385427695280269
45,30,48,intervention,-0.06438297285818946
48,10,48,intervention,-0.01221436557290637
48,30,48,intervention,-0.01735924972264686
0,10,49,intervention,0.31276997297472553
0,30,49,intervention,0.6969998072811897
3,10,49,intervention,0.28878066379222744
3,30,49,intervention,0.7196678294612262
6,10,49,intervention,0.32895196139308575
6,30,49,intervention,0.5594367744168616
9,10,49,intervention,0.329681294039046
9,30,49,intervention,0.5456507883608672
12,10,49,intervention,0.15547028383603262
12,30,49,intervention,0.4761731549377968
15,10,49,intervention,0.15706840615010056
15,30,49,intervention,0.5200234748065177
18,10,49,intervention,0.16271231188142432
18,30,49,intervention,0.4643740978302539
21,10,49,intervention,0.22608712926661753
21,30,49,intervention,0.35347601858982225
24,10,49,intervention,0.08332565409733735
24,30,49,intervention,0.2794577567669716
27,10,49,intervention,0.13359363105013175
27,30,49,intervention,0.38316150273302313
30,10,49,intervention,0.06430880587714248
30,30,49,intervention,0.2284418132380916
33,10,49,intervention,0.07269032012846044
33,30,49,intervention,0.12135095956353648
36,10,49,intervention,0.08253202833509007
36,30,49,intervention,-0.04867627890263888
39,10,49,intervention,-0.05395633751187558
39,30,49,intervention,0.05342543425216108
42,10,49,intervention,-0.00456310089496781
42,30,49,intervention,0.04059175469505158
45,10,49,intervention,0.08284394804879856
45,30,49,intervention,0.01816593088574915
48,10,49,intervention,0.07634745888101219
48,30,49,intervention,0.00394770548667239
0,10,5,intervention,0.17058873757266227
0,30,5,intervention,0.2693585101706509
3,10,5,intervention,0.11163805896555576
3,30,5,intervention,0.2846354269316113
6,10,5,intervention,0.08444100330709506
6,30,5,intervention,0.27308370969569085
9,10,5,intervention,0.11541779137262126
9,30,5,intervention,0.2625828040795829
12,10,5,intervention,0.17471272522694206
12,30,5,intervention,0.24675839893848375
15,10,5,intervention,0.07870626497765842
15,30,5,intervention,0.260546851470768
18,10,5,intervention,0.11007954328076187
18,30,5,intervention,0.2093483094857163
21,10,5,intervention,0.1576617417105368
21,30,5,intervention,0.16727705221311054
24,10,5,intervention,0.09837105647738932
24,30,5,intervention,0.13881466656152056
27,10,5,intervention,0.09198252322741592
27,30,5,intervention,0.11861118727317146
30,10,5,intervention,0.1066192643676317
30,30,5,intervention,0.15713308093559109
33,10,5,intervention,0.05936715914413447
33,30,5,intervention,0.03913700576878642
36,10,5,intervention,0.0470166735712924
36,30,5,intervention,0.06899805570607366
39,10,5,intervention,0.03915836558919168
39,30,5,intervention,0.04545410393360165
42,10,5,intervention,0.0344446019147526
42,30,5,intervention,0.03634471656744959
45,10,5,intervention,0.07822680585860928
45,30,5,intervention,0.03848315365615185
48,10,5,intervention,0.05290526917949533
48,30,5,intervention,0.05938257556538424
0,10,50,intervention,0.1984479206984145
0,30,50,intervention,0.4163310606788158
3,10,50,intervention,0.13559875372221297
3,30,50,intervention,0.4844836483809717
6,10,50,intervention,0.18342971677497105
6,30,50,intervention,0.4530415819335241
9,10,50,intervention,0.13837457252867258
9,30,50,intervention,0.3031303204169579
12,10,50,intervention,0.16188609910397916
12,30,50,intervention,0.34360350861083894
15,10,50,intervention,0.1153617398320304
15,30,50,intervention,0.4048255034223143
18,10,50,intervention,0.2204369346335235
18,30,50,intervention,0.37299070158447073
21,10,50,intervention,0.08189294800351202
21,30,50,intervention,0.26695293058884856
24,10,50,intervention,0.09450914973796598
24,30,50,intervention,0.21904576537562948
27,10,50,intervention,0.01004679100790505
27,30,50,intervention,0.16028832596536066
30,10,50,intervention,0.04224839711162833
30,30,50,intervention,0.17931659040787645
33,10,50,intervention,0.05607494000531339
33,30,50,intervention,0.06516137546960658
36,10,50,intervention,-0.03325604848028676
36,30,50,intervention,0.00888712521017182
39,10,50,intervention,0.04187916440435271
39,30,50,intervention,0.03549137014452468
42,10,50,intervention,0.00834154746792448
42,30,50,intervention,0.00197350529503408
45,10,50,intervention,0.05692011689410631
45,30,50,intervention,-0.03567429189378691
48,10,50,intervention,0.04624514661997209
48,30,50,intervention,-0.01420960366606109
0,10,51,intervention,0.19363051694300412
0,30,51,intervention,0.4415779036640734
3,10,51,intervention,0.16454752170088782
3,30,51,intervention,0.4493620395432206
6,10,51,intervention,0.08284882669157478
6,30,51,intervention,0.433783066008774
9,10,51,intervention,0.098841266261376
9,30,51,intervention,0.3617936768291798
12,10,51,intervention,0.12132231550264942
12,30,51,intervention,0.3172412287800069
15,10,51,intervention,0.06804318207493067
15,30,51,intervention,0.2638623325152333
18,10,51,intervention,0.12642027481532966
18,30,51,intervention,0.29719512415922533
21,10,51,intervention,0.07531840992766521
21,30,51,intervention,0.17341581350042334
24,10,51,intervention,-0.00468902930202312
24,30,51,intervention,0.17479013069905933
27,10,51,intervention,0.0589420972216096
27,30,51,intervention,0.15272463529037733
30,10,51,intervention,0.04570724422707968
30,30,51,intervention,0.10491683549967226
33,10,51,intervention,-0.038527977181027843
33,30,51,intervention,0.06497135369199451
36,10,51,intervention,-0.05123496134436118
36,30,51,intervention,-0.03996045863888628
39,10,51,intervention,-0.01677890900912149
39,30,51,intervention,-0.02081127124830297
42,10,51,intervention,0.0271550339846523
42,30,51,intervention,0.01725440382879953
45,10,51,intervention,0.00177270466380059
45,30,51,intervention,-0.00981635411191678
48,10,51,intervention,-0.08564119313437661
48,30,51,intervention,-0.00171992721195549
0,10,52,intervention,0.306695695692513
0,30,52,intervention,0.6347272383594027
3,10,52,intervention,0.3149996327396619
3,30,52,intervention,0.5297430346074826
6,10,52,intervention,0.21341608684883612
6,30,52,intervention,0.5598849416753566
9,10,52,intervention,0.18575150219647577
9,30,52,intervention,0.45871177805699415
12,10,52,intervention,0.2531174669230306
12,30,52,intervention,0.448548462000995
15,10,52,intervention,0.15247059562744938
15,30,52,intervention,0.46985927689096746
18,10,52,intervention,0.10229686445224356
18,30,52,intervention,0.3852850353919272
21,10,52,intervention,0.13948658625893648
21,30,52,intervention,0.3129657529437017
24,10,52,intervention,0.1234024257235302
24,30,52,intervention,0.22695105470849913
27,10,52,intervention,0.12106496546692676
27,30,52,intervention,0.25588690932385294
30,10,52,intervention,0.13123967954741905
30,30,52,intervention,0.2101475060260339
33,10,52,intervention,-0.02413323214238467
33,30,52,intervention,0.05462236362895187
36,10,52,intervention,-0.00610315511841488
36,30,52,intervention,-0.00840257046136028
39,10,52,intervention,-0.02146737936009953
39,30,52,intervention,-0.00993537410737538
42,10,52,intervention,-0.06192307408731187
42,30,52,intervention,-0.01652354773380335
45,10,52,intervention,-0.02722329555170193
45,30,52,intervention,-0.0697043240688993
48,10,52,intervention,0.07800263310458778
48,30,52,intervention,0.03723695911627745
0,10,53,intervention,0.4606866339720842
0,30,53,intervention,0.8903970683472535
3,10,53,intervention,0.5070799027960128
3,30,53,intervention,0.963986517651909
6,10,53,intervention,0.5481232861110586
6,30,53,intervention,0.9605108460863488
9,10,53,intervention,0.3923943668611297
9,30,53,intervention,0.8789116689007064
12,10,53,intervention,0.5056009439916622
12,30,53,intervention,0.9366310082600382
15,10,53,intervention,0.3252918623681262
15,30,53,intervention,0.8635407758204663
18,10,53,intervention,0.2876383434817081
18,30,53,intervention,0.72990810687027885
21,10,53,intervention,0.3175658160973863
21,30,53,intervention,0.7277759323758712
24,10,53,intervention,0.3421888366404479
24,30,53,intervention,0.4894148306744851
27,10,53,intervention,0.22193372073368964
27,30,53,intervention,0.5806432911385961
30,10,53,intervention,0.26470328489566713
30,30,53,intervention,0.5582502909529101
33,10,53,intervention,0.09670812964290812
33,30,53,intervention,0.2033713657023848
36,10,53,intervention,0.00837613969471955
36,30,53,intervention,0.03851585655210489
39,10,53,intervention,-0.01160335073443796
39,30,53,intervention,0.04087435571070338
42,10,53,intervention,0.06883930578969812
42,30,53,intervention,0.06578121441349435
45,10,53,intervention,-0.02191310549464961
45,30,53,intervention,0.05176569428514876
48,10,53,intervention,-0.10980029590321495
48,30,53,intervention,0.00945538405046177
0,10,54,intervention,0.16578079193927106
0,30,54,intervention,0.38950399448193673
3,10,54,intervention,0.18108460684239747
3,30,54,intervention,0.36430631329246765
6,10,54,intervention,0.1506653240153476
6,30,54,intervention,0.3795319229325859
9,10,54,intervention,0.06709875041420003
9,30,54,intervention,0.31779110609198374
12,10,54,intervention,0.10132777938730228
12,30,54,intervention,0.26207717587250323
15,10,54,intervention,0.1277227912644302
15,30,54,intervention,0.19607048286325104
18,10,54,intervention,0.08466037668488856
18,30,54,intervention,0.24427208808897743
21,10,54,intervention,0.09491220776358691
21,30,54,intervention,0.19602913267430913
24,10,54,intervention,0.04895319419455659
24,30,54,intervention,0.14734721053178276
27,10,54,intervention,0.06602207802174564
27,30,54,intervention,0.1247643805811994
30,10,54,intervention,-0.02505908395863336
30,30,54,intervention,0.08535004494283088
33,10,54,intervention,0.02131944904262625
33,30,54,intervention,0.05828143382923906
36,10,54,intervention,-0.01174575639438286
36,30,54,intervention,-0.00502616969352414
39,10,54,intervention,-0.0263597266009789
39,30,54,intervention,-0.05508690308776613
42,10,54,intervention,-0.00874263526591442
42,30,54,intervention,-0.01987528647542116
45,10,54,intervention,-0.01407473515145033
45,30,54,intervention,-0.01542502054811248
48,10,54,intervention,-0.01299987885652608
48,30,54,intervention,-0.02147108686241934
0,10,55,intervention,0.496204453726903
0,30,55,intervention,0.8095214091799235
3,10,55,intervention,0.31214537741807985
3,30,55,intervention,0.8662830452376696
6,10,55,intervention,0.442111120898802
6,30,55,intervention,0.9829288057346388
9,10,55,intervention,0.28486020207722507
9,30,55,intervention,0.7202356805157777
12,10,55,intervention,0.2434125063300708
12,30,55,intervention,0.6521346667581599
15,10,55,intervention,0.2974738459737153
15,30,55,intervention,0.670538590214311
18,10,55,intervention,0.34800477143934994
18,30,55,intervention,0.7197371371607524
21,10,55,intervention,0.2940959504445726
21,30,55,intervention,0.5817992431033604
24,10,55,intervention,0.353811656023104
24,30,55,intervention,0.5601622016673059
27,10,55,intervention,0.37432506327612314
27,30,55,intervention,0.594050393071344
30,10,55,intervention,0.26591706361505957
30,30,55,intervention,0.4883744594133663
33,10,55,intervention,0.1704012265617582
33,30,55,intervention,0.22659023771074108
36,10,55,intervention,0.0984899169060872
36,30,55,intervention,0.1840427566014348
39,10,55,intervention,0.14856121229017014
39,30,55,intervention,0.1589623327901964
42,10,55,intervention,-0.00158330188829552
42,30,55,intervention,0.0937015651272261
45,10,55,intervention,0.1109130995894492
45,30,55,intervention,0.01139480330427123
48,10,55,intervention,0.00458264729773384
48,30,55,intervention,-0.03205556944104654
0,10,56,intervention,0.21568561059271713
0,30,56,intervention,0.3413584921130309
3,10,56,intervention,0.1210636765758948
3,30,56,intervention,0.3227357117718802
6,10,56,intervention,0.07855246146546599
6,30,56,intervention,0.2476119740789547
9,10,56,intervention,0.11591764640456272
9,30,56,intervention,0.24538527787756956
12,10,56,intervention,0.12123490532710848
12,30,56,intervention,0.2342848100434702
15,10,56,intervention,0.11854908669166236
15,30,56,intervention,0.2151604435346279
18,10,56,intervention,0.1238138339387873
18,30,56,intervention,0.1921204370877601
21,10,56,intervention,0.13234230562694255
21,30,56,intervention,0.20104287688746111
24,10,56,intervention,0.05253003359044103
24,30,56,intervention,0.13160786261870663
27,10,56,intervention,0.06293399945385329
27,30,56,intervention,0.103963084096011
30,10,56,intervention,0.04478991035243973
30,30,56,intervention,0.11611944579736898
33,10,56,intervention,0.0621421715171607
33,30,56,intervention,0.0807579854643386
36,10,56,intervention,0.04993613509061905
36,30,56,intervention,0.05864508003720919
39,10,56,intervention,0.05459388384307353
39,30,56,intervention,0.04876251737673074
42,10,56,intervention,0.00351521842090417
42,30,56,intervention,0.03858085139783697
45,10,56,intervention,0.02291699693110437
45,30,56,intervention,-0.01552161300454807
48,10,56,intervention,0.09722562966449146
48,30,56,intervention,0.05339734781870226
0,10,57,intervention,0.2533773785261414
0,30,57,intervention,0.6307858248667659
3,10,57,intervention,0.3134795310575585
3,30,57,intervention,0.5433547949997255
6,10,57,intervention,0.2755140353444924
6,30,57,intervention,0.6212077473502494
9,10,57,intervention,0.2486432875166796
9,30,57,intervention,0.5459879125384499
12,10,57,intervention,0.2071833453578241
12,30,57,intervention,0.4346766861976631
15,10,57,intervention,0.16167792026288702
15,30,57,intervention,0.42538950916451385
18,10,57,intervention,0.1700667257887824
18,30,57,intervention,0.4002667855349599
21,10,57,intervention,0.1561346365663958
21,30,57,intervention,0.3141144649459077
24,10,57,intervention,0.09838884923950204
24,30,57,intervention,0.22729319907161416
27,10,57,intervention,0.15221095837279452
27,30,57,intervention,0.26410793044598213
30,10,57,intervention,0.12236228272199565
30,30,57,intervention,0.17999198602095204
33,10,57,intervention,0.01997491284289777
33,30,57,intervention,0.1127588799158842
36,10,57,intervention,3.168032819783082e-5
36,30,57,intervention,0.04374918872969748
39,10,57,intervention,0.01475087232643086
39,30,57,intervention,0.0652164252401093
42,10,57,intervention,-0.02222468825006926
42,30,57,intervention,0.02973061445786184
45,10,57,intervention,0.07307542644197666
45,30,57,intervention,0.04687350552857552
48,10,57,intervention,0.02282893546617959
48,30,57,intervention,0.05635887610198914
0,10,58,intervention,0.04909292516240049
0,30,58,intervention,0.27283647116749377
3,10,58,intervention,0.06896546733878459
3,30,58,intervention,0.30966478813803083
6,10,58,intervention,0.1718858625159984
6,30,58,intervention,0.2847255887470719
9,10,58,intervention,0.06977960650463147
9,30,58,intervention,0.2307650393850775
12,10,58,intervention,0.07187589275708052
12,30,58,intervention,0.21742496249008475
15,10,58,intervention,0.04221594213376235
15,30,58,intervention,0.16698720854054047
18,10,58,intervention,0.07474687182621864
18,30,58,intervention,0.15450166782900188
21,10,58,intervention,0.04690849656444189
21,30,58,intervention,0.1470842474283106
24,10,58,intervention,0.06582450105058521
24,30,58,intervention,0.09962052808640288
27,10,58,intervention,0.08583946312197943
27,30,58,intervention,0.09140101192035882
30,10,58,intervention,-0.04162352807286279
30,30,58,intervention,0.06916678843990114
33,10,58,intervention,-0.07118112648094478
33,30,58,intervention,-0.00876250729215518
36,10,58,intervention,-0.04181342319067854
36,30,58,intervention,-0.05046006367242433
39,10,58,intervention,-0.03974728946599577
39,30,58,intervention,-0.02857383936754471
42,10,58,intervention,-0.02274996843841982
42,30,58,intervention,-0.0450990709067051
45,10,58,intervention,-0.03209488292314718
45,30,58,intervention,-0.06366030240198733
48,10,58,intervention,-0.0772860358760394
48,30,58,intervention,-0.06875967222711275
0,10,59,intervention,0.06247709145592579
0,30,59,intervention,0.2329046703092996
3,10,59,intervention,0.08603656855071437
3,30,59,intervention,0.24106449200408
6,10,59,intervention,0.0764585241211586
6,30,59,intervention,0.21140123785822548
9,10,59,intervention,0.12185483656554956
9,30,59,intervention,0.21292354555063225
12,10,59,intervention,0.1540506916420024
12,30,59,intervention,0.1321794847741678
15,10,59,intervention,0.11927786447572812
15,30,59,intervention,0.13782253217932303
18,10,59,intervention,0.05790886350685625
18,30,59,intervention,0.18998008860960955
21,10,59,intervention,-0.01227773201192876
21,30,59,intervention,0.14734876732527194
24,10,59,intervention,0.02027110286440854
24,30,59,intervention,0.07578388604470182
27,10,59,intervention,0.02401714882719189
27,30,59,intervention,0.08129432304194499
30,10,59,intervention,0.0540845730401163
30,30,59,intervention,0.04695236053805357
33,10,59,intervention,-0.01431089173540779
33,30,59,intervention,-0.01209095928339209
36,10,59,intervention,0.00585796189200992
36,30,59,intervention,0.00241844395673858
39,10,59,intervention,-0.04256966802957986
39,30,59,intervention,-0.02299827980219278
42,10,59,intervention,-0.00613964788198752
42,30,59,intervention,-0.00199986798062838
45,10,59,intervention,-0.04379073775384341
45,30,59,intervention,-0.01570643599859648
48,10,59,intervention,0.04615925747203413
48,30,59,intervention,-0.019710861985076
0,10,6,intervention,0.189053858863438
0,30,6,intervention,0.656840662244774
3,10,6,intervention,0.3276823970966708
3,30,6,intervention,0.6915702931185559
6,10,6,intervention,0.4087911416615078
6,30,6,intervention,0.5984297202444346
9,10,6,intervention,0.21755294976887035
9,30,6,intervention,0.5187822632797435
12,10,6,intervention,0.2494719686989688
12,30,6,intervention,0.5138353052506168
15,10,6,intervention,0.2813541827494222
15,30,6,intervention,0.5153584028404234
18,10,6,intervention,0.20108521134813087
18,30,6,intervention,0.4302145171903403
21,10,6,intervention,0.12192997071767094
21,30,6,intervention,0.39961359508667854
24,10,6,intervention,0.2127359655722036
24,30,6,intervention,0.2722008948543806
27,10,6,intervention,0.14998790250453808
27,30,6,intervention,0.2976145241767243
30,10,6,intervention,-0.02822018563393493
30,30,6,intervention,0.21246460806648465
33,10,6,intervention,-0.01619768934879521
33,30,6,intervention,-0.00571628752795279
36,10,6,intervention,-0.07056222577144047
36,30,6,intervention,-0.1363557504326864
39,10,6,intervention,-0.03048141547868517
39,30,6,intervention,-0.04433850185282985
42,10,6,intervention,0.03802270700604557
42,30,6,intervention,-0.03347973450688275
45,10,6,intervention,-0.04154154572815323
45,30,6,intervention,-0.1122982509969646
48,10,6,intervention,0.00816060021837715
48,30,6,intervention,-0.07913160959492606
0,10,60,intervention,0.3788685726830683
0,30,60,intervention,0.7756965599323893
3,10,60,intervention,0.2950295251775561
3,30,60,intervention,0.6876035249621757
6,10,60,intervention,0.2351804909060068
6,30,60,intervention,0.6935280586191382
9,10,60,intervention,0.2720607838726507
9,30,60,intervention,0.5326588134061984
12,10,60,intervention,0.22823904530033529
12,30,60,intervention,0.5834180162462529
15,10,60,intervention,0.16386570632567493
15,30,60,intervention,0.4438830173197571
18,10,60,intervention,0.1876230928274461
18,30,60,intervention,0.49851663178962696
21,10,60,intervention,0.2265299993889382
21,30,60,intervention,0.41849988761372103
24,10,60,intervention,0.1065818847297784
24,30,60,intervention,0.3131896085403929
27,10,60,intervention,0.15127607385079525
27,30,60,intervention,0.38629758527046265
30,10,60,intervention,0.17787165174252867
30,30,60,intervention,0.34542339155769586
33,10,60,intervention,0.09238016403072792
33,30,60,intervention,0.19777546170632887
36,10,60,intervention,0.08758098168469718
36,30,60,intervention,0.05113966617224552
39,10,60,intervention,-0.02185978321867988
39,30,60,intervention,0.03662147751235715
42,10,60,intervention,0.01769396670982109
42,30,60,intervention,0.06650743870003296
45,10,60,intervention,0.2157026484751944
45,30,60,intervention,0.09543957390508476
48,10,60,intervention,0.07150152378041477
48,30,60,intervention,-0.0053172974898882
0,10,61,intervention,0.1343837012597529
0,30,61,intervention,0.47693195040135866
3,10,61,intervention,0.211419455195185
3,30,61,intervention,0.44792154081202945
6,10,61,intervention,0.22128197532663216
6,30,61,intervention,0.3697014381225538
9,10,61,intervention,0.22912919518602537
9,30,61,intervention,0.42594084734681975
12,10,61,intervention,0.01158379348802803
12,30,61,intervention,0.2693112820326437
15,10,61,intervention,0.1275092248063727
15,30,61,intervention,0.328318855374247
18,10,61,intervention,0.17026028366503693
18,30,61,intervention,0.2922997761603594
21,10,61,intervention,0.110416731333044
21,30,61,intervention,0.23997932465027352
24,10,61,intervention,0.03383632242253366
24,30,61,intervention,0.1355957010795162
27,10,61,intervention,0.02692880309746179
27,30,61,intervention,0.20736610529810745
30,10,61,intervention,-0.02962164317820652
30,30,61,intervention,0.1500736470407384
33,10,61,intervention,0.10458252583649476
33,30,61,intervention,0.09528804706830908
36,10,61,intervention,0.02815950686588632
36,30,61,intervention,-0.01119680120986149
39,10,61,intervention,-0.01732299799008879
39,30,61,intervention,0.03052227178606127
42,10,61,intervention,-0.00615373895007208
42,30,61,intervention,0.05835575641220127
45,10,61,intervention,0.05886316517747939
45,30,61,intervention,0.00742885278918534
48,10,61,intervention,-0.0163260704905919
48,30,61,intervention,-0.00929534727798469
0,10,62,intervention,0.11226196029303025
0,30,62,intervention,0.24179895039824684
3,10,62,intervention,0.11045778187346644
3,30,62,intervention,0.23094135509122377
6,10,62,intervention,0.10495562164716868
6,30,62,intervention,0.22951630243963503
9,10,62,intervention,0.14172504228562277
9,30,62,intervention,0.19362585289809148
12,10,62,intervention,0.11361589508599826
12,30,62,intervention,0.18808140080996424
15,10,62,intervention,0.05948222934303356
15,30,62,intervention,0.16790628867447707
18,10,62,intervention,0.02445817328725713
18,30,62,intervention,0.15585110031889654
21,10,62,intervention,0.02421360561007819
21,30,62,intervention,0.10482600205948292
24,10,62,intervention,0.08037964697814876
24,30,62,intervention,0.12044130058603832
27,10,62,intervention,0.0659896347713529
27,30,62,intervention,0.09498016088966234
30,10,62,intervention,0.06813517174114873
30,30,62,intervention,0.08273898791130911
33,10,62,intervention,0.00632865379912219
33,30,62,intervention,0.0540891480653586
36,10,62,intervention,0.02563383456632299
36,30,62,intervention,0.04247934592434553
39,10,62,intervention,-8.2735913753861e-4
39,30,62,intervention,0.00195744046433986
42,10,62,intervention,0.01048485160826893
42,30,62,intervention,0.04379658845970512
45,10,62,intervention,0.0635869786018162
45,30,62,intervention,0.0539785168963445
48,10,62,intervention,0.02914322191678605
48,30,62,intervention,0.04483811668575622
0,10,63,intervention,0.2697628159745778
0,30,63,intervention,0.48144941276696435
3,10,63,intervention,0.22105758418857507
3,30,63,intervention,0.4470537319786214
6,10,63,intervention,0.1902601023512839
6,30,63,intervention,0.4288631080503589
9,10,63,intervention,0.2484630469355621
9,30,63,intervention,0.5141781698640869
12,10,63,intervention,0.159792525145251
12,30,63,intervention,0.36006571303527996
15,10,63,intervention,0.21471906438030924
15,30,63,intervention,0.37951532200044696
18,10,63,intervention,0.12163245177845616
18,30,63,intervention,0.3085593375759655
21,10,63,intervention,0.32740197001017257
21,30,63,intervention,0.3288704063356272
24,10,63,intervention,0.11870181165052596
24,30,63,intervention,0.2525567051031011
27,10,63,intervention,0.03249278162132915
27,30,63,intervention,0.16785103334882434
30,10,63,intervention,0.11879416105514432
30,30,63,intervention,0.18541804857689
33,10,63,intervention,0.14071121707578133
33,30,63,intervention,0.20656020968239855
36,10,63,intervention,0.04441423198283754
36,30,63,intervention,0.0536546651123668
39,10,63,intervention,0.05104655545033961
39,30,63,intervention,0.08876364439638024
42,10,63,intervention,0.11528140584968888
42,30,63,intervention,0.093889348052479
45,10,63,intervention,0.04751556565704609
45,30,63,intervention,0.08091411096887778
48,10,63,intervention,0.09173332684074964
48,30,63,intervention,0.06770773608796202
0,10,64,intervention,0.4071041112405088
0,30,64,intervention,0.6490798632880477
3,10,64,intervention,0.3502106354440651
3,30,64,intervention,0.7333319386309274
6,10,64,intervention,0.32185552562161557
6,30,64,intervention,0.6423704183656823
9,10,64,intervention,0.26428174709853613
9,30,64,intervention,0.5039229288771947
12,10,64,intervention,0.22569779782699495
12,30,64,intervention,0.4731436768253404
15,10,64,intervention,0.20220697376209337
15,30,64,intervention,0.5320607027602233
18,10,64,intervention,0.246725420433892
18,30,64,intervention,0.5033487892594334
21,10,64,intervention,0.29521585694430047
21,30,64,intervention,0.432684521427198
24,10,64,intervention,0.2298470695247176
24,30,64,intervention,0.364015802208504
27,10,64,intervention,0.1406965418417109
27,30,64,intervention,0.2588102945065937
30,10,64,intervention,0.13347385222126618
30,30,64,intervention,0.23740515757242708
33,10,64,intervention,0.01864082502507388
33,30,64,intervention,0.10287972882399152
36,10,64,intervention,0.06519451059193877
36,30,64,intervention,0.0189150946965577
39,10,64,intervention,0.04688828318172222
39,30,64,intervention,0.03775017029710788
42,10,64,intervention,0.0273600512424253
42,30,64,intervention,0.12136227568898506
45,10,64,intervention,0.01574101425553557
45,30,64,intervention,0.025167697588128
48,10,64,intervention,0.05723719561387969
48,30,64,intervention,0.04278896450414628
0,10,65,intervention,0.18818885711632868
0,30,65,intervention,0.36981470234239294
3,10,65,intervention,0.09976889624275367
3,30,65,intervention,0.3590508560932821
6,10,65,intervention,0.1247256574610706
6,30,65,intervention,0.3834442260738988
9,10,65,intervention,0.07105896558877266
9,30,65,intervention,0.33381557851175214
12,10,65,intervention,0.10974323328288443
12,30,65,intervention,0.3358120649095767
15,10,65,intervention,0.0933191843093804
15,30,65,intervention,0.2959445922708728
18,10,65,intervention,0.10472181826951044
18,30,65,intervention,0.22153368496877357
21,10,65,intervention,0.08820402998009949
21,30,65,intervention,0.19515848055256396
24,10,65,intervention,0.04772611317087962
24,30,65,intervention,0.15617604844402477
27,10,65,intervention,0.00771405077169692
27,30,65,intervention,0.14463403778124503
30,10,65,intervention,0.12365088679025468
30,30,65,intervention,0.15419604315081362
33,10,65,intervention,-0.01084398901377217
33,30,65,intervention,0.05911643115008655
36,10,65,intervention,-0.0571431121837383
36,30,65,intervention,-0.02721113744070093
39,10,65,intervention,0.06283746085140866
39,30,65,intervention,0.02043886021559624
42,10,65,intervention,-0.01043745347197301
42,30,65,intervention,-0.05092885750639388
45,10,65,intervention,0.00607466240356739
45,30,65,intervention,-0.0371819804702308
48,10,65,intervention,-0.03394602697341098
48,30,65,intervention,-0.04099301501760489
0,10,66,intervention,0.1661425341519996
0,30,66,intervention,0.28187338847273014
3,10,66,intervention,0.0673947182670318
3,30,66,intervention,0.30300911283099013
6,10,66,intervention,0.1263803209921187
6,30,66,intervention,0.27067176820288885
9,10,66,intervention,0.125833198410942
9,30,66,intervention,0.22729690352608364
12,10,66,intervention,0.05773790492099063
12,30,66,intervention,0.21692836313276245
15,10,66,intervention,0.05684694435697216
15,30,66,intervention,0.17585428032403796
18,10,66,intervention,0.08515902873451764
18,30,66,intervention,0.19693051143123863
21,10,66,intervention,0.0187797259788007
21,30,66,intervention,0.12179806759172045
24,10,66,intervention,0.04130901249383448
24,30,66,intervention,0.0572790718157813
27,10,66,intervention,0.08671787481965836
27,30,66,intervention,0.10504283975430892
30,10,66,intervention,0.08505683022819016
30,30,66,intervention,0.10108260688986052
33,10,66,intervention,0.02088452455874359
33,30,66,intervention,0.03186790800010409
36,10,66,intervention,-0.02829020805382711
36,30,66,intervention,-0.00274538402170729
39,10,66,intervention,-0.02336396150325309
39,30,66,intervention,-0.05957982123668236
42,10,66,intervention,0.00256599189975226
42,30,66,intervention,-0.02311139095301825
45,10,66,intervention,-0.02754504041899415
45,30,66,intervention,0.00967461145767615
48,10,66,intervention,0.00973953425918152
48,30,66,intervention,-0.00976826722538099
0,10,67,intervention,0.22793099729514668
0,30,67,intervention,0.4316607039406225
3,10,67,intervention,0.13047284817811727
3,30,67,intervention,0.44985574189802574
6,10,67,intervention,0.20789219393363903
6,30,67,intervention,0.4394486343462399
9,10,67,intervention,0.1930015885643197
9,30,67,intervention,0.4298871364592237
12,10,67,intervention,0.16500820826465237
12,30,67,intervention,0.34568024642640993
15,10,67,intervention,0.15242147809830095
15,30,67,intervention,0.392155176601744
18,10,67,intervention,0.03423653041956015
18,30,67,intervention,0.325750411546595
21,10,67,intervention,0.03002108251877884
21,30,67,intervention,0.2210256686105297
24,10,67,intervention,0.1404776677431582
24,30,67,intervention,0.17039920636157624
27,10,67,intervention,0.05454841634020736
27,30,67,intervention,0.12910404104712864
30,10,67,intervention,0.1803511790308194
30,30,67,intervention,0.1059672057619974
33,10,67,intervention,0.00642164917228696
33,30,67,intervention,0.067336343800819
36,10,67,intervention,-0.08643768937728742
36,30,67,intervention,-0.05453728211848303
39,10,67,intervention,-0.10482727442063168
39,30,67,intervention,-0.0312150635863549
42,10,67,intervention,-0.05500925421423001
42,30,67,intervention,-0.01842021304267882
45,10,67,intervention,-0.1252333707461326
45,30,67,intervention,-0.05146453996278159
48,10,67,intervention,-0.01195963807171649
48,30,67,intervention,-0.02783933536841732
0,10,68,intervention,0.23600241640940436
0,30,68,intervention,0.506507472033332
3,10,68,intervention,0.22606062681390648
3,30,68,intervention,0.463183101258857
6,10,68,intervention,0.20438618721541033
6,30,68,intervention,0.5618562915605017
9,10,68,intervention,0.1882388795105384
9,30,68,intervention,0.3802671281693392
12,10,68,intervention,0.20698098991679523
12,30,68,intervention,0.34549469238312064
15,10,68,intervention,0.23486635246857915
15,30,68,intervention,0.386376130486955
18,10,68,intervention,0.0971913969281156
18,30,68,intervention,0.3667604584521253
21,10,68,intervention,0.1207604015560638
21,30,68,intervention,0.28877236614945057
24,10,68,intervention,0.08203046199768413
24,30,68,intervention,0.27309434977578395
27,10,68,intervention,0.14407210266629836
27,30,68,intervention,0.2019757607310665
30,10,68,intervention,0.15911763924908492
30,30,68,intervention,0.1920792368589678
33,10,68,intervention,0.1321884312272981
33,30,68,intervention,0.11507557574827988
36,10,68,intervention,0.0963636763680827
36,30,68,intervention,0.05075346955998044
39,10,68,intervention,0.03808517211452256
39,30,68,intervention,0.0530092936713687
42,10,68,intervention,0.01087373937552381
42,30,68,intervention,0.00912483158174211
45,10,68,intervention,0.02264880752597768
45,30,68,intervention,-0.00220892127926514
48,10,68,intervention,0.01906913161101927
48,30,68,intervention,0.00336072952274803
0,10,69,intervention,0.3986096471103053
0,30,69,intervention,0.6441988715028604
3,10,69,intervention,0.382237487133182
3,30,69,intervention,0.7572477006377857
6,10,69,intervention,0.2878726664677235
6,30,69,intervention,0.6796881760287571
9,10,69,intervention,0.2417137913884909
9,30,69,intervention,0.6301349659214474
12,10,69,intervention,0.14244123800314398
12,30,69,intervention,0.47508688714400776
15,10,69,intervention,0.2474996247990324
15,30,69,intervention,0.5922442495971483
18,10,69,intervention,0.3349323415099918
18,30,69,intervention,0.49027999293073066
21,10,69,intervention,0.3680148992675278
21,30,69,intervention,0.46582853142917474
24,10,69,intervention,0.1181077980417178
24,30,69,intervention,0.2937661385191421
27,10,69,intervention,0.14917446565998346
27,30,69,intervention,0.2808088262186283
30,10,69,intervention,0.04811010921398243
30,30,69,intervention,0.1352173034538251
33,10,69,intervention,-0.04189502816662965
33,30,69,intervention,-0.05581326399231556
36,10,69,intervention,-0.18546536617194476
36,30,69,intervention,-0.19578425712198397
39,10,69,intervention,-0.14454229601958804
39,30,69,intervention,-0.1433816936543646
42,10,69,intervention,-0.07746857876499925
42,30,69,intervention,-0.15388491791807715
45,10,69,intervention,-0.261654334233423
45,30,69,intervention,-0.24076604912300567
48,10,69,intervention,-0.21283341814681184
48,30,69,intervention,-0.2157578377311693
0,10,7,intervention,0.13883579848343922
0,30,7,intervention,0.28613713835750654
3,10,7,intervention,0.16318549332441945
3,30,7,intervention,0.3014373780558676
6,10,7,intervention,0.1473927112898391
6,30,7,intervention,0.31803765491015235
9,10,7,intervention,0.04485760972360813
9,30,7,intervention,0.25670393628054583
12,10,7,intervention,0.1365501690456659
12,30,7,intervention,0.23878224289075667
15,10,7,intervention,0.11292012894074396
15,30,7,intervention,0.28515603989809296
18,10,7,intervention,0.05155392242156389
18,30,7,intervention,0.1820648151714762
21,10,7,intervention,0.0437476556295998
21,30,7,intervention,0.13476218916537547
24,10,7,intervention,-0.03440997407130882
24,30,7,intervention,0.1240154642397881
27,10,7,intervention,0.05085276536310663
27,30,7,intervention,0.06595540120116626
30,10,7,intervention,-0.00564320713114228
30,30,7,intervention,0.06001371649664021
33,10,7,intervention,0.05441569026595139
33,30,7,intervention,0.04340931605230982
36,10,7,intervention,-0.03169836954111603
36,30,7,intervention,-0.02368901446339412
39,10,7,intervention,-0.01986921487930992
39,30,7,intervention,-0.03094590031549682
42,10,7,intervention,-0.03851542020110915
42,30,7,intervention,-0.03727924177138031
45,10,7,intervention,-0.02188481476970287
45,30,7,intervention,-0.00441951917612245
48,10,7,intervention,-0.03479990860406815
48,30,7,intervention,-0.05596238041558941
0,10,70,intervention,0.09671127299133184
0,30,70,intervention,0.24263069032435328
3,10,70,intervention,0.06694912035928065
3,30,70,intervention,0.23753603266174003
6,10,70,intervention,0.09981305613130066
6,30,70,intervention,0.2559931276480002
9,10,70,intervention,0.07354220902305515
9,30,70,intervention,0.18711676877691488
12,10,70,intervention,0.0126171468366405
12,30,70,intervention,0.13461536094588378
15,10,70,intervention,0.08237282509213599
15,30,70,intervention,0.17822701803397606
18,10,70,intervention,0.06663274243347923
18,30,70,intervention,0.16148630679084142
21,10,70,intervention,0.0123333331133437
21,30,70,intervention,0.11922197140745117
24,10,70,intervention,0.04522247415420556
24,30,70,intervention,0.08617798336821245
27,10,70,intervention,0.04556876275503044
27,30,70,intervention,0.07977936722925894
30,10,70,intervention,0.00744317334937142
30,30,70,intervention,0.06948262801857685
33,10,70,intervention,-0.01786210635539602
33,30,70,intervention,-0.04326023869275471
36,10,70,intervention,0.02823273127466517
36,30,70,intervention,0.0100283273520818
39,10,70,intervention,-0.02599401681825814
39,30,70,intervention,-0.00936079084855915
42,10,70,intervention,0.01538988360828311
42,30,70,intervention,0.02496495316088522
45,10,70,intervention,-0.02996500658691324
45,30,70,intervention,-0.0372171770374408
48,10,70,intervention,-0.02146558752875625
48,30,70,intervention,-0.01028488845952107
0,10,71,intervention,0.1110737101865952
0,30,71,intervention,0.29100510300995996
3,10,71,intervention,0.153866778627088
3,30,71,intervention,0.29029986881961267
6,10,71,intervention,0.0806686352277742
6,30,71,intervention,0.2732903284143935
9,10,71,intervention,0.06953576540824007
9,30,71,intervention,0.2506410439791038
12,10,71,intervention,0.16970458070217334
12,30,71,intervention,0.24517405005945309
15,10,71,intervention,0.02517950646930104
15,30,71,intervention,0.22796872708417656
18,10,71,intervention,0.02990097216476288
18,30,71,intervention,0.1509249732454616
21,10,71,intervention,0.04644665949970868
21,30,71,intervention,0.10166584679926172
24,10,71,intervention,-0.02731404271885832
24,30,71,intervention,0.09302765489469172
27,10,71,intervention,0.03606707213635873
27,30,71,intervention,0.10126790480201751
30,10,71,intervention,0.00980488294998998
30,30,71,intervention,0.07365924119606927
33,10,71,intervention,0.05231433765385242
33,30,71,intervention,0.0293814302329394
36,10,71,intervention,-0.06050874424675775
36,30,71,intervention,-0.01713968641340732
39,10,71,intervention,0.00414425227205279
39,30,71,intervention,0.00109190045277856
42,10,71,intervention,0.00958566747581323
42,30,71,intervention,-0.01823599343030773
45,10,71,intervention,-0.03550742770834499
45,30,71,intervention,-0.02783575566982324
48,10,71,intervention,0.01457867264865209
48,30,71,intervention,-0.02911119809782451
0,10,72,intervention,0.3191173822107198
0,30,72,intervention,0.6168712061603446
3,10,72,intervention,0.2552992897262779
3,30,72,intervention,0.5808447066110062
6,10,72,intervention,0.2213247743626157
6,30,72,intervention,0.4908311265654913
9,10,72,intervention,0.3154505050396045
9,30,72,intervention,0.49860291589675126
12,10,72,intervention,0.1271942195960468
12,30,72,intervention,0.32774161634536325
15,10,72,intervention,0.10315449189620908
15,30,72,intervention,0.3760007904289344
18,10,72,intervention,0.20379277091811773
18,30,72,intervention,0.2879423757631256
21,10,72,intervention,0.1571153354162095
21,30,72,intervention,0.2142293133231561
24,10,72,intervention,0.09584966256517265
24,30,72,intervention,0.16814061576214556
27,10,72,intervention,0.0918860008177734
27,30,72,intervention,0.20372506234507048
30,10,72,intervention,0.11211990905383536
30,30,72,intervention,0.1957660040176781
33,10,72,intervention,0.04493155936794162
33,30,72,intervention,0.02782271236646454
36,10,72,intervention,-0.04225286354654618
36,30,72,intervention,-0.05442502271951479
39,10,72,intervention,0.01593854259519054
39,30,72,intervention,-0.01176150140428982
42,10,72,intervention,-0.01190519147595963
42,30,72,intervention,0.01873575456714523
45,10,72,intervention,-0.01997769107280108
45,30,72,intervention,0.0549155978777662
48,10,72,intervention,-0.01159954986843672
48,30,72,intervention,-0.02151996279928393
0,10,73,intervention,0.19055064215496423
0,30,73,intervention,0.3359904200985771
3,10,73,intervention,0.15824981298602375
3,30,73,intervention,0.32078406372632584
6,10,73,intervention,0.07135986009808044
6,30,73,intervention,0.3621747716756103
9,10,73,intervention,0.1068545521419545
9,30,73,intervention,0.29741596554195154
12,10,73,intervention,0.05902501919367183
12,30,73,intervention,0.27336373964987604
15,10,73,intervention,0.13516856338227295
15,30,73,intervention,0.2972131714843032
18,10,73,intervention,0.116138996641076
18,30,73,intervention,0.2894297564153295
21,10,73,intervention,0.06239248243838267
21,30,73,intervention,0.26095451917282064
24,10,73,intervention,0.02496094024538842
24,30,73,intervention,0.1456778567992363
27,10,73,intervention,0.1167628271096823
27,30,73,intervention,0.18107433601953515
30,10,73,intervention,0.12169733692503636
30,30,73,intervention,0.13149211452701973
33,10,73,intervention,0.04052389208516504
33,30,73,intervention,0.06225982939027441
36,10,73,intervention,0.06920357639185021
36,30,73,intervention,0.04034137521740014
39,10,73,intervention,0.02486962547071416
39,30,73,intervention,0.02827810132126402
42,10,73,intervention,0.02228634488372652
42,30,73,intervention,0.04339111689117241
45,10,73,intervention,0.03164042763439095
45,30,73,intervention,0.04992205584551664
48,10,73,intervention,0.04021714756028859
48,30,73,intervention,0.06452317925523297
0,10,74,intervention,0.2343285548249442
0,30,74,intervention,0.4555856437371747
3,10,74,intervention,0.18498383938704577
3,30,74,intervention,0.4690142956737264
6,10,74,intervention,0.2081678642390913
6,30,74,intervention,0.494316806513115
9,10,74,intervention,0.24688318341497784
9,30,74,intervention,0.4771694728860831
12,10,74,intervention,0.15796207833126685
12,30,74,intervention,0.3853657651670367
15,10,74,intervention,0.08933067348511667
15,30,74,intervention,0.3401677678501447
18,10,74,intervention,0.1053180367745495
18,30,74,intervention,0.3746556727865245
21,10,74,intervention,0.17246122706036604
21,30,74,intervention,0.3022078696524594
24,10,74,intervention,0.04907461210005291
24,30,74,intervention,0.20853155195740977
27,10,74,intervention,0.0407164676647517
27,30,74,intervention,0.17698110002311204
30,10,74,intervention,0.0915747867222977
30,30,74,intervention,0.1357604833312228
33,10,74,intervention,0.03081517725273279
33,30,74,intervention,-0.03238192266953191
36,10,74,intervention,-0.09553095400144462
36,30,74,intervention,-0.06370423190899543
39,10,74,intervention,-0.14571740367840108
39,30,74,intervention,-0.04400026036971225
42,10,74,intervention,-0.08635601302977952
42,30,74,intervention,-0.02040588645630699
45,10,74,intervention,-0.06178782280497294
45,30,74,intervention,-0.08108747473105936
48,10,74,intervention,-0.11631918727869676
48,30,74,intervention,-0.1035852634818028
0,10,75,intervention,0.4949591603230188
0,30,75,intervention,0.9479783771626356
3,10,75,intervention,0.6895007963514943
3,30,75,intervention,0.969329505516592
6,10,75,intervention,0.4635139791650978
6,30,75,intervention,0.8877047308763508
9,10,75,intervention,0.3876959797033989
9,30,75,intervention,0.99759309580981
12,10,75,intervention,0.5065794667842669
12,30,75,intervention,0.7545727230830287
15,10,75,intervention,0.5391606411897688
15,30,75,intervention,0.7715252395178226
18,10,75,intervention,0.35781648310522635
18,30,75,intervention,0.7762091559547422
21,10,75,intervention,0.3920127148463812
21,30,75,intervention,0.6242491883234279
24,10,75,intervention,0.1082763832047687
24,30,75,intervention,0.44718641177943785
27,10,75,intervention,0.20817909541318333
27,30,75,intervention,0.3893565716741173
30,10,75,intervention,0.22672907326583733
30,30,75,intervention,0.4487534378931308
33,10,75,intervention,0.05485024494973716
33,30,75,intervention,0.2363175333556277
36,10,75,intervention,0.16488544763288948
36,30,75,intervention,0.13391666247213152
39,10,75,intervention,0.02681539908989989
39,30,75,intervention,0.09733324741883516
42,10,75,intervention,0.15291410413459247
42,30,75,intervention,0.1363979788602606
45,10,75,intervention,0.09158701529901209
45,30,75,intervention,0.12059487465472378
48,10,75,intervention,0.12010892102283628
48,30,75,intervention,0.22342921980061753
0,10,76,intervention,0.20502744353004296
0,30,76,intervention,0.43786863651164737
3,10,76,intervention,0.1358423993088012
3,30,76,intervention,0.34236506446076614
6,10,76,intervention,0.11343952198455898
6,30,76,intervention,0.3778495055431122
9,10,76,intervention,0.23524488090373083
9,30,76,intervention,0.29122399324217496
12,10,76,intervention,0.19236452237345372
12,30,76,intervention,0.31039010302535297
15,10,76,intervention,0.13235884626444078
15,30,76,intervention,0.29211508131023045
18,10,76,intervention,0.1348443972450559
18,30,76,intervention,0.2465212671438121
21,10,76,intervention,0.05729288056410696
21,30,76,intervention,0.24564240250669983
24,10,76,intervention,0.07288430156209012
24,30,76,intervention,0.17329233984282108
27,10,76,intervention,0.0657117085613832
27,30,76,intervention,0.18204058612813315
30,10,76,intervention,0.04333883913462319
30,30,76,intervention,0.12698366565819366
33,10,76,intervention,0.0274675823180177
33,30,76,intervention,0.0410448642587331
36,10,76,intervention,0.00125184197589845
36,30,76,intervention,-0.0134888492376601
39,10,76,intervention,-0.00185132310955326
39,30,76,intervention,0.03623715389637088
42,10,76,intervention,0.02423659505623272
42,30,76,intervention,0.02942305203123016
45,10,76,intervention,0.04115561837536163
45,30,76,intervention,1.9251168648187e-4
48,10,76,intervention,0.01131060568008284
48,30,76,intervention,-0.02984771289962111
0,10,77,intervention,0.33627843283899733
0,30,77,intervention,0.7110315028225767
3,10,77,intervention,0.33992891189547647
3,30,77,intervention,0.6682951750165154
6,10,77,intervention,0.3449934189420604
6,30,77,intervention,0.714304379905549
9,10,77,intervention,0.25396173357766494
9,30,77,intervention,0.519791202328836
12,10,77,intervention,0.2319635111103483
12,30,77,intervention,0.4443651810154788
15,10,77,intervention,0.2837000017187294
15,30,77,intervention,0.5250699951671659
18,10,77,intervention,0.2228505417950337
18,30,77,intervention,0.434853268405771
21,10,77,intervention,0.17178315632038751
21,30,77,intervention,0.34366437892222385
24,10,77,intervention,0.1710139812660267
24,30,77,intervention,0.37205040742854656
27,10,77,intervention,0.1669425854109589
27,30,77,intervention,0.3558860736161206
30,10,77,intervention,0.24063269996586056
30,30,77,intervention,0.32968203151431236
33,10,77,intervention,0.06709583328155852
33,30,77,intervention,0.16844949447110685
36,10,77,intervention,0.11755250280518816
36,30,77,intervention,0.11611527230824605
39,10,77,intervention,0.02039935161798582
39,30,77,intervention,0.13001699545050818
42,10,77,intervention,0.08973326691171125
42,30,77,intervention,0.09442085101916176
45,10,77,intervention,0.0756755259876745
45,30,77,intervention,0.11034171608181982
48,10,77,intervention,0.1062037423240956
48,30,77,intervention,0.09175069130451416
0,10,78,intervention,0.3641202419332269
0,30,78,intervention,0.7098757552696208
3,10,78,intervention,0.334783687386632
3,30,78,intervention,0.5889343287504262
6,10,78,intervention,0.3457072588351267
6,30,78,intervention,0.6961043355225925
9,10,78,intervention,0.3385898627844794
9,30,78,intervention,0.6520895619118303
12,10,78,intervention,0.18584445597470772
12,30,78,intervention,0.4626884348336144
15,10,78,intervention,0.2782242783148951
15,30,78,intervention,0.5670413497878036
18,10,78,intervention,0.16503309863229734
18,30,78,intervention,0.4370574265105859
21,10,78,intervention,0.17236617537386684
21,30,78,intervention,0.36094959300290463
24,10,78,intervention,0.1433622353705059
24,30,78,intervention,0.3511765944527016
27,10,78,intervention,0.13319287531342125
27,30,78,intervention,0.2704162842083357
30,10,78,intervention,0.01930576138899706
30,30,78,intervention,0.31641749315456436
33,10,78,intervention,0.05967927268925262
33,30,78,intervention,0.05652096249812872
36,10,78,intervention,0.01604749629445786
36,30,78,intervention,-0.04497104355317742
39,10,78,intervention,-0.02221331971582351
39,30,78,intervention,-0.02628890428933716
42,10,78,intervention,-0.02322141998809178
42,30,78,intervention,0.04796563171643889
45,10,78,intervention,-0.08696106446403568
45,30,78,intervention,-0.034070888807571
48,10,78,intervention,0.06686807346537639
48,30,78,intervention,-0.02286598032976362
0,10,79,intervention,0.30062077165233925
0,30,79,intervention,0.6845738887133174
3,10,79,intervention,0.384745377849859
3,30,79,intervention,0.6714022458415435
6,10,79,intervention,0.32474371051082773
6,30,79,intervention,0.5734776212218872
9,10,79,intervention,0.26416707779087806
9,30,79,intervention,0.5709072859159262
12,10,79,intervention,0.28540234533016623
12,30,79,intervention,0.5054907758144319
15,10,79,intervention,0.2200794867077873
15,30,79,intervention,0.4994833859469593
18,10,79,intervention,0.18550190286675475
18,30,79,intervention,0.42198619505770835
21,10,79,intervention,0.23506512637856436
21,30,79,intervention,0.3864941230534028
24,10,79,intervention,0.16472705902836507
24,30,79,intervention,0.3038481312800787
27,10,79,intervention,0.1104347030713851
27,30,79,intervention,0.3212729405841792
30,10,79,intervention,0.06768023992583773
30,30,79,intervention,0.22709487259675615
33,10,79,intervention,0.11364520174884882
33,30,79,intervention,0.13991906525290915
36,10,79,intervention,0.01023604220537029
36,30,79,intervention,0.02829807784337719
39,10,79,intervention,0.00551687030344945
39,30,79,intervention,0.09019794907412096
42,10,79,intervention,0.03410851566458762
42,30,79,intervention,0.05824713641971717
45,10,79,intervention,-0.00969663511835751
45,30,79,intervention,0.01840718981465148
48,10,79,intervention,4.9851903433338e-4
48,30,79,intervention,-0.00739909035118812
0,10,8,intervention,0.25339092954001124
0,30,8,intervention,0.5036617283885939
3,10,8,intervention,0.2828833395833279
3,30,8,intervention,0.5418591973599349
6,10,8,intervention,0.3178768042925286
6,30,8,intervention,0.4163027774910541
9,10,8,intervention,0.1654325232644089
9,30,8,intervention,0.38046646738347256
12,10,8,intervention,0.11963715162345788
12,30,8,intervention,0.33156766889573447
15,10,8,intervention,0.18549854467905336
15,30,8,intervention,0.37563847486721264
18,10,8,intervention,0.2208007351740324
18,30,8,intervention,0.34493489354600854
21,10,8,intervention,0.1348999402679315
21,30,8,intervention,0.2262377693922553
24,10,8,intervention,0.06143716451017966
24,30,8,intervention,0.2546775410212011
27,10,8,intervention,0.08164812317019471
27,30,8,intervention,0.2558846678875465
30,10,8,intervention,-0.00532123060537251
30,30,8,intervention,0.1701278182363347
33,10,8,intervention,0.03142900156170895
33,30,8,intervention,0.06457154898399299
36,10,8,intervention,-0.02377666220477743
36,30,8,intervention,-0.02413532449165603
39,10,8,intervention,0.03823190541901668
39,30,8,intervention,-0.02793910602784806
42,10,8,intervention,-0.00596520969988598
42,30,8,intervention,0.06059584139845976
45,10,8,intervention,-0.00560611240969161
45,30,8,intervention,-0.02080435291741439
48,10,8,intervention,0.00310736487136188
48,30,8,intervention,-0.07158769309223875
0,10,80,intervention,0.1360137281722997
0,30,80,intervention,0.4864767105275319
3,10,80,intervention,0.11717335482082036
3,30,80,intervention,0.49657328358384634
6,10,80,intervention,0.19241123536636348
6,30,80,intervention,0.4318370025862562
9,10,80,intervention,0.2840383478256201
9,30,80,intervention,0.4479942942618364
12,10,80,intervention,0.01264606007893114
12,30,80,intervention,0.31457993834534265
15,10,80,intervention,0.13645043123508435
15,30,80,intervention,0.2632307514947259
18,10,80,intervention,0.12232711266760622
18,30,80,intervention,0.31841547685377797
21,10,80,intervention,0.02387423082633945
21,30,80,intervention,0.1088359424845682
24,10,80,intervention,0.03279745320777907
24,30,80,intervention,0.1714551077729681
27,10,80,intervention,0.01057024551748091
27,30,80,intervention,0.06322679655295632
30,10,80,intervention,-0.09686793408636982
30,30,80,intervention,0.03447112814158495
33,10,80,intervention,0.02409884683591023
33,30,80,intervention,-0.06193560353047107
36,10,80,intervention,-0.14256503572256993
36,30,80,intervention,-0.06459858097087558
39,10,80,intervention,-0.0011866877945942
39,30,80,intervention,-0.03863267646799082
42,10,80,intervention,-0.01948816585815253
42,30,80,intervention,-0.10247359801422048
45,10,80,intervention,-0.03176825208548405
45,30,80,intervention,-0.13198279841201177
48,10,80,intervention,-0.00773524417426749
48,30,80,intervention,-0.06641451144000768
0,10,81,intervention,0.15038584605596847
0,30,81,intervention,0.3208194964583755
3,10,81,intervention,0.11651643501588174
3,30,81,intervention,0.3477423985040392
6,10,81,intervention,0.12309562348506732
6,30,81,intervention,0.31786589254701136
9,10,81,intervention,0.1317622292873103
9,30,81,intervention,0.2958145820630336
12,10,81,intervention,0.07880954967124044
12,30,81,intervention,0.22899959497262043
15,10,81,intervention,0.06894886824207898
15,30,81,intervention,0.21358974829175872
18,10,81,intervention,0.1009075200483406
18,30,81,intervention,0.25941275794257423
21,10,81,intervention,0.05388258268585419
21,30,81,intervention,0.18158206516642825
24,10,81,intervention,0.0281971533093903
24,30,81,intervention,0.11323842576169876
27,10,81,intervention,0.07464708110564872
27,30,81,intervention,0.11580338237732288
30,10,81,intervention,0.02944052913777568
30,30,81,intervention,0.08638183165302332
33,10,81,intervention,-0.01818117087875909
33,30,81,intervention,0.06146971842843871
36,10,81,intervention,0.00554283993902792
36,30,81,intervention,0.01183241084343472
39,10,81,intervention,0.0542025016952514
39,30,81,intervention,0.04501617849969978
42,10,81,intervention,-0.02032315981507762
42,30,81,intervention,-0.00106579052535798
45,10,81,intervention,0.02688225062521271
45,30,81,intervention,-0.01062277797778859
48,10,81,intervention,0.03447998168985067
48,30,81,intervention,0.0163677965802551
0,10,82,intervention,0.5540908611070301
0,30,82,intervention,0.939124088992365
3,10,82,intervention,0.5530324941019358
3,30,82,intervention,1.100092350526798
6,10,82,intervention,0.5965707129757982
6,30,82,intervention,1.1084080301473007
9,10,82,intervention,0.5994548473740982
9,30,82,intervention,0.9295836224172046
12,10,82,intervention,0.3710052772599666
12,30,82,intervention,1.030394071230163
15,10,82,intervention,0.6439896042764096
15,30,82,intervention,0.9077663814859795
18,10,82,intervention,0.4451348793389549
18,30,82,intervention,0.8411355303257695
21,10,82,intervention,0.3085642750126766
21,30,82,intervention,0.6732105186741942
24,10,82,intervention,0.36796317318141664
24,30,82,intervention,0.587282593367494
27,10,82,intervention,0.1902780677619859
27,30,82,intervention,0.549394095713464
30,10,82,intervention,0.33001132213914536
30,30,82,intervention,0.5290322247184351
33,10,82,intervention,0.12841919730966886
33,30,82,intervention,0.2881372731595818
36,10,82,intervention,-0.04380220683094322
36,30,82,intervention,0.09564983583312704
39,10,82,intervention,0.10881252419504732
39,30,82,intervention,0.1344044249423114
42,10,82,intervention,0.01668007991169462
42,30,82,intervention,0.09215391668363072
45,10,82,intervention,-0.01870814412402905
45,30,82,intervention,0.04185063080313567
48,10,82,intervention,0.04430915330136215
48,30,82,intervention,0.10016027588452012
0,10,83,intervention,0.22781431012034384
0,30,83,intervention,0.44608412360319777
3,10,83,intervention,0.21912395254685113
3,30,83,intervention,0.5130987173203101
6,10,83,intervention,0.24914881335061695
6,30,83,intervention,0.4579063660867461
9,10,83,intervention,0.2098175593017876
9,30,83,intervention,0.37955212330418714
12,10,83,intervention,0.16983623153336608
12,30,83,intervention,0.3679466459079264
15,10,83,intervention,0.1835500903363884
15,30,83,intervention,0.30976351229437776
18,10,83,intervention,0.12237514922285687
18,30,83,intervention,0.27219158258081944
21,10,83,intervention,0.10490625496341476
21,30,83,intervention,0.30251605263565384
24,10,83,intervention,0.09382312109800509
24,30,83,intervention,0.1653907585598186
27,10,83,intervention,0.10877288441357225
27,30,83,intervention,0.20681478364037953
30,10,83,intervention,0.08438539598815512
30,30,83,intervention,0.1871521954407997
33,10,83,intervention,0.01841174120390842
33,30,83,intervention,0.08754496079593337
36,10,83,intervention,0.08977399911466896
36,30,83,intervention,0.0646260490387278
39,10,83,intervention,0.03312858372558142
39,30,83,intervention,0.06271473836191119
42,10,83,intervention,0.01849909056995763
42,30,83,intervention,0.05479591523025589
45,10,83,intervention,-0.00537538847076673
45,30,83,intervention,0.01199306935221902
48,10,83,intervention,0.02899252638712369
48,30,83,intervention,0.05195447255575874
0,10,84,intervention,0.4822321598568624
0,30,84,intervention,0.631873682469894
3,10,84,intervention,0.24570571430602495
3,30,84,intervention,0.6782633626578962
6,10,84,intervention,0.4062505839733074
6,30,84,intervention,0.7037000171120499
9,10,84,intervention,0.14777081062132333
9,30,84,intervention,0.4413061921268018
12,10,84,intervention,0.19643279499872415
12,30,84,intervention,0.44495403655384447
15,10,84,intervention,0.11833817345497669
15,30,84,intervention,0.42952319420140384
18,10,84,intervention,0.3564945491488182
18,30,84,intervention,0.4931313144211461
21,10,84,intervention,0.07480967858646866
21,30,84,intervention,0.3301348172373311
24,10,84,intervention,0.1719424638614233
24,30,84,intervention,0.3066932986618203
27,10,84,intervention,0.18608243959245865
27,30,84,intervention,0.2992265281792665
30,10,84,intervention,0.00567288878719005
30,30,84,intervention,0.18182797169364556
33,10,84,intervention,-0.11061354694898697
33,30,84,intervention,0.08964918932187597
36,10,84,intervention,-0.09515882703801296
36,30,84,intervention,0.00902284401152822
39,10,84,intervention,-0.08777036933007651
39,30,84,intervention,-0.03163128244058899
42,10,84,intervention,-0.11437441433334349
42,30,84,intervention,-0.08480936875256669
45,10,84,intervention,-0.1266193077015174
45,30,84,intervention,-0.0787421673855988
48,10,84,intervention,-0.07379314345570656
48,30,84,intervention,0.0073834540164548
0,10,85,intervention,0.23808903438996837
0,30,85,intervention,0.5478055946067262
3,10,85,intervention,0.33996708783346513
3,30,85,intervention,0.5748406422957604
6,10,85,intervention,0.26119351425064335
6,30,85,intervention,0.5149391155777144
9,10,85,intervention,0.1533353374648131
9,30,85,intervention,0.45967431170458856
12,10,85,intervention,0.1521142071590045
12,30,85,intervention,0.4499409456994209
15,10,85,intervention,0.2208439921951674
15,30,85,intervention,0.3946567739241445
18,10,85,intervention,0.2085082325627192
18,30,85,intervention,0.3076726349373675
21,10,85,intervention,0.13521499388301125
21,30,85,intervention,0.2871779918544789
24,10,85,intervention,0.0852343772247417
24,30,85,intervention,0.2357269305915213
27,10,85,intervention,0.0237001794706601
27,30,85,intervention,0.25164205379559956
30,10,85,intervention,0.112674479411173
30,30,85,intervention,0.21334822023247269
33,10,85,intervention,0.02919428250477353
33,30,85,intervention,0.05387777162268127
36,10,85,intervention,-0.00832921812162
36,30,85,intervention,-0.02822252924087357
39,10,85,intervention,-0.07006706073429834
39,30,85,intervention,-0.07091217202914839
42,10,85,intervention,-0.04732506550131088
42,30,85,intervention,-0.04592928869143403
45,10,85,intervention,0.00283043942850485
45,30,85,intervention,0.00716256954384785
48,10,85,intervention,-0.05983452925646264
48,30,85,intervention,-0.02060100924848039
0,10,86,intervention,0.07070806727038888
0,30,86,intervention,0.23565450756239031
3,10,86,intervention,0.14787719190842705
3,30,86,intervention,0.29274908430349944
6,10,86,intervention,0.11657322077393235
6,30,86,intervention,0.23966270968609535
9,10,86,intervention,0.02499101204433136
9,30,86,intervention,0.2159834733976091
12,10,86,intervention,0.1404026506406939
12,30,86,intervention,0.12852390547097145
15,10,86,intervention,0.07082840455685811
15,30,86,intervention,0.12795932075126312
18,10,86,intervention,0.08595519866686115
18,30,86,intervention,0.13816102360964708
21,10,86,intervention,0.0559865280197344
21,30,86,intervention,0.0618049296125252
24,10,86,intervention,-0.01333026129389682
24,30,86,intervention,0.06662210358737955
27,10,86,intervention,0.00261348343420007
27,30,86,intervention,0.06595450097067422
30,10,86,intervention,0.06859208364230335
30,30,86,intervention,0.09516145106784275
33,10,86,intervention,0.00766696138601841
33,30,86,intervention,0.06201337760067424
36,10,86,intervention,-0.01730041276095117
36,30,86,intervention,-0.01081575892147793
39,10,86,intervention,0.03075375050362176
39,30,86,intervention,0.02388378891909149
42,10,86,intervention,0.01508073670933027
42,30,86,intervention,-0.02256320468994909
45,10,86,intervention,0.00434157208853204
45,30,86,intervention,-0.01810419097399676
48,10,86,intervention,0.01596751366603022
48,30,86,intervention,-0.00846649209603028
0,10,87,intervention,0.06639728112918786
0,30,87,intervention,0.21283952780649928
3,10,87,intervention,0.1222077177921072
3,30,87,intervention,0.14485489193198794
6,10,87,intervention,0.07847519058703425
6,30,87,intervention,0.18692061684161929
9,10,87,intervention,0.02993682520878505
9,30,87,intervention,0.11738240508312694
12,10,87,intervention,0.09391181863960806
12,30,87,intervention,0.10242377332496684
15,10,87,intervention,0.01578517648534722
15,30,87,intervention,0.10710645179889834
18,10,87,intervention,0.06732696926920817
18,30,87,intervention,0.0752046293693494
21,10,87,intervention,0.01907507529646098
21,30,87,intervention,0.06135077310572515
24,10,87,intervention,0.02737681964626204
24,30,87,intervention,0.04840281438145469
27,10,87,intervention,0.04582290113461422
27,30,87,intervention,0.06538644263436007
30,10,87,intervention,-0.03370641104370196
30,30,87,intervention,0.02518672669097857
33,10,87,intervention,-0.00637790983382658
33,30,87,intervention,-0.00380152361310941
36,10,87,intervention,0.01868242126794567
36,30,87,intervention,0.01155348984461065
39,10,87,intervention,0.01948588485418961
39,30,87,intervention,0.00397276601323849
42,10,87,intervention,-0.01100821279582551
42,30,87,intervention,-0.00209701671733666
45,10,87,intervention,-0.00314385181021111
45,30,87,intervention,-0.02080983483040691
48,10,87,intervention,-0.01172449503522336
48,30,87,intervention,-0.01431992892292128
0,10,88,intervention,0.30099986024613096
0,30,88,intervention,0.6872400005567566
3,10,88,intervention,0.34596770033870855
3,30,88,intervention,0.6218659464489982
6,10,88,intervention,0.29288690085964275
6,30,88,intervention,0.6573959927861844
9,10,88,intervention,0.3141100156256858
9,30,88,intervention,0.5560164373154519
12,10,88,intervention,0.2829257750893488
12,30,88,intervention,0.4578086215964174
15,10,88,intervention,0.20089922477661892
15,30,88,intervention,0.4882695609148254
18,10,88,intervention,0.29081162917566294
18,30,88,intervention,0.47785610582379767
21,10,88,intervention,0.24262479224745667
21,30,88,intervention,0.35260407163353336
24,10,88,intervention,0.18701772172911785
24,30,88,intervention,0.36241129953192647
27,10,88,intervention,0.16862997528124868
27,30,88,intervention,0.27075563112843865
30,10,88,intervention,0.08487388285407717
30,30,88,intervention,0.358645794063309
33,10,88,intervention,-0.04206455799905212
33,30,88,intervention,0.1348290920739793
36,10,88,intervention,-0.01291957278497036
36,30,88,intervention,0.00919047123413972
39,10,88,intervention,0.01270906150901236
39,30,88,intervention,0.01037905631469606
42,10,88,intervention,0.05185358545604033
42,30,88,intervention,0.01873146425437723
45,10,88,intervention,-0.02964679193288973
45,30,88,intervention,0.02174976490087565
48,10,88,intervention,-0.08054792944899235
48,30,88,intervention,0.05066120691857787
0,10,89,intervention,0.08143710776218296
0,30,89,intervention,0.1997958377679982
3,10,89,intervention,0.11536138835271076
3,30,89,intervention,0.23884758614846735
6,10,89,intervention,0.07720077220065721
6,30,89,intervention,0.24217388869023176
9,10,89,intervention,0.09482679796230696
9,30,89,intervention,0.2088108956268926
12,10,89,intervention,0.0131587565627677
12,30,89,intervention,0.15500772274600527
15,10,89,intervention,0.04630258115447009
15,30,89,intervention,0.14828631763532887
18,10,89,intervention,0.03432573308837439
18,30,89,intervention,0.13618751065546525
21,10,89,intervention,0.01852728026099637
21,30,89,intervention,0.08654295971971268
24,10,89,intervention,-0.02824038753912756
24,30,89,intervention,0.08902613525047466
27,10,89,intervention,0.05759363597340655
27,30,89,intervention,0.05988635660059264
30,10,89,intervention,0.05919770761329345
30,30,89,intervention,0.06089983155272759
33,10,89,intervention,0.00671017845109512
33,30,89,intervention,0.02003910233652674
36,10,89,intervention,0.02461805904387527
36,30,89,intervention,9.8233062289351e-4
39,10,89,intervention,0.01876669290790024
39,30,89,intervention,0.00375410272760391
42,10,89,intervention,0.01060320802446272
42,30,89,intervention,-0.04325635896290382
45,10,89,intervention,-0.01784899103519573
45,30,89,intervention,-0.02687871264232563
48,10,89,intervention,0.00805832039728439
48,30,89,intervention,0.00374783848364611
0,10,9,intervention,0.1794931254846854
0,30,9,intervention,0.40243255022735175
3,10,9,intervention,0.17119009948297417
3,30,9,intervention,0.41030837845517015
6,10,9,intervention,0.210670916784323
6,30,9,intervention,0.4152709755427911
9,10,9,intervention,0.09094228306763766
9,30,9,intervention,0.40098904378477424
12,10,9,intervention,0.09818576397036782
12,30,9,intervention,0.26529950018687876
15,10,9,intervention,0.10215591012025955
15,30,9,intervention,0.2563762881606007
18,10,9,intervention,0.09050314349599006
18,30,9,intervention,0.31350266394548676
21,10,9,intervention,0.14756060346436345
21,30,9,intervention,0.21103841206786397
24,10,9,intervention,0.06653461260170893
24,30,9,intervention,0.16830447201334475
27,10,9,intervention,0.02767219001838448
27,30,9,intervention,0.18191857403178413
30,10,9,intervention,0.05549436407262825
30,30,9,intervention,0.16342616616619288
33,10,9,intervention,0.08888295888026114
33,30,9,intervention,0.0887556064681643
36,10,9,intervention,0.02347718500179447
36,30,9,intervention,4.4059760070662e-4
39,10,9,intervention,-0.05613165970679682
39,30,9,intervention,7.2006408142571e-4
42,10,9,intervention,-0.07759420261271333
42,30,9,intervention,-0.01793684320693229
45,10,9,intervention,-0.05763036035054735
45,30,9,intervention,-0.03524040945013443
48,10,9,intervention,-0.05221021226295584
48,30,9,intervention,0.01033815516902836
0,10,90,intervention,0.4202543582034699
0,30,90,intervention,0.7807564634005254
3,10,90,intervention,0.3913883387184469
3,30,90,intervention,0.743139091795146
6,10,90,intervention,0.45416542515359504
6,30,90,intervention,0.7569813894254769
9,10,90,intervention,0.2636931260365402
9,30,90,intervention,0.6945927666753897
12,10,90,intervention,0.3116100455279841
12,30,90,intervention,0.6029356760632113
15,10,90,intervention,0.271306956845418
15,30,90,intervention,0.6105433049251456
18,10,90,intervention,0.1758731454617876
18,30,90,intervention,0.6367489673204022
21,10,90,intervention,0.1908704950794714
21,30,90,intervention,0.44245024197822885
24,10,90,intervention,0.097223894543387
24,30,90,intervention,0.33525477724007335
27,10,90,intervention,0.10202623655646992
27,30,90,intervention,0.3839636439881435
30,10,90,intervention,0.1396157327125354
30,30,90,intervention,0.2870609328886784
33,10,90,intervention,0.1731732072521251
33,30,90,intervention,0.2595239905628896
36,10,90,intervention,0.0062008850168547
36,30,90,intervention,-0.02269813386383944
39,10,90,intervention,0.05278068010755597
39,30,90,intervention,0.05967716346839465
42,10,90,intervention,0.02780434304346482
42,30,90,intervention,0.03864101137869884
45,10,90,intervention,0.07881095151778804
45,30,90,intervention,0.02755839055386399
48,10,90,intervention,0.0645908725216121
48,30,90,intervention,0.05372166976961808
0,10,91,intervention,0.2739887299557063
0,30,91,intervention,0.601673062034348
3,10,91,intervention,0.25883196657059837
3,30,91,intervention,0.6550680678753856
6,10,91,intervention,0.2712504427539152
6,30,91,intervention,0.6839408947973806
9,10,91,intervention,0.20477207819567617
9,30,91,intervention,0.49932389681786754
12,10,91,intervention,0.11022277587169668
12,30,91,intervention,0.4442819616824372
15,10,91,intervention,0.217169177050891
15,30,91,intervention,0.457927682901328
18,10,91,intervention,0.2072880146567701
18,30,91,intervention,0.49236121558936846
21,10,91,intervention,0.1373847757713992
21,30,91,intervention,0.4264381384274596
24,10,91,intervention,0.1407822638225461
24,30,91,intervention,0.22752452813135757
27,10,91,intervention,0.1958601753072368
27,30,91,intervention,0.26892719842801327
30,10,91,intervention,0.2210248540125928
30,30,91,intervention,0.24888369776644864
33,10,91,intervention,-0.0073326833340423
33,30,91,intervention,-0.0404606970040355
36,10,91,intervention,-0.04823460334856318
36,30,91,intervention,-0.10521041346991834
39,10,91,intervention,-0.02712820941027118
39,30,91,intervention,-0.07661135200387667
42,10,91,intervention,-0.12234263882011924
42,30,91,intervention,-0.1221417807478482
45,10,91,intervention,-0.09014412453559968
45,30,91,intervention,-0.10913465765628318
48,10,91,intervention,-0.1378085736478363
48,30,91,intervention,-0.1056483932557348
0,10,92,intervention,0.1108865196955862
0,30,92,intervention,0.29089948169685725
3,10,92,intervention,0.08101773073547268
3,30,92,intervention,0.31126922355501835
6,10,92,intervention,0.22103744728305127
6,30,92,intervention,0.3265391320440748
9,10,92,intervention,0.06921064887204383
9,30,92,intervention,0.27944261475799614
12,10,92,intervention,0.06078944130901521
12,30,92,intervention,0.1706954890430526
15,10,92,intervention,0.05384675014807657
15,30,92,intervention,0.21326739818773527
18,10,92,intervention,0.1688532388649924
18,30,92,intervention,0.25620309491718823
21,10,92,intervention,0.07981866657642143
21,30,92,intervention,0.1788053156396273
24,10,92,intervention,-0.00486676276561034
24,30,92,intervention,0.07457904334726621
27,10,92,intervention,-0.00480398223327687
27,30,92,intervention,0.07399868522008447
30,10,92,intervention,-0.02673382497472483
30,30,92,intervention,0.08946972842031851
33,10,92,intervention,0.06565536708522597
33,30,92,intervention,-0.01979260297381
36,10,92,intervention,-0.06881759071470102
36,30,92,intervention,-0.02324325434798496
39,10,92,intervention,0.05146401709595024
39,30,92,intervention,-0.05776455730409042
42,10,92,intervention,-0.06971779767972618
42,30,92,intervention,0.00104867426026532
45,10,92,intervention,0.00749692204728935
45,30,92,intervention,-0.09888206523753534
48,10,92,intervention,-0.04132354000658957
48,30,92,intervention,-0.06198845833148285
0,10,93,intervention,0.34032856863341066
0,30,93,intervention,0.7129799557923399
3,10,93,intervention,0.3572199979464961
3,30,93,intervention,0.6491724113773825
6,10,93,intervention,0.25831263637519564
6,30,93,intervention,0.699370126658789
9,10,93,intervention,0.22097358790431265
9,30,93,intervention,0.6371614008666462
12,10,93,intervention,0.20990810173048055
12,30,93,intervention,0.5196178627988128
15,10,93,intervention,0.2611574060629828
15,30,93,intervention,0.5704853590028973
18,10,93,intervention,0.28822543154946145
18,30,93,intervention,0.5580721370362595
21,10,93,intervention,0.3175690499767323
21,30,93,intervention,0.4170813989634909
24,10,93,intervention,0.2042382310221935
24,30,93,intervention,0.3668765041274822
27,10,93,intervention,0.10845794584985824
27,30,93,intervention,0.28991734448558865
30,10,93,intervention,0.08078999618895526
30,30,93,intervention,0.22168310076423367
33,10,93,intervention,0.06061715932061044
33,30,93,intervention,0.19074223800595708
36,10,93,intervention,0.08265451449126814
36,30,93,intervention,-0.03697770909283014
39,10,93,intervention,0.06492131867523691
39,30,93,intervention,0.05083472488450722
42,10,93,intervention,-0.03625235277716786
42,30,93,intervention,-0.03113981208476331
45,10,93,intervention,0.03754800148421103
45,30,93,intervention,0.00650237191890263
48,10,93,intervention,0.05439444983410947
48,30,93,intervention,-0.05614408054181904
0,10,94,intervention,0.22290313726923555
0,30,94,intervention,0.44080356161104206
3,10,94,intervention,0.20432623633351316
3,30,94,intervention,0.4045616724704871
6,10,94,intervention,0.14140292622761205
6,30,94,intervention,0.4512796566215952
9,10,94,intervention,0.19246734688367448
9,30,94,intervention,0.3749239892221491
12,10,94,intervention,0.1171398126439169
12,30,94,intervention,0.30698907886864424
15,10,94,intervention,0.15875934639224154
15,30,94,intervention,0.33360021893516406
18,10,94,intervention,0.16426432407395575
18,30,94,intervention,0.26209673099460373
21,10,94,intervention,0.11850653285195677
21,30,94,intervention,0.2363328590386031
24,10,94,intervention,0.04938494938069848
24,30,94,intervention,0.17792698265542808
27,10,94,intervention,0.05568104700513204
27,30,94,intervention,0.15119031933519567
30,10,94,intervention,-0.00860721490109822
30,30,94,intervention,0.1398476176190508
33,10,94,intervention,-0.03521132672545146
33,30,94,intervention,0.10090270922224157
36,10,94,intervention,0.02466003535434035
36,30,94,intervention,0.0289293228814722
39,10,94,intervention,0.05820115833520757
39,30,94,intervention,-0.00308228966728958
42,10,94,intervention,0.07102929162340735
42,30,94,intervention,0.05592413060702805
45,10,94,intervention,0.02173949706695524
45,30,94,intervention,0.04365076809429662
48,10,94,intervention,0.01395279624972608
48,30,94,intervention,0.0063017929931168
0,10,95,intervention,0.338693288351126
0,30,95,intervention,0.8172629314540342
3,10,95,intervention,0.4747355902131453
3,30,95,intervention,0.7147549035579001
6,10,95,intervention,0.3533221316247019
6,30,95,intervention,0.6929702954534421
9,10,95,intervention,0.34888921983435695
9,30,95,intervention,0.6255274937500858
12,10,95,intervention,0.2300645880358284
12,30,95,intervention,0.5754203721987998
15,10,95,intervention,0.3894833713827539
15,30,95,intervention,0.5874325781519228
18,10,95,intervention,0.1592660713987039
18,30,95,intervention,0.6118720484866546
21,10,95,intervention,0.3208392675156177
21,30,95,intervention,0.4365259853194201
24,10,95,intervention,0.11651048090326611
24,30,95,intervention,0.28101461029670877
27,10,95,intervention,0.07869358290158238
27,30,95,intervention,0.2656344762342908
30,10,95,intervention,0.0964898441347256
30,30,95,intervention,0.19038646634445897
33,10,95,intervention,0.05239572060262774
33,30,95,intervention,0.11488120017734448
36,10,95,intervention,-0.03022047772275446
36,30,95,intervention,-0.03159642039596908
39,10,95,intervention,0.07303661928068259
39,30,95,intervention,-0.04815299610279217
42,10,95,intervention,-0.04860251440647033
42,30,95,intervention,0.07367774647810417
45,10,95,intervention,-0.04039635538663368
45,30,95,intervention,-0.01423787615344289
48,10,95,intervention,-0.08643964307676605
48,30,95,intervention,-0.07610213810246426
0,10,96,intervention,0.22729090061867843
0,30,96,intervention,0.37096631975790634
3,10,96,intervention,0.2767531547557106
3,30,96,intervention,0.4637534006858816
6,10,96,intervention,0.2188410363243809
6,30,96,intervention,0.4444077618415681
9,10,96,intervention,0.1837688466595634
9,30,96,intervention,0.3523853065485423
12,10,96,intervention,0.16091199641989168
12,30,96,intervention,0.3585457715541268
15,10,96,intervention,0.1484014459411311
15,30,96,intervention,0.3830263225586969
18,10,96,intervention,0.13666221529159409
18,30,96,intervention,0.32174273083576754
21,10,96,intervention,0.0676830210817913
21,30,96,intervention,0.2710051879534304
24,10,96,intervention,0.10265596288848428
24,30,96,intervention,0.20149692868148655
27,10,96,intervention,0.1663456962838199
27,30,96,intervention,0.17216033556468968
30,10,96,intervention,0.11793728444192723
30,30,96,intervention,0.15892326581337124
33,10,96,intervention,0.06404585588314074
33,30,96,intervention,0.09269395858980464
36,10,96,intervention,0.03095196921786227
36,30,96,intervention,0.04357072065088353
39,10,96,intervention,0.01711493700212858
39,30,96,intervention,0.0145518526889836
42,10,96,intervention,0.03895392757149611
42,30,96,intervention,0.03675851090103813
45,10,96,intervention,-0.01064459621633041
45,30,96,intervention,0.04270598137733186
48,10,96,intervention,0.00394531420384212
48,30,96,intervention,0.00901157809296737
0,10,97,intervention,0.46767873819382527
0,30,97,intervention,0.9307232345030952
3,10,97,intervention,0.5027771990085202
3,30,97,intervention,0.8478323232363866
6,10,97,intervention,0.5731789986907888
6,30,97,intervention,0.8959645061492026
9,10,97,intervention,0.49200323676410473
9,30,97,intervention,0.7684383556407575
12,10,97,intervention,0.3413347447140684
12,30,97,intervention,0.7320677492409466
15,10,97,intervention,0.3955559488797994
15,30,97,intervention,0.685389570593215
18,10,97,intervention,0.49681855898746136
18,30,97,intervention,0.6386757516615172
21,10,97,intervention,0.24603190277005585
21,30,97,intervention,0.5509423777981015
24,10,97,intervention,0.19197952521018055
24,30,97,intervention,0.4672178966239737
27,10,97,intervention,0.36177774113252
27,30,97,intervention,0.3519161890994317
30,10,97,intervention,0.03035874165693215
30,30,97,intervention,0.33437428096983807
33,10,97,intervention,0.01660712995071459
33,30,97,intervention,0.17073554534552515
36,10,97,intervention,-0.1725615571473391
36,30,97,intervention,-0.16448420749357212
39,10,97,intervention,-0.12934620250106033
39,30,97,intervention,-0.1738093094884358
42,10,97,intervention,-0.16211908810949094
42,30,97,intervention,-0.1751571354540332
45,10,97,intervention,-0.3013070364671466
45,30,97,intervention,-0.2690535146821528
48,10,97,intervention,-0.06035888221934524
48,30,97,intervention,-0.20855402231935316
0,10,98,intervention,0.22692385326692055
0,30,98,intervention,0.5457474526498549
3,10,98,intervention,0.18793178177965547
3,30,98,intervention,0.5378947499562744
6,10,98,intervention,0.23686469408964456
6,30,98,intervention,0.3912897675677902
9,10,98,intervention,0.1986266005168182
9,30,98,intervention,0.5113546125952695
12,10,98,intervention,0.24789413123036044
12,30,98,intervention,0.3730837106933875
15,10,98,intervention,0.23435923625034735
15,30,98,intervention,0.3736137577779165
18,10,98,intervention,0.17248676115697376
18,30,98,intervention,0.3496586150109285
21,10,98,intervention,0.15754685253687653
21,30,98,intervention,0.2670054375990966
24,10,98,intervention,0.1718079595439597
24,30,98,intervention,0.2269824958971801
27,10,98,intervention,0.0870513935047041
27,30,98,intervention,0.2798499676467831
30,10,98,intervention,-0.00932523172704801
30,30,98,intervention,0.15719061651404445
33,10,98,intervention,-0.00258716543923149
33,30,98,intervention,0.03842422245270476
36,10,98,intervention,-0.01847308295636342
36,30,98,intervention,-0.04063154785729131
39,10,98,intervention,0.07449781733822868
39,30,98,intervention,0.05446211013300806
42,10,98,intervention,0.03873168489222762
42,30,98,intervention,0.00876864330091324
45,10,98,intervention,-0.00190321802390358
45,30,98,intervention,-0.03978486463173502
48,10,98,intervention,0.08798819300173386
48,30,98,intervention,0.03810473200837758
0,10,99,intervention,0.1890500454542241
0,30,99,intervention,0.32133276449023995
3,10,99,intervention,0.13030789733107925
3,30,99,intervention,0.3271735915635681
6,10,99,intervention,0.2118156003226064
6,30,99,intervention,0.3789975167533195
9,10,99,intervention,0.11036029282730962
9,30,99,intervention,0.25973743251813425
12,10,99,intervention,0.13840667344534074
12,30,99,intervention,0.26570603650153357
15,10,99,intervention,0.11071484971269194
15,30,99,intervention,0.2480825257770101
18,10,99,intervention,0.1128677928055844
18,30,99,intervention,0.28843752253243865
21,10,99,intervention,0.09717423201896384
21,30,99,intervention,0.21488551479484183
24,10,99,intervention,0.10615749028794276
24,30,99,intervention,0.16287003145261283
27,10,99,intervention,0.11529019345208807
27,30,99,intervention,0.14503848883884232
30,10,99,intervention,0.13009283682656975
30,30,99,intervention,0.190991699891945
33,10,99,intervention,0.03271161971173127
33,30,99,intervention,0.08732109641240843
36,10,99,intervention,0.02112036774851614
36,30,99,intervention,0.01451688037989005
39,10,99,intervention,-0.00658545944137644
39,30,99,intervention,0.02410823174507764
42,10,99,intervention,-0.00455413181148034
42,30,99,intervention,0.021798835254291
45,10,99,intervention,0.06438067107858911
45,30,99,intervention,0.00121734957969667
48,10,99,intervention,0.0083282834430149
48,30,99,intervention,0.00454578696108477
