Time,Seed,Model,Value
0,1,control,0.014067
3,1,control,0.013916
6,1,control,0.014011
9,1,control,0.0140745
12,1,control,0.01398
15,1,control,0.014054
18,1,control,0.014074
21,1,control,0.014054
24,1,control,0.013941
27,1,control,0.0140515
30,1,control,0.014007
33,1,control,0.013991
36,1,control,0.013961
39,1,control,0.0140195
42,1,control,0.0140275
45,1,control,0.01398
48,1,control,0.0139955
0,10,control,0.0162715
3,10,control,0.016391
6,10,control,0.016274
9,10,control,0.016315
12,10,control,0.016375
15,10,control,0.016336
18,10,control,0.016253
21,10,control,0.016275
24,10,control,0.016372
27,10,control,0.016363
30,10,control,0.0163625
33,10,control,0.016304
36,10,control,0.01633
39,10,control,0.016288
42,10,control,0.016321
45,10,control,0.016393
48,10,control,0.0163735
0,100,control,0.019148
3,100,control,0.0191805
6,100,control,0.0191295
9,100,control,0.0191685
12,100,control,0.0191685
15,100,control,0.019155
18,100,control,0.018998
21,100,control,0.019122
24,100,control,0.019151
27,100,control,0.019207
30,100,control,0.0191295
33,100,control,0.019213
36,100,control,0.0191145
39,100,control,0.019163
42,100,control,0.019215
45,100,control,0.0191345
48,100,control,0.0192665
0,101,control,0.0146075
3,101,control,0.014454
6,101,control,0.0145295
9,101,control,0.0145515
12,101,control,0.0144945
15,101,control,0.014546
18,101,control,0.0145425
21,101,control,0.014554
24,101,control,0.014469
27,101,control,0.0144155
30,101,control,0.014501
33,101,control,0.014543
36,101,control,0.014541
39,101,control,0.0145865
42,101,control,0.0145155
45,101,control,0.014471
48,101,control,0.0145835
0,102,control,0.019532
3,102,control,0.0195045
6,102,control,0.0195305
9,102,control,0.0195915
12,102,control,0.0195355
15,102,control,0.019597
18,102,control,0.019521
21,102,control,0.01953
24,102,control,0.0196105
27,102,control,0.019563
30,102,control,0.019573
33,102,control,0.019618
36,102,control,0.0195555
39,102,control,0.019545
42,102,control,0.0195175
45,102,control,0.019552
48,102,control,0.0195325
0,103,control,0.01262
3,103,control,0.0126045
6,103,control,0.0125965
9,103,control,0.0126355
12,103,control,0.012582
15,103,control,0.0125505
18,103,control,0.012607
21,103,control,0.0126185
24,103,control,0.0125755
27,103,control,0.012617
30,103,control,0.0126295
33,103,control,0.012553
36,103,control,0.0126585
39,103,control,0.012698
42,103,control,0.0126245
45,103,control,0.0125445
48,103,control,0.012609
0,104,control,0.029844
3,104,control,0.029721
6,104,control,0.029961
9,104,control,0.029826
12,104,control,0.0298725
15,104,control,0.029864
18,104,control,0.0299695
21,104,control,0.029727
24,104,control,0.029805
27,104,control,0.0298635
30,104,control,0.029921
33,104,control,0.029864
36,104,control,0.0297355
39,104,control,0.029785
42,104,control,0.0298045
45,104,control,0.0299845
48,104,control,0.0299605
0,105,control,0.0327775
3,105,control,0.032729
6,105,control,0.0328495
9,105,control,0.03293
12,105,control,0.0327965
15,105,control,0.032767
18,105,control,0.032838
21,105,control,0.0327035
24,105,control,0.03283
27,105,control,0.03269
30,105,control,0.0327845
33,105,control,0.0328115
36,105,control,0.032725
39,105,control,0.032913
42,105,control,0.0327265
45,105,control,0.0328425
48,105,control,0.032751
0,106,control,0.0159145
3,106,control,0.0160115
6,106,control,0.015936
9,106,control,0.016033
12,106,control,0.015851
15,106,control,0.015978
18,106,control,0.0159155
21,106,control,0.0159445
24,106,control,0.0159665
27,106,control,0.015958
30,106,control,0.015969
33,106,control,0.0159055
36,106,control,0.015983
39,106,control,0.0159975
42,106,control,0.015895
45,106,control,0.015938
48,106,control,0.0159295
0,107,control,0.027312
3,107,control,0.0272035
6,107,control,0.027271
9,107,control,0.027156
12,107,control,0.027236
15,107,control,0.027269
18,107,control,0.0272105
21,107,control,0.027287
24,107,control,0.027245
27,107,control,0.0273095
30,107,control,0.0271225
33,107,control,0.027224
36,107,control,0.0271465
39,107,control,0.0271385
42,107,control,0.027248
45,107,control,0.0273165
48,107,control,0.0272215
0,108,control,0.0273445
3,108,control,0.0272695
6,108,control,0.027298
9,108,control,0.0271685
12,108,control,0.0272855
15,108,control,0.0271815
18,108,control,0.0273075
21,108,control,0.0272655
24,108,control,0.0272075
27,108,control,0.027193
30,108,control,0.027201
33,108,control,0.0271755
36,108,control,0.027219
39,108,control,0.027263
42,108,control,0.0271745
45,108,control,0.027262
48,108,control,0.0272095
0,109,control,0.0125245
3,109,control,0.0124775
6,109,control,0.012536
9,109,control,0.012463
12,109,control,0.012487
15,109,control,0.0124445
18,109,control,0.0124875
21,109,control,0.0125295
24,109,control,0.012523
27,109,control,0.0124565
30,109,control,0.0124745
33,109,control,0.01251
36,109,control,0.012478
39,109,control,0.0125545
42,109,control,0.01246
45,109,control,0.012493
48,109,control,0.0124945
0,11,control,0.0118345
3,11,control,0.0118865
6,11,control,0.011826
9,11,control,0.011817
12,11,control,0.011839
15,11,control,0.0118145
18,11,control,0.011818
21,11,control,0.011917
24,11,control,0.01179
27,11,control,0.011893
30,11,control,0.011823
33,11,control,0.0118765
36,11,control,0.011818
39,11,control,0.0117815
42,11,control,0.011817
45,11,control,0.011833
48,11,control,0.0118235
0,110,control,0.0136545
3,110,control,0.0136665
6,110,control,0.013674
9,110,control,0.013666
12,110,control,0.0136835
15,110,control,0.013711
18,110,control,0.0137565
21,110,control,0.0136055
24,110,control,0.013626
27,110,control,0.013665
30,110,control,0.013666
33,110,control,0.0137075
36,110,control,0.0136165
39,110,control,0.013642
42,110,control,0.0137095
45,110,control,0.013709
48,110,control,0.013679
0,111,control,0.012155
3,111,control,0.01218
6,111,control,0.012208
9,111,control,0.012169
12,111,control,0.0122335
15,111,control,0.0122485
18,111,control,0.0122185
21,111,control,0.012174
24,111,control,0.012215
27,111,control,0.012165
30,111,control,0.012182
33,111,control,0.012116
36,111,control,0.0122025
39,111,control,0.012162
42,111,control,0.0122045
45,111,control,0.012274
48,111,control,0.0121795
0,112,control,0.0199555
3,112,control,0.019999
6,112,control,0.02008
9,112,control,0.0200685
12,112,control,0.0200965
15,112,control,0.0200455
18,112,control,0.0200645
21,112,control,0.020106
24,112,control,0.020053
27,112,control,0.0200595
30,112,control,0.020074
33,112,control,0.0200525
36,112,control,0.020114
39,112,control,0.0201365
42,112,control,0.020091
45,112,control,0.0200305
48,112,control,0.020015
0,113,control,0.008194
3,113,control,0.008237
6,113,control,0.0081945
9,113,control,0.00823
12,113,control,0.00822
15,113,control,0.0082535
18,113,control,0.008259
21,113,control,0.0082005
24,113,control,0.008283
27,113,control,0.00825
30,113,control,0.0082085
33,113,control,0.008244
36,113,control,0.008209
39,113,control,0.0082415
42,113,control,0.008281
45,113,control,0.0082225
48,113,control,0.008218
0,114,control,0.0102105
3,114,control,0.010251
6,114,control,0.0102065
9,114,control,0.010222
12,114,control,0.010268
15,114,control,0.0102035
18,114,control,0.0101575
21,114,control,0.010219
24,114,control,0.010223
27,114,control,0.010163
30,114,control,0.0101585
33,114,control,0.010203
36,114,control,0.010189
39,114,control,0.010265
42,114,control,0.010209
45,114,control,0.010236
48,114,control,0.010204
0,115,control,0.0150985
3,115,control,0.015149
6,115,control,0.015206
9,115,control,0.0150995
12,115,control,0.015128
15,115,control,0.0151695
18,115,control,0.015066
21,115,control,0.0150935
24,115,control,0.0151155
27,115,control,0.0152015
30,115,control,0.01512
33,115,control,0.015164
36,115,control,0.015121
39,115,control,0.0150555
42,115,control,0.015089
45,115,control,0.0151085
48,115,control,0.015209
0,116,control,0.015742
3,116,control,0.0157335
6,116,control,0.0157725
9,116,control,0.015745
12,116,control,0.015741
15,116,control,0.0158335
18,116,control,0.015823
21,116,control,0.015783
24,116,control,0.0157595
27,116,control,0.015805
30,116,control,0.015773
33,116,control,0.015809
36,116,control,0.0157395
39,116,control,0.015793
42,116,control,0.0157785
45,116,control,0.0157425
48,116,control,0.0157365
0,117,control,0.0103915
3,117,control,0.0104785
6,117,control,0.0104985
9,117,control,0.0104455
12,117,control,0.010523
15,117,control,0.010493
18,117,control,0.0104445
21,117,control,0.0104205
24,117,control,0.0104135
27,117,control,0.0104605
30,117,control,0.010453
33,117,control,0.010457
36,117,control,0.010427
39,117,control,0.010458
42,117,control,0.010466
45,117,control,0.0104455
48,117,control,0.010416
0,118,control,0.0168375
3,118,control,0.0167835
6,118,control,0.0168355
9,118,control,0.0167975
12,118,control,0.016856
15,118,control,0.0167395
18,118,control,0.0167705
21,118,control,0.016841
24,118,control,0.01676
27,118,control,0.016863
30,118,control,0.0167895
33,118,control,0.016808
36,118,control,0.016764
39,118,control,0.016891
42,118,control,0.0168075
45,118,control,0.0167525
48,118,control,0.016804
0,119,control,0.0130715
3,119,control,0.013019
6,119,control,0.0130345
9,119,control,0.0130305
12,119,control,0.013023
15,119,control,0.0131385
18,119,control,0.013057
21,119,control,0.013033
24,119,control,0.013106
27,119,control,0.013067
30,119,control,0.013023
33,119,control,0.01309
36,119,control,0.013099
39,119,control,0.013111
42,119,control,0.0130635
45,119,control,0.01303
48,119,control,0.013026
0,12,control,0.013362
3,12,control,0.013396
6,12,control,0.0133615
9,12,control,0.0134415
12,12,control,0.013333
15,12,control,0.0133845
18,12,control,0.0134315
21,12,control,0.013469
24,12,control,0.01335
27,12,control,0.0133705
30,12,control,0.013423
33,12,control,0.013431
36,12,control,0.013474
39,12,control,0.013421
42,12,control,0.013442
45,12,control,0.0134125
48,12,control,0.0134365
0,120,control,0.01622
3,120,control,0.0162835
6,120,control,0.0162195
9,120,control,0.0162795
12,120,control,0.0162745
15,120,control,0.0163305
18,120,control,0.016333
21,120,control,0.0162355
24,120,control,0.0162475
27,120,control,0.016319
30,120,control,0.0162825
33,120,control,0.0162055
36,120,control,0.0163395
39,120,control,0.0163035
42,120,control,0.016295
45,120,control,0.0162005
48,120,control,0.0161895
0,121,control,0.0133915
3,121,control,0.0133735
6,121,control,0.013435
9,121,control,0.0134845
12,121,control,0.0134135
15,121,control,0.01342
18,121,control,0.0134445
21,121,control,0.0133525
24,121,control,0.0134785
27,121,control,0.013407
30,121,control,0.0134355
33,121,control,0.013437
36,121,control,0.0134325
39,121,control,0.01343
42,121,control,0.0134285
45,121,control,0.0134515
48,121,control,0.0133995
0,122,control,0.0187065
3,122,control,0.018676
6,122,control,0.018612
9,122,control,0.0185325
12,122,control,0.0186075
15,122,control,0.0187
18,122,control,0.018772
21,122,control,0.0186675
24,122,control,0.018673
27,122,control,0.018688
30,122,control,0.0186125
33,122,control,0.0185545
36,122,control,0.018644
39,122,control,0.0187025
42,122,control,0.018689
45,122,control,0.0186375
48,122,control,0.0186355
0,123,control,0.011209
3,123,control,0.01122
6,123,control,0.011188
9,123,control,0.011148
12,123,control,0.0112205
15,123,control,0.0111775
18,123,control,0.0111785
21,123,control,0.011161
24,123,control,0.011155
27,123,control,0.0111475
30,123,control,0.0110895
33,123,control,0.0111975
36,123,control,0.0111405
39,123,control,0.0111195
42,123,control,0.01117
45,123,control,0.0111065
48,123,control,0.0111725
0,124,control,0.0146285
3,124,control,0.014625
6,124,control,0.0147005
9,124,control,0.014619
12,124,control,0.0146445
15,124,control,0.0146295
18,124,control,0.014642
21,124,control,0.0146565
24,124,control,0.0145965
27,124,control,0.014672
30,124,control,0.0146815
33,124,control,0.014612
36,124,control,0.014677
39,124,control,0.014658
42,124,control,0.014583
45,124,control,0.014589
48,124,control,0.014663
0,125,control,0.0101345
3,125,control,0.0101185
6,125,control,0.0100885
9,125,control,0.0101855
12,125,control,0.0101445
15,125,control,0.0100705
18,125,control,0.0101455
21,125,control,0.010043
24,125,control,0.0101715
27,125,control,0.01008
30,125,control,0.010137
33,125,control,0.010034
36,125,control,0.010157
39,125,control,0.0100525
42,125,control,0.0100995
45,125,control,0.010136
48,125,control,0.010191
0,126,control,0.0228295
3,126,control,0.022853
6,126,control,0.022808
9,126,control,0.022759
12,126,control,0.022956
15,126,control,0.022818
18,126,control,0.0228675
21,126,control,0.0228815
24,126,control,0.0228295
27,126,control,0.022942
30,126,control,0.022909
33,126,control,0.0227735
36,126,control,0.0229295
39,126,control,0.022856
42,126,control,0.0228245
45,126,control,0.022808
48,126,control,0.0228915
0,127,control,0.012126
3,127,control,0.012164
6,127,control,0.012119
9,127,control,0.0121045
12,127,control,0.012166
15,127,control,0.012151
18,127,control,0.0121355
21,127,control,0.0121415
24,127,control,0.012086
27,127,control,0.0120485
30,127,control,0.012173
33,127,control,0.0121395
36,127,control,0.0122115
39,127,control,0.0121615
42,127,control,0.0121545
45,127,control,0.012196
48,127,control,0.012129
0,128,control,0.015923
3,128,control,0.0158165
6,128,control,0.015911
9,128,control,0.0158685
12,128,control,0.015784
15,128,control,0.015845
18,128,control,0.0158625
21,128,control,0.015905
24,128,control,0.015828
27,128,control,0.015877
30,128,control,0.0158405
33,128,control,0.015889
36,128,control,0.015785
39,128,control,0.0158005
42,128,control,0.015878
45,128,control,0.0157735
48,128,control,0.0157605
0,129,control,0.018277
3,129,control,0.0181805
6,129,control,0.018262
9,129,control,0.0182715
12,129,control,0.0181145
15,129,control,0.018254
18,129,control,0.018257
21,129,control,0.018171
24,129,control,0.018217
27,129,control,0.0181805
30,129,control,0.0182445
33,129,control,0.0182995
36,129,control,0.018263
39,129,control,0.0182435
42,129,control,0.01819
45,129,control,0.018182
48,129,control,0.018215
0,13,control,0.012304
3,13,control,0.012244
6,13,control,0.0123
9,13,control,0.0123045
12,13,control,0.0122925
15,13,control,0.012268
18,13,control,0.01221
21,13,control,0.012226
24,13,control,0.012239
27,13,control,0.0121975
30,13,control,0.0122975
33,13,control,0.0122875
36,13,control,0.012257
39,13,control,0.0122575
42,13,control,0.012211
45,13,control,0.0123825
48,13,control,0.012179
0,130,control,0.0165135
3,130,control,0.0165715
6,130,control,0.016468
9,130,control,0.016592
12,130,control,0.0165325
15,130,control,0.0164685
18,130,control,0.0166035
21,130,control,0.0165585
24,130,control,0.0166165
27,130,control,0.016513
30,130,control,0.016428
33,130,control,0.0165075
36,130,control,0.016547
39,130,control,0.0165385
42,130,control,0.016588
45,130,control,0.01636
48,130,control,0.0165385
0,131,control,0.018623
3,131,control,0.0186105
6,131,control,0.01863
9,131,control,0.018449
12,131,control,0.018493
15,131,control,0.0185865
18,131,control,0.0185055
21,131,control,0.018508
24,131,control,0.018538
27,131,control,0.0185215
30,131,control,0.0185115
33,131,control,0.018499
36,131,control,0.018479
39,131,control,0.018367
42,131,control,0.0184905
45,131,control,0.018589
48,131,control,0.0185375
0,132,control,0.015875
3,132,control,0.015866
6,132,control,0.015877
9,132,control,0.015849
12,132,control,0.0159165
15,132,control,0.015927
18,132,control,0.0158375
21,132,control,0.0158975
24,132,control,0.0159015
27,132,control,0.0159805
30,132,control,0.0159945
33,132,control,0.0158895
36,132,control,0.015884
39,132,control,0.0158835
42,132,control,0.015912
45,132,control,0.0158235
48,132,control,0.015844
0,133,control,0.020012
3,133,control,0.0198295
6,133,control,0.019905
9,133,control,0.0198555
12,133,control,0.0198885
15,133,control,0.019892
18,133,control,0.0199625
21,133,control,0.0199685
24,133,control,0.019856
27,133,control,0.0199015
30,133,control,0.019914
33,133,control,0.0199555
36,133,control,0.019873
39,133,control,0.019808
42,133,control,0.0199195
45,133,control,0.019817
48,133,control,0.019868
0,134,control,0.018699
3,134,control,0.018773
6,134,control,0.018703
9,134,control,0.018765
12,134,control,0.0188215
15,134,control,0.018756
18,134,control,0.0187315
21,134,control,0.0188035
24,134,control,0.018825
27,134,control,0.0187815
30,134,control,0.0188035
33,134,control,0.018746
36,134,control,0.018711
39,134,control,0.018682
42,134,control,0.018828
45,134,control,0.0188035
48,134,control,0.018812
0,135,control,0.018233
3,135,control,0.018286
6,135,control,0.0182605
9,135,control,0.018293
12,135,control,0.018303
15,135,control,0.018258
18,135,control,0.0183655
21,135,control,0.018282
24,135,control,0.018308
27,135,control,0.018431
30,135,control,0.018273
33,135,control,0.018291
36,135,control,0.0183405
39,135,control,0.018314
42,135,control,0.0183335
45,135,control,0.018316
48,135,control,0.0182925
0,136,control,0.019115
3,136,control,0.019132
6,136,control,0.019092
9,136,control,0.019027
12,136,control,0.0190445
15,136,control,0.0190485
18,136,control,0.0191245
21,136,control,0.019077
24,136,control,0.019127
27,136,control,0.0190935
30,136,control,0.018994
33,136,control,0.019007
36,136,control,0.019037
39,136,control,0.019119
42,136,control,0.0190945
45,136,control,0.019053
48,136,control,0.018977
0,137,control,0.014271
3,137,control,0.014233
6,137,control,0.01426
9,137,control,0.0142095
12,137,control,0.014254
15,137,control,0.014278
18,137,control,0.014313
21,137,control,0.0142825
24,137,control,0.014225
27,137,control,0.014285
30,137,control,0.0143305
33,137,control,0.0142765
36,137,control,0.014269
39,137,control,0.01428
42,137,control,0.01417
45,137,control,0.0142705
48,137,control,0.014221
0,138,control,0.0230275
3,138,control,0.0229175
6,138,control,0.022973
9,138,control,0.022943
12,138,control,0.02283
15,138,control,0.0229545
18,138,control,0.0229695
21,138,control,0.0229115
24,138,control,0.022951
27,138,control,0.0229925
30,138,control,0.0228415
33,138,control,0.022906
36,138,control,0.023017
39,138,control,0.0228755
42,138,control,0.0229715
45,138,control,0.0229045
48,138,control,0.0229065
0,139,control,0.0117115
3,139,control,0.0116585
6,139,control,0.011636
9,139,control,0.011695
12,139,control,0.011532
15,139,control,0.011723
18,139,control,0.011664
21,139,control,0.011615
24,139,control,0.011667
27,139,control,0.011647
30,139,control,0.0116965
33,139,control,0.01166
36,139,control,0.0116845
39,139,control,0.011612
42,139,control,0.011622
45,139,control,0.011701
48,139,control,0.0116415
0,14,control,0.0118225
3,14,control,0.011769
6,14,control,0.0117505
9,14,control,0.011747
12,14,control,0.011719
15,14,control,0.0117695
18,14,control,0.0117885
21,14,control,0.0117865
24,14,control,0.0117055
27,14,control,0.011737
30,14,control,0.0117615
33,14,control,0.011802
36,14,control,0.011755
39,14,control,0.0117435
42,14,control,0.011757
45,14,control,0.0118255
48,14,control,0.011737
0,140,control,0.00949
3,140,control,0.0095475
6,140,control,0.009496
9,140,control,0.009479
12,140,control,0.0095195
15,140,control,0.0095375
18,140,control,0.009559
21,140,control,0.009497
24,140,control,0.00953
27,140,control,0.0095425
30,140,control,0.0094855
33,140,control,0.0095085
36,140,control,0.00953
39,140,control,0.0095215
42,140,control,0.0094885
45,140,control,0.009532
48,140,control,0.0095375
0,141,control,0.013282
3,141,control,0.0132205
6,141,control,0.0132295
9,141,control,0.013319
12,141,control,0.013304
15,141,control,0.0132305
18,141,control,0.0132065
21,141,control,0.013248
24,141,control,0.013235
27,141,control,0.013236
30,141,control,0.0132745
33,141,control,0.0133
36,141,control,0.0132695
39,141,control,0.0132995
42,141,control,0.01318
45,141,control,0.0132545
48,141,control,0.0132235
0,142,control,0.0185005
3,142,control,0.0184645
6,142,control,0.018563
9,142,control,0.0184135
12,142,control,0.0184225
15,142,control,0.018465
18,142,control,0.0184105
21,142,control,0.018522
24,142,control,0.0185055
27,142,control,0.0183765
30,142,control,0.0185145
33,142,control,0.018536
36,142,control,0.01846
39,142,control,0.0184105
42,142,control,0.0184595
45,142,control,0.018316
48,142,control,0.0184365
0,143,control,0.0169585
3,143,control,0.016966
6,143,control,0.0170865
9,143,control,0.016941
12,143,control,0.0170025
15,143,control,0.016982
18,143,control,0.01699
21,143,control,0.01691
24,143,control,0.017001
27,143,control,0.0169715
30,143,control,0.0169695
33,143,control,0.0169515
36,143,control,0.016973
39,143,control,0.016889
42,143,control,0.017034
45,143,control,0.0170005
48,143,control,0.016924
0,144,control,0.0112715
3,144,control,0.011173
6,144,control,0.0112745
9,144,control,0.011284
12,144,control,0.011324
15,144,control,0.011224
18,144,control,0.0112115
21,144,control,0.0112755
24,144,control,0.0112305
27,144,control,0.0112815
30,144,control,0.011225
33,144,control,0.011292
36,144,control,0.0112635
39,144,control,0.01127
42,144,control,0.0112555
45,144,control,0.0112625
48,144,control,0.011248
0,145,control,0.012052
3,145,control,0.0120215
6,145,control,0.012066
9,145,control,0.0120695
12,145,control,0.0120625
15,145,control,0.0120035
18,145,control,0.012098
21,145,control,0.0120615
24,145,control,0.0121005
27,145,control,0.012127
30,145,control,0.0120305
33,145,control,0.0120535
36,145,control,0.012092
39,145,control,0.0120645
42,145,control,0.012045
45,145,control,0.0119585
48,145,control,0.012047
0,146,control,0.0095055
3,146,control,0.0095045
6,146,control,0.0094695
9,146,control,0.009548
12,146,control,0.0095525
15,146,control,0.009552
18,146,control,0.0095395
21,146,control,0.009544
24,146,control,0.0095195
27,146,control,0.009502
30,146,control,0.0095775
33,146,control,0.0094875
36,146,control,0.0094635
39,146,control,0.0095585
42,146,control,0.0095
45,146,control,0.009617
48,146,control,0.0095205
0,147,control,0.011533
3,147,control,0.011467
6,147,control,0.011399
9,147,control,0.011403
12,147,control,0.0114355
15,147,control,0.011427
18,147,control,0.0114995
21,147,control,0.0115155
24,147,control,0.0114405
27,147,control,0.011447
30,147,control,0.0114855
33,147,control,0.011479
36,147,control,0.011438
39,147,control,0.01141
42,147,control,0.011457
45,147,control,0.0115205
48,147,control,0.011521
0,148,control,0.012108
3,148,control,0.0122545
6,148,control,0.012166
9,148,control,0.012126
12,148,control,0.0121975
15,148,control,0.012182
18,148,control,0.0121665
21,148,control,0.012163
24,148,control,0.012201
27,148,control,0.012142
30,148,control,0.0121665
33,148,control,0.012132
36,148,control,0.012044
39,148,control,0.0121495
42,148,control,0.0122025
45,148,control,0.012167
48,148,control,0.012102
0,149,control,0.024986
3,149,control,0.0249045
6,149,control,0.024984
9,149,control,0.024995
12,149,control,0.024966
15,149,control,0.0248285
18,149,control,0.0249035
21,149,control,0.0250015
24,149,control,0.024921
27,149,control,0.0249435
30,149,control,0.0249225
33,149,control,0.0250495
36,149,control,0.0248225
39,149,control,0.024917
42,149,control,0.0249285
45,149,control,0.02495
48,149,control,0.0249785
0,15,control,0.0073045
3,15,control,0.007326
6,15,control,0.0073335
9,15,control,0.00734
12,15,control,0.0073385
15,15,control,0.007326
18,15,control,0.0073095
21,15,control,0.007308
24,15,control,0.0073405
27,15,control,0.0073395
30,15,control,0.007351
33,15,control,0.0072765
36,15,control,0.0073355
39,15,control,0.0072805
42,15,control,0.007291
45,15,control,0.007362
48,15,control,0.007347
0,150,control,0.007773
3,150,control,0.007798
6,150,control,0.00781
9,150,control,0.0077695
12,150,control,0.007813
15,150,control,0.0077905
18,150,control,0.007743
21,150,control,0.007805
24,150,control,0.0078105
27,150,control,0.007794
30,150,control,0.0078235
33,150,control,0.007838
36,150,control,0.0077945
39,150,control,0.0077395
42,150,control,0.0077295
45,150,control,0.007761
48,150,control,0.007797
0,151,control,0.0080345
3,151,control,0.0080365
6,151,control,0.008099
9,151,control,0.0080295
12,151,control,0.0080705
15,151,control,0.0081125
18,151,control,0.008063
21,151,control,0.0080455
24,151,control,0.008061
27,151,control,0.0080905
30,151,control,0.008089
33,151,control,0.0080715
36,151,control,0.0080795
39,151,control,0.0080905
42,151,control,0.0080595
45,151,control,0.0081365
48,151,control,0.008111
0,152,control,0.0166965
3,152,control,0.01666
6,152,control,0.0166615
9,152,control,0.0166115
12,152,control,0.016637
15,152,control,0.016659
18,152,control,0.0167235
21,152,control,0.0166995
24,152,control,0.016799
27,152,control,0.016678
30,152,control,0.016747
33,152,control,0.0166915
36,152,control,0.016627
39,152,control,0.0166765
42,152,control,0.0166835
45,152,control,0.016633
48,152,control,0.016573
0,153,control,0.0130785
3,153,control,0.0130435
6,153,control,0.0130815
9,153,control,0.0130875
12,153,control,0.0131865
15,153,control,0.013134
18,153,control,0.0131555
21,153,control,0.013131
24,153,control,0.0131055
27,153,control,0.0131595
30,153,control,0.013071
33,153,control,0.013046
36,153,control,0.0130745
39,153,control,0.013074
42,153,control,0.013144
45,153,control,0.013101
48,153,control,0.013093
0,154,control,0.0175665
3,154,control,0.0175
6,154,control,0.017539
9,154,control,0.0175575
12,154,control,0.017541
15,154,control,0.0175425
18,154,control,0.017484
21,154,control,0.0174985
24,154,control,0.0175635
27,154,control,0.017482
30,154,control,0.017451
33,154,control,0.017532
36,154,control,0.017536
39,154,control,0.0175485
42,154,control,0.0175425
45,154,control,0.0175155
48,154,control,0.017513
0,155,control,0.0183475
3,155,control,0.0184105
6,155,control,0.018376
9,155,control,0.0184615
12,155,control,0.0184365
15,155,control,0.018338
18,155,control,0.0184535
21,155,control,0.0183645
24,155,control,0.018468
27,155,control,0.0182915
30,155,control,0.018455
33,155,control,0.0183575
36,155,control,0.018399
39,155,control,0.0184375
42,155,control,0.0184245
45,155,control,0.018425
48,155,control,0.018365
0,156,control,0.017834
3,156,control,0.0177615
6,156,control,0.0177635
9,156,control,0.0177775
12,156,control,0.017637
15,156,control,0.017685
18,156,control,0.01775
21,156,control,0.0176815
24,156,control,0.0177225
27,156,control,0.017756
30,156,control,0.01774
33,156,control,0.017738
36,156,control,0.017689
39,156,control,0.017705
42,156,control,0.017721
45,156,control,0.0177715
48,156,control,0.0177
0,157,control,0.005685
3,157,control,0.0057325
6,157,control,0.005744
9,157,control,0.0057015
12,157,control,0.005703
15,157,control,0.0056755
18,157,control,0.0056945
21,157,control,0.0056335
24,157,control,0.0057275
27,157,control,0.005682
30,157,control,0.0057065
33,157,control,0.005685
36,157,control,0.0056805
39,157,control,0.005631
42,157,control,0.005696
45,157,control,0.005694
48,157,control,0.0056425
0,158,control,0.017996
3,158,control,0.0179755
6,158,control,0.017984
9,158,control,0.0179835
12,158,control,0.0180015
15,158,control,0.017922
18,158,control,0.0179685
21,158,control,0.0179855
24,158,control,0.0178415
27,158,control,0.0179315
30,158,control,0.0179075
33,158,control,0.017955
36,158,control,0.0179925
39,158,control,0.0180635
42,158,control,0.0179425
45,158,control,0.0179765
48,158,control,0.0179865
0,159,control,0.010786
3,159,control,0.010777
6,159,control,0.0108445
9,159,control,0.0107675
12,159,control,0.0108135
15,159,control,0.010816
18,159,control,0.010802
21,159,control,0.0108545
24,159,control,0.0108285
27,159,control,0.010799
30,159,control,0.010801
33,159,control,0.0108155
36,159,control,0.010885
39,159,control,0.0107555
42,159,control,0.010839
45,159,control,0.0108235
48,159,control,0.010805499999999999
0,16,control,0.0138145
3,16,control,0.013811
6,16,control,0.01382
9,16,control,0.013762
12,16,control,0.0137605
15,16,control,0.013832
18,16,control,0.013838
21,16,control,0.013872
24,16,control,0.0138485
27,16,control,0.0138415
30,16,control,0.0138435
33,16,control,0.0138435
36,16,control,0.013807
39,16,control,0.0138805
42,16,control,0.0138625
45,16,control,0.013809
48,16,control,0.013869
0,160,control,0.0162965
3,160,control,0.0163495
6,160,control,0.0163015
9,160,control,0.01636
12,160,control,0.01641
15,160,control,0.0163755
18,160,control,0.01633
21,160,control,0.016325
24,160,control,0.016359
27,160,control,0.0162855
30,160,control,0.0163385
33,160,control,0.016403
36,160,control,0.0162595
39,160,control,0.0163655
42,160,control,0.016402
45,160,control,0.016341
48,160,control,0.0163625
0,161,control,0.010436
3,161,control,0.010465
6,161,control,0.010457
9,161,control,0.010533
12,161,control,0.010481
15,161,control,0.0104955
18,161,control,0.010508
21,161,control,0.0105065
24,161,control,0.0104705
27,161,control,0.010497
30,161,control,0.010504
33,161,control,0.010537
36,161,control,0.0104755
39,161,control,0.01044
42,161,control,0.010553
45,161,control,0.0105445
48,161,control,0.010465
0,162,control,0.0083145
3,162,control,0.008306
6,162,control,0.008306
9,162,control,0.0082915
12,162,control,0.008276
15,162,control,0.008371
18,162,control,0.0083165
21,162,control,0.00829
24,162,control,0.0082945
27,162,control,0.008288
30,162,control,0.0083535
33,162,control,0.0082685
36,162,control,0.0082635
39,162,control,0.0083475
42,162,control,0.0083335
45,162,control,0.008251
48,162,control,0.0083325
0,163,control,0.0202955
3,163,control,0.0202475
6,163,control,0.020264
9,163,control,0.0203275
12,163,control,0.020203
15,163,control,0.0202415
18,163,control,0.020309
21,163,control,0.020287
24,163,control,0.0202335
27,163,control,0.020223
30,163,control,0.020241
33,163,control,0.0202475
36,163,control,0.0202485
39,163,control,0.0202595
42,163,control,0.020277
45,163,control,0.0202775
48,163,control,0.020208
0,164,control,0.0119585
3,164,control,0.0120065
6,164,control,0.011989
9,164,control,0.0119155
12,164,control,0.0118935
15,164,control,0.012033
18,164,control,0.011934
21,164,control,0.0120315
24,164,control,0.0119195
27,164,control,0.0119005
30,164,control,0.0119535
33,164,control,0.011907
36,164,control,0.011946
39,164,control,0.0118955
42,164,control,0.011929
45,164,control,0.0120125
48,164,control,0.0119095
0,165,control,0.0119865
3,165,control,0.0120095
6,165,control,0.0120495
9,165,control,0.0119955
12,165,control,0.0119975
15,165,control,0.0120335
18,165,control,0.0120685
21,165,control,0.012062
24,165,control,0.011962
27,165,control,0.012002
30,165,control,0.012072
33,165,control,0.0120385
36,165,control,0.0120655
39,165,control,0.012056
42,165,control,0.0120455
45,165,control,0.012033
48,165,control,0.011994
0,166,control,0.0203135
3,166,control,0.02025
6,166,control,0.020371
9,166,control,0.0202415
12,166,control,0.020227
15,166,control,0.0203485
18,166,control,0.0203155
21,166,control,0.020232
24,166,control,0.0203235
27,166,control,0.020297
30,166,control,0.020286
33,166,control,0.0202425
36,166,control,0.020276
39,166,control,0.0203395
42,166,control,0.020298
45,166,control,0.0202375
48,166,control,0.020324
0,167,control,0.0212685
3,167,control,0.0211515
6,167,control,0.021277
9,167,control,0.021191
12,167,control,0.021251
15,167,control,0.0213025
18,167,control,0.021243
21,167,control,0.021301
24,167,control,0.021283
27,167,control,0.021277
30,167,control,0.021303
33,167,control,0.0211425
36,167,control,0.0212115
39,167,control,0.021182
42,167,control,0.021113
45,167,control,0.021143
48,167,control,0.0212265
0,168,control,0.012607
3,168,control,0.0126005
6,168,control,0.0126025
9,168,control,0.01272
12,168,control,0.0126105
15,168,control,0.012551
18,168,control,0.0125075
21,168,control,0.0127095
24,168,control,0.0126065
27,168,control,0.0126845
30,168,control,0.012655
33,168,control,0.012616
36,168,control,0.012649
39,168,control,0.012555
42,168,control,0.0126395
45,168,control,0.012619
48,168,control,0.0126055
0,169,control,0.037
3,169,control,0.0369915
6,169,control,0.0369495
9,169,control,0.0369685
12,169,control,0.037011
15,169,control,0.0369795
18,169,control,0.0368755
21,169,control,0.037129
24,169,control,0.036861
27,169,control,0.0370095
30,169,control,0.0370115
33,169,control,0.037053
36,169,control,0.0369915
39,169,control,0.036981
42,169,control,0.0368655
45,169,control,0.036921
48,169,control,0.036938
0,17,control,0.0134725
3,17,control,0.013418
6,17,control,0.013395
9,17,control,0.0134015
12,17,control,0.0135215
15,17,control,0.013452
18,17,control,0.01337
21,17,control,0.013392
24,17,control,0.0134595
27,17,control,0.0134015
30,17,control,0.0133805
33,17,control,0.0134615
36,17,control,0.0134925
39,17,control,0.0134575
42,17,control,0.0135055
45,17,control,0.0134615
48,17,control,0.013404
0,170,control,0.014859
3,170,control,0.0149305
6,170,control,0.014921
9,170,control,0.0148115
12,170,control,0.0149525
15,170,control,0.0148145
18,170,control,0.0147975
21,170,control,0.01483
24,170,control,0.0148245
27,170,control,0.0148525
30,170,control,0.0148075
33,170,control,0.014855
36,170,control,0.014858
39,170,control,0.0148785
42,170,control,0.0148885
45,170,control,0.0148815
48,170,control,0.0148725
0,171,control,0.012293
3,171,control,0.0122695
6,171,control,0.0122585
9,171,control,0.0122245
12,171,control,0.0122495
15,171,control,0.0122335
18,171,control,0.012288
21,171,control,0.0123075
24,171,control,0.012216
27,171,control,0.012226
30,171,control,0.0122505
33,171,control,0.0122645
36,171,control,0.012202
39,171,control,0.0122775
42,171,control,0.012193
45,171,control,0.0122355
48,171,control,0.0122175
0,172,control,0.0289
3,172,control,0.028871
6,172,control,0.0288395
9,172,control,0.028987
12,172,control,0.028969
15,172,control,0.0287865
18,172,control,0.028836
21,172,control,0.0288685
24,172,control,0.0290235
27,172,control,0.02894
30,172,control,0.0289095
33,172,control,0.02883
36,172,control,0.0289235
39,172,control,0.0288595
42,172,control,0.0288835
45,172,control,0.0288805
48,172,control,0.0289325
0,173,control,0.012674
3,173,control,0.0126505
6,173,control,0.0126675
9,173,control,0.012643
12,173,control,0.012698
15,173,control,0.012593
18,173,control,0.0125905
21,173,control,0.0126385
24,173,control,0.0126345
27,173,control,0.0125655
30,173,control,0.0126585
33,173,control,0.0126385
36,173,control,0.012672
39,173,control,0.0127025
42,173,control,0.012667
45,173,control,0.012614
48,173,control,0.0126035
0,174,control,0.0138845
3,174,control,0.0139195
6,174,control,0.0138645
9,174,control,0.0138225
12,174,control,0.0139095
15,174,control,0.013893
18,174,control,0.013869
21,174,control,0.0138705
24,174,control,0.0139155
27,174,control,0.0139215
30,174,control,0.013869
33,174,control,0.0138545
36,174,control,0.0138525
39,174,control,0.0138615
42,174,control,0.013884
45,174,control,0.013846
48,174,control,0.0139045
0,175,control,0.0096175
3,175,control,0.009653
6,175,control,0.009697
9,175,control,0.009681
12,175,control,0.009686
15,175,control,0.0095695
18,175,control,0.0096535
21,175,control,0.0096285
24,175,control,0.0096095
27,175,control,0.009624
30,175,control,0.0095755
33,175,control,0.0096875
36,175,control,0.0096375
39,175,control,0.009654
42,175,control,0.009613
45,175,control,0.009587
48,175,control,0.0096535
0,176,control,0.0095215
3,176,control,0.009486
6,176,control,0.0095185
9,176,control,0.009478
12,176,control,0.009494
15,176,control,0.0094995
18,176,control,0.009463
21,176,control,0.009529
24,176,control,0.009431
27,176,control,0.009526
30,176,control,0.0094605
33,176,control,0.009503
36,176,control,0.009494
39,176,control,0.009575
42,176,control,0.009452
45,176,control,0.0095225
48,176,control,0.009525
0,177,control,0.009066
3,177,control,0.0090705
6,177,control,0.0090635
9,177,control,0.009066
12,177,control,0.009129
15,177,control,0.009122
18,177,control,0.0091255
21,177,control,0.0090975
24,177,control,0.0090735
27,177,control,0.009124
30,177,control,0.0091105
33,177,control,0.009081
36,177,control,0.009049
39,177,control,0.0090865
42,177,control,0.0090655
45,177,control,0.009077
48,177,control,0.0090775
0,178,control,0.0172385
3,178,control,0.0172425
6,178,control,0.01724
9,178,control,0.017226000000000002
12,178,control,0.0171845
15,178,control,0.017309
18,178,control,0.0172905
21,178,control,0.017315
24,178,control,0.0172805
27,178,control,0.0171485
30,178,control,0.017251
33,178,control,0.0171355
36,178,control,0.0171775
39,178,control,0.017244
42,178,control,0.0172075
45,178,control,0.0172535
48,178,control,0.0172675
0,179,control,0.022724
3,179,control,0.022734
6,179,control,0.0226705
9,179,control,0.0226665
12,179,control,0.0227185
15,179,control,0.0226965
18,179,control,0.0227555
21,179,control,0.0227365
24,179,control,0.02274
27,179,control,0.022792
30,179,control,0.0227145
33,179,control,0.0227465
36,179,control,0.0227835
39,179,control,0.022734999999999998
42,179,control,0.0227365
45,179,control,0.02272
48,179,control,0.022818
0,18,control,0.023827
3,18,control,0.023831
6,18,control,0.0236975
9,18,control,0.023804
12,18,control,0.023776
15,18,control,0.0239395
18,18,control,0.023743
21,18,control,0.023789
24,18,control,0.023778
27,18,control,0.0238025
30,18,control,0.023685
33,18,control,0.023758
36,18,control,0.02374
39,18,control,0.023715
42,18,control,0.023853
45,18,control,0.023776
48,18,control,0.023747
0,180,control,0.018304
3,180,control,0.0182725
6,180,control,0.01836
9,180,control,0.0182685
12,180,control,0.018401
15,180,control,0.018351
18,180,control,0.018332
21,180,control,0.0183165
24,180,control,0.018348
27,180,control,0.0183715
30,180,control,0.0182675
33,180,control,0.018206
36,180,control,0.0182035
39,180,control,0.0183265
42,180,control,0.0183005
45,180,control,0.018291
48,180,control,0.0183325
0,181,control,0.0097275
3,181,control,0.009678
6,181,control,0.009684
9,181,control,0.0097265
12,181,control,0.0097105
15,181,control,0.0097255
18,181,control,0.0097825
21,181,control,0.009769
24,181,control,0.009632
27,181,control,0.009738
30,181,control,0.009714
33,181,control,0.009734
36,181,control,0.0097395
39,181,control,0.0097165
42,181,control,0.009716
45,181,control,0.0097875
48,181,control,0.009713
0,182,control,0.0116865
3,182,control,0.0117165
6,182,control,0.011679
9,182,control,0.011787
12,182,control,0.0117825
15,182,control,0.0117135
18,182,control,0.011744
21,182,control,0.0117325
24,182,control,0.011694
27,182,control,0.011696
30,182,control,0.011794
33,182,control,0.0117545
36,182,control,0.0117595
39,182,control,0.0117225
42,182,control,0.011812
45,182,control,0.011713
48,182,control,0.0117585
0,183,control,0.019425
3,183,control,0.0194065
6,183,control,0.019425
9,183,control,0.0193865
12,183,control,0.019433
15,183,control,0.01944
18,183,control,0.0194495
21,183,control,0.019481
24,183,control,0.019436
27,183,control,0.019448
30,183,control,0.019435
33,183,control,0.0193885
36,183,control,0.019403
39,183,control,0.019553
42,183,control,0.0193885
45,183,control,0.019469
48,183,control,0.0194305
0,184,control,0.0148225
3,184,control,0.0148605
6,184,control,0.0149065
9,184,control,0.01479
12,184,control,0.0148775
15,184,control,0.014871
18,184,control,0.014928
21,184,control,0.0148705
24,184,control,0.014835
27,184,control,0.0148635
30,184,control,0.0148445
33,184,control,0.014786
36,184,control,0.0148625
39,184,control,0.014787
42,184,control,0.0148935
45,184,control,0.0148895
48,184,control,0.0148845
0,185,control,0.011819
3,185,control,0.0119025
6,185,control,0.011946
9,185,control,0.011953
12,185,control,0.0119245
15,185,control,0.011831
18,185,control,0.011921
21,185,control,0.011869
24,185,control,0.0118955
27,185,control,0.0118615
30,185,control,0.011982
33,185,control,0.0119555
36,185,control,0.0119255
39,185,control,0.0118205
42,185,control,0.011923
45,185,control,0.0119645
48,185,control,0.0119465
0,186,control,0.010083
3,186,control,0.010084
6,186,control,0.010083
9,186,control,0.0099665
12,186,control,0.010067
15,186,control,0.010048
18,186,control,0.0100195
21,186,control,0.0100845
24,186,control,0.0100395
27,186,control,0.01003
30,186,control,0.010028
33,186,control,0.010042
36,186,control,0.010036
39,186,control,0.0099795
42,186,control,0.0100785
45,186,control,0.010087
48,186,control,0.009988
0,187,control,0.0135165
3,187,control,0.013556
6,187,control,0.013506
9,187,control,0.0134605
12,187,control,0.013465
15,187,control,0.0134315
18,187,control,0.013504
21,187,control,0.0134725
24,187,control,0.0134555
27,187,control,0.013527
30,187,control,0.013455
33,187,control,0.013474
36,187,control,0.0134215
39,187,control,0.0134205
42,187,control,0.01352
45,187,control,0.0134365
48,187,control,0.0135125
0,188,control,0.0150915
3,188,control,0.0150805
6,188,control,0.0150605
9,188,control,0.0151085
12,188,control,0.0150555
15,188,control,0.0150865
18,188,control,0.015148
21,188,control,0.015112
24,188,control,0.0151045
27,188,control,0.0150865
30,188,control,0.015159
33,188,control,0.0151275
36,188,control,0.015163
39,188,control,0.0151115
42,188,control,0.0151125
45,188,control,0.0151695
48,188,control,0.0150895
0,189,control,0.0170015
3,189,control,0.017035
6,189,control,0.016982
9,189,control,0.016992
12,189,control,0.016998
15,189,control,0.0169965
18,189,control,0.0170175
21,189,control,0.016908
24,189,control,0.016986
27,189,control,0.0170035
30,189,control,0.0170685
33,189,control,0.017001
36,189,control,0.017096
39,189,control,0.0170825
42,189,control,0.0170505
45,189,control,0.0169425
48,189,control,0.0170005
0,19,control,0.016171
3,19,control,0.0162175
6,19,control,0.0161995
9,19,control,0.0162595
12,19,control,0.0163115
15,19,control,0.01625
18,19,control,0.016297
21,19,control,0.016332
24,19,control,0.0162725
27,19,control,0.016202
30,19,control,0.0162175
33,19,control,0.0162415
36,19,control,0.0162795
39,19,control,0.016221
42,19,control,0.016235
45,19,control,0.016198
48,19,control,0.0162865
0,190,control,0.0054365
3,190,control,0.005469
6,190,control,0.0054695
9,190,control,0.0054495
12,190,control,0.0054685
15,190,control,0.0054775
18,190,control,0.005444
21,190,control,0.005442
24,190,control,0.005459
27,190,control,0.005469
30,190,control,0.0054565
33,190,control,0.005438
36,190,control,0.0054265
39,190,control,0.0054535
42,190,control,0.0055045
45,190,control,0.0054729999999999996
48,190,control,0.005416
0,191,control,0.0181435
3,191,control,0.018172
6,191,control,0.0181345
9,191,control,0.0181435
12,191,control,0.018102
15,191,control,0.018142
18,191,control,0.0181085
21,191,control,0.0180975
24,191,control,0.0182155
27,191,control,0.018065
30,191,control,0.0181205
33,191,control,0.0180605
36,191,control,0.0182245
39,191,control,0.0181135
42,191,control,0.0181445
45,191,control,0.018172
48,191,control,0.0180975
0,192,control,0.008047
3,192,control,0.0080215
6,192,control,0.008006
9,192,control,0.0080510000000000009
12,192,control,0.0080865
15,192,control,0.0080215
18,192,control,0.008034
21,192,control,0.007987
24,192,control,0.0080705
27,192,control,0.0079855
30,192,control,0.008058
33,192,control,0.0080405
36,192,control,0.0080015
39,192,control,0.0079925
42,192,control,0.008019
45,192,control,0.0080355
48,192,control,0.0080525
0,193,control,0.015004
3,193,control,0.015043
6,193,control,0.015125
9,193,control,0.014962
12,193,control,0.0150315
15,193,control,0.0149705
18,193,control,0.0149695
21,193,control,0.0150165
24,193,control,0.014968
27,193,control,0.0150525
30,193,control,0.014948
33,193,control,0.015099
36,193,control,0.0150625
39,193,control,0.015061
42,193,control,0.015108
45,193,control,0.015048
48,193,control,0.015068
0,194,control,0.0170065
3,194,control,0.0168915
6,194,control,0.016986
9,194,control,0.0169365
12,194,control,0.016992
15,194,control,0.016996
18,194,control,0.01686
21,194,control,0.016933
24,194,control,0.016913
27,194,control,0.017015
30,194,control,0.016998
33,194,control,0.0170175
36,194,control,0.016982
39,194,control,0.0170515
42,194,control,0.016999
45,194,control,0.017055
48,194,control,0.0169685
0,195,control,0.015696
3,195,control,0.0156215
6,195,control,0.015807
9,195,control,0.0156945
12,195,control,0.0157475
15,195,control,0.015668
18,195,control,0.0156575
21,195,control,0.015721
24,195,control,0.0156
27,195,control,0.015746
30,195,control,0.015696
33,195,control,0.0156635
36,195,control,0.0156045
39,195,control,0.015704
42,195,control,0.015767
45,195,control,0.015712
48,195,control,0.015703
0,196,control,0.010243
3,196,control,0.0102
6,196,control,0.010202
9,196,control,0.0102545
12,196,control,0.0101665
15,196,control,0.010218
18,196,control,0.0102375
21,196,control,0.010247
24,196,control,0.0102095
27,196,control,0.0101755
30,196,control,0.0101925
33,196,control,0.010222
36,196,control,0.0101415
39,196,control,0.0101135
42,196,control,0.010197
45,196,control,0.010242
48,196,control,0.010155
0,197,control,0.0140625
3,197,control,0.014055
6,197,control,0.0139975
9,197,control,0.014084
12,197,control,0.0140995
15,197,control,0.0140525
18,197,control,0.0140815
21,197,control,0.014016
24,197,control,0.014057
27,197,control,0.013955
30,197,control,0.013956
33,197,control,0.014107
36,197,control,0.014133
39,197,control,0.0140155
42,197,control,0.0140765
45,197,control,0.013988
48,197,control,0.01405
0,198,control,0.013883
3,198,control,0.0139785
6,198,control,0.013957
9,198,control,0.0139045
12,198,control,0.01394
15,198,control,0.013956
18,198,control,0.0139325
21,198,control,0.013959
24,198,control,0.013951
27,198,control,0.013892
30,198,control,0.013966
33,198,control,0.0138805
36,198,control,0.0138695
39,198,control,0.013952
42,198,control,0.0139315
45,198,control,0.0139785
48,198,control,0.0138975
0,199,control,0.0137955
3,199,control,0.013884
6,199,control,0.013777
9,199,control,0.0137595
12,199,control,0.013798
15,199,control,0.01383
18,199,control,0.0137935
21,199,control,0.0137545
24,199,control,0.013878
27,199,control,0.0138205
30,199,control,0.01385
33,199,control,0.0138575
36,199,control,0.013902
39,199,control,0.013808
42,199,control,0.013879
45,199,control,0.01387
48,199,control,0.013845
0,2,control,0.0113635
3,2,control,0.011249
6,2,control,0.0113365
9,2,control,0.0112415
12,2,control,0.011304
15,2,control,0.011265
18,2,control,0.011267
21,2,control,0.0112555
24,2,control,0.011343
27,2,control,0.011311
30,2,control,0.011337
33,2,control,0.011373
36,2,control,0.0113335
39,2,control,0.011318
42,2,control,0.0112845
45,2,control,0.011226999999999999
48,2,control,0.0112695
0,20,control,0.0141535
3,20,control,0.0142115
6,20,control,0.01416
9,20,control,0.0142825
12,20,control,0.0141375
15,20,control,0.0141645
18,20,control,0.014175
21,20,control,0.0141925
24,20,control,0.014156
27,20,control,0.014246
30,20,control,0.014177
33,20,control,0.0141675
36,20,control,0.014199
39,20,control,0.014109
42,20,control,0.0142245
45,20,control,0.0141365
48,20,control,0.014224
0,200,control,0.01587
3,200,control,0.0158995
6,200,control,0.015856
9,200,control,0.0159475
12,200,control,0.0159045
15,200,control,0.0158875
18,200,control,0.0158725
21,200,control,0.0158885
24,200,control,0.0159365
27,200,control,0.0159175
30,200,control,0.0158895
33,200,control,0.0159205
36,200,control,0.015858
39,200,control,0.015907
42,200,control,0.0158675
45,200,control,0.0158675
48,200,control,0.0158435
0,21,control,0.01815
3,21,control,0.01822
6,21,control,0.018096
9,21,control,0.0181295
12,21,control,0.0181255
15,21,control,0.018135
18,21,control,0.018109
21,21,control,0.0181495
24,21,control,0.0181355
27,21,control,0.0181325
30,21,control,0.0181725
33,21,control,0.018186
36,21,control,0.018032
39,21,control,0.0181185
42,21,control,0.0180615
45,21,control,0.0181415
48,21,control,0.0181785
0,22,control,0.021798
3,22,control,0.0217595
6,22,control,0.021853
9,22,control,0.021803
12,22,control,0.021832
15,22,control,0.021741
18,22,control,0.021837
21,22,control,0.021813
24,22,control,0.02176
27,22,control,0.021797
30,22,control,0.0219055
33,22,control,0.021807
36,22,control,0.021848
39,22,control,0.0217045
42,22,control,0.021811
45,22,control,0.0218225
48,22,control,0.021824
0,23,control,0.0142095
3,23,control,0.0142585
6,23,control,0.014275
9,23,control,0.014226
12,23,control,0.0141745
15,23,control,0.0142665
18,23,control,0.014255
21,23,control,0.0142625
24,23,control,0.0143315
27,23,control,0.0142345
30,23,control,0.014283
33,23,control,0.014306
36,23,control,0.014266
39,23,control,0.014295
42,23,control,0.014265
45,23,control,0.0142385
48,23,control,0.014153
0,24,control,0.0152385
3,24,control,0.015119
6,24,control,0.015198
9,24,control,0.0152325
12,24,control,0.0152455
15,24,control,0.015245
18,24,control,0.0152355
21,24,control,0.0152275
24,24,control,0.015303
27,24,control,0.015154
30,24,control,0.0151185
33,24,control,0.015183
36,24,control,0.015295
39,24,control,0.0151955
42,24,control,0.015223
45,24,control,0.015094
48,24,control,0.0151755
0,25,control,0.022797
3,25,control,0.0230165
6,25,control,0.0229385
9,25,control,0.0228645
12,25,control,0.022877
15,25,control,0.0229135
18,25,control,0.022943
21,25,control,0.0228435
24,25,control,0.022892
27,25,control,0.02275
30,25,control,0.022851
33,25,control,0.0227795
36,25,control,0.0228855
39,25,control,0.0228805
42,25,control,0.0229105
45,25,control,0.0228785
48,25,control,0.022854
0,26,control,0.0148355
3,26,control,0.0146825
6,26,control,0.014706
9,26,control,0.01472
12,26,control,0.014752
15,26,control,0.0146025
18,26,control,0.0147125
21,26,control,0.0147115
24,26,control,0.01479
27,26,control,0.0147445
30,26,control,0.014686
33,26,control,0.014642
36,26,control,0.014717
39,26,control,0.014721
42,26,control,0.0147165
45,26,control,0.0147235
48,26,control,0.014675
0,27,control,0.0212415
3,27,control,0.021206
6,27,control,0.0211845
9,27,control,0.021195
12,27,control,0.0211665
15,27,control,0.021166
18,27,control,0.0210865
21,27,control,0.0211095
24,27,control,0.021178
27,27,control,0.0211445
30,27,control,0.021254
33,27,control,0.0211025
36,27,control,0.0211455
39,27,control,0.0211815
42,27,control,0.0211715
45,27,control,0.0211695
48,27,control,0.0212175
0,28,control,0.015478
3,28,control,0.0155525
6,28,control,0.0155365
9,28,control,0.0154105
12,28,control,0.0155375
15,28,control,0.0154415
18,28,control,0.015497
21,28,control,0.0154255
24,28,control,0.015425
27,28,control,0.0155515
30,28,control,0.0155135
33,28,control,0.015569
36,28,control,0.0154125
39,28,control,0.015554
42,28,control,0.01553
45,28,control,0.015461
48,28,control,0.015455
0,29,control,0.02118
3,29,control,0.021286
6,29,control,0.0212475
9,29,control,0.0212345
12,29,control,0.021306
15,29,control,0.021346
18,29,control,0.0213125
21,29,control,0.0213555
24,29,control,0.021244
27,29,control,0.0212
30,29,control,0.0213235
33,29,control,0.021322
36,29,control,0.0213075
39,29,control,0.0211975
42,29,control,0.021256
45,29,control,0.021242
48,29,control,0.021401
0,3,control,0.0129195
3,3,control,0.013028
6,3,control,0.013001
9,3,control,0.012987
12,3,control,0.0130025
15,3,control,0.0130165
18,3,control,0.0129825
21,3,control,0.01296
24,3,control,0.0129825
27,3,control,0.012979
30,3,control,0.0129605
33,3,control,0.01291
36,3,control,0.0130555
39,3,control,0.0129475
42,3,control,0.012999
45,3,control,0.0129505
48,3,control,0.0130415
0,30,control,0.0145465
3,30,control,0.0144275
6,30,control,0.014479
9,30,control,0.0144665
12,30,control,0.014572
15,30,control,0.0145245
18,30,control,0.0145325
21,30,control,0.014487
24,30,control,0.014412
27,30,control,0.014484
30,30,control,0.0144345
33,30,control,0.0145
36,30,control,0.014419
39,30,control,0.0144825
42,30,control,0.014451
45,30,control,0.0144275
48,30,control,0.014435
0,31,control,0.01252
3,31,control,0.012563
6,31,control,0.012486
9,31,control,0.012555
12,31,control,0.0125485
15,31,control,0.0125045
18,31,control,0.0125515
21,31,control,0.012507
24,31,control,0.0125815
27,31,control,0.0125105
30,31,control,0.0124895
33,31,control,0.0125535
36,31,control,0.012522
39,31,control,0.0124925
42,31,control,0.012567
45,31,control,0.0125175
48,31,control,0.0125355
0,32,control,0.0204545
3,32,control,0.0205165
6,32,control,0.020508
9,32,control,0.020456
12,32,control,0.020396
15,32,control,0.0203285
18,32,control,0.020356
21,32,control,0.0204265
24,32,control,0.020476
27,32,control,0.020349
30,32,control,0.0203985
33,32,control,0.020425
36,32,control,0.0205015
39,32,control,0.0204245
42,32,control,0.02047
45,32,control,0.0204545
48,32,control,0.020525
0,33,control,0.014822
3,33,control,0.014693
6,33,control,0.0147315
9,33,control,0.0147385
12,33,control,0.014719
15,33,control,0.0147745
18,33,control,0.0147005
21,33,control,0.0147815
24,33,control,0.014732
27,33,control,0.01466
30,33,control,0.0146605
33,33,control,0.0148295
36,33,control,0.014722
39,33,control,0.0147645
42,33,control,0.0147295
45,33,control,0.0147365
48,33,control,0.0147415
0,34,control,0.017016
3,34,control,0.017045
6,34,control,0.016966
9,34,control,0.016936
12,34,control,0.017
15,34,control,0.016936
18,34,control,0.016926
21,34,control,0.0169555
24,34,control,0.0170125
27,34,control,0.016962
30,34,control,0.016983
33,34,control,0.0169465
36,34,control,0.017025
39,34,control,0.016972
42,34,control,0.0169975
45,34,control,0.0170415
48,34,control,0.0169905
0,35,control,0.017738
3,35,control,0.017716
6,35,control,0.0177835
9,35,control,0.017839
12,35,control,0.017787
15,35,control,0.017823
18,35,control,0.017832
21,35,control,0.0177725
24,35,control,0.0177265
27,35,control,0.017837
30,35,control,0.0178
33,35,control,0.0178435
36,35,control,0.01781
39,35,control,0.0178375
42,35,control,0.0177365
45,35,control,0.017826
48,35,control,0.017761
0,36,control,0.0144295
3,36,control,0.0143565
6,36,control,0.014339
9,36,control,0.0143635
12,36,control,0.0144235
15,36,control,0.0143715
18,36,control,0.014435
21,36,control,0.0144965
24,36,control,0.014395
27,36,control,0.014341
30,36,control,0.014402
33,36,control,0.014457
36,36,control,0.0143725
39,36,control,0.0143195
42,36,control,0.0144025
45,36,control,0.0143995
48,36,control,0.014406
0,37,control,0.013449
3,37,control,0.0133705
6,37,control,0.0135025
9,37,control,0.0133385
12,37,control,0.013459
15,37,control,0.013406
18,37,control,0.0133515
21,37,control,0.0133815
24,37,control,0.013409
27,37,control,0.013379
30,37,control,0.0133365
33,37,control,0.013379
36,37,control,0.0133535
39,37,control,0.013344
42,37,control,0.0134925
45,37,control,0.0133995
48,37,control,0.013336
0,38,control,0.0105885
3,38,control,0.01057
6,38,control,0.010517
9,38,control,0.010456
12,38,control,0.0105305
15,38,control,0.010484
18,38,control,0.010474
21,38,control,0.0105405
24,38,control,0.0105015
27,38,control,0.0105395
30,38,control,0.010553
33,38,control,0.0105355
36,38,control,0.0105605
39,38,control,0.010531
42,38,control,0.010531
45,38,control,0.0105875
48,38,control,0.010514
0,39,control,0.011254
3,39,control,0.01129
6,39,control,0.0112455
9,39,control,0.0113065
12,39,control,0.011311
15,39,control,0.0112935
18,39,control,0.0113015
21,39,control,0.0113535
24,39,control,0.011327
27,39,control,0.011261
30,39,control,0.011259
33,39,control,0.0112505
36,39,control,0.0112405
39,39,control,0.011272
42,39,control,0.011271
45,39,control,0.0112615
48,39,control,0.0112975
0,4,control,0.019171
3,4,control,0.0191775
6,4,control,0.019193
9,4,control,0.019225
12,4,control,0.019086
15,4,control,0.0191535
18,4,control,0.019074
21,4,control,0.0192165
24,4,control,0.0191175
27,4,control,0.0191515
30,4,control,0.0190465
33,4,control,0.0191985
36,4,control,0.0190475
39,4,control,0.019134
42,4,control,0.0191435
45,4,control,0.0191005
48,4,control,0.0191415
0,40,control,0.0145095
3,40,control,0.014358
6,40,control,0.014471
9,40,control,0.0144775
12,40,control,0.0143215
15,40,control,0.014429
18,40,control,0.0143895
21,40,control,0.0144235
24,40,control,0.01445
27,40,control,0.0144745
30,40,control,0.014374
33,40,control,0.0145085
36,40,control,0.0144825
39,40,control,0.0144095
42,40,control,0.0143965
45,40,control,0.0144355
48,40,control,0.0144045
0,41,control,0.006978
3,41,control,0.0069365
6,41,control,0.0069555
9,41,control,0.0068925
12,41,control,0.006973
15,41,control,0.0069525
18,41,control,0.0069515
21,41,control,0.007
24,41,control,0.006993
27,41,control,0.006998
30,41,control,0.007016
33,41,control,0.006962
36,41,control,0.006972
39,41,control,0.0069745
42,41,control,0.0069865
45,41,control,0.0069885
48,41,control,0.006984
0,42,control,0.017393
3,42,control,0.0174845
6,42,control,0.0174405
9,42,control,0.0174735
12,42,control,0.017547
15,42,control,0.0175495
18,42,control,0.0174765
21,42,control,0.017398
24,42,control,0.017455
27,42,control,0.0175095
30,42,control,0.0174575
33,42,control,0.017451500000000002
36,42,control,0.017471
39,42,control,0.017541
42,42,control,0.017467
45,42,control,0.0174705
48,42,control,0.0174625
0,43,control,0.028222
3,43,control,0.028186
6,43,control,0.02806
9,43,control,0.0280915
12,43,control,0.028019
15,43,control,0.028173
18,43,control,0.028132
21,43,control,0.028205
24,43,control,0.028233
27,43,control,0.028039
30,43,control,0.028085
33,43,control,0.028167
36,43,control,0.028079
39,43,control,0.0280105
42,43,control,0.0281845
45,43,control,0.028142
48,43,control,0.0280125
0,44,control,0.0112435
3,44,control,0.0111835
6,44,control,0.0111885
9,44,control,0.011204
12,44,control,0.011259
15,44,control,0.0112495
18,44,control,0.011189
21,44,control,0.011188
24,44,control,0.011192
27,44,control,0.0111855
30,44,control,0.0112155
33,44,control,0.0113185
36,44,control,0.0111945
39,44,control,0.0111925
42,44,control,0.0112305
45,44,control,0.011247
48,44,control,0.011156
0,45,control,0.027001
3,45,control,0.026891
6,45,control,0.0270405
9,45,control,0.0270705
12,45,control,0.027115
15,45,control,0.0269735
18,45,control,0.026933
21,45,control,0.0269535
24,45,control,0.026958
27,45,control,0.0271095
30,45,control,0.0269815
33,45,control,0.0270235
36,45,control,0.0271205
39,45,control,0.0269845
42,45,control,0.0270735
45,45,control,0.027066
48,45,control,0.0270995
0,46,control,0.0130745
3,46,control,0.0130665
6,46,control,0.013036
9,46,control,0.0130255
12,46,control,0.013054
15,46,control,0.013091
18,46,control,0.013015
21,46,control,0.013047
24,46,control,0.013034
27,46,control,0.013
30,46,control,0.0130365
33,46,control,0.0129645
36,46,control,0.013011
39,46,control,0.0131035
42,46,control,0.0130875
45,46,control,0.0130875
48,46,control,0.013053500000000001
0,47,control,0.0079015
3,47,control,0.00796
6,47,control,0.007882
9,47,control,0.0079115
12,47,control,0.007934
15,47,control,0.007899
18,47,control,0.0079645
21,47,control,0.007935
24,47,control,0.00791
27,47,control,0.0078835
30,47,control,0.007943
33,47,control,0.007902
36,47,control,0.007892
39,47,control,0.007952
42,47,control,0.007906
45,47,control,0.007941
48,47,control,0.007932
0,48,control,0.0223465
3,48,control,0.022335
6,48,control,0.0223385
9,48,control,0.0223755
12,48,control,0.0223085
15,48,control,0.022375
18,48,control,0.02234
21,48,control,0.022365
24,48,control,0.022409
27,48,control,0.0223755
30,48,control,0.0224255
33,48,control,0.0223165
36,48,control,0.022371
39,48,control,0.0223325
42,48,control,0.022363
45,48,control,0.0223475
48,48,control,0.022446
0,49,control,0.014596
3,49,control,0.0147135
6,49,control,0.014629
9,49,control,0.014661
12,49,control,0.014653
15,49,control,0.014614
18,49,control,0.0146065
21,49,control,0.014671
24,49,control,0.0146035
27,49,control,0.0145965
30,49,control,0.0146665
33,49,control,0.0146105
36,49,control,0.014583
39,49,control,0.014677
42,49,control,0.0146855
45,49,control,0.014599000000000001
48,49,control,0.0146335
0,5,control,0.0089985
3,5,control,0.009014
6,5,control,0.009029
9,5,control,0.0090205
12,5,control,0.0089995
15,5,control,0.0090035
18,5,control,0.0090145
21,5,control,0.0089805
24,5,control,0.009024
27,5,control,0.008941
30,5,control,0.009072
33,5,control,0.009011
36,5,control,0.0090255
39,5,control,0.009097
42,5,control,0.0090185
45,5,control,0.0089605
48,5,control,0.0090005
0,50,control,0.0152265
3,50,control,0.0152045
6,50,control,0.01518
9,50,control,0.0152535
12,50,control,0.0152655
15,50,control,0.0151745
18,50,control,0.015202
21,50,control,0.015233
24,50,control,0.015166
27,50,control,0.015251
30,50,control,0.0152
33,50,control,0.0152345
36,50,control,0.0151565
39,50,control,0.0152145
42,50,control,0.015227
45,50,control,0.015312
48,50,control,0.015143
0,51,control,0.0217065
3,51,control,0.021699
6,51,control,0.021825
9,51,control,0.021671
12,51,control,0.0216785
15,51,control,0.021701
18,51,control,0.021822
21,51,control,0.0216385
24,51,control,0.0217475
27,51,control,0.021703
30,51,control,0.0216565
33,51,control,0.021659
36,51,control,0.0217665
39,51,control,0.0216235
42,51,control,0.021609
45,51,control,0.021659
48,51,control,0.0217345
0,52,control,0.0195755
3,52,control,0.0196005
6,52,control,0.019648
9,52,control,0.019745
12,52,control,0.019686
15,52,control,0.0196635
18,52,control,0.0196115
21,52,control,0.0196695
24,52,control,0.0197505
27,52,control,0.019676
30,52,control,0.019525
33,52,control,0.0196065
36,52,control,0.019685
39,52,control,0.0195645
42,52,control,0.0196335
45,52,control,0.019563
48,52,control,0.0196405
0,53,control,0.0136165
3,53,control,0.013582
6,53,control,0.013609
9,53,control,0.0135035
12,53,control,0.01361
15,53,control,0.0135885
18,53,control,0.0136015
21,53,control,0.0136145
24,53,control,0.0136325
27,53,control,0.0135215
30,53,control,0.013605
33,53,control,0.013595
36,53,control,0.013572
39,53,control,0.0136215
42,53,control,0.0136215
45,53,control,0.0136195
48,53,control,0.0136055
0,54,control,0.0192645
3,54,control,0.019267
6,54,control,0.0192665
9,54,control,0.019301
12,54,control,0.0193455
15,54,control,0.0192825
18,54,control,0.0192995
21,54,control,0.01923
24,54,control,0.019299
27,54,control,0.0193035
30,54,control,0.0192495
33,54,control,0.0193225
36,54,control,0.0192275
39,54,control,0.0192705
42,54,control,0.0192035
45,54,control,0.019267
48,54,control,0.0192575
0,55,control,0.0125245
3,55,control,0.0126595
6,55,control,0.0125855
9,55,control,0.012626
12,55,control,0.012556
15,55,control,0.012592
18,55,control,0.012621
21,55,control,0.0125945
24,55,control,0.012685
27,55,control,0.0127255
30,55,control,0.012598
33,55,control,0.0127005
36,55,control,0.0126175
39,55,control,0.0125895
42,55,control,0.0126625
45,55,control,0.0126155
48,55,control,0.0126215
0,56,control,0.0240195
3,56,control,0.024153
6,56,control,0.0241135
9,56,control,0.0240735
12,56,control,0.0241115
15,56,control,0.0241005
18,56,control,0.024071
21,56,control,0.024018
24,56,control,0.0241345
27,56,control,0.0239945
30,56,control,0.024224
33,56,control,0.0241885
36,56,control,0.0240325
39,56,control,0.024028
42,56,control,0.024204
45,56,control,0.024126
48,56,control,0.0240295
0,57,control,0.017825
3,57,control,0.01788
6,57,control,0.017882
9,57,control,0.017926
12,57,control,0.0178605
15,57,control,0.017884
18,57,control,0.017929
21,57,control,0.017921
24,57,control,0.0178
27,57,control,0.017912
30,57,control,0.017849
33,57,control,0.017957
36,57,control,0.017825
39,57,control,0.0180085
42,57,control,0.017857
45,57,control,0.017859
48,57,control,0.017878
0,58,control,0.031952
3,58,control,0.0319005
6,58,control,0.0318425
9,58,control,0.032069
12,58,control,0.0317715
15,58,control,0.0318815
18,58,control,0.0318055
21,58,control,0.0318785
24,58,control,0.0319495
27,58,control,0.0319015
30,58,control,0.03189
33,58,control,0.031913
36,58,control,0.0319425
39,58,control,0.0317775
42,58,control,0.031945
45,58,control,0.0319015
48,58,control,0.031804
0,59,control,0.0089295
3,59,control,0.00901
6,59,control,0.008985
9,59,control,0.00896
12,59,control,0.0089815
15,59,control,0.0088935
18,59,control,0.0089645
21,59,control,0.00896
24,59,control,0.0090205
27,59,control,0.009031
30,59,control,0.008966
33,59,control,0.009069
36,59,control,0.008856
39,59,control,0.008975
42,59,control,0.0089345
45,59,control,0.008961
48,59,control,0.0090335
0,6,control,0.0179735
3,6,control,0.017912
6,6,control,0.018011
9,6,control,0.0180415
12,6,control,0.0178825
15,6,control,0.0180265
18,6,control,0.017947
21,6,control,0.017958
24,6,control,0.017937
27,6,control,0.0180365
30,6,control,0.0180455
33,6,control,0.017919
36,6,control,0.0179455
39,6,control,0.0179575
42,6,control,0.017998
45,6,control,0.018049
48,6,control,0.0180895
0,60,control,0.013366
3,60,control,0.0132715
6,60,control,0.0133775
9,60,control,0.0133375
12,60,control,0.0133275
15,60,control,0.0133415
18,60,control,0.0133275
21,60,control,0.0133305
24,60,control,0.013344
27,60,control,0.0133705
30,60,control,0.0132965
33,60,control,0.013311
36,60,control,0.0132355
39,60,control,0.0133385
42,60,control,0.0133255
45,60,control,0.013286
48,60,control,0.013287
0,61,control,0.0102725
3,61,control,0.010267
6,61,control,0.010323
9,61,control,0.0102755
12,61,control,0.010277
15,61,control,0.010246
18,61,control,0.0102905
21,61,control,0.0102585
24,61,control,0.0102795
27,61,control,0.0103595
30,61,control,0.010308
33,61,control,0.010234
36,61,control,0.010227
39,61,control,0.010277
42,61,control,0.0103025
45,61,control,0.010348
48,61,control,0.0102565
0,62,control,0.013319
3,62,control,0.013375
6,62,control,0.013402
9,62,control,0.013334500000000001
12,62,control,0.0133465
15,62,control,0.0133675
18,62,control,0.0132935
21,62,control,0.013291
24,62,control,0.0132385
27,62,control,0.0134285
30,62,control,0.0133515
33,62,control,0.013278
36,62,control,0.013366
39,62,control,0.0133415
42,62,control,0.0134575
45,62,control,0.0133285
48,62,control,0.0134
0,63,control,0.02225
3,63,control,0.0222265
6,63,control,0.022188
9,63,control,0.0222065
12,63,control,0.022311
15,63,control,0.0223725
18,63,control,0.0222555
21,63,control,0.0221745
24,63,control,0.022253
27,63,control,0.022235
30,63,control,0.0222945
33,63,control,0.0222865
36,63,control,0.0221635
39,63,control,0.022332
42,63,control,0.0222755
45,63,control,0.022298
48,63,control,0.022286
0,64,control,0.015607
3,64,control,0.0155845
6,64,control,0.015538
9,64,control,0.0156445
12,64,control,0.0156265
15,64,control,0.0156005
18,64,control,0.01556
21,64,control,0.015586
24,64,control,0.01555
27,64,control,0.015575
30,64,control,0.0156085
33,64,control,0.0156085
36,64,control,0.015567
39,64,control,0.0156755
42,64,control,0.0155655
45,64,control,0.015446
48,64,control,0.0154885
0,65,control,0.0147835
3,65,control,0.014809
6,65,control,0.014864
9,65,control,0.014841
12,65,control,0.014795
15,65,control,0.014737
18,65,control,0.014745
21,65,control,0.014709
24,65,control,0.0147845
27,65,control,0.014802
30,65,control,0.0147835
33,65,control,0.0147385
36,65,control,0.014841
39,65,control,0.0148565
42,65,control,0.014785
45,65,control,0.014803
48,65,control,0.0147935
0,66,control,0.017109
3,66,control,0.0171515
6,66,control,0.017236
9,66,control,0.0171825
12,66,control,0.0171765
15,66,control,0.0171525
18,66,control,0.017176
21,66,control,0.017128
24,66,control,0.017124
27,66,control,0.0171565
30,66,control,0.0172
33,66,control,0.0171715
36,66,control,0.017175
39,66,control,0.0172165
42,66,control,0.017249
45,66,control,0.017162
48,66,control,0.017168
0,67,control,0.0122835
3,67,control,0.0123655
6,67,control,0.0124115
9,67,control,0.0124355
12,67,control,0.012418
15,67,control,0.0124215
18,67,control,0.0123845
21,67,control,0.012411
24,67,control,0.0124195
27,67,control,0.0124265
30,67,control,0.012346
33,67,control,0.012385
36,67,control,0.0123165
39,67,control,0.0123775
42,67,control,0.0123275
45,67,control,0.012355
48,67,control,0.012314
0,68,control,0.0133275
3,68,control,0.0132955
6,68,control,0.013254
9,68,control,0.0132885
12,68,control,0.013267
15,68,control,0.013281
18,68,control,0.013212
21,68,control,0.013259
24,68,control,0.013286
27,68,control,0.013274
30,68,control,0.013246
33,68,control,0.0132225
36,68,control,0.0132445
39,68,control,0.0133645
42,68,control,0.013234
45,68,control,0.013226
48,68,control,0.0132095
0,69,control,0.018314
3,69,control,0.0183765
6,69,control,0.01827
9,69,control,0.018271
12,69,control,0.0184175
15,69,control,0.01823
18,69,control,0.018269
21,69,control,0.018284
24,69,control,0.018361
27,69,control,0.0183625
30,69,control,0.018243
33,69,control,0.018248
36,69,control,0.0183025
39,69,control,0.0183205
42,69,control,0.0182935
45,69,control,0.018328
48,69,control,0.018428
0,7,control,0.0178235
3,7,control,0.0178055
6,7,control,0.017734
9,7,control,0.017849
12,7,control,0.0177745
15,7,control,0.0178555
18,7,control,0.0179035
21,7,control,0.0178675
24,7,control,0.0179115
27,7,control,0.0178425
30,7,control,0.017848
33,7,control,0.0178725
36,7,control,0.0178775
39,7,control,0.0178525
42,7,control,0.017863
45,7,control,0.0178455
48,7,control,0.0177565
0,70,control,0.014982
3,70,control,0.0149055
6,70,control,0.0149945
9,70,control,0.0150025
12,70,control,0.0149985
15,70,control,0.01501
18,70,control,0.015011
21,70,control,0.015
24,70,control,0.0150675
27,70,control,0.0149295
30,70,control,0.0149235
33,70,control,0.0149455
36,70,control,0.0149295
39,70,control,0.015024
42,70,control,0.014946
45,70,control,0.014889
48,70,control,0.0148675
0,71,control,0.013126
3,71,control,0.013184
6,71,control,0.0131895
9,71,control,0.013095
12,71,control,0.0131195
15,71,control,0.0130715
18,71,control,0.0131785
21,71,control,0.013101
24,71,control,0.0131265
27,71,control,0.013083
30,71,control,0.0132035
33,71,control,0.0131565
36,71,control,0.013221
39,71,control,0.013145
42,71,control,0.0131625
45,71,control,0.013111
48,71,control,0.013047
0,72,control,0.0093965
3,72,control,0.0093305
6,72,control,0.0093925
9,72,control,0.009412
12,72,control,0.009343
15,72,control,0.009409
18,72,control,0.0093965
21,72,control,0.009417
24,72,control,0.0093995
27,72,control,0.009441
30,72,control,0.009434
33,72,control,0.009352
36,72,control,0.0093965
39,72,control,0.00935
42,72,control,0.0093705
45,72,control,0.0093565
48,72,control,0.0093625
0,73,control,0.0181425
3,73,control,0.0181815
6,73,control,0.0181735
9,73,control,0.018223
12,73,control,0.018194
15,73,control,0.0181075
18,73,control,0.0180955
21,73,control,0.0182405
24,73,control,0.0181675
27,73,control,0.018251
30,73,control,0.0182025
33,73,control,0.0182125
36,73,control,0.01823
39,73,control,0.0182435
42,73,control,0.0180845
45,73,control,0.018245
48,73,control,0.018264
0,74,control,0.015747
3,74,control,0.0156685
6,74,control,0.015671
9,74,control,0.015706
12,74,control,0.0156605
15,74,control,0.015681
18,74,control,0.0156685
21,74,control,0.0157025
24,74,control,0.0156445
27,74,control,0.01564
30,74,control,0.015668
33,74,control,0.015676
36,74,control,0.0156785
39,74,control,0.015693
42,74,control,0.0157025
45,74,control,0.0157035
48,74,control,0.015637
0,75,control,0.0250905
3,75,control,0.0251575
6,75,control,0.0251225
9,75,control,0.0250705
12,75,control,0.0251125
15,75,control,0.025087
18,75,control,0.0250835
21,75,control,0.0250795
24,75,control,0.025162
27,75,control,0.025036
30,75,control,0.025201
33,75,control,0.02514
36,75,control,0.0250545
39,75,control,0.025118
42,75,control,0.0250825
45,75,control,0.0251085
48,75,control,0.0250175
0,76,control,0.0169905
3,76,control,0.01705
6,76,control,0.0171
9,76,control,0.016995
12,76,control,0.0170035
15,76,control,0.0170525
18,76,control,0.0169785
21,76,control,0.017076
24,76,control,0.017059
27,76,control,0.0169865
30,76,control,0.017042
33,76,control,0.0170025
36,76,control,0.017035
39,76,control,0.0171325
42,76,control,0.0170335
45,76,control,0.0169915
48,76,control,0.017049
0,77,control,0.0179545
3,77,control,0.017925
6,77,control,0.0178945
9,77,control,0.0179615
12,77,control,0.017927
15,77,control,0.0179755
18,77,control,0.017938
21,77,control,0.0180155
24,77,control,0.0179355
27,77,control,0.017942
30,77,control,0.0179155
33,77,control,0.017956
36,77,control,0.0179605
39,77,control,0.018011
42,77,control,0.017848
45,77,control,0.018017
48,77,control,0.0179685
0,78,control,0.008781
3,78,control,0.0088155
6,78,control,0.0087775
9,78,control,0.0088055
12,78,control,0.0087465
15,78,control,0.008832
18,78,control,0.0087825
21,78,control,0.008841
24,78,control,0.008806
27,78,control,0.008788
30,78,control,0.008801
33,78,control,0.008772
36,78,control,0.0088165
39,78,control,0.008714
42,78,control,0.008766
45,78,control,0.0087685
48,78,control,0.008833
0,79,control,0.0119035
3,79,control,0.011933
6,79,control,0.0120025
9,79,control,0.0119095
12,79,control,0.0119355
15,79,control,0.011945
18,79,control,0.011942
21,79,control,0.0119415
24,79,control,0.0120145
27,79,control,0.0119165
30,79,control,0.011932
33,79,control,0.011959
36,79,control,0.012002
39,79,control,0.0118775
42,79,control,0.0119305
45,79,control,0.0119605
48,79,control,0.0119225
0,8,control,0.0179725
3,8,control,0.0179945
6,8,control,0.017981
9,8,control,0.0179055
12,8,control,0.017977
15,8,control,0.0178785
18,8,control,0.0179415
21,8,control,0.0179805
24,8,control,0.017973
27,8,control,0.017947
30,8,control,0.0179845
33,8,control,0.017913
36,8,control,0.017899
39,8,control,0.0179445
42,8,control,0.017977
45,8,control,0.0179615
48,8,control,0.017959
0,80,control,0.0155185
3,80,control,0.0155285
6,80,control,0.015503
9,80,control,0.01548
12,80,control,0.015513
15,80,control,0.015567
18,80,control,0.015522
21,80,control,0.015502
24,80,control,0.015494
27,80,control,0.015515
30,80,control,0.015527
33,80,control,0.0154945
36,80,control,0.0155025
39,80,control,0.0155165
42,80,control,0.0154225
45,80,control,0.015505
48,80,control,0.0154945
0,81,control,0.0249575
3,81,control,0.024897
6,81,control,0.0248245
9,81,control,0.024911
12,81,control,0.0249805
15,81,control,0.024922
18,81,control,0.0247275
21,81,control,0.02497
24,81,control,0.024983000000000002
27,81,control,0.0249065
30,81,control,0.024955
33,81,control,0.0249035
36,81,control,0.024987
39,81,control,0.02496
42,81,control,0.024856
45,81,control,0.0249615
48,81,control,0.024954
0,82,control,0.018796
3,82,control,0.0187535
6,82,control,0.0188185
9,82,control,0.018687
12,82,control,0.018675
15,82,control,0.018675
18,82,control,0.0187065
21,82,control,0.0186545
24,82,control,0.018699
27,82,control,0.0187795
30,82,control,0.01866
33,82,control,0.018705
36,82,control,0.018771
39,82,control,0.018708
42,82,control,0.018789
45,82,control,0.018781
48,82,control,0.018732
0,83,control,0.0132625
3,83,control,0.013264
6,83,control,0.0132445
9,83,control,0.013342
12,83,control,0.013325
15,83,control,0.013248
18,83,control,0.013325
21,83,control,0.013342
24,83,control,0.0132685
27,83,control,0.013275
30,83,control,0.013322
33,83,control,0.0133475
36,83,control,0.013249
39,83,control,0.0132685
42,83,control,0.013307
45,83,control,0.0133555
48,83,control,0.0133085
0,84,control,0.017345
3,84,control,0.0173805
6,84,control,0.017368
9,84,control,0.017311
12,84,control,0.0174415
15,84,control,0.0172795
18,84,control,0.01738
21,84,control,0.01737
24,84,control,0.0173745
27,84,control,0.0174765
30,84,control,0.0174295
33,84,control,0.017339
36,84,control,0.0173315
39,84,control,0.0173765
42,84,control,0.0173705
45,84,control,0.0173455
48,84,control,0.0173415
0,85,control,0.0113815
3,85,control,0.011311
6,85,control,0.0112825
9,85,control,0.011287
12,85,control,0.011327
15,85,control,0.0113195
18,85,control,0.011323
21,85,control,0.0112375
24,85,control,0.011274
27,85,control,0.0113095
30,85,control,0.011261
33,85,control,0.0112815
36,85,control,0.0113145
39,85,control,0.0112675
42,85,control,0.011264
45,85,control,0.0113425
48,85,control,0.011276
0,86,control,0.0128475
3,86,control,0.012779
6,86,control,0.012815
9,86,control,0.0128215
12,86,control,0.012807
15,86,control,0.0127605
18,86,control,0.012831
21,86,control,0.012776
24,86,control,0.01281
27,86,control,0.012752
30,86,control,0.012742
33,86,control,0.012807
36,86,control,0.01267
39,86,control,0.0128285
42,86,control,0.012728
45,86,control,0.0127955
48,86,control,0.0127805
0,87,control,0.0121345
3,87,control,0.0121895
6,87,control,0.012070000000000001
9,87,control,0.0121345
12,87,control,0.0120815
15,87,control,0.012058
18,87,control,0.0121055
21,87,control,0.012127
24,87,control,0.0120955
27,87,control,0.0121515
30,87,control,0.0121125
33,87,control,0.012129
36,87,control,0.012092
39,87,control,0.0120605
42,87,control,0.012007
45,87,control,0.0120675
48,87,control,0.0120865
0,88,control,0.012889
3,88,control,0.012912
6,88,control,0.012743
9,88,control,0.012897
12,88,control,0.0128565
15,88,control,0.012871
18,88,control,0.0128845
21,88,control,0.012965
24,88,control,0.0128445
27,88,control,0.012871
30,88,control,0.0129325
33,88,control,0.01293
36,88,control,0.0128105
39,88,control,0.0128525
42,88,control,0.0129155
45,88,control,0.012886
48,88,control,0.0128775
0,89,control,0.012909
3,89,control,0.0130165
6,89,control,0.0129085
9,89,control,0.0129915
12,89,control,0.0129705
15,89,control,0.012883
18,89,control,0.012928
21,89,control,0.013029
24,89,control,0.0129365
27,89,control,0.0129905
30,89,control,0.0129515
33,89,control,0.0129235
36,89,control,0.012898
39,89,control,0.012931
42,89,control,0.01301
45,89,control,0.012976
48,89,control,0.012944
0,9,control,0.0104985
3,9,control,0.0105145
6,9,control,0.010507
9,9,control,0.010501
12,9,control,0.010454
15,9,control,0.0105765
18,9,control,0.0105255
21,9,control,0.0104265
24,9,control,0.010452
27,9,control,0.010477
30,9,control,0.010529
33,9,control,0.010487
36,9,control,0.010466
39,9,control,0.0105065
42,9,control,0.010512
45,9,control,0.010489
48,9,control,0.010583
0,90,control,0.017572
3,90,control,0.0175645
6,90,control,0.0174835
9,90,control,0.0175485
12,90,control,0.017465
15,90,control,0.017522
18,90,control,0.017508
21,90,control,0.0176155
24,90,control,0.0174605
27,90,control,0.017573
30,90,control,0.0175165
33,90,control,0.017533
36,90,control,0.0174705
39,90,control,0.0175075
42,90,control,0.0175785
45,90,control,0.017572
48,90,control,0.017447
0,91,control,0.011086499999999999
3,91,control,0.011103
6,91,control,0.0110105
9,91,control,0.0110165
12,91,control,0.011075
15,91,control,0.011086
18,91,control,0.0110465
21,91,control,0.011083
24,91,control,0.0109875
27,91,control,0.011083
30,91,control,0.011015
33,91,control,0.0110505
36,91,control,0.0110155
39,91,control,0.0110025
42,91,control,0.011086
45,91,control,0.011045
48,91,control,0.011038
0,92,control,0.0100895
3,92,control,0.010011
6,92,control,0.010021
9,92,control,0.0100025
12,92,control,0.010038
15,92,control,0.010046
18,92,control,0.010042
21,92,control,0.010046
24,92,control,0.010052
27,92,control,0.0100585
30,92,control,0.0100045
33,92,control,0.010014
36,92,control,0.0100195
39,92,control,0.0100215
42,92,control,0.010069
45,92,control,0.0100625
48,92,control,0.010068
0,93,control,0.0105785
3,93,control,0.0105255
6,93,control,0.010583
9,93,control,0.01057
12,93,control,0.0105325
15,93,control,0.0105985
18,93,control,0.010539
21,93,control,0.0105755
24,93,control,0.0105455
27,93,control,0.0105825
30,93,control,0.01067
33,93,control,0.0106055
36,93,control,0.010572
39,93,control,0.010657
42,93,control,0.010553
45,93,control,0.010559
48,93,control,0.010537
0,94,control,0.0129065
3,94,control,0.0130135
6,94,control,0.0129995
9,94,control,0.0129755
12,94,control,0.013061
15,94,control,0.013007
18,94,control,0.012964
21,94,control,0.0129565
24,94,control,0.0130355
27,94,control,0.012993
30,94,control,0.012979
33,94,control,0.0130025
36,94,control,0.0129625
39,94,control,0.013017
42,94,control,0.0129685
45,94,control,0.0130975
48,94,control,0.013011
0,95,control,0.009825
3,95,control,0.0098015
6,95,control,0.009879
9,95,control,0.0097695
12,95,control,0.009902
15,95,control,0.0098485
18,95,control,0.0099195
21,95,control,0.0098885
24,95,control,0.0098465
27,95,control,0.009856
30,95,control,0.0098725
33,95,control,0.009856
36,95,control,0.009899
39,95,control,0.0098895
42,95,control,0.0099655
45,95,control,0.0099315
48,95,control,0.009846
0,96,control,0.0109095
3,96,control,0.0108715
6,96,control,0.0108665
9,96,control,0.0108595
12,96,control,0.010839
15,96,control,0.0108305
18,96,control,0.0108845
21,96,control,0.010854
24,96,control,0.010855
27,96,control,0.0108865
30,96,control,0.0109035
33,96,control,0.010887
36,96,control,0.010815
39,96,control,0.010836
42,96,control,0.01091
45,96,control,0.010852
48,96,control,0.0108285
0,97,control,0.0163235
3,97,control,0.016241
6,97,control,0.0162965
9,97,control,0.016263
12,97,control,0.016312
15,97,control,0.0161835
18,97,control,0.016291
21,97,control,0.0162575
24,97,control,0.016271
27,97,control,0.016247
30,97,control,0.0162515
33,97,control,0.0163365
36,97,control,0.0162445
39,97,control,0.016225
42,97,control,0.0163095
45,97,control,0.016228
48,97,control,0.0162455
0,98,control,0.0120395
3,98,control,0.0118955
6,98,control,0.011946
9,98,control,0.0119425
12,98,control,0.0119145
15,98,control,0.011976
18,98,control,0.0119545
21,98,control,0.012006
24,98,control,0.011925
27,98,control,0.0119465
30,98,control,0.012004
33,98,control,0.0119945
36,98,control,0.011958
39,98,control,0.012053
42,98,control,0.0119005
45,98,control,0.0119535
48,98,control,0.0119185
0,99,control,0.013505
3,99,control,0.0133935
6,99,control,0.0134335
9,99,control,0.0133985
12,99,control,0.0134255
15,99,control,0.0134295
18,99,control,0.0133705
21,99,control,0.013411
24,99,control,0.0133865
27,99,control,0.013482
30,99,control,0.0134195
33,99,control,0.013404
36,99,control,0.0134195
39,99,control,0.013361
42,99,control,0.0133675
45,99,control,0.0134295
48,99,control,0.013325
0,1,intervention,0.0159805
3,1,intervention,0.015992
6,1,intervention,0.016015
9,1,intervention,0.0160005
12,1,intervention,0.0159415
15,1,intervention,0.016059
18,1,intervention,0.0159985
21,1,intervention,0.0160275
24,1,intervention,0.0160945
27,1,intervention,0.0160155
30,1,intervention,0.0159175
33,1,intervention,0.016001
36,1,intervention,0.015925
39,1,intervention,0.0160175
42,1,intervention,0.0160035
45,1,intervention,0.016037
48,1,intervention,0.01601
0,10,intervention,0.0163825
3,10,intervention,0.0164355
6,10,intervention,0.016278
9,10,intervention,0.016389
12,10,intervention,0.01638
15,10,intervention,0.016327
18,10,intervention,0.016304
21,10,intervention,0.0163105
24,10,intervention,0.016298
27,10,intervention,0.0163595
30,10,intervention,0.016387
33,10,intervention,0.0163755
36,10,intervention,0.016307
39,10,intervention,0.016281
42,10,intervention,0.016416
45,10,intervention,0.016385
48,10,intervention,0.016479
0,100,intervention,0.018827
3,100,intervention,0.0188545
6,100,intervention,0.018833
9,100,intervention,0.0189805
12,100,intervention,0.018903
15,100,intervention,0.0190335
18,100,intervention,0.0189815
21,100,intervention,0.0189335
24,100,intervention,0.01886
27,100,intervention,0.0190575
30,100,intervention,0.019021
33,100,intervention,0.01894
36,100,intervention,0.018992
39,100,intervention,0.0190065
42,100,intervention,0.019079
45,100,intervention,0.01911
48,100,intervention,0.0190445
0,101,intervention,0.0143285
3,101,intervention,0.014213
6,101,intervention,0.0141445
9,101,intervention,0.014305
12,101,intervention,0.014218
15,101,intervention,0.0142745
18,101,intervention,0.0142535
21,101,intervention,0.0142865
24,101,intervention,0.0142575
27,101,intervention,0.0143395
30,101,intervention,0.0143225
33,101,intervention,0.0142815
36,101,intervention,0.014301
39,101,intervention,0.0143185
42,101,intervention,0.014325
45,101,intervention,0.0143115
48,101,intervention,0.014292
0,102,intervention,0.012158
3,102,intervention,0.012125
6,102,intervention,0.0120585
9,102,intervention,0.012194
12,102,intervention,0.012189
15,102,intervention,0.012238
18,102,intervention,0.0121755
21,102,intervention,0.0120885
24,102,intervention,0.0122185
27,102,intervention,0.012187
30,102,intervention,0.012247
33,102,intervention,0.0121655
36,102,intervention,0.0121925
39,102,intervention,0.012167
42,102,intervention,0.012210500000000001
45,102,intervention,0.0122955
48,102,intervention,0.012225
0,103,intervention,0.0126165
3,103,intervention,0.012565
6,103,intervention,0.012598
9,103,intervention,0.0125115
12,103,intervention,0.0125805
15,103,intervention,0.0125825
18,103,intervention,0.0124905
21,103,intervention,0.0125275
24,103,intervention,0.0126425
27,103,intervention,0.0125345
30,103,intervention,0.0126965
33,103,intervention,0.012684
36,103,intervention,0.0127025
39,103,intervention,0.012587
42,103,intervention,0.0126605
45,103,intervention,0.012663
48,103,intervention,0.012657
0,104,intervention,0.0191305
3,104,intervention,0.019051
6,104,intervention,0.019122
9,104,intervention,0.019107
12,104,intervention,0.0191405
15,104,intervention,0.019119
18,104,intervention,0.0191735
21,104,intervention,0.0191755
24,104,intervention,0.0191555
27,104,intervention,0.019216
30,104,intervention,0.019137
33,104,intervention,0.0192715
36,104,intervention,0.019258
39,104,intervention,0.019238
42,104,intervention,0.0192425
45,104,intervention,0.0191795
48,104,intervention,0.019168
0,105,intervention,0.0193525
3,105,intervention,0.0193425
6,105,intervention,0.01938
9,105,intervention,0.0193035
12,105,intervention,0.019373
15,105,intervention,0.019366
18,105,intervention,0.019387
21,105,intervention,0.019401
24,105,intervention,0.019497
27,105,intervention,0.0193905
30,105,intervention,0.0194525
33,105,intervention,0.019455
36,105,intervention,0.01947
39,105,intervention,0.019403
42,105,intervention,0.0195065
45,105,intervention,0.0193495
48,105,intervention,0.019483
0,106,intervention,0.009629
3,106,intervention,0.0095875
6,106,intervention,0.0096125
9,106,intervention,0.0096795
12,106,intervention,0.009639
15,106,intervention,0.009633
18,106,intervention,0.0096375
21,106,intervention,0.009677
24,106,intervention,0.0097445
27,106,intervention,0.0096615
30,106,intervention,0.0096895
33,106,intervention,0.0097055
36,106,intervention,0.0097125
39,106,intervention,0.009683
42,106,intervention,0.0097065
45,106,intervention,0.0096945
48,106,intervention,0.0096535
0,107,intervention,0.016261
3,107,intervention,0.0162785
6,107,intervention,0.0162995
9,107,intervention,0.0161815
12,107,intervention,0.0161765
15,107,intervention,0.016218
18,107,intervention,0.0162535
21,107,intervention,0.016225
24,107,intervention,0.0163635
27,107,intervention,0.0163495
30,107,intervention,0.0161645
33,107,intervention,0.016326
36,107,intervention,0.0162605
39,107,intervention,0.016327500000000002
42,107,intervention,0.0163165
45,107,intervention,0.016309
48,107,intervention,0.0163265
0,108,intervention,0.0242895
3,108,intervention,0.024291
6,108,intervention,0.0242665
9,108,intervention,0.0242265
12,108,intervention,0.0243705
15,108,intervention,0.024368
18,108,intervention,0.0242425
21,108,intervention,0.024318
24,108,intervention,0.024315
27,108,intervention,0.0242835
30,108,intervention,0.024283
33,108,intervention,0.02427
36,108,intervention,0.024319
39,108,intervention,0.02438
42,108,intervention,0.0243475
45,108,intervention,0.024386
48,108,intervention,0.0243655
0,109,intervention,0.0081045
3,109,intervention,0.0081275
6,109,intervention,0.0081175
9,109,intervention,0.0081965
12,109,intervention,0.008135
15,109,intervention,0.0082335
18,109,intervention,0.008193
21,109,intervention,0.0082745
24,109,intervention,0.008224
27,109,intervention,0.008222
30,109,intervention,0.0082105
33,109,intervention,0.0082505
36,109,intervention,0.0082865
39,109,intervention,0.0082375
42,109,intervention,0.008275
45,109,intervention,0.0082555
48,109,intervention,0.008248
0,11,intervention,0.016493
3,11,intervention,0.0165085
6,11,intervention,0.016537
9,11,intervention,0.0165775
12,11,intervention,0.016602
15,11,intervention,0.0166045
18,11,intervention,0.0166485
21,11,intervention,0.016546
24,11,intervention,0.016618
27,11,intervention,0.0166
30,11,intervention,0.0165515
33,11,intervention,0.016585
36,11,intervention,0.0165725
39,11,intervention,0.01671
42,11,intervention,0.0166895
45,11,intervention,0.0166875
48,11,intervention,0.016722
0,110,intervention,0.010483
3,110,intervention,0.0104755
6,110,intervention,0.0104965
9,110,intervention,0.0104885
12,110,intervention,0.010486
15,110,intervention,0.010461
18,110,intervention,0.010511
21,110,intervention,0.010499
24,110,intervention,0.010522
27,110,intervention,0.0104985
30,110,intervention,0.010517
33,110,intervention,0.0105705
36,110,intervention,0.010518
39,110,intervention,0.010498
42,110,intervention,0.0105585
45,110,intervention,0.01048
48,110,intervention,0.0104965
0,111,intervention,0.018429
3,111,intervention,0.0185035
6,111,intervention,0.018358
9,111,intervention,0.018416
12,111,intervention,0.018463
15,111,intervention,0.018497
18,111,intervention,0.0184655
21,111,intervention,0.018494
24,111,intervention,0.0184565
27,111,intervention,0.018521
30,111,intervention,0.0184655
33,111,intervention,0.0185215
36,111,intervention,0.018501
39,111,intervention,0.0185555
42,111,intervention,0.0184995
45,111,intervention,0.0185315
48,111,intervention,0.0185495
0,112,intervention,0.012101
3,112,intervention,0.012187
6,112,intervention,0.0121085
9,112,intervention,0.0121665
12,112,intervention,0.012229
15,112,intervention,0.0122785
18,112,intervention,0.012171
21,112,intervention,0.0122215
24,112,intervention,0.0121535
27,112,intervention,0.012245
30,112,intervention,0.0122605
33,112,intervention,0.0122615
36,112,intervention,0.0122885
39,112,intervention,0.012317
42,112,intervention,0.012279
45,112,intervention,0.0122195
48,112,intervention,0.012255
0,113,intervention,0.0171285
3,113,intervention,0.017169
6,113,intervention,0.01712
9,113,intervention,0.017184
12,113,intervention,0.0171785
15,113,intervention,0.017199
18,113,intervention,0.017264
21,113,intervention,0.017154
24,113,intervention,0.017251
27,113,intervention,0.0172035
30,113,intervention,0.0171465
33,113,intervention,0.017193
36,113,intervention,0.017163
39,113,intervention,0.0172245
42,113,intervention,0.017163
45,113,intervention,0.017165
48,113,intervention,0.0172065
0,114,intervention,0.0167345
3,114,intervention,0.0167745
6,114,intervention,0.0167375
9,114,intervention,0.016785
12,114,intervention,0.016746
15,114,intervention,0.0168655
18,114,intervention,0.016868
21,114,intervention,0.0167775
24,114,intervention,0.016762
27,114,intervention,0.0168875
30,114,intervention,0.016866
33,114,intervention,0.016766
36,114,intervention,0.0168235
39,114,intervention,0.0167535
42,114,intervention,0.0168285
45,114,intervention,0.01684
48,114,intervention,0.0168425
0,115,intervention,0.0188275
3,115,intervention,0.018919
6,115,intervention,0.018933
9,115,intervention,0.0188845
12,115,intervention,0.018901
15,115,intervention,0.018868
18,115,intervention,0.0190055
21,115,intervention,0.0189895
24,115,intervention,0.018967
27,115,intervention,0.0189235
30,115,intervention,0.0190615
33,115,intervention,0.0189645
36,115,intervention,0.0189615
39,115,intervention,0.0190275
42,115,intervention,0.018993
45,115,intervention,0.0188925
48,115,intervention,0.018947
0,116,intervention,0.0188985
3,116,intervention,0.018919
6,116,intervention,0.018983
9,116,intervention,0.0189105
12,116,intervention,0.0189145
15,116,intervention,0.0189555
18,116,intervention,0.018916
21,116,intervention,0.019032
24,116,intervention,0.018933
27,116,intervention,0.0190215
30,116,intervention,0.0190035
33,116,intervention,0.018957
36,116,intervention,0.019013
39,116,intervention,0.0189675
42,116,intervention,0.0190285
45,116,intervention,0.0190265
48,116,intervention,0.0189735
0,117,intervention,0.0197445
3,117,intervention,0.019848
6,117,intervention,0.019848
9,117,intervention,0.019896
12,117,intervention,0.019819
15,117,intervention,0.01989
18,117,intervention,0.019853
21,117,intervention,0.019891
24,117,intervention,0.019941
27,117,intervention,0.019854
30,117,intervention,0.019979
33,117,intervention,0.019813
36,117,intervention,0.0198335
39,117,intervention,0.0199825
42,117,intervention,0.0199015
45,117,intervention,0.0199695
48,117,intervention,0.0199215
0,118,intervention,0.016885
3,118,intervention,0.0168435
6,118,intervention,0.0168985
9,118,intervention,0.016892
12,118,intervention,0.016919
15,118,intervention,0.0168675
18,118,intervention,0.0168935
21,118,intervention,0.016952
24,118,intervention,0.016939
27,118,intervention,0.0170085
30,118,intervention,0.016897
33,118,intervention,0.0169965
36,118,intervention,0.017018
39,118,intervention,0.0168685
42,118,intervention,0.017015
45,118,intervention,0.0170545
48,118,intervention,0.017037
0,119,intervention,0.012111
3,119,intervention,0.0120455
6,119,intervention,0.0120345
9,119,intervention,0.012027
12,119,intervention,0.0120855
15,119,intervention,0.0120875
18,119,intervention,0.012114
21,119,intervention,0.01213
24,119,intervention,0.0121035
27,119,intervention,0.012142
30,119,intervention,0.0120975
33,119,intervention,0.0121565
36,119,intervention,0.012082
39,119,intervention,0.0121275
42,119,intervention,0.0121455
45,119,intervention,0.0121015
48,119,intervention,0.0121165
0,12,intervention,0.0184325
3,12,intervention,0.018424
6,12,intervention,0.0184315
9,12,intervention,0.0183685
12,12,intervention,0.0183925
15,12,intervention,0.018349
18,12,intervention,0.018365
21,12,intervention,0.018309
24,12,intervention,0.0183905
27,12,intervention,0.018535
30,12,intervention,0.0184275
33,12,intervention,0.018434
36,12,intervention,0.0184435
39,12,intervention,0.018527
42,12,intervention,0.018387
45,12,intervention,0.0184355
48,12,intervention,0.018454
0,120,intervention,0.0146135
3,120,intervention,0.014626
6,120,intervention,0.0146615
9,120,intervention,0.014568
12,120,intervention,0.0146285
15,120,intervention,0.014748
18,120,intervention,0.014772
21,120,intervention,0.014654
24,120,intervention,0.014699
27,120,intervention,0.014701
30,120,intervention,0.014719
33,120,intervention,0.0147695
36,120,intervention,0.0147495
39,120,intervention,0.0147285
42,120,intervention,0.0147015
45,120,intervention,0.014775
48,120,intervention,0.014802
0,121,intervention,0.0156035
3,121,intervention,0.015654
6,121,intervention,0.015597
9,121,intervention,0.015801
12,121,intervention,0.015731
15,121,intervention,0.015706
18,121,intervention,0.015711
21,121,intervention,0.01589
24,121,intervention,0.0157515
27,121,intervention,0.015808
30,121,intervention,0.015746
33,121,intervention,0.0157515
36,121,intervention,0.0157685
39,121,intervention,0.015717
42,121,intervention,0.015765500000000002
45,121,intervention,0.015754
48,121,intervention,0.0157445
0,122,intervention,0.016415
3,122,intervention,0.016352
6,122,intervention,0.0164025
9,122,intervention,0.0165085
12,122,intervention,0.016501
15,122,intervention,0.016381
18,122,intervention,0.0164555
21,122,intervention,0.0165145
24,122,intervention,0.0165015
27,122,intervention,0.016536
30,122,intervention,0.01646
33,122,intervention,0.016591
36,122,intervention,0.0164805
39,122,intervention,0.0165145
42,122,intervention,0.0164415
45,122,intervention,0.016516
48,122,intervention,0.0165175
0,123,intervention,0.017033
3,123,intervention,0.017009
6,123,intervention,0.017028
9,123,intervention,0.017098
12,123,intervention,0.017121
15,123,intervention,0.017069
18,123,intervention,0.017096
21,123,intervention,0.0170715
24,123,intervention,0.0171555
27,123,intervention,0.0170325
30,123,intervention,0.0170145
33,123,intervention,0.017082
36,123,intervention,0.0171175
39,123,intervention,0.017108
42,123,intervention,0.017207
45,123,intervention,0.017183
48,123,intervention,0.017162
0,124,intervention,0.0088065
3,124,intervention,0.0086955
6,124,intervention,0.008807
9,124,intervention,0.008819
12,124,intervention,0.00872
15,124,intervention,0.008788
18,124,intervention,0.008816
21,124,intervention,0.008784
24,124,intervention,0.0088395
27,124,intervention,0.008852
30,124,intervention,0.008835
33,124,intervention,0.008843
36,124,intervention,0.0088485
39,124,intervention,0.008853
42,124,intervention,0.008868
45,124,intervention,0.008868
48,124,intervention,0.0088945
0,125,intervention,0.020446
3,125,intervention,0.0206025
6,125,intervention,0.020609
9,125,intervention,0.0205185
12,125,intervention,0.020575
15,125,intervention,0.0206235
18,125,intervention,0.020609
21,125,intervention,0.0206575
24,125,intervention,0.020533
27,125,intervention,0.0206025
30,125,intervention,0.020543
33,125,intervention,0.0206055
36,125,intervention,0.0206855
39,125,intervention,0.0205675
42,125,intervention,0.0206365
45,125,intervention,0.020644
48,125,intervention,0.0206385
0,126,intervention,0.013025
3,126,intervention,0.013034
6,126,intervention,0.013073
9,126,intervention,0.013036
12,126,intervention,0.01313
15,126,intervention,0.013115
18,126,intervention,0.013045
21,126,intervention,0.013161
24,126,intervention,0.01311
27,126,intervention,0.0131165
30,126,intervention,0.013115
33,126,intervention,0.013174
36,126,intervention,0.013131
39,126,intervention,0.0131815
42,126,intervention,0.0131435
45,126,intervention,0.0132
48,126,intervention,0.013256
0,127,intervention,0.0152725
3,127,intervention,0.015303
6,127,intervention,0.015316
9,127,intervention,0.0153545
12,127,intervention,0.0153025
15,127,intervention,0.015268
18,127,intervention,0.015303
21,127,intervention,0.015339
24,127,intervention,0.0153045
27,127,intervention,0.0153045
30,127,intervention,0.0153195
33,127,intervention,0.015311
36,127,intervention,0.015331
39,127,intervention,0.0153925
42,127,intervention,0.015348
45,127,intervention,0.0153055
48,127,intervention,0.015332
0,128,intervention,0.019876
3,128,intervention,0.0199465
6,128,intervention,0.019979
9,128,intervention,0.019963
12,128,intervention,0.0199275
15,128,intervention,0.019872
18,128,intervention,0.01992
21,128,intervention,0.0199115
24,128,intervention,0.019944
27,128,intervention,0.0199415
30,128,intervention,0.019939
33,128,intervention,0.019898
36,128,intervention,0.0199675
39,128,intervention,0.020051
42,128,intervention,0.0199955
45,128,intervention,0.0199935
48,128,intervention,0.020007
0,129,intervention,0.022655
3,129,intervention,0.0226325
6,129,intervention,0.022723
9,129,intervention,0.0226385
12,129,intervention,0.02269
15,129,intervention,0.0227455
18,129,intervention,0.022702
21,129,intervention,0.0226515
24,129,intervention,0.022713
27,129,intervention,0.0227005
30,129,intervention,0.0227725
33,129,intervention,0.0227235
36,129,intervention,0.0227295
39,129,intervention,0.022702
42,129,intervention,0.022766
45,129,intervention,0.022705
48,129,intervention,0.022643
0,13,intervention,0.022549
3,13,intervention,0.022547
6,13,intervention,0.0225465
9,13,intervention,0.0225005
12,13,intervention,0.022562
15,13,intervention,0.022568
18,13,intervention,0.0227265
21,13,intervention,0.022553
24,13,intervention,0.022592
27,13,intervention,0.0225195
30,13,intervention,0.022585
33,13,intervention,0.0226035
36,13,intervention,0.022615
39,13,intervention,0.022654
42,13,intervention,0.022664
45,13,intervention,0.022573
48,13,intervention,0.0225205
0,130,intervention,0.0085595
3,130,intervention,0.0087085
6,130,intervention,0.0086825
9,130,intervention,0.0087025
12,130,intervention,0.0087135
15,130,intervention,0.0086595
18,130,intervention,0.00864
21,130,intervention,0.0087065
24,130,intervention,0.008733
27,130,intervention,0.008759
30,130,intervention,0.0087505
33,130,intervention,0.0088135
36,130,intervention,0.008774
39,130,intervention,0.0087575
42,130,intervention,0.0087635
45,130,intervention,0.008772
48,130,intervention,0.008759
0,131,intervention,0.0109765
3,131,intervention,0.01095
6,131,intervention,0.010987
9,131,intervention,0.0110165
12,131,intervention,0.0109515
15,131,intervention,0.0110255
18,131,intervention,0.011006
21,131,intervention,0.011009
24,131,intervention,0.01096
27,131,intervention,0.0110355
30,131,intervention,0.0110055
33,131,intervention,0.010977
36,131,intervention,0.010976
39,131,intervention,0.0110515
42,131,intervention,0.011004
45,131,intervention,0.0109575
48,131,intervention,0.0110565
0,132,intervention,0.01213
3,132,intervention,0.0121895
6,132,intervention,0.0122155
9,132,intervention,0.012134
12,132,intervention,0.012195
15,132,intervention,0.012198
18,132,intervention,0.012181
21,132,intervention,0.012239
24,132,intervention,0.012214
27,132,intervention,0.0121455
30,132,intervention,0.0121565
33,132,intervention,0.0122325
36,132,intervention,0.012174
39,132,intervention,0.01223
42,132,intervention,0.0121865
45,132,intervention,0.0122405
48,132,intervention,0.012223
0,133,intervention,0.016047
3,133,intervention,0.016034
6,133,intervention,0.016021
9,133,intervention,0.016018
12,133,intervention,0.0159765
15,133,intervention,0.0161275
18,133,intervention,0.0160745
21,133,intervention,0.016047
24,133,intervention,0.0159975
27,133,intervention,0.0160405
30,133,intervention,0.016107
33,133,intervention,0.0160775
36,133,intervention,0.0161595
39,133,intervention,0.016076
42,133,intervention,0.01614
45,133,intervention,0.016108
48,133,intervention,0.016139
0,134,intervention,0.010529
3,134,intervention,0.0106085
6,134,intervention,0.0106405
9,134,intervention,0.0105455
12,134,intervention,0.0106435
15,134,intervention,0.010652
18,134,intervention,0.010617
21,134,intervention,0.01066
24,134,intervention,0.010605
27,134,intervention,0.01065
30,134,intervention,0.010574
33,134,intervention,0.010667
36,134,intervention,0.0106235
39,134,intervention,0.010639
42,134,intervention,0.0106605
45,134,intervention,0.010627
48,134,intervention,0.010682
0,135,intervention,0.016938
3,135,intervention,0.0168865
6,135,intervention,0.016867
9,135,intervention,0.016869
12,135,intervention,0.01684
15,135,intervention,0.0168305
18,135,intervention,0.016932
21,135,intervention,0.0169615
24,135,intervention,0.016888
27,135,intervention,0.01685
30,135,intervention,0.0170235
33,135,intervention,0.0169655
36,135,intervention,0.0169375
39,135,intervention,0.016959
42,135,intervention,0.01698
45,135,intervention,0.0169705
48,135,intervention,0.01697
0,136,intervention,0.0148755
3,136,intervention,0.0148745
6,136,intervention,0.0149405
9,136,intervention,0.014914
12,136,intervention,0.014979
15,136,intervention,0.0148975
18,136,intervention,0.0149575
21,136,intervention,0.0149815
24,136,intervention,0.014869
27,136,intervention,0.014854
30,136,intervention,0.015012
33,136,intervention,0.0149085
36,136,intervention,0.0149095
39,136,intervention,0.014913
42,136,intervention,0.0149815
45,136,intervention,0.014925
48,136,intervention,0.014894
0,137,intervention,0.0168255
3,137,intervention,0.0167345
6,137,intervention,0.0167635
9,137,intervention,0.01681
12,137,intervention,0.0166315
15,137,intervention,0.016769
18,137,intervention,0.016866
21,137,intervention,0.0167375
24,137,intervention,0.0168095
27,137,intervention,0.01676
30,137,intervention,0.01676
33,137,intervention,0.016799
36,137,intervention,0.016811
39,137,intervention,0.0168335
42,137,intervention,0.0167925
45,137,intervention,0.016804
48,137,intervention,0.016808
0,138,intervention,0.0114915
3,138,intervention,0.011543
6,138,intervention,0.011511
9,138,intervention,0.0114615
12,138,intervention,0.011507999999999999
15,138,intervention,0.0115555
18,138,intervention,0.011528
21,138,intervention,0.0115645
24,138,intervention,0.0116345
27,138,intervention,0.011589
30,138,intervention,0.01158
33,138,intervention,0.0116275
36,138,intervention,0.011571
39,138,intervention,0.0115585
42,138,intervention,0.0115715
45,138,intervention,0.011572
48,138,intervention,0.0115645
0,139,intervention,0.0132595
3,139,intervention,0.0132385
6,139,intervention,0.013271
9,139,intervention,0.0132495
12,139,intervention,0.013197
15,139,intervention,0.0131775
18,139,intervention,0.0131655
21,139,intervention,0.0132255
24,139,intervention,0.013314
27,139,intervention,0.0132805
30,139,intervention,0.013194000000000001
33,139,intervention,0.0132835
36,139,intervention,0.0132495
39,139,intervention,0.013291
42,139,intervention,0.0132825
45,139,intervention,0.0132535
48,139,intervention,0.013288
0,14,intervention,0.02641
3,14,intervention,0.026431
6,14,intervention,0.0265155
9,14,intervention,0.02645
12,14,intervention,0.0264505
15,14,intervention,0.026395
18,14,intervention,0.0265665
21,14,intervention,0.026534
24,14,intervention,0.026562
27,14,intervention,0.026549
30,14,intervention,0.0266505
33,14,intervention,0.0264985
36,14,intervention,0.026626
39,14,intervention,0.0265555
42,14,intervention,0.026531
45,14,intervention,0.0265405
48,14,intervention,0.026629
0,140,intervention,0.0072985
3,140,intervention,0.00735
6,140,intervention,0.0072915
9,140,intervention,0.007357
12,140,intervention,0.007266
15,140,intervention,0.0073295
18,140,intervention,0.0073505
21,140,intervention,0.0073675
24,140,intervention,0.007298
27,140,intervention,0.0073395
30,140,intervention,0.007395
33,140,intervention,0.0073505
36,140,intervention,0.007366
39,140,intervention,0.007364
42,140,intervention,0.0073265
45,140,intervention,0.0073645
48,140,intervention,0.0073545
0,141,intervention,0.011208
3,141,intervention,0.011122
6,141,intervention,0.0112055
9,141,intervention,0.011151
12,141,intervention,0.011174
15,141,intervention,0.0111335
18,141,intervention,0.0111675
21,141,intervention,0.0112315
24,141,intervention,0.0112045
27,141,intervention,0.011237
30,141,intervention,0.0112475
33,141,intervention,0.011233
36,141,intervention,0.011215
39,141,intervention,0.0112465
42,141,intervention,0.011248
45,141,intervention,0.0113025
48,141,intervention,0.0112425
0,142,intervention,0.018753
3,142,intervention,0.018692
6,142,intervention,0.0188715
9,142,intervention,0.018723
12,142,intervention,0.018883
15,142,intervention,0.018806
18,142,intervention,0.0187855
21,142,intervention,0.018828
24,142,intervention,0.018893
27,142,intervention,0.018849
30,142,intervention,0.0188495
33,142,intervention,0.018971
36,142,intervention,0.018841
39,142,intervention,0.018887
42,142,intervention,0.018892
45,142,intervention,0.018939
48,142,intervention,0.018865
0,143,intervention,0.0078265
3,143,intervention,0.007809
6,143,intervention,0.0077975
9,143,intervention,0.007909
12,143,intervention,0.007874
15,143,intervention,0.007922
18,143,intervention,0.0078225
21,143,intervention,0.007838
24,143,intervention,0.0078465
27,143,intervention,0.00789
30,143,intervention,0.0078575
33,143,intervention,0.007928
36,143,intervention,0.007877
39,143,intervention,0.007875
42,143,intervention,0.007877
45,143,intervention,0.0078535
48,143,intervention,0.0079105000000000009
0,144,intervention,0.028905
3,144,intervention,0.028847
6,144,intervention,0.028831
9,144,intervention,0.028973
12,144,intervention,0.028908
15,144,intervention,0.0289335
18,144,intervention,0.02899
21,144,intervention,0.0289175
24,144,intervention,0.0288945
27,144,intervention,0.028931
30,144,intervention,0.028946
33,144,intervention,0.0290825
36,144,intervention,0.0289885
39,144,intervention,0.028893
42,144,intervention,0.0288655
45,144,intervention,0.028917000000000002
48,144,intervention,0.0289895
0,145,intervention,0.014793
3,145,intervention,0.014762
6,145,intervention,0.014866
9,145,intervention,0.0149195
12,145,intervention,0.0149045
15,145,intervention,0.014865
18,145,intervention,0.0148655
21,145,intervention,0.014773
24,145,intervention,0.0148195
27,145,intervention,0.014851
30,145,intervention,0.0148305
33,145,intervention,0.014906
36,145,intervention,0.0148895
39,145,intervention,0.0148345
42,145,intervention,0.0149005
45,145,intervention,0.014834
48,145,intervention,0.0147905
0,146,intervention,0.0244525
3,146,intervention,0.0245315
6,146,intervention,0.0245635
9,146,intervention,0.0246155
12,146,intervention,0.0243905
15,146,intervention,0.0244825
18,146,intervention,0.024604
21,146,intervention,0.0246165
24,146,intervention,0.0245675
27,146,intervention,0.0245325
30,146,intervention,0.024579
33,146,intervention,0.024508
36,146,intervention,0.0246145
39,146,intervention,0.0246875
42,146,intervention,0.024578
45,146,intervention,0.0245345
48,146,intervention,0.0245245
0,147,intervention,0.015341
3,147,intervention,0.015361
6,147,intervention,0.015295
9,147,intervention,0.01533
12,147,intervention,0.01534
15,147,intervention,0.0153455
18,147,intervention,0.0153845
21,147,intervention,0.0153985
24,147,intervention,0.015324
27,147,intervention,0.015391
30,147,intervention,0.015368
33,147,intervention,0.0154315
36,147,intervention,0.0153455
39,147,intervention,0.0153695
42,147,intervention,0.015451
45,147,intervention,0.015358
48,147,intervention,0.0154115
0,148,intervention,0.017959
3,148,intervention,0.017954
6,148,intervention,0.017893
9,148,intervention,0.0179585
12,148,intervention,0.017996
15,148,intervention,0.0179385
18,148,intervention,0.0179995
21,148,intervention,0.0180255
24,148,intervention,0.017981
27,148,intervention,0.0179235
30,148,intervention,0.0180845
33,148,intervention,0.017949
36,148,intervention,0.018056
39,148,intervention,0.017987
42,148,intervention,0.018081
45,148,intervention,0.018067
48,148,intervention,0.0180285
0,149,intervention,0.008761
3,149,intervention,0.008801
6,149,intervention,0.0088125
9,149,intervention,0.008801
12,149,intervention,0.0088365
15,149,intervention,0.008848
18,149,intervention,0.008878
21,149,intervention,0.008878
24,149,intervention,0.0088765
27,149,intervention,0.0088945
30,149,intervention,0.0089355
33,149,intervention,0.0088645
36,149,intervention,0.0088295
39,149,intervention,0.0088565
42,149,intervention,0.0088885
45,149,intervention,0.0088965
48,149,intervention,0.008891
0,15,intervention,0.0138625
3,15,intervention,0.013905
6,15,intervention,0.013944
9,15,intervention,0.0138555
12,15,intervention,0.013942
15,15,intervention,0.013854
18,15,intervention,0.0139205
21,15,intervention,0.013937
24,15,intervention,0.013955
27,15,intervention,0.0139565
30,15,intervention,0.013948
33,15,intervention,0.01387
36,15,intervention,0.013937
39,15,intervention,0.0139465
42,15,intervention,0.0140045
45,15,intervention,0.0139245
48,15,intervention,0.0139205
0,150,intervention,0.012476
3,150,intervention,0.0125
6,150,intervention,0.0125365
9,150,intervention,0.0125185
12,150,intervention,0.0124605
15,150,intervention,0.012502
18,150,intervention,0.012498
21,150,intervention,0.012583
24,150,intervention,0.012476
27,150,intervention,0.012554
30,150,intervention,0.0125755
33,150,intervention,0.012513
36,150,intervention,0.0125645
39,150,intervention,0.012515
42,150,intervention,0.0125495
45,150,intervention,0.012613
48,150,intervention,0.012641
0,151,intervention,0.0200555
3,151,intervention,0.0199935
6,151,intervention,0.0201205
9,151,intervention,0.0199685
12,151,intervention,0.0201385
15,151,intervention,0.02015
18,151,intervention,0.020103
21,151,intervention,0.0200595
24,151,intervention,0.0200965
27,151,intervention,0.02013
30,151,intervention,0.020104
33,151,intervention,0.0200415
36,151,intervention,0.0202355
39,151,intervention,0.020202
42,151,intervention,0.0200735
45,151,intervention,0.0201945
48,151,intervention,0.0201635
0,152,intervention,0.014275
3,152,intervention,0.014353
6,152,intervention,0.014368
9,152,intervention,0.014391
12,152,intervention,0.0143235
15,152,intervention,0.014316
18,152,intervention,0.014411
21,152,intervention,0.0143185
24,152,intervention,0.014331
27,152,intervention,0.014388
30,152,intervention,0.014441
33,152,intervention,0.014423
36,152,intervention,0.014381
39,152,intervention,0.0144325
42,152,intervention,0.0143585
45,152,intervention,0.0144725
48,152,intervention,0.0144285
0,153,intervention,0.0127295
3,153,intervention,0.0128435
6,153,intervention,0.0127495
9,153,intervention,0.012811
12,153,intervention,0.01283
15,153,intervention,0.012738
18,153,intervention,0.012773
21,153,intervention,0.012801
24,153,intervention,0.0128095
27,153,intervention,0.0127955
30,153,intervention,0.012778
33,153,intervention,0.012798
36,153,intervention,0.012831
39,153,intervention,0.01285
42,153,intervention,0.0129155
45,153,intervention,0.0128765
48,153,intervention,0.0127865
0,154,intervention,0.0184215
3,154,intervention,0.0183145
6,154,intervention,0.018403
9,154,intervention,0.0183335
12,154,intervention,0.018469
15,154,intervention,0.0184835
18,154,intervention,0.0184855
21,154,intervention,0.018443
24,154,intervention,0.018361
27,154,intervention,0.0184555
30,154,intervention,0.018553
33,154,intervention,0.0184315
36,154,intervention,0.0184175
39,154,intervention,0.0183395
42,154,intervention,0.0184725
45,154,intervention,0.01848
48,154,intervention,0.018411
0,155,intervention,0.0137225
3,155,intervention,0.0136565
6,155,intervention,0.013682
9,155,intervention,0.0137555
12,155,intervention,0.013712
15,155,intervention,0.0136665
18,155,intervention,0.0136945
21,155,intervention,0.0137235
24,155,intervention,0.013767
27,155,intervention,0.0137535
30,155,intervention,0.0136995
33,155,intervention,0.0137915
36,155,intervention,0.0137255
39,155,intervention,0.013821
42,155,intervention,0.013727
45,155,intervention,0.013699
48,155,intervention,0.0138155
0,156,intervention,0.0101315
3,156,intervention,0.0101385
6,156,intervention,0.010191
9,156,intervention,0.0101255
12,156,intervention,0.0100045
15,156,intervention,0.0101485
18,156,intervention,0.0101315
21,156,intervention,0.0101235
24,156,intervention,0.0101715
27,156,intervention,0.0101535
30,156,intervention,0.010183
33,156,intervention,0.0102085
36,156,intervention,0.010124
39,156,intervention,0.0101755
42,156,intervention,0.010138
45,156,intervention,0.010174
48,156,intervention,0.0102045
0,157,intervention,0.0124285
3,157,intervention,0.0124665
6,157,intervention,0.0123755
9,157,intervention,0.012438
12,157,intervention,0.012438
15,157,intervention,0.012341
18,157,intervention,0.012455
21,157,intervention,0.0124565
24,157,intervention,0.012433
27,157,intervention,0.0124805
30,157,intervention,0.012446
33,157,intervention,0.0124315
36,157,intervention,0.012459
39,157,intervention,0.012535
42,157,intervention,0.012482
45,157,intervention,0.0124945
48,157,intervention,0.0124525
0,158,intervention,0.0122365
3,158,intervention,0.012311
6,158,intervention,0.012325
9,158,intervention,0.012267
12,158,intervention,0.0122695
15,158,intervention,0.012319
18,158,intervention,0.012245
21,158,intervention,0.01234
24,158,intervention,0.0122775
27,158,intervention,0.0123245
30,158,intervention,0.012386
33,158,intervention,0.012269
36,158,intervention,0.0123455
39,158,intervention,0.0123405
42,158,intervention,0.0123625
45,158,intervention,0.012289
48,158,intervention,0.0123265
0,159,intervention,0.0157975
3,159,intervention,0.015849
6,159,intervention,0.0158015
9,159,intervention,0.0158715
12,159,intervention,0.0158855
15,159,intervention,0.0158835
18,159,intervention,0.0157755
21,159,intervention,0.015857
24,159,intervention,0.0158635
27,159,intervention,0.0158
30,159,intervention,0.015874
33,159,intervention,0.0158345
36,159,intervention,0.0158235
39,159,intervention,0.015832
42,159,intervention,0.015786
45,159,intervention,0.0158895
48,159,intervention,0.015804
0,16,intervention,0.0114415
3,16,intervention,0.0114705
6,16,intervention,0.0114395
9,16,intervention,0.011292
12,16,intervention,0.011423
15,16,intervention,0.0114015
18,16,intervention,0.0114655
21,16,intervention,0.011431
24,16,intervention,0.011401
27,16,intervention,0.0114055
30,16,intervention,0.011418
33,16,intervention,0.011376
36,16,intervention,0.0114305
39,16,intervention,0.011475
42,16,intervention,0.0114415
45,16,intervention,0.0114135
48,16,intervention,0.011516
0,160,intervention,0.011827
3,160,intervention,0.011879
6,160,intervention,0.011882
9,160,intervention,0.01185
12,160,intervention,0.0118945
15,160,intervention,0.0118975
18,160,intervention,0.0118785
21,160,intervention,0.01183
24,160,intervention,0.0119525
27,160,intervention,0.011881
30,160,intervention,0.0119095
33,160,intervention,0.011914
36,160,intervention,0.011923
39,160,intervention,0.011865
42,160,intervention,0.0119
45,160,intervention,0.011914
48,160,intervention,0.0119775
0,161,intervention,0.0233405
3,161,intervention,0.023369
6,161,intervention,0.0234455
9,161,intervention,0.0233725
12,161,intervention,0.0234425
15,161,intervention,0.023359
18,161,intervention,0.023439
21,161,intervention,0.0233115
24,161,intervention,0.0234935
27,161,intervention,0.023425
30,161,intervention,0.0236225
33,161,intervention,0.023365
36,161,intervention,0.0234595
39,161,intervention,0.0234045
42,161,intervention,0.0233855
45,161,intervention,0.0234835
48,161,intervention,0.0235135
0,162,intervention,0.0155415
3,162,intervention,0.0155815
6,162,intervention,0.0155195
9,162,intervention,0.0156175
12,162,intervention,0.01556
15,162,intervention,0.0155725
18,162,intervention,0.0156075
21,162,intervention,0.0156995
24,162,intervention,0.0156405
27,162,intervention,0.015697
30,162,intervention,0.0157025
33,162,intervention,0.0156125
36,162,intervention,0.015675
39,162,intervention,0.0155565
42,162,intervention,0.015731
45,162,intervention,0.015588
48,162,intervention,0.0157325
0,163,intervention,0.017639
3,163,intervention,0.017579
6,163,intervention,0.0175475
9,163,intervention,0.0176565
12,163,intervention,0.017541
15,163,intervention,0.017618
18,163,intervention,0.017597
21,163,intervention,0.017625
24,163,intervention,0.0175995
27,163,intervention,0.0176525
30,163,intervention,0.017667
33,163,intervention,0.017594
36,163,intervention,0.017654
39,163,intervention,0.0175675
42,163,intervention,0.017643
45,163,intervention,0.017638
48,163,intervention,0.0176075
0,164,intervention,0.0192155
3,164,intervention,0.0193705
6,164,intervention,0.019379
9,164,intervention,0.0193165
12,164,intervention,0.019319
15,164,intervention,0.0193675
18,164,intervention,0.0193755
21,164,intervention,0.0194205
24,164,intervention,0.019393
27,164,intervention,0.01935
30,164,intervention,0.0194325
33,164,intervention,0.0194115
36,164,intervention,0.019424
39,164,intervention,0.0194585
42,164,intervention,0.0194455
45,164,intervention,0.0194225
48,164,intervention,0.0194045
0,165,intervention,0.020385
3,165,intervention,0.0203535
6,165,intervention,0.0204845
9,165,intervention,0.020438
12,165,intervention,0.020452
15,165,intervention,0.020449
18,165,intervention,0.0205065
21,165,intervention,0.020521
24,165,intervention,0.0204675
27,165,intervention,0.0205565
30,165,intervention,0.0204345
33,165,intervention,0.0205395
36,165,intervention,0.0205275
39,165,intervention,0.020515
42,165,intervention,0.0205145
45,165,intervention,0.0204955
48,165,intervention,0.0205535
0,166,intervention,0.0106655
3,166,intervention,0.010744
6,166,intervention,0.010719
9,166,intervention,0.010655
12,166,intervention,0.0107145
15,166,intervention,0.0107055
18,166,intervention,0.0107215
21,166,intervention,0.0107435
24,166,intervention,0.010763
27,166,intervention,0.0107175
30,166,intervention,0.010744
33,166,intervention,0.010864
36,166,intervention,0.010736
39,166,intervention,0.010797
42,166,intervention,0.0107485
45,166,intervention,0.0107125
48,166,intervention,0.0107655
0,167,intervention,0.010107
3,167,intervention,0.010188
6,167,intervention,0.010253
9,167,intervention,0.0100865
12,167,intervention,0.0101705
15,167,intervention,0.0101945
18,167,intervention,0.010204
21,167,intervention,0.010198
24,167,intervention,0.010217
27,167,intervention,0.010258
30,167,intervention,0.01028
33,167,intervention,0.010292
36,167,intervention,0.010256
39,167,intervention,0.010221
42,167,intervention,0.010285
45,167,intervention,0.010195
48,167,intervention,0.010283
0,168,intervention,0.0250225
3,168,intervention,0.0249375
6,168,intervention,0.02488
9,168,intervention,0.0248775
12,168,intervention,0.024965
15,168,intervention,0.024994
18,168,intervention,0.025055
21,168,intervention,0.024938
24,168,intervention,0.024998
27,168,intervention,0.025093
30,168,intervention,0.025067
33,168,intervention,0.0250675
36,168,intervention,0.0250365
39,168,intervention,0.024992
42,168,intervention,0.0251125
45,168,intervention,0.0250525
48,168,intervention,0.0251145
0,169,intervention,0.0152545
3,169,intervention,0.0152225
6,169,intervention,0.0152805
9,169,intervention,0.015195
12,169,intervention,0.015123
15,169,intervention,0.015276
18,169,intervention,0.015245
21,169,intervention,0.0153485
24,169,intervention,0.0153675
27,169,intervention,0.0153455
30,169,intervention,0.0153005
33,169,intervention,0.0152495
36,169,intervention,0.0153295
39,169,intervention,0.0154
42,169,intervention,0.015326
45,169,intervention,0.015361
48,169,intervention,0.0153465
0,17,intervention,0.0111495
3,17,intervention,0.0110915
6,17,intervention,0.011067
9,17,intervention,0.0111565
12,17,intervention,0.0110695
15,17,intervention,0.0110465
18,17,intervention,0.011086
21,17,intervention,0.0112645
24,17,intervention,0.0111785
27,17,intervention,0.011122
30,17,intervention,0.011202
33,17,intervention,0.011132
36,17,intervention,0.0111595
39,17,intervention,0.0111685
42,17,intervention,0.0111835
45,17,intervention,0.011169
48,17,intervention,0.0111665
0,170,intervention,0.013509
3,170,intervention,0.0134525
6,170,intervention,0.013539
9,170,intervention,0.013531
12,170,intervention,0.0134865
15,170,intervention,0.0135275
18,170,intervention,0.0135865
21,170,intervention,0.013472
24,170,intervention,0.0135205
27,170,intervention,0.0135015
30,170,intervention,0.013574
33,170,intervention,0.01352
36,170,intervention,0.0135665
39,170,intervention,0.013551
42,170,intervention,0.013576
45,170,intervention,0.013534
48,170,intervention,0.0135785
0,171,intervention,0.0095855
3,171,intervention,0.0095955
6,171,intervention,0.009675
9,171,intervention,0.009568
12,171,intervention,0.0095785
15,171,intervention,0.00963
18,171,intervention,0.009613
21,171,intervention,0.0096605
24,171,intervention,0.0096295
27,171,intervention,0.0096525
30,171,intervention,0.0096405
33,171,intervention,0.0096095
36,171,intervention,0.009687
39,171,intervention,0.009705
42,171,intervention,0.009699
45,171,intervention,0.009683
48,171,intervention,0.009708
0,172,intervention,0.0120965
3,172,intervention,0.012198
6,172,intervention,0.0121745
9,172,intervention,0.012288
12,172,intervention,0.0121745
15,172,intervention,0.0121955
18,172,intervention,0.012299
21,172,intervention,0.012294
24,172,intervention,0.0122385
27,172,intervention,0.012236
30,172,intervention,0.0122375
33,172,intervention,0.012335
36,172,intervention,0.012277
39,172,intervention,0.0122935
42,172,intervention,0.0122465
45,172,intervention,0.0122815
48,172,intervention,0.012308
0,173,intervention,0.0111235
3,173,intervention,0.011153
6,173,intervention,0.0111905
9,173,intervention,0.011185
12,173,intervention,0.0112
15,173,intervention,0.0112665
18,173,intervention,0.0112595
21,173,intervention,0.011269
24,173,intervention,0.011309
27,173,intervention,0.011253
30,173,intervention,0.0113025
33,173,intervention,0.0113045
36,173,intervention,0.0112285
39,173,intervention,0.0113485
42,173,intervention,0.0112375
45,173,intervention,0.011288
48,173,intervention,0.011308
0,174,intervention,0.0111245
3,174,intervention,0.01121
6,174,intervention,0.011128
9,174,intervention,0.0111365
12,174,intervention,0.0111905
15,174,intervention,0.011193
18,174,intervention,0.0111575
21,174,intervention,0.011181
24,174,intervention,0.0111685
27,174,intervention,0.011193
30,174,intervention,0.011248
33,174,intervention,0.0111525
36,174,intervention,0.0112365
39,174,intervention,0.0111825
42,174,intervention,0.011219
45,174,intervention,0.0112745
48,174,intervention,0.0112045
0,175,intervention,0.01763
3,175,intervention,0.0176025
6,175,intervention,0.017696
9,175,intervention,0.0176775
12,175,intervention,0.017707
15,175,intervention,0.0177025
18,175,intervention,0.017694
21,175,intervention,0.0176395
24,175,intervention,0.0177655
27,175,intervention,0.0176155
30,175,intervention,0.01773
33,175,intervention,0.017722
36,175,intervention,0.0176445
39,175,intervention,0.017772
42,175,intervention,0.017691
45,175,intervention,0.0177135
48,175,intervention,0.0177585
0,176,intervention,0.019035
3,176,intervention,0.0189935
6,176,intervention,0.0189895
9,176,intervention,0.019015
12,176,intervention,0.019044
15,176,intervention,0.019111
18,176,intervention,0.0191305
21,176,intervention,0.019042
24,176,intervention,0.0191695
27,176,intervention,0.0191425
30,176,intervention,0.019097
33,176,intervention,0.0190475
36,176,intervention,0.019147
39,176,intervention,0.0191525
42,176,intervention,0.0191285
45,176,intervention,0.019196
48,176,intervention,0.018976
0,177,intervention,0.014977
3,177,intervention,0.014989
6,177,intervention,0.0149565
9,177,intervention,0.0150165
12,177,intervention,0.0149925
15,177,intervention,0.015035
18,177,intervention,0.015055
21,177,intervention,0.0151075
24,177,intervention,0.015078
27,177,intervention,0.015164
30,177,intervention,0.0150735
33,177,intervention,0.015092
36,177,intervention,0.015107
39,177,intervention,0.0150865
42,177,intervention,0.0151355
45,177,intervention,0.015009
48,177,intervention,0.0150575
0,178,intervention,0.008
3,178,intervention,0.0079895
6,178,intervention,0.00801
9,178,intervention,0.007968
12,178,intervention,0.0079805
15,178,intervention,0.008009
18,178,intervention,0.007853
21,178,intervention,0.008029
24,178,intervention,0.0080175
27,178,intervention,0.0080625
30,178,intervention,0.0080545
33,178,intervention,0.008033
36,178,intervention,0.0080955
39,178,intervention,0.0080445
42,178,intervention,0.0080625
45,178,intervention,0.008097
48,178,intervention,0.0080275
0,179,intervention,0.015048
3,179,intervention,0.0150685
6,179,intervention,0.0150865
9,179,intervention,0.015075
12,179,intervention,0.015101
15,179,intervention,0.0150965
18,179,intervention,0.015152
21,179,intervention,0.0151385
24,179,intervention,0.015176
27,179,intervention,0.0151925
30,179,intervention,0.0151525
33,179,intervention,0.0151325
36,179,intervention,0.0152015
39,179,intervention,0.015184
42,179,intervention,0.0152485
45,179,intervention,0.015227
48,179,intervention,0.015099
0,18,intervention,0.013254
3,18,intervention,0.0131715
6,18,intervention,0.01322
9,18,intervention,0.013186
12,18,intervention,0.0132435
15,18,intervention,0.013223
18,18,intervention,0.013308
21,18,intervention,0.013225
24,18,intervention,0.0132605
27,18,intervention,0.013216
30,18,intervention,0.013235
33,18,intervention,0.013278
36,18,intervention,0.0132915
39,18,intervention,0.0132675
42,18,intervention,0.0132495
45,18,intervention,0.0133235
48,18,intervention,0.0133125
0,180,intervention,0.0179375
3,180,intervention,0.017943
6,180,intervention,0.0178515
9,180,intervention,0.017947
12,180,intervention,0.0179235
15,180,intervention,0.0180545
18,180,intervention,0.0180175
21,180,intervention,0.018022
24,180,intervention,0.0179795
27,180,intervention,0.017956
30,180,intervention,0.017969
33,180,intervention,0.0179455
36,180,intervention,0.0180005
39,180,intervention,0.017931
42,180,intervention,0.017993
45,180,intervention,0.0179585
48,180,intervention,0.0180625
0,181,intervention,0.013658
3,181,intervention,0.013658
6,181,intervention,0.0136345
9,181,intervention,0.0136075
12,181,intervention,0.013648
15,181,intervention,0.0135695
18,181,intervention,0.01367
21,181,intervention,0.013646
24,181,intervention,0.0137125
27,181,intervention,0.0137355
30,181,intervention,0.013728
33,181,intervention,0.013722
36,181,intervention,0.013715
39,181,intervention,0.013714
42,181,intervention,0.0137
45,181,intervention,0.0136935
48,181,intervention,0.0137685
0,182,intervention,0.0159495
3,182,intervention,0.0160715
6,182,intervention,0.016047
9,182,intervention,0.0159925
12,182,intervention,0.016004
15,182,intervention,0.01603
18,182,intervention,0.016031
21,182,intervention,0.0160875
24,182,intervention,0.015997
27,182,intervention,0.01602
30,182,intervention,0.016094
33,182,intervention,0.0162085
36,182,intervention,0.016078
39,182,intervention,0.0161305
42,182,intervention,0.0161125
45,182,intervention,0.016111
48,182,intervention,0.0160945
0,183,intervention,0.0192465
3,183,intervention,0.0193085
6,183,intervention,0.0193
9,183,intervention,0.0194095
12,183,intervention,0.019261
15,183,intervention,0.019281
18,183,intervention,0.0193565
21,183,intervention,0.0193505
24,183,intervention,0.019421
27,183,intervention,0.0193905
30,183,intervention,0.019377
33,183,intervention,0.019398
36,183,intervention,0.019336
39,183,intervention,0.019436
42,183,intervention,0.019423
45,183,intervention,0.019488
48,183,intervention,0.019444
0,184,intervention,0.014396
3,184,intervention,0.014464
6,184,intervention,0.0144315
9,184,intervention,0.0144865
12,184,intervention,0.0145155
15,184,intervention,0.0145105
18,184,intervention,0.0144855
21,184,intervention,0.014526
24,184,intervention,0.0144455
27,184,intervention,0.0144845
30,184,intervention,0.014549
33,184,intervention,0.0145255
36,184,intervention,0.0145435
39,184,intervention,0.01447
42,184,intervention,0.014578
45,184,intervention,0.014531
48,184,intervention,0.014436
0,185,intervention,0.012226
3,185,intervention,0.012121
6,185,intervention,0.0121895
9,185,intervention,0.012262
12,185,intervention,0.0122525
15,185,intervention,0.012252
18,185,intervention,0.012321
21,185,intervention,0.012286
24,185,intervention,0.0123475
27,185,intervention,0.012294
30,185,intervention,0.0123085
33,185,intervention,0.012261
36,185,intervention,0.0122955
39,185,intervention,0.012324
42,185,intervention,0.012275
45,185,intervention,0.0123635
48,185,intervention,0.0123635
0,186,intervention,0.015193
3,186,intervention,0.0152075
6,186,intervention,0.015134
9,186,intervention,0.0152225
12,186,intervention,0.0152145
15,186,intervention,0.0152665
18,186,intervention,0.015275
21,186,intervention,0.0152
24,186,intervention,0.015279
27,186,intervention,0.0152025
30,186,intervention,0.0152225
33,186,intervention,0.015216
36,186,intervention,0.0152805
39,186,intervention,0.015288
42,186,intervention,0.015304
45,186,intervention,0.015259
48,186,intervention,0.015223
0,187,intervention,0.0137175
3,187,intervention,0.0137605
6,187,intervention,0.013767
9,187,intervention,0.0136935
12,187,intervention,0.0138175
15,187,intervention,0.01376
18,187,intervention,0.013714
21,187,intervention,0.0137775
24,187,intervention,0.013813
27,187,intervention,0.0138185
30,187,intervention,0.013738
33,187,intervention,0.013786
36,187,intervention,0.0137805
39,187,intervention,0.013808
42,187,intervention,0.013856
45,187,intervention,0.0137995
48,187,intervention,0.0138095
0,188,intervention,0.007364
3,188,intervention,0.0074005
6,188,intervention,0.0073775
9,188,intervention,0.0073865
12,188,intervention,0.0073895
15,188,intervention,0.007419
18,188,intervention,0.0074375
21,188,intervention,0.007437
24,188,intervention,0.0074865
27,188,intervention,0.007488
30,188,intervention,0.0074935
33,188,intervention,0.007493
36,188,intervention,0.0074765
39,188,intervention,0.007468
42,188,intervention,0.007463
45,188,intervention,0.007495
48,188,intervention,0.007506
0,189,intervention,0.0155585
3,189,intervention,0.015656
6,189,intervention,0.015631
9,189,intervention,0.0156615
12,189,intervention,0.0155135
15,189,intervention,0.0156065
18,189,intervention,0.015656
21,189,intervention,0.015595
24,189,intervention,0.0156355
27,189,intervention,0.01562
30,189,intervention,0.015653
33,189,intervention,0.015565
36,189,intervention,0.0155855
39,189,intervention,0.015648
42,189,intervention,0.0156075
45,189,intervention,0.015643
48,189,intervention,0.0156385
0,19,intervention,0.0142865
3,19,intervention,0.0143425
6,19,intervention,0.0144825
9,19,intervention,0.0145335
12,19,intervention,0.014465
15,19,intervention,0.014492
18,19,intervention,0.014462
21,19,intervention,0.0143735
24,19,intervention,0.0143685
27,19,intervention,0.014476
30,19,intervention,0.0144755
33,19,intervention,0.014418
36,19,intervention,0.01452
39,19,intervention,0.0145705
42,19,intervention,0.0145735
45,19,intervention,0.01455
48,19,intervention,0.014525
0,190,intervention,0.024558
3,190,intervention,0.0247035
6,190,intervention,0.024618
9,190,intervention,0.024721
12,190,intervention,0.0246835
15,190,intervention,0.0245135
18,190,intervention,0.0245975
21,190,intervention,0.0247445
24,190,intervention,0.0247285
27,190,intervention,0.0246445
30,190,intervention,0.0247135
33,190,intervention,0.0247235
36,190,intervention,0.024617
39,190,intervention,0.0246365
42,190,intervention,0.024663
45,190,intervention,0.02461
48,190,intervention,0.0246545
0,191,intervention,0.0114925
3,191,intervention,0.0116115
6,191,intervention,0.0115395
9,191,intervention,0.0115245
12,191,intervention,0.011547
15,191,intervention,0.011594
18,191,intervention,0.011553
21,191,intervention,0.0115405
24,191,intervention,0.011491
27,191,intervention,0.011604
30,191,intervention,0.0116055
33,191,intervention,0.011685
36,191,intervention,0.0116215
39,191,intervention,0.011689
42,191,intervention,0.0116825
45,191,intervention,0.01163
48,191,intervention,0.0116625
0,192,intervention,0.021425
3,192,intervention,0.021461
6,192,intervention,0.0213345
9,192,intervention,0.021292
12,192,intervention,0.0213955
15,192,intervention,0.0214805
18,192,intervention,0.0214615
21,192,intervention,0.0214275
24,192,intervention,0.0214575
27,192,intervention,0.021427
30,192,intervention,0.021438
33,192,intervention,0.0214345
36,192,intervention,0.0214265
39,192,intervention,0.021535
42,192,intervention,0.0214525
45,192,intervention,0.021526
48,192,intervention,0.021371
0,193,intervention,0.018464
3,193,intervention,0.018466
6,193,intervention,0.0184715
9,193,intervention,0.0185555
12,193,intervention,0.0185585
15,193,intervention,0.0184625
18,193,intervention,0.018438
21,193,intervention,0.0185365
24,193,intervention,0.018542
27,193,intervention,0.018513
30,193,intervention,0.0186225
33,193,intervention,0.0185555
36,193,intervention,0.0185905
39,193,intervention,0.0185015
42,193,intervention,0.01856
45,193,intervention,0.018581
48,193,intervention,0.018497
0,194,intervention,0.008948
3,194,intervention,0.0089755
6,194,intervention,0.008974
9,194,intervention,0.008912
12,194,intervention,0.00894
15,194,intervention,0.009008
18,194,intervention,0.009026
21,194,intervention,0.008998
24,194,intervention,0.008986
27,194,intervention,0.0090435
30,194,intervention,0.009013
33,194,intervention,0.0090545
36,194,intervention,0.009044
39,194,intervention,0.0091
42,194,intervention,0.008995
45,194,intervention,0.0090515
48,194,intervention,0.009048
0,195,intervention,0.0190035
3,195,intervention,0.019116
6,195,intervention,0.01909
9,195,intervention,0.019072
12,195,intervention,0.019067
15,195,intervention,0.018933
18,195,intervention,0.0190485
21,195,intervention,0.019036
24,195,intervention,0.019015
27,195,intervention,0.019137500000000002
30,195,intervention,0.019049
33,195,intervention,0.019094
36,195,intervention,0.0191055
39,195,intervention,0.019204
42,195,intervention,0.0192465
45,195,intervention,0.0192225
48,195,intervention,0.019087
0,196,intervention,0.015341
3,196,intervention,0.0153045
6,196,intervention,0.0152415
9,196,intervention,0.015401
12,196,intervention,0.015322
15,196,intervention,0.0152645
18,196,intervention,0.0153705
21,196,intervention,0.0153925
24,196,intervention,0.0153275
27,196,intervention,0.015411
30,196,intervention,0.0154045
33,196,intervention,0.0154635
36,196,intervention,0.015365
39,196,intervention,0.015421
42,196,intervention,0.0154415
45,196,intervention,0.0153275
48,196,intervention,0.015411
0,197,intervention,0.0053935
3,197,intervention,0.005398
6,197,intervention,0.0053755
9,197,intervention,0.0054195
12,197,intervention,0.005379
15,197,intervention,0.005404
18,197,intervention,0.0054565
21,197,intervention,0.0054655
24,197,intervention,0.005444
27,197,intervention,0.0054525
30,197,intervention,0.0054635
33,197,intervention,0.005476
36,197,intervention,0.0055295
39,197,intervention,0.0054645
42,197,intervention,0.0055105
45,197,intervention,0.0054395
48,197,intervention,0.005462
0,198,intervention,0.011074
3,198,intervention,0.011131
6,198,intervention,0.011194
9,198,intervention,0.011178
12,198,intervention,0.011133
15,198,intervention,0.0111455
18,198,intervention,0.011151
21,198,intervention,0.011226
24,198,intervention,0.0111495
27,198,intervention,0.01116
30,198,intervention,0.011194
33,198,intervention,0.0111605
36,198,intervention,0.0112695
39,198,intervention,0.011273
42,198,intervention,0.0111975
45,198,intervention,0.011296
48,198,intervention,0.011232
0,199,intervention,0.016909
3,199,intervention,0.0169615
6,199,intervention,0.0170245
9,199,intervention,0.0169
12,199,intervention,0.016945000000000002
15,199,intervention,0.016917
18,199,intervention,0.016936
21,199,intervention,0.0168775
24,199,intervention,0.016987
27,199,intervention,0.016937
30,199,intervention,0.0169675
33,199,intervention,0.0171315
36,199,intervention,0.0170595
39,199,intervention,0.017031
42,199,intervention,0.016922
45,199,intervention,0.0169915
48,199,intervention,0.016928
0,2,intervention,0.0099095
3,2,intervention,0.00985
6,2,intervention,0.009913
9,2,intervention,0.009882
12,2,intervention,0.0099535
15,2,intervention,0.009997
18,2,intervention,0.0099665
21,2,intervention,0.0099935
24,2,intervention,0.010027
27,2,intervention,0.009962
30,2,intervention,0.0099435
33,2,intervention,0.01003
36,2,intervention,0.010015
39,2,intervention,0.0100415
42,2,intervention,0.0099875
45,2,intervention,0.0100475
48,2,intervention,0.009988
0,20,intervention,0.013685
3,20,intervention,0.0136245
6,20,intervention,0.013637
9,20,intervention,0.0136675
12,20,intervention,0.013732
15,20,intervention,0.0136615
18,20,intervention,0.013735
21,20,intervention,0.013729
24,20,intervention,0.0137295
27,20,intervention,0.013692
30,20,intervention,0.0137065
33,20,intervention,0.0137645
36,20,intervention,0.013754
39,20,intervention,0.0136855
42,20,intervention,0.0137075
45,20,intervention,0.013781
48,20,intervention,0.013693
0,200,intervention,0.017845
3,200,intervention,0.017774
6,200,intervention,0.0178485
9,200,intervention,0.0177765
12,200,intervention,0.017808
15,200,intervention,0.017909
18,200,intervention,0.0177695
21,200,intervention,0.017812
24,200,intervention,0.017798
27,200,intervention,0.017786
30,200,intervention,0.017903
33,200,intervention,0.0178515
36,200,intervention,0.0179285
39,200,intervention,0.017923
42,200,intervention,0.017855
45,200,intervention,0.0178685
48,200,intervention,0.017929
0,21,intervention,0.0094005
3,21,intervention,0.009572
6,21,intervention,0.0094785
9,21,intervention,0.009521
12,21,intervention,0.009471
15,21,intervention,0.009512
18,21,intervention,0.009518
21,21,intervention,0.009534
24,21,intervention,0.0095605
27,21,intervention,0.0095225
30,21,intervention,0.009505
33,21,intervention,0.0095325
36,21,intervention,0.009606
39,21,intervention,0.009549
42,21,intervention,0.009621
45,21,intervention,0.009525
48,21,intervention,0.009496
0,22,intervention,0.0241835
3,22,intervention,0.024303
6,22,intervention,0.0243575
9,22,intervention,0.0242255
12,22,intervention,0.024372
15,22,intervention,0.0244005
18,22,intervention,0.0244005
21,22,intervention,0.0243185
24,22,intervention,0.024464
27,22,intervention,0.024459
30,22,intervention,0.024428
33,22,intervention,0.024477
36,22,intervention,0.0244815
39,22,intervention,0.024345
42,22,intervention,0.0243785
45,22,intervention,0.0244845
48,22,intervention,0.0244115
0,23,intervention,0.017111
3,23,intervention,0.0171505
6,23,intervention,0.016989
9,23,intervention,0.0170195
12,23,intervention,0.0171145
15,23,intervention,0.0170835
18,23,intervention,0.0170205
21,23,intervention,0.017105
24,23,intervention,0.017059
27,23,intervention,0.0171405
30,23,intervention,0.0171645
33,23,intervention,0.0171715
36,23,intervention,0.016987
39,23,intervention,0.01712
42,23,intervention,0.017045
45,23,intervention,0.017170500000000002
48,23,intervention,0.017118
0,24,intervention,0.0230425
3,24,intervention,0.0230545
6,24,intervention,0.0230445
9,24,intervention,0.0230815
12,24,intervention,0.0230305
15,24,intervention,0.0230985
18,24,intervention,0.023086
21,24,intervention,0.0230295
24,24,intervention,0.023185
27,24,intervention,0.0232195
30,24,intervention,0.023132
33,24,intervention,0.0229905
36,24,intervention,0.023019
39,24,intervention,0.0230815
42,24,intervention,0.0230965
45,24,intervention,0.023117
48,24,intervention,0.023133
0,25,intervention,0.0082405
3,25,intervention,0.008259
6,25,intervention,0.008295
9,25,intervention,0.0082795
12,25,intervention,0.008266
15,25,intervention,0.008301
18,25,intervention,0.008235
21,25,intervention,0.008239
24,25,intervention,0.0083475
27,25,intervention,0.008345
30,25,intervention,0.0082905
33,25,intervention,0.0082725
36,25,intervention,0.0083095
39,25,intervention,0.0083095
42,25,intervention,0.0082755
45,25,intervention,0.008279
48,25,intervention,0.008277
0,26,intervention,0.032215
3,26,intervention,0.0320625
6,26,intervention,0.0322145
9,26,intervention,0.032028
12,26,intervention,0.032333
15,26,intervention,0.032116
18,26,intervention,0.0320385
21,26,intervention,0.0322235
24,26,intervention,0.0321045
27,26,intervention,0.032166
30,26,intervention,0.032295
33,26,intervention,0.032337
36,26,intervention,0.0323125
39,26,intervention,0.03219
42,26,intervention,0.032297
45,26,intervention,0.032282
48,26,intervention,0.0320895
0,27,intervention,0.010916
3,27,intervention,0.010949
6,27,intervention,0.010953
9,27,intervention,0.0108945
12,27,intervention,0.0109105
15,27,intervention,0.0109175
18,27,intervention,0.010958
21,27,intervention,0.0108475
24,27,intervention,0.0109755
27,27,intervention,0.011017
30,27,intervention,0.011057
33,27,intervention,0.0109445
36,27,intervention,0.011007
39,27,intervention,0.0110145
42,27,intervention,0.0109585
45,27,intervention,0.0110605
48,27,intervention,0.010994
0,28,intervention,0.0151495
3,28,intervention,0.0151075
6,28,intervention,0.0151565
9,28,intervention,0.0151285
12,28,intervention,0.015288
15,28,intervention,0.015178
18,28,intervention,0.015189
21,28,intervention,0.015168
24,28,intervention,0.015183
27,28,intervention,0.0152545
30,28,intervention,0.0152515
33,28,intervention,0.015204
36,28,intervention,0.015207
39,28,intervention,0.0152135
42,28,intervention,0.015231
45,28,intervention,0.015164
48,28,intervention,0.0152215
0,29,intervention,0.01361
3,29,intervention,0.0137305
6,29,intervention,0.0137445
9,29,intervention,0.013747
12,29,intervention,0.0137355
15,29,intervention,0.0137615
18,29,intervention,0.0137735
21,29,intervention,0.01369
24,29,intervention,0.013782
27,29,intervention,0.0138795
30,29,intervention,0.013835
33,29,intervention,0.013733
36,29,intervention,0.013852
39,29,intervention,0.013765
42,29,intervention,0.0138515
45,29,intervention,0.013814
48,29,intervention,0.013814
0,3,intervention,0.0115535
3,3,intervention,0.011515
6,3,intervention,0.011633
9,3,intervention,0.0116615
12,3,intervention,0.0116405
15,3,intervention,0.0115755
18,3,intervention,0.011658
21,3,intervention,0.0116435
24,3,intervention,0.011691
27,3,intervention,0.0116465
30,3,intervention,0.0116805
33,3,intervention,0.0116575
36,3,intervention,0.011703
39,3,intervention,0.01176
42,3,intervention,0.0117145
45,3,intervention,0.0116765
48,3,intervention,0.0117515
0,30,intervention,0.011329
3,30,intervention,0.0113155
6,30,intervention,0.0112605
9,30,intervention,0.0112415
12,30,intervention,0.0113265
15,30,intervention,0.01129
18,30,intervention,0.011278
21,30,intervention,0.01138
24,30,intervention,0.0112735
27,30,intervention,0.0113025
30,30,intervention,0.0113625
33,30,intervention,0.0113805
36,30,intervention,0.011374
39,30,intervention,0.011363
42,30,intervention,0.011414
45,30,intervention,0.0114435
48,30,intervention,0.0113875
0,31,intervention,0.0166905
3,31,intervention,0.0166405
6,31,intervention,0.016733
9,31,intervention,0.0166915
12,31,intervention,0.0167525
15,31,intervention,0.0166625
18,31,intervention,0.016697
21,31,intervention,0.016736
24,31,intervention,0.0167595
27,31,intervention,0.0166735
30,31,intervention,0.0166475
33,31,intervention,0.016753
36,31,intervention,0.016668
39,31,intervention,0.0167435
42,31,intervention,0.016749
45,31,intervention,0.016749
48,31,intervention,0.016711
0,32,intervention,0.0153305
3,32,intervention,0.0153695
6,32,intervention,0.0152955
9,32,intervention,0.0153085
12,32,intervention,0.015284
15,32,intervention,0.0153555
18,32,intervention,0.015373
21,32,intervention,0.015318
24,32,intervention,0.0154305
27,32,intervention,0.015332
30,32,intervention,0.015371
33,32,intervention,0.0153345
36,32,intervention,0.0153635
39,32,intervention,0.01532
42,32,intervention,0.0154185
45,32,intervention,0.015328
48,32,intervention,0.015367
0,33,intervention,0.012236
3,33,intervention,0.0122795
6,33,intervention,0.01229
9,33,intervention,0.012261
12,33,intervention,0.0122975
15,33,intervention,0.012332
18,33,intervention,0.012326
21,33,intervention,0.0123315
24,33,intervention,0.0123025
27,33,intervention,0.012337
30,33,intervention,0.0123865
33,33,intervention,0.0123145
36,33,intervention,0.012338
39,33,intervention,0.0123245
42,33,intervention,0.0123565
45,33,intervention,0.0123175
48,33,intervention,0.012399
0,34,intervention,0.013736
3,34,intervention,0.0136965
6,34,intervention,0.0136895
9,34,intervention,0.013814
12,34,intervention,0.013771
15,34,intervention,0.013757
18,34,intervention,0.0137055
21,34,intervention,0.013765
24,34,intervention,0.0137605
27,34,intervention,0.0137465
30,34,intervention,0.0138005
33,34,intervention,0.013766
36,34,intervention,0.01382
39,34,intervention,0.013773
42,34,intervention,0.0138055
45,34,intervention,0.013821
48,34,intervention,0.0138665
0,35,intervention,0.0214125
3,35,intervention,0.02149
6,35,intervention,0.021431
9,35,intervention,0.021427
12,35,intervention,0.021501
15,35,intervention,0.0216415
18,35,intervention,0.021757
21,35,intervention,0.021651
24,35,intervention,0.0216115
27,35,intervention,0.0216205
30,35,intervention,0.021595
33,35,intervention,0.0216565
36,35,intervention,0.0216635
39,35,intervention,0.0216035
42,35,intervention,0.02155
45,35,intervention,0.021585
48,35,intervention,0.0215615
0,36,intervention,0.017219
3,36,intervention,0.017354
6,36,intervention,0.017155
9,36,intervention,0.0173265
12,36,intervention,0.0173345
15,36,intervention,0.017318
18,36,intervention,0.017271
21,36,intervention,0.017393
24,36,intervention,0.0173415
27,36,intervention,0.017338
30,36,intervention,0.01734
33,36,intervention,0.017268
36,36,intervention,0.0172855
39,36,intervention,0.017378
42,36,intervention,0.01738
45,36,intervention,0.017377
48,36,intervention,0.017371
0,37,intervention,0.0114315
3,37,intervention,0.0113965
6,37,intervention,0.011417
9,37,intervention,0.011483
12,37,intervention,0.0114405
15,37,intervention,0.011427
18,37,intervention,0.011456
21,37,intervention,0.011538
24,37,intervention,0.011466
27,37,intervention,0.0115545
30,37,intervention,0.011494
33,37,intervention,0.0115145
36,37,intervention,0.0115255
39,37,intervention,0.0114635
42,37,intervention,0.011533
45,37,intervention,0.0115155
48,37,intervention,0.0115845
0,38,intervention,0.0146995
3,38,intervention,0.0145915
6,38,intervention,0.014537
9,38,intervention,0.0147195
12,38,intervention,0.0145875
15,38,intervention,0.0146335
18,38,intervention,0.0146195
21,38,intervention,0.0145735
24,38,intervention,0.014672
27,38,intervention,0.014656
30,38,intervention,0.014701
33,38,intervention,0.014647
36,38,intervention,0.014667
39,38,intervention,0.0146525
42,38,intervention,0.014663
45,38,intervention,0.0146645
48,38,intervention,0.014669
0,39,intervention,0.0292865
3,39,intervention,0.029343
6,39,intervention,0.029222
9,39,intervention,0.029347
12,39,intervention,0.0292645
15,39,intervention,0.029357
18,39,intervention,0.029306
21,39,intervention,0.029403
24,39,intervention,0.029342
27,39,intervention,0.0293065
30,39,intervention,0.0292855
33,39,intervention,0.0293195
36,39,intervention,0.029292
39,39,intervention,0.029282
42,39,intervention,0.029335
45,39,intervention,0.029169
48,39,intervention,0.029395
0,4,intervention,0.0192785
3,4,intervention,0.019458
6,4,intervention,0.0194015
9,4,intervention,0.019428
12,4,intervention,0.0193165
15,4,intervention,0.0194395
18,4,intervention,0.0194405
21,4,intervention,0.0194475
24,4,intervention,0.0194555
27,4,intervention,0.0193505
30,4,intervention,0.0194455
33,4,intervention,0.019543
36,4,intervention,0.019423
39,4,intervention,0.0194395
42,4,intervention,0.0194235
45,4,intervention,0.0194005
48,4,intervention,0.0194255
0,40,intervention,0.0199025
3,40,intervention,0.020049
6,40,intervention,0.0198915
9,40,intervention,0.0199215
12,40,intervention,0.0198635
15,40,intervention,0.019912
18,40,intervention,0.019952
21,40,intervention,0.0199765
24,40,intervention,0.019853
27,40,intervention,0.0200345
30,40,intervention,0.0199135
33,40,intervention,0.020012
36,40,intervention,0.0200415
39,40,intervention,0.0199895
42,40,intervention,0.0199365
45,40,intervention,0.019888
48,40,intervention,0.0198945
0,41,intervention,0.015264
3,41,intervention,0.0152665
6,41,intervention,0.015184
9,41,intervention,0.0153235
12,41,intervention,0.015282
15,41,intervention,0.015279
18,41,intervention,0.015338
21,41,intervention,0.0153075
24,41,intervention,0.015319
27,41,intervention,0.0152665
30,41,intervention,0.0151945
33,41,intervention,0.015312
36,41,intervention,0.0153115
39,41,intervention,0.0152945
42,41,intervention,0.015242
45,41,intervention,0.015294
48,41,intervention,0.015324
0,42,intervention,0.0061775
3,42,intervention,0.0061535
6,42,intervention,0.0061505
9,42,intervention,0.0061805
12,42,intervention,0.006213
15,42,intervention,0.006228
18,42,intervention,0.006216
21,42,intervention,0.006202
24,42,intervention,0.006262
27,42,intervention,0.0062705
30,42,intervention,0.006262
33,42,intervention,0.006187
36,42,intervention,0.0062035
39,42,intervention,0.0062245
42,42,intervention,0.006269
45,42,intervention,0.006215
48,42,intervention,0.0062405
0,43,intervention,0.009686
3,43,intervention,0.009681
6,43,intervention,0.00976
9,43,intervention,0.009626
12,43,intervention,0.0097425
15,43,intervention,0.009745
18,43,intervention,0.0097215
21,43,intervention,0.009762
24,43,intervention,0.009739
27,43,intervention,0.0097995
30,43,intervention,0.009744
33,43,intervention,0.009768
36,43,intervention,0.0098195
39,43,intervention,0.009738
42,43,intervention,0.009775
45,43,intervention,0.009758
48,43,intervention,0.0097785
0,44,intervention,0.009444
3,44,intervention,0.0095015
6,44,intervention,0.0094765
9,44,intervention,0.0095675
12,44,intervention,0.0095205
15,44,intervention,0.0095115
18,44,intervention,0.0096055
21,44,intervention,0.00957
24,44,intervention,0.0095855
27,44,intervention,0.009549
30,44,intervention,0.0096805
33,44,intervention,0.0096265
36,44,intervention,0.009586
39,44,intervention,0.0095975
42,44,intervention,0.009621
45,44,intervention,0.009649
48,44,intervention,0.009665
0,45,intervention,0.0227295
3,45,intervention,0.022677
6,45,intervention,0.022815
9,45,intervention,0.0227995
12,45,intervention,0.0228225
15,45,intervention,0.0228135
18,45,intervention,0.022824
21,45,intervention,0.022869
24,45,intervention,0.022759
27,45,intervention,0.022813
30,45,intervention,0.0229285
33,45,intervention,0.0228375
36,45,intervention,0.022931
39,45,intervention,0.022894
42,45,intervention,0.0229345
45,45,intervention,0.022839
48,45,intervention,0.022875
0,46,intervention,0.013485
3,46,intervention,0.01354
6,46,intervention,0.01336
9,46,intervention,0.013571
12,46,intervention,0.013622
15,46,intervention,0.01353
18,46,intervention,0.0135015
21,46,intervention,0.013535
24,46,intervention,0.0136
27,46,intervention,0.013523
30,46,intervention,0.0135545
33,46,intervention,0.01351
36,46,intervention,0.0136255
39,46,intervention,0.013564
42,46,intervention,0.0135715
45,46,intervention,0.0135465
48,46,intervention,0.013623
0,47,intervention,0.0148045
3,47,intervention,0.014731
6,47,intervention,0.014814
9,47,intervention,0.014806
12,47,intervention,0.014835
15,47,intervention,0.01477
18,47,intervention,0.014853
21,47,intervention,0.014906
24,47,intervention,0.0148255
27,47,intervention,0.0147645
30,47,intervention,0.0148585
33,47,intervention,0.0147895
36,47,intervention,0.014901
39,47,intervention,0.0148545
42,47,intervention,0.0149105
45,47,intervention,0.014901
48,47,intervention,0.014873
0,48,intervention,0.0158525
3,48,intervention,0.015877
6,48,intervention,0.01595
9,48,intervention,0.015994
12,48,intervention,0.01593
15,48,intervention,0.0160105
18,48,intervention,0.0160435
21,48,intervention,0.0159525
24,48,intervention,0.015967
27,48,intervention,0.0160275
30,48,intervention,0.0159845
33,48,intervention,0.0160575
36,48,intervention,0.016151
39,48,intervention,0.016106
42,48,intervention,0.016052
45,48,intervention,0.0160275
48,48,intervention,0.0160035
0,49,intervention,0.012142
3,49,intervention,0.0121695
6,49,intervention,0.012107
9,49,intervention,0.01226
12,49,intervention,0.012237
15,49,intervention,0.0121355
18,49,intervention,0.012159
21,49,intervention,0.0122055
24,49,intervention,0.012192
27,49,intervention,0.0122095
30,49,intervention,0.012307
33,49,intervention,0.012173
36,49,intervention,0.012224
39,49,intervention,0.012234
42,49,intervention,0.012203
45,49,intervention,0.0122355
48,49,intervention,0.012291
0,5,intervention,0.0128395
3,5,intervention,0.012926
6,5,intervention,0.012849
9,5,intervention,0.012825
12,5,intervention,0.012854
15,5,intervention,0.0129045
18,5,intervention,0.0129785
21,5,intervention,0.0128675
24,5,intervention,0.0128725
27,5,intervention,0.012918
30,5,intervention,0.01295
33,5,intervention,0.012957
36,5,intervention,0.0130055
39,5,intervention,0.0129115
42,5,intervention,0.01292
45,5,intervention,0.012901
48,5,intervention,0.0129715
0,50,intervention,0.0084525
3,50,intervention,0.008459
6,50,intervention,0.008383
9,50,intervention,0.0084365
12,50,intervention,0.008427
15,50,intervention,0.00848
18,50,intervention,0.0084905
21,50,intervention,0.008414
24,50,intervention,0.008421
27,50,intervention,0.008498
30,50,intervention,0.008471
33,50,intervention,0.008425
36,50,intervention,0.008497
39,50,intervention,0.00849
42,50,intervention,0.0084665
45,50,intervention,0.008422
48,50,intervention,0.0084675
0,51,intervention,0.017168
3,51,intervention,0.017214
6,51,intervention,0.0171995
9,51,intervention,0.0171995
12,51,intervention,0.017167
15,51,intervention,0.0172605
18,51,intervention,0.017244
21,51,intervention,0.0172615
24,51,intervention,0.017291
27,51,intervention,0.0172365
30,51,intervention,0.0172225
33,51,intervention,0.017247
36,51,intervention,0.0173755
39,51,intervention,0.0172715
42,51,intervention,0.0172635
45,51,intervention,0.017298
48,51,intervention,0.0173025
0,52,intervention,0.0180775
3,52,intervention,0.017916
6,52,intervention,0.0179975
9,52,intervention,0.0179875
12,52,intervention,0.017947
15,52,intervention,0.0180055
18,52,intervention,0.0181075
21,52,intervention,0.01811
24,52,intervention,0.017946
27,52,intervention,0.01803
30,52,intervention,0.018071
33,52,intervention,0.018004
36,52,intervention,0.0180395
39,52,intervention,0.0180165
42,52,intervention,0.018155
45,52,intervention,0.018035
48,52,intervention,0.0181045
0,53,intervention,0.0178225
3,53,intervention,0.0177635
6,53,intervention,0.0177785
9,53,intervention,0.017902
12,53,intervention,0.0177935
15,53,intervention,0.01791
18,53,intervention,0.0178135
21,53,intervention,0.0178155
24,53,intervention,0.0179055
27,53,intervention,0.0179445
30,53,intervention,0.017853
33,53,intervention,0.01789
36,53,intervention,0.01794
39,53,intervention,0.017925
42,53,intervention,0.017859
45,53,intervention,0.0178785
48,53,intervention,0.017829
0,54,intervention,0.00903
3,54,intervention,0.0090745
6,54,intervention,0.0090795
9,54,intervention,0.009122
12,54,intervention,0.00905
15,54,intervention,0.009099
18,54,intervention,0.009068
21,54,intervention,0.009021
24,54,intervention,0.0090685
27,54,intervention,0.009119
30,54,intervention,0.0090805
33,54,intervention,0.009129
36,54,intervention,0.009064
39,54,intervention,0.0090945
42,54,intervention,0.009145
45,54,intervention,0.009127
48,54,intervention,0.009125
0,55,intervention,0.015222
3,55,intervention,0.0151595
6,55,intervention,0.015268
9,55,intervention,0.015188
12,55,intervention,0.0152265
15,55,intervention,0.0152735
18,55,intervention,0.015292
21,55,intervention,0.0152815
24,55,intervention,0.015316
27,55,intervention,0.015311
30,55,intervention,0.015283
33,55,intervention,0.01533
36,55,intervention,0.0153665
39,55,intervention,0.015323
42,55,intervention,0.015308
45,55,intervention,0.0153085
48,55,intervention,0.0153035
0,56,intervention,0.0105635
3,56,intervention,0.010557
6,56,intervention,0.0105975
9,56,intervention,0.010632
12,56,intervention,0.0105725
15,56,intervention,0.010573
18,56,intervention,0.0106895
21,56,intervention,0.010677
24,56,intervention,0.010689
27,56,intervention,0.010671
30,56,intervention,0.010666
33,56,intervention,0.0106865
36,56,intervention,0.0107335
39,56,intervention,0.0106795
42,56,intervention,0.0106965
45,56,intervention,0.0106775
48,56,intervention,0.0107335
0,57,intervention,0.0152195
3,57,intervention,0.01522
6,57,intervention,0.015186
9,57,intervention,0.0151845
12,57,intervention,0.0152625
15,57,intervention,0.015207
18,57,intervention,0.0152565
21,57,intervention,0.0152725
24,57,intervention,0.015334
27,57,intervention,0.015194
30,57,intervention,0.015344
33,57,intervention,0.015325
36,57,intervention,0.015332
39,57,intervention,0.0152455
42,57,intervention,0.0152825
45,57,intervention,0.015282
48,57,intervention,0.0153635
0,58,intervention,0.008152
3,58,intervention,0.0081625
6,58,intervention,0.008185
9,58,intervention,0.0081435
12,58,intervention,0.008138
15,58,intervention,0.008203
18,58,intervention,0.0082425
21,58,intervention,0.0082105
24,58,intervention,0.0082515
27,58,intervention,0.008274
30,58,intervention,0.008214
33,58,intervention,0.008142
36,58,intervention,0.0081965
39,58,intervention,0.0082285
42,58,intervention,0.0082085
45,58,intervention,0.0082525
48,58,intervention,0.0082765
0,59,intervention,0.0124895
3,59,intervention,0.012513
6,59,intervention,0.0125195
9,59,intervention,0.0125595
12,59,intervention,0.012537
15,59,intervention,0.0125205
18,59,intervention,0.012578
21,59,intervention,0.0125735
24,59,intervention,0.0126605
27,59,intervention,0.012551
30,59,intervention,0.012584
33,59,intervention,0.0126515
36,59,intervention,0.0126015
39,59,intervention,0.012628
42,59,intervention,0.0126935
45,59,intervention,0.012589
48,59,intervention,0.0126375
0,6,intervention,0.015185
3,6,intervention,0.015158
6,6,intervention,0.015192
9,6,intervention,0.0150545
12,6,intervention,0.015075
15,6,intervention,0.015192
18,6,intervention,0.01517
21,6,intervention,0.0151665
24,6,intervention,0.015207
27,6,intervention,0.0151545
30,6,intervention,0.015288
33,6,intervention,0.015291
36,6,intervention,0.0151765
39,6,intervention,0.015236
42,6,intervention,0.0152005
45,6,intervention,0.015253
48,6,intervention,0.015207
0,60,intervention,0.018492
3,60,intervention,0.018448
6,60,intervention,0.0185325
9,60,intervention,0.018505
12,60,intervention,0.018443
15,60,intervention,0.01848
18,60,intervention,0.018475
21,60,intervention,0.018477
24,60,intervention,0.018571
27,60,intervention,0.0184995
30,60,intervention,0.018478
33,60,intervention,0.0186465
36,60,intervention,0.018555
39,60,intervention,0.018484
42,60,intervention,0.018505
45,60,intervention,0.0186695
48,60,intervention,0.0184455
0,61,intervention,0.01909
3,61,intervention,0.019026
6,61,intervention,0.019088
9,61,intervention,0.019084
12,61,intervention,0.0191165
15,61,intervention,0.019253
18,61,intervention,0.019235
21,61,intervention,0.0190855
24,61,intervention,0.019179
27,61,intervention,0.019212
30,61,intervention,0.0192075
33,61,intervention,0.0192355
36,61,intervention,0.019155
39,61,intervention,0.019209
42,61,intervention,0.019222
45,61,intervention,0.0191365
48,61,intervention,0.019145
0,62,intervention,0.013938
3,62,intervention,0.0139275
6,62,intervention,0.0139305
9,62,intervention,0.013882
12,62,intervention,0.0140045
15,62,intervention,0.013941
18,62,intervention,0.0140045
21,62,intervention,0.013988
24,62,intervention,0.014034
27,62,intervention,0.0139275
30,62,intervention,0.0139535
33,62,intervention,0.0139295
36,62,intervention,0.014066
39,62,intervention,0.0139545
42,62,intervention,0.0139555
45,62,intervention,0.0139655
48,62,intervention,0.0139715
0,63,intervention,0.0125975
3,63,intervention,0.0125905
6,63,intervention,0.0126095
9,63,intervention,0.012646
12,63,intervention,0.0126175
15,63,intervention,0.012636
18,63,intervention,0.012568
21,63,intervention,0.0126045
24,63,intervention,0.0125805
27,63,intervention,0.012627
30,63,intervention,0.0126275
33,63,intervention,0.0126095
36,63,intervention,0.0126955
39,63,intervention,0.0126775
42,63,intervention,0.012654
45,63,intervention,0.0126245
48,63,intervention,0.012702
0,64,intervention,0.01995
3,64,intervention,0.0199255
6,64,intervention,0.0199595
9,64,intervention,0.019908
12,64,intervention,0.019962
15,64,intervention,0.0199405
18,64,intervention,0.019846
21,64,intervention,0.0199435
24,64,intervention,0.0199065
27,64,intervention,0.0199235
30,64,intervention,0.019948
33,64,intervention,0.0199925
36,64,intervention,0.0199165
39,64,intervention,0.0199915
42,64,intervention,0.020016
45,64,intervention,0.02
48,64,intervention,0.020038
0,65,intervention,0.0099705
3,65,intervention,0.0100715
6,65,intervention,0.0100455
9,65,intervention,0.0100025
12,65,intervention,0.010062
15,65,intervention,0.0100245
18,65,intervention,0.010091
21,65,intervention,0.010042
24,65,intervention,0.010059
27,65,intervention,0.010016
30,65,intervention,0.010125
33,65,intervention,0.0100885
36,65,intervention,0.0100925
39,65,intervention,0.0100965
42,65,intervention,0.0100845
45,65,intervention,0.010108
48,65,intervention,0.0101
0,66,intervention,0.012394
3,66,intervention,0.0122865
6,66,intervention,0.012297
9,66,intervention,0.0124435
12,66,intervention,0.0124405
15,66,intervention,0.0123545
18,66,intervention,0.01236
21,66,intervention,0.012349
24,66,intervention,0.012375
27,66,intervention,0.012404
30,66,intervention,0.012452
33,66,intervention,0.0124635
36,66,intervention,0.0124895
39,66,intervention,0.012418
42,66,intervention,0.0124475
45,66,intervention,0.0124505
48,66,intervention,0.0124595
0,67,intervention,0.013699
3,67,intervention,0.013663
6,67,intervention,0.013663
9,67,intervention,0.013589
12,67,intervention,0.0135955
15,67,intervention,0.013623
18,67,intervention,0.0136665
21,67,intervention,0.013654
24,67,intervention,0.013692
27,67,intervention,0.0136465
30,67,intervention,0.013724
33,67,intervention,0.0136675
36,67,intervention,0.0136715
39,67,intervention,0.0136495
42,67,intervention,0.013656
45,67,intervention,0.013601
48,67,intervention,0.0136895
0,68,intervention,0.0082625
3,68,intervention,0.0082215
6,68,intervention,0.008318
9,68,intervention,0.008236
12,68,intervention,0.0082535
15,68,intervention,0.0082335
18,68,intervention,0.0083095
21,68,intervention,0.008297
24,68,intervention,0.0083225
27,68,intervention,0.0083625
30,68,intervention,0.0083135
33,68,intervention,0.0083565
36,68,intervention,0.0083195
39,68,intervention,0.008353
42,68,intervention,0.0083425
45,68,intervention,0.0083485
48,68,intervention,0.0083495
0,69,intervention,0.018349
3,69,intervention,0.018239
6,69,intervention,0.0182385
9,69,intervention,0.018293
12,69,intervention,0.0182905
15,69,intervention,0.0182775
18,69,intervention,0.0183235
21,69,intervention,0.0183815
24,69,intervention,0.0184025
27,69,intervention,0.018388
30,69,intervention,0.0184645
33,69,intervention,0.0183755
36,69,intervention,0.018457
39,69,intervention,0.018325
42,69,intervention,0.018466
45,69,intervention,0.018417
48,69,intervention,0.0184105
0,7,intervention,0.015206
3,7,intervention,0.015175
6,7,intervention,0.0152515
9,7,intervention,0.0151775
12,7,intervention,0.0152645
15,7,intervention,0.0151665
18,7,intervention,0.0152195
21,7,intervention,0.015197
24,7,intervention,0.015258
27,7,intervention,0.015337
30,7,intervention,0.015248
33,7,intervention,0.015232
36,7,intervention,0.015244
39,7,intervention,0.0152165
42,7,intervention,0.0152605
45,7,intervention,0.015286
48,7,intervention,0.015227
0,70,intervention,0.0252275
3,70,intervention,0.0252745
6,70,intervention,0.025342
9,70,intervention,0.0251525
12,70,intervention,0.0252955
15,70,intervention,0.025222
18,70,intervention,0.025227
21,70,intervention,0.025285
24,70,intervention,0.0252885
27,70,intervention,0.02534
30,70,intervention,0.025414
33,70,intervention,0.0252825
36,70,intervention,0.025354
39,70,intervention,0.025386
42,70,intervention,0.0253905
45,70,intervention,0.0253045
48,70,intervention,0.025368
0,71,intervention,0.013656
3,71,intervention,0.01366
6,71,intervention,0.013643
9,71,intervention,0.013684
12,71,intervention,0.0136405
15,71,intervention,0.0136765
18,71,intervention,0.0136525
21,71,intervention,0.0136365
24,71,intervention,0.013709
27,71,intervention,0.013731
30,71,intervention,0.0137745
33,71,intervention,0.013754
36,71,intervention,0.013723
39,71,intervention,0.013775
42,71,intervention,0.013694
45,71,intervention,0.0136845
48,71,intervention,0.0138385
0,72,intervention,0.0143105
3,72,intervention,0.0144195
6,72,intervention,0.0143395
9,72,intervention,0.014437
12,72,intervention,0.0143705
15,72,intervention,0.014426
18,72,intervention,0.0143815
21,72,intervention,0.014416
24,72,intervention,0.014367
27,72,intervention,0.014482
30,72,intervention,0.014411
33,72,intervention,0.01444
36,72,intervention,0.0145255
39,72,intervention,0.014458
42,72,intervention,0.014437
45,72,intervention,0.014513
48,72,intervention,0.0145045
0,73,intervention,0.014493
3,73,intervention,0.014604
6,73,intervention,0.0145685
9,73,intervention,0.014518
12,73,intervention,0.0146125
15,73,intervention,0.014598
18,73,intervention,0.0146245
21,73,intervention,0.014571
24,73,intervention,0.014689
27,73,intervention,0.0145955
30,73,intervention,0.0145935
33,73,intervention,0.014612
36,73,intervention,0.0146125
39,73,intervention,0.0146225
42,73,intervention,0.0145525
45,73,intervention,0.014589
48,73,intervention,0.014692
0,74,intervention,0.018046
3,74,intervention,0.0180535
6,74,intervention,0.0180855
9,74,intervention,0.018063
12,74,intervention,0.018072
15,74,intervention,0.018206
18,74,intervention,0.0180545
21,74,intervention,0.018165
24,74,intervention,0.018146
27,74,intervention,0.0181785
30,74,intervention,0.0180695
33,74,intervention,0.0181965
36,74,intervention,0.018191
39,74,intervention,0.0181375
42,74,intervention,0.0181
45,74,intervention,0.018175
48,74,intervention,0.0181125
0,75,intervention,0.011917
3,75,intervention,0.011901
6,75,intervention,0.011887
9,75,intervention,0.0119435
12,75,intervention,0.0118525
15,75,intervention,0.01195
18,75,intervention,0.011982
21,75,intervention,0.0120235
24,75,intervention,0.0119425
27,75,intervention,0.011946
30,75,intervention,0.0119405
33,75,intervention,0.0119495
36,75,intervention,0.0119705
39,75,intervention,0.011978
42,75,intervention,0.0120005
45,75,intervention,0.0119545
48,75,intervention,0.0119415
0,76,intervention,0.009771
3,76,intervention,0.0097455
6,76,intervention,0.009837
9,76,intervention,0.009786
12,76,intervention,0.0097635
15,76,intervention,0.0097825
18,76,intervention,0.009838
21,76,intervention,0.0098655
24,76,intervention,0.0098535
27,76,intervention,0.0098475
30,76,intervention,0.009863
33,76,intervention,0.0098575
36,76,intervention,0.0098655
39,76,intervention,0.009913
42,76,intervention,0.009829
45,76,intervention,0.0098065
48,76,intervention,0.0098595
0,77,intervention,0.022352
3,77,intervention,0.0222105
6,77,intervention,0.022244
9,77,intervention,0.022337
12,77,intervention,0.0223395
15,77,intervention,0.022297
18,77,intervention,0.0222505
21,77,intervention,0.0223035
24,77,intervention,0.022279
27,77,intervention,0.022406
30,77,intervention,0.022385
33,77,intervention,0.022257
36,77,intervention,0.02243
39,77,intervention,0.0224665
42,77,intervention,0.022312
45,77,intervention,0.022472
48,77,intervention,0.0223985
0,78,intervention,0.008234
3,78,intervention,0.0082655
6,78,intervention,0.0082005
9,78,intervention,0.008274
12,78,intervention,0.0082415
15,78,intervention,0.0082665
18,78,intervention,0.008362
21,78,intervention,0.008278
24,78,intervention,0.008272
27,78,intervention,0.0082765
30,78,intervention,0.008298
33,78,intervention,0.008278
36,78,intervention,0.008273
39,78,intervention,0.00835
42,78,intervention,0.008335
45,78,intervention,0.008304
48,78,intervention,0.0083415
0,79,intervention,0.0217655
3,79,intervention,0.0216475
6,79,intervention,0.02172
9,79,intervention,0.0217245
12,79,intervention,0.021748
15,79,intervention,0.021828
18,79,intervention,0.021791
21,79,intervention,0.0217925
24,79,intervention,0.0217675
27,79,intervention,0.021833
30,79,intervention,0.02179
33,79,intervention,0.021834
36,79,intervention,0.0217845
39,79,intervention,0.0218195
42,79,intervention,0.021754
45,79,intervention,0.0218145
48,79,intervention,0.0217435
0,8,intervention,0.0168815
3,8,intervention,0.016848
6,8,intervention,0.016886
9,8,intervention,0.016891
12,8,intervention,0.016953
15,8,intervention,0.01691
18,8,intervention,0.0169635
21,8,intervention,0.01688
24,8,intervention,0.0169055
27,8,intervention,0.0169325
30,8,intervention,0.0169775
33,8,intervention,0.0170045
36,8,intervention,0.016931
39,8,intervention,0.016832
42,8,intervention,0.016881
45,8,intervention,0.0170165
48,8,intervention,0.016943
0,80,intervention,0.009199
3,80,intervention,0.0092255
6,80,intervention,0.009224
9,80,intervention,0.009253
12,80,intervention,0.0092875
15,80,intervention,0.009223
18,80,intervention,0.009291
21,80,intervention,0.009307
24,80,intervention,0.009213
27,80,intervention,0.009288
30,80,intervention,0.0093015
33,80,intervention,0.0092655
36,80,intervention,0.0093
39,80,intervention,0.009378
42,80,intervention,0.009289
45,80,intervention,0.009322
48,80,intervention,0.0093635
0,81,intervention,0.0096255
3,81,intervention,0.009585
6,81,intervention,0.0095885
9,81,intervention,0.009638
12,81,intervention,0.009661
15,81,intervention,0.0096095
18,81,intervention,0.00964
21,81,intervention,0.0096905
24,81,intervention,0.009696
27,81,intervention,0.00969
30,81,intervention,0.0096435
33,81,intervention,0.009704
36,81,intervention,0.0096405
39,81,intervention,0.0097475
42,81,intervention,0.009663
45,81,intervention,0.009689
48,81,intervention,0.00973
0,82,intervention,0.0156425
3,82,intervention,0.015722
6,82,intervention,0.015714
9,82,intervention,0.0157315
12,82,intervention,0.015753
15,82,intervention,0.015769
18,82,intervention,0.015739
21,82,intervention,0.015688
24,82,intervention,0.015682
27,82,intervention,0.015774
30,82,intervention,0.0157325
33,82,intervention,0.0158515
36,82,intervention,0.015784
39,82,intervention,0.0157995
42,82,intervention,0.0157555
45,82,intervention,0.0156955
48,82,intervention,0.015765500000000002
0,83,intervention,0.0155695
3,83,intervention,0.015514
6,83,intervention,0.0155685
9,83,intervention,0.01547
12,83,intervention,0.0154135
15,83,intervention,0.0154745
18,83,intervention,0.015595
21,83,intervention,0.015481
24,83,intervention,0.0155605
27,83,intervention,0.0156835
30,83,intervention,0.0156205
33,83,intervention,0.015595
36,83,intervention,0.015572
39,83,intervention,0.0156785
42,83,intervention,0.0155915
45,83,intervention,0.0156135
48,83,intervention,0.015579
0,84,intervention,0.0128305
3,84,intervention,0.0127915
6,84,intervention,0.0129235
9,84,intervention,0.012952
12,84,intervention,0.0129365
15,84,intervention,0.012952
18,84,intervention,0.0129815
21,84,intervention,0.01297
24,84,intervention,0.0129485
27,84,intervention,0.0130465
30,84,intervention,0.012881
33,84,intervention,0.013029
36,84,intervention,0.012935
39,84,intervention,0.01294
42,84,intervention,0.012952
45,84,intervention,0.0129835
48,84,intervention,0.01297
0,85,intervention,0.0118705
3,85,intervention,0.011877
6,85,intervention,0.0118375
9,85,intervention,0.0118225
12,85,intervention,0.0117525
15,85,intervention,0.011782
18,85,intervention,0.0118255
21,85,intervention,0.0118285
24,85,intervention,0.011822
27,85,intervention,0.011819
30,85,intervention,0.0118805
33,85,intervention,0.011864
36,85,intervention,0.0119215
39,85,intervention,0.0118665
42,85,intervention,0.011858
45,85,intervention,0.0118025
48,85,intervention,0.011814
0,86,intervention,0.022202
3,86,intervention,0.022193
6,86,intervention,0.022224
9,86,intervention,0.0221785
12,86,intervention,0.022223
15,86,intervention,0.0222815
18,86,intervention,0.0222275
21,86,intervention,0.022128
24,86,intervention,0.02233
27,86,intervention,0.0223185
30,86,intervention,0.022224
33,86,intervention,0.022293
36,86,intervention,0.0223235
39,86,intervention,0.0223025
42,86,intervention,0.02225
45,86,intervention,0.022317
48,86,intervention,0.022253
0,87,intervention,0.0138595
3,87,intervention,0.013867
6,87,intervention,0.013874
9,87,intervention,0.0138945
12,87,intervention,0.0139815
15,87,intervention,0.013893
18,87,intervention,0.0139895
21,87,intervention,0.013966
24,87,intervention,0.014012
27,87,intervention,0.0139245
30,87,intervention,0.0139195
33,87,intervention,0.0140125
36,87,intervention,0.0139495
39,87,intervention,0.0139165
42,87,intervention,0.0140075
45,87,intervention,0.013946
48,87,intervention,0.013937
0,88,intervention,0.0123985
3,88,intervention,0.012378
6,88,intervention,0.0124425
9,88,intervention,0.0123385
12,88,intervention,0.012517
15,88,intervention,0.0123535
18,88,intervention,0.012502
21,88,intervention,0.012506
24,88,intervention,0.0125295
27,88,intervention,0.0125325
30,88,intervention,0.0125665
33,88,intervention,0.0125135
36,88,intervention,0.012512
39,88,intervention,0.0126035
42,88,intervention,0.0124745
45,88,intervention,0.012509
48,88,intervention,0.01251
0,89,intervention,0.021323
3,89,intervention,0.0212385
6,89,intervention,0.0211515
9,89,intervention,0.0211225
12,89,intervention,0.0211915
15,89,intervention,0.021226
18,89,intervention,0.0211915
21,89,intervention,0.0211735
24,89,intervention,0.021233
27,89,intervention,0.021223
30,89,intervention,0.0213085
33,89,intervention,0.0213305
36,89,intervention,0.0212195
39,89,intervention,0.0212885
42,89,intervention,0.021182
45,89,intervention,0.0212
48,89,intervention,0.021332
0,9,intervention,0.0209215
3,9,intervention,0.020948
6,9,intervention,0.0210455
9,9,intervention,0.020993
12,9,intervention,0.021051
15,9,intervention,0.0210155
18,9,intervention,0.020943
21,9,intervention,0.0210525
24,9,intervention,0.021048999999999998
27,9,intervention,0.0210455
30,9,intervention,0.021038
33,9,intervention,0.0211315
36,9,intervention,0.0209495
39,9,intervention,0.0210335
42,9,intervention,0.021192
45,9,intervention,0.021107
48,9,intervention,0.021196
0,90,intervention,0.0150605
3,90,intervention,0.015143
6,90,intervention,0.0151325
9,90,intervention,0.015138
12,90,intervention,0.0151225
15,90,intervention,0.015141
18,90,intervention,0.0151085
21,90,intervention,0.015156
24,90,intervention,0.0150835
27,90,intervention,0.015137
30,90,intervention,0.015161000000000001
33,90,intervention,0.015182
36,90,intervention,0.0151865
39,90,intervention,0.015223
42,90,intervention,0.015162
45,90,intervention,0.015167
48,90,intervention,0.0152235
0,91,intervention,0.0284025
3,91,intervention,0.028405
6,91,intervention,0.0282805
9,91,intervention,0.028313
12,91,intervention,0.028352
15,91,intervention,0.0284045
18,91,intervention,0.028451
21,91,intervention,0.02841
24,91,intervention,0.028432
27,91,intervention,0.028509
30,91,intervention,0.028355000000000002
33,91,intervention,0.0285165
36,91,intervention,0.0284725
39,91,intervention,0.0284565
42,91,intervention,0.0283685
45,91,intervention,0.028406
48,91,intervention,0.0283835
0,92,intervention,0.0116555
3,92,intervention,0.0116335
6,92,intervention,0.0117
9,92,intervention,0.0116945
12,92,intervention,0.011674
15,92,intervention,0.0117135
18,92,intervention,0.0116655
21,92,intervention,0.0116305
24,92,intervention,0.011734
27,92,intervention,0.0117075
30,92,intervention,0.011657
33,92,intervention,0.0116705
36,92,intervention,0.0117075
39,92,intervention,0.011765
42,92,intervention,0.011732
45,92,intervention,0.011753
48,92,intervention,0.011758
0,93,intervention,0.023471
3,93,intervention,0.0234865
6,93,intervention,0.0233805
9,93,intervention,0.0235305
12,93,intervention,0.023512
15,93,intervention,0.0235865
18,93,intervention,0.0235465
21,93,intervention,0.023374
24,93,intervention,0.023459
27,93,intervention,0.0235095
30,93,intervention,0.023492
33,93,intervention,0.0236185
36,93,intervention,0.0235395
39,93,intervention,0.0235925
42,93,intervention,0.023476
45,93,intervention,0.023539
48,93,intervention,0.0235205
0,94,intervention,0.0196705
3,94,intervention,0.019597
6,94,intervention,0.019758
9,94,intervention,0.0197015
12,94,intervention,0.0196005
15,94,intervention,0.019627
18,94,intervention,0.0196905
21,94,intervention,0.019711
24,94,intervention,0.019514
27,94,intervention,0.019761
30,94,intervention,0.0198
33,94,intervention,0.019738
36,94,intervention,0.019736
39,94,intervention,0.0197395
42,94,intervention,0.019664
45,94,intervention,0.0197425
48,94,intervention,0.0197725
0,95,intervention,0.022152
3,95,intervention,0.0222455
6,95,intervention,0.0221075
9,95,intervention,0.0221405
12,95,intervention,0.0222115
15,95,intervention,0.022197
18,95,intervention,0.0222645
21,95,intervention,0.022159
24,95,intervention,0.022281
27,95,intervention,0.0223055
30,95,intervention,0.0223835
33,95,intervention,0.0222345
36,95,intervention,0.022258
39,95,intervention,0.022257
42,95,intervention,0.0223235
45,95,intervention,0.0222675
48,95,intervention,0.0222595
0,96,intervention,0.015043
3,96,intervention,0.0149865
6,96,intervention,0.0150325
9,96,intervention,0.014993
12,96,intervention,0.015075
15,96,intervention,0.0149815
18,96,intervention,0.015045
21,96,intervention,0.0151045
24,96,intervention,0.0150175
27,96,intervention,0.0149995
30,96,intervention,0.015029
33,96,intervention,0.0151035
36,96,intervention,0.015086
39,96,intervention,0.015214
42,96,intervention,0.015061
45,96,intervention,0.015072
48,96,intervention,0.015056
0,97,intervention,0.015525
3,97,intervention,0.0155645
6,97,intervention,0.015661
9,97,intervention,0.015723
12,97,intervention,0.0156395
15,97,intervention,0.0155605
18,97,intervention,0.015687
21,97,intervention,0.0157045
24,97,intervention,0.0156635
27,97,intervention,0.0156385
30,97,intervention,0.0156925
33,97,intervention,0.0156585
36,97,intervention,0.0155905
39,97,intervention,0.0157565
42,97,intervention,0.015595
45,97,intervention,0.015681
48,97,intervention,0.0156465
0,98,intervention,0.0080495
3,98,intervention,0.0081475
6,98,intervention,0.0080925
9,98,intervention,0.0081245
12,98,intervention,0.0081
15,98,intervention,0.008075
18,98,intervention,0.008099
21,98,intervention,0.008126
24,98,intervention,0.008157
27,98,intervention,0.0082005
30,98,intervention,0.0081295
33,98,intervention,0.0080845
36,98,intervention,0.0081355
39,98,intervention,0.0081245
42,98,intervention,0.0081475
45,98,intervention,0.0081545
48,98,intervention,0.0081295
0,99,intervention,0.0210225
3,99,intervention,0.021125
6,99,intervention,0.021091
9,99,intervention,0.0211915
12,99,intervention,0.021116
15,99,intervention,0.021092
18,99,intervention,0.0211605
21,99,intervention,0.0211145
24,99,intervention,0.021153
27,99,intervention,0.021196
30,99,intervention,0.021161
33,99,intervention,0.0211575
36,99,intervention,0.0212095
39,99,intervention,0.02129
42,99,intervention,0.0210985
45,99,intervention,0.021144
48,99,intervention,0.0212
